time, 1, 2, 3, 4, 5, 6, 7, 8, 9, 10, 11, 12, 13, 14
Time(s), VOLT 1 [BUS1 16.500], ANGL 1 [BUS1 16.500], VOLT 2 [BUS2 230.00], ANGL 2 [BUS2 230.00], VOLT 3 [BUS3 230.00], ANGL 3 [BUS3 230.00], FREQ 1 [BUS1 16.500], FREQ 2 [BUS2 230.00], FREQ 3 [BUS3 230.00], GREFGEN1, VREFGEN1, PELECGEN1, QELECGEN1, PMECHGEN1
-0.002, 0.822966, 0.431634, 0, 0, 0, 0, 0, 0, 0, 0, -1.49181e+35, 0, 0, 0
0.048, 0.822966, 0.431634, 0, 0, 0, 0, 0, 0, 0, 0, -1.49181e+35, 0, 0, 0
0.098, 0.822966, 0.431634, 0, 0, 0, 0, 0, 0, 0, 0, -1.49181e+35, 0, 0, 0
0.148, 0.822966, 0.431634, 0, 0, 0, 0, 0, 0, 0, 0, -1.49181e+35, 0, 0, 0
0.198, 0.822966, 0.431634, 0, 0, 0, 0, 0, 0, 0, 0, -1.49181e+35, 0, 0, 0
0.248, 0.822966, 0.431634, 0, 0, 0, 0, 0, 0, 0, 0, -1.49181e+35, 0, 0, 0
0.298, 0.822966, 0.431634, 0, 0, 0, 0, 0, 0, 0, 0, -1.49181e+35, 0, 0, 0
0.347999, 0.822966, 0.431634, 0, 0, 0, 0, 0, 0, 0, 0, -1.49181e+35, 0, 0, 0
0.397998, 0.822966, 0.431634, 0, 0, 0, 0, 0, 0, 0, 0, -1.49181e+35, 0, 0, 0
0.447998, 0.822966, 0.431634, 0, 0, 0, 0, 0, 0, 0, 0, -1.49181e+35, 0, 0, 0
0.497997, 0.822966, 0.431634, 0, 0, 0, 0, 0, 0, 0, 0, -1.49181e+35, 0, 0, 0
0.547997, 0.822966, 0.431634, 0, 0, 0, 0, 0, 0, 0, 0, -1.49181e+35, 0, 0, 0
0.597996, 0.822966, 0.431634, 0, 0, 0, 0, 0, 0, 0, 0, -1.49181e+35, 0, 0, 0
0.647995, 0.822966, 0.431634, 0, 0, 0, 0, 0, 0, 0, 0, -1.49181e+35, 0, 0, 0
0.697995, 0.822966, 0.431634, 0, 0, 0, 0, 0, 0, 0, 0, -1.49181e+35, 0, 0, 0
0.747994, 0.822966, 0.431634, 0, 0, 0, 0, 0, 0, 0, 0, -1.49181e+35, 0, 0, 0
0.797993, 0.822966, 0.431634, 0, 0, 0, 0, 0, 0, 0, 0, -1.49181e+35, 0, 0, 0
0.847993, 0.822966, 0.431634, 0, 0, 0, 0, 0, 0, 0, 0, -1.49181e+35, 0, 0, 0
0.897992, 0.822966, 0.431634, 0, 0, 0, 0, 0, 0, 0, 0, -1.49181e+35, 0, 0, 0
0.947991, 0.822966, 0.431634, 0, 0, 0, 0, 0, 0, 0, 0, -1.49181e+35, 0, 0, 0
0.997991, 0.822966, 0.431634, 0, 0, 0, 0, 0, 0, 0, 0, -1.49181e+35, 0, 0, 0
0.999991, 0.822966, 0.431634, 0, 0, 0, 0, 0, 0, 0, 0, -1.49181e+35, 0, 0, 0
0.999991, 0.822966, 0.431634, 0, 0, 0, 0, 0, 0, 0, 0, -1.49181e+35, 0, 0, 0
1.04999, 0.822966, 0.431634, 0, 0, 0, 0, 0, 0, 0, 0, -1.49181e+35, 0, 0, 0
1.1, 0.822966, 0.431634, 0, 0, 0, 0, 0, 0, 0, 0, -1.49181e+35, 0, 0, 0
1.15, 0.822966, 0.431634, 0, 0, 0, 0, 0, 0, 0, 0, -1.49181e+35, 0, 0, 0
1.2, 0.822966, 0.431634, 0, 0, 0, 0, 0, 0, 0, 0, -1.49181e+35, 0, 0, 0
1.25, 0.822966, 0.431634, 0, 0, 0, 0, 0, 0, 0, 0, -1.49181e+35, 0, 0, 0
1.3, 0.822966, 0.431634, 0, 0, 0, 0, 0, 0, 0, 0, -1.49181e+35, 0, 0, 0
1.35001, 0.822966, 0.431634, 0, 0, 0, 0, 0, 0, 0, 0, -1.49181e+35, 0, 0, 0
1.40001, 0.822966, 0.431634, 0, 0, 0, 0, 0, 0, 0, 0, -1.49181e+35, 0, 0, 0
1.45001, 0.822966, 0.431634, 0, 0, 0, 0, 0, 0, 0, 0, -1.49181e+35, 0, 0, 0
1.50001, 0.822966, 0.431634, 0, 0, 0, 0, 0, 0, 0, 0, -1.49181e+35, 0, 0, 0
1.55002, 0.822966, 0.431634, 0, 0, 0, 0, 0, 0, 0, 0, -1.49181e+35, 0, 0, 0
1.60002, 0.822966, 0.431634, 0, 0, 0, 0, 0, 0, 0, 0, -1.49181e+35, 0, 0, 0
1.65002, 0.822966, 0.431634, 0, 0, 0, 0, 0, 0, 0, 0, -1.49181e+35, 0, 0, 0
1.70002, 0.822966, 0.431634, 0, 0, 0, 0, 0, 0, 0, 0, -1.49181e+35, 0, 0, 0
1.75003, 0.822966, 0.431634, 0, 0, 0, 0, 0, 0, 0, 0, -1.49181e+35, 0, 0, 0
1.80003, 0.822966, 0.431634, 0, 0, 0, 0, 0, 0, 0, 0, -1.49181e+35, 0, 0, 0
1.85003, 0.822966, 0.431634, 0, 0, 0, 0, 0, 0, 0, 0, -1.49181e+35, 0, 0, 0
1.90003, 0.822966, 0.431634, 0, 0, 0, 0, 0, 0, 0, 0, -1.49181e+35, 0, 0, 0
1.95004, 0.822966, 0.431634, 0, 0, 0, 0, 0, 0, 0, 0, -1.49181e+35, 0, 0, 0
2.00004, 0.822966, 0.431634, 0, 0, 0, 0, 0, 0, 0, 0, -1.49181e+35, 0, 0, 0
2.00004, 0.822966, 0.431634, 0, 0, 0, 0, 0, 0, 0, 0, -1.49181e+35, 0, 0, 0
2.05003, 0.822966, 0.431634, 0, 0, 0, 0, 0, 0, 0, 0, -1.49181e+35, 0, 0, 0
2.10003, 0.822966, 0.431634, 0, 0, 0, 0, 0, 0, 0, 0, -1.49181e+35, 0, 0, 0
2.15003, 0.822966, 0.431634, 0, 0, 0, 0, 0, 0, 0, 0, -1.49181e+35, 0, 0, 0
2.20002, 0.822966, 0.431634, 0, 0, 0, 0, 0, 0, 0, 0, -1.49181e+35, 0, 0, 0
2.25002, 0.822966, 0.431634, 0, 0, 0, 0, 0, 0, 0, 0, -1.49181e+35, 0, 0, 0
2.30002, 0.822966, 0.431634, 0, 0, 0, 0, 0, 0, 0, 0, -1.49181e+35, 0, 0, 0
2.35001, 0.822966, 0.431634, 0, 0, 0, 0, 0, 0, 0, 0, -1.49181e+35, 0, 0, 0
2.40001, 0.822966, 0.431634, 0, 0, 0, 0, 0, 0, 0, 0, -1.49181e+35, 0, 0, 0
2.45, 0.822966, 0.431634, 0, 0, 0, 0, 0, 0, 0, 0, -1.49181e+35, 0, 0, 0
2.5, 0.822966, 0.431634, 0, 0, 0, 0, 0, 0, 0, 0, -1.49181e+35, 0, 0, 0
2.55, 0.822966, 0.431634, 0, 0, 0, 0, 0, 0, 0, 0, -1.49181e+35, 0, 0, 0
2.59999, 0.822966, 0.431634, 0, 0, 0, 0, 0, 0, 0, 0, -1.49181e+35, 0, 0, 0
2.64999, 0.822966, 0.431634, 0, 0, 0, 0, 0, 0, 0, 0, -1.49181e+35, 0, 0, 0
2.69999, 0.822966, 0.431634, 0, 0, 0, 0, 0, 0, 0, 0, -1.49181e+35, 0, 0, 0
2.74998, 0.822966, 0.431634, 0, 0, 0, 0, 0, 0, 0, 0, -1.49181e+35, 0, 0, 0
2.79998, 0.822966, 0.431634, 0, 0, 0, 0, 0, 0, 0, 0, -1.49181e+35, 0, 0, 0
2.84998, 0.822966, 0.431634, 0, 0, 0, 0, 0, 0, 0, 0, -1.49181e+35, 0, 0, 0
2.89997, 0.822966, 0.431634, 0, 0, 0, 0, 0, 0, 0, 0, -1.49181e+35, 0, 0, 0
2.94997, 0.822966, 0.431634, 0, 0, 0, 0, 0, 0, 0, 0, -1.49181e+35, 0, 0, 0
2.99996, 0.822966, 0.431634, 0, 0, 0, 0, 0, 0, 0, 0, -1.49181e+35, 0, 0, 0
3.00096, 0.822966, 0.431634, 0, 0, 0, 0, 0, 0, 0, 0, -1.49181e+35, 0, 0, 0
3.00096, 0.822966, 0.431634, 0, 0, 0, 0, 0, 0, 0, 0, -1.49181e+35, 0, 0, 0
3.05096, 0.822966, 0.431634, 0, 0, 0, 0, 0, 0, 0, 0, -1.49181e+35, 0, 0, 0
3.10096, 0.822966, 0.431634, 0, 0, 0, 0, 0, 0, 0, 0, -1.49181e+35, 0, 0, 0
3.15095, 0.822966, 0.431634, 0, 0, 0, 0, 0, 0, 0, 0, -1.49181e+35, 0, 0, 0
3.20095, 0.822966, 0.431634, 0, 0, 0, 0, 0, 0, 0, 0, -1.49181e+35, 0, 0, 0
3.25095, 0.822966, 0.431634, 0, 0, 0, 0, 0, 0, 0, 0, -1.49181e+35, 0, 0, 0
3.30094, 0.822966, 0.431634, 0, 0, 0, 0, 0, 0, 0, 0, -1.49181e+35, 0, 0, 0
3.35094, 0.822966, 0.431634, 0, 0, 0, 0, 0, 0, 0, 0, -1.49181e+35, 0, 0, 0
3.40094, 0.822966, 0.431634, 0, 0, 0, 0, 0, 0, 0, 0, -1.49181e+35, 0, 0, 0
3.45093, 0.822966, 0.431634, 0, 0, 0, 0, 0, 0, 0, 0, -1.49181e+35, 0, 0, 0
3.50093, 0.822966, 0.431634, 0, 0, 0, 0, 0, 0, 0, 0, -1.49181e+35, 0, 0, 0
3.55093, 0.822966, 0.431634, 0, 0, 0, 0, 0, 0, 0, 0, -1.49181e+35, 0, 0, 0
3.60092, 0.822966, 0.431634, 0, 0, 0, 0, 0, 0, 0, 0, -1.49181e+35, 0, 0, 0
3.65092, 0.822966, 0.431634, 0, 0, 0, 0, 0, 0, 0, 0, -1.49181e+35, 0, 0, 0
3.70091, 0.822966, 0.431634, 0, 0, 0, 0, 0, 0, 0, 0, -1.49181e+35, 0, 0, 0
3.75091, 0.822966, 0.431634, 0, 0, 0, 0, 0, 0, 0, 0, -1.49181e+35, 0, 0, 0
3.80091, 0.822966, 0.431634, 0, 0, 0, 0, 0, 0, 0, 0, -1.49181e+35, 0, 0, 0
3.8509, 0.822966, 0.431634, 0, 0, 0, 0, 0, 0, 0, 0, -1.49181e+35, 0, 0, 0
3.9009, 0.822966, 0.431634, 0, 0, 0, 0, 0, 0, 0, 0, -1.49181e+35, 0, 0, 0
3.9509, 0.822966, 0.431634, 0, 0, 0, 0, 0, 0, 0, 0, -1.49181e+35, 0, 0, 0
4.00089, 0.822966, 0.431634, 0, 0, 0, 0, 0, 0, 0, 0, -1.49181e+35, 0, 0, 0
4.00089, 0.822966, 0.431634, 0, 0, 0, 0, 0, 0, 0, 0, -1.49181e+35, 0, 0, 0
4.05089, 0.822966, 0.431634, 0, 0, 0, 0, 0, 0, 0, 0, -1.49181e+35, 0, 0, 0
4.10089, 0.822966, 0.431634, 0, 0, 0, 0, 0, 0, 0, 0, -1.49181e+35, 0, 0, 0
4.15088, 0.822966, 0.431634, 0, 0, 0, 0, 0, 0, 0, 0, -1.49181e+35, 0, 0, 0
4.20088, 0.822966, 0.431634, 0, 0, 0, 0, 0, 0, 0, 0, -1.49181e+35, 0, 0, 0
4.25087, 0.822966, 0.431634, 0, 0, 0, 0, 0, 0, 0, 0, -1.49181e+35, 0, 0, 0
4.30087, 0.822966, 0.431634, 0, 0, 0, 0, 0, 0, 0, 0, -1.49181e+35, 0, 0, 0
4.35087, 0.822966, 0.431634, 0, 0, 0, 0, 0, 0, 0, 0, -1.49181e+35, 0, 0, 0
4.40086, 0.822966, 0.431634, 0, 0, 0, 0, 0, 0, 0, 0, -1.49181e+35, 0, 0, 0
4.45086, 0.822966, 0.431634, 0, 0, 0, 0, 0, 0, 0, 0, -1.49181e+35, 0, 0, 0
4.50086, 0.822966, 0.431634, 0, 0, 0, 0, 0, 0, 0, 0, -1.49181e+35, 0, 0, 0
4.55085, 0.822966, 0.431634, 0, 0, 0, 0, 0, 0, 0, 0, -1.49181e+35, 0, 0, 0
4.60085, 0.822966, 0.431634, 0, 0, 0, 0, 0, 0, 0, 0, -1.49181e+35, 0, 0, 0
4.65085, 0.822966, 0.431634, 0, 0, 0, 0, 0, 0, 0, 0, -1.49181e+35, 0, 0, 0
4.70084, 0.822966, 0.431634, 0, 0, 0, 0, 0, 0, 0, 0, -1.49181e+35, 0, 0, 0
4.75084, 0.822966, 0.431634, 0, 0, 0, 0, 0, 0, 0, 0, -1.49181e+35, 0, 0, 0
4.80083, 0.822966, 0.431634, 0, 0, 0, 0, 0, 0, 0, 0, -1.49181e+35, 0, 0, 0
4.85083, 0.822966, 0.431634, 0, 0, 0, 0, 0, 0, 0, 0, -1.49181e+35, 0, 0, 0
4.90083, 0.822966, 0.431634, 0, 0, 0, 0, 0, 0, 0, 0, -1.49181e+35, 0, 0, 0
4.95082, 0.822966, 0.431634, 0, 0, 0, 0, 0, 0, 0, 0, -1.49181e+35, 0, 0, 0
5.00082, 0.822966, 0.431634, 0, 0, 0, 0, 0, 0, 0, 0, -1.49181e+35, 0, 0, 0
5.00082, 0.822966, 0.431634, 0, 0, 0, 0, 0, 0, 0, 0, -1.49181e+35, 0, 0, 0
5.05082, 0.822966, 0.431634, 0, 0, 0, 0, 0, 0, 0, 0, -1.49181e+35, 0, 0, 0
5.10081, 0.822966, 0.431634, 0, 0, 0, 0, 0, 0, 0, 0, -1.49181e+35, 0, 0, 0
5.15081, 0.822966, 0.431634, 0, 0, 0, 0, 0, 0, 0, 0, -1.49181e+35, 0, 0, 0
5.20081, 0.822966, 0.431634, 0, 0, 0, 0, 0, 0, 0, 0, -1.49181e+35, 0, 0, 0
5.2508, 0.822966, 0.431634, 0, 0, 0, 0, 0, 0, 0, 0, -1.49181e+35, 0, 0, 0
5.3008, 0.822966, 0.431634, 0, 0, 0, 0, 0, 0, 0, 0, -1.49181e+35, 0, 0, 0
5.35079, 0.822966, 0.431634, 0, 0, 0, 0, 0, 0, 0, 0, -1.49181e+35, 0, 0, 0
5.40079, 0.822966, 0.431634, 0, 0, 0, 0, 0, 0, 0, 0, -1.49181e+35, 0, 0, 0
5.45079, 0.822966, 0.431634, 0, 0, 0, 0, 0, 0, 0, 0, -1.49181e+35, 0, 0, 0
5.50078, 0.822966, 0.431634, 0, 0, 0, 0, 0, 0, 0, 0, -1.49181e+35, 0, 0, 0
5.55078, 0.822966, 0.431634, 0, 0, 0, 0, 0, 0, 0, 0, -1.49181e+35, 0, 0, 0
5.60078, 0.822966, 0.431634, 0, 0, 0, 0, 0, 0, 0, 0, -1.49181e+35, 0, 0, 0
5.65077, 0.822966, 0.431634, 0, 0, 0, 0, 0, 0, 0, 0, -1.49181e+35, 0, 0, 0
5.70077, 0.822966, 0.431634, 0, 0, 0, 0, 0, 0, 0, 0, -1.49181e+35, 0, 0, 0
5.75077, 0.822966, 0.431634, 0, 0, 0, 0, 0, 0, 0, 0, -1.49181e+35, 0, 0, 0
5.80076, 0.822966, 0.431634, 0, 0, 0, 0, 0, 0, 0, 0, -1.49181e+35, 0, 0, 0
5.85076, 0.822966, 0.431634, 0, 0, 0, 0, 0, 0, 0, 0, -1.49181e+35, 0, 0, 0
5.90075, 0.822966, 0.431634, 0, 0, 0, 0, 0, 0, 0, 0, -1.49181e+35, 0, 0, 0
5.95075, 0.822966, 0.431634, 0, 0, 0, 0, 0, 0, 0, 0, -1.49181e+35, 0, 0, 0
6.00075, 0.822966, 0.431634, 0, 0, 0, 0, 0, 0, 0, 0, -1.49181e+35, 0, 0, 0
6.00075, 0.822966, 0.431634, 0, 0, 0, 0, 0, 0, 0, 0, -1.49181e+35, 0, 0, 0
6.05074, 0.822966, 0.431634, 0, 0, 0, 0, 0, 0, 0, 0, -1.49181e+35, 0, 0, 0
6.10074, 0.822966, 0.431634, 0, 0, 0, 0, 0, 0, 0, 0, -1.49181e+35, 0, 0, 0
6.15074, 0.822966, 0.431634, 0, 0, 0, 0, 0, 0, 0, 0, -1.49181e+35, 0, 0, 0
6.20073, 0.822966, 0.431634, 0, 0, 0, 0, 0, 0, 0, 0, -1.49181e+35, 0, 0, 0
6.25073, 0.822966, 0.431634, 0, 0, 0, 0, 0, 0, 0, 0, -1.49181e+35, 0, 0, 0
6.30073, 0.822966, 0.431634, 0, 0, 0, 0, 0, 0, 0, 0, -1.49181e+35, 0, 0, 0
6.35072, 0.822966, 0.431634, 0, 0, 0, 0, 0, 0, 0, 0, -1.49181e+35, 0, 0, 0
6.40072, 0.822966, 0.431634, 0, 0, 0, 0, 0, 0, 0, 0, -1.49181e+35, 0, 0, 0
6.45072, 0.822966, 0.431634, 0, 0, 0, 0, 0, 0, 0, 0, -1.49181e+35, 0, 0, 0
6.50071, 0.822966, 0.431634, 0, 0, 0, 0, 0, 0, 0, 0, -1.49181e+35, 0, 0, 0
6.55071, 0.822966, 0.431634, 0, 0, 0, 0, 0, 0, 0, 0, -1.49181e+35, 0, 0, 0
6.6007, 0.822966, 0.431634, 0, 0, 0, 0, 0, 0, 0, 0, -1.49181e+35, 0, 0, 0
6.6507, 0.822966, 0.431634, 0, 0, 0, 0, 0, 0, 0, 0, -1.49181e+35, 0, 0, 0
6.7007, 0.822966, 0.431634, 0, 0, 0, 0, 0, 0, 0, 0, -1.49181e+35, 0, 0, 0
6.75069, 0.822966, 0.431634, 0, 0, 0, 0, 0, 0, 0, 0, -1.49181e+35, 0, 0, 0
6.80069, 0.822966, 0.431634, 0, 0, 0, 0, 0, 0, 0, 0, -1.49181e+35, 0, 0, 0
6.85069, 0.822966, 0.431634, 0, 0, 0, 0, 0, 0, 0, 0, -1.49181e+35, 0, 0, 0
6.90068, 0.822966, 0.431634, 0, 0, 0, 0, 0, 0, 0, 0, -1.49181e+35, 0, 0, 0
6.95068, 0.822966, 0.431634, 0, 0, 0, 0, 0, 0, 0, 0, -1.49181e+35, 0, 0, 0
7.00068, 0.822966, 0.431634, 0, 0, 0, 0, 0, 0, 0, 0, -1.49181e+35, 0, 0, 0
7.00068, 0.822966, 0.431634, 0, 0, 0, 0, 0, 0, 0, 0, -1.49181e+35, 0, 0, 0
7.05067, 0.822966, 0.431634, 0, 0, 0, 0, 0, 0, 0, 0, -1.49181e+35, 0, 0, 0
7.10067, 0.822966, 0.431634, 0, 0, 0, 0, 0, 0, 0, 0, -1.49181e+35, 0, 0, 0
7.15066, 0.822966, 0.431634, 0, 0, 0, 0, 0, 0, 0, 0, -1.49181e+35, 0, 0, 0
7.20066, 0.822966, 0.431634, 0, 0, 0, 0, 0, 0, 0, 0, -1.49181e+35, 0, 0, 0
7.25066, 0.822966, 0.431634, 0, 0, 0, 0, 0, 0, 0, 0, -1.49181e+35, 0, 0, 0
7.30065, 0.822966, 0.431634, 0, 0, 0, 0, 0, 0, 0, 0, -1.49181e+35, 0, 0, 0
7.35065, 0.822966, 0.431634, 0, 0, 0, 0, 0, 0, 0, 0, -1.49181e+35, 0, 0, 0
7.40065, 0.822966, 0.431634, 0, 0, 0, 0, 0, 0, 0, 0, -1.49181e+35, 0, 0, 0
7.45064, 0.822966, 0.431634, 0, 0, 0, 0, 0, 0, 0, 0, -1.49181e+35, 0, 0, 0
7.50064, 0.822966, 0.431634, 0, 0, 0, 0, 0, 0, 0, 0, -1.49181e+35, 0, 0, 0
7.55064, 0.822966, 0.431634, 0, 0, 0, 0, 0, 0, 0, 0, -1.49181e+35, 0, 0, 0
7.60063, 0.822966, 0.431634, 0, 0, 0, 0, 0, 0, 0, 0, -1.49181e+35, 0, 0, 0
7.65063, 0.822966, 0.431634, 0, 0, 0, 0, 0, 0, 0, 0, -1.49181e+35, 0, 0, 0
7.70062, 0.822966, 0.431634, 0, 0, 0, 0, 0, 0, 0, 0, -1.49181e+35, 0, 0, 0
7.75062, 0.822966, 0.431634, 0, 0, 0, 0, 0, 0, 0, 0, -1.49181e+35, 0, 0, 0
7.80062, 0.822966, 0.431634, 0, 0, 0, 0, 0, 0, 0, 0, -1.49181e+35, 0, 0, 0
7.85061, 0.822966, 0.431634, 0, 0, 0, 0, 0, 0, 0, 0, -1.49181e+35, 0, 0, 0
7.90061, 0.822966, 0.431634, 0, 0, 0, 0, 0, 0, 0, 0, -1.49181e+35, 0, 0, 0
7.95061, 0.822966, 0.431634, 0, 0, 0, 0, 0, 0, 0, 0, -1.49181e+35, 0, 0, 0
8.0006, 0.822966, 0.431634, 0, 0, 0, 0, 0, 0, 0, 0, -1.49181e+35, 0, 0, 0
8.0006, 0.822966, 0.431634, 0, 0, 0, 0, 0, 0, 0, 0, -1.49181e+35, 0, 0, 0
8.05062, 0.822966, 0.431634, 0, 0, 0, 0, 0, 0, 0, 0, -1.49181e+35, 0, 0, 0
8.10064, 0.822966, 0.431634, 0, 0, 0, 0, 0, 0, 0, 0, -1.49181e+35, 0, 0, 0
8.15066, 0.822966, 0.431634, 0, 0, 0, 0, 0, 0, 0, 0, -1.49181e+35, 0, 0, 0
8.20068, 0.822966, 0.431634, 0, 0, 0, 0, 0, 0, 0, 0, -1.49181e+35, 0, 0, 0
8.2507, 0.822966, 0.431634, 0, 0, 0, 0, 0, 0, 0, 0, -1.49181e+35, 0, 0, 0
8.30072, 0.822966, 0.431634, 0, 0, 0, 0, 0, 0, 0, 0, -1.49181e+35, 0, 0, 0
8.35074, 0.822966, 0.431634, 0, 0, 0, 0, 0, 0, 0, 0, -1.49181e+35, 0, 0, 0
8.40076, 0.822966, 0.431634, 0, 0, 0, 0, 0, 0, 0, 0, -1.49181e+35, 0, 0, 0
8.45078, 0.822966, 0.431634, 0, 0, 0, 0, 0, 0, 0, 0, -1.49181e+35, 0, 0, 0
8.5008, 0.822966, 0.431634, 0, 0, 0, 0, 0, 0, 0, 0, -1.49181e+35, 0, 0, 0
8.55083, 0.822966, 0.431634, 0, 0, 0, 0, 0, 0, 0, 0, -1.49181e+35, 0, 0, 0
8.60085, 0.822966, 0.431634, 0, 0, 0, 0, 0, 0, 0, 0, -1.49181e+35, 0, 0, 0
8.65087, 0.822966, 0.431634, 0, 0, 0, 0, 0, 0, 0, 0, -1.49181e+35, 0, 0, 0
8.70089, 0.822966, 0.431634, 0, 0, 0, 0, 0, 0, 0, 0, -1.49181e+35, 0, 0, 0
8.75091, 0.822966, 0.431634, 0, 0, 0, 0, 0, 0, 0, 0, -1.49181e+35, 0, 0, 0
8.80093, 0.822966, 0.431634, 0, 0, 0, 0, 0, 0, 0, 0, -1.49181e+35, 0, 0, 0
8.85095, 0.822966, 0.431634, 0, 0, 0, 0, 0, 0, 0, 0, -1.49181e+35, 0, 0, 0
8.90097, 0.822966, 0.431634, 0, 0, 0, 0, 0, 0, 0, 0, -1.49181e+35, 0, 0, 0
8.95099, 0.822966, 0.431634, 0, 0, 0, 0, 0, 0, 0, 0, -1.49181e+35, 0, 0, 0
9.00001, 0.822966, 0.431634, 0, 0, 0, 0, 0, 0, 0, 0, -1.49181e+35, 0, 0, 0
9.00001, 0.822966, 0.431634, 0, 0, 0, 0, 0, 0, 0, 0, -1.49181e+35, 0, 0, 0
9.05003, 0.822966, 0.431634, 0, 0, 0, 0, 0, 0, 0, 0, -1.49181e+35, 0, 0, 0
9.10005, 0.822966, 0.431634, 0, 0, 0, 0, 0, 0, 0, 0, -1.49181e+35, 0, 0, 0
9.15007, 0.822966, 0.431634, 0, 0, 0, 0, 0, 0, 0, 0, -1.49181e+35, 0, 0, 0
9.20009, 0.822966, 0.431634, 0, 0, 0, 0, 0, 0, 0, 0, -1.49181e+35, 0, 0, 0
9.25011, 0.822966, 0.431634, 0, 0, 0, 0, 0, 0, 0, 0, -1.49181e+35, 0, 0, 0
9.30013, 0.822966, 0.431634, 0, 0, 0, 0, 0, 0, 0, 0, -1.49181e+35, 0, 0, 0
9.35015, 0.822966, 0.431634, 0, 0, 0, 0, 0, 0, 0, 0, -1.49181e+35, 0, 0, 0
9.40017, 0.822966, 0.431634, 0, 0, 0, 0, 0, 0, 0, 0, -1.49181e+35, 0, 0, 0
9.45019, 0.822966, 0.431634, 0, 0, 0, 0, 0, 0, 0, 0, -1.49181e+35, 0, 0, 0
9.50021, 0.822966, 0.431634, 0, 0, 0, 0, 0, 0, 0, 0, -1.49181e+35, 0, 0, 0
9.55023, 0.822966, 0.431634, 0, 0, 0, 0, 0, 0, 0, 0, -1.49181e+35, 0, 0, 0
9.60025, 0.822966, 0.431634, 0, 0, 0, 0, 0, 0, 0, 0, -1.49181e+35, 0, 0, 0
9.65027, 0.822966, 0.431634, 0, 0, 0, 0, 0, 0, 0, 0, -1.49181e+35, 0, 0, 0
9.70029, 0.822966, 0.431634, 0, 0, 0, 0, 0, 0, 0, 0, -1.49181e+35, 0, 0, 0
9.75031, 0.822966, 0.431634, 0, 0, 0, 0, 0, 0, 0, 0, -1.49181e+35, 0, 0, 0
9.80033, 0.822966, 0.431634, 0, 0, 0, 0, 0, 0, 0, 0, -1.49181e+35, 0, 0, 0
9.85035, 0.822966, 0.431634, 0, 0, 0, 0, 0, 0, 0, 0, -1.49181e+35, 0, 0, 0
9.90037, 0.822966, 0.431634, 0, 0, 0, 0, 0, 0, 0, 0, -1.49181e+35, 0, 0, 0
9.95039, 0.822966, 0.431634, 0, 0, 0, 0, 0, 0, 0, 0, -1.49181e+35, 0, 0, 0
10.0004, 0.822966, 0.431634, 0, 0, 0, 0, 0, 0, 0, 0, -1.49181e+35, 0, 0, 0
10.0004, 0.822966, 0.431634, 0, 0, 0, 0, 0, 0, 0, 0, -1.49181e+35, 0, 0, 0
10.0504, 0.822966, 0.431634, 0, 0, 0, 0, 0, 0, 0, 0, -1.49181e+35, 0, 0, 0
10.1005, 0.822966, 0.431634, 0, 0, 0, 0, 0, 0, 0, 0, -1.49181e+35, 0, 0, 0
10.1505, 0.822966, 0.431634, 0, 0, 0, 0, 0, 0, 0, 0, -1.49181e+35, 0, 0, 0
10.2005, 0.822966, 0.431634, 0, 0, 0, 0, 0, 0, 0, 0, -1.49181e+35, 0, 0, 0
10.2505, 0.822966, 0.431634, 0, 0, 0, 0, 0, 0, 0, 0, -1.49181e+35, 0, 0, 0
10.3005, 0.822966, 0.431634, 0, 0, 0, 0, 0, 0, 0, 0, -1.49181e+35, 0, 0, 0
10.3506, 0.822966, 0.431634, 0, 0, 0, 0, 0, 0, 0, 0, -1.49181e+35, 0, 0, 0
10.4006, 0.822966, 0.431634, 0, 0, 0, 0, 0, 0, 0, 0, -1.49181e+35, 0, 0, 0
10.4506, 0.822966, 0.431634, 0, 0, 0, 0, 0, 0, 0, 0, -1.49181e+35, 0, 0, 0
10.5006, 0.822966, 0.431634, 0, 0, 0, 0, 0, 0, 0, 0, -1.49181e+35, 0, 0, 0
10.5506, 0.822966, 0.431634, 0, 0, 0, 0, 0, 0, 0, 0, -1.49181e+35, 0, 0, 0
10.6007, 0.822966, 0.431634, 0, 0, 0, 0, 0, 0, 0, 0, -1.49181e+35, 0, 0, 0
10.6507, 0.822966, 0.431634, 0, 0, 0, 0, 0, 0, 0, 0, -1.49181e+35, 0, 0, 0
10.7007, 0.822966, 0.431634, 0, 0, 0, 0, 0, 0, 0, 0, -1.49181e+35, 0, 0, 0
10.7507, 0.822966, 0.431634, 0, 0, 0, 0, 0, 0, 0, 0, -1.49181e+35, 0, 0, 0
10.8007, 0.822966, 0.431634, 0, 0, 0, 0, 0, 0, 0, 0, -1.49181e+35, 0, 0, 0
10.8508, 0.822966, 0.431634, 0, 0, 0, 0, 0, 0, 0, 0, -1.49181e+35, 0, 0, 0
10.9008, 0.822966, 0.431634, 0, 0, 0, 0, 0, 0, 0, 0, -1.49181e+35, 0, 0, 0
10.9508, 0.822966, 0.431634, 0, 0, 0, 0, 0, 0, 0, 0, -1.49181e+35, 0, 0, 0
11.0008, 0.822966, 0.431634, 0, 0, 0, 0, 0, 0, 0, 0, -1.49181e+35, 0, 0, 0
11.0008, 0.822966, 0.431634, 0, 0, 0, 0, 0, 0, 0, 0, -1.49181e+35, 0, 0, 0
11.0508, 0.822966, 0.431634, 0, 0, 0, 0, 0, 0, 0, 0, -1.49181e+35, 0, 0, 0
11.1009, 0.822966, 0.431634, 0, 0, 0, 0, 0, 0, 0, 0, -1.49181e+35, 0, 0, 0
11.1509, 0.822966, 0.431634, 0, 0, 0, 0, 0, 0, 0, 0, -1.49181e+35, 0, 0, 0
11.2009, 0.822966, 0.431634, 0, 0, 0, 0, 0, 0, 0, 0, -1.49181e+35, 0, 0, 0
11.2509, 0.822966, 0.431634, 0, 0, 0, 0, 0, 0, 0, 0, -1.49181e+35, 0, 0, 0
11.3009, 0.822966, 0.431634, 0, 0, 0, 0, 0, 0, 0, 0, -1.49181e+35, 0, 0, 0
11.351, 0.822966, 0.431634, 0, 0, 0, 0, 0, 0, 0, 0, -1.49181e+35, 0, 0, 0
11.401, 0.822966, 0.431634, 0, 0, 0, 0, 0, 0, 0, 0, -1.49181e+35, 0, 0, 0
11.451, 0.822966, 0.431634, 0, 0, 0, 0, 0, 0, 0, 0, -1.49181e+35, 0, 0, 0
11.501, 0.822966, 0.431634, 0, 0, 0, 0, 0, 0, 0, 0, -1.49181e+35, 0, 0, 0
11.551, 0.822966, 0.431634, 0, 0, 0, 0, 0, 0, 0, 0, -1.49181e+35, 0, 0, 0
11.6011, 0.822966, 0.431634, 0, 0, 0, 0, 0, 0, 0, 0, -1.49181e+35, 0, 0, 0
11.6511, 0.822966, 0.431634, 0, 0, 0, 0, 0, 0, 0, 0, -1.49181e+35, 0, 0, 0
11.7011, 0.822966, 0.431634, 0, 0, 0, 0, 0, 0, 0, 0, -1.49181e+35, 0, 0, 0
11.7511, 0.822966, 0.431634, 0, 0, 0, 0, 0, 0, 0, 0, -1.49181e+35, 0, 0, 0
11.8011, 0.822966, 0.431634, 0, 0, 0, 0, 0, 0, 0, 0, -1.49181e+35, 0, 0, 0
11.8512, 0.822966, 0.431634, 0, 0, 0, 0, 0, 0, 0, 0, -1.49181e+35, 0, 0, 0
11.9012, 0.822966, 0.431634, 0, 0, 0, 0, 0, 0, 0, 0, -1.49181e+35, 0, 0, 0
11.9512, 0.822966, 0.431634, 0, 0, 0, 0, 0, 0, 0, 0, -1.49181e+35, 0, 0, 0
12.0002, 0.822966, 0.431634, 0, 0, 0, 0, 0, 0, 0, 0, -1.49181e+35, 0, 0, 0
12.0002, 0.822966, 0.431634, 0, 0, 0, 0, 0, 0, 0, 0, -1.49181e+35, 0, 0, 0
12.0502, 0.822966, 0.431634, 0, 0, 0, 0, 0, 0, 0, 0, -1.49181e+35, 0, 0, 0
12.1003, 0.822966, 0.431634, 0, 0, 0, 0, 0, 0, 0, 0, -1.49181e+35, 0, 0, 0
12.1503, 0.822966, 0.431634, 0, 0, 0, 0, 0, 0, 0, 0, -1.49181e+35, 0, 0, 0
12.2003, 0.822966, 0.431634, 0, 0, 0, 0, 0, 0, 0, 0, -1.49181e+35, 0, 0, 0
12.2503, 0.822966, 0.431634, 0, 0, 0, 0, 0, 0, 0, 0, -1.49181e+35, 0, 0, 0
12.3003, 0.822966, 0.431634, 0, 0, 0, 0, 0, 0, 0, 0, -1.49181e+35, 0, 0, 0
12.3504, 0.822966, 0.431634, 0, 0, 0, 0, 0, 0, 0, 0, -1.49181e+35, 0, 0, 0
12.4004, 0.822966, 0.431634, 0, 0, 0, 0, 0, 0, 0, 0, -1.49181e+35, 0, 0, 0
12.4504, 0.822966, 0.431634, 0, 0, 0, 0, 0, 0, 0, 0, -1.49181e+35, 0, 0, 0
12.5004, 0.822966, 0.431634, 0, 0, 0, 0, 0, 0, 0, 0, -1.49181e+35, 0, 0, 0
12.5504, 0.822966, 0.431634, 0, 0, 0, 0, 0, 0, 0, 0, -1.49181e+35, 0, 0, 0
12.6005, 0.822966, 0.431634, 0, 0, 0, 0, 0, 0, 0, 0, -1.49181e+35, 0, 0, 0
12.6505, 0.822966, 0.431634, 0, 0, 0, 0, 0, 0, 0, 0, -1.49181e+35, 0, 0, 0
12.7005, 0.822966, 0.431634, 0, 0, 0, 0, 0, 0, 0, 0, -1.49181e+35, 0, 0, 0
12.7505, 0.822966, 0.431634, 0, 0, 0, 0, 0, 0, 0, 0, -1.49181e+35, 0, 0, 0
12.8005, 0.822966, 0.431634, 0, 0, 0, 0, 0, 0, 0, 0, -1.49181e+35, 0, 0, 0
12.8506, 0.822966, 0.431634, 0, 0, 0, 0, 0, 0, 0, 0, -1.49181e+35, 0, 0, 0
12.9006, 0.822966, 0.431634, 0, 0, 0, 0, 0, 0, 0, 0, -1.49181e+35, 0, 0, 0
12.9506, 0.822966, 0.431634, 0, 0, 0, 0, 0, 0, 0, 0, -1.49181e+35, 0, 0, 0
13.0006, 0.822966, 0.431634, 0, 0, 0, 0, 0, 0, 0, 0, -1.49181e+35, 0, 0, 0
13.0006, 0.822966, 0.431634, 0, 0, 0, 0, 0, 0, 0, 0, -1.49181e+35, 0, 0, 0
13.0506, 0.822966, 0.431634, 0, 0, 0, 0, 0, 0, 0, 0, -1.49181e+35, 0, 0, 0
13.1007, 0.822966, 0.431634, 0, 0, 0, 0, 0, 0, 0, 0, -1.49181e+35, 0, 0, 0
13.1507, 0.822966, 0.431634, 0, 0, 0, 0, 0, 0, 0, 0, -1.49181e+35, 0, 0, 0
13.2007, 0.822966, 0.431634, 0, 0, 0, 0, 0, 0, 0, 0, -1.49181e+35, 0, 0, 0
13.2507, 0.822966, 0.431634, 0, 0, 0, 0, 0, 0, 0, 0, -1.49181e+35, 0, 0, 0
13.3007, 0.822966, 0.431634, 0, 0, 0, 0, 0, 0, 0, 0, -1.49181e+35, 0, 0, 0
13.3508, 0.822966, 0.431634, 0, 0, 0, 0, 0, 0, 0, 0, -1.49181e+35, 0, 0, 0
13.4008, 0.822966, 0.431634, 0, 0, 0, 0, 0, 0, 0, 0, -1.49181e+35, 0, 0, 0
13.4508, 0.822966, 0.431634, 0, 0, 0, 0, 0, 0, 0, 0, -1.49181e+35, 0, 0, 0
13.5008, 0.822966, 0.431634, 0, 0, 0, 0, 0, 0, 0, 0, -1.49181e+35, 0, 0, 0
13.5508, 0.822966, 0.431634, 0, 0, 0, 0, 0, 0, 0, 0, -1.49181e+35, 0, 0, 0
13.6009, 0.822966, 0.431634, 0, 0, 0, 0, 0, 0, 0, 0, -1.49181e+35, 0, 0, 0
13.6509, 0.822966, 0.431634, 0, 0, 0, 0, 0, 0, 0, 0, -1.49181e+35, 0, 0, 0
13.7009, 0.822966, 0.431634, 0, 0, 0, 0, 0, 0, 0, 0, -1.49181e+35, 0, 0, 0
13.7509, 0.822966, 0.431634, 0, 0, 0, 0, 0, 0, 0, 0, -1.49181e+35, 0, 0, 0
13.8009, 0.822966, 0.431634, 0, 0, 0, 0, 0, 0, 0, 0, -1.49181e+35, 0, 0, 0
13.851, 0.822966, 0.431634, 0, 0, 0, 0, 0, 0, 0, 0, -1.49181e+35, 0, 0, 0
13.901, 0.822966, 0.431634, 0, 0, 0, 0, 0, 0, 0, 0, -1.49181e+35, 0, 0, 0
13.951, 0.822966, 0.431634, 0, 0, 0, 0, 0, 0, 0, 0, -1.49181e+35, 0, 0, 0
14, 0.822966, 0.431634, 0, 0, 0, 0, 0, 0, 0, 0, -1.49181e+35, 0, 0, 0
14, 0.822966, 0.431634, 0, 0, 0, 0, 0, 0, 0, 0, -1.49181e+35, 0, 0, 0
14.05, 0.822966, 0.431634, 0, 0, 0, 0, 0, 0, 0, 0, -1.49181e+35, 0, 0, 0
14.1001, 0.822966, 0.431634, 0, 0, 0, 0, 0, 0, 0, 0, -1.49181e+35, 0, 0, 0
14.1501, 0.822966, 0.431634, 0, 0, 0, 0, 0, 0, 0, 0, -1.49181e+35, 0, 0, 0
14.2001, 0.822966, 0.431634, 0, 0, 0, 0, 0, 0, 0, 0, -1.49181e+35, 0, 0, 0
14.2501, 0.822966, 0.431634, 0, 0, 0, 0, 0, 0, 0, 0, -1.49181e+35, 0, 0, 0
14.3001, 0.822966, 0.431634, 0, 0, 0, 0, 0, 0, 0, 0, -1.49181e+35, 0, 0, 0
14.3502, 0.822966, 0.431634, 0, 0, 0, 0, 0, 0, 0, 0, -1.49181e+35, 0, 0, 0
14.4002, 0.822966, 0.431634, 0, 0, 0, 0, 0, 0, 0, 0, -1.49181e+35, 0, 0, 0
14.4502, 0.822966, 0.431634, 0, 0, 0, 0, 0, 0, 0, 0, -1.49181e+35, 0, 0, 0
14.5002, 0.822966, 0.431634, 0, 0, 0, 0, 0, 0, 0, 0, -1.49181e+35, 0, 0, 0
14.5503, 0.822966, 0.431634, 0, 0, 0, 0, 0, 0, 0, 0, -1.49181e+35, 0, 0, 0
14.6003, 0.822966, 0.431634, 0, 0, 0, 0, 0, 0, 0, 0, -1.49181e+35, 0, 0, 0
14.6503, 0.822966, 0.431634, 0, 0, 0, 0, 0, 0, 0, 0, -1.49181e+35, 0, 0, 0
14.7003, 0.822966, 0.431634, 0, 0, 0, 0, 0, 0, 0, 0, -1.49181e+35, 0, 0, 0
14.7503, 0.822966, 0.431634, 0, 0, 0, 0, 0, 0, 0, 0, -1.49181e+35, 0, 0, 0
14.8004, 0.822966, 0.431634, 0, 0, 0, 0, 0, 0, 0, 0, -1.49181e+35, 0, 0, 0
14.8504, 0.822966, 0.431634, 0, 0, 0, 0, 0, 0, 0, 0, -1.49181e+35, 0, 0, 0
14.9004, 0.822966, 0.431634, 0, 0, 0, 0, 0, 0, 0, 0, -1.49181e+35, 0, 0, 0
14.9504, 0.822966, 0.431634, 0, 0, 0, 0, 0, 0, 0, 0, -1.49181e+35, 0, 0, 0
15.0004, 0.822966, 0.431634, 0, 0, 0, 0, 0, 0, 0, 0, -1.49181e+35, 0, 0, 0
15.0004, 0.822966, 0.431634, 0, 0, 0, 0, 0, 0, 0, 0, -1.49181e+35, 0, 0, 0
15.0505, 0.822966, 0.431634, 0, 0, 0, 0, 0, 0, 0, 0, -1.49181e+35, 0, 0, 0
15.1005, 0.822966, 0.431634, 0, 0, 0, 0, 0, 0, 0, 0, -1.49181e+35, 0, 0, 0
15.1505, 0.822966, 0.431634, 0, 0, 0, 0, 0, 0, 0, 0, -1.49181e+35, 0, 0, 0
15.2005, 0.822966, 0.431634, 0, 0, 0, 0, 0, 0, 0, 0, -1.49181e+35, 0, 0, 0
15.2505, 0.822966, 0.431634, 0, 0, 0, 0, 0, 0, 0, 0, -1.49181e+35, 0, 0, 0
15.3006, 0.822966, 0.431634, 0, 0, 0, 0, 0, 0, 0, 0, -1.49181e+35, 0, 0, 0
15.3506, 0.822966, 0.431634, 0, 0, 0, 0, 0, 0, 0, 0, -1.49181e+35, 0, 0, 0
15.4006, 0.822966, 0.431634, 0, 0, 0, 0, 0, 0, 0, 0, -1.49181e+35, 0, 0, 0
15.4506, 0.822966, 0.431634, 0, 0, 0, 0, 0, 0, 0, 0, -1.49181e+35, 0, 0, 0
15.5006, 0.822966, 0.431634, 0, 0, 0, 0, 0, 0, 0, 0, -1.49181e+35, 0, 0, 0
15.5507, 0.822966, 0.431634, 0, 0, 0, 0, 0, 0, 0, 0, -1.49181e+35, 0, 0, 0
15.6007, 0.822966, 0.431634, 0, 0, 0, 0, 0, 0, 0, 0, -1.49181e+35, 0, 0, 0
15.6507, 0.822966, 0.431634, 0, 0, 0, 0, 0, 0, 0, 0, -1.49181e+35, 0, 0, 0
15.7007, 0.822966, 0.431634, 0, 0, 0, 0, 0, 0, 0, 0, -1.49181e+35, 0, 0, 0
15.7507, 0.822966, 0.431634, 0, 0, 0, 0, 0, 0, 0, 0, -1.49181e+35, 0, 0, 0
15.8008, 0.822966, 0.431634, 0, 0, 0, 0, 0, 0, 0, 0, -1.49181e+35, 0, 0, 0
15.8508, 0.822966, 0.431634, 0, 0, 0, 0, 0, 0, 0, 0, -1.49181e+35, 0, 0, 0
15.9008, 0.822966, 0.431634, 0, 0, 0, 0, 0, 0, 0, 0, -1.49181e+35, 0, 0, 0
15.9508, 0.822966, 0.431634, 0, 0, 0, 0, 0, 0, 0, 0, -1.49181e+35, 0, 0, 0
16.0008, 0.822966, 0.431634, 0, 0, 0, 0, 0, 0, 0, 0, -1.49181e+35, 0, 0, 0
16.0008, 0.822966, 0.431634, 0, 0, 0, 0, 0, 0, 0, 0, -1.49181e+35, 0, 0, 0
16.0508, 0.822966, 0.431634, 0, 0, 0, 0, 0, 0, 0, 0, -1.49181e+35, 0, 0, 0
16.1008, 0.822966, 0.431634, 0, 0, 0, 0, 0, 0, 0, 0, -1.49181e+35, 0, 0, 0
16.1508, 0.822966, 0.431634, 0, 0, 0, 0, 0, 0, 0, 0, -1.49181e+35, 0, 0, 0
16.2007, 0.822966, 0.431634, 0, 0, 0, 0, 0, 0, 0, 0, -1.49181e+35, 0, 0, 0
16.2507, 0.822966, 0.431634, 0, 0, 0, 0, 0, 0, 0, 0, -1.49181e+35, 0, 0, 0
16.3007, 0.822966, 0.431634, 0, 0, 0, 0, 0, 0, 0, 0, -1.49181e+35, 0, 0, 0
16.3506, 0.822966, 0.431634, 0, 0, 0, 0, 0, 0, 0, 0, -1.49181e+35, 0, 0, 0
16.4006, 0.822966, 0.431634, 0, 0, 0, 0, 0, 0, 0, 0, -1.49181e+35, 0, 0, 0
16.4506, 0.822966, 0.431634, 0, 0, 0, 0, 0, 0, 0, 0, -1.49181e+35, 0, 0, 0
16.5006, 0.822966, 0.431634, 0, 0, 0, 0, 0, 0, 0, 0, -1.49181e+35, 0, 0, 0
16.5505, 0.822966, 0.431634, 0, 0, 0, 0, 0, 0, 0, 0, -1.49181e+35, 0, 0, 0
16.6005, 0.822966, 0.431634, 0, 0, 0, 0, 0, 0, 0, 0, -1.49181e+35, 0, 0, 0
16.6505, 0.822966, 0.431634, 0, 0, 0, 0, 0, 0, 0, 0, -1.49181e+35, 0, 0, 0
16.7005, 0.822966, 0.431634, 0, 0, 0, 0, 0, 0, 0, 0, -1.49181e+35, 0, 0, 0
16.7504, 0.822966, 0.431634, 0, 0, 0, 0, 0, 0, 0, 0, -1.49181e+35, 0, 0, 0
16.8004, 0.822966, 0.431634, 0, 0, 0, 0, 0, 0, 0, 0, -1.49181e+35, 0, 0, 0
16.8504, 0.822966, 0.431634, 0, 0, 0, 0, 0, 0, 0, 0, -1.49181e+35, 0, 0, 0
16.9003, 0.822966, 0.431634, 0, 0, 0, 0, 0, 0, 0, 0, -1.49181e+35, 0, 0, 0
16.9503, 0.822966, 0.431634, 0, 0, 0, 0, 0, 0, 0, 0, -1.49181e+35, 0, 0, 0
17.0003, 0.822966, 0.431634, 0, 0, 0, 0, 0, 0, 0, 0, -1.49181e+35, 0, 0, 0
17.0003, 0.822966, 0.431634, 0, 0, 0, 0, 0, 0, 0, 0, -1.49181e+35, 0, 0, 0
17.0503, 0.822966, 0.431634, 0, 0, 0, 0, 0, 0, 0, 0, -1.49181e+35, 0, 0, 0
17.1002, 0.822966, 0.431634, 0, 0, 0, 0, 0, 0, 0, 0, -1.49181e+35, 0, 0, 0
17.1502, 0.822966, 0.431634, 0, 0, 0, 0, 0, 0, 0, 0, -1.49181e+35, 0, 0, 0
17.2002, 0.822966, 0.431634, 0, 0, 0, 0, 0, 0, 0, 0, -1.49181e+35, 0, 0, 0
17.2501, 0.822966, 0.431634, 0, 0, 0, 0, 0, 0, 0, 0, -1.49181e+35, 0, 0, 0
17.3001, 0.822966, 0.431634, 0, 0, 0, 0, 0, 0, 0, 0, -1.49181e+35, 0, 0, 0
17.3501, 0.822966, 0.431634, 0, 0, 0, 0, 0, 0, 0, 0, -1.49181e+35, 0, 0, 0
17.4001, 0.822966, 0.431634, 0, 0, 0, 0, 0, 0, 0, 0, -1.49181e+35, 0, 0, 0
17.45, 0.822966, 0.431634, 0, 0, 0, 0, 0, 0, 0, 0, -1.49181e+35, 0, 0, 0
17.5, 0.822966, 0.431634, 0, 0, 0, 0, 0, 0, 0, 0, -1.49181e+35, 0, 0, 0
17.55, 0.822966, 0.431634, 0, 0, 0, 0, 0, 0, 0, 0, -1.49181e+35, 0, 0, 0
17.6, 0.822966, 0.431634, 0, 0, 0, 0, 0, 0, 0, 0, -1.49181e+35, 0, 0, 0
17.6499, 0.822966, 0.431634, 0, 0, 0, 0, 0, 0, 0, 0, -1.49181e+35, 0, 0, 0
17.6999, 0.822966, 0.431634, 0, 0, 0, 0, 0, 0, 0, 0, -1.49181e+35, 0, 0, 0
17.7499, 0.822966, 0.431634, 0, 0, 0, 0, 0, 0, 0, 0, -1.49181e+35, 0, 0, 0
17.7998, 0.822966, 0.431634, 0, 0, 0, 0, 0, 0, 0, 0, -1.49181e+35, 0, 0, 0
17.8498, 0.822966, 0.431634, 0, 0, 0, 0, 0, 0, 0, 0, -1.49181e+35, 0, 0, 0
17.8998, 0.822966, 0.431634, 0, 0, 0, 0, 0, 0, 0, 0, -1.49181e+35, 0, 0, 0
17.9498, 0.822966, 0.431634, 0, 0, 0, 0, 0, 0, 0, 0, -1.49181e+35, 0, 0, 0
17.9997, 0.822966, 0.431634, 0, 0, 0, 0, 0, 0, 0, 0, -1.49181e+35, 0, 0, 0
18.0007, 0.822966, 0.431634, 0, 0, 0, 0, 0, 0, 0, 0, -1.49181e+35, 0, 0, 0
18.0007, 0.822966, 0.431634, 0, 0, 0, 0, 0, 0, 0, 0, -1.49181e+35, 0, 0, 0
18.0507, 0.822966, 0.431634, 0, 0, 0, 0, 0, 0, 0, 0, -1.49181e+35, 0, 0, 0
18.1007, 0.822966, 0.431634, 0, 0, 0, 0, 0, 0, 0, 0, -1.49181e+35, 0, 0, 0
18.1507, 0.822966, 0.431634, 0, 0, 0, 0, 0, 0, 0, 0, -1.49181e+35, 0, 0, 0
18.2006, 0.822966, 0.431634, 0, 0, 0, 0, 0, 0, 0, 0, -1.49181e+35, 0, 0, 0
18.2506, 0.822966, 0.431634, 0, 0, 0, 0, 0, 0, 0, 0, -1.49181e+35, 0, 0, 0
18.3006, 0.822966, 0.431634, 0, 0, 0, 0, 0, 0, 0, 0, -1.49181e+35, 0, 0, 0
18.3505, 0.822966, 0.431634, 0, 0, 0, 0, 0, 0, 0, 0, -1.49181e+35, 0, 0, 0
18.4005, 0.822966, 0.431634, 0, 0, 0, 0, 0, 0, 0, 0, -1.49181e+35, 0, 0, 0
18.4505, 0.822966, 0.431634, 0, 0, 0, 0, 0, 0, 0, 0, -1.49181e+35, 0, 0, 0
18.5005, 0.822966, 0.431634, 0, 0, 0, 0, 0, 0, 0, 0, -1.49181e+35, 0, 0, 0
18.5504, 0.822966, 0.431634, 0, 0, 0, 0, 0, 0, 0, 0, -1.49181e+35, 0, 0, 0
18.6004, 0.822966, 0.431634, 0, 0, 0, 0, 0, 0, 0, 0, -1.49181e+35, 0, 0, 0
18.6504, 0.822966, 0.431634, 0, 0, 0, 0, 0, 0, 0, 0, -1.49181e+35, 0, 0, 0
18.7004, 0.822966, 0.431634, 0, 0, 0, 0, 0, 0, 0, 0, -1.49181e+35, 0, 0, 0
18.7503, 0.822966, 0.431634, 0, 0, 0, 0, 0, 0, 0, 0, -1.49181e+35, 0, 0, 0
18.8003, 0.822966, 0.431634, 0, 0, 0, 0, 0, 0, 0, 0, -1.49181e+35, 0, 0, 0
18.8503, 0.822966, 0.431634, 0, 0, 0, 0, 0, 0, 0, 0, -1.49181e+35, 0, 0, 0
18.9002, 0.822966, 0.431634, 0, 0, 0, 0, 0, 0, 0, 0, -1.49181e+35, 0, 0, 0
18.9502, 0.822966, 0.431634, 0, 0, 0, 0, 0, 0, 0, 0, -1.49181e+35, 0, 0, 0
19.0002, 0.822966, 0.431634, 0, 0, 0, 0, 0, 0, 0, 0, -1.49181e+35, 0, 0, 0
19.0002, 0.822966, 0.431634, 0, 0, 0, 0, 0, 0, 0, 0, -1.49181e+35, 0, 0, 0
19.0502, 0.822966, 0.431634, 0, 0, 0, 0, 0, 0, 0, 0, -1.49181e+35, 0, 0, 0
19.1001, 0.822966, 0.431634, 0, 0, 0, 0, 0, 0, 0, 0, -1.49181e+35, 0, 0, 0
19.1501, 0.822966, 0.431634, 0, 0, 0, 0, 0, 0, 0, 0, -1.49181e+35, 0, 0, 0
19.2001, 0.822966, 0.431634, 0, 0, 0, 0, 0, 0, 0, 0, -1.49181e+35, 0, 0, 0
19.25, 0.822966, 0.431634, 0, 0, 0, 0, 0, 0, 0, 0, -1.49181e+35, 0, 0, 0
19.3, 0.822966, 0.431634, 0, 0, 0, 0, 0, 0, 0, 0, -1.49181e+35, 0, 0, 0
19.35, 0.822966, 0.431634, 0, 0, 0, 0, 0, 0, 0, 0, -1.49181e+35, 0, 0, 0
19.4, 0.822966, 0.431634, 0, 0, 0, 0, 0, 0, 0, 0, -1.49181e+35, 0, 0, 0
19.4499, 0.822966, 0.431634, 0, 0, 0, 0, 0, 0, 0, 0, -1.49181e+35, 0, 0, 0
19.4999, 0.822966, 0.431634, 0, 0, 0, 0, 0, 0, 0, 0, -1.49181e+35, 0, 0, 0
19.5499, 0.822966, 0.431634, 0, 0, 0, 0, 0, 0, 0, 0, -1.49181e+35, 0, 0, 0
19.5999, 0.822966, 0.431634, 0, 0, 0, 0, 0, 0, 0, 0, -1.49181e+35, 0, 0, 0
19.6498, 0.822966, 0.431634, 0, 0, 0, 0, 0, 0, 0, 0, -1.49181e+35, 0, 0, 0
19.6998, 0.822966, 0.431634, 0, 0, 0, 0, 0, 0, 0, 0, -1.49181e+35, 0, 0, 0
19.7498, 0.822966, 0.431634, 0, 0, 0, 0, 0, 0, 0, 0, -1.49181e+35, 0, 0, 0
19.7997, 0.822966, 0.431634, 0, 0, 0, 0, 0, 0, 0, 0, -1.49181e+35, 0, 0, 0
19.8497, 0.822966, 0.431634, 0, 0, 0, 0, 0, 0, 0, 0, -1.49181e+35, 0, 0, 0
19.8997, 0.822966, 0.431634, 0, 0, 0, 0, 0, 0, 0, 0, -1.49181e+35, 0, 0, 0
19.9497, 0.822966, 0.431634, 0, 0, 0, 0, 0, 0, 0, 0, -1.49181e+35, 0, 0, 0
19.9996, 0.822966, 0.431634, 0, 0, 0, 0, 0, 0, 0, 0, -1.49181e+35, 0, 0, 0
20.0006, 0.822966, 0.431634, 0, 0, 0, 0, 0, 0, 0, 0, -1.49181e+35, 0, 0, 0
20.0006, 0.822966, 0.431634, 0, 0, 0, 0, 0, 0, 0, 0, -1.49181e+35, 0, 0, 0
20.0506, 0.822966, 0.431634, 0, 0, 0, 0, 0, 0, 0, 0, -1.49181e+35, 0, 0, 0
20.1006, 0.822966, 0.431634, 0, 0, 0, 0, 0, 0, 0, 0, -1.49181e+35, 0, 0, 0
20.1506, 0.822966, 0.431634, 0, 0, 0, 0, 0, 0, 0, 0, -1.49181e+35, 0, 0, 0
20.2005, 0.822966, 0.431634, 0, 0, 0, 0, 0, 0, 0, 0, -1.49181e+35, 0, 0, 0
20.2505, 0.822966, 0.431634, 0, 0, 0, 0, 0, 0, 0, 0, -1.49181e+35, 0, 0, 0
20.3005, 0.822966, 0.431634, 0, 0, 0, 0, 0, 0, 0, 0, -1.49181e+35, 0, 0, 0
20.3504, 0.822966, 0.431634, 0, 0, 0, 0, 0, 0, 0, 0, -1.49181e+35, 0, 0, 0
20.4004, 0.822966, 0.431634, 0, 0, 0, 0, 0, 0, 0, 0, -1.49181e+35, 0, 0, 0
20.4504, 0.822966, 0.431634, 0, 0, 0, 0, 0, 0, 0, 0, -1.49181e+35, 0, 0, 0
20.5004, 0.822966, 0.431634, 0, 0, 0, 0, 0, 0, 0, 0, -1.49181e+35, 0, 0, 0
20.5503, 0.822966, 0.431634, 0, 0, 0, 0, 0, 0, 0, 0, -1.49181e+35, 0, 0, 0
20.6003, 0.822966, 0.431634, 0, 0, 0, 0, 0, 0, 0, 0, -1.49181e+35, 0, 0, 0
20.6503, 0.822966, 0.431634, 0, 0, 0, 0, 0, 0, 0, 0, -1.49181e+35, 0, 0, 0
20.7003, 0.822966, 0.431634, 0, 0, 0, 0, 0, 0, 0, 0, -1.49181e+35, 0, 0, 0
20.7502, 0.822966, 0.431634, 0, 0, 0, 0, 0, 0, 0, 0, -1.49181e+35, 0, 0, 0
20.8002, 0.822966, 0.431634, 0, 0, 0, 0, 0, 0, 0, 0, -1.49181e+35, 0, 0, 0
20.8502, 0.822966, 0.431634, 0, 0, 0, 0, 0, 0, 0, 0, -1.49181e+35, 0, 0, 0
20.9001, 0.822966, 0.431634, 0, 0, 0, 0, 0, 0, 0, 0, -1.49181e+35, 0, 0, 0
20.9501, 0.822966, 0.431634, 0, 0, 0, 0, 0, 0, 0, 0, -1.49181e+35, 0, 0, 0
21.0001, 0.822966, 0.431634, 0, 0, 0, 0, 0, 0, 0, 0, -1.49181e+35, 0, 0, 0
21.0001, 0.822966, 0.431634, 0, 0, 0, 0, 0, 0, 0, 0, -1.49181e+35, 0, 0, 0
21.0501, 0.822966, 0.431634, 0, 0, 0, 0, 0, 0, 0, 0, -1.49181e+35, 0, 0, 0
21.1, 0.822966, 0.431634, 0, 0, 0, 0, 0, 0, 0, 0, -1.49181e+35, 0, 0, 0
21.15, 0.822966, 0.431634, 0, 0, 0, 0, 0, 0, 0, 0, -1.49181e+35, 0, 0, 0
21.2, 0.822966, 0.431634, 0, 0, 0, 0, 0, 0, 0, 0, -1.49181e+35, 0, 0, 0
21.25, 0.822966, 0.431634, 0, 0, 0, 0, 0, 0, 0, 0, -1.49181e+35, 0, 0, 0
21.2999, 0.822966, 0.431634, 0, 0, 0, 0, 0, 0, 0, 0, -1.49181e+35, 0, 0, 0
21.3499, 0.822966, 0.431634, 0, 0, 0, 0, 0, 0, 0, 0, -1.49181e+35, 0, 0, 0
21.3999, 0.822966, 0.431634, 0, 0, 0, 0, 0, 0, 0, 0, -1.49181e+35, 0, 0, 0
21.4498, 0.822966, 0.431634, 0, 0, 0, 0, 0, 0, 0, 0, -1.49181e+35, 0, 0, 0
21.4998, 0.822966, 0.431634, 0, 0, 0, 0, 0, 0, 0, 0, -1.49181e+35, 0, 0, 0
21.5498, 0.822966, 0.431634, 0, 0, 0, 0, 0, 0, 0, 0, -1.49181e+35, 0, 0, 0
21.5998, 0.822966, 0.431634, 0, 0, 0, 0, 0, 0, 0, 0, -1.49181e+35, 0, 0, 0
21.6497, 0.822966, 0.431634, 0, 0, 0, 0, 0, 0, 0, 0, -1.49181e+35, 0, 0, 0
21.6997, 0.822966, 0.431634, 0, 0, 0, 0, 0, 0, 0, 0, -1.49181e+35, 0, 0, 0
21.7497, 0.822966, 0.431634, 0, 0, 0, 0, 0, 0, 0, 0, -1.49181e+35, 0, 0, 0
21.7996, 0.822966, 0.431634, 0, 0, 0, 0, 0, 0, 0, 0, -1.49181e+35, 0, 0, 0
21.8496, 0.822966, 0.431634, 0, 0, 0, 0, 0, 0, 0, 0, -1.49181e+35, 0, 0, 0
21.8996, 0.822966, 0.431634, 0, 0, 0, 0, 0, 0, 0, 0, -1.49181e+35, 0, 0, 0
21.9496, 0.822966, 0.431634, 0, 0, 0, 0, 0, 0, 0, 0, -1.49181e+35, 0, 0, 0
21.9995, 0.822966, 0.431634, 0, 0, 0, 0, 0, 0, 0, 0, -1.49181e+35, 0, 0, 0
22.0005, 0.822966, 0.431634, 0, 0, 0, 0, 0, 0, 0, 0, -1.49181e+35, 0, 0, 0
22.0005, 0.822966, 0.431634, 0, 0, 0, 0, 0, 0, 0, 0, -1.49181e+35, 0, 0, 0
22.0505, 0.822966, 0.431634, 0, 0, 0, 0, 0, 0, 0, 0, -1.49181e+35, 0, 0, 0
22.1005, 0.822966, 0.431634, 0, 0, 0, 0, 0, 0, 0, 0, -1.49181e+35, 0, 0, 0
22.1505, 0.822966, 0.431634, 0, 0, 0, 0, 0, 0, 0, 0, -1.49181e+35, 0, 0, 0
22.2004, 0.822966, 0.431634, 0, 0, 0, 0, 0, 0, 0, 0, -1.49181e+35, 0, 0, 0
22.2504, 0.822966, 0.431634, 0, 0, 0, 0, 0, 0, 0, 0, -1.49181e+35, 0, 0, 0
22.3004, 0.822966, 0.431634, 0, 0, 0, 0, 0, 0, 0, 0, -1.49181e+35, 0, 0, 0
22.3503, 0.822966, 0.431634, 0, 0, 0, 0, 0, 0, 0, 0, -1.49181e+35, 0, 0, 0
22.4003, 0.822966, 0.431634, 0, 0, 0, 0, 0, 0, 0, 0, -1.49181e+35, 0, 0, 0
22.4503, 0.822966, 0.431634, 0, 0, 0, 0, 0, 0, 0, 0, -1.49181e+35, 0, 0, 0
22.5003, 0.822966, 0.431634, 0, 0, 0, 0, 0, 0, 0, 0, -1.49181e+35, 0, 0, 0
22.5502, 0.822966, 0.431634, 0, 0, 0, 0, 0, 0, 0, 0, -1.49181e+35, 0, 0, 0
22.6002, 0.822966, 0.431634, 0, 0, 0, 0, 0, 0, 0, 0, -1.49181e+35, 0, 0, 0
22.6502, 0.822966, 0.431634, 0, 0, 0, 0, 0, 0, 0, 0, -1.49181e+35, 0, 0, 0
22.7002, 0.822966, 0.431634, 0, 0, 0, 0, 0, 0, 0, 0, -1.49181e+35, 0, 0, 0
22.7501, 0.822966, 0.431634, 0, 0, 0, 0, 0, 0, 0, 0, -1.49181e+35, 0, 0, 0
22.8001, 0.822966, 0.431634, 0, 0, 0, 0, 0, 0, 0, 0, -1.49181e+35, 0, 0, 0
22.8501, 0.822966, 0.431634, 0, 0, 0, 0, 0, 0, 0, 0, -1.49181e+35, 0, 0, 0
22.9, 0.822966, 0.431634, 0, 0, 0, 0, 0, 0, 0, 0, -1.49181e+35, 0, 0, 0
22.95, 0.822966, 0.431634, 0, 0, 0, 0, 0, 0, 0, 0, -1.49181e+35, 0, 0, 0
23, 0.822966, 0.431634, 0, 0, 0, 0, 0, 0, 0, 0, -1.49181e+35, 0, 0, 0
23.001, 0.822966, 0.431634, 0, 0, 0, 0, 0, 0, 0, 0, -1.49181e+35, 0, 0, 0
23.001, 0.822966, 0.431634, 0, 0, 0, 0, 0, 0, 0, 0, -1.49181e+35, 0, 0, 0
23.051, 0.822966, 0.431634, 0, 0, 0, 0, 0, 0, 0, 0, -1.49181e+35, 0, 0, 0
23.1009, 0.822966, 0.431634, 0, 0, 0, 0, 0, 0, 0, 0, -1.49181e+35, 0, 0, 0
23.1509, 0.822966, 0.431634, 0, 0, 0, 0, 0, 0, 0, 0, -1.49181e+35, 0, 0, 0
23.2009, 0.822966, 0.431634, 0, 0, 0, 0, 0, 0, 0, 0, -1.49181e+35, 0, 0, 0
23.2509, 0.822966, 0.431634, 0, 0, 0, 0, 0, 0, 0, 0, -1.49181e+35, 0, 0, 0
23.3008, 0.822966, 0.431634, 0, 0, 0, 0, 0, 0, 0, 0, -1.49181e+35, 0, 0, 0
23.3508, 0.822966, 0.431634, 0, 0, 0, 0, 0, 0, 0, 0, -1.49181e+35, 0, 0, 0
23.4008, 0.822966, 0.431634, 0, 0, 0, 0, 0, 0, 0, 0, -1.49181e+35, 0, 0, 0
23.4507, 0.822966, 0.431634, 0, 0, 0, 0, 0, 0, 0, 0, -1.49181e+35, 0, 0, 0
23.5007, 0.822966, 0.431634, 0, 0, 0, 0, 0, 0, 0, 0, -1.49181e+35, 0, 0, 0
23.5507, 0.822966, 0.431634, 0, 0, 0, 0, 0, 0, 0, 0, -1.49181e+35, 0, 0, 0
23.6007, 0.822966, 0.431634, 0, 0, 0, 0, 0, 0, 0, 0, -1.49181e+35, 0, 0, 0
23.6506, 0.822966, 0.431634, 0, 0, 0, 0, 0, 0, 0, 0, -1.49181e+35, 0, 0, 0
23.7006, 0.822966, 0.431634, 0, 0, 0, 0, 0, 0, 0, 0, -1.49181e+35, 0, 0, 0
23.7506, 0.822966, 0.431634, 0, 0, 0, 0, 0, 0, 0, 0, -1.49181e+35, 0, 0, 0
23.8005, 0.822966, 0.431634, 0, 0, 0, 0, 0, 0, 0, 0, -1.49181e+35, 0, 0, 0
23.8505, 0.822966, 0.431634, 0, 0, 0, 0, 0, 0, 0, 0, -1.49181e+35, 0, 0, 0
23.9005, 0.822966, 0.431634, 0, 0, 0, 0, 0, 0, 0, 0, -1.49181e+35, 0, 0, 0
23.9505, 0.822966, 0.431634, 0, 0, 0, 0, 0, 0, 0, 0, -1.49181e+35, 0, 0, 0
24.0004, 0.822966, 0.431634, 0, 0, 0, 0, 0, 0, 0, 0, -1.49181e+35, 0, 0, 0
24.0004, 0.822966, 0.431634, 0, 0, 0, 0, 0, 0, 0, 0, -1.49181e+35, 0, 0, 0
24.0504, 0.822966, 0.431634, 0, 0, 0, 0, 0, 0, 0, 0, -1.49181e+35, 0, 0, 0
24.1004, 0.822966, 0.431634, 0, 0, 0, 0, 0, 0, 0, 0, -1.49181e+35, 0, 0, 0
24.1504, 0.822966, 0.431634, 0, 0, 0, 0, 0, 0, 0, 0, -1.49181e+35, 0, 0, 0
24.2003, 0.822966, 0.431634, 0, 0, 0, 0, 0, 0, 0, 0, -1.49181e+35, 0, 0, 0
24.2503, 0.822966, 0.431634, 0, 0, 0, 0, 0, 0, 0, 0, -1.49181e+35, 0, 0, 0
24.3003, 0.822966, 0.431634, 0, 0, 0, 0, 0, 0, 0, 0, -1.49181e+35, 0, 0, 0
24.3502, 0.822966, 0.431634, 0, 0, 0, 0, 0, 0, 0, 0, -1.49181e+35, 0, 0, 0
24.4002, 0.822966, 0.431634, 0, 0, 0, 0, 0, 0, 0, 0, -1.49181e+35, 0, 0, 0
24.4502, 0.822966, 0.431634, 0, 0, 0, 0, 0, 0, 0, 0, -1.49181e+35, 0, 0, 0
24.5002, 0.822966, 0.431634, 0, 0, 0, 0, 0, 0, 0, 0, -1.49181e+35, 0, 0, 0
24.5501, 0.822966, 0.431634, 0, 0, 0, 0, 0, 0, 0, 0, -1.49181e+35, 0, 0, 0
24.6001, 0.822966, 0.431634, 0, 0, 0, 0, 0, 0, 0, 0, -1.49181e+35, 0, 0, 0
24.6501, 0.822966, 0.431634, 0, 0, 0, 0, 0, 0, 0, 0, -1.49181e+35, 0, 0, 0
24.7001, 0.822966, 0.431634, 0, 0, 0, 0, 0, 0, 0, 0, -1.49181e+35, 0, 0, 0
24.75, 0.822966, 0.431634, 0, 0, 0, 0, 0, 0, 0, 0, -1.49181e+35, 0, 0, 0
24.8, 0.822966, 0.431634, 0, 0, 0, 0, 0, 0, 0, 0, -1.49181e+35, 0, 0, 0
24.85, 0.822966, 0.431634, 0, 0, 0, 0, 0, 0, 0, 0, -1.49181e+35, 0, 0, 0
24.8999, 0.822966, 0.431634, 0, 0, 0, 0, 0, 0, 0, 0, -1.49181e+35, 0, 0, 0
24.9499, 0.822966, 0.431634, 0, 0, 0, 0, 0, 0, 0, 0, -1.49181e+35, 0, 0, 0
24.9999, 0.822966, 0.431634, 0, 0, 0, 0, 0, 0, 0, 0, -1.49181e+35, 0, 0, 0
25.0009, 0.822966, 0.431634, 0, 0, 0, 0, 0, 0, 0, 0, -1.49181e+35, 0, 0, 0
25.0009, 0.822966, 0.431634, 0, 0, 0, 0, 0, 0, 0, 0, -1.49181e+35, 0, 0, 0
25.0509, 0.822966, 0.431634, 0, 0, 0, 0, 0, 0, 0, 0, -1.49181e+35, 0, 0, 0
25.1008, 0.822966, 0.431634, 0, 0, 0, 0, 0, 0, 0, 0, -1.49181e+35, 0, 0, 0
25.1508, 0.822966, 0.431634, 0, 0, 0, 0, 0, 0, 0, 0, -1.49181e+35, 0, 0, 0
25.2008, 0.822966, 0.431634, 0, 0, 0, 0, 0, 0, 0, 0, -1.49181e+35, 0, 0, 0
25.2508, 0.822966, 0.431634, 0, 0, 0, 0, 0, 0, 0, 0, -1.49181e+35, 0, 0, 0
25.3007, 0.822966, 0.431634, 0, 0, 0, 0, 0, 0, 0, 0, -1.49181e+35, 0, 0, 0
25.3507, 0.822966, 0.431634, 0, 0, 0, 0, 0, 0, 0, 0, -1.49181e+35, 0, 0, 0
25.4007, 0.822966, 0.431634, 0, 0, 0, 0, 0, 0, 0, 0, -1.49181e+35, 0, 0, 0
25.4506, 0.822966, 0.431634, 0, 0, 0, 0, 0, 0, 0, 0, -1.49181e+35, 0, 0, 0
25.5006, 0.822966, 0.431634, 0, 0, 0, 0, 0, 0, 0, 0, -1.49181e+35, 0, 0, 0
25.5506, 0.822966, 0.431634, 0, 0, 0, 0, 0, 0, 0, 0, -1.49181e+35, 0, 0, 0
25.6006, 0.822966, 0.431634, 0, 0, 0, 0, 0, 0, 0, 0, -1.49181e+35, 0, 0, 0
25.6505, 0.822966, 0.431634, 0, 0, 0, 0, 0, 0, 0, 0, -1.49181e+35, 0, 0, 0
25.7005, 0.822966, 0.431634, 0, 0, 0, 0, 0, 0, 0, 0, -1.49181e+35, 0, 0, 0
25.7505, 0.822966, 0.431634, 0, 0, 0, 0, 0, 0, 0, 0, -1.49181e+35, 0, 0, 0
25.8004, 0.822966, 0.431634, 0, 0, 0, 0, 0, 0, 0, 0, -1.49181e+35, 0, 0, 0
25.8504, 0.822966, 0.431634, 0, 0, 0, 0, 0, 0, 0, 0, -1.49181e+35, 0, 0, 0
25.9004, 0.822966, 0.431634, 0, 0, 0, 0, 0, 0, 0, 0, -1.49181e+35, 0, 0, 0
25.9504, 0.822966, 0.431634, 0, 0, 0, 0, 0, 0, 0, 0, -1.49181e+35, 0, 0, 0
26.0003, 0.822966, 0.431634, 0, 0, 0, 0, 0, 0, 0, 0, -1.49181e+35, 0, 0, 0
26.0003, 0.822966, 0.431634, 0, 0, 0, 0, 0, 0, 0, 0, -1.49181e+35, 0, 0, 0
26.0503, 0.822966, 0.431634, 0, 0, 0, 0, 0, 0, 0, 0, -1.49181e+35, 0, 0, 0
26.1003, 0.822966, 0.431634, 0, 0, 0, 0, 0, 0, 0, 0, -1.49181e+35, 0, 0, 0
26.1503, 0.822966, 0.431634, 0, 0, 0, 0, 0, 0, 0, 0, -1.49181e+35, 0, 0, 0
26.2002, 0.822966, 0.431634, 0, 0, 0, 0, 0, 0, 0, 0, -1.49181e+35, 0, 0, 0
26.2502, 0.822966, 0.431634, 0, 0, 0, 0, 0, 0, 0, 0, -1.49181e+35, 0, 0, 0
26.3002, 0.822966, 0.431634, 0, 0, 0, 0, 0, 0, 0, 0, -1.49181e+35, 0, 0, 0
26.3501, 0.822966, 0.431634, 0, 0, 0, 0, 0, 0, 0, 0, -1.49181e+35, 0, 0, 0
26.4001, 0.822966, 0.431634, 0, 0, 0, 0, 0, 0, 0, 0, -1.49181e+35, 0, 0, 0
26.4501, 0.822966, 0.431634, 0, 0, 0, 0, 0, 0, 0, 0, -1.49181e+35, 0, 0, 0
26.5001, 0.822966, 0.431634, 0, 0, 0, 0, 0, 0, 0, 0, -1.49181e+35, 0, 0, 0
26.55, 0.822966, 0.431634, 0, 0, 0, 0, 0, 0, 0, 0, -1.49181e+35, 0, 0, 0
26.6, 0.822966, 0.431634, 0, 0, 0, 0, 0, 0, 0, 0, -1.49181e+35, 0, 0, 0
26.65, 0.822966, 0.431634, 0, 0, 0, 0, 0, 0, 0, 0, -1.49181e+35, 0, 0, 0
26.7, 0.822966, 0.431634, 0, 0, 0, 0, 0, 0, 0, 0, -1.49181e+35, 0, 0, 0
26.7499, 0.822966, 0.431634, 0, 0, 0, 0, 0, 0, 0, 0, -1.49181e+35, 0, 0, 0
26.7999, 0.822966, 0.431634, 0, 0, 0, 0, 0, 0, 0, 0, -1.49181e+35, 0, 0, 0
26.8499, 0.822966, 0.431634, 0, 0, 0, 0, 0, 0, 0, 0, -1.49181e+35, 0, 0, 0
26.8998, 0.822966, 0.431634, 0, 0, 0, 0, 0, 0, 0, 0, -1.49181e+35, 0, 0, 0
26.9498, 0.822966, 0.431634, 0, 0, 0, 0, 0, 0, 0, 0, -1.49181e+35, 0, 0, 0
26.9998, 0.822966, 0.431634, 0, 0, 0, 0, 0, 0, 0, 0, -1.49181e+35, 0, 0, 0
27.0008, 0.822966, 0.431634, 0, 0, 0, 0, 0, 0, 0, 0, -1.49181e+35, 0, 0, 0
27.0008, 0.822966, 0.431634, 0, 0, 0, 0, 0, 0, 0, 0, -1.49181e+35, 0, 0, 0
27.0508, 0.822966, 0.431634, 0, 0, 0, 0, 0, 0, 0, 0, -1.49181e+35, 0, 0, 0
27.1007, 0.822966, 0.431634, 0, 0, 0, 0, 0, 0, 0, 0, -1.49181e+35, 0, 0, 0
27.1507, 0.822966, 0.431634, 0, 0, 0, 0, 0, 0, 0, 0, -1.49181e+35, 0, 0, 0
27.2007, 0.822966, 0.431634, 0, 0, 0, 0, 0, 0, 0, 0, -1.49181e+35, 0, 0, 0
27.2507, 0.822966, 0.431634, 0, 0, 0, 0, 0, 0, 0, 0, -1.49181e+35, 0, 0, 0
27.3006, 0.822966, 0.431634, 0, 0, 0, 0, 0, 0, 0, 0, -1.49181e+35, 0, 0, 0
27.3506, 0.822966, 0.431634, 0, 0, 0, 0, 0, 0, 0, 0, -1.49181e+35, 0, 0, 0
27.4006, 0.822966, 0.431634, 0, 0, 0, 0, 0, 0, 0, 0, -1.49181e+35, 0, 0, 0
27.4505, 0.822966, 0.431634, 0, 0, 0, 0, 0, 0, 0, 0, -1.49181e+35, 0, 0, 0
27.5005, 0.822966, 0.431634, 0, 0, 0, 0, 0, 0, 0, 0, -1.49181e+35, 0, 0, 0
27.5505, 0.822966, 0.431634, 0, 0, 0, 0, 0, 0, 0, 0, -1.49181e+35, 0, 0, 0
27.6005, 0.822966, 0.431634, 0, 0, 0, 0, 0, 0, 0, 0, -1.49181e+35, 0, 0, 0
27.6504, 0.822966, 0.431634, 0, 0, 0, 0, 0, 0, 0, 0, -1.49181e+35, 0, 0, 0
27.7004, 0.822966, 0.431634, 0, 0, 0, 0, 0, 0, 0, 0, -1.49181e+35, 0, 0, 0
27.7504, 0.822966, 0.431634, 0, 0, 0, 0, 0, 0, 0, 0, -1.49181e+35, 0, 0, 0
27.8004, 0.822966, 0.431634, 0, 0, 0, 0, 0, 0, 0, 0, -1.49181e+35, 0, 0, 0
27.8503, 0.822966, 0.431634, 0, 0, 0, 0, 0, 0, 0, 0, -1.49181e+35, 0, 0, 0
27.9003, 0.822966, 0.431634, 0, 0, 0, 0, 0, 0, 0, 0, -1.49181e+35, 0, 0, 0
27.9503, 0.822966, 0.431634, 0, 0, 0, 0, 0, 0, 0, 0, -1.49181e+35, 0, 0, 0
28.0002, 0.822966, 0.431634, 0, 0, 0, 0, 0, 0, 0, 0, -1.49181e+35, 0, 0, 0
28.0002, 0.822966, 0.431634, 0, 0, 0, 0, 0, 0, 0, 0, -1.49181e+35, 0, 0, 0
28.0502, 0.822966, 0.431634, 0, 0, 0, 0, 0, 0, 0, 0, -1.49181e+35, 0, 0, 0
28.1002, 0.822966, 0.431634, 0, 0, 0, 0, 0, 0, 0, 0, -1.49181e+35, 0, 0, 0
28.1502, 0.822966, 0.431634, 0, 0, 0, 0, 0, 0, 0, 0, -1.49181e+35, 0, 0, 0
28.2001, 0.822966, 0.431634, 0, 0, 0, 0, 0, 0, 0, 0, -1.49181e+35, 0, 0, 0
28.2501, 0.822966, 0.431634, 0, 0, 0, 0, 0, 0, 0, 0, -1.49181e+35, 0, 0, 0
28.3001, 0.822966, 0.431634, 0, 0, 0, 0, 0, 0, 0, 0, -1.49181e+35, 0, 0, 0
28.35, 0.822966, 0.431634, 0, 0, 0, 0, 0, 0, 0, 0, -1.49181e+35, 0, 0, 0
28.4, 0.822966, 0.431634, 0, 0, 0, 0, 0, 0, 0, 0, -1.49181e+35, 0, 0, 0
28.45, 0.822966, 0.431634, 0, 0, 0, 0, 0, 0, 0, 0, -1.49181e+35, 0, 0, 0
28.5, 0.822966, 0.431634, 0, 0, 0, 0, 0, 0, 0, 0, -1.49181e+35, 0, 0, 0
28.5499, 0.822966, 0.431634, 0, 0, 0, 0, 0, 0, 0, 0, -1.49181e+35, 0, 0, 0
28.5999, 0.822966, 0.431634, 0, 0, 0, 0, 0, 0, 0, 0, -1.49181e+35, 0, 0, 0
28.6499, 0.822966, 0.431634, 0, 0, 0, 0, 0, 0, 0, 0, -1.49181e+35, 0, 0, 0
28.6999, 0.822966, 0.431634, 0, 0, 0, 0, 0, 0, 0, 0, -1.49181e+35, 0, 0, 0
28.7498, 0.822966, 0.431634, 0, 0, 0, 0, 0, 0, 0, 0, -1.49181e+35, 0, 0, 0
28.7998, 0.822966, 0.431634, 0, 0, 0, 0, 0, 0, 0, 0, -1.49181e+35, 0, 0, 0
28.8498, 0.822966, 0.431634, 0, 0, 0, 0, 0, 0, 0, 0, -1.49181e+35, 0, 0, 0
28.8997, 0.822966, 0.431634, 0, 0, 0, 0, 0, 0, 0, 0, -1.49181e+35, 0, 0, 0
28.9497, 0.822966, 0.431634, 0, 0, 0, 0, 0, 0, 0, 0, -1.49181e+35, 0, 0, 0
28.9997, 0.822966, 0.431634, 0, 0, 0, 0, 0, 0, 0, 0, -1.49181e+35, 0, 0, 0
29.0007, 0.822966, 0.431634, 0, 0, 0, 0, 0, 0, 0, 0, -1.49181e+35, 0, 0, 0
29.0007, 0.822966, 0.431634, 0, 0, 0, 0, 0, 0, 0, 0, -1.49181e+35, 0, 0, 0
29.0507, 0.822966, 0.431634, 0, 0, 0, 0, 0, 0, 0, 0, -1.49181e+35, 0, 0, 0
29.1006, 0.822966, 0.431634, 0, 0, 0, 0, 0, 0, 0, 0, -1.49181e+35, 0, 0, 0
29.1506, 0.822966, 0.431634, 0, 0, 0, 0, 0, 0, 0, 0, -1.49181e+35, 0, 0, 0
29.2006, 0.822966, 0.431634, 0, 0, 0, 0, 0, 0, 0, 0, -1.49181e+35, 0, 0, 0
29.2506, 0.822966, 0.431634, 0, 0, 0, 0, 0, 0, 0, 0, -1.49181e+35, 0, 0, 0
29.3005, 0.822966, 0.431634, 0, 0, 0, 0, 0, 0, 0, 0, -1.49181e+35, 0, 0, 0
29.3505, 0.822966, 0.431634, 0, 0, 0, 0, 0, 0, 0, 0, -1.49181e+35, 0, 0, 0
29.4005, 0.822966, 0.431634, 0, 0, 0, 0, 0, 0, 0, 0, -1.49181e+35, 0, 0, 0
29.4504, 0.822966, 0.431634, 0, 0, 0, 0, 0, 0, 0, 0, -1.49181e+35, 0, 0, 0
29.5004, 0.822966, 0.431634, 0, 0, 0, 0, 0, 0, 0, 0, -1.49181e+35, 0, 0, 0
29.5504, 0.822966, 0.431634, 0, 0, 0, 0, 0, 0, 0, 0, -1.49181e+35, 0, 0, 0
29.6004, 0.822966, 0.431634, 0, 0, 0, 0, 0, 0, 0, 0, -1.49181e+35, 0, 0, 0
29.6503, 0.822966, 0.431634, 0, 0, 0, 0, 0, 0, 0, 0, -1.49181e+35, 0, 0, 0
29.7003, 0.822966, 0.431634, 0, 0, 0, 0, 0, 0, 0, 0, -1.49181e+35, 0, 0, 0
29.7503, 0.822966, 0.431634, 0, 0, 0, 0, 0, 0, 0, 0, -1.49181e+35, 0, 0, 0
29.8003, 0.822966, 0.431634, 0, 0, 0, 0, 0, 0, 0, 0, -1.49181e+35, 0, 0, 0
29.8502, 0.822966, 0.431634, 0, 0, 0, 0, 0, 0, 0, 0, -1.49181e+35, 0, 0, 0
29.9002, 0.822966, 0.431634, 0, 0, 0, 0, 0, 0, 0, 0, -1.49181e+35, 0, 0, 0
29.9502, 0.822966, 0.431634, 0, 0, 0, 0, 0, 0, 0, 0, -1.49181e+35, 0, 0, 0
30.0001, 0.822966, 0.431634, 0, 0, 0, 0, 0, 0, 0, 0, -1.49181e+35, 0, 0, 0
30.0001, 0.822966, 0.431634, 0, 0, 0, 0, 0, 0, 0, 0, -1.49181e+35, 0, 0, 0
30.0501, 0.822966, 0.431634, 0, 0, 0, 0, 0, 0, 0, 0, -1.49181e+35, 0, 0, 0
30.1001, 0.822966, 0.431634, 0, 0, 0, 0, 0, 0, 0, 0, -1.49181e+35, 0, 0, 0
30.1501, 0.822966, 0.431634, 0, 0, 0, 0, 0, 0, 0, 0, -1.49181e+35, 0, 0, 0
30.2, 0.822966, 0.431634, 0, 0, 0, 0, 0, 0, 0, 0, -1.49181e+35, 0, 0, 0
30.25, 0.822966, 0.431634, 0, 0, 0, 0, 0, 0, 0, 0, -1.49181e+35, 0, 0, 0
30.3, 0.822966, 0.431634, 0, 0, 0, 0, 0, 0, 0, 0, -1.49181e+35, 0, 0, 0
30.3499, 0.822966, 0.431634, 0, 0, 0, 0, 0, 0, 0, 0, -1.49181e+35, 0, 0, 0
30.3999, 0.822966, 0.431634, 0, 0, 0, 0, 0, 0, 0, 0, -1.49181e+35, 0, 0, 0
30.4499, 0.822966, 0.431634, 0, 0, 0, 0, 0, 0, 0, 0, -1.49181e+35, 0, 0, 0
30.4999, 0.822966, 0.431634, 0, 0, 0, 0, 0, 0, 0, 0, -1.49181e+35, 0, 0, 0
30.5498, 0.822966, 0.431634, 0, 0, 0, 0, 0, 0, 0, 0, -1.49181e+35, 0, 0, 0
30.5998, 0.822966, 0.431634, 0, 0, 0, 0, 0, 0, 0, 0, -1.49181e+35, 0, 0, 0
30.6498, 0.822966, 0.431634, 0, 0, 0, 0, 0, 0, 0, 0, -1.49181e+35, 0, 0, 0
30.6998, 0.822966, 0.431634, 0, 0, 0, 0, 0, 0, 0, 0, -1.49181e+35, 0, 0, 0
30.7497, 0.822966, 0.431634, 0, 0, 0, 0, 0, 0, 0, 0, -1.49181e+35, 0, 0, 0
30.7997, 0.822966, 0.431634, 0, 0, 0, 0, 0, 0, 0, 0, -1.49181e+35, 0, 0, 0
30.8497, 0.822966, 0.431634, 0, 0, 0, 0, 0, 0, 0, 0, -1.49181e+35, 0, 0, 0
30.8996, 0.822966, 0.431634, 0, 0, 0, 0, 0, 0, 0, 0, -1.49181e+35, 0, 0, 0
30.9496, 0.822966, 0.431634, 0, 0, 0, 0, 0, 0, 0, 0, -1.49181e+35, 0, 0, 0
30.9996, 0.822966, 0.431634, 0, 0, 0, 0, 0, 0, 0, 0, -1.49181e+35, 0, 0, 0
31.0006, 0.822966, 0.431634, 0, 0, 0, 0, 0, 0, 0, 0, -1.49181e+35, 0, 0, 0
31.0006, 0.822966, 0.431634, 0, 0, 0, 0, 0, 0, 0, 0, -1.49181e+35, 0, 0, 0
31.0506, 0.822966, 0.431634, 0, 0, 0, 0, 0, 0, 0, 0, -1.49181e+35, 0, 0, 0
31.1005, 0.822966, 0.431634, 0, 0, 0, 0, 0, 0, 0, 0, -1.49181e+35, 0, 0, 0
31.1505, 0.822966, 0.431634, 0, 0, 0, 0, 0, 0, 0, 0, -1.49181e+35, 0, 0, 0
31.2005, 0.822966, 0.431634, 0, 0, 0, 0, 0, 0, 0, 0, -1.49181e+35, 0, 0, 0
31.2505, 0.822966, 0.431634, 0, 0, 0, 0, 0, 0, 0, 0, -1.49181e+35, 0, 0, 0
31.3004, 0.822966, 0.431634, 0, 0, 0, 0, 0, 0, 0, 0, -1.49181e+35, 0, 0, 0
31.3504, 0.822966, 0.431634, 0, 0, 0, 0, 0, 0, 0, 0, -1.49181e+35, 0, 0, 0
31.4004, 0.822966, 0.431634, 0, 0, 0, 0, 0, 0, 0, 0, -1.49181e+35, 0, 0, 0
31.4503, 0.822966, 0.431634, 0, 0, 0, 0, 0, 0, 0, 0, -1.49181e+35, 0, 0, 0
31.5003, 0.822966, 0.431634, 0, 0, 0, 0, 0, 0, 0, 0, -1.49181e+35, 0, 0, 0
31.5503, 0.822966, 0.431634, 0, 0, 0, 0, 0, 0, 0, 0, -1.49181e+35, 0, 0, 0
31.6003, 0.822966, 0.431634, 0, 0, 0, 0, 0, 0, 0, 0, -1.49181e+35, 0, 0, 0
31.6502, 0.822966, 0.431634, 0, 0, 0, 0, 0, 0, 0, 0, -1.49181e+35, 0, 0, 0
31.7002, 0.822966, 0.431634, 0, 0, 0, 0, 0, 0, 0, 0, -1.49181e+35, 0, 0, 0
31.7502, 0.822966, 0.431634, 0, 0, 0, 0, 0, 0, 0, 0, -1.49181e+35, 0, 0, 0
31.8002, 0.822966, 0.431634, 0, 0, 0, 0, 0, 0, 0, 0, -1.49181e+35, 0, 0, 0
31.8501, 0.822966, 0.431634, 0, 0, 0, 0, 0, 0, 0, 0, -1.49181e+35, 0, 0, 0
31.9001, 0.822966, 0.431634, 0, 0, 0, 0, 0, 0, 0, 0, -1.49181e+35, 0, 0, 0
31.9501, 0.822966, 0.431634, 0, 0, 0, 0, 0, 0, 0, 0, -1.49181e+35, 0, 0, 0
32, 0.822966, 0.431634, 0, 0, 0, 0, 0, 0, 0, 0, -1.49181e+35, 0, 0, 0
32, 0.822966, 0.431634, 0, 0, 0, 0, 0, 0, 0, 0, -1.49181e+35, 0, 0, 0
32.05, 0.822966, 0.431634, 0, 0, 0, 0, 0, 0, 0, 0, -1.49181e+35, 0, 0, 0
32.1, 0.822966, 0.431634, 0, 0, 0, 0, 0, 0, 0, 0, -1.49181e+35, 0, 0, 0
32.15, 0.822966, 0.431634, 0, 0, 0, 0, 0, 0, 0, 0, -1.49181e+35, 0, 0, 0
32.1999, 0.822966, 0.431634, 0, 0, 0, 0, 0, 0, 0, 0, -1.49181e+35, 0, 0, 0
32.2499, 0.822966, 0.431634, 0, 0, 0, 0, 0, 0, 0, 0, -1.49181e+35, 0, 0, 0
32.2999, 0.822966, 0.431634, 0, 0, 0, 0, 0, 0, 0, 0, -1.49181e+35, 0, 0, 0
32.3498, 0.822966, 0.431634, 0, 0, 0, 0, 0, 0, 0, 0, -1.49181e+35, 0, 0, 0
32.3998, 0.822966, 0.431634, 0, 0, 0, 0, 0, 0, 0, 0, -1.49181e+35, 0, 0, 0
32.4498, 0.822966, 0.431634, 0, 0, 0, 0, 0, 0, 0, 0, -1.49181e+35, 0, 0, 0
32.4998, 0.822966, 0.431634, 0, 0, 0, 0, 0, 0, 0, 0, -1.49181e+35, 0, 0, 0
32.5497, 0.822966, 0.431634, 0, 0, 0, 0, 0, 0, 0, 0, -1.49181e+35, 0, 0, 0
32.5997, 0.822966, 0.431634, 0, 0, 0, 0, 0, 0, 0, 0, -1.49181e+35, 0, 0, 0
32.6497, 0.822966, 0.431634, 0, 0, 0, 0, 0, 0, 0, 0, -1.49181e+35, 0, 0, 0
32.6997, 0.822966, 0.431634, 0, 0, 0, 0, 0, 0, 0, 0, -1.49181e+35, 0, 0, 0
32.7496, 0.822966, 0.431634, 0, 0, 0, 0, 0, 0, 0, 0, -1.49181e+35, 0, 0, 0
32.7996, 0.822966, 0.431634, 0, 0, 0, 0, 0, 0, 0, 0, -1.49181e+35, 0, 0, 0
32.8496, 0.822966, 0.431634, 0, 0, 0, 0, 0, 0, 0, 0, -1.49181e+35, 0, 0, 0
32.8995, 0.822966, 0.431634, 0, 0, 0, 0, 0, 0, 0, 0, -1.49181e+35, 0, 0, 0
32.9495, 0.822966, 0.431634, 0, 0, 0, 0, 0, 0, 0, 0, -1.49181e+35, 0, 0, 0
32.9995, 0.822966, 0.431634, 0, 0, 0, 0, 0, 0, 0, 0, -1.49181e+35, 0, 0, 0
33.0005, 0.822966, 0.431634, 0, 0, 0, 0, 0, 0, 0, 0, -1.49181e+35, 0, 0, 0
33.0005, 0.822966, 0.431634, 0, 0, 0, 0, 0, 0, 0, 0, -1.49181e+35, 0, 0, 0
33.0505, 0.822966, 0.431634, 0, 0, 0, 0, 0, 0, 0, 0, -1.49181e+35, 0, 0, 0
33.1004, 0.822966, 0.431634, 0, 0, 0, 0, 0, 0, 0, 0, -1.49181e+35, 0, 0, 0
33.1504, 0.822966, 0.431634, 0, 0, 0, 0, 0, 0, 0, 0, -1.49181e+35, 0, 0, 0
33.2004, 0.822966, 0.431634, 0, 0, 0, 0, 0, 0, 0, 0, -1.49181e+35, 0, 0, 0
33.2504, 0.822966, 0.431634, 0, 0, 0, 0, 0, 0, 0, 0, -1.49181e+35, 0, 0, 0
33.3003, 0.822966, 0.431634, 0, 0, 0, 0, 0, 0, 0, 0, -1.49181e+35, 0, 0, 0
33.3503, 0.822966, 0.431634, 0, 0, 0, 0, 0, 0, 0, 0, -1.49181e+35, 0, 0, 0
33.4003, 0.822966, 0.431634, 0, 0, 0, 0, 0, 0, 0, 0, -1.49181e+35, 0, 0, 0
33.4502, 0.822966, 0.431634, 0, 0, 0, 0, 0, 0, 0, 0, -1.49181e+35, 0, 0, 0
33.5002, 0.822966, 0.431634, 0, 0, 0, 0, 0, 0, 0, 0, -1.49181e+35, 0, 0, 0
33.5502, 0.822966, 0.431634, 0, 0, 0, 0, 0, 0, 0, 0, -1.49181e+35, 0, 0, 0
33.6002, 0.822966, 0.431634, 0, 0, 0, 0, 0, 0, 0, 0, -1.49181e+35, 0, 0, 0
33.6501, 0.822966, 0.431634, 0, 0, 0, 0, 0, 0, 0, 0, -1.49181e+35, 0, 0, 0
33.7001, 0.822966, 0.431634, 0, 0, 0, 0, 0, 0, 0, 0, -1.49181e+35, 0, 0, 0
33.7501, 0.822966, 0.431634, 0, 0, 0, 0, 0, 0, 0, 0, -1.49181e+35, 0, 0, 0
33.8001, 0.822966, 0.431634, 0, 0, 0, 0, 0, 0, 0, 0, -1.49181e+35, 0, 0, 0
33.85, 0.822966, 0.431634, 0, 0, 0, 0, 0, 0, 0, 0, -1.49181e+35, 0, 0, 0
33.9, 0.822966, 0.431634, 0, 0, 0, 0, 0, 0, 0, 0, -1.49181e+35, 0, 0, 0
33.95, 0.822966, 0.431634, 0, 0, 0, 0, 0, 0, 0, 0, -1.49181e+35, 0, 0, 0
33.9999, 0.822966, 0.431634, 0, 0, 0, 0, 0, 0, 0, 0, -1.49181e+35, 0, 0, 0
34.0009, 0.822966, 0.431634, 0, 0, 0, 0, 0, 0, 0, 0, -1.49181e+35, 0, 0, 0
34.0009, 0.822966, 0.431634, 0, 0, 0, 0, 0, 0, 0, 0, -1.49181e+35, 0, 0, 0
34.0509, 0.822966, 0.431634, 0, 0, 0, 0, 0, 0, 0, 0, -1.49181e+35, 0, 0, 0
34.1009, 0.822966, 0.431634, 0, 0, 0, 0, 0, 0, 0, 0, -1.49181e+35, 0, 0, 0
34.1509, 0.822966, 0.431634, 0, 0, 0, 0, 0, 0, 0, 0, -1.49181e+35, 0, 0, 0
34.2008, 0.822966, 0.431634, 0, 0, 0, 0, 0, 0, 0, 0, -1.49181e+35, 0, 0, 0
34.2508, 0.822966, 0.431634, 0, 0, 0, 0, 0, 0, 0, 0, -1.49181e+35, 0, 0, 0
34.3008, 0.822966, 0.431634, 0, 0, 0, 0, 0, 0, 0, 0, -1.49181e+35, 0, 0, 0
34.3507, 0.822966, 0.431634, 0, 0, 0, 0, 0, 0, 0, 0, -1.49181e+35, 0, 0, 0
34.4007, 0.822966, 0.431634, 0, 0, 0, 0, 0, 0, 0, 0, -1.49181e+35, 0, 0, 0
34.4507, 0.822966, 0.431634, 0, 0, 0, 0, 0, 0, 0, 0, -1.49181e+35, 0, 0, 0
34.5007, 0.822966, 0.431634, 0, 0, 0, 0, 0, 0, 0, 0, -1.49181e+35, 0, 0, 0
34.5506, 0.822966, 0.431634, 0, 0, 0, 0, 0, 0, 0, 0, -1.49181e+35, 0, 0, 0
34.6006, 0.822966, 0.431634, 0, 0, 0, 0, 0, 0, 0, 0, -1.49181e+35, 0, 0, 0
34.6506, 0.822966, 0.431634, 0, 0, 0, 0, 0, 0, 0, 0, -1.49181e+35, 0, 0, 0
34.7006, 0.822966, 0.431634, 0, 0, 0, 0, 0, 0, 0, 0, -1.49181e+35, 0, 0, 0
34.7505, 0.822966, 0.431634, 0, 0, 0, 0, 0, 0, 0, 0, -1.49181e+35, 0, 0, 0
34.8005, 0.822966, 0.431634, 0, 0, 0, 0, 0, 0, 0, 0, -1.49181e+35, 0, 0, 0
34.8505, 0.822966, 0.431634, 0, 0, 0, 0, 0, 0, 0, 0, -1.49181e+35, 0, 0, 0
34.9004, 0.822966, 0.431634, 0, 0, 0, 0, 0, 0, 0, 0, -1.49181e+35, 0, 0, 0
34.9504, 0.822966, 0.431634, 0, 0, 0, 0, 0, 0, 0, 0, -1.49181e+35, 0, 0, 0
35.0004, 0.822966, 0.431634, 0, 0, 0, 0, 0, 0, 0, 0, -1.49181e+35, 0, 0, 0
35.0004, 0.822966, 0.431634, 0, 0, 0, 0, 0, 0, 0, 0, -1.49181e+35, 0, 0, 0
35.0504, 0.822966, 0.431634, 0, 0, 0, 0, 0, 0, 0, 0, -1.49181e+35, 0, 0, 0
35.1003, 0.822966, 0.431634, 0, 0, 0, 0, 0, 0, 0, 0, -1.49181e+35, 0, 0, 0
35.1503, 0.822966, 0.431634, 0, 0, 0, 0, 0, 0, 0, 0, -1.49181e+35, 0, 0, 0
35.2003, 0.822966, 0.431634, 0, 0, 0, 0, 0, 0, 0, 0, -1.49181e+35, 0, 0, 0
35.2503, 0.822966, 0.431634, 0, 0, 0, 0, 0, 0, 0, 0, -1.49181e+35, 0, 0, 0
35.3002, 0.822966, 0.431634, 0, 0, 0, 0, 0, 0, 0, 0, -1.49181e+35, 0, 0, 0
35.3502, 0.822966, 0.431634, 0, 0, 0, 0, 0, 0, 0, 0, -1.49181e+35, 0, 0, 0
35.4002, 0.822966, 0.431634, 0, 0, 0, 0, 0, 0, 0, 0, -1.49181e+35, 0, 0, 0
35.4501, 0.822966, 0.431634, 0, 0, 0, 0, 0, 0, 0, 0, -1.49181e+35, 0, 0, 0
35.5001, 0.822966, 0.431634, 0, 0, 0, 0, 0, 0, 0, 0, -1.49181e+35, 0, 0, 0
35.5501, 0.822966, 0.431634, 0, 0, 0, 0, 0, 0, 0, 0, -1.49181e+35, 0, 0, 0
35.6001, 0.822966, 0.431634, 0, 0, 0, 0, 0, 0, 0, 0, -1.49181e+35, 0, 0, 0
35.65, 0.822966, 0.431634, 0, 0, 0, 0, 0, 0, 0, 0, -1.49181e+35, 0, 0, 0
35.7, 0.822966, 0.431634, 0, 0, 0, 0, 0, 0, 0, 0, -1.49181e+35, 0, 0, 0
35.75, 0.822966, 0.431634, 0, 0, 0, 0, 0, 0, 0, 0, -1.49181e+35, 0, 0, 0
35.8, 0.822966, 0.431634, 0, 0, 0, 0, 0, 0, 0, 0, -1.49181e+35, 0, 0, 0
35.8499, 0.822966, 0.431634, 0, 0, 0, 0, 0, 0, 0, 0, -1.49181e+35, 0, 0, 0
35.8999, 0.822966, 0.431634, 0, 0, 0, 0, 0, 0, 0, 0, -1.49181e+35, 0, 0, 0
35.9499, 0.822966, 0.431634, 0, 0, 0, 0, 0, 0, 0, 0, -1.49181e+35, 0, 0, 0
35.9998, 0.822966, 0.431634, 0, 0, 0, 0, 0, 0, 0, 0, -1.49181e+35, 0, 0, 0
36.0008, 0.822966, 0.431634, 0, 0, 0, 0, 0, 0, 0, 0, -1.49181e+35, 0, 0, 0
36.0008, 0.822966, 0.431634, 0, 0, 0, 0, 0, 0, 0, 0, -1.49181e+35, 0, 0, 0
36.0508, 0.822966, 0.431634, 0, 0, 0, 0, 0, 0, 0, 0, -1.49181e+35, 0, 0, 0
36.1008, 0.822966, 0.431634, 0, 0, 0, 0, 0, 0, 0, 0, -1.49181e+35, 0, 0, 0
36.1508, 0.822966, 0.431634, 0, 0, 0, 0, 0, 0, 0, 0, -1.49181e+35, 0, 0, 0
36.2007, 0.822966, 0.431634, 0, 0, 0, 0, 0, 0, 0, 0, -1.49181e+35, 0, 0, 0
36.2507, 0.822966, 0.431634, 0, 0, 0, 0, 0, 0, 0, 0, -1.49181e+35, 0, 0, 0
36.3007, 0.822966, 0.431634, 0, 0, 0, 0, 0, 0, 0, 0, -1.49181e+35, 0, 0, 0
36.3507, 0.822966, 0.431634, 0, 0, 0, 0, 0, 0, 0, 0, -1.49181e+35, 0, 0, 0
36.4006, 0.822966, 0.431634, 0, 0, 0, 0, 0, 0, 0, 0, -1.49181e+35, 0, 0, 0
36.4506, 0.822966, 0.431634, 0, 0, 0, 0, 0, 0, 0, 0, -1.49181e+35, 0, 0, 0
36.5006, 0.822966, 0.431634, 0, 0, 0, 0, 0, 0, 0, 0, -1.49181e+35, 0, 0, 0
36.5505, 0.822966, 0.431634, 0, 0, 0, 0, 0, 0, 0, 0, -1.49181e+35, 0, 0, 0
36.6005, 0.822966, 0.431634, 0, 0, 0, 0, 0, 0, 0, 0, -1.49181e+35, 0, 0, 0
36.6505, 0.822966, 0.431634, 0, 0, 0, 0, 0, 0, 0, 0, -1.49181e+35, 0, 0, 0
36.7005, 0.822966, 0.431634, 0, 0, 0, 0, 0, 0, 0, 0, -1.49181e+35, 0, 0, 0
36.7504, 0.822966, 0.431634, 0, 0, 0, 0, 0, 0, 0, 0, -1.49181e+35, 0, 0, 0
36.8004, 0.822966, 0.431634, 0, 0, 0, 0, 0, 0, 0, 0, -1.49181e+35, 0, 0, 0
36.8504, 0.822966, 0.431634, 0, 0, 0, 0, 0, 0, 0, 0, -1.49181e+35, 0, 0, 0
36.9003, 0.822966, 0.431634, 0, 0, 0, 0, 0, 0, 0, 0, -1.49181e+35, 0, 0, 0
36.9503, 0.822966, 0.431634, 0, 0, 0, 0, 0, 0, 0, 0, -1.49181e+35, 0, 0, 0
37.0003, 0.822966, 0.431634, 0, 0, 0, 0, 0, 0, 0, 0, -1.49181e+35, 0, 0, 0
37.0003, 0.822966, 0.431634, 0, 0, 0, 0, 0, 0, 0, 0, -1.49181e+35, 0, 0, 0
37.0503, 0.822966, 0.431634, 0, 0, 0, 0, 0, 0, 0, 0, -1.49181e+35, 0, 0, 0
37.1002, 0.822966, 0.431634, 0, 0, 0, 0, 0, 0, 0, 0, -1.49181e+35, 0, 0, 0
37.1502, 0.822966, 0.431634, 0, 0, 0, 0, 0, 0, 0, 0, -1.49181e+35, 0, 0, 0
37.2002, 0.822966, 0.431634, 0, 0, 0, 0, 0, 0, 0, 0, -1.49181e+35, 0, 0, 0
37.2502, 0.822966, 0.431634, 0, 0, 0, 0, 0, 0, 0, 0, -1.49181e+35, 0, 0, 0
37.3001, 0.822966, 0.431634, 0, 0, 0, 0, 0, 0, 0, 0, -1.49181e+35, 0, 0, 0
37.3501, 0.822966, 0.431634, 0, 0, 0, 0, 0, 0, 0, 0, -1.49181e+35, 0, 0, 0
37.4001, 0.822966, 0.431634, 0, 0, 0, 0, 0, 0, 0, 0, -1.49181e+35, 0, 0, 0
37.45, 0.822966, 0.431634, 0, 0, 0, 0, 0, 0, 0, 0, -1.49181e+35, 0, 0, 0
37.5, 0.822966, 0.431634, 0, 0, 0, 0, 0, 0, 0, 0, -1.49181e+35, 0, 0, 0
37.55, 0.822966, 0.431634, 0, 0, 0, 0, 0, 0, 0, 0, -1.49181e+35, 0, 0, 0
37.6, 0.822966, 0.431634, 0, 0, 0, 0, 0, 0, 0, 0, -1.49181e+35, 0, 0, 0
37.6499, 0.822966, 0.431634, 0, 0, 0, 0, 0, 0, 0, 0, -1.49181e+35, 0, 0, 0
37.6999, 0.822966, 0.431634, 0, 0, 0, 0, 0, 0, 0, 0, -1.49181e+35, 0, 0, 0
37.7499, 0.822966, 0.431634, 0, 0, 0, 0, 0, 0, 0, 0, -1.49181e+35, 0, 0, 0
37.7999, 0.822966, 0.431634, 0, 0, 0, 0, 0, 0, 0, 0, -1.49181e+35, 0, 0, 0
37.8498, 0.822966, 0.431634, 0, 0, 0, 0, 0, 0, 0, 0, -1.49181e+35, 0, 0, 0
37.8998, 0.822966, 0.431634, 0, 0, 0, 0, 0, 0, 0, 0, -1.49181e+35, 0, 0, 0
37.9498, 0.822966, 0.431634, 0, 0, 0, 0, 0, 0, 0, 0, -1.49181e+35, 0, 0, 0
37.9997, 0.822966, 0.431634, 0, 0, 0, 0, 0, 0, 0, 0, -1.49181e+35, 0, 0, 0
38.0007, 0.822966, 0.431634, 0, 0, 0, 0, 0, 0, 0, 0, -1.49181e+35, 0, 0, 0
38.0007, 0.822966, 0.431634, 0, 0, 0, 0, 0, 0, 0, 0, -1.49181e+35, 0, 0, 0
38.0507, 0.822966, 0.431634, 0, 0, 0, 0, 0, 0, 0, 0, -1.49181e+35, 0, 0, 0
38.1007, 0.822966, 0.431634, 0, 0, 0, 0, 0, 0, 0, 0, -1.49181e+35, 0, 0, 0
38.1507, 0.822966, 0.431634, 0, 0, 0, 0, 0, 0, 0, 0, -1.49181e+35, 0, 0, 0
38.2006, 0.822966, 0.431634, 0, 0, 0, 0, 0, 0, 0, 0, -1.49181e+35, 0, 0, 0
38.2506, 0.822966, 0.431634, 0, 0, 0, 0, 0, 0, 0, 0, -1.49181e+35, 0, 0, 0
38.3006, 0.822966, 0.431634, 0, 0, 0, 0, 0, 0, 0, 0, -1.49181e+35, 0, 0, 0
38.3506, 0.822966, 0.431634, 0, 0, 0, 0, 0, 0, 0, 0, -1.49181e+35, 0, 0, 0
38.4005, 0.822966, 0.431634, 0, 0, 0, 0, 0, 0, 0, 0, -1.49181e+35, 0, 0, 0
38.4505, 0.822966, 0.431634, 0, 0, 0, 0, 0, 0, 0, 0, -1.49181e+35, 0, 0, 0
38.5005, 0.822966, 0.431634, 0, 0, 0, 0, 0, 0, 0, 0, -1.49181e+35, 0, 0, 0
38.5504, 0.822966, 0.431634, 0, 0, 0, 0, 0, 0, 0, 0, -1.49181e+35, 0, 0, 0
38.6004, 0.822966, 0.431634, 0, 0, 0, 0, 0, 0, 0, 0, -1.49181e+35, 0, 0, 0
38.6504, 0.822966, 0.431634, 0, 0, 0, 0, 0, 0, 0, 0, -1.49181e+35, 0, 0, 0
38.7004, 0.822966, 0.431634, 0, 0, 0, 0, 0, 0, 0, 0, -1.49181e+35, 0, 0, 0
38.7503, 0.822966, 0.431634, 0, 0, 0, 0, 0, 0, 0, 0, -1.49181e+35, 0, 0, 0
38.8003, 0.822966, 0.431634, 0, 0, 0, 0, 0, 0, 0, 0, -1.49181e+35, 0, 0, 0
38.8503, 0.822966, 0.431634, 0, 0, 0, 0, 0, 0, 0, 0, -1.49181e+35, 0, 0, 0
38.9002, 0.822966, 0.431634, 0, 0, 0, 0, 0, 0, 0, 0, -1.49181e+35, 0, 0, 0
38.9502, 0.822966, 0.431634, 0, 0, 0, 0, 0, 0, 0, 0, -1.49181e+35, 0, 0, 0
39.0002, 0.822966, 0.431634, 0, 0, 0, 0, 0, 0, 0, 0, -1.49181e+35, 0, 0, 0
39.0002, 0.822966, 0.431634, 0, 0, 0, 0, 0, 0, 0, 0, -1.49181e+35, 0, 0, 0
39.0502, 0.822966, 0.431634, 0, 0, 0, 0, 0, 0, 0, 0, -1.49181e+35, 0, 0, 0
39.1001, 0.822966, 0.431634, 0, 0, 0, 0, 0, 0, 0, 0, -1.49181e+35, 0, 0, 0
39.1501, 0.822966, 0.431634, 0, 0, 0, 0, 0, 0, 0, 0, -1.49181e+35, 0, 0, 0
39.2001, 0.822966, 0.431634, 0, 0, 0, 0, 0, 0, 0, 0, -1.49181e+35, 0, 0, 0
39.2501, 0.822966, 0.431634, 0, 0, 0, 0, 0, 0, 0, 0, -1.49181e+35, 0, 0, 0
39.3, 0.822966, 0.431634, 0, 0, 0, 0, 0, 0, 0, 0, -1.49181e+35, 0, 0, 0
39.35, 0.822966, 0.431634, 0, 0, 0, 0, 0, 0, 0, 0, -1.49181e+35, 0, 0, 0
39.4, 0.822966, 0.431634, 0, 0, 0, 0, 0, 0, 0, 0, -1.49181e+35, 0, 0, 0
39.4499, 0.822966, 0.431634, 0, 0, 0, 0, 0, 0, 0, 0, -1.49181e+35, 0, 0, 0
39.4999, 0.822966, 0.431634, 0, 0, 0, 0, 0, 0, 0, 0, -1.49181e+35, 0, 0, 0
39.5499, 0.822966, 0.431634, 0, 0, 0, 0, 0, 0, 0, 0, -1.49181e+35, 0, 0, 0
39.5999, 0.822966, 0.431634, 0, 0, 0, 0, 0, 0, 0, 0, -1.49181e+35, 0, 0, 0
39.6498, 0.822966, 0.431634, 0, 0, 0, 0, 0, 0, 0, 0, -1.49181e+35, 0, 0, 0
39.6998, 0.822966, 0.431634, 0, 0, 0, 0, 0, 0, 0, 0, -1.49181e+35, 0, 0, 0
39.7498, 0.822966, 0.431634, 0, 0, 0, 0, 0, 0, 0, 0, -1.49181e+35, 0, 0, 0
39.7998, 0.822966, 0.431634, 0, 0, 0, 0, 0, 0, 0, 0, -1.49181e+35, 0, 0, 0
39.8497, 0.822966, 0.431634, 0, 0, 0, 0, 0, 0, 0, 0, -1.49181e+35, 0, 0, 0
39.8997, 0.822966, 0.431634, 0, 0, 0, 0, 0, 0, 0, 0, -1.49181e+35, 0, 0, 0
39.9497, 0.822966, 0.431634, 0, 0, 0, 0, 0, 0, 0, 0, -1.49181e+35, 0, 0, 0
39.9996, 0.822966, 0.431634, 0, 0, 0, 0, 0, 0, 0, 0, -1.49181e+35, 0, 0, 0
40.0006, 0.822966, 0.431634, 0, 0, 0, 0, 0, 0, 0, 0, -1.49181e+35, 0, 0, 0
40.0006, 0.822966, 0.431634, 0, 0, 0, 0, 0, 0, 0, 0, -1.49181e+35, 0, 0, 0
40.0506, 0.822966, 0.431634, 0, 0, 0, 0, 0, 0, 0, 0, -1.49181e+35, 0, 0, 0
40.1006, 0.822966, 0.431634, 0, 0, 0, 0, 0, 0, 0, 0, -1.49181e+35, 0, 0, 0
40.1506, 0.822966, 0.431634, 0, 0, 0, 0, 0, 0, 0, 0, -1.49181e+35, 0, 0, 0
40.2005, 0.822966, 0.431634, 0, 0, 0, 0, 0, 0, 0, 0, -1.49181e+35, 0, 0, 0
40.2505, 0.822966, 0.431634, 0, 0, 0, 0, 0, 0, 0, 0, -1.49181e+35, 0, 0, 0
40.3005, 0.822966, 0.431634, 0, 0, 0, 0, 0, 0, 0, 0, -1.49181e+35, 0, 0, 0
40.3505, 0.822966, 0.431634, 0, 0, 0, 0, 0, 0, 0, 0, -1.49181e+35, 0, 0, 0
40.4004, 0.822966, 0.431634, 0, 0, 0, 0, 0, 0, 0, 0, -1.49181e+35, 0, 0, 0
40.4504, 0.822966, 0.431634, 0, 0, 0, 0, 0, 0, 0, 0, -1.49181e+35, 0, 0, 0
40.5004, 0.822966, 0.431634, 0, 0, 0, 0, 0, 0, 0, 0, -1.49181e+35, 0, 0, 0
40.5503, 0.822966, 0.431634, 0, 0, 0, 0, 0, 0, 0, 0, -1.49181e+35, 0, 0, 0
40.6003, 0.822966, 0.431634, 0, 0, 0, 0, 0, 0, 0, 0, -1.49181e+35, 0, 0, 0
40.6503, 0.822966, 0.431634, 0, 0, 0, 0, 0, 0, 0, 0, -1.49181e+35, 0, 0, 0
40.7003, 0.822966, 0.431634, 0, 0, 0, 0, 0, 0, 0, 0, -1.49181e+35, 0, 0, 0
40.7502, 0.822966, 0.431634, 0, 0, 0, 0, 0, 0, 0, 0, -1.49181e+35, 0, 0, 0
40.8002, 0.822966, 0.431634, 0, 0, 0, 0, 0, 0, 0, 0, -1.49181e+35, 0, 0, 0
40.8502, 0.822966, 0.431634, 0, 0, 0, 0, 0, 0, 0, 0, -1.49181e+35, 0, 0, 0
40.9002, 0.822966, 0.431634, 0, 0, 0, 0, 0, 0, 0, 0, -1.49181e+35, 0, 0, 0
40.9501, 0.822966, 0.431634, 0, 0, 0, 0, 0, 0, 0, 0, -1.49181e+35, 0, 0, 0
41.0001, 0.822966, 0.431634, 0, 0, 0, 0, 0, 0, 0, 0, -1.49181e+35, 0, 0, 0
41.0001, 0.822966, 0.431634, 0, 0, 0, 0, 0, 0, 0, 0, -1.49181e+35, 0, 0, 0
41.0501, 0.822966, 0.431634, 0, 0, 0, 0, 0, 0, 0, 0, -1.49181e+35, 0, 0, 0
41.1, 0.822966, 0.431634, 0, 0, 0, 0, 0, 0, 0, 0, -1.49181e+35, 0, 0, 0
41.15, 0.822966, 0.431634, 0, 0, 0, 0, 0, 0, 0, 0, -1.49181e+35, 0, 0, 0
41.2, 0.822966, 0.431634, 0, 0, 0, 0, 0, 0, 0, 0, -1.49181e+35, 0, 0, 0
41.25, 0.822966, 0.431634, 0, 0, 0, 0, 0, 0, 0, 0, -1.49181e+35, 0, 0, 0
41.2999, 0.822966, 0.431634, 0, 0, 0, 0, 0, 0, 0, 0, -1.49181e+35, 0, 0, 0
41.3499, 0.822966, 0.431634, 0, 0, 0, 0, 0, 0, 0, 0, -1.49181e+35, 0, 0, 0
41.3999, 0.822966, 0.431634, 0, 0, 0, 0, 0, 0, 0, 0, -1.49181e+35, 0, 0, 0
41.4498, 0.822966, 0.431634, 0, 0, 0, 0, 0, 0, 0, 0, -1.49181e+35, 0, 0, 0
41.4998, 0.822966, 0.431634, 0, 0, 0, 0, 0, 0, 0, 0, -1.49181e+35, 0, 0, 0
41.5498, 0.822966, 0.431634, 0, 0, 0, 0, 0, 0, 0, 0, -1.49181e+35, 0, 0, 0
41.5998, 0.822966, 0.431634, 0, 0, 0, 0, 0, 0, 0, 0, -1.49181e+35, 0, 0, 0
41.6497, 0.822966, 0.431634, 0, 0, 0, 0, 0, 0, 0, 0, -1.49181e+35, 0, 0, 0
41.6997, 0.822966, 0.431634, 0, 0, 0, 0, 0, 0, 0, 0, -1.49181e+35, 0, 0, 0
41.7497, 0.822966, 0.431634, 0, 0, 0, 0, 0, 0, 0, 0, -1.49181e+35, 0, 0, 0
41.7997, 0.822966, 0.431634, 0, 0, 0, 0, 0, 0, 0, 0, -1.49181e+35, 0, 0, 0
41.8496, 0.822966, 0.431634, 0, 0, 0, 0, 0, 0, 0, 0, -1.49181e+35, 0, 0, 0
41.8996, 0.822966, 0.431634, 0, 0, 0, 0, 0, 0, 0, 0, -1.49181e+35, 0, 0, 0
41.9496, 0.822966, 0.431634, 0, 0, 0, 0, 0, 0, 0, 0, -1.49181e+35, 0, 0, 0
41.9995, 0.822966, 0.431634, 0, 0, 0, 0, 0, 0, 0, 0, -1.49181e+35, 0, 0, 0
42.0005, 0.822966, 0.431634, 0, 0, 0, 0, 0, 0, 0, 0, -1.49181e+35, 0, 0, 0
42.0005, 0.822966, 0.431634, 0, 0, 0, 0, 0, 0, 0, 0, -1.49181e+35, 0, 0, 0
42.0505, 0.822966, 0.431634, 0, 0, 0, 0, 0, 0, 0, 0, -1.49181e+35, 0, 0, 0
42.1005, 0.822966, 0.431634, 0, 0, 0, 0, 0, 0, 0, 0, -1.49181e+35, 0, 0, 0
42.1505, 0.822966, 0.431634, 0, 0, 0, 0, 0, 0, 0, 0, -1.49181e+35, 0, 0, 0
42.2004, 0.822966, 0.431634, 0, 0, 0, 0, 0, 0, 0, 0, -1.49181e+35, 0, 0, 0
42.2504, 0.822966, 0.431634, 0, 0, 0, 0, 0, 0, 0, 0, -1.49181e+35, 0, 0, 0
42.3004, 0.822966, 0.431634, 0, 0, 0, 0, 0, 0, 0, 0, -1.49181e+35, 0, 0, 0
42.3504, 0.822966, 0.431634, 0, 0, 0, 0, 0, 0, 0, 0, -1.49181e+35, 0, 0, 0
42.4003, 0.822966, 0.431634, 0, 0, 0, 0, 0, 0, 0, 0, -1.49181e+35, 0, 0, 0
42.4503, 0.822966, 0.431634, 0, 0, 0, 0, 0, 0, 0, 0, -1.49181e+35, 0, 0, 0
42.5003, 0.822966, 0.431634, 0, 0, 0, 0, 0, 0, 0, 0, -1.49181e+35, 0, 0, 0
42.5502, 0.822966, 0.431634, 0, 0, 0, 0, 0, 0, 0, 0, -1.49181e+35, 0, 0, 0
42.6002, 0.822966, 0.431634, 0, 0, 0, 0, 0, 0, 0, 0, -1.49181e+35, 0, 0, 0
42.6502, 0.822966, 0.431634, 0, 0, 0, 0, 0, 0, 0, 0, -1.49181e+35, 0, 0, 0
42.7002, 0.822966, 0.431634, 0, 0, 0, 0, 0, 0, 0, 0, -1.49181e+35, 0, 0, 0
42.7501, 0.822966, 0.431634, 0, 0, 0, 0, 0, 0, 0, 0, -1.49181e+35, 0, 0, 0
42.8001, 0.822966, 0.431634, 0, 0, 0, 0, 0, 0, 0, 0, -1.49181e+35, 0, 0, 0
42.8501, 0.822966, 0.431634, 0, 0, 0, 0, 0, 0, 0, 0, -1.49181e+35, 0, 0, 0
42.9001, 0.822966, 0.431634, 0, 0, 0, 0, 0, 0, 0, 0, -1.49181e+35, 0, 0, 0
42.95, 0.822966, 0.431634, 0, 0, 0, 0, 0, 0, 0, 0, -1.49181e+35, 0, 0, 0
43, 0.822966, 0.431634, 0, 0, 0, 0, 0, 0, 0, 0, -1.49181e+35, 0, 0, 0
43, 0.822966, 0.431634, 0, 0, 0, 0, 0, 0, 0, 0, -1.49181e+35, 0, 0, 0
43.05, 0.822966, 0.431634, 0, 0, 0, 0, 0, 0, 0, 0, -1.49181e+35, 0, 0, 0
43.0999, 0.822966, 0.431634, 0, 0, 0, 0, 0, 0, 0, 0, -1.49181e+35, 0, 0, 0
43.1499, 0.822966, 0.431634, 0, 0, 0, 0, 0, 0, 0, 0, -1.49181e+35, 0, 0, 0
43.1999, 0.822966, 0.431634, 0, 0, 0, 0, 0, 0, 0, 0, -1.49181e+35, 0, 0, 0
43.2499, 0.822966, 0.431634, 0, 0, 0, 0, 0, 0, 0, 0, -1.49181e+35, 0, 0, 0
43.2998, 0.822966, 0.431634, 0, 0, 0, 0, 0, 0, 0, 0, -1.49181e+35, 0, 0, 0
43.3498, 0.822966, 0.431634, 0, 0, 0, 0, 0, 0, 0, 0, -1.49181e+35, 0, 0, 0
43.3998, 0.822966, 0.431634, 0, 0, 0, 0, 0, 0, 0, 0, -1.49181e+35, 0, 0, 0
43.4497, 0.822966, 0.431634, 0, 0, 0, 0, 0, 0, 0, 0, -1.49181e+35, 0, 0, 0
43.4997, 0.822966, 0.431634, 0, 0, 0, 0, 0, 0, 0, 0, -1.49181e+35, 0, 0, 0
43.5497, 0.822966, 0.431634, 0, 0, 0, 0, 0, 0, 0, 0, -1.49181e+35, 0, 0, 0
43.5997, 0.822966, 0.431634, 0, 0, 0, 0, 0, 0, 0, 0, -1.49181e+35, 0, 0, 0
43.6496, 0.822966, 0.431634, 0, 0, 0, 0, 0, 0, 0, 0, -1.49181e+35, 0, 0, 0
43.6996, 0.822966, 0.431634, 0, 0, 0, 0, 0, 0, 0, 0, -1.49181e+35, 0, 0, 0
43.7496, 0.822966, 0.431634, 0, 0, 0, 0, 0, 0, 0, 0, -1.49181e+35, 0, 0, 0
43.7996, 0.822966, 0.431634, 0, 0, 0, 0, 0, 0, 0, 0, -1.49181e+35, 0, 0, 0
43.8495, 0.822966, 0.431634, 0, 0, 0, 0, 0, 0, 0, 0, -1.49181e+35, 0, 0, 0
43.8995, 0.822966, 0.431634, 0, 0, 0, 0, 0, 0, 0, 0, -1.49181e+35, 0, 0, 0
43.9495, 0.822966, 0.431634, 0, 0, 0, 0, 0, 0, 0, 0, -1.49181e+35, 0, 0, 0
43.9994, 0.822966, 0.431634, 0, 0, 0, 0, 0, 0, 0, 0, -1.49181e+35, 0, 0, 0
44.0004, 0.822966, 0.431634, 0, 0, 0, 0, 0, 0, 0, 0, -1.49181e+35, 0, 0, 0
44.0004, 0.822966, 0.431634, 0, 0, 0, 0, 0, 0, 0, 0, -1.49181e+35, 0, 0, 0
44.0504, 0.822966, 0.431634, 0, 0, 0, 0, 0, 0, 0, 0, -1.49181e+35, 0, 0, 0
44.1004, 0.822966, 0.431634, 0, 0, 0, 0, 0, 0, 0, 0, -1.49181e+35, 0, 0, 0
44.1504, 0.822966, 0.431634, 0, 0, 0, 0, 0, 0, 0, 0, -1.49181e+35, 0, 0, 0
44.2003, 0.822966, 0.431634, 0, 0, 0, 0, 0, 0, 0, 0, -1.49181e+35, 0, 0, 0
44.2503, 0.822966, 0.431634, 0, 0, 0, 0, 0, 0, 0, 0, -1.49181e+35, 0, 0, 0
44.3003, 0.822966, 0.431634, 0, 0, 0, 0, 0, 0, 0, 0, -1.49181e+35, 0, 0, 0
44.3503, 0.822966, 0.431634, 0, 0, 0, 0, 0, 0, 0, 0, -1.49181e+35, 0, 0, 0
44.4002, 0.822966, 0.431634, 0, 0, 0, 0, 0, 0, 0, 0, -1.49181e+35, 0, 0, 0
44.4502, 0.822966, 0.431634, 0, 0, 0, 0, 0, 0, 0, 0, -1.49181e+35, 0, 0, 0
44.5002, 0.822966, 0.431634, 0, 0, 0, 0, 0, 0, 0, 0, -1.49181e+35, 0, 0, 0
44.5501, 0.822966, 0.431634, 0, 0, 0, 0, 0, 0, 0, 0, -1.49181e+35, 0, 0, 0
44.6001, 0.822966, 0.431634, 0, 0, 0, 0, 0, 0, 0, 0, -1.49181e+35, 0, 0, 0
44.6501, 0.822966, 0.431634, 0, 0, 0, 0, 0, 0, 0, 0, -1.49181e+35, 0, 0, 0
44.7001, 0.822966, 0.431634, 0, 0, 0, 0, 0, 0, 0, 0, -1.49181e+35, 0, 0, 0
44.75, 0.822966, 0.431634, 0, 0, 0, 0, 0, 0, 0, 0, -1.49181e+35, 0, 0, 0
44.8, 0.822966, 0.431634, 0, 0, 0, 0, 0, 0, 0, 0, -1.49181e+35, 0, 0, 0
44.85, 0.822966, 0.431634, 0, 0, 0, 0, 0, 0, 0, 0, -1.49181e+35, 0, 0, 0
44.9, 0.822966, 0.431634, 0, 0, 0, 0, 0, 0, 0, 0, -1.49181e+35, 0, 0, 0
44.9499, 0.822966, 0.431634, 0, 0, 0, 0, 0, 0, 0, 0, -1.49181e+35, 0, 0, 0
44.9999, 0.822966, 0.431634, 0, 0, 0, 0, 0, 0, 0, 0, -1.49181e+35, 0, 0, 0
45.0009, 0.822966, 0.431634, 0, 0, 0, 0, 0, 0, 0, 0, -1.49181e+35, 0, 0, 0
45.0009, 0.822966, 0.431634, 0, 0, 0, 0, 0, 0, 0, 0, -1.49181e+35, 0, 0, 0
45.0509, 0.822966, 0.431634, 0, 0, 0, 0, 0, 0, 0, 0, -1.49181e+35, 0, 0, 0
45.1008, 0.822966, 0.431634, 0, 0, 0, 0, 0, 0, 0, 0, -1.49181e+35, 0, 0, 0
45.1508, 0.822966, 0.431634, 0, 0, 0, 0, 0, 0, 0, 0, -1.49181e+35, 0, 0, 0
45.2008, 0.822966, 0.431634, 0, 0, 0, 0, 0, 0, 0, 0, -1.49181e+35, 0, 0, 0
45.2508, 0.822966, 0.431634, 0, 0, 0, 0, 0, 0, 0, 0, -1.49181e+35, 0, 0, 0
45.3007, 0.822966, 0.431634, 0, 0, 0, 0, 0, 0, 0, 0, -1.49181e+35, 0, 0, 0
45.3507, 0.822966, 0.431634, 0, 0, 0, 0, 0, 0, 0, 0, -1.49181e+35, 0, 0, 0
45.4007, 0.822966, 0.431634, 0, 0, 0, 0, 0, 0, 0, 0, -1.49181e+35, 0, 0, 0
45.4506, 0.822966, 0.431634, 0, 0, 0, 0, 0, 0, 0, 0, -1.49181e+35, 0, 0, 0
45.5006, 0.822966, 0.431634, 0, 0, 0, 0, 0, 0, 0, 0, -1.49181e+35, 0, 0, 0
45.5506, 0.822966, 0.431634, 0, 0, 0, 0, 0, 0, 0, 0, -1.49181e+35, 0, 0, 0
45.6006, 0.822966, 0.431634, 0, 0, 0, 0, 0, 0, 0, 0, -1.49181e+35, 0, 0, 0
45.6505, 0.822966, 0.431634, 0, 0, 0, 0, 0, 0, 0, 0, -1.49181e+35, 0, 0, 0
45.7005, 0.822966, 0.431634, 0, 0, 0, 0, 0, 0, 0, 0, -1.49181e+35, 0, 0, 0
45.7505, 0.822966, 0.431634, 0, 0, 0, 0, 0, 0, 0, 0, -1.49181e+35, 0, 0, 0
45.8005, 0.822966, 0.431634, 0, 0, 0, 0, 0, 0, 0, 0, -1.49181e+35, 0, 0, 0
45.8504, 0.822966, 0.431634, 0, 0, 0, 0, 0, 0, 0, 0, -1.49181e+35, 0, 0, 0
45.9004, 0.822966, 0.431634, 0, 0, 0, 0, 0, 0, 0, 0, -1.49181e+35, 0, 0, 0
45.9504, 0.822966, 0.431634, 0, 0, 0, 0, 0, 0, 0, 0, -1.49181e+35, 0, 0, 0
46.0003, 0.822966, 0.431634, 0, 0, 0, 0, 0, 0, 0, 0, -1.49181e+35, 0, 0, 0
46.0003, 0.822966, 0.431634, 0, 0, 0, 0, 0, 0, 0, 0, -1.49181e+35, 0, 0, 0
46.0503, 0.822966, 0.431634, 0, 0, 0, 0, 0, 0, 0, 0, -1.49181e+35, 0, 0, 0
46.1003, 0.822966, 0.431634, 0, 0, 0, 0, 0, 0, 0, 0, -1.49181e+35, 0, 0, 0
46.1503, 0.822966, 0.431634, 0, 0, 0, 0, 0, 0, 0, 0, -1.49181e+35, 0, 0, 0
46.2002, 0.822966, 0.431634, 0, 0, 0, 0, 0, 0, 0, 0, -1.49181e+35, 0, 0, 0
46.2502, 0.822966, 0.431634, 0, 0, 0, 0, 0, 0, 0, 0, -1.49181e+35, 0, 0, 0
46.3002, 0.822966, 0.431634, 0, 0, 0, 0, 0, 0, 0, 0, -1.49181e+35, 0, 0, 0
46.3502, 0.822966, 0.431634, 0, 0, 0, 0, 0, 0, 0, 0, -1.49181e+35, 0, 0, 0
46.4001, 0.822966, 0.431634, 0, 0, 0, 0, 0, 0, 0, 0, -1.49181e+35, 0, 0, 0
46.4501, 0.822966, 0.431634, 0, 0, 0, 0, 0, 0, 0, 0, -1.49181e+35, 0, 0, 0
46.5001, 0.822966, 0.431634, 0, 0, 0, 0, 0, 0, 0, 0, -1.49181e+35, 0, 0, 0
46.55, 0.822966, 0.431634, 0, 0, 0, 0, 0, 0, 0, 0, -1.49181e+35, 0, 0, 0
46.6, 0.822966, 0.431634, 0, 0, 0, 0, 0, 0, 0, 0, -1.49181e+35, 0, 0, 0
46.65, 0.822966, 0.431634, 0, 0, 0, 0, 0, 0, 0, 0, -1.49181e+35, 0, 0, 0
46.7, 0.822966, 0.431634, 0, 0, 0, 0, 0, 0, 0, 0, -1.49181e+35, 0, 0, 0
46.7499, 0.822966, 0.431634, 0, 0, 0, 0, 0, 0, 0, 0, -1.49181e+35, 0, 0, 0
46.7999, 0.822966, 0.431634, 0, 0, 0, 0, 0, 0, 0, 0, -1.49181e+35, 0, 0, 0
46.8499, 0.822966, 0.431634, 0, 0, 0, 0, 0, 0, 0, 0, -1.49181e+35, 0, 0, 0
46.8999, 0.822966, 0.431634, 0, 0, 0, 0, 0, 0, 0, 0, -1.49181e+35, 0, 0, 0
46.9498, 0.822966, 0.431634, 0, 0, 0, 0, 0, 0, 0, 0, -1.49181e+35, 0, 0, 0
46.9998, 0.822966, 0.431634, 0, 0, 0, 0, 0, 0, 0, 0, -1.49181e+35, 0, 0, 0
47.0008, 0.822966, 0.431634, 0, 0, 0, 0, 0, 0, 0, 0, -1.49181e+35, 0, 0, 0
47.0008, 0.822966, 0.431634, 0, 0, 0, 0, 0, 0, 0, 0, -1.49181e+35, 0, 0, 0
47.0508, 0.822966, 0.431634, 0, 0, 0, 0, 0, 0, 0, 0, -1.49181e+35, 0, 0, 0
47.1007, 0.822966, 0.431634, 0, 0, 0, 0, 0, 0, 0, 0, -1.49181e+35, 0, 0, 0
47.1507, 0.822966, 0.431634, 0, 0, 0, 0, 0, 0, 0, 0, -1.49181e+35, 0, 0, 0
47.2007, 0.822966, 0.431634, 0, 0, 0, 0, 0, 0, 0, 0, -1.49181e+35, 0, 0, 0
47.2507, 0.822966, 0.431634, 0, 0, 0, 0, 0, 0, 0, 0, -1.49181e+35, 0, 0, 0
47.3006, 0.822966, 0.431634, 0, 0, 0, 0, 0, 0, 0, 0, -1.49181e+35, 0, 0, 0
47.3506, 0.822966, 0.431634, 0, 0, 0, 0, 0, 0, 0, 0, -1.49181e+35, 0, 0, 0
47.4006, 0.822966, 0.431634, 0, 0, 0, 0, 0, 0, 0, 0, -1.49181e+35, 0, 0, 0
47.4506, 0.822966, 0.431634, 0, 0, 0, 0, 0, 0, 0, 0, -1.49181e+35, 0, 0, 0
47.5005, 0.822966, 0.431634, 0, 0, 0, 0, 0, 0, 0, 0, -1.49181e+35, 0, 0, 0
47.5505, 0.822966, 0.431634, 0, 0, 0, 0, 0, 0, 0, 0, -1.49181e+35, 0, 0, 0
47.6005, 0.822966, 0.431634, 0, 0, 0, 0, 0, 0, 0, 0, -1.49181e+35, 0, 0, 0
47.6504, 0.822966, 0.431634, 0, 0, 0, 0, 0, 0, 0, 0, -1.49181e+35, 0, 0, 0
47.7004, 0.822966, 0.431634, 0, 0, 0, 0, 0, 0, 0, 0, -1.49181e+35, 0, 0, 0
47.7504, 0.822966, 0.431634, 0, 0, 0, 0, 0, 0, 0, 0, -1.49181e+35, 0, 0, 0
47.8004, 0.822966, 0.431634, 0, 0, 0, 0, 0, 0, 0, 0, -1.49181e+35, 0, 0, 0
47.8503, 0.822966, 0.431634, 0, 0, 0, 0, 0, 0, 0, 0, -1.49181e+35, 0, 0, 0
47.9003, 0.822966, 0.431634, 0, 0, 0, 0, 0, 0, 0, 0, -1.49181e+35, 0, 0, 0
47.9503, 0.822966, 0.431634, 0, 0, 0, 0, 0, 0, 0, 0, -1.49181e+35, 0, 0, 0
48.0002, 0.822966, 0.431634, 0, 0, 0, 0, 0, 0, 0, 0, -1.49181e+35, 0, 0, 0
48.0002, 0.822966, 0.431634, 0, 0, 0, 0, 0, 0, 0, 0, -1.49181e+35, 0, 0, 0
48.0502, 0.822966, 0.431634, 0, 0, 0, 0, 0, 0, 0, 0, -1.49181e+35, 0, 0, 0
48.1002, 0.822966, 0.431634, 0, 0, 0, 0, 0, 0, 0, 0, -1.49181e+35, 0, 0, 0
48.1502, 0.822966, 0.431634, 0, 0, 0, 0, 0, 0, 0, 0, -1.49181e+35, 0, 0, 0
48.2001, 0.822966, 0.431634, 0, 0, 0, 0, 0, 0, 0, 0, -1.49181e+35, 0, 0, 0
48.2501, 0.822966, 0.431634, 0, 0, 0, 0, 0, 0, 0, 0, -1.49181e+35, 0, 0, 0
48.3001, 0.822966, 0.431634, 0, 0, 0, 0, 0, 0, 0, 0, -1.49181e+35, 0, 0, 0
48.3501, 0.822966, 0.431634, 0, 0, 0, 0, 0, 0, 0, 0, -1.49181e+35, 0, 0, 0
48.4, 0.822966, 0.431634, 0, 0, 0, 0, 0, 0, 0, 0, -1.49181e+35, 0, 0, 0
48.45, 0.822966, 0.431634, 0, 0, 0, 0, 0, 0, 0, 0, -1.49181e+35, 0, 0, 0
48.5, 0.822966, 0.431634, 0, 0, 0, 0, 0, 0, 0, 0, -1.49181e+35, 0, 0, 0
48.5499, 0.822966, 0.431634, 0, 0, 0, 0, 0, 0, 0, 0, -1.49181e+35, 0, 0, 0
48.5999, 0.822966, 0.431634, 0, 0, 0, 0, 0, 0, 0, 0, -1.49181e+35, 0, 0, 0
48.6499, 0.822966, 0.431634, 0, 0, 0, 0, 0, 0, 0, 0, -1.49181e+35, 0, 0, 0
48.6999, 0.822966, 0.431634, 0, 0, 0, 0, 0, 0, 0, 0, -1.49181e+35, 0, 0, 0
48.7498, 0.822966, 0.431634, 0, 0, 0, 0, 0, 0, 0, 0, -1.49181e+35, 0, 0, 0
48.7998, 0.822966, 0.431634, 0, 0, 0, 0, 0, 0, 0, 0, -1.49181e+35, 0, 0, 0
48.8498, 0.822966, 0.431634, 0, 0, 0, 0, 0, 0, 0, 0, -1.49181e+35, 0, 0, 0
48.8998, 0.822966, 0.431634, 0, 0, 0, 0, 0, 0, 0, 0, -1.49181e+35, 0, 0, 0
48.9497, 0.822966, 0.431634, 0, 0, 0, 0, 0, 0, 0, 0, -1.49181e+35, 0, 0, 0
48.9997, 0.822966, 0.431634, 0, 0, 0, 0, 0, 0, 0, 0, -1.49181e+35, 0, 0, 0
49.0007, 0.822966, 0.431634, 0, 0, 0, 0, 0, 0, 0, 0, -1.49181e+35, 0, 0, 0
49.0007, 0.822966, 0.431634, 0, 0, 0, 0, 0, 0, 0, 0, -1.49181e+35, 0, 0, 0
49.0507, 0.822966, 0.431634, 0, 0, 0, 0, 0, 0, 0, 0, -1.49181e+35, 0, 0, 0
49.1006, 0.822966, 0.431634, 0, 0, 0, 0, 0, 0, 0, 0, -1.49181e+35, 0, 0, 0
49.1506, 0.822966, 0.431634, 0, 0, 0, 0, 0, 0, 0, 0, -1.49181e+35, 0, 0, 0
49.2006, 0.822966, 0.431634, 0, 0, 0, 0, 0, 0, 0, 0, -1.49181e+35, 0, 0, 0
49.2506, 0.822966, 0.431634, 0, 0, 0, 0, 0, 0, 0, 0, -1.49181e+35, 0, 0, 0
49.3005, 0.822966, 0.431634, 0, 0, 0, 0, 0, 0, 0, 0, -1.49181e+35, 0, 0, 0
49.3505, 0.822966, 0.431634, 0, 0, 0, 0, 0, 0, 0, 0, -1.49181e+35, 0, 0, 0
49.4005, 0.822966, 0.431634, 0, 0, 0, 0, 0, 0, 0, 0, -1.49181e+35, 0, 0, 0
49.4505, 0.822966, 0.431634, 0, 0, 0, 0, 0, 0, 0, 0, -1.49181e+35, 0, 0, 0
49.5004, 0.822966, 0.431634, 0, 0, 0, 0, 0, 0, 0, 0, -1.49181e+35, 0, 0, 0
49.5504, 0.822966, 0.431634, 0, 0, 0, 0, 0, 0, 0, 0, -1.49181e+35, 0, 0, 0
49.6004, 0.822966, 0.431634, 0, 0, 0, 0, 0, 0, 0, 0, -1.49181e+35, 0, 0, 0
49.6503, 0.822966, 0.431634, 0, 0, 0, 0, 0, 0, 0, 0, -1.49181e+35, 0, 0, 0
49.7003, 0.822966, 0.431634, 0, 0, 0, 0, 0, 0, 0, 0, -1.49181e+35, 0, 0, 0
49.7503, 0.822966, 0.431634, 0, 0, 0, 0, 0, 0, 0, 0, -1.49181e+35, 0, 0, 0
49.8003, 0.822966, 0.431634, 0, 0, 0, 0, 0, 0, 0, 0, -1.49181e+35, 0, 0, 0
49.8502, 0.822966, 0.431634, 0, 0, 0, 0, 0, 0, 0, 0, -1.49181e+35, 0, 0, 0
49.9002, 0.822966, 0.431634, 0, 0, 0, 0, 0, 0, 0, 0, -1.49181e+35, 0, 0, 0
49.9502, 0.822966, 0.431634, 0, 0, 0, 0, 0, 0, 0, 0, -1.49181e+35, 0, 0, 0
50.0001, 0.822966, 0.431634, 0, 0, 0, 0, 0, 0, 0, 0, -1.49181e+35, 0, 0, 0
50.0001, 0.822966, 0.431634, 0, 0, 0, 0, 0, 0, 0, 0, -1.49181e+35, 0, 0, 0
50.0501, 0.822966, 0.431634, 0, 0, 0, 0, 0, 0, 0, 0, -1.49181e+35, 0, 0, 0
50.1001, 0.822966, 0.431634, 0, 0, 0, 0, 0, 0, 0, 0, -1.49181e+35, 0, 0, 0
50.1501, 0.822966, 0.431634, 0, 0, 0, 0, 0, 0, 0, 0, -1.49181e+35, 0, 0, 0
50.2, 0.822966, 0.431634, 0, 0, 0, 0, 0, 0, 0, 0, -1.49181e+35, 0, 0, 0
50.25, 0.822966, 0.431634, 0, 0, 0, 0, 0, 0, 0, 0, -1.49181e+35, 0, 0, 0
50.3, 0.822966, 0.431634, 0, 0, 0, 0, 0, 0, 0, 0, -1.49181e+35, 0, 0, 0
50.35, 0.822966, 0.431634, 0, 0, 0, 0, 0, 0, 0, 0, -1.49181e+35, 0, 0, 0
50.3999, 0.822966, 0.431634, 0, 0, 0, 0, 0, 0, 0, 0, -1.49181e+35, 0, 0, 0
50.4499, 0.822966, 0.431634, 0, 0, 0, 0, 0, 0, 0, 0, -1.49181e+35, 0, 0, 0
50.4999, 0.822966, 0.431634, 0, 0, 0, 0, 0, 0, 0, 0, -1.49181e+35, 0, 0, 0
50.5498, 0.822966, 0.431634, 0, 0, 0, 0, 0, 0, 0, 0, -1.49181e+35, 0, 0, 0
50.5998, 0.822966, 0.431634, 0, 0, 0, 0, 0, 0, 0, 0, -1.49181e+35, 0, 0, 0
50.6498, 0.822966, 0.431634, 0, 0, 0, 0, 0, 0, 0, 0, -1.49181e+35, 0, 0, 0
50.6998, 0.822966, 0.431634, 0, 0, 0, 0, 0, 0, 0, 0, -1.49181e+35, 0, 0, 0
50.7497, 0.822966, 0.431634, 0, 0, 0, 0, 0, 0, 0, 0, -1.49181e+35, 0, 0, 0
50.7997, 0.822966, 0.431634, 0, 0, 0, 0, 0, 0, 0, 0, -1.49181e+35, 0, 0, 0
50.8497, 0.822966, 0.431634, 0, 0, 0, 0, 0, 0, 0, 0, -1.49181e+35, 0, 0, 0
50.8997, 0.822966, 0.431634, 0, 0, 0, 0, 0, 0, 0, 0, -1.49181e+35, 0, 0, 0
50.9496, 0.822966, 0.431634, 0, 0, 0, 0, 0, 0, 0, 0, -1.49181e+35, 0, 0, 0
50.9996, 0.822966, 0.431634, 0, 0, 0, 0, 0, 0, 0, 0, -1.49181e+35, 0, 0, 0
51.0006, 0.822966, 0.431634, 0, 0, 0, 0, 0, 0, 0, 0, -1.49181e+35, 0, 0, 0
51.0006, 0.822966, 0.431634, 0, 0, 0, 0, 0, 0, 0, 0, -1.49181e+35, 0, 0, 0
51.0506, 0.822966, 0.431634, 0, 0, 0, 0, 0, 0, 0, 0, -1.49181e+35, 0, 0, 0
51.1005, 0.822966, 0.431634, 0, 0, 0, 0, 0, 0, 0, 0, -1.49181e+35, 0, 0, 0
51.1505, 0.822966, 0.431634, 0, 0, 0, 0, 0, 0, 0, 0, -1.49181e+35, 0, 0, 0
51.2005, 0.822966, 0.431634, 0, 0, 0, 0, 0, 0, 0, 0, -1.49181e+35, 0, 0, 0
51.2505, 0.822966, 0.431634, 0, 0, 0, 0, 0, 0, 0, 0, -1.49181e+35, 0, 0, 0
51.3004, 0.822966, 0.431634, 0, 0, 0, 0, 0, 0, 0, 0, -1.49181e+35, 0, 0, 0
51.3504, 0.822966, 0.431634, 0, 0, 0, 0, 0, 0, 0, 0, -1.49181e+35, 0, 0, 0
51.4004, 0.822966, 0.431634, 0, 0, 0, 0, 0, 0, 0, 0, -1.49181e+35, 0, 0, 0
51.4504, 0.822966, 0.431634, 0, 0, 0, 0, 0, 0, 0, 0, -1.49181e+35, 0, 0, 0
51.5003, 0.822966, 0.431634, 0, 0, 0, 0, 0, 0, 0, 0, -1.49181e+35, 0, 0, 0
51.5503, 0.822966, 0.431634, 0, 0, 0, 0, 0, 0, 0, 0, -1.49181e+35, 0, 0, 0
51.6003, 0.822966, 0.431634, 0, 0, 0, 0, 0, 0, 0, 0, -1.49181e+35, 0, 0, 0
51.6502, 0.822966, 0.431634, 0, 0, 0, 0, 0, 0, 0, 0, -1.49181e+35, 0, 0, 0
51.7002, 0.822966, 0.431634, 0, 0, 0, 0, 0, 0, 0, 0, -1.49181e+35, 0, 0, 0
51.7502, 0.822966, 0.431634, 0, 0, 0, 0, 0, 0, 0, 0, -1.49181e+35, 0, 0, 0
51.8002, 0.822966, 0.431634, 0, 0, 0, 0, 0, 0, 0, 0, -1.49181e+35, 0, 0, 0
51.8501, 0.822966, 0.431634, 0, 0, 0, 0, 0, 0, 0, 0, -1.49181e+35, 0, 0, 0
51.9001, 0.822966, 0.431634, 0, 0, 0, 0, 0, 0, 0, 0, -1.49181e+35, 0, 0, 0
51.9501, 0.822966, 0.431634, 0, 0, 0, 0, 0, 0, 0, 0, -1.49181e+35, 0, 0, 0
52, 0.822966, 0.431634, 0, 0, 0, 0, 0, 0, 0, 0, -1.49181e+35, 0, 0, 0
52, 0.822966, 0.431634, 0, 0, 0, 0, 0, 0, 0, 0, -1.49181e+35, 0, 0, 0
52.05, 0.822966, 0.431634, 0, 0, 0, 0, 0, 0, 0, 0, -1.49181e+35, 0, 0, 0
52.1, 0.822966, 0.431634, 0, 0, 0, 0, 0, 0, 0, 0, -1.49181e+35, 0, 0, 0
52.15, 0.822966, 0.431634, 0, 0, 0, 0, 0, 0, 0, 0, -1.49181e+35, 0, 0, 0
52.1999, 0.822966, 0.431634, 0, 0, 0, 0, 0, 0, 0, 0, -1.49181e+35, 0, 0, 0
52.2499, 0.822966, 0.431634, 0, 0, 0, 0, 0, 0, 0, 0, -1.49181e+35, 0, 0, 0
52.2999, 0.822966, 0.431634, 0, 0, 0, 0, 0, 0, 0, 0, -1.49181e+35, 0, 0, 0
52.3499, 0.822966, 0.431634, 0, 0, 0, 0, 0, 0, 0, 0, -1.49181e+35, 0, 0, 0
52.3998, 0.822966, 0.431634, 0, 0, 0, 0, 0, 0, 0, 0, -1.49181e+35, 0, 0, 0
52.4498, 0.822966, 0.431634, 0, 0, 0, 0, 0, 0, 0, 0, -1.49181e+35, 0, 0, 0
52.4998, 0.822966, 0.431634, 0, 0, 0, 0, 0, 0, 0, 0, -1.49181e+35, 0, 0, 0
52.5497, 0.822966, 0.431634, 0, 0, 0, 0, 0, 0, 0, 0, -1.49181e+35, 0, 0, 0
52.5997, 0.822966, 0.431634, 0, 0, 0, 0, 0, 0, 0, 0, -1.49181e+35, 0, 0, 0
52.6497, 0.822966, 0.431634, 0, 0, 0, 0, 0, 0, 0, 0, -1.49181e+35, 0, 0, 0
52.6997, 0.822966, 0.431634, 0, 0, 0, 0, 0, 0, 0, 0, -1.49181e+35, 0, 0, 0
52.7496, 0.822966, 0.431634, 0, 0, 0, 0, 0, 0, 0, 0, -1.49181e+35, 0, 0, 0
52.7996, 0.822966, 0.431634, 0, 0, 0, 0, 0, 0, 0, 0, -1.49181e+35, 0, 0, 0
52.8496, 0.822966, 0.431634, 0, 0, 0, 0, 0, 0, 0, 0, -1.49181e+35, 0, 0, 0
52.8996, 0.822966, 0.431634, 0, 0, 0, 0, 0, 0, 0, 0, -1.49181e+35, 0, 0, 0
52.9495, 0.822966, 0.431634, 0, 0, 0, 0, 0, 0, 0, 0, -1.49181e+35, 0, 0, 0
52.9995, 0.822966, 0.431634, 0, 0, 0, 0, 0, 0, 0, 0, -1.49181e+35, 0, 0, 0
53.0005, 0.822966, 0.431634, 0, 0, 0, 0, 0, 0, 0, 0, -1.49181e+35, 0, 0, 0
53.0005, 0.822966, 0.431634, 0, 0, 0, 0, 0, 0, 0, 0, -1.49181e+35, 0, 0, 0
53.0505, 0.822966, 0.431634, 0, 0, 0, 0, 0, 0, 0, 0, -1.49181e+35, 0, 0, 0
53.1004, 0.822966, 0.431634, 0, 0, 0, 0, 0, 0, 0, 0, -1.49181e+35, 0, 0, 0
53.1504, 0.822966, 0.431634, 0, 0, 0, 0, 0, 0, 0, 0, -1.49181e+35, 0, 0, 0
53.2004, 0.822966, 0.431634, 0, 0, 0, 0, 0, 0, 0, 0, -1.49181e+35, 0, 0, 0
53.2504, 0.822966, 0.431634, 0, 0, 0, 0, 0, 0, 0, 0, -1.49181e+35, 0, 0, 0
53.3003, 0.822966, 0.431634, 0, 0, 0, 0, 0, 0, 0, 0, -1.49181e+35, 0, 0, 0
53.3503, 0.822966, 0.431634, 0, 0, 0, 0, 0, 0, 0, 0, -1.49181e+35, 0, 0, 0
53.4003, 0.822966, 0.431634, 0, 0, 0, 0, 0, 0, 0, 0, -1.49181e+35, 0, 0, 0
53.4503, 0.822966, 0.431634, 0, 0, 0, 0, 0, 0, 0, 0, -1.49181e+35, 0, 0, 0
53.5002, 0.822966, 0.431634, 0, 0, 0, 0, 0, 0, 0, 0, -1.49181e+35, 0, 0, 0
53.5502, 0.822966, 0.431634, 0, 0, 0, 0, 0, 0, 0, 0, -1.49181e+35, 0, 0, 0
53.6002, 0.822966, 0.431634, 0, 0, 0, 0, 0, 0, 0, 0, -1.49181e+35, 0, 0, 0
53.6501, 0.822966, 0.431634, 0, 0, 0, 0, 0, 0, 0, 0, -1.49181e+35, 0, 0, 0
53.7001, 0.822966, 0.431634, 0, 0, 0, 0, 0, 0, 0, 0, -1.49181e+35, 0, 0, 0
53.7501, 0.822966, 0.431634, 0, 0, 0, 0, 0, 0, 0, 0, -1.49181e+35, 0, 0, 0
53.8001, 0.822966, 0.431634, 0, 0, 0, 0, 0, 0, 0, 0, -1.49181e+35, 0, 0, 0
53.85, 0.822966, 0.431634, 0, 0, 0, 0, 0, 0, 0, 0, -1.49181e+35, 0, 0, 0
53.9, 0.822966, 0.431634, 0, 0, 0, 0, 0, 0, 0, 0, -1.49181e+35, 0, 0, 0
53.95, 0.822966, 0.431634, 0, 0, 0, 0, 0, 0, 0, 0, -1.49181e+35, 0, 0, 0
54, 0.822966, 0.431634, 0, 0, 0, 0, 0, 0, 0, 0, -1.49181e+35, 0, 0, 0
54.0009, 0.822966, 0.431634, 0, 0, 0, 0, 0, 0, 0, 0, -1.49181e+35, 0, 0, 0
54.0009, 0.822966, 0.431634, 0, 0, 0, 0, 0, 0, 0, 0, -1.49181e+35, 0, 0, 0
54.0509, 0.822966, 0.431634, 0, 0, 0, 0, 0, 0, 0, 0, -1.49181e+35, 0, 0, 0
54.1009, 0.822966, 0.431634, 0, 0, 0, 0, 0, 0, 0, 0, -1.49181e+35, 0, 0, 0
54.1509, 0.822966, 0.431634, 0, 0, 0, 0, 0, 0, 0, 0, -1.49181e+35, 0, 0, 0
54.2008, 0.822966, 0.431634, 0, 0, 0, 0, 0, 0, 0, 0, -1.49181e+35, 0, 0, 0
54.2508, 0.822966, 0.431634, 0, 0, 0, 0, 0, 0, 0, 0, -1.49181e+35, 0, 0, 0
54.3008, 0.822966, 0.431634, 0, 0, 0, 0, 0, 0, 0, 0, -1.49181e+35, 0, 0, 0
54.3508, 0.822966, 0.431634, 0, 0, 0, 0, 0, 0, 0, 0, -1.49181e+35, 0, 0, 0
54.4007, 0.822966, 0.431634, 0, 0, 0, 0, 0, 0, 0, 0, -1.49181e+35, 0, 0, 0
54.4507, 0.822966, 0.431634, 0, 0, 0, 0, 0, 0, 0, 0, -1.49181e+35, 0, 0, 0
54.5007, 0.822966, 0.431634, 0, 0, 0, 0, 0, 0, 0, 0, -1.49181e+35, 0, 0, 0
54.5506, 0.822966, 0.431634, 0, 0, 0, 0, 0, 0, 0, 0, -1.49181e+35, 0, 0, 0
54.6006, 0.822966, 0.431634, 0, 0, 0, 0, 0, 0, 0, 0, -1.49181e+35, 0, 0, 0
54.6506, 0.822966, 0.431634, 0, 0, 0, 0, 0, 0, 0, 0, -1.49181e+35, 0, 0, 0
54.7006, 0.822966, 0.431634, 0, 0, 0, 0, 0, 0, 0, 0, -1.49181e+35, 0, 0, 0
54.7505, 0.822966, 0.431634, 0, 0, 0, 0, 0, 0, 0, 0, -1.49181e+35, 0, 0, 0
54.8005, 0.822966, 0.431634, 0, 0, 0, 0, 0, 0, 0, 0, -1.49181e+35, 0, 0, 0
54.8505, 0.822966, 0.431634, 0, 0, 0, 0, 0, 0, 0, 0, -1.49181e+35, 0, 0, 0
54.9005, 0.822966, 0.431634, 0, 0, 0, 0, 0, 0, 0, 0, -1.49181e+35, 0, 0, 0
54.9504, 0.822966, 0.431634, 0, 0, 0, 0, 0, 0, 0, 0, -1.49181e+35, 0, 0, 0
55.0004, 0.822966, 0.431634, 0, 0, 0, 0, 0, 0, 0, 0, -1.49181e+35, 0, 0, 0
55.0004, 0.822966, 0.431634, 0, 0, 0, 0, 0, 0, 0, 0, -1.49181e+35, 0, 0, 0
55.0504, 0.822966, 0.431634, 0, 0, 0, 0, 0, 0, 0, 0, -1.49181e+35, 0, 0, 0
55.1003, 0.822966, 0.431634, 0, 0, 0, 0, 0, 0, 0, 0, -1.49181e+35, 0, 0, 0
55.1503, 0.822966, 0.431634, 0, 0, 0, 0, 0, 0, 0, 0, -1.49181e+35, 0, 0, 0
55.2003, 0.822966, 0.431634, 0, 0, 0, 0, 0, 0, 0, 0, -1.49181e+35, 0, 0, 0
55.2503, 0.822966, 0.431634, 0, 0, 0, 0, 0, 0, 0, 0, -1.49181e+35, 0, 0, 0
55.3002, 0.822966, 0.431634, 0, 0, 0, 0, 0, 0, 0, 0, -1.49181e+35, 0, 0, 0
55.3502, 0.822966, 0.431634, 0, 0, 0, 0, 0, 0, 0, 0, -1.49181e+35, 0, 0, 0
55.4002, 0.822966, 0.431634, 0, 0, 0, 0, 0, 0, 0, 0, -1.49181e+35, 0, 0, 0
55.4502, 0.822966, 0.431634, 0, 0, 0, 0, 0, 0, 0, 0, -1.49181e+35, 0, 0, 0
55.5001, 0.822966, 0.431634, 0, 0, 0, 0, 0, 0, 0, 0, -1.49181e+35, 0, 0, 0
55.5501, 0.822966, 0.431634, 0, 0, 0, 0, 0, 0, 0, 0, -1.49181e+35, 0, 0, 0
55.6001, 0.822966, 0.431634, 0, 0, 0, 0, 0, 0, 0, 0, -1.49181e+35, 0, 0, 0
55.65, 0.822966, 0.431634, 0, 0, 0, 0, 0, 0, 0, 0, -1.49181e+35, 0, 0, 0
55.7, 0.822966, 0.431634, 0, 0, 0, 0, 0, 0, 0, 0, -1.49181e+35, 0, 0, 0
55.75, 0.822966, 0.431634, 0, 0, 0, 0, 0, 0, 0, 0, -1.49181e+35, 0, 0, 0
55.8, 0.822966, 0.431634, 0, 0, 0, 0, 0, 0, 0, 0, -1.49181e+35, 0, 0, 0
55.8499, 0.822966, 0.431634, 0, 0, 0, 0, 0, 0, 0, 0, -1.49181e+35, 0, 0, 0
55.8999, 0.822966, 0.431634, 0, 0, 0, 0, 0, 0, 0, 0, -1.49181e+35, 0, 0, 0
55.9499, 0.822966, 0.431634, 0, 0, 0, 0, 0, 0, 0, 0, -1.49181e+35, 0, 0, 0
55.9999, 0.822966, 0.431634, 0, 0, 0, 0, 0, 0, 0, 0, -1.49181e+35, 0, 0, 0
56.0009, 0.822966, 0.431634, 0, 0, 0, 0, 0, 0, 0, 0, -1.49181e+35, 0, 0, 0
56.0009, 0.822966, 0.431634, 0, 0, 0, 0, 0, 0, 0, 0, -1.49181e+35, 0, 0, 0
56.0508, 0.822966, 0.431634, 0, 0, 0, 0, 0, 0, 0, 0, -1.49181e+35, 0, 0, 0
56.1008, 0.822966, 0.431634, 0, 0, 0, 0, 0, 0, 0, 0, -1.49181e+35, 0, 0, 0
56.1508, 0.822966, 0.431634, 0, 0, 0, 0, 0, 0, 0, 0, -1.49181e+35, 0, 0, 0
56.2007, 0.822966, 0.431634, 0, 0, 0, 0, 0, 0, 0, 0, -1.49181e+35, 0, 0, 0
56.2507, 0.822966, 0.431634, 0, 0, 0, 0, 0, 0, 0, 0, -1.49181e+35, 0, 0, 0
56.3007, 0.822966, 0.431634, 0, 0, 0, 0, 0, 0, 0, 0, -1.49181e+35, 0, 0, 0
56.3507, 0.822966, 0.431634, 0, 0, 0, 0, 0, 0, 0, 0, -1.49181e+35, 0, 0, 0
56.4006, 0.822966, 0.431634, 0, 0, 0, 0, 0, 0, 0, 0, -1.49181e+35, 0, 0, 0
56.4506, 0.822966, 0.431634, 0, 0, 0, 0, 0, 0, 0, 0, -1.49181e+35, 0, 0, 0
56.5006, 0.822966, 0.431634, 0, 0, 0, 0, 0, 0, 0, 0, -1.49181e+35, 0, 0, 0
56.5505, 0.822966, 0.431634, 0, 0, 0, 0, 0, 0, 0, 0, -1.49181e+35, 0, 0, 0
56.6005, 0.822966, 0.431634, 0, 0, 0, 0, 0, 0, 0, 0, -1.49181e+35, 0, 0, 0
56.6505, 0.822966, 0.431634, 0, 0, 0, 0, 0, 0, 0, 0, -1.49181e+35, 0, 0, 0
56.7005, 0.822966, 0.431634, 0, 0, 0, 0, 0, 0, 0, 0, -1.49181e+35, 0, 0, 0
56.7504, 0.822966, 0.431634, 0, 0, 0, 0, 0, 0, 0, 0, -1.49181e+35, 0, 0, 0
56.8004, 0.822966, 0.431634, 0, 0, 0, 0, 0, 0, 0, 0, -1.49181e+35, 0, 0, 0
56.8504, 0.822966, 0.431634, 0, 0, 0, 0, 0, 0, 0, 0, -1.49181e+35, 0, 0, 0
56.9004, 0.822966, 0.431634, 0, 0, 0, 0, 0, 0, 0, 0, -1.49181e+35, 0, 0, 0
56.9503, 0.822966, 0.431634, 0, 0, 0, 0, 0, 0, 0, 0, -1.49181e+35, 0, 0, 0
57.0003, 0.822966, 0.431634, 0, 0, 0, 0, 0, 0, 0, 0, -1.49181e+35, 0, 0, 0
57.0003, 0.822966, 0.431634, 0, 0, 0, 0, 0, 0, 0, 0, -1.49181e+35, 0, 0, 0
57.0503, 0.822966, 0.431634, 0, 0, 0, 0, 0, 0, 0, 0, -1.49181e+35, 0, 0, 0
57.1002, 0.822966, 0.431634, 0, 0, 0, 0, 0, 0, 0, 0, -1.49181e+35, 0, 0, 0
57.1502, 0.822966, 0.431634, 0, 0, 0, 0, 0, 0, 0, 0, -1.49181e+35, 0, 0, 0
57.2002, 0.822966, 0.431634, 0, 0, 0, 0, 0, 0, 0, 0, -1.49181e+35, 0, 0, 0
57.2502, 0.822966, 0.431634, 0, 0, 0, 0, 0, 0, 0, 0, -1.49181e+35, 0, 0, 0
57.3001, 0.822966, 0.431634, 0, 0, 0, 0, 0, 0, 0, 0, -1.49181e+35, 0, 0, 0
57.3501, 0.822966, 0.431634, 0, 0, 0, 0, 0, 0, 0, 0, -1.49181e+35, 0, 0, 0
57.4001, 0.822966, 0.431634, 0, 0, 0, 0, 0, 0, 0, 0, -1.49181e+35, 0, 0, 0
57.4501, 0.822966, 0.431634, 0, 0, 0, 0, 0, 0, 0, 0, -1.49181e+35, 0, 0, 0
57.5, 0.822966, 0.431634, 0, 0, 0, 0, 0, 0, 0, 0, -1.49181e+35, 0, 0, 0
57.55, 0.822966, 0.431634, 0, 0, 0, 0, 0, 0, 0, 0, -1.49181e+35, 0, 0, 0
57.6, 0.822966, 0.431634, 0, 0, 0, 0, 0, 0, 0, 0, -1.49181e+35, 0, 0, 0
57.6499, 0.822966, 0.431634, 0, 0, 0, 0, 0, 0, 0, 0, -1.49181e+35, 0, 0, 0
57.6999, 0.822966, 0.431634, 0, 0, 0, 0, 0, 0, 0, 0, -1.49181e+35, 0, 0, 0
57.7499, 0.822966, 0.431634, 0, 0, 0, 0, 0, 0, 0, 0, -1.49181e+35, 0, 0, 0
57.7999, 0.822966, 0.431634, 0, 0, 0, 0, 0, 0, 0, 0, -1.49181e+35, 0, 0, 0
57.8498, 0.822966, 0.431634, 0, 0, 0, 0, 0, 0, 0, 0, -1.49181e+35, 0, 0, 0
57.8998, 0.822966, 0.431634, 0, 0, 0, 0, 0, 0, 0, 0, -1.49181e+35, 0, 0, 0
57.9498, 0.822966, 0.431634, 0, 0, 0, 0, 0, 0, 0, 0, -1.49181e+35, 0, 0, 0
57.9998, 0.822966, 0.431634, 0, 0, 0, 0, 0, 0, 0, 0, -1.49181e+35, 0, 0, 0
58.0008, 0.822966, 0.431634, 0, 0, 0, 0, 0, 0, 0, 0, -1.49181e+35, 0, 0, 0
58.0008, 0.822966, 0.431634, 0, 0, 0, 0, 0, 0, 0, 0, -1.49181e+35, 0, 0, 0
58.0507, 0.822966, 0.431634, 0, 0, 0, 0, 0, 0, 0, 0, -1.49181e+35, 0, 0, 0
58.1007, 0.822966, 0.431634, 0, 0, 0, 0, 0, 0, 0, 0, -1.49181e+35, 0, 0, 0
58.1507, 0.822966, 0.431634, 0, 0, 0, 0, 0, 0, 0, 0, -1.49181e+35, 0, 0, 0
58.2006, 0.822966, 0.431634, 0, 0, 0, 0, 0, 0, 0, 0, -1.49181e+35, 0, 0, 0
58.2506, 0.822966, 0.431634, 0, 0, 0, 0, 0, 0, 0, 0, -1.49181e+35, 0, 0, 0
58.3006, 0.822966, 0.431634, 0, 0, 0, 0, 0, 0, 0, 0, -1.49181e+35, 0, 0, 0
58.3506, 0.822966, 0.431634, 0, 0, 0, 0, 0, 0, 0, 0, -1.49181e+35, 0, 0, 0
58.4005, 0.822966, 0.431634, 0, 0, 0, 0, 0, 0, 0, 0, -1.49181e+35, 0, 0, 0
58.4505, 0.822966, 0.431634, 0, 0, 0, 0, 0, 0, 0, 0, -1.49181e+35, 0, 0, 0
58.5005, 0.822966, 0.431634, 0, 0, 0, 0, 0, 0, 0, 0, -1.49181e+35, 0, 0, 0
58.5504, 0.822966, 0.431634, 0, 0, 0, 0, 0, 0, 0, 0, -1.49181e+35, 0, 0, 0
58.6004, 0.822966, 0.431634, 0, 0, 0, 0, 0, 0, 0, 0, -1.49181e+35, 0, 0, 0
58.6504, 0.822966, 0.431634, 0, 0, 0, 0, 0, 0, 0, 0, -1.49181e+35, 0, 0, 0
58.7004, 0.822966, 0.431634, 0, 0, 0, 0, 0, 0, 0, 0, -1.49181e+35, 0, 0, 0
58.7503, 0.822966, 0.431634, 0, 0, 0, 0, 0, 0, 0, 0, -1.49181e+35, 0, 0, 0
58.8003, 0.822966, 0.431634, 0, 0, 0, 0, 0, 0, 0, 0, -1.49181e+35, 0, 0, 0
58.8503, 0.822966, 0.431634, 0, 0, 0, 0, 0, 0, 0, 0, -1.49181e+35, 0, 0, 0
58.9003, 0.822966, 0.431634, 0, 0, 0, 0, 0, 0, 0, 0, -1.49181e+35, 0, 0, 0
58.9502, 0.822966, 0.431634, 0, 0, 0, 0, 0, 0, 0, 0, -1.49181e+35, 0, 0, 0
59.0002, 0.822966, 0.431634, 0, 0, 0, 0, 0, 0, 0, 0, -1.49181e+35, 0, 0, 0
59.0002, 0.822966, 0.431634, 0, 0, 0, 0, 0, 0, 0, 0, -1.49181e+35, 0, 0, 0
59.0502, 0.822966, 0.431634, 0, 0, 0, 0, 0, 0, 0, 0, -1.49181e+35, 0, 0, 0
59.1001, 0.822966, 0.431634, 0, 0, 0, 0, 0, 0, 0, 0, -1.49181e+35, 0, 0, 0
59.1501, 0.822966, 0.431634, 0, 0, 0, 0, 0, 0, 0, 0, -1.49181e+35, 0, 0, 0
59.2001, 0.822966, 0.431634, 0, 0, 0, 0, 0, 0, 0, 0, -1.49181e+35, 0, 0, 0
59.2501, 0.822966, 0.431634, 0, 0, 0, 0, 0, 0, 0, 0, -1.49181e+35, 0, 0, 0
59.3, 0.822966, 0.431634, 0, 0, 0, 0, 0, 0, 0, 0, -1.49181e+35, 0, 0, 0
59.35, 0.822966, 0.431634, 0, 0, 0, 0, 0, 0, 0, 0, -1.49181e+35, 0, 0, 0
59.4, 0.822966, 0.431634, 0, 0, 0, 0, 0, 0, 0, 0, -1.49181e+35, 0, 0, 0
59.45, 0.822966, 0.431634, 0, 0, 0, 0, 0, 0, 0, 0, -1.49181e+35, 0, 0, 0
59.4999, 0.822966, 0.431634, 0, 0, 0, 0, 0, 0, 0, 0, -1.49181e+35, 0, 0, 0
59.5499, 0.822966, 0.431634, 0, 0, 0, 0, 0, 0, 0, 0, -1.49181e+35, 0, 0, 0
59.5999, 0.822966, 0.431634, 0, 0, 0, 0, 0, 0, 0, 0, -1.49181e+35, 0, 0, 0
59.6498, 0.822966, 0.431634, 0, 0, 0, 0, 0, 0, 0, 0, -1.49181e+35, 0, 0, 0
59.6998, 0.822966, 0.431634, 0, 0, 0, 0, 0, 0, 0, 0, -1.49181e+35, 0, 0, 0
59.7498, 0.822966, 0.431634, 0, 0, 0, 0, 0, 0, 0, 0, -1.49181e+35, 0, 0, 0
59.7998, 0.822966, 0.431634, 0, 0, 0, 0, 0, 0, 0, 0, -1.49181e+35, 0, 0, 0
59.8497, 0.822966, 0.431634, 0, 0, 0, 0, 0, 0, 0, 0, -1.49181e+35, 0, 0, 0
59.8997, 0.822966, 0.431634, 0, 0, 0, 0, 0, 0, 0, 0, -1.49181e+35, 0, 0, 0
59.9497, 0.822966, 0.431634, 0, 0, 0, 0, 0, 0, 0, 0, -1.49181e+35, 0, 0, 0
59.9997, 0.822966, 0.431634, 0, 0, 0, 0, 0, 0, 0, 0, -1.49181e+35, 0, 0, 0
60.0007, 0.822966, 0.431634, 0, 0, 0, 0, 0, 0, 0, 0, -1.49181e+35, 0, 0, 0
60.0007, 0.822966, 0.431634, 0.822966, 0.431634, 0, 0, 0, 0, 0, 0, -1.49181e+35, 0, 0, 0
60.0506, 0.822966, 0.431634, 0.822966, 0.431634, 0, 0, 0, 0, 0, 0, -1.49181e+35, 0, 0, 0
60.1006, 0.822966, 0.431634, 0.822966, 0.431634, 0, 0, 0, 0, 0, 0, -1.49181e+35, 0, 0, 0
60.1506, 0.822966, 0.431634, 0.822966, 0.431634, 0, 0, 0, 0, 0, 0, -1.49181e+35, 0, 0, 0
60.2005, 0.822966, 0.431634, 0.822966, 0.431634, 0, 0, 0, 0, 0, 0, -1.49181e+35, 0, 0, 0
60.2505, 0.822966, 0.431634, 0.822966, 0.431634, 0, 0, 0, 0, 0, 0, -1.49181e+35, 0, 0, 0
60.3005, 0.822966, 0.431634, 0.822966, 0.431634, 0, 0, 0, 0, 0, 0, -1.49181e+35, 0, 0, 0
60.3505, 0.822966, 0.431634, 0.822966, 0.431634, 0, 0, 0, 0, 0, 0, -1.49181e+35, 0, 0, 0
60.4004, 0.822966, 0.431634, 0.822966, 0.431634, 0, 0, 0, 0, 0, 0, -1.49181e+35, 0, 0, 0
60.4504, 0.822966, 0.431634, 0.822966, 0.431634, 0, 0, 0, 0, 0, 0, -1.49181e+35, 0, 0, 0
60.5004, 0.822966, 0.431634, 0.822966, 0.431634, 0, 0, 0, 0, 0, 0, -1.49181e+35, 0, 0, 0
60.5504, 0.822966, 0.431634, 0.822966, 0.431634, 0, 0, 0, 0, 0, 0, -1.49181e+35, 0, 0, 0
60.6003, 0.822966, 0.431634, 0.822966, 0.431634, 0, 0, 0, 0, 0, 0, -1.49181e+35, 0, 0, 0
60.6503, 0.822966, 0.431634, 0.822966, 0.431634, 0, 0, 0, 0, 0, 0, -1.49181e+35, 0, 0, 0
60.7003, 0.822966, 0.431634, 0.822966, 0.431634, 0, 0, 0, 0, 0, 0, -1.49181e+35, 0, 0, 0
60.7502, 0.822966, 0.431634, 0.822966, 0.431634, 0, 0, 0, 0, 0, 0, -1.49181e+35, 0, 0, 0
60.8002, 0.822966, 0.431634, 0.822966, 0.431634, 0, 0, 0, 0, 0, 0, -1.49181e+35, 0, 0, 0
60.8502, 0.822966, 0.431634, 0.822966, 0.431634, 0, 0, 0, 0, 0, 0, -1.49181e+35, 0, 0, 0
60.9002, 0.822966, 0.431634, 0.822966, 0.431634, 0, 0, 0, 0, 0, 0, -1.49181e+35, 0, 0, 0
60.9501, 0.822966, 0.431634, 0.822966, 0.431634, 0, 0, 0, 0, 0, 0, -1.49181e+35, 0, 0, 0
61.0001, 0.822966, 0.431634, 0.822966, 0.431634, 0, 0, 0, 0, 0, 0, -1.49181e+35, 0, 0, 0
61.0001, 0.822966, 0.431634, 0.822966, 0.431634, 0, 0, 0, 0, 0, 0, -1.49181e+35, 0, 0, 0
61.0501, 0.822966, 0.431634, 0.822966, 0.431634, 0, 0, 0, 0, 0, 0, -1.49181e+35, 0, 0, 0
61.1, 0.822966, 0.431634, 0.822966, 0.431634, 0, 0, 0, 0, 0, 0, -1.49181e+35, 0, 0, 0
61.15, 0.822966, 0.431634, 0.822966, 0.431634, 0, 0, 0, 0, 0, 0, -1.49181e+35, 0, 0, 0
61.2, 0.822966, 0.431634, 0.822966, 0.431634, 0, 0, 0, 0, 0, 0, -1.49181e+35, 0, 0, 0
61.25, 0.822966, 0.431634, 0.822966, 0.431634, 0, 0, 0, 0, 0, 0, -1.49181e+35, 0, 0, 0
61.2999, 0.822966, 0.431634, 0.822966, 0.431634, 0, 0, 0, 0, 0, 0, -1.49181e+35, 0, 0, 0
61.3499, 0.822966, 0.431634, 0.822966, 0.431634, 0, 0, 0, 0, 0, 0, -1.49181e+35, 0, 0, 0
61.3999, 0.822966, 0.431634, 0.822966, 0.431634, 0, 0, 0, 0, 0, 0, -1.49181e+35, 0, 0, 0
61.4499, 0.822966, 0.431634, 0.822966, 0.431634, 0, 0, 0, 0, 0, 0, -1.49181e+35, 0, 0, 0
61.4998, 0.822966, 0.431634, 0.822966, 0.431634, 0, 0, 0, 0, 0, 0, -1.49181e+35, 0, 0, 0
61.5498, 0.822966, 0.431634, 0.822966, 0.431634, 0, 0, 0, 0, 0, 0, -1.49181e+35, 0, 0, 0
61.5998, 0.822966, 0.431634, 0.822966, 0.431634, 0, 0, 0, 0, 0, 0, -1.49181e+35, 0, 0, 0
61.6497, 0.822966, 0.431634, 0.822966, 0.431634, 0, 0, 0, 0, 0, 0, -1.49181e+35, 0, 0, 0
61.6997, 0.822966, 0.431634, 0.822966, 0.431634, 0, 0, 0, 0, 0, 0, -1.49181e+35, 0, 0, 0
61.7497, 0.822966, 0.431634, 0.822966, 0.431634, 0, 0, 0, 0, 0, 0, -1.49181e+35, 0, 0, 0
61.7997, 0.822966, 0.431634, 0.822966, 0.431634, 0, 0, 0, 0, 0, 0, -1.49181e+35, 0, 0, 0
61.8496, 0.822966, 0.431634, 0.822966, 0.431634, 0, 0, 0, 0, 0, 0, -1.49181e+35, 0, 0, 0
61.8996, 0.822966, 0.431634, 0.822966, 0.431634, 0, 0, 0, 0, 0, 0, -1.49181e+35, 0, 0, 0
61.9496, 0.822966, 0.431634, 0.822966, 0.431634, 0, 0, 0, 0, 0, 0, -1.49181e+35, 0, 0, 0
61.9996, 0.822966, 0.431634, 0.822966, 0.431634, 0, 0, 0, 0, 0, 0, -1.49181e+35, 0, 0, 0
62.0006, 0.822966, 0.431634, 0.822966, 0.431634, 0, 0, 0, 0, 0, 0, -1.49181e+35, 0, 0, 0
62.0006, 0.822966, 0.431634, 0.822966, 0.431634, 0, 0, 0, 0, 0, 0, -1.49181e+35, 0, 0, 0
62.0505, 0.822966, 0.431634, 0.822966, 0.431634, 0, 0, 0, 0, 0, 0, -1.49181e+35, 0, 0, 0
62.1005, 0.822966, 0.431634, 0.822966, 0.431634, 0, 0, 0, 0, 0, 0, -1.49181e+35, 0, 0, 0
62.1505, 0.822966, 0.431634, 0.822966, 0.431634, 0, 0, 0, 0, 0, 0, -1.49181e+35, 0, 0, 0
62.2004, 0.822966, 0.431634, 0.822966, 0.431634, 0, 0, 0, 0, 0, 0, -1.49181e+35, 0, 0, 0
62.2504, 0.822966, 0.431634, 0.822966, 0.431634, 0, 0, 0, 0, 0, 0, -1.49181e+35, 0, 0, 0
62.3004, 0.822966, 0.431634, 0.822966, 0.431634, 0, 0, 0, 0, 0, 0, -1.49181e+35, 0, 0, 0
62.3504, 0.822966, 0.431634, 0.822966, 0.431634, 0, 0, 0, 0, 0, 0, -1.49181e+35, 0, 0, 0
62.4003, 0.822966, 0.431634, 0.822966, 0.431634, 0, 0, 0, 0, 0, 0, -1.49181e+35, 0, 0, 0
62.4503, 0.822966, 0.431634, 0.822966, 0.431634, 0, 0, 0, 0, 0, 0, -1.49181e+35, 0, 0, 0
62.5003, 0.822966, 0.431634, 0.822966, 0.431634, 0, 0, 0, 0, 0, 0, -1.49181e+35, 0, 0, 0
62.5503, 0.822966, 0.431634, 0.822966, 0.431634, 0, 0, 0, 0, 0, 0, -1.49181e+35, 0, 0, 0
62.6002, 0.822966, 0.431634, 0.822966, 0.431634, 0, 0, 0, 0, 0, 0, -1.49181e+35, 0, 0, 0
62.6502, 0.822966, 0.431634, 0.822966, 0.431634, 0, 0, 0, 0, 0, 0, -1.49181e+35, 0, 0, 0
62.7002, 0.822966, 0.431634, 0.822966, 0.431634, 0, 0, 0, 0, 0, 0, -1.49181e+35, 0, 0, 0
62.7501, 0.822966, 0.431634, 0.822966, 0.431634, 0, 0, 0, 0, 0, 0, -1.49181e+35, 0, 0, 0
62.8001, 0.822966, 0.431634, 0.822966, 0.431634, 0, 0, 0, 0, 0, 0, -1.49181e+35, 0, 0, 0
62.8501, 0.822966, 0.431634, 0.822966, 0.431634, 0, 0, 0, 0, 0, 0, -1.49181e+35, 0, 0, 0
62.9001, 0.822966, 0.431634, 0.822966, 0.431634, 0, 0, 0, 0, 0, 0, -1.49181e+35, 0, 0, 0
62.95, 0.822966, 0.431634, 0.822966, 0.431634, 0, 0, 0, 0, 0, 0, -1.49181e+35, 0, 0, 0
63, 0.822966, 0.431634, 0.822966, 0.431634, 0, 0, 0, 0, 0, 0, -1.49181e+35, 0, 0, 0
63, 0.822966, 0.431634, 0.822966, 0.431634, 0, 0, 0, 0, 0, 0, -1.49181e+35, 0, 0, 0
63.05, 0.822966, 0.431634, 0.822966, 0.431634, 0, 0, 0, 0, 0, 0, -1.49181e+35, 0, 0, 0
63.0999, 0.822966, 0.431634, 0.822966, 0.431634, 0, 0, 0, 0, 0, 0, -1.49181e+35, 0, 0, 0
63.1499, 0.822966, 0.431634, 0.822966, 0.431634, 0, 0, 0, 0, 0, 0, -1.49181e+35, 0, 0, 0
63.1999, 0.822966, 0.431634, 0.822966, 0.431634, 0, 0, 0, 0, 0, 0, -1.49181e+35, 0, 0, 0
63.2499, 0.822966, 0.431634, 0.822966, 0.431634, 0, 0, 0, 0, 0, 0, -1.49181e+35, 0, 0, 0
63.2998, 0.822966, 0.431634, 0.822966, 0.431634, 0, 0, 0, 0, 0, 0, -1.49181e+35, 0, 0, 0
63.3498, 0.822966, 0.431634, 0.822966, 0.431634, 0, 0, 0, 0, 0, 0, -1.49181e+35, 0, 0, 0
63.3998, 0.822966, 0.431634, 0.822966, 0.431634, 0, 0, 0, 0, 0, 0, -1.49181e+35, 0, 0, 0
63.4498, 0.822966, 0.431634, 0.822966, 0.431634, 0, 0, 0, 0, 0, 0, -1.49181e+35, 0, 0, 0
63.4997, 0.822966, 0.431634, 0.822966, 0.431634, 0, 0, 0, 0, 0, 0, -1.49181e+35, 0, 0, 0
63.5497, 0.822966, 0.431634, 0.822966, 0.431634, 0, 0, 0, 0, 0, 0, -1.49181e+35, 0, 0, 0
63.5997, 0.822966, 0.431634, 0.822966, 0.431634, 0, 0, 0, 0, 0, 0, -1.49181e+35, 0, 0, 0
63.6496, 0.822966, 0.431634, 0.822966, 0.431634, 0, 0, 0, 0, 0, 0, -1.49181e+35, 0, 0, 0
63.6996, 0.822966, 0.431634, 0.822966, 0.431634, 0, 0, 0, 0, 0, 0, -1.49181e+35, 0, 0, 0
63.7496, 0.822966, 0.431634, 0.822966, 0.431634, 0, 0, 0, 0, 0, 0, -1.49181e+35, 0, 0, 0
63.7996, 0.822966, 0.431634, 0.822966, 0.431634, 0, 0, 0, 0, 0, 0, -1.49181e+35, 0, 0, 0
63.8495, 0.822966, 0.431634, 0.822966, 0.431634, 0, 0, 0, 0, 0, 0, -1.49181e+35, 0, 0, 0
63.8995, 0.822966, 0.431634, 0.822966, 0.431634, 0, 0, 0, 0, 0, 0, -1.49181e+35, 0, 0, 0
63.9495, 0.822966, 0.431634, 0.822966, 0.431634, 0, 0, 0, 0, 0, 0, -1.49181e+35, 0, 0, 0
63.9995, 0.822966, 0.431634, 0.822966, 0.431634, 0, 0, 0, 0, 0, 0, -1.49181e+35, 0, 0, 0
64.0005, 0.822966, 0.431634, 0.822966, 0.431634, 0, 0, 0, 0, 0, 0, -1.49181e+35, 0, 0, 0
64.0005, 0.822966, 0.431634, 0.822966, 0.431634, 0, 0, 0, 0, 0, 0, -1.49181e+35, 0, 0, 0
64.0504, 0.822966, 0.431634, 0.822966, 0.431634, 0, 0, 0, 0, 0, 0, -1.49181e+35, 0, 0, 0
64.1004, 0.822966, 0.431634, 0.822966, 0.431634, 0, 0, 0, 0, 0, 0, -1.49181e+35, 0, 0, 0
64.1504, 0.822966, 0.431634, 0.822966, 0.431634, 0, 0, 0, 0, 0, 0, -1.49181e+35, 0, 0, 0
64.2003, 0.822966, 0.431634, 0.822966, 0.431634, 0, 0, 0, 0, 0, 0, -1.49181e+35, 0, 0, 0
64.2503, 0.822966, 0.431634, 0.822966, 0.431634, 0, 0, 0, 0, 0, 0, -1.49181e+35, 0, 0, 0
64.3003, 0.822966, 0.431634, 0.822966, 0.431634, 0, 0, 0, 0, 0, 0, -1.49181e+35, 0, 0, 0
64.3503, 0.822966, 0.431634, 0.822966, 0.431634, 0, 0, 0, 0, 0, 0, -1.49181e+35, 0, 0, 0
64.4002, 0.822966, 0.431634, 0.822966, 0.431634, 0, 0, 0, 0, 0, 0, -1.49181e+35, 0, 0, 0
64.4502, 0.822966, 0.431634, 0.822966, 0.431634, 0, 0, 0, 0, 0, 0, -1.49181e+35, 0, 0, 0
64.5002, 0.822966, 0.431634, 0.822966, 0.431634, 0, 0, 0, 0, 0, 0, -1.49181e+35, 0, 0, 0
64.5502, 0.822966, 0.431634, 0.822966, 0.431634, 0, 0, 0, 0, 0, 0, -1.49181e+35, 0, 0, 0
64.6001, 0.822966, 0.431634, 0.822966, 0.431634, 0, 0, 0, 0, 0, 0, -1.49181e+35, 0, 0, 0
64.6501, 0.822966, 0.431634, 0.822966, 0.431634, 0, 0, 0, 0, 0, 0, -1.49181e+35, 0, 0, 0
64.7001, 0.822966, 0.431634, 0.822966, 0.431634, 0, 0, 0, 0, 0, 0, -1.49181e+35, 0, 0, 0
64.75, 0.822966, 0.431634, 0.822966, 0.431634, 0, 0, 0, 0, 0, 0, -1.49181e+35, 0, 0, 0
64.8, 0.822966, 0.431634, 0.822966, 0.431634, 0, 0, 0, 0, 0, 0, -1.49181e+35, 0, 0, 0
64.85, 0.822966, 0.431634, 0.822966, 0.431634, 0, 0, 0, 0, 0, 0, -1.49181e+35, 0, 0, 0
64.9, 0.822966, 0.431634, 0.822966, 0.431634, 0, 0, 0, 0, 0, 0, -1.49181e+35, 0, 0, 0
64.9499, 0.822966, 0.431634, 0.822966, 0.431634, 0, 0, 0, 0, 0, 0, -1.49181e+35, 0, 0, 0
64.9999, 0.822966, 0.431634, 0.822966, 0.431634, 0, 0, 0, 0, 0, 0, -1.49181e+35, 0, 0, 0
65.0009, 0.822966, 0.431634, 0.822966, 0.431634, 0, 0, 0, 0, 0, 0, -1.49181e+35, 0, 0, 0
65.0009, 0.822966, 0.431634, 0.822966, 0.431634, 0, 0, 0, 0, 0, 0, -1.49181e+35, 0, 0, 0
65.0509, 0.822966, 0.431634, 0.822966, 0.431634, 0, 0, 0, 0, 0, 0, -1.49181e+35, 0, 0, 0
65.1009, 0.822966, 0.431634, 0.822966, 0.431634, 0, 0, 0, 0, 0, 0, -1.49181e+35, 0, 0, 0
65.1508, 0.822966, 0.431634, 0.822966, 0.431634, 0, 0, 0, 0, 0, 0, -1.49181e+35, 0, 0, 0
65.2008, 0.822966, 0.431634, 0.822966, 0.431634, 0, 0, 0, 0, 0, 0, -1.49181e+35, 0, 0, 0
65.2508, 0.822966, 0.431634, 0.822966, 0.431634, 0, 0, 0, 0, 0, 0, -1.49181e+35, 0, 0, 0
65.3007, 0.822966, 0.431634, 0.822966, 0.431634, 0, 0, 0, 0, 0, 0, -1.49181e+35, 0, 0, 0
65.3507, 0.822966, 0.431634, 0.822966, 0.431634, 0, 0, 0, 0, 0, 0, -1.49181e+35, 0, 0, 0
65.4007, 0.822966, 0.431634, 0.822966, 0.431634, 0, 0, 0, 0, 0, 0, -1.49181e+35, 0, 0, 0
65.4507, 0.822966, 0.431634, 0.822966, 0.431634, 0, 0, 0, 0, 0, 0, -1.49181e+35, 0, 0, 0
65.5006, 0.822966, 0.431634, 0.822966, 0.431634, 0, 0, 0, 0, 0, 0, -1.49181e+35, 0, 0, 0
65.5506, 0.822966, 0.431634, 0.822966, 0.431634, 0, 0, 0, 0, 0, 0, -1.49181e+35, 0, 0, 0
65.6006, 0.822966, 0.431634, 0.822966, 0.431634, 0, 0, 0, 0, 0, 0, -1.49181e+35, 0, 0, 0
65.6506, 0.822966, 0.431634, 0.822966, 0.431634, 0, 0, 0, 0, 0, 0, -1.49181e+35, 0, 0, 0
65.7005, 0.822966, 0.431634, 0.822966, 0.431634, 0, 0, 0, 0, 0, 0, -1.49181e+35, 0, 0, 0
65.7505, 0.822966, 0.431634, 0.822966, 0.431634, 0, 0, 0, 0, 0, 0, -1.49181e+35, 0, 0, 0
65.8005, 0.822966, 0.431634, 0.822966, 0.431634, 0, 0, 0, 0, 0, 0, -1.49181e+35, 0, 0, 0
65.8504, 0.822966, 0.431634, 0.822966, 0.431634, 0, 0, 0, 0, 0, 0, -1.49181e+35, 0, 0, 0
65.9004, 0.822966, 0.431634, 0.822966, 0.431634, 0, 0, 0, 0, 0, 0, -1.49181e+35, 0, 0, 0
65.9504, 0.822966, 0.431634, 0.822966, 0.431634, 0, 0, 0, 0, 0, 0, -1.49181e+35, 0, 0, 0
66.0004, 0.822966, 0.431634, 0.822966, 0.431634, 0, 0, 0, 0, 0, 0, -1.49181e+35, 0, 0, 0
66.0004, 0.822966, 0.431634, 0.822966, 0.431634, 0, 0, 0, 0, 0, 0, -1.49181e+35, 0, 0, 0
66.0503, 0.822966, 0.431634, 0.822966, 0.431634, 0, 0, 0, 0, 0, 0, -1.49181e+35, 0, 0, 0
66.1003, 0.822966, 0.431634, 0.822966, 0.431634, 0, 0, 0, 0, 0, 0, -1.49181e+35, 0, 0, 0
66.1503, 0.822966, 0.431634, 0.822966, 0.431634, 0, 0, 0, 0, 0, 0, -1.49181e+35, 0, 0, 0
66.2002, 0.822966, 0.431634, 0.822966, 0.431634, 0, 0, 0, 0, 0, 0, -1.49181e+35, 0, 0, 0
66.2502, 0.822966, 0.431634, 0.822966, 0.431634, 0, 0, 0, 0, 0, 0, -1.49181e+35, 0, 0, 0
66.3002, 0.822966, 0.431634, 0.822966, 0.431634, 0, 0, 0, 0, 0, 0, -1.49181e+35, 0, 0, 0
66.3502, 0.822966, 0.431634, 0.822966, 0.431634, 0, 0, 0, 0, 0, 0, -1.49181e+35, 0, 0, 0
66.4001, 0.822966, 0.431634, 0.822966, 0.431634, 0, 0, 0, 0, 0, 0, -1.49181e+35, 0, 0, 0
66.4501, 0.822966, 0.431634, 0.822966, 0.431634, 0, 0, 0, 0, 0, 0, -1.49181e+35, 0, 0, 0
66.5001, 0.822966, 0.431634, 0.822966, 0.431634, 0, 0, 0, 0, 0, 0, -1.49181e+35, 0, 0, 0
66.5501, 0.822966, 0.431634, 0.822966, 0.431634, 0, 0, 0, 0, 0, 0, -1.49181e+35, 0, 0, 0
66.6, 0.822966, 0.431634, 0.822966, 0.431634, 0, 0, 0, 0, 0, 0, -1.49181e+35, 0, 0, 0
66.65, 0.822966, 0.431634, 0.822966, 0.431634, 0, 0, 0, 0, 0, 0, -1.49181e+35, 0, 0, 0
66.7, 0.822966, 0.431634, 0.822966, 0.431634, 0, 0, 0, 0, 0, 0, -1.49181e+35, 0, 0, 0
66.7499, 0.822966, 0.431634, 0.822966, 0.431634, 0, 0, 0, 0, 0, 0, -1.49181e+35, 0, 0, 0
66.7999, 0.822966, 0.431634, 0.822966, 0.431634, 0, 0, 0, 0, 0, 0, -1.49181e+35, 0, 0, 0
66.8499, 0.822966, 0.431634, 0.822966, 0.431634, 0, 0, 0, 0, 0, 0, -1.49181e+35, 0, 0, 0
66.8999, 0.822966, 0.431634, 0.822966, 0.431634, 0, 0, 0, 0, 0, 0, -1.49181e+35, 0, 0, 0
66.9498, 0.822966, 0.431634, 0.822966, 0.431634, 0, 0, 0, 0, 0, 0, -1.49181e+35, 0, 0, 0
66.9998, 0.822966, 0.431634, 0.822966, 0.431634, 0, 0, 0, 0, 0, 0, -1.49181e+35, 0, 0, 0
67.0008, 0.822966, 0.431634, 0.822966, 0.431634, 0, 0, 0, 0, 0, 0, -1.49181e+35, 0, 0, 0
67.0008, 0.822966, 0.431634, 0.822966, 0.431634, 0, 0, 0, 0, 0, 0, -1.49181e+35, 0, 0, 0
67.0508, 0.822966, 0.431634, 0.822966, 0.431634, 0, 0, 0, 0, 0, 0, -1.49181e+35, 0, 0, 0
67.1008, 0.822966, 0.431634, 0.822966, 0.431634, 0, 0, 0, 0, 0, 0, -1.49181e+35, 0, 0, 0
67.1507, 0.822966, 0.431634, 0.822966, 0.431634, 0, 0, 0, 0, 0, 0, -1.49181e+35, 0, 0, 0
67.2007, 0.822966, 0.431634, 0.822966, 0.431634, 0, 0, 0, 0, 0, 0, -1.49181e+35, 0, 0, 0
67.2507, 0.822966, 0.431634, 0.822966, 0.431634, 0, 0, 0, 0, 0, 0, -1.49181e+35, 0, 0, 0
67.3006, 0.822966, 0.431634, 0.822966, 0.431634, 0, 0, 0, 0, 0, 0, -1.49181e+35, 0, 0, 0
67.3506, 0.822966, 0.431634, 0.822966, 0.431634, 0, 0, 0, 0, 0, 0, -1.49181e+35, 0, 0, 0
67.4006, 0.822966, 0.431634, 0.822966, 0.431634, 0, 0, 0, 0, 0, 0, -1.49181e+35, 0, 0, 0
67.4506, 0.822966, 0.431634, 0.822966, 0.431634, 0, 0, 0, 0, 0, 0, -1.49181e+35, 0, 0, 0
67.5005, 0.822966, 0.431634, 0.822966, 0.431634, 0, 0, 0, 0, 0, 0, -1.49181e+35, 0, 0, 0
67.5505, 0.822966, 0.431634, 0.822966, 0.431634, 0, 0, 0, 0, 0, 0, -1.49181e+35, 0, 0, 0
67.6005, 0.822966, 0.431634, 0.822966, 0.431634, 0, 0, 0, 0, 0, 0, -1.49181e+35, 0, 0, 0
67.6505, 0.822966, 0.431634, 0.822966, 0.431634, 0, 0, 0, 0, 0, 0, -1.49181e+35, 0, 0, 0
67.7004, 0.822966, 0.431634, 0.822966, 0.431634, 0, 0, 0, 0, 0, 0, -1.49181e+35, 0, 0, 0
67.7504, 0.822966, 0.431634, 0.822966, 0.431634, 0, 0, 0, 0, 0, 0, -1.49181e+35, 0, 0, 0
67.8004, 0.822966, 0.431634, 0.822966, 0.431634, 0, 0, 0, 0, 0, 0, -1.49181e+35, 0, 0, 0
67.8503, 0.822966, 0.431634, 0.822966, 0.431634, 0, 0, 0, 0, 0, 0, -1.49181e+35, 0, 0, 0
67.9003, 0.822966, 0.431634, 0.822966, 0.431634, 0, 0, 0, 0, 0, 0, -1.49181e+35, 0, 0, 0
67.9503, 0.822966, 0.431634, 0.822966, 0.431634, 0, 0, 0, 0, 0, 0, -1.49181e+35, 0, 0, 0
68.0003, 0.822966, 0.431634, 0.822966, 0.431634, 0, 0, 0, 0, 0, 0, -1.49181e+35, 0, 0, 0
68.0003, 0.822966, 0.431634, 0.822966, 0.431634, 0, 0, 0, 0, 0, 0, -1.49181e+35, 0, 0, 0
68.0502, 0.822966, 0.431634, 0.822966, 0.431634, 0, 0, 0, 0, 0, 0, -1.49181e+35, 0, 0, 0
68.1002, 0.822966, 0.431634, 0.822966, 0.431634, 0, 0, 0, 0, 0, 0, -1.49181e+35, 0, 0, 0
68.1502, 0.822966, 0.431634, 0.822966, 0.431634, 0, 0, 0, 0, 0, 0, -1.49181e+35, 0, 0, 0
68.2001, 0.822966, 0.431634, 0.822966, 0.431634, 0, 0, 0, 0, 0, 0, -1.49181e+35, 0, 0, 0
68.2501, 0.822966, 0.431634, 0.822966, 0.431634, 0, 0, 0, 0, 0, 0, -1.49181e+35, 0, 0, 0
68.3001, 0.822966, 0.431634, 0.822966, 0.431634, 0, 0, 0, 0, 0, 0, -1.49181e+35, 0, 0, 0
68.3501, 0.822966, 0.431634, 0.822966, 0.431634, 0, 0, 0, 0, 0, 0, -1.49181e+35, 0, 0, 0
68.4, 0.822966, 0.431634, 0.822966, 0.431634, 0, 0, 0, 0, 0, 0, -1.49181e+35, 0, 0, 0
68.45, 0.822966, 0.431634, 0.822966, 0.431634, 0, 0, 0, 0, 0, 0, -1.49181e+35, 0, 0, 0
68.5, 0.822966, 0.431634, 0.822966, 0.431634, 0, 0, 0, 0, 0, 0, -1.49181e+35, 0, 0, 0
68.55, 0.822966, 0.431634, 0.822966, 0.431634, 0, 0, 0, 0, 0, 0, -1.49181e+35, 0, 0, 0
68.5999, 0.822966, 0.431634, 0.822966, 0.431634, 0, 0, 0, 0, 0, 0, -1.49181e+35, 0, 0, 0
68.6499, 0.822966, 0.431634, 0.822966, 0.431634, 0, 0, 0, 0, 0, 0, -1.49181e+35, 0, 0, 0
68.6999, 0.822966, 0.431634, 0.822966, 0.431634, 0, 0, 0, 0, 0, 0, -1.49181e+35, 0, 0, 0
68.7498, 0.822966, 0.431634, 0.822966, 0.431634, 0, 0, 0, 0, 0, 0, -1.49181e+35, 0, 0, 0
68.7998, 0.822966, 0.431634, 0.822966, 0.431634, 0, 0, 0, 0, 0, 0, -1.49181e+35, 0, 0, 0
68.8498, 0.822966, 0.431634, 0.822966, 0.431634, 0, 0, 0, 0, 0, 0, -1.49181e+35, 0, 0, 0
68.8998, 0.822966, 0.431634, 0.822966, 0.431634, 0, 0, 0, 0, 0, 0, -1.49181e+35, 0, 0, 0
68.9497, 0.822966, 0.431634, 0.822966, 0.431634, 0, 0, 0, 0, 0, 0, -1.49181e+35, 0, 0, 0
68.9997, 0.822966, 0.431634, 0.822966, 0.431634, 0, 0, 0, 0, 0, 0, -1.49181e+35, 0, 0, 0
69.0007, 0.822966, 0.431634, 0.822966, 0.431634, 0, 0, 0, 0, 0, 0, -1.49181e+35, 0, 0, 0
69.0007, 0.822966, 0.431634, 0.822966, 0.431634, 0, 0, 0, 0, 0, 0, -1.49181e+35, 0, 0, 0
69.0507, 0.822966, 0.431634, 0.822966, 0.431634, 0, 0, 0, 0, 0, 0, -1.49181e+35, 0, 0, 0
69.1007, 0.822966, 0.431634, 0.822966, 0.431634, 0, 0, 0, 0, 0, 0, -1.49181e+35, 0, 0, 0
69.1506, 0.822966, 0.431634, 0.822966, 0.431634, 0, 0, 0, 0, 0, 0, -1.49181e+35, 0, 0, 0
69.2006, 0.822966, 0.431634, 0.822966, 0.431634, 0, 0, 0, 0, 0, 0, -1.49181e+35, 0, 0, 0
69.2506, 0.822966, 0.431634, 0.822966, 0.431634, 0, 0, 0, 0, 0, 0, -1.49181e+35, 0, 0, 0
69.3005, 0.822966, 0.431634, 0.822966, 0.431634, 0, 0, 0, 0, 0, 0, -1.49181e+35, 0, 0, 0
69.3505, 0.822966, 0.431634, 0.822966, 0.431634, 0, 0, 0, 0, 0, 0, -1.49181e+35, 0, 0, 0
69.4005, 0.822966, 0.431634, 0.822966, 0.431634, 0, 0, 0, 0, 0, 0, -1.49181e+35, 0, 0, 0
69.4505, 0.822966, 0.431634, 0.822966, 0.431634, 0, 0, 0, 0, 0, 0, -1.49181e+35, 0, 0, 0
69.5004, 0.822966, 0.431634, 0.822966, 0.431634, 0, 0, 0, 0, 0, 0, -1.49181e+35, 0, 0, 0
69.5504, 0.822966, 0.431634, 0.822966, 0.431634, 0, 0, 0, 0, 0, 0, -1.49181e+35, 0, 0, 0
69.6004, 0.822966, 0.431634, 0.822966, 0.431634, 0, 0, 0, 0, 0, 0, -1.49181e+35, 0, 0, 0
69.6504, 0.822966, 0.431634, 0.822966, 0.431634, 0, 0, 0, 0, 0, 0, -1.49181e+35, 0, 0, 0
69.7003, 0.822966, 0.431634, 0.822966, 0.431634, 0, 0, 0, 0, 0, 0, -1.49181e+35, 0, 0, 0
69.7503, 0.822966, 0.431634, 0.822966, 0.431634, 0, 0, 0, 0, 0, 0, -1.49181e+35, 0, 0, 0
69.8003, 0.822966, 0.431634, 0.822966, 0.431634, 0, 0, 0, 0, 0, 0, -1.49181e+35, 0, 0, 0
69.8502, 0.822966, 0.431634, 0.822966, 0.431634, 0, 0, 0, 0, 0, 0, -1.49181e+35, 0, 0, 0
69.9002, 0.822966, 0.431634, 0.822966, 0.431634, 0, 0, 0, 0, 0, 0, -1.49181e+35, 0, 0, 0
69.9502, 0.822966, 0.431634, 0.822966, 0.431634, 0, 0, 0, 0, 0, 0, -1.49181e+35, 0, 0, 0
70.0002, 0.822966, 0.431634, 0.822966, 0.431634, 0, 0, 0, 0, 0, 0, -1.49181e+35, 0, 0, 0
70.0002, 0.822966, 0.431634, 0.822966, 0.431634, 0, 0, 0, 0, 0, 0, -1.49181e+35, 0, 0, 0
70.0501, 0.822966, 0.431634, 0.822966, 0.431634, 0, 0, 0, 0, 0, 0, -1.49181e+35, 0, 0, 0
70.1001, 0.822966, 0.431634, 0.822966, 0.431634, 0, 0, 0, 0, 0, 0, -1.49181e+35, 0, 0, 0
70.1501, 0.822966, 0.431634, 0.822966, 0.431634, 0, 0, 0, 0, 0, 0, -1.49181e+35, 0, 0, 0
70.2001, 0.822966, 0.431634, 0.822966, 0.431634, 0, 0, 0, 0, 0, 0, -1.49181e+35, 0, 0, 0
70.25, 0.822966, 0.431634, 0.822966, 0.431634, 0, 0, 0, 0, 0, 0, -1.49181e+35, 0, 0, 0
70.3, 0.822966, 0.431634, 0.822966, 0.431634, 0, 0, 0, 0, 0, 0, -1.49181e+35, 0, 0, 0
70.35, 0.822966, 0.431634, 0.822966, 0.431634, 0, 0, 0, 0, 0, 0, -1.49181e+35, 0, 0, 0
70.3999, 0.822966, 0.431634, 0.822966, 0.431634, 0, 0, 0, 0, 0, 0, -1.49181e+35, 0, 0, 0
70.4499, 0.822966, 0.431634, 0.822966, 0.431634, 0, 0, 0, 0, 0, 0, -1.49181e+35, 0, 0, 0
70.4999, 0.822966, 0.431634, 0.822966, 0.431634, 0, 0, 0, 0, 0, 0, -1.49181e+35, 0, 0, 0
70.5499, 0.822966, 0.431634, 0.822966, 0.431634, 0, 0, 0, 0, 0, 0, -1.49181e+35, 0, 0, 0
70.5998, 0.822966, 0.431634, 0.822966, 0.431634, 0, 0, 0, 0, 0, 0, -1.49181e+35, 0, 0, 0
70.6498, 0.822966, 0.431634, 0.822966, 0.431634, 0, 0, 0, 0, 0, 0, -1.49181e+35, 0, 0, 0
70.6998, 0.822966, 0.431634, 0.822966, 0.431634, 0, 0, 0, 0, 0, 0, -1.49181e+35, 0, 0, 0
70.7497, 0.822966, 0.431634, 0.822966, 0.431634, 0, 0, 0, 0, 0, 0, -1.49181e+35, 0, 0, 0
70.7997, 0.822966, 0.431634, 0.822966, 0.431634, 0, 0, 0, 0, 0, 0, -1.49181e+35, 0, 0, 0
70.8497, 0.822966, 0.431634, 0.822966, 0.431634, 0, 0, 0, 0, 0, 0, -1.49181e+35, 0, 0, 0
70.8997, 0.822966, 0.431634, 0.822966, 0.431634, 0, 0, 0, 0, 0, 0, -1.49181e+35, 0, 0, 0
70.9496, 0.822966, 0.431634, 0.822966, 0.431634, 0, 0, 0, 0, 0, 0, -1.49181e+35, 0, 0, 0
70.9996, 0.822966, 0.431634, 0.822966, 0.431634, 0, 0, 0, 0, 0, 0, -1.49181e+35, 0, 0, 0
71.0006, 0.822966, 0.431634, 0.822966, 0.431634, 0, 0, 0, 0, 0, 0, -1.49181e+35, 0, 0, 0
71.0006, 0.822966, 0.431634, 0.822966, 0.431634, 0, 0, 0, 0, 0, 0, -1.49181e+35, 0, 0, 0
71.0506, 0.822966, 0.431634, 0.822966, 0.431634, 0, 0, 0, 0, 0, 0, -1.49181e+35, 0, 0, 0
71.1006, 0.822966, 0.431634, 0.822966, 0.431634, 0, 0, 0, 0, 0, 0, -1.49181e+35, 0, 0, 0
71.1505, 0.822966, 0.431634, 0.822966, 0.431634, 0, 0, 0, 0, 0, 0, -1.49181e+35, 0, 0, 0
71.2005, 0.822966, 0.431634, 0.822966, 0.431634, 0, 0, 0, 0, 0, 0, -1.49181e+35, 0, 0, 0
71.2505, 0.822966, 0.431634, 0.822966, 0.431634, 0, 0, 0, 0, 0, 0, -1.49181e+35, 0, 0, 0
71.3004, 0.822966, 0.431634, 0.822966, 0.431634, 0, 0, 0, 0, 0, 0, -1.49181e+35, 0, 0, 0
71.3504, 0.822966, 0.431634, 0.822966, 0.431634, 0, 0, 0, 0, 0, 0, -1.49181e+35, 0, 0, 0
71.4004, 0.822966, 0.431634, 0.822966, 0.431634, 0, 0, 0, 0, 0, 0, -1.49181e+35, 0, 0, 0
71.4504, 0.822966, 0.431634, 0.822966, 0.431634, 0, 0, 0, 0, 0, 0, -1.49181e+35, 0, 0, 0
71.5003, 0.822966, 0.431634, 0.822966, 0.431634, 0, 0, 0, 0, 0, 0, -1.49181e+35, 0, 0, 0
71.5503, 0.822966, 0.431634, 0.822966, 0.431634, 0, 0, 0, 0, 0, 0, -1.49181e+35, 0, 0, 0
71.6003, 0.822966, 0.431634, 0.822966, 0.431634, 0, 0, 0, 0, 0, 0, -1.49181e+35, 0, 0, 0
71.6503, 0.822966, 0.431634, 0.822966, 0.431634, 0, 0, 0, 0, 0, 0, -1.49181e+35, 0, 0, 0
71.7002, 0.822966, 0.431634, 0.822966, 0.431634, 0, 0, 0, 0, 0, 0, -1.49181e+35, 0, 0, 0
71.7502, 0.822966, 0.431634, 0.822966, 0.431634, 0, 0, 0, 0, 0, 0, -1.49181e+35, 0, 0, 0
71.8002, 0.822966, 0.431634, 0.822966, 0.431634, 0, 0, 0, 0, 0, 0, -1.49181e+35, 0, 0, 0
71.8501, 0.822966, 0.431634, 0.822966, 0.431634, 0, 0, 0, 0, 0, 0, -1.49181e+35, 0, 0, 0
71.9001, 0.822966, 0.431634, 0.822966, 0.431634, 0, 0, 0, 0, 0, 0, -1.49181e+35, 0, 0, 0
71.9501, 0.822966, 0.431634, 0.822966, 0.431634, 0, 0, 0, 0, 0, 0, -1.49181e+35, 0, 0, 0
72.0001, 0.822966, 0.431634, 0.822966, 0.431634, 0, 0, 0, 0, 0, 0, -1.49181e+35, 0, 0, 0
72.0001, 0.822966, 0.431634, 0.822966, 0.431634, 0, 0, 0, 0, 0, 0, -1.49181e+35, 0, 0, 0
72.05, 0.822966, 0.431634, 0.822966, 0.431634, 0, 0, 0, 0, 0, 0, -1.49181e+35, 0, 0, 0
72.1, 0.822966, 0.431634, 0.822966, 0.431634, 0, 0, 0, 0, 0, 0, -1.49181e+35, 0, 0, 0
72.15, 0.822966, 0.431634, 0.822966, 0.431634, 0, 0, 0, 0, 0, 0, -1.49181e+35, 0, 0, 0
72.2, 0.822966, 0.431634, 0.822966, 0.431634, 0, 0, 0, 0, 0, 0, -1.49181e+35, 0, 0, 0
72.2499, 0.822966, 0.431634, 0.822966, 0.431634, 0, 0, 0, 0, 0, 0, -1.49181e+35, 0, 0, 0
72.2999, 0.822966, 0.431634, 0.822966, 0.431634, 0, 0, 0, 0, 0, 0, -1.49181e+35, 0, 0, 0
72.3499, 0.822966, 0.431634, 0.822966, 0.431634, 0, 0, 0, 0, 0, 0, -1.49181e+35, 0, 0, 0
72.3998, 0.822966, 0.431634, 0.822966, 0.431634, 0, 0, 0, 0, 0, 0, -1.49181e+35, 0, 0, 0
72.4498, 0.822966, 0.431634, 0.822966, 0.431634, 0, 0, 0, 0, 0, 0, -1.49181e+35, 0, 0, 0
72.4998, 0.822966, 0.431634, 0.822966, 0.431634, 0, 0, 0, 0, 0, 0, -1.49181e+35, 0, 0, 0
72.5498, 0.822966, 0.431634, 0.822966, 0.431634, 0, 0, 0, 0, 0, 0, -1.49181e+35, 0, 0, 0
72.5997, 0.822966, 0.431634, 0.822966, 0.431634, 0, 0, 0, 0, 0, 0, -1.49181e+35, 0, 0, 0
72.6497, 0.822966, 0.431634, 0.822966, 0.431634, 0, 0, 0, 0, 0, 0, -1.49181e+35, 0, 0, 0
72.6997, 0.822966, 0.431634, 0.822966, 0.431634, 0, 0, 0, 0, 0, 0, -1.49181e+35, 0, 0, 0
72.7496, 0.822966, 0.431634, 0.822966, 0.431634, 0, 0, 0, 0, 0, 0, -1.49181e+35, 0, 0, 0
72.7996, 0.822966, 0.431634, 0.822966, 0.431634, 0, 0, 0, 0, 0, 0, -1.49181e+35, 0, 0, 0
72.8496, 0.822966, 0.431634, 0.822966, 0.431634, 0, 0, 0, 0, 0, 0, -1.49181e+35, 0, 0, 0
72.8996, 0.822966, 0.431634, 0.822966, 0.431634, 0, 0, 0, 0, 0, 0, -1.49181e+35, 0, 0, 0
72.9495, 0.822966, 0.431634, 0.822966, 0.431634, 0, 0, 0, 0, 0, 0, -1.49181e+35, 0, 0, 0
72.9995, 0.822966, 0.431634, 0.822966, 0.431634, 0, 0, 0, 0, 0, 0, -1.49181e+35, 0, 0, 0
73.0005, 0.822966, 0.431634, 0.822966, 0.431634, 0, 0, 0, 0, 0, 0, -1.49181e+35, 0, 0, 0
73.0005, 0.822966, 0.431634, 0.822966, 0.431634, 0, 0, 0, 0, 0, 0, -1.49181e+35, 0, 0, 0
73.0505, 0.822966, 0.431634, 0.822966, 0.431634, 0, 0, 0, 0, 0, 0, -1.49181e+35, 0, 0, 0
73.1005, 0.822966, 0.431634, 0.822966, 0.431634, 0, 0, 0, 0, 0, 0, -1.49181e+35, 0, 0, 0
73.1504, 0.822966, 0.431634, 0.822966, 0.431634, 0, 0, 0, 0, 0, 0, -1.49181e+35, 0, 0, 0
73.2004, 0.822966, 0.431634, 0.822966, 0.431634, 0, 0, 0, 0, 0, 0, -1.49181e+35, 0, 0, 0
73.2504, 0.822966, 0.431634, 0.822966, 0.431634, 0, 0, 0, 0, 0, 0, -1.49181e+35, 0, 0, 0
73.3003, 0.822966, 0.431634, 0.822966, 0.431634, 0, 0, 0, 0, 0, 0, -1.49181e+35, 0, 0, 0
73.3503, 0.822966, 0.431634, 0.822966, 0.431634, 0, 0, 0, 0, 0, 0, -1.49181e+35, 0, 0, 0
73.4003, 0.822966, 0.431634, 0.822966, 0.431634, 0, 0, 0, 0, 0, 0, -1.49181e+35, 0, 0, 0
73.4503, 0.822966, 0.431634, 0.822966, 0.431634, 0, 0, 0, 0, 0, 0, -1.49181e+35, 0, 0, 0
73.5002, 0.822966, 0.431634, 0.822966, 0.431634, 0, 0, 0, 0, 0, 0, -1.49181e+35, 0, 0, 0
73.5502, 0.822966, 0.431634, 0.822966, 0.431634, 0, 0, 0, 0, 0, 0, -1.49181e+35, 0, 0, 0
73.6002, 0.822966, 0.431634, 0.822966, 0.431634, 0, 0, 0, 0, 0, 0, -1.49181e+35, 0, 0, 0
73.6502, 0.822966, 0.431634, 0.822966, 0.431634, 0, 0, 0, 0, 0, 0, -1.49181e+35, 0, 0, 0
73.7001, 0.822966, 0.431634, 0.822966, 0.431634, 0, 0, 0, 0, 0, 0, -1.49181e+35, 0, 0, 0
73.7501, 0.822966, 0.431634, 0.822966, 0.431634, 0, 0, 0, 0, 0, 0, -1.49181e+35, 0, 0, 0
73.8001, 0.822966, 0.431634, 0.822966, 0.431634, 0, 0, 0, 0, 0, 0, -1.49181e+35, 0, 0, 0
73.85, 0.822966, 0.431634, 0.822966, 0.431634, 0, 0, 0, 0, 0, 0, -1.49181e+35, 0, 0, 0
73.9, 0.822966, 0.431634, 0.822966, 0.431634, 0, 0, 0, 0, 0, 0, -1.49181e+35, 0, 0, 0
73.95, 0.822966, 0.431634, 0.822966, 0.431634, 0, 0, 0, 0, 0, 0, -1.49181e+35, 0, 0, 0
74, 0.822966, 0.431634, 0.822966, 0.431634, 0, 0, 0, 0, 0, 0, -1.49181e+35, 0, 0, 0
74.001, 0.822966, 0.431634, 0.822966, 0.431634, 0, 0, 0, 0, 0, 0, -1.49181e+35, 0, 0, 0
74.001, 0.822966, 0.431634, 0.822966, 0.431634, 0, 0, 0, 0, 0, 0, -1.49181e+35, 0, 0, 0
74.0509, 0.822966, 0.431634, 0.822966, 0.431634, 0, 0, 0, 0, 0, 0, -1.49181e+35, 0, 0, 0
74.1009, 0.822966, 0.431634, 0.822966, 0.431634, 0, 0, 0, 0, 0, 0, -1.49181e+35, 0, 0, 0
74.1509, 0.822966, 0.431634, 0.822966, 0.431634, 0, 0, 0, 0, 0, 0, -1.49181e+35, 0, 0, 0
74.2009, 0.822966, 0.431634, 0.822966, 0.431634, 0, 0, 0, 0, 0, 0, -1.49181e+35, 0, 0, 0
74.2508, 0.822966, 0.431634, 0.822966, 0.431634, 0, 0, 0, 0, 0, 0, -1.49181e+35, 0, 0, 0
74.3008, 0.822966, 0.431634, 0.822966, 0.431634, 0, 0, 0, 0, 0, 0, -1.49181e+35, 0, 0, 0
74.3508, 0.822966, 0.431634, 0.822966, 0.431634, 0, 0, 0, 0, 0, 0, -1.49181e+35, 0, 0, 0
74.4007, 0.822966, 0.431634, 0.822966, 0.431634, 0, 0, 0, 0, 0, 0, -1.49181e+35, 0, 0, 0
74.4507, 0.822966, 0.431634, 0.822966, 0.431634, 0, 0, 0, 0, 0, 0, -1.49181e+35, 0, 0, 0
74.5007, 0.822966, 0.431634, 0.822966, 0.431634, 0, 0, 0, 0, 0, 0, -1.49181e+35, 0, 0, 0
74.5507, 0.822966, 0.431634, 0.822966, 0.431634, 0, 0, 0, 0, 0, 0, -1.49181e+35, 0, 0, 0
74.6006, 0.822966, 0.431634, 0.822966, 0.431634, 0, 0, 0, 0, 0, 0, -1.49181e+35, 0, 0, 0
74.6506, 0.822966, 0.431634, 0.822966, 0.431634, 0, 0, 0, 0, 0, 0, -1.49181e+35, 0, 0, 0
74.7006, 0.822966, 0.431634, 0.822966, 0.431634, 0, 0, 0, 0, 0, 0, -1.49181e+35, 0, 0, 0
74.7505, 0.822966, 0.431634, 0.822966, 0.431634, 0, 0, 0, 0, 0, 0, -1.49181e+35, 0, 0, 0
74.8005, 0.822966, 0.431634, 0.822966, 0.431634, 0, 0, 0, 0, 0, 0, -1.49181e+35, 0, 0, 0
74.8505, 0.822966, 0.431634, 0.822966, 0.431634, 0, 0, 0, 0, 0, 0, -1.49181e+35, 0, 0, 0
74.9005, 0.822966, 0.431634, 0.822966, 0.431634, 0, 0, 0, 0, 0, 0, -1.49181e+35, 0, 0, 0
74.9504, 0.822966, 0.431634, 0.822966, 0.431634, 0, 0, 0, 0, 0, 0, -1.49181e+35, 0, 0, 0
75.0004, 0.822966, 0.431634, 0.822966, 0.431634, 0, 0, 0, 0, 0, 0, -1.49181e+35, 0, 0, 0
75.0004, 0.822966, 0.431634, 0.822966, 0.431634, 0, 0, 0, 0, 0, 0, -1.49181e+35, 0, 0, 0
75.0504, 0.822966, 0.431634, 0.822966, 0.431634, 0, 0, 0, 0, 0, 0, -1.49181e+35, 0, 0, 0
75.1004, 0.822966, 0.431634, 0.822966, 0.431634, 0, 0, 0, 0, 0, 0, -1.49181e+35, 0, 0, 0
75.1503, 0.822966, 0.431634, 0.822966, 0.431634, 0, 0, 0, 0, 0, 0, -1.49181e+35, 0, 0, 0
75.2003, 0.822966, 0.431634, 0.822966, 0.431634, 0, 0, 0, 0, 0, 0, -1.49181e+35, 0, 0, 0
75.2503, 0.822966, 0.431634, 0.822966, 0.431634, 0, 0, 0, 0, 0, 0, -1.49181e+35, 0, 0, 0
75.3002, 0.822966, 0.431634, 0.822966, 0.431634, 0, 0, 0, 0, 0, 0, -1.49181e+35, 0, 0, 0
75.3502, 0.822966, 0.431634, 0.822966, 0.431634, 0, 0, 0, 0, 0, 0, -1.49181e+35, 0, 0, 0
75.4002, 0.822966, 0.431634, 0.822966, 0.431634, 0, 0, 0, 0, 0, 0, -1.49181e+35, 0, 0, 0
75.4502, 0.822966, 0.431634, 0.822966, 0.431634, 0, 0, 0, 0, 0, 0, -1.49181e+35, 0, 0, 0
75.5001, 0.822966, 0.431634, 0.822966, 0.431634, 0, 0, 0, 0, 0, 0, -1.49181e+35, 0, 0, 0
75.5501, 0.822966, 0.431634, 0.822966, 0.431634, 0, 0, 0, 0, 0, 0, -1.49181e+35, 0, 0, 0
75.6001, 0.822966, 0.431634, 0.822966, 0.431634, 0, 0, 0, 0, 0, 0, -1.49181e+35, 0, 0, 0
75.6501, 0.822966, 0.431634, 0.822966, 0.431634, 0, 0, 0, 0, 0, 0, -1.49181e+35, 0, 0, 0
75.7, 0.822966, 0.431634, 0.822966, 0.431634, 0, 0, 0, 0, 0, 0, -1.49181e+35, 0, 0, 0
75.75, 0.822966, 0.431634, 0.822966, 0.431634, 0, 0, 0, 0, 0, 0, -1.49181e+35, 0, 0, 0
75.8, 0.822966, 0.431634, 0.822966, 0.431634, 0, 0, 0, 0, 0, 0, -1.49181e+35, 0, 0, 0
75.8499, 0.822966, 0.431634, 0.822966, 0.431634, 0, 0, 0, 0, 0, 0, -1.49181e+35, 0, 0, 0
75.8999, 0.822966, 0.431634, 0.822966, 0.431634, 0, 0, 0, 0, 0, 0, -1.49181e+35, 0, 0, 0
75.9499, 0.822966, 0.431634, 0.822966, 0.431634, 0, 0, 0, 0, 0, 0, -1.49181e+35, 0, 0, 0
75.9999, 0.822966, 0.431634, 0.822966, 0.431634, 0, 0, 0, 0, 0, 0, -1.49181e+35, 0, 0, 0
76.0009, 0.822966, 0.431634, 0.822966, 0.431634, 0, 0, 0, 0, 0, 0, -1.49181e+35, 0, 0, 0
76.0009, 0.822966, 0.431634, 0.822966, 0.431634, 0, 0, 0, 0, 0, 0, -1.49181e+35, 0, 0, 0
76.0508, 0.822966, 0.431634, 0.822966, 0.431634, 0, 0, 0, 0, 0, 0, -1.49181e+35, 0, 0, 0
76.1008, 0.822966, 0.431634, 0.822966, 0.431634, 0, 0, 0, 0, 0, 0, -1.49181e+35, 0, 0, 0
76.1508, 0.822966, 0.431634, 0.822966, 0.431634, 0, 0, 0, 0, 0, 0, -1.49181e+35, 0, 0, 0
76.2008, 0.822966, 0.431634, 0.822966, 0.431634, 0, 0, 0, 0, 0, 0, -1.49181e+35, 0, 0, 0
76.2507, 0.822966, 0.431634, 0.822966, 0.431634, 0, 0, 0, 0, 0, 0, -1.49181e+35, 0, 0, 0
76.3007, 0.822966, 0.431634, 0.822966, 0.431634, 0, 0, 0, 0, 0, 0, -1.49181e+35, 0, 0, 0
76.3507, 0.822966, 0.431634, 0.822966, 0.431634, 0, 0, 0, 0, 0, 0, -1.49181e+35, 0, 0, 0
76.4006, 0.822966, 0.431634, 0.822966, 0.431634, 0, 0, 0, 0, 0, 0, -1.49181e+35, 0, 0, 0
76.4506, 0.822966, 0.431634, 0.822966, 0.431634, 0, 0, 0, 0, 0, 0, -1.49181e+35, 0, 0, 0
76.5006, 0.822966, 0.431634, 0.822966, 0.431634, 0, 0, 0, 0, 0, 0, -1.49181e+35, 0, 0, 0
76.5506, 0.822966, 0.431634, 0.822966, 0.431634, 0, 0, 0, 0, 0, 0, -1.49181e+35, 0, 0, 0
76.6005, 0.822966, 0.431634, 0.822966, 0.431634, 0, 0, 0, 0, 0, 0, -1.49181e+35, 0, 0, 0
76.6505, 0.822966, 0.431634, 0.822966, 0.431634, 0, 0, 0, 0, 0, 0, -1.49181e+35, 0, 0, 0
76.7005, 0.822966, 0.431634, 0.822966, 0.431634, 0, 0, 0, 0, 0, 0, -1.49181e+35, 0, 0, 0
76.7505, 0.822966, 0.431634, 0.822966, 0.431634, 0, 0, 0, 0, 0, 0, -1.49181e+35, 0, 0, 0
76.8004, 0.822966, 0.431634, 0.822966, 0.431634, 0, 0, 0, 0, 0, 0, -1.49181e+35, 0, 0, 0
76.8504, 0.822966, 0.431634, 0.822966, 0.431634, 0, 0, 0, 0, 0, 0, -1.49181e+35, 0, 0, 0
76.9004, 0.822966, 0.431634, 0.822966, 0.431634, 0, 0, 0, 0, 0, 0, -1.49181e+35, 0, 0, 0
76.9503, 0.822966, 0.431634, 0.822966, 0.431634, 0, 0, 0, 0, 0, 0, -1.49181e+35, 0, 0, 0
77.0003, 0.822966, 0.431634, 0.822966, 0.431634, 0, 0, 0, 0, 0, 0, -1.49181e+35, 0, 0, 0
77.0003, 0.822966, 0.431634, 0.822966, 0.431634, 0, 0, 0, 0, 0, 0, -1.49181e+35, 0, 0, 0
77.0503, 0.822966, 0.431634, 0.822966, 0.431634, 0, 0, 0, 0, 0, 0, -1.49181e+35, 0, 0, 0
77.1003, 0.822966, 0.431634, 0.822966, 0.431634, 0, 0, 0, 0, 0, 0, -1.49181e+35, 0, 0, 0
77.1502, 0.822966, 0.431634, 0.822966, 0.431634, 0, 0, 0, 0, 0, 0, -1.49181e+35, 0, 0, 0
77.2002, 0.822966, 0.431634, 0.822966, 0.431634, 0, 0, 0, 0, 0, 0, -1.49181e+35, 0, 0, 0
77.2502, 0.822966, 0.431634, 0.822966, 0.431634, 0, 0, 0, 0, 0, 0, -1.49181e+35, 0, 0, 0
77.3001, 0.822966, 0.431634, 0.822966, 0.431634, 0, 0, 0, 0, 0, 0, -1.49181e+35, 0, 0, 0
77.3501, 0.822966, 0.431634, 0.822966, 0.431634, 0, 0, 0, 0, 0, 0, -1.49181e+35, 0, 0, 0
77.4001, 0.822966, 0.431634, 0.822966, 0.431634, 0, 0, 0, 0, 0, 0, -1.49181e+35, 0, 0, 0
77.4501, 0.822966, 0.431634, 0.822966, 0.431634, 0, 0, 0, 0, 0, 0, -1.49181e+35, 0, 0, 0
77.5, 0.822966, 0.431634, 0.822966, 0.431634, 0, 0, 0, 0, 0, 0, -1.49181e+35, 0, 0, 0
77.55, 0.822966, 0.431634, 0.822966, 0.431634, 0, 0, 0, 0, 0, 0, -1.49181e+35, 0, 0, 0
77.6, 0.822966, 0.431634, 0.822966, 0.431634, 0, 0, 0, 0, 0, 0, -1.49181e+35, 0, 0, 0
77.65, 0.822966, 0.431634, 0.822966, 0.431634, 0, 0, 0, 0, 0, 0, -1.49181e+35, 0, 0, 0
77.6999, 0.822966, 0.431634, 0.822966, 0.431634, 0, 0, 0, 0, 0, 0, -1.49181e+35, 0, 0, 0
77.7499, 0.822966, 0.431634, 0.822966, 0.431634, 0, 0, 0, 0, 0, 0, -1.49181e+35, 0, 0, 0
77.7999, 0.822966, 0.431634, 0.822966, 0.431634, 0, 0, 0, 0, 0, 0, -1.49181e+35, 0, 0, 0
77.8498, 0.822966, 0.431634, 0.822966, 0.431634, 0, 0, 0, 0, 0, 0, -1.49181e+35, 0, 0, 0
77.8998, 0.822966, 0.431634, 0.822966, 0.431634, 0, 0, 0, 0, 0, 0, -1.49181e+35, 0, 0, 0
77.9498, 0.822966, 0.431634, 0.822966, 0.431634, 0, 0, 0, 0, 0, 0, -1.49181e+35, 0, 0, 0
77.9998, 0.822966, 0.431634, 0.822966, 0.431634, 0, 0, 0, 0, 0, 0, -1.49181e+35, 0, 0, 0
78.0008, 0.822966, 0.431634, 0.822966, 0.431634, 0, 0, 0, 0, 0, 0, -1.49181e+35, 0, 0, 0
78.0008, 0.822966, 0.431634, 0.822966, 0.431634, 0, 0, 0, 0, 0, 0, -1.49181e+35, 0, 0, 0
78.0507, 0.822966, 0.431634, 0.822966, 0.431634, 0, 0, 0, 0, 0, 0, -1.49181e+35, 0, 0, 0
78.1007, 0.822966, 0.431634, 0.822966, 0.431634, 0, 0, 0, 0, 0, 0, -1.49181e+35, 0, 0, 0
78.1507, 0.822966, 0.431634, 0.822966, 0.431634, 0, 0, 0, 0, 0, 0, -1.49181e+35, 0, 0, 0
78.2007, 0.822966, 0.431634, 0.822966, 0.431634, 0, 0, 0, 0, 0, 0, -1.49181e+35, 0, 0, 0
78.2506, 0.822966, 0.431634, 0.822966, 0.431634, 0, 0, 0, 0, 0, 0, -1.49181e+35, 0, 0, 0
78.3006, 0.822966, 0.431634, 0.822966, 0.431634, 0, 0, 0, 0, 0, 0, -1.49181e+35, 0, 0, 0
78.3506, 0.822966, 0.431634, 0.822966, 0.431634, 0, 0, 0, 0, 0, 0, -1.49181e+35, 0, 0, 0
78.4005, 0.822966, 0.431634, 0.822966, 0.431634, 0, 0, 0, 0, 0, 0, -1.49181e+35, 0, 0, 0
78.4505, 0.822966, 0.431634, 0.822966, 0.431634, 0, 0, 0, 0, 0, 0, -1.49181e+35, 0, 0, 0
78.5005, 0.822966, 0.431634, 0.822966, 0.431634, 0, 0, 0, 0, 0, 0, -1.49181e+35, 0, 0, 0
78.5505, 0.822966, 0.431634, 0.822966, 0.431634, 0, 0, 0, 0, 0, 0, -1.49181e+35, 0, 0, 0
78.6004, 0.822966, 0.431634, 0.822966, 0.431634, 0, 0, 0, 0, 0, 0, -1.49181e+35, 0, 0, 0
78.6504, 0.822966, 0.431634, 0.822966, 0.431634, 0, 0, 0, 0, 0, 0, -1.49181e+35, 0, 0, 0
78.7004, 0.822966, 0.431634, 0.822966, 0.431634, 0, 0, 0, 0, 0, 0, -1.49181e+35, 0, 0, 0
78.7504, 0.822966, 0.431634, 0.822966, 0.431634, 0, 0, 0, 0, 0, 0, -1.49181e+35, 0, 0, 0
78.8003, 0.822966, 0.431634, 0.822966, 0.431634, 0, 0, 0, 0, 0, 0, -1.49181e+35, 0, 0, 0
78.8503, 0.822966, 0.431634, 0.822966, 0.431634, 0, 0, 0, 0, 0, 0, -1.49181e+35, 0, 0, 0
78.9003, 0.822966, 0.431634, 0.822966, 0.431634, 0, 0, 0, 0, 0, 0, -1.49181e+35, 0, 0, 0
78.9502, 0.822966, 0.431634, 0.822966, 0.431634, 0, 0, 0, 0, 0, 0, -1.49181e+35, 0, 0, 0
79.0002, 0.822966, 0.431634, 0.822966, 0.431634, 0, 0, 0, 0, 0, 0, -1.49181e+35, 0, 0, 0
79.0002, 0.822966, 0.431634, 0.822966, 0.431634, 0, 0, 0, 0, 0, 0, -1.49181e+35, 0, 0, 0
79.0502, 0.822966, 0.431634, 0.822966, 0.431634, 0, 0, 0, 0, 0, 0, -1.49181e+35, 0, 0, 0
79.1002, 0.822966, 0.431634, 0.822966, 0.431634, 0, 0, 0, 0, 0, 0, -1.49181e+35, 0, 0, 0
79.1501, 0.822966, 0.431634, 0.822966, 0.431634, 0, 0, 0, 0, 0, 0, -1.49181e+35, 0, 0, 0
79.2001, 0.822966, 0.431634, 0.822966, 0.431634, 0, 0, 0, 0, 0, 0, -1.49181e+35, 0, 0, 0
79.2501, 0.822966, 0.431634, 0.822966, 0.431634, 0, 0, 0, 0, 0, 0, -1.49181e+35, 0, 0, 0
79.3, 0.822966, 0.431634, 0.822966, 0.431634, 0, 0, 0, 0, 0, 0, -1.49181e+35, 0, 0, 0
79.35, 0.822966, 0.431634, 0.822966, 0.431634, 0, 0, 0, 0, 0, 0, -1.49181e+35, 0, 0, 0
79.4, 0.822966, 0.431634, 0.822966, 0.431634, 0, 0, 0, 0, 0, 0, -1.49181e+35, 0, 0, 0
79.45, 0.822966, 0.431634, 0.822966, 0.431634, 0, 0, 0, 0, 0, 0, -1.49181e+35, 0, 0, 0
79.4999, 0.822966, 0.431634, 0.822966, 0.431634, 0, 0, 0, 0, 0, 0, -1.49181e+35, 0, 0, 0
79.5499, 0.822966, 0.431634, 0.822966, 0.431634, 0, 0, 0, 0, 0, 0, -1.49181e+35, 0, 0, 0
79.5999, 0.822966, 0.431634, 0.822966, 0.431634, 0, 0, 0, 0, 0, 0, -1.49181e+35, 0, 0, 0
79.6499, 0.822966, 0.431634, 0.822966, 0.431634, 0, 0, 0, 0, 0, 0, -1.49181e+35, 0, 0, 0
79.6998, 0.822966, 0.431634, 0.822966, 0.431634, 0, 0, 0, 0, 0, 0, -1.49181e+35, 0, 0, 0
79.7498, 0.822966, 0.431634, 0.822966, 0.431634, 0, 0, 0, 0, 0, 0, -1.49181e+35, 0, 0, 0
79.7998, 0.822966, 0.431634, 0.822966, 0.431634, 0, 0, 0, 0, 0, 0, -1.49181e+35, 0, 0, 0
79.8497, 0.822966, 0.431634, 0.822966, 0.431634, 0, 0, 0, 0, 0, 0, -1.49181e+35, 0, 0, 0
79.8997, 0.822966, 0.431634, 0.822966, 0.431634, 0, 0, 0, 0, 0, 0, -1.49181e+35, 0, 0, 0
79.9497, 0.822966, 0.431634, 0.822966, 0.431634, 0, 0, 0, 0, 0, 0, -1.49181e+35, 0, 0, 0
79.9997, 0.822966, 0.431634, 0.822966, 0.431634, 0, 0, 0, 0, 0, 0, -1.49181e+35, 0, 0, 0
80.0007, 0.822966, 0.431634, 0.822966, 0.431634, 0, 0, 0, 0, 0, 0, -1.49181e+35, 0, 0, 0
80.0007, 0.822966, 0.431634, 0.822966, 0.431634, 0, 0, 0, 0, 0, 0, -1.49181e+35, 0, 0, 0
80.0506, 0.822966, 0.431634, 0.822966, 0.431634, 0, 0, 0, 0, 0, 0, -1.49181e+35, 0, 0, 0
80.1006, 0.822966, 0.431634, 0.822966, 0.431634, 0, 0, 0, 0, 0, 0, -1.49181e+35, 0, 0, 0
80.1506, 0.822966, 0.431634, 0.822966, 0.431634, 0, 0, 0, 0, 0, 0, -1.49181e+35, 0, 0, 0
80.2006, 0.822966, 0.431634, 0.822966, 0.431634, 0, 0, 0, 0, 0, 0, -1.49181e+35, 0, 0, 0
80.2505, 0.822966, 0.431634, 0.822966, 0.431634, 0, 0, 0, 0, 0, 0, -1.49181e+35, 0, 0, 0
80.3005, 0.822966, 0.431634, 0.822966, 0.431634, 0, 0, 0, 0, 0, 0, -1.49181e+35, 0, 0, 0
80.3505, 0.822966, 0.431634, 0.822966, 0.431634, 0, 0, 0, 0, 0, 0, -1.49181e+35, 0, 0, 0
80.4004, 0.822966, 0.431634, 0.822966, 0.431634, 0, 0, 0, 0, 0, 0, -1.49181e+35, 0, 0, 0
80.4504, 0.822966, 0.431634, 0.822966, 0.431634, 0, 0, 0, 0, 0, 0, -1.49181e+35, 0, 0, 0
80.5004, 0.822966, 0.431634, 0.822966, 0.431634, 0, 0, 0, 0, 0, 0, -1.49181e+35, 0, 0, 0
80.5504, 0.822966, 0.431634, 0.822966, 0.431634, 0, 0, 0, 0, 0, 0, -1.49181e+35, 0, 0, 0
80.6003, 0.822966, 0.431634, 0.822966, 0.431634, 0, 0, 0, 0, 0, 0, -1.49181e+35, 0, 0, 0
80.6503, 0.822966, 0.431634, 0.822966, 0.431634, 0, 0, 0, 0, 0, 0, -1.49181e+35, 0, 0, 0
80.7003, 0.822966, 0.431634, 0.822966, 0.431634, 0, 0, 0, 0, 0, 0, -1.49181e+35, 0, 0, 0
80.7503, 0.822966, 0.431634, 0.822966, 0.431634, 0, 0, 0, 0, 0, 0, -1.49181e+35, 0, 0, 0
80.8002, 0.822966, 0.431634, 0.822966, 0.431634, 0, 0, 0, 0, 0, 0, -1.49181e+35, 0, 0, 0
80.8502, 0.822966, 0.431634, 0.822966, 0.431634, 0, 0, 0, 0, 0, 0, -1.49181e+35, 0, 0, 0
80.9002, 0.822966, 0.431634, 0.822966, 0.431634, 0, 0, 0, 0, 0, 0, -1.49181e+35, 0, 0, 0
80.9501, 0.822966, 0.431634, 0.822966, 0.431634, 0, 0, 0, 0, 0, 0, -1.49181e+35, 0, 0, 0
81.0001, 0.822966, 0.431634, 0.822966, 0.431634, 0, 0, 0, 0, 0, 0, -1.49181e+35, 0, 0, 0
81.0001, 0.822966, 0.431634, 0.822966, 0.431634, 0, 0, 0, 0, 0, 0, -1.49181e+35, 0, 0, 0
81.0501, 0.822966, 0.431634, 0.822966, 0.431634, 0, 0, 0, 0, 0, 0, -1.49181e+35, 0, 0, 0
81.1001, 0.822966, 0.431634, 0.822966, 0.431634, 0, 0, 0, 0, 0, 0, -1.49181e+35, 0, 0, 0
81.15, 0.822966, 0.431634, 0.822966, 0.431634, 0, 0, 0, 0, 0, 0, -1.49181e+35, 0, 0, 0
81.2, 0.822966, 0.431634, 0.822966, 0.431634, 0, 0, 0, 0, 0, 0, -1.49181e+35, 0, 0, 0
81.25, 0.822966, 0.431634, 0.822966, 0.431634, 0, 0, 0, 0, 0, 0, -1.49181e+35, 0, 0, 0
81.2999, 0.822966, 0.431634, 0.822966, 0.431634, 0, 0, 0, 0, 0, 0, -1.49181e+35, 0, 0, 0
81.3499, 0.822966, 0.431634, 0.822966, 0.431634, 0, 0, 0, 0, 0, 0, -1.49181e+35, 0, 0, 0
81.3999, 0.822966, 0.431634, 0.822966, 0.431634, 0, 0, 0, 0, 0, 0, -1.49181e+35, 0, 0, 0
81.4499, 0.822966, 0.431634, 0.822966, 0.431634, 0, 0, 0, 0, 0, 0, -1.49181e+35, 0, 0, 0
81.4998, 0.822966, 0.431634, 0.822966, 0.431634, 0, 0, 0, 0, 0, 0, -1.49181e+35, 0, 0, 0
81.5498, 0.822966, 0.431634, 0.822966, 0.431634, 0, 0, 0, 0, 0, 0, -1.49181e+35, 0, 0, 0
81.5998, 0.822966, 0.431634, 0.822966, 0.431634, 0, 0, 0, 0, 0, 0, -1.49181e+35, 0, 0, 0
81.6498, 0.822966, 0.431634, 0.822966, 0.431634, 0, 0, 0, 0, 0, 0, -1.49181e+35, 0, 0, 0
81.6997, 0.822966, 0.431634, 0.822966, 0.431634, 0, 0, 0, 0, 0, 0, -1.49181e+35, 0, 0, 0
81.7497, 0.822966, 0.431634, 0.822966, 0.431634, 0, 0, 0, 0, 0, 0, -1.49181e+35, 0, 0, 0
81.7997, 0.822966, 0.431634, 0.822966, 0.431634, 0, 0, 0, 0, 0, 0, -1.49181e+35, 0, 0, 0
81.8496, 0.822966, 0.431634, 0.822966, 0.431634, 0, 0, 0, 0, 0, 0, -1.49181e+35, 0, 0, 0
81.8996, 0.822966, 0.431634, 0.822966, 0.431634, 0, 0, 0, 0, 0, 0, -1.49181e+35, 0, 0, 0
81.9496, 0.822966, 0.431634, 0.822966, 0.431634, 0, 0, 0, 0, 0, 0, -1.49181e+35, 0, 0, 0
81.9996, 0.822966, 0.431634, 0.822966, 0.431634, 0, 0, 0, 0, 0, 0, -1.49181e+35, 0, 0, 0
82.0006, 0.822966, 0.431634, 0.822966, 0.431634, 0, 0, 0, 0, 0, 0, -1.49181e+35, 0, 0, 0
82.0006, 0.822966, 0.431634, 0.822966, 0.431634, 0, 0, 0, 0, 0, 0, -1.49181e+35, 0, 0, 0
82.0505, 0.822966, 0.431634, 0.822966, 0.431634, 0, 0, 0, 0, 0, 0, -1.49181e+35, 0, 0, 0
82.1005, 0.822966, 0.431634, 0.822966, 0.431634, 0, 0, 0, 0, 0, 0, -1.49181e+35, 0, 0, 0
82.1505, 0.822966, 0.431634, 0.822966, 0.431634, 0, 0, 0, 0, 0, 0, -1.49181e+35, 0, 0, 0
82.2005, 0.822966, 0.431634, 0.822966, 0.431634, 0, 0, 0, 0, 0, 0, -1.49181e+35, 0, 0, 0
82.2504, 0.822966, 0.431634, 0.822966, 0.431634, 0, 0, 0, 0, 0, 0, -1.49181e+35, 0, 0, 0
82.3004, 0.822966, 0.431634, 0.822966, 0.431634, 0, 0, 0, 0, 0, 0, -1.49181e+35, 0, 0, 0
82.3504, 0.822966, 0.431634, 0.822966, 0.431634, 0, 0, 0, 0, 0, 0, -1.49181e+35, 0, 0, 0
82.4003, 0.822966, 0.431634, 0.822966, 0.431634, 0, 0, 0, 0, 0, 0, -1.49181e+35, 0, 0, 0
82.4503, 0.822966, 0.431634, 0.822966, 0.431634, 0, 0, 0, 0, 0, 0, -1.49181e+35, 0, 0, 0
82.5003, 0.822966, 0.431634, 0.822966, 0.431634, 0, 0, 0, 0, 0, 0, -1.49181e+35, 0, 0, 0
82.5503, 0.822966, 0.431634, 0.822966, 0.431634, 0, 0, 0, 0, 0, 0, -1.49181e+35, 0, 0, 0
82.6002, 0.822966, 0.431634, 0.822966, 0.431634, 0, 0, 0, 0, 0, 0, -1.49181e+35, 0, 0, 0
82.6502, 0.822966, 0.431634, 0.822966, 0.431634, 0, 0, 0, 0, 0, 0, -1.49181e+35, 0, 0, 0
82.7002, 0.822966, 0.431634, 0.822966, 0.431634, 0, 0, 0, 0, 0, 0, -1.49181e+35, 0, 0, 0
82.7502, 0.822966, 0.431634, 0.822966, 0.431634, 0, 0, 0, 0, 0, 0, -1.49181e+35, 0, 0, 0
82.8001, 0.822966, 0.431634, 0.822966, 0.431634, 0, 0, 0, 0, 0, 0, -1.49181e+35, 0, 0, 0
82.8501, 0.822966, 0.431634, 0.822966, 0.431634, 0, 0, 0, 0, 0, 0, -1.49181e+35, 0, 0, 0
82.9001, 0.822966, 0.431634, 0.822966, 0.431634, 0, 0, 0, 0, 0, 0, -1.49181e+35, 0, 0, 0
82.95, 0.822966, 0.431634, 0.822966, 0.431634, 0, 0, 0, 0, 0, 0, -1.49181e+35, 0, 0, 0
83, 0.822966, 0.431634, 0.822966, 0.431634, 0, 0, 0, 0, 0, 0, -1.49181e+35, 0, 0, 0
83, 0.822966, 0.431634, 0.822966, 0.431634, 0, 0, 0, 0, 0, 0, -1.49181e+35, 0, 0, 0
83.05, 0.822966, 0.431634, 0.822966, 0.431634, 0, 0, 0, 0, 0, 0, -1.49181e+35, 0, 0, 0
83.1, 0.822966, 0.431634, 0.822966, 0.431634, 0, 0, 0, 0, 0, 0, -1.49181e+35, 0, 0, 0
83.1499, 0.822966, 0.431634, 0.822966, 0.431634, 0, 0, 0, 0, 0, 0, -1.49181e+35, 0, 0, 0
83.1999, 0.822966, 0.431634, 0.822966, 0.431634, 0, 0, 0, 0, 0, 0, -1.49181e+35, 0, 0, 0
83.2499, 0.822966, 0.431634, 0.822966, 0.431634, 0, 0, 0, 0, 0, 0, -1.49181e+35, 0, 0, 0
83.2999, 0.822966, 0.431634, 0.822966, 0.431634, 0, 0, 0, 0, 0, 0, -1.49181e+35, 0, 0, 0
83.3498, 0.822966, 0.431634, 0.822966, 0.431634, 0, 0, 0, 0, 0, 0, -1.49181e+35, 0, 0, 0
83.3998, 0.822966, 0.431634, 0.822966, 0.431634, 0, 0, 0, 0, 0, 0, -1.49181e+35, 0, 0, 0
83.4498, 0.822966, 0.431634, 0.822966, 0.431634, 0, 0, 0, 0, 0, 0, -1.49181e+35, 0, 0, 0
83.4997, 0.822966, 0.431634, 0.822966, 0.431634, 0, 0, 0, 0, 0, 0, -1.49181e+35, 0, 0, 0
83.5497, 0.822966, 0.431634, 0.822966, 0.431634, 0, 0, 0, 0, 0, 0, -1.49181e+35, 0, 0, 0
83.5997, 0.822966, 0.431634, 0.822966, 0.431634, 0, 0, 0, 0, 0, 0, -1.49181e+35, 0, 0, 0
83.6497, 0.822966, 0.431634, 0.822966, 0.431634, 0, 0, 0, 0, 0, 0, -1.49181e+35, 0, 0, 0
83.6996, 0.822966, 0.431634, 0.822966, 0.431634, 0, 0, 0, 0, 0, 0, -1.49181e+35, 0, 0, 0
83.7496, 0.822966, 0.431634, 0.822966, 0.431634, 0, 0, 0, 0, 0, 0, -1.49181e+35, 0, 0, 0
83.7996, 0.822966, 0.431634, 0.822966, 0.431634, 0, 0, 0, 0, 0, 0, -1.49181e+35, 0, 0, 0
83.8495, 0.822966, 0.431634, 0.822966, 0.431634, 0, 0, 0, 0, 0, 0, -1.49181e+35, 0, 0, 0
83.8995, 0.822966, 0.431634, 0.822966, 0.431634, 0, 0, 0, 0, 0, 0, -1.49181e+35, 0, 0, 0
83.9495, 0.822966, 0.431634, 0.822966, 0.431634, 0, 0, 0, 0, 0, 0, -1.49181e+35, 0, 0, 0
83.9995, 0.822966, 0.431634, 0.822966, 0.431634, 0, 0, 0, 0, 0, 0, -1.49181e+35, 0, 0, 0
84.0005, 0.822966, 0.431634, 0.822966, 0.431634, 0, 0, 0, 0, 0, 0, -1.49181e+35, 0, 0, 0
84.0005, 0.822966, 0.431634, 0.822966, 0.431634, 0, 0, 0, 0, 0, 0, -1.49181e+35, 0, 0, 0
84.0504, 0.822966, 0.431634, 0.822966, 0.431634, 0, 0, 0, 0, 0, 0, -1.49181e+35, 0, 0, 0
84.1004, 0.822966, 0.431634, 0.822966, 0.431634, 0, 0, 0, 0, 0, 0, -1.49181e+35, 0, 0, 0
84.1504, 0.822966, 0.431634, 0.822966, 0.431634, 0, 0, 0, 0, 0, 0, -1.49181e+35, 0, 0, 0
84.2004, 0.822966, 0.431634, 0.822966, 0.431634, 0, 0, 0, 0, 0, 0, -1.49181e+35, 0, 0, 0
84.2503, 0.822966, 0.431634, 0.822966, 0.431634, 0, 0, 0, 0, 0, 0, -1.49181e+35, 0, 0, 0
84.3003, 0.822966, 0.431634, 0.822966, 0.431634, 0, 0, 0, 0, 0, 0, -1.49181e+35, 0, 0, 0
84.3503, 0.822966, 0.431634, 0.822966, 0.431634, 0, 0, 0, 0, 0, 0, -1.49181e+35, 0, 0, 0
84.4002, 0.822966, 0.431634, 0.822966, 0.431634, 0, 0, 0, 0, 0, 0, -1.49181e+35, 0, 0, 0
84.4502, 0.822966, 0.431634, 0.822966, 0.431634, 0, 0, 0, 0, 0, 0, -1.49181e+35, 0, 0, 0
84.5002, 0.822966, 0.431634, 0.822966, 0.431634, 0, 0, 0, 0, 0, 0, -1.49181e+35, 0, 0, 0
84.5502, 0.822966, 0.431634, 0.822966, 0.431634, 0, 0, 0, 0, 0, 0, -1.49181e+35, 0, 0, 0
84.6001, 0.822966, 0.431634, 0.822966, 0.431634, 0, 0, 0, 0, 0, 0, -1.49181e+35, 0, 0, 0
84.6501, 0.822966, 0.431634, 0.822966, 0.431634, 0, 0, 0, 0, 0, 0, -1.49181e+35, 0, 0, 0
84.7001, 0.822966, 0.431634, 0.822966, 0.431634, 0, 0, 0, 0, 0, 0, -1.49181e+35, 0, 0, 0
84.7501, 0.822966, 0.431634, 0.822966, 0.431634, 0, 0, 0, 0, 0, 0, -1.49181e+35, 0, 0, 0
84.8, 0.822966, 0.431634, 0.822966, 0.431634, 0, 0, 0, 0, 0, 0, -1.49181e+35, 0, 0, 0
84.85, 0.822966, 0.431634, 0.822966, 0.431634, 0, 0, 0, 0, 0, 0, -1.49181e+35, 0, 0, 0
84.9, 0.822966, 0.431634, 0.822966, 0.431634, 0, 0, 0, 0, 0, 0, -1.49181e+35, 0, 0, 0
84.9499, 0.822966, 0.431634, 0.822966, 0.431634, 0, 0, 0, 0, 0, 0, -1.49181e+35, 0, 0, 0
84.9999, 0.822966, 0.431634, 0.822966, 0.431634, 0, 0, 0, 0, 0, 0, -1.49181e+35, 0, 0, 0
85.0009, 0.822966, 0.431634, 0.822966, 0.431634, 0, 0, 0, 0, 0, 0, -1.49181e+35, 0, 0, 0
85.0009, 0.822966, 0.431634, 0.822966, 0.431634, 0, 0, 0, 0, 0, 0, -1.49181e+35, 0, 0, 0
85.0509, 0.822966, 0.431634, 0.822966, 0.431634, 0, 0, 0, 0, 0, 0, -1.49181e+35, 0, 0, 0
85.1009, 0.822966, 0.431634, 0.822966, 0.431634, 0, 0, 0, 0, 0, 0, -1.49181e+35, 0, 0, 0
85.1508, 0.822966, 0.431634, 0.822966, 0.431634, 0, 0, 0, 0, 0, 0, -1.49181e+35, 0, 0, 0
85.2008, 0.822966, 0.431634, 0.822966, 0.431634, 0, 0, 0, 0, 0, 0, -1.49181e+35, 0, 0, 0
85.2508, 0.822966, 0.431634, 0.822966, 0.431634, 0, 0, 0, 0, 0, 0, -1.49181e+35, 0, 0, 0
85.3008, 0.822966, 0.431634, 0.822966, 0.431634, 0, 0, 0, 0, 0, 0, -1.49181e+35, 0, 0, 0
85.3507, 0.822966, 0.431634, 0.822966, 0.431634, 0, 0, 0, 0, 0, 0, -1.49181e+35, 0, 0, 0
85.4007, 0.822966, 0.431634, 0.822966, 0.431634, 0, 0, 0, 0, 0, 0, -1.49181e+35, 0, 0, 0
85.4507, 0.822966, 0.431634, 0.822966, 0.431634, 0, 0, 0, 0, 0, 0, -1.49181e+35, 0, 0, 0
85.5006, 0.822966, 0.431634, 0.822966, 0.431634, 0, 0, 0, 0, 0, 0, -1.49181e+35, 0, 0, 0
85.5506, 0.822966, 0.431634, 0.822966, 0.431634, 0, 0, 0, 0, 0, 0, -1.49181e+35, 0, 0, 0
85.6006, 0.822966, 0.431634, 0.822966, 0.431634, 0, 0, 0, 0, 0, 0, -1.49181e+35, 0, 0, 0
85.6506, 0.822966, 0.431634, 0.822966, 0.431634, 0, 0, 0, 0, 0, 0, -1.49181e+35, 0, 0, 0
85.7005, 0.822966, 0.431634, 0.822966, 0.431634, 0, 0, 0, 0, 0, 0, -1.49181e+35, 0, 0, 0
85.7505, 0.822966, 0.431634, 0.822966, 0.431634, 0, 0, 0, 0, 0, 0, -1.49181e+35, 0, 0, 0
85.8005, 0.822966, 0.431634, 0.822966, 0.431634, 0, 0, 0, 0, 0, 0, -1.49181e+35, 0, 0, 0
85.8504, 0.822966, 0.431634, 0.822966, 0.431634, 0, 0, 0, 0, 0, 0, -1.49181e+35, 0, 0, 0
85.9004, 0.822966, 0.431634, 0.822966, 0.431634, 0, 0, 0, 0, 0, 0, -1.49181e+35, 0, 0, 0
85.9504, 0.822966, 0.431634, 0.822966, 0.431634, 0, 0, 0, 0, 0, 0, -1.49181e+35, 0, 0, 0
86.0004, 0.822966, 0.431634, 0.822966, 0.431634, 0, 0, 0, 0, 0, 0, -1.49181e+35, 0, 0, 0
86.0004, 0.822966, 0.431634, 0.822966, 0.431634, 0, 0, 0, 0, 0, 0, -1.49181e+35, 0, 0, 0
86.0503, 0.822966, 0.431634, 0.822966, 0.431634, 0, 0, 0, 0, 0, 0, -1.49181e+35, 0, 0, 0
86.1003, 0.822966, 0.431634, 0.822966, 0.431634, 0, 0, 0, 0, 0, 0, -1.49181e+35, 0, 0, 0
86.1503, 0.822966, 0.431634, 0.822966, 0.431634, 0, 0, 0, 0, 0, 0, -1.49181e+35, 0, 0, 0
86.2003, 0.822966, 0.431634, 0.822966, 0.431634, 0, 0, 0, 0, 0, 0, -1.49181e+35, 0, 0, 0
86.2502, 0.822966, 0.431634, 0.822966, 0.431634, 0, 0, 0, 0, 0, 0, -1.49181e+35, 0, 0, 0
86.3002, 0.822966, 0.431634, 0.822966, 0.431634, 0, 0, 0, 0, 0, 0, -1.49181e+35, 0, 0, 0
86.3502, 0.822966, 0.431634, 0.822966, 0.431634, 0, 0, 0, 0, 0, 0, -1.49181e+35, 0, 0, 0
86.4001, 0.822966, 0.431634, 0.822966, 0.431634, 0, 0, 0, 0, 0, 0, -1.49181e+35, 0, 0, 0
86.4501, 0.822966, 0.431634, 0.822966, 0.431634, 0, 0, 0, 0, 0, 0, -1.49181e+35, 0, 0, 0
86.5001, 0.822966, 0.431634, 0.822966, 0.431634, 0, 0, 0, 0, 0, 0, -1.49181e+35, 0, 0, 0
86.5501, 0.822966, 0.431634, 0.822966, 0.431634, 0, 0, 0, 0, 0, 0, -1.49181e+35, 0, 0, 0
86.6, 0.822966, 0.431634, 0.822966, 0.431634, 0, 0, 0, 0, 0, 0, -1.49181e+35, 0, 0, 0
86.65, 0.822966, 0.431634, 0.822966, 0.431634, 0, 0, 0, 0, 0, 0, -1.49181e+35, 0, 0, 0
86.7, 0.822966, 0.431634, 0.822966, 0.431634, 0, 0, 0, 0, 0, 0, -1.49181e+35, 0, 0, 0
86.75, 0.822966, 0.431634, 0.822966, 0.431634, 0, 0, 0, 0, 0, 0, -1.49181e+35, 0, 0, 0
86.7999, 0.822966, 0.431634, 0.822966, 0.431634, 0, 0, 0, 0, 0, 0, -1.49181e+35, 0, 0, 0
86.8499, 0.822966, 0.431634, 0.822966, 0.431634, 0, 0, 0, 0, 0, 0, -1.49181e+35, 0, 0, 0
86.8999, 0.822966, 0.431634, 0.822966, 0.431634, 0, 0, 0, 0, 0, 0, -1.49181e+35, 0, 0, 0
86.9498, 0.822966, 0.431634, 0.822966, 0.431634, 0, 0, 0, 0, 0, 0, -1.49181e+35, 0, 0, 0
86.9998, 0.822966, 0.431634, 0.822966, 0.431634, 0, 0, 0, 0, 0, 0, -1.49181e+35, 0, 0, 0
87.0008, 0.822966, 0.431634, 0.822966, 0.431634, 0, 0, 0, 0, 0, 0, -1.49181e+35, 0, 0, 0
87.0008, 0.822966, 0.431634, 0.822966, 0.431634, 0, 0, 0, 0, 0, 0, -1.49181e+35, 0, 0, 0
87.0508, 0.822966, 0.431634, 0.822966, 0.431634, 0, 0, 0, 0, 0, 0, -1.49181e+35, 0, 0, 0
87.1008, 0.822966, 0.431634, 0.822966, 0.431634, 0, 0, 0, 0, 0, 0, -1.49181e+35, 0, 0, 0
87.1507, 0.822966, 0.431634, 0.822966, 0.431634, 0, 0, 0, 0, 0, 0, -1.49181e+35, 0, 0, 0
87.2007, 0.822966, 0.431634, 0.822966, 0.431634, 0, 0, 0, 0, 0, 0, -1.49181e+35, 0, 0, 0
87.2507, 0.822966, 0.431634, 0.822966, 0.431634, 0, 0, 0, 0, 0, 0, -1.49181e+35, 0, 0, 0
87.3007, 0.822966, 0.431634, 0.822966, 0.431634, 0, 0, 0, 0, 0, 0, -1.49181e+35, 0, 0, 0
87.3506, 0.822966, 0.431634, 0.822966, 0.431634, 0, 0, 0, 0, 0, 0, -1.49181e+35, 0, 0, 0
87.4006, 0.822966, 0.431634, 0.822966, 0.431634, 0, 0, 0, 0, 0, 0, -1.49181e+35, 0, 0, 0
87.4506, 0.822966, 0.431634, 0.822966, 0.431634, 0, 0, 0, 0, 0, 0, -1.49181e+35, 0, 0, 0
87.5005, 0.822966, 0.431634, 0.822966, 0.431634, 0, 0, 0, 0, 0, 0, -1.49181e+35, 0, 0, 0
87.5505, 0.822966, 0.431634, 0.822966, 0.431634, 0, 0, 0, 0, 0, 0, -1.49181e+35, 0, 0, 0
87.6005, 0.822966, 0.431634, 0.822966, 0.431634, 0, 0, 0, 0, 0, 0, -1.49181e+35, 0, 0, 0
87.6505, 0.822966, 0.431634, 0.822966, 0.431634, 0, 0, 0, 0, 0, 0, -1.49181e+35, 0, 0, 0
87.7004, 0.822966, 0.431634, 0.822966, 0.431634, 0, 0, 0, 0, 0, 0, -1.49181e+35, 0, 0, 0
87.7504, 0.822966, 0.431634, 0.822966, 0.431634, 0, 0, 0, 0, 0, 0, -1.49181e+35, 0, 0, 0
87.8004, 0.822966, 0.431634, 0.822966, 0.431634, 0, 0, 0, 0, 0, 0, -1.49181e+35, 0, 0, 0
87.8503, 0.822966, 0.431634, 0.822966, 0.431634, 0, 0, 0, 0, 0, 0, -1.49181e+35, 0, 0, 0
87.9003, 0.822966, 0.431634, 0.822966, 0.431634, 0, 0, 0, 0, 0, 0, -1.49181e+35, 0, 0, 0
87.9503, 0.822966, 0.431634, 0.822966, 0.431634, 0, 0, 0, 0, 0, 0, -1.49181e+35, 0, 0, 0
88.0003, 0.822966, 0.431634, 0.822966, 0.431634, 0, 0, 0, 0, 0, 0, -1.49181e+35, 0, 0, 0
88.0003, 0.822966, 0.431634, 0.822966, 0.431634, 0, 0, 0, 0, 0, 0, -1.49181e+35, 0, 0, 0
88.0502, 0.822966, 0.431634, 0.822966, 0.431634, 0, 0, 0, 0, 0, 0, -1.49181e+35, 0, 0, 0
88.1002, 0.822966, 0.431634, 0.822966, 0.431634, 0, 0, 0, 0, 0, 0, -1.49181e+35, 0, 0, 0
88.1502, 0.822966, 0.431634, 0.822966, 0.431634, 0, 0, 0, 0, 0, 0, -1.49181e+35, 0, 0, 0
88.2002, 0.822966, 0.431634, 0.822966, 0.431634, 0, 0, 0, 0, 0, 0, -1.49181e+35, 0, 0, 0
88.2501, 0.822966, 0.431634, 0.822966, 0.431634, 0, 0, 0, 0, 0, 0, -1.49181e+35, 0, 0, 0
88.3001, 0.822966, 0.431634, 0.822966, 0.431634, 0, 0, 0, 0, 0, 0, -1.49181e+35, 0, 0, 0
88.3501, 0.822966, 0.431634, 0.822966, 0.431634, 0, 0, 0, 0, 0, 0, -1.49181e+35, 0, 0, 0
88.4, 0.822966, 0.431634, 0.822966, 0.431634, 0, 0, 0, 0, 0, 0, -1.49181e+35, 0, 0, 0
88.45, 0.822966, 0.431634, 0.822966, 0.431634, 0, 0, 0, 0, 0, 0, -1.49181e+35, 0, 0, 0
88.5, 0.822966, 0.431634, 0.822966, 0.431634, 0, 0, 0, 0, 0, 0, -1.49181e+35, 0, 0, 0
88.55, 0.822966, 0.431634, 0.822966, 0.431634, 0, 0, 0, 0, 0, 0, -1.49181e+35, 0, 0, 0
88.5999, 0.822966, 0.431634, 0.822966, 0.431634, 0, 0, 0, 0, 0, 0, -1.49181e+35, 0, 0, 0
88.6499, 0.822966, 0.431634, 0.822966, 0.431634, 0, 0, 0, 0, 0, 0, -1.49181e+35, 0, 0, 0
88.6999, 0.822966, 0.431634, 0.822966, 0.431634, 0, 0, 0, 0, 0, 0, -1.49181e+35, 0, 0, 0
88.7499, 0.822966, 0.431634, 0.822966, 0.431634, 0, 0, 0, 0, 0, 0, -1.49181e+35, 0, 0, 0
88.7998, 0.822966, 0.431634, 0.822966, 0.431634, 0, 0, 0, 0, 0, 0, -1.49181e+35, 0, 0, 0
88.8498, 0.822966, 0.431634, 0.822966, 0.431634, 0, 0, 0, 0, 0, 0, -1.49181e+35, 0, 0, 0
88.8998, 0.822966, 0.431634, 0.822966, 0.431634, 0, 0, 0, 0, 0, 0, -1.49181e+35, 0, 0, 0
88.9497, 0.822966, 0.431634, 0.822966, 0.431634, 0, 0, 0, 0, 0, 0, -1.49181e+35, 0, 0, 0
88.9997, 0.822966, 0.431634, 0.822966, 0.431634, 0, 0, 0, 0, 0, 0, -1.49181e+35, 0, 0, 0
89.0007, 0.822966, 0.431634, 0.822966, 0.431634, 0, 0, 0, 0, 0, 0, -1.49181e+35, 0, 0, 0
89.0007, 0.822966, 0.431634, 0.822966, 0.431634, 0, 0, 0, 0, 0, 0, -1.49181e+35, 0, 0, 0
89.0507, 0.822966, 0.431634, 0.822966, 0.431634, 0, 0, 0, 0, 0, 0, -1.49181e+35, 0, 0, 0
89.1007, 0.822966, 0.431634, 0.822966, 0.431634, 0, 0, 0, 0, 0, 0, -1.49181e+35, 0, 0, 0
89.1506, 0.822966, 0.431634, 0.822966, 0.431634, 0, 0, 0, 0, 0, 0, -1.49181e+35, 0, 0, 0
89.2006, 0.822966, 0.431634, 0.822966, 0.431634, 0, 0, 0, 0, 0, 0, -1.49181e+35, 0, 0, 0
89.2506, 0.822966, 0.431634, 0.822966, 0.431634, 0, 0, 0, 0, 0, 0, -1.49181e+35, 0, 0, 0
89.3006, 0.822966, 0.431634, 0.822966, 0.431634, 0, 0, 0, 0, 0, 0, -1.49181e+35, 0, 0, 0
89.3505, 0.822966, 0.431634, 0.822966, 0.431634, 0, 0, 0, 0, 0, 0, -1.49181e+35, 0, 0, 0
89.4005, 0.822966, 0.431634, 0.822966, 0.431634, 0, 0, 0, 0, 0, 0, -1.49181e+35, 0, 0, 0
89.4505, 0.822966, 0.431634, 0.822966, 0.431634, 0, 0, 0, 0, 0, 0, -1.49181e+35, 0, 0, 0
89.5004, 0.822966, 0.431634, 0.822966, 0.431634, 0, 0, 0, 0, 0, 0, -1.49181e+35, 0, 0, 0
89.5504, 0.822966, 0.431634, 0.822966, 0.431634, 0, 0, 0, 0, 0, 0, -1.49181e+35, 0, 0, 0
89.6004, 0.822966, 0.431634, 0.822966, 0.431634, 0, 0, 0, 0, 0, 0, -1.49181e+35, 0, 0, 0
89.6504, 0.822966, 0.431634, 0.822966, 0.431634, 0, 0, 0, 0, 0, 0, -1.49181e+35, 0, 0, 0
89.7003, 0.822966, 0.431634, 0.822966, 0.431634, 0, 0, 0, 0, 0, 0, -1.49181e+35, 0, 0, 0
89.7503, 0.822966, 0.431634, 0.822966, 0.431634, 0, 0, 0, 0, 0, 0, -1.49181e+35, 0, 0, 0
89.8003, 0.822966, 0.431634, 0.822966, 0.431634, 0, 0, 0, 0, 0, 0, -1.49181e+35, 0, 0, 0
89.8503, 0.822966, 0.431634, 0.822966, 0.431634, 0, 0, 0, 0, 0, 0, -1.49181e+35, 0, 0, 0
89.9002, 0.822966, 0.431634, 0.822966, 0.431634, 0, 0, 0, 0, 0, 0, -1.49181e+35, 0, 0, 0
89.9502, 0.822966, 0.431634, 0.822966, 0.431634, 0, 0, 0, 0, 0, 0, -1.49181e+35, 0, 0, 0
90.0002, 0.822966, 0.431634, 0.822966, 0.431634, 0, 0, 0, 0, 0, 0, -1.49181e+35, 0, 0, 0
90.0002, 0.822966, 0.431634, 0.822966, 0.431634, 0, 0, 0, 0, 0, 0, -1.49181e+35, 0, 0, 0
90.0501, 0.822966, 0.431634, 0.822966, 0.431634, 0, 0, 0, 0, 0, 0, -1.49181e+35, 0, 0, 0
90.1001, 0.822966, 0.431634, 0.822966, 0.431634, 0, 0, 0, 0, 0, 0, -1.49181e+35, 0, 0, 0
90.1501, 0.822966, 0.431634, 0.822966, 0.431634, 0, 0, 0, 0, 0, 0, -1.49181e+35, 0, 0, 0
90.2001, 0.822966, 0.431634, 0.822966, 0.431634, 0, 0, 0, 0, 0, 0, -1.49181e+35, 0, 0, 0
90.25, 0.822966, 0.431634, 0.822966, 0.431634, 0, 0, 0, 0, 0, 0, -1.49181e+35, 0, 0, 0
90.3, 0.822966, 0.431634, 0.822966, 0.431634, 0, 0, 0, 0, 0, 0, -1.49181e+35, 0, 0, 0
90.35, 0.822966, 0.431634, 0.822966, 0.431634, 0, 0, 0, 0, 0, 0, -1.49181e+35, 0, 0, 0
90.3999, 0.822966, 0.431634, 0.822966, 0.431634, 0, 0, 0, 0, 0, 0, -1.49181e+35, 0, 0, 0
90.4499, 0.822966, 0.431634, 0.822966, 0.431634, 0, 0, 0, 0, 0, 0, -1.49181e+35, 0, 0, 0
90.4999, 0.822966, 0.431634, 0.822966, 0.431634, 0, 0, 0, 0, 0, 0, -1.49181e+35, 0, 0, 0
90.5499, 0.822966, 0.431634, 0.822966, 0.431634, 0, 0, 0, 0, 0, 0, -1.49181e+35, 0, 0, 0
90.5998, 0.822966, 0.431634, 0.822966, 0.431634, 0, 0, 0, 0, 0, 0, -1.49181e+35, 0, 0, 0
90.6498, 0.822966, 0.431634, 0.822966, 0.431634, 0, 0, 0, 0, 0, 0, -1.49181e+35, 0, 0, 0
90.6998, 0.822966, 0.431634, 0.822966, 0.431634, 0, 0, 0, 0, 0, 0, -1.49181e+35, 0, 0, 0
90.7498, 0.822966, 0.431634, 0.822966, 0.431634, 0, 0, 0, 0, 0, 0, -1.49181e+35, 0, 0, 0
90.7997, 0.822966, 0.431634, 0.822966, 0.431634, 0, 0, 0, 0, 0, 0, -1.49181e+35, 0, 0, 0
90.8497, 0.822966, 0.431634, 0.822966, 0.431634, 0, 0, 0, 0, 0, 0, -1.49181e+35, 0, 0, 0
90.8997, 0.822966, 0.431634, 0.822966, 0.431634, 0, 0, 0, 0, 0, 0, -1.49181e+35, 0, 0, 0
90.9496, 0.822966, 0.431634, 0.822966, 0.431634, 0, 0, 0, 0, 0, 0, -1.49181e+35, 0, 0, 0
90.9996, 0.822966, 0.431634, 0.822966, 0.431634, 0, 0, 0, 0, 0, 0, -1.49181e+35, 0, 0, 0
91.0006, 0.822966, 0.431634, 0.822966, 0.431634, 0, 0, 0, 0, 0, 0, -1.49181e+35, 0, 0, 0
91.0006, 0.822966, 0.431634, 0.822966, 0.431634, 0, 0, 0, 0, 0, 0, -1.49181e+35, 0, 0, 0
91.0506, 0.822966, 0.431634, 0.822966, 0.431634, 0, 0, 0, 0, 0, 0, -1.49181e+35, 0, 0, 0
91.1006, 0.822966, 0.431634, 0.822966, 0.431634, 0, 0, 0, 0, 0, 0, -1.49181e+35, 0, 0, 0
91.1505, 0.822966, 0.431634, 0.822966, 0.431634, 0, 0, 0, 0, 0, 0, -1.49181e+35, 0, 0, 0
91.2005, 0.822966, 0.431634, 0.822966, 0.431634, 0, 0, 0, 0, 0, 0, -1.49181e+35, 0, 0, 0
91.2505, 0.822966, 0.431634, 0.822966, 0.431634, 0, 0, 0, 0, 0, 0, -1.49181e+35, 0, 0, 0
91.3005, 0.822966, 0.431634, 0.822966, 0.431634, 0, 0, 0, 0, 0, 0, -1.49181e+35, 0, 0, 0
91.3504, 0.822966, 0.431634, 0.822966, 0.431634, 0, 0, 0, 0, 0, 0, -1.49181e+35, 0, 0, 0
91.4004, 0.822966, 0.431634, 0.822966, 0.431634, 0, 0, 0, 0, 0, 0, -1.49181e+35, 0, 0, 0
91.4504, 0.822966, 0.431634, 0.822966, 0.431634, 0, 0, 0, 0, 0, 0, -1.49181e+35, 0, 0, 0
91.5003, 0.822966, 0.431634, 0.822966, 0.431634, 0, 0, 0, 0, 0, 0, -1.49181e+35, 0, 0, 0
91.5503, 0.822966, 0.431634, 0.822966, 0.431634, 0, 0, 0, 0, 0, 0, -1.49181e+35, 0, 0, 0
91.6003, 0.822966, 0.431634, 0.822966, 0.431634, 0, 0, 0, 0, 0, 0, -1.49181e+35, 0, 0, 0
91.6503, 0.822966, 0.431634, 0.822966, 0.431634, 0, 0, 0, 0, 0, 0, -1.49181e+35, 0, 0, 0
91.7002, 0.822966, 0.431634, 0.822966, 0.431634, 0, 0, 0, 0, 0, 0, -1.49181e+35, 0, 0, 0
91.7502, 0.822966, 0.431634, 0.822966, 0.431634, 0, 0, 0, 0, 0, 0, -1.49181e+35, 0, 0, 0
91.8002, 0.822966, 0.431634, 0.822966, 0.431634, 0, 0, 0, 0, 0, 0, -1.49181e+35, 0, 0, 0
91.8502, 0.822966, 0.431634, 0.822966, 0.431634, 0, 0, 0, 0, 0, 0, -1.49181e+35, 0, 0, 0
91.9001, 0.822966, 0.431634, 0.822966, 0.431634, 0, 0, 0, 0, 0, 0, -1.49181e+35, 0, 0, 0
91.9501, 0.822966, 0.431634, 0.822966, 0.431634, 0, 0, 0, 0, 0, 0, -1.49181e+35, 0, 0, 0
92.0001, 0.822966, 0.431634, 0.822966, 0.431634, 0, 0, 0, 0, 0, 0, -1.49181e+35, 0, 0, 0
92.0001, 0.822966, 0.431634, 0.822966, 0.431634, 0, 0, 0, 0, 0, 0, -1.49181e+35, 0, 0, 0
92.05, 0.822966, 0.431634, 0.822966, 0.431634, 0, 0, 0, 0, 0, 0, -1.49181e+35, 0, 0, 0
92.1, 0.822966, 0.431634, 0.822966, 0.431634, 0, 0, 0, 0, 0, 0, -1.49181e+35, 0, 0, 0
92.15, 0.822966, 0.431634, 0.822966, 0.431634, 0, 0, 0, 0, 0, 0, -1.49181e+35, 0, 0, 0
92.2, 0.822966, 0.431634, 0.822966, 0.431634, 0, 0, 0, 0, 0, 0, -1.49181e+35, 0, 0, 0
92.2499, 0.822966, 0.431634, 0.822966, 0.431634, 0, 0, 0, 0, 0, 0, -1.49181e+35, 0, 0, 0
92.2999, 0.822966, 0.431634, 0.822966, 0.431634, 0, 0, 0, 0, 0, 0, -1.49181e+35, 0, 0, 0
92.3499, 0.822966, 0.431634, 0.822966, 0.431634, 0, 0, 0, 0, 0, 0, -1.49181e+35, 0, 0, 0
92.3998, 0.822966, 0.431634, 0.822966, 0.431634, 0, 0, 0, 0, 0, 0, -1.49181e+35, 0, 0, 0
92.4498, 0.822966, 0.431634, 0.822966, 0.431634, 0, 0, 0, 0, 0, 0, -1.49181e+35, 0, 0, 0
92.4998, 0.822966, 0.431634, 0.822966, 0.431634, 0, 0, 0, 0, 0, 0, -1.49181e+35, 0, 0, 0
92.5498, 0.822966, 0.431634, 0.822966, 0.431634, 0, 0, 0, 0, 0, 0, -1.49181e+35, 0, 0, 0
92.5997, 0.822966, 0.431634, 0.822966, 0.431634, 0, 0, 0, 0, 0, 0, -1.49181e+35, 0, 0, 0
92.6497, 0.822966, 0.431634, 0.822966, 0.431634, 0, 0, 0, 0, 0, 0, -1.49181e+35, 0, 0, 0
92.6997, 0.822966, 0.431634, 0.822966, 0.431634, 0, 0, 0, 0, 0, 0, -1.49181e+35, 0, 0, 0
92.7497, 0.822966, 0.431634, 0.822966, 0.431634, 0, 0, 0, 0, 0, 0, -1.49181e+35, 0, 0, 0
92.7996, 0.822966, 0.431634, 0.822966, 0.431634, 0, 0, 0, 0, 0, 0, -1.49181e+35, 0, 0, 0
92.8496, 0.822966, 0.431634, 0.822966, 0.431634, 0, 0, 0, 0, 0, 0, -1.49181e+35, 0, 0, 0
92.8996, 0.822966, 0.431634, 0.822966, 0.431634, 0, 0, 0, 0, 0, 0, -1.49181e+35, 0, 0, 0
92.9495, 0.822966, 0.431634, 0.822966, 0.431634, 0, 0, 0, 0, 0, 0, -1.49181e+35, 0, 0, 0
92.9995, 0.822966, 0.431634, 0.822966, 0.431634, 0, 0, 0, 0, 0, 0, -1.49181e+35, 0, 0, 0
93.0005, 0.822966, 0.431634, 0.822966, 0.431634, 0, 0, 0, 0, 0, 0, -1.49181e+35, 0, 0, 0
93.0005, 0.822966, 0.431634, 0.822966, 0.431634, 0, 0, 0, 0, 0, 0, -1.49181e+35, 0, 0, 0
93.0505, 0.822966, 0.431634, 0.822966, 0.431634, 0, 0, 0, 0, 0, 0, -1.49181e+35, 0, 0, 0
93.1005, 0.822966, 0.431634, 0.822966, 0.431634, 0, 0, 0, 0, 0, 0, -1.49181e+35, 0, 0, 0
93.1504, 0.822966, 0.431634, 0.822966, 0.431634, 0, 0, 0, 0, 0, 0, -1.49181e+35, 0, 0, 0
93.2004, 0.822966, 0.431634, 0.822966, 0.431634, 0, 0, 0, 0, 0, 0, -1.49181e+35, 0, 0, 0
93.2504, 0.822966, 0.431634, 0.822966, 0.431634, 0, 0, 0, 0, 0, 0, -1.49181e+35, 0, 0, 0
93.3004, 0.822966, 0.431634, 0.822966, 0.431634, 0, 0, 0, 0, 0, 0, -1.49181e+35, 0, 0, 0
93.3503, 0.822966, 0.431634, 0.822966, 0.431634, 0, 0, 0, 0, 0, 0, -1.49181e+35, 0, 0, 0
93.4003, 0.822966, 0.431634, 0.822966, 0.431634, 0, 0, 0, 0, 0, 0, -1.49181e+35, 0, 0, 0
93.4503, 0.822966, 0.431634, 0.822966, 0.431634, 0, 0, 0, 0, 0, 0, -1.49181e+35, 0, 0, 0
93.5002, 0.822966, 0.431634, 0.822966, 0.431634, 0, 0, 0, 0, 0, 0, -1.49181e+35, 0, 0, 0
93.5502, 0.822966, 0.431634, 0.822966, 0.431634, 0, 0, 0, 0, 0, 0, -1.49181e+35, 0, 0, 0
93.6002, 0.822966, 0.431634, 0.822966, 0.431634, 0, 0, 0, 0, 0, 0, -1.49181e+35, 0, 0, 0
93.6502, 0.822966, 0.431634, 0.822966, 0.431634, 0, 0, 0, 0, 0, 0, -1.49181e+35, 0, 0, 0
93.7001, 0.822966, 0.431634, 0.822966, 0.431634, 0, 0, 0, 0, 0, 0, -1.49181e+35, 0, 0, 0
93.7501, 0.822966, 0.431634, 0.822966, 0.431634, 0, 0, 0, 0, 0, 0, -1.49181e+35, 0, 0, 0
93.8001, 0.822966, 0.431634, 0.822966, 0.431634, 0, 0, 0, 0, 0, 0, -1.49181e+35, 0, 0, 0
93.8501, 0.822966, 0.431634, 0.822966, 0.431634, 0, 0, 0, 0, 0, 0, -1.49181e+35, 0, 0, 0
93.9, 0.822966, 0.431634, 0.822966, 0.431634, 0, 0, 0, 0, 0, 0, -1.49181e+35, 0, 0, 0
93.95, 0.822966, 0.431634, 0.822966, 0.431634, 0, 0, 0, 0, 0, 0, -1.49181e+35, 0, 0, 0
94, 0.822966, 0.431634, 0.822966, 0.431634, 0, 0, 0, 0, 0, 0, -1.49181e+35, 0, 0, 0
94.001, 0.822966, 0.431634, 0.822966, 0.431634, 0, 0, 0, 0, 0, 0, -1.49181e+35, 0, 0, 0
94.001, 0.822966, 0.431634, 0.822966, 0.431634, 0, 0, 0, 0, 0, 0, -1.49181e+35, 0, 0, 0
94.0509, 0.822966, 0.431634, 0.822966, 0.431634, 0, 0, 0, 0, 0, 0, -1.49181e+35, 0, 0, 0
94.1009, 0.822966, 0.431634, 0.822966, 0.431634, 0, 0, 0, 0, 0, 0, -1.49181e+35, 0, 0, 0
94.1509, 0.822966, 0.431634, 0.822966, 0.431634, 0, 0, 0, 0, 0, 0, -1.49181e+35, 0, 0, 0
94.2009, 0.822966, 0.431634, 0.822966, 0.431634, 0, 0, 0, 0, 0, 0, -1.49181e+35, 0, 0, 0
94.2508, 0.822966, 0.431634, 0.822966, 0.431634, 0, 0, 0, 0, 0, 0, -1.49181e+35, 0, 0, 0
94.3008, 0.822966, 0.431634, 0.822966, 0.431634, 0, 0, 0, 0, 0, 0, -1.49181e+35, 0, 0, 0
94.3508, 0.822966, 0.431634, 0.822966, 0.431634, 0, 0, 0, 0, 0, 0, -1.49181e+35, 0, 0, 0
94.4007, 0.822966, 0.431634, 0.822966, 0.431634, 0, 0, 0, 0, 0, 0, -1.49181e+35, 0, 0, 0
94.4507, 0.822966, 0.431634, 0.822966, 0.431634, 0, 0, 0, 0, 0, 0, -1.49181e+35, 0, 0, 0
94.5007, 0.822966, 0.431634, 0.822966, 0.431634, 0, 0, 0, 0, 0, 0, -1.49181e+35, 0, 0, 0
94.5507, 0.822966, 0.431634, 0.822966, 0.431634, 0, 0, 0, 0, 0, 0, -1.49181e+35, 0, 0, 0
94.6006, 0.822966, 0.431634, 0.822966, 0.431634, 0, 0, 0, 0, 0, 0, -1.49181e+35, 0, 0, 0
94.6506, 0.822966, 0.431634, 0.822966, 0.431634, 0, 0, 0, 0, 0, 0, -1.49181e+35, 0, 0, 0
94.7006, 0.822966, 0.431634, 0.822966, 0.431634, 0, 0, 0, 0, 0, 0, -1.49181e+35, 0, 0, 0
94.7506, 0.822966, 0.431634, 0.822966, 0.431634, 0, 0, 0, 0, 0, 0, -1.49181e+35, 0, 0, 0
94.8005, 0.822966, 0.431634, 0.822966, 0.431634, 0, 0, 0, 0, 0, 0, -1.49181e+35, 0, 0, 0
94.8505, 0.822966, 0.431634, 0.822966, 0.431634, 0, 0, 0, 0, 0, 0, -1.49181e+35, 0, 0, 0
94.9005, 0.822966, 0.431634, 0.822966, 0.431634, 0, 0, 0, 0, 0, 0, -1.49181e+35, 0, 0, 0
94.9504, 0.822966, 0.431634, 0.822966, 0.431634, 0, 0, 0, 0, 0, 0, -1.49181e+35, 0, 0, 0
95.0004, 0.822966, 0.431634, 0.822966, 0.431634, 0, 0, 0, 0, 0, 0, -1.49181e+35, 0, 0, 0
95.0004, 0.822966, 0.431634, 0.822966, 0.431634, 0, 0, 0, 0, 0, 0, -1.49181e+35, 0, 0, 0
95.0504, 0.822966, 0.431634, 0.822966, 0.431634, 0, 0, 0, 0, 0, 0, -1.49181e+35, 0, 0, 0
95.1004, 0.822966, 0.431634, 0.822966, 0.431634, 0, 0, 0, 0, 0, 0, -1.49181e+35, 0, 0, 0
95.1503, 0.822966, 0.431634, 0.822966, 0.431634, 0, 0, 0, 0, 0, 0, -1.49181e+35, 0, 0, 0
95.2003, 0.822966, 0.431634, 0.822966, 0.431634, 0, 0, 0, 0, 0, 0, -1.49181e+35, 0, 0, 0
95.2503, 0.822966, 0.431634, 0.822966, 0.431634, 0, 0, 0, 0, 0, 0, -1.49181e+35, 0, 0, 0
95.3003, 0.822966, 0.431634, 0.822966, 0.431634, 0, 0, 0, 0, 0, 0, -1.49181e+35, 0, 0, 0
95.3502, 0.822966, 0.431634, 0.822966, 0.431634, 0, 0, 0, 0, 0, 0, -1.49181e+35, 0, 0, 0
95.4002, 0.822966, 0.431634, 0.822966, 0.431634, 0, 0, 0, 0, 0, 0, -1.49181e+35, 0, 0, 0
95.4502, 0.822966, 0.431634, 0.822966, 0.431634, 0, 0, 0, 0, 0, 0, -1.49181e+35, 0, 0, 0
95.5001, 0.822966, 0.431634, 0.822966, 0.431634, 0, 0, 0, 0, 0, 0, -1.49181e+35, 0, 0, 0
95.5501, 0.822966, 0.431634, 0.822966, 0.431634, 0, 0, 0, 0, 0, 0, -1.49181e+35, 0, 0, 0
95.6001, 0.822966, 0.431634, 0.822966, 0.431634, 0, 0, 0, 0, 0, 0, -1.49181e+35, 0, 0, 0
95.6501, 0.822966, 0.431634, 0.822966, 0.431634, 0, 0, 0, 0, 0, 0, -1.49181e+35, 0, 0, 0
95.7, 0.822966, 0.431634, 0.822966, 0.431634, 0, 0, 0, 0, 0, 0, -1.49181e+35, 0, 0, 0
95.75, 0.822966, 0.431634, 0.822966, 0.431634, 0, 0, 0, 0, 0, 0, -1.49181e+35, 0, 0, 0
95.8, 0.822966, 0.431634, 0.822966, 0.431634, 0, 0, 0, 0, 0, 0, -1.49181e+35, 0, 0, 0
95.85, 0.822966, 0.431634, 0.822966, 0.431634, 0, 0, 0, 0, 0, 0, -1.49181e+35, 0, 0, 0
95.8999, 0.822966, 0.431634, 0.822966, 0.431634, 0, 0, 0, 0, 0, 0, -1.49181e+35, 0, 0, 0
95.9499, 0.822966, 0.431634, 0.822966, 0.431634, 0, 0, 0, 0, 0, 0, -1.49181e+35, 0, 0, 0
95.9999, 0.822966, 0.431634, 0.822966, 0.431634, 0, 0, 0, 0, 0, 0, -1.49181e+35, 0, 0, 0
96.0009, 0.822966, 0.431634, 0.822966, 0.431634, 0, 0, 0, 0, 0, 0, -1.49181e+35, 0, 0, 0
96.0009, 0.822966, 0.431634, 0.822966, 0.431634, 0, 0, 0, 0, 0, 0, -1.49181e+35, 0, 0, 0
96.0508, 0.822966, 0.431634, 0.822966, 0.431634, 0, 0, 0, 0, 0, 0, -1.49181e+35, 0, 0, 0
96.1008, 0.822966, 0.431634, 0.822966, 0.431634, 0, 0, 0, 0, 0, 0, -1.49181e+35, 0, 0, 0
96.1508, 0.822966, 0.431634, 0.822966, 0.431634, 0, 0, 0, 0, 0, 0, -1.49181e+35, 0, 0, 0
96.2008, 0.822966, 0.431634, 0.822966, 0.431634, 0, 0, 0, 0, 0, 0, -1.49181e+35, 0, 0, 0
96.2507, 0.822966, 0.431634, 0.822966, 0.431634, 0, 0, 0, 0, 0, 0, -1.49181e+35, 0, 0, 0
96.3007, 0.822966, 0.431634, 0.822966, 0.431634, 0, 0, 0, 0, 0, 0, -1.49181e+35, 0, 0, 0
96.3507, 0.822966, 0.431634, 0.822966, 0.431634, 0, 0, 0, 0, 0, 0, -1.49181e+35, 0, 0, 0
96.4007, 0.822966, 0.431634, 0.822966, 0.431634, 0, 0, 0, 0, 0, 0, -1.49181e+35, 0, 0, 0
96.4506, 0.822966, 0.431634, 0.822966, 0.431634, 0, 0, 0, 0, 0, 0, -1.49181e+35, 0, 0, 0
96.5006, 0.822966, 0.431634, 0.822966, 0.431634, 0, 0, 0, 0, 0, 0, -1.49181e+35, 0, 0, 0
96.5506, 0.822966, 0.431634, 0.822966, 0.431634, 0, 0, 0, 0, 0, 0, -1.49181e+35, 0, 0, 0
96.6005, 0.822966, 0.431634, 0.822966, 0.431634, 0, 0, 0, 0, 0, 0, -1.49181e+35, 0, 0, 0
96.6505, 0.822966, 0.431634, 0.822966, 0.431634, 0, 0, 0, 0, 0, 0, -1.49181e+35, 0, 0, 0
96.7005, 0.822966, 0.431634, 0.822966, 0.431634, 0, 0, 0, 0, 0, 0, -1.49181e+35, 0, 0, 0
96.7505, 0.822966, 0.431634, 0.822966, 0.431634, 0, 0, 0, 0, 0, 0, -1.49181e+35, 0, 0, 0
96.8004, 0.822966, 0.431634, 0.822966, 0.431634, 0, 0, 0, 0, 0, 0, -1.49181e+35, 0, 0, 0
96.8504, 0.822966, 0.431634, 0.822966, 0.431634, 0, 0, 0, 0, 0, 0, -1.49181e+35, 0, 0, 0
96.9004, 0.822966, 0.431634, 0.822966, 0.431634, 0, 0, 0, 0, 0, 0, -1.49181e+35, 0, 0, 0
96.9503, 0.822966, 0.431634, 0.822966, 0.431634, 0, 0, 0, 0, 0, 0, -1.49181e+35, 0, 0, 0
97.0003, 0.822966, 0.431634, 0.822966, 0.431634, 0, 0, 0, 0, 0, 0, -1.49181e+35, 0, 0, 0
97.0003, 0.822966, 0.431634, 0.822966, 0.431634, 0, 0, 0, 0, 0, 0, -1.49181e+35, 0, 0, 0
97.0503, 0.822966, 0.431634, 0.822966, 0.431634, 0, 0, 0, 0, 0, 0, -1.49181e+35, 0, 0, 0
97.1003, 0.822966, 0.431634, 0.822966, 0.431634, 0, 0, 0, 0, 0, 0, -1.49181e+35, 0, 0, 0
97.1502, 0.822966, 0.431634, 0.822966, 0.431634, 0, 0, 0, 0, 0, 0, -1.49181e+35, 0, 0, 0
97.2002, 0.822966, 0.431634, 0.822966, 0.431634, 0, 0, 0, 0, 0, 0, -1.49181e+35, 0, 0, 0
97.2502, 0.822966, 0.431634, 0.822966, 0.431634, 0, 0, 0, 0, 0, 0, -1.49181e+35, 0, 0, 0
97.3002, 0.822966, 0.431634, 0.822966, 0.431634, 0, 0, 0, 0, 0, 0, -1.49181e+35, 0, 0, 0
97.3501, 0.822966, 0.431634, 0.822966, 0.431634, 0, 0, 0, 0, 0, 0, -1.49181e+35, 0, 0, 0
97.4001, 0.822966, 0.431634, 0.822966, 0.431634, 0, 0, 0, 0, 0, 0, -1.49181e+35, 0, 0, 0
97.4501, 0.822966, 0.431634, 0.822966, 0.431634, 0, 0, 0, 0, 0, 0, -1.49181e+35, 0, 0, 0
97.5, 0.822966, 0.431634, 0.822966, 0.431634, 0, 0, 0, 0, 0, 0, -1.49181e+35, 0, 0, 0
97.55, 0.822966, 0.431634, 0.822966, 0.431634, 0, 0, 0, 0, 0, 0, -1.49181e+35, 0, 0, 0
97.6, 0.822966, 0.431634, 0.822966, 0.431634, 0, 0, 0, 0, 0, 0, -1.49181e+35, 0, 0, 0
97.65, 0.822966, 0.431634, 0.822966, 0.431634, 0, 0, 0, 0, 0, 0, -1.49181e+35, 0, 0, 0
97.6999, 0.822966, 0.431634, 0.822966, 0.431634, 0, 0, 0, 0, 0, 0, -1.49181e+35, 0, 0, 0
97.7499, 0.822966, 0.431634, 0.822966, 0.431634, 0, 0, 0, 0, 0, 0, -1.49181e+35, 0, 0, 0
97.7999, 0.822966, 0.431634, 0.822966, 0.431634, 0, 0, 0, 0, 0, 0, -1.49181e+35, 0, 0, 0
97.8499, 0.822966, 0.431634, 0.822966, 0.431634, 0, 0, 0, 0, 0, 0, -1.49181e+35, 0, 0, 0
97.8998, 0.822966, 0.431634, 0.822966, 0.431634, 0, 0, 0, 0, 0, 0, -1.49181e+35, 0, 0, 0
97.9498, 0.822966, 0.431634, 0.822966, 0.431634, 0, 0, 0, 0, 0, 0, -1.49181e+35, 0, 0, 0
97.9998, 0.822966, 0.431634, 0.822966, 0.431634, 0, 0, 0, 0, 0, 0, -1.49181e+35, 0, 0, 0
98.0008, 0.822966, 0.431634, 0.822966, 0.431634, 0, 0, 0, 0, 0, 0, -1.49181e+35, 0, 0, 0
98.0008, 0.822966, 0.431634, 0.822966, 0.431634, 0, 0, 0, 0, 0, 0, -1.49181e+35, 0, 0, 0
98.0507, 0.822966, 0.431634, 0.822966, 0.431634, 0, 0, 0, 0, 0, 0, -1.49181e+35, 0, 0, 0
98.1007, 0.822966, 0.431634, 0.822966, 0.431634, 0, 0, 0, 0, 0, 0, -1.49181e+35, 0, 0, 0
98.1507, 0.822966, 0.431634, 0.822966, 0.431634, 0, 0, 0, 0, 0, 0, -1.49181e+35, 0, 0, 0
98.2007, 0.822966, 0.431634, 0.822966, 0.431634, 0, 0, 0, 0, 0, 0, -1.49181e+35, 0, 0, 0
98.2506, 0.822966, 0.431634, 0.822966, 0.431634, 0, 0, 0, 0, 0, 0, -1.49181e+35, 0, 0, 0
98.3006, 0.822966, 0.431634, 0.822966, 0.431634, 0, 0, 0, 0, 0, 0, -1.49181e+35, 0, 0, 0
98.3506, 0.822966, 0.431634, 0.822966, 0.431634, 0, 0, 0, 0, 0, 0, -1.49181e+35, 0, 0, 0
98.4006, 0.822966, 0.431634, 0.822966, 0.431634, 0, 0, 0, 0, 0, 0, -1.49181e+35, 0, 0, 0
98.4505, 0.822966, 0.431634, 0.822966, 0.431634, 0, 0, 0, 0, 0, 0, -1.49181e+35, 0, 0, 0
98.5005, 0.822966, 0.431634, 0.822966, 0.431634, 0, 0, 0, 0, 0, 0, -1.49181e+35, 0, 0, 0
98.5505, 0.822966, 0.431634, 0.822966, 0.431634, 0, 0, 0, 0, 0, 0, -1.49181e+35, 0, 0, 0
98.6004, 0.822966, 0.431634, 0.822966, 0.431634, 0, 0, 0, 0, 0, 0, -1.49181e+35, 0, 0, 0
98.6504, 0.822966, 0.431634, 0.822966, 0.431634, 0, 0, 0, 0, 0, 0, -1.49181e+35, 0, 0, 0
98.7004, 0.822966, 0.431634, 0.822966, 0.431634, 0, 0, 0, 0, 0, 0, -1.49181e+35, 0, 0, 0
98.7504, 0.822966, 0.431634, 0.822966, 0.431634, 0, 0, 0, 0, 0, 0, -1.49181e+35, 0, 0, 0
98.8003, 0.822966, 0.431634, 0.822966, 0.431634, 0, 0, 0, 0, 0, 0, -1.49181e+35, 0, 0, 0
98.8503, 0.822966, 0.431634, 0.822966, 0.431634, 0, 0, 0, 0, 0, 0, -1.49181e+35, 0, 0, 0
98.9003, 0.822966, 0.431634, 0.822966, 0.431634, 0, 0, 0, 0, 0, 0, -1.49181e+35, 0, 0, 0
98.9502, 0.822966, 0.431634, 0.822966, 0.431634, 0, 0, 0, 0, 0, 0, -1.49181e+35, 0, 0, 0
99.0002, 0.822966, 0.431634, 0.822966, 0.431634, 0, 0, 0, 0, 0, 0, -1.49181e+35, 0, 0, 0
99.0002, 0.822966, 0.431634, 0.822966, 0.431634, 0, 0, 0, 0, 0, 0, -1.49181e+35, 0, 0, 0
99.0502, 0.822966, 0.431634, 0.822966, 0.431634, 0, 0, 0, 0, 0, 0, -1.49181e+35, 0, 0, 0
99.1002, 0.822966, 0.431634, 0.822966, 0.431634, 0, 0, 0, 0, 0, 0, -1.49181e+35, 0, 0, 0
99.1501, 0.822966, 0.431634, 0.822966, 0.431634, 0, 0, 0, 0, 0, 0, -1.49181e+35, 0, 0, 0
99.2001, 0.822966, 0.431634, 0.822966, 0.431634, 0, 0, 0, 0, 0, 0, -1.49181e+35, 0, 0, 0
99.2501, 0.822966, 0.431634, 0.822966, 0.431634, 0, 0, 0, 0, 0, 0, -1.49181e+35, 0, 0, 0
99.3001, 0.822966, 0.431634, 0.822966, 0.431634, 0, 0, 0, 0, 0, 0, -1.49181e+35, 0, 0, 0
99.35, 0.822966, 0.431634, 0.822966, 0.431634, 0, 0, 0, 0, 0, 0, -1.49181e+35, 0, 0, 0
99.4, 0.822966, 0.431634, 0.822966, 0.431634, 0, 0, 0, 0, 0, 0, -1.49181e+35, 0, 0, 0
99.45, 0.822966, 0.431634, 0.822966, 0.431634, 0, 0, 0, 0, 0, 0, -1.49181e+35, 0, 0, 0
99.4999, 0.822966, 0.431634, 0.822966, 0.431634, 0, 0, 0, 0, 0, 0, -1.49181e+35, 0, 0, 0
99.5499, 0.822966, 0.431634, 0.822966, 0.431634, 0, 0, 0, 0, 0, 0, -1.49181e+35, 0, 0, 0
99.5999, 0.822966, 0.431634, 0.822966, 0.431634, 0, 0, 0, 0, 0, 0, -1.49181e+35, 0, 0, 0
99.6499, 0.822966, 0.431634, 0.822966, 0.431634, 0, 0, 0, 0, 0, 0, -1.49181e+35, 0, 0, 0
99.6998, 0.822966, 0.431634, 0.822966, 0.431634, 0, 0, 0, 0, 0, 0, -1.49181e+35, 0, 0, 0
99.7498, 0.822966, 0.431634, 0.822966, 0.431634, 0, 0, 0, 0, 0, 0, -1.49181e+35, 0, 0, 0
99.7998, 0.822966, 0.431634, 0.822966, 0.431634, 0, 0, 0, 0, 0, 0, -1.49181e+35, 0, 0, 0
99.8498, 0.822966, 0.431634, 0.822966, 0.431634, 0, 0, 0, 0, 0, 0, -1.49181e+35, 0, 0, 0
99.8997, 0.822966, 0.431634, 0.822966, 0.431634, 0, 0, 0, 0, 0, 0, -1.49181e+35, 0, 0, 0
99.9497, 0.822966, 0.431634, 0.822966, 0.431634, 0, 0, 0, 0, 0, 0, -1.49181e+35, 0, 0, 0
99.9997, 0.822966, 0.431634, 0.822966, 0.431634, 0, 0, 0, 0, 0, 0, -1.49181e+35, 0, 0, 0
100.001, 0.822966, 0.431634, 0.822966, 0.431634, 0, 0, 0, 0, 0, 0, -1.49181e+35, 0, 0, 0
100.001, 0.822966, 0.431634, 0.822966, 0.431634, 0, 0, 0, 0, 0, 0, -1.49181e+35, 0, 0, 0
100.051, 0.822966, 0.431634, 0.822966, 0.431634, 0, 0, 0, 0, 0, 0, -1.49181e+35, 0, 0, 0
100.101, 0.822966, 0.431634, 0.822966, 0.431634, 0, 0, 0, 0, 0, 0, -1.49181e+35, 0, 0, 0
100.151, 0.822966, 0.431634, 0.822966, 0.431634, 0, 0, 0, 0, 0, 0, -1.49181e+35, 0, 0, 0
100.201, 0.822966, 0.431634, 0.822966, 0.431634, 0, 0, 0, 0, 0, 0, -1.49181e+35, 0, 0, 0
100.251, 0.822966, 0.431634, 0.822966, 0.431634, 0, 0, 0, 0, 0, 0, -1.49181e+35, 0, 0, 0
100.301, 0.822966, 0.431634, 0.822966, 0.431634, 0, 0, 0, 0, 0, 0, -1.49181e+35, 0, 0, 0
100.35, 0.822966, 0.431634, 0.822966, 0.431634, 0, 0, 0, 0, 0, 0, -1.49181e+35, 0, 0, 0
100.4, 0.822966, 0.431634, 0.822966, 0.431634, 0, 0, 0, 0, 0, 0, -1.49181e+35, 0, 0, 0
100.45, 0.822966, 0.431634, 0.822966, 0.431634, 0, 0, 0, 0, 0, 0, -1.49181e+35, 0, 0, 0
100.5, 0.822966, 0.431634, 0.822966, 0.431634, 0, 0, 0, 0, 0, 0, -1.49181e+35, 0, 0, 0
100.55, 0.822966, 0.431634, 0.822966, 0.431634, 0, 0, 0, 0, 0, 0, -1.49181e+35, 0, 0, 0
100.6, 0.822966, 0.431634, 0.822966, 0.431634, 0, 0, 0, 0, 0, 0, -1.49181e+35, 0, 0, 0
100.65, 0.822966, 0.431634, 0.822966, 0.431634, 0, 0, 0, 0, 0, 0, -1.49181e+35, 0, 0, 0
100.7, 0.822966, 0.431634, 0.822966, 0.431634, 0, 0, 0, 0, 0, 0, -1.49181e+35, 0, 0, 0
100.75, 0.822966, 0.431634, 0.822966, 0.431634, 0, 0, 0, 0, 0, 0, -1.49181e+35, 0, 0, 0
100.8, 0.822966, 0.431634, 0.822966, 0.431634, 0, 0, 0, 0, 0, 0, -1.49181e+35, 0, 0, 0
100.85, 0.822966, 0.431634, 0.822966, 0.431634, 0, 0, 0, 0, 0, 0, -1.49181e+35, 0, 0, 0
100.9, 0.822966, 0.431634, 0.822966, 0.431634, 0, 0, 0, 0, 0, 0, -1.49181e+35, 0, 0, 0
100.95, 0.822966, 0.431634, 0.822966, 0.431634, 0, 0, 0, 0, 0, 0, -1.49181e+35, 0, 0, 0
101, 0.822966, 0.431634, 0.822966, 0.431634, 0, 0, 0, 0, 0, 0, -1.49181e+35, 0, 0, 0
101, 0.822966, 0.431634, 0.822966, 0.431634, 0, 0, 0, 0, 0, 0, -1.49181e+35, 0, 0, 0
101.05, 0.822966, 0.431634, 0.822966, 0.431634, 0, 0, 0, 0, 0, 0, -1.49181e+35, 0, 0, 0
101.1, 0.822966, 0.431634, 0.822966, 0.431634, 0, 0, 0, 0, 0, 0, -1.49181e+35, 0, 0, 0
101.15, 0.822966, 0.431634, 0.822966, 0.431634, 0, 0, 0, 0, 0, 0, -1.49181e+35, 0, 0, 0
101.2, 0.822966, 0.431634, 0.822966, 0.431634, 0, 0, 0, 0, 0, 0, -1.49181e+35, 0, 0, 0
101.25, 0.822966, 0.431634, 0.822966, 0.431634, 0, 0, 0, 0, 0, 0, -1.49181e+35, 0, 0, 0
101.3, 0.822966, 0.431634, 0.822966, 0.431634, 0, 0, 0, 0, 0, 0, -1.49181e+35, 0, 0, 0
101.35, 0.822966, 0.431634, 0.822966, 0.431634, 0, 0, 0, 0, 0, 0, -1.49181e+35, 0, 0, 0
101.4, 0.822966, 0.431634, 0.822966, 0.431634, 0, 0, 0, 0, 0, 0, -1.49181e+35, 0, 0, 0
101.45, 0.822966, 0.431634, 0.822966, 0.431634, 0, 0, 0, 0, 0, 0, -1.49181e+35, 0, 0, 0
101.5, 0.822966, 0.431634, 0.822966, 0.431634, 0, 0, 0, 0, 0, 0, -1.49181e+35, 0, 0, 0
101.55, 0.822966, 0.431634, 0.822966, 0.431634, 0, 0, 0, 0, 0, 0, -1.49181e+35, 0, 0, 0
101.6, 0.822966, 0.431634, 0.822966, 0.431634, 0, 0, 0, 0, 0, 0, -1.49181e+35, 0, 0, 0
101.65, 0.822966, 0.431634, 0.822966, 0.431634, 0, 0, 0, 0, 0, 0, -1.49181e+35, 0, 0, 0
101.7, 0.822966, 0.431634, 0.822966, 0.431634, 0, 0, 0, 0, 0, 0, -1.49181e+35, 0, 0, 0
101.75, 0.822966, 0.431634, 0.822966, 0.431634, 0, 0, 0, 0, 0, 0, -1.49181e+35, 0, 0, 0
101.8, 0.822966, 0.431634, 0.822966, 0.431634, 0, 0, 0, 0, 0, 0, -1.49181e+35, 0, 0, 0
101.85, 0.822966, 0.431634, 0.822966, 0.431634, 0, 0, 0, 0, 0, 0, -1.49181e+35, 0, 0, 0
101.9, 0.822966, 0.431634, 0.822966, 0.431634, 0, 0, 0, 0, 0, 0, -1.49181e+35, 0, 0, 0
101.95, 0.822966, 0.431634, 0.822966, 0.431634, 0, 0, 0, 0, 0, 0, -1.49181e+35, 0, 0, 0
102, 0.822966, 0.431634, 0.822966, 0.431634, 0, 0, 0, 0, 0, 0, -1.49181e+35, 0, 0, 0
102.001, 0.822966, 0.431634, 0.822966, 0.431634, 0, 0, 0, 0, 0, 0, -1.49181e+35, 0, 0, 0
102.001, 0.822966, 0.431634, 0.822966, 0.431634, 0, 0, 0, 0, 0, 0, -1.49181e+35, 0, 0, 0
102.051, 0.822966, 0.431634, 0.822966, 0.431634, 0, 0, 0, 0, 0, 0, -1.49181e+35, 0, 0, 0
102.101, 0.822966, 0.431634, 0.822966, 0.431634, 0, 0, 0, 0, 0, 0, -1.49181e+35, 0, 0, 0
102.15, 0.822966, 0.431634, 0.822966, 0.431634, 0, 0, 0, 0, 0, 0, -1.49181e+35, 0, 0, 0
102.2, 0.822966, 0.431634, 0.822966, 0.431634, 0, 0, 0, 0, 0, 0, -1.49181e+35, 0, 0, 0
102.25, 0.822966, 0.431634, 0.822966, 0.431634, 0, 0, 0, 0, 0, 0, -1.49181e+35, 0, 0, 0
102.3, 0.822966, 0.431634, 0.822966, 0.431634, 0, 0, 0, 0, 0, 0, -1.49181e+35, 0, 0, 0
102.35, 0.822966, 0.431634, 0.822966, 0.431634, 0, 0, 0, 0, 0, 0, -1.49181e+35, 0, 0, 0
102.4, 0.822966, 0.431634, 0.822966, 0.431634, 0, 0, 0, 0, 0, 0, -1.49181e+35, 0, 0, 0
102.45, 0.822966, 0.431634, 0.822966, 0.431634, 0, 0, 0, 0, 0, 0, -1.49181e+35, 0, 0, 0
102.5, 0.822966, 0.431634, 0.822966, 0.431634, 0, 0, 0, 0, 0, 0, -1.49181e+35, 0, 0, 0
102.55, 0.822966, 0.431634, 0.822966, 0.431634, 0, 0, 0, 0, 0, 0, -1.49181e+35, 0, 0, 0
102.6, 0.822966, 0.431634, 0.822966, 0.431634, 0, 0, 0, 0, 0, 0, -1.49181e+35, 0, 0, 0
102.65, 0.822966, 0.431634, 0.822966, 0.431634, 0, 0, 0, 0, 0, 0, -1.49181e+35, 0, 0, 0
102.7, 0.822966, 0.431634, 0.822966, 0.431634, 0, 0, 0, 0, 0, 0, -1.49181e+35, 0, 0, 0
102.75, 0.822966, 0.431634, 0.822966, 0.431634, 0, 0, 0, 0, 0, 0, -1.49181e+35, 0, 0, 0
102.8, 0.822966, 0.431634, 0.822966, 0.431634, 0, 0, 0, 0, 0, 0, -1.49181e+35, 0, 0, 0
102.85, 0.822966, 0.431634, 0.822966, 0.431634, 0, 0, 0, 0, 0, 0, -1.49181e+35, 0, 0, 0
102.9, 0.822966, 0.431634, 0.822966, 0.431634, 0, 0, 0, 0, 0, 0, -1.49181e+35, 0, 0, 0
102.95, 0.822966, 0.431634, 0.822966, 0.431634, 0, 0, 0, 0, 0, 0, -1.49181e+35, 0, 0, 0
103, 0.822966, 0.431634, 0.822966, 0.431634, 0, 0, 0, 0, 0, 0, -1.49181e+35, 0, 0, 0
103, 0.822966, 0.431634, 0.822966, 0.431634, 0, 0, 0, 0, 0, 0, -1.49181e+35, 0, 0, 0
103.05, 0.822966, 0.431634, 0.822966, 0.431634, 0, 0, 0, 0, 0, 0, -1.49181e+35, 0, 0, 0
103.1, 0.822966, 0.431634, 0.822966, 0.431634, 0, 0, 0, 0, 0, 0, -1.49181e+35, 0, 0, 0
103.15, 0.822966, 0.431634, 0.822966, 0.431634, 0, 0, 0, 0, 0, 0, -1.49181e+35, 0, 0, 0
103.2, 0.822966, 0.431634, 0.822966, 0.431634, 0, 0, 0, 0, 0, 0, -1.49181e+35, 0, 0, 0
103.25, 0.822966, 0.431634, 0.822966, 0.431634, 0, 0, 0, 0, 0, 0, -1.49181e+35, 0, 0, 0
103.3, 0.822966, 0.431634, 0.822966, 0.431634, 0, 0, 0, 0, 0, 0, -1.49181e+35, 0, 0, 0
103.35, 0.822966, 0.431634, 0.822966, 0.431634, 0, 0, 0, 0, 0, 0, -1.49181e+35, 0, 0, 0
103.4, 0.822966, 0.431634, 0.822966, 0.431634, 0, 0, 0, 0, 0, 0, -1.49181e+35, 0, 0, 0
103.45, 0.822966, 0.431634, 0.822966, 0.431634, 0, 0, 0, 0, 0, 0, -1.49181e+35, 0, 0, 0
103.5, 0.822966, 0.431634, 0.822966, 0.431634, 0, 0, 0, 0, 0, 0, -1.49181e+35, 0, 0, 0
103.55, 0.822966, 0.431634, 0.822966, 0.431634, 0, 0, 0, 0, 0, 0, -1.49181e+35, 0, 0, 0
103.6, 0.822966, 0.431634, 0.822966, 0.431634, 0, 0, 0, 0, 0, 0, -1.49181e+35, 0, 0, 0
103.65, 0.822966, 0.431634, 0.822966, 0.431634, 0, 0, 0, 0, 0, 0, -1.49181e+35, 0, 0, 0
103.7, 0.822966, 0.431634, 0.822966, 0.431634, 0, 0, 0, 0, 0, 0, -1.49181e+35, 0, 0, 0
103.75, 0.822966, 0.431634, 0.822966, 0.431634, 0, 0, 0, 0, 0, 0, -1.49181e+35, 0, 0, 0
103.8, 0.822966, 0.431634, 0.822966, 0.431634, 0, 0, 0, 0, 0, 0, -1.49181e+35, 0, 0, 0
103.85, 0.822966, 0.431634, 0.822966, 0.431634, 0, 0, 0, 0, 0, 0, -1.49181e+35, 0, 0, 0
103.9, 0.822966, 0.431634, 0.822966, 0.431634, 0, 0, 0, 0, 0, 0, -1.49181e+35, 0, 0, 0
103.95, 0.822966, 0.431634, 0.822966, 0.431634, 0, 0, 0, 0, 0, 0, -1.49181e+35, 0, 0, 0
103.999, 0.822966, 0.431634, 0.822966, 0.431634, 0, 0, 0, 0, 0, 0, -1.49181e+35, 0, 0, 0
104, 0.822966, 0.431634, 0.822966, 0.431634, 0, 0, 0, 0, 0, 0, -1.49181e+35, 0, 0, 0
104, 0.822966, 0.431634, 0.822966, 0.431634, 0, 0, 0, 0, 0, 0, -1.49181e+35, 0, 0, 0
104.05, 0.822966, 0.431634, 0.822966, 0.431634, 0, 0, 0, 0, 0, 0, -1.49181e+35, 0, 0, 0
104.1, 0.822966, 0.431634, 0.822966, 0.431634, 0, 0, 0, 0, 0, 0, -1.49181e+35, 0, 0, 0
104.15, 0.822966, 0.431634, 0.822966, 0.431634, 0, 0, 0, 0, 0, 0, -1.49181e+35, 0, 0, 0
104.2, 0.822966, 0.431634, 0.822966, 0.431634, 0, 0, 0, 0, 0, 0, -1.49181e+35, 0, 0, 0
104.25, 0.822966, 0.431634, 0.822966, 0.431634, 0, 0, 0, 0, 0, 0, -1.49181e+35, 0, 0, 0
104.3, 0.822966, 0.431634, 0.822966, 0.431634, 0, 0, 0, 0, 0, 0, -1.49181e+35, 0, 0, 0
104.35, 0.822966, 0.431634, 0.822966, 0.431634, 0, 0, 0, 0, 0, 0, -1.49181e+35, 0, 0, 0
104.4, 0.822966, 0.431634, 0.822966, 0.431634, 0, 0, 0, 0, 0, 0, -1.49181e+35, 0, 0, 0
104.45, 0.822966, 0.431634, 0.822966, 0.431634, 0, 0, 0, 0, 0, 0, -1.49181e+35, 0, 0, 0
104.5, 0.822966, 0.431634, 0.822966, 0.431634, 0, 0, 0, 0, 0, 0, -1.49181e+35, 0, 0, 0
104.55, 0.822966, 0.431634, 0.822966, 0.431634, 0, 0, 0, 0, 0, 0, -1.49181e+35, 0, 0, 0
104.6, 0.822966, 0.431634, 0.822966, 0.431634, 0, 0, 0, 0, 0, 0, -1.49181e+35, 0, 0, 0
104.65, 0.822966, 0.431634, 0.822966, 0.431634, 0, 0, 0, 0, 0, 0, -1.49181e+35, 0, 0, 0
104.7, 0.822966, 0.431634, 0.822966, 0.431634, 0, 0, 0, 0, 0, 0, -1.49181e+35, 0, 0, 0
104.75, 0.822966, 0.431634, 0.822966, 0.431634, 0, 0, 0, 0, 0, 0, -1.49181e+35, 0, 0, 0
104.8, 0.822966, 0.431634, 0.822966, 0.431634, 0, 0, 0, 0, 0, 0, -1.49181e+35, 0, 0, 0
104.85, 0.822966, 0.431634, 0.822966, 0.431634, 0, 0, 0, 0, 0, 0, -1.49181e+35, 0, 0, 0
104.9, 0.822966, 0.431634, 0.822966, 0.431634, 0, 0, 0, 0, 0, 0, -1.49181e+35, 0, 0, 0
104.95, 0.822966, 0.431634, 0.822966, 0.431634, 0, 0, 0, 0, 0, 0, -1.49181e+35, 0, 0, 0
105, 0.822966, 0.431634, 0.822966, 0.431634, 0, 0, 0, 0, 0, 0, -1.49181e+35, 0, 0, 0
105.001, 0.822966, 0.431634, 0.822966, 0.431634, 0, 0, 0, 0, 0, 0, -1.49181e+35, 0, 0, 0
105.001, 0.822966, 0.431634, 0.822966, 0.431634, 0, 0, 0, 0, 0, 0, -1.49181e+35, 0, 0, 0
105.051, 0.822966, 0.431634, 0.822966, 0.431634, 0, 0, 0, 0, 0, 0, -1.49181e+35, 0, 0, 0
105.101, 0.822966, 0.431634, 0.822966, 0.431634, 0, 0, 0, 0, 0, 0, -1.49181e+35, 0, 0, 0
105.151, 0.822966, 0.431634, 0.822966, 0.431634, 0, 0, 0, 0, 0, 0, -1.49181e+35, 0, 0, 0
105.201, 0.822966, 0.431634, 0.822966, 0.431634, 0, 0, 0, 0, 0, 0, -1.49181e+35, 0, 0, 0
105.251, 0.822966, 0.431634, 0.822966, 0.431634, 0, 0, 0, 0, 0, 0, -1.49181e+35, 0, 0, 0
105.301, 0.822966, 0.431634, 0.822966, 0.431634, 0, 0, 0, 0, 0, 0, -1.49181e+35, 0, 0, 0
105.351, 0.822966, 0.431634, 0.822966, 0.431634, 0, 0, 0, 0, 0, 0, -1.49181e+35, 0, 0, 0
105.401, 0.822966, 0.431634, 0.822966, 0.431634, 0, 0, 0, 0, 0, 0, -1.49181e+35, 0, 0, 0
105.451, 0.822966, 0.431634, 0.822966, 0.431634, 0, 0, 0, 0, 0, 0, -1.49181e+35, 0, 0, 0
105.501, 0.822966, 0.431634, 0.822966, 0.431634, 0, 0, 0, 0, 0, 0, -1.49181e+35, 0, 0, 0
105.551, 0.822966, 0.431634, 0.822966, 0.431634, 0, 0, 0, 0, 0, 0, -1.49181e+35, 0, 0, 0
105.601, 0.822966, 0.431634, 0.822966, 0.431634, 0, 0, 0, 0, 0, 0, -1.49181e+35, 0, 0, 0
105.651, 0.822966, 0.431634, 0.822966, 0.431634, 0, 0, 0, 0, 0, 0, -1.49181e+35, 0, 0, 0
105.701, 0.822966, 0.431634, 0.822966, 0.431634, 0, 0, 0, 0, 0, 0, -1.49181e+35, 0, 0, 0
105.751, 0.822966, 0.431634, 0.822966, 0.431634, 0, 0, 0, 0, 0, 0, -1.49181e+35, 0, 0, 0
105.8, 0.822966, 0.431634, 0.822966, 0.431634, 0, 0, 0, 0, 0, 0, -1.49181e+35, 0, 0, 0
105.85, 0.822966, 0.431634, 0.822966, 0.431634, 0, 0, 0, 0, 0, 0, -1.49181e+35, 0, 0, 0
105.9, 0.822966, 0.431634, 0.822966, 0.431634, 0, 0, 0, 0, 0, 0, -1.49181e+35, 0, 0, 0
105.95, 0.822966, 0.431634, 0.822966, 0.431634, 0, 0, 0, 0, 0, 0, -1.49181e+35, 0, 0, 0
106, 0.822966, 0.431634, 0.822966, 0.431634, 0, 0, 0, 0, 0, 0, -1.49181e+35, 0, 0, 0
106, 0.822966, 0.431634, 0.822966, 0.431634, 0, 0, 0, 0, 0, 0, -1.49181e+35, 0, 0, 0
106.05, 0.822966, 0.431634, 0.822966, 0.431634, 0, 0, 0, 0, 0, 0, -1.49181e+35, 0, 0, 0
106.1, 0.822966, 0.431634, 0.822966, 0.431634, 0, 0, 0, 0, 0, 0, -1.49181e+35, 0, 0, 0
106.15, 0.822966, 0.431634, 0.822966, 0.431634, 0, 0, 0, 0, 0, 0, -1.49181e+35, 0, 0, 0
106.2, 0.822966, 0.431634, 0.822966, 0.431634, 0, 0, 0, 0, 0, 0, -1.49181e+35, 0, 0, 0
106.25, 0.822966, 0.431634, 0.822966, 0.431634, 0, 0, 0, 0, 0, 0, -1.49181e+35, 0, 0, 0
106.3, 0.822966, 0.431634, 0.822966, 0.431634, 0, 0, 0, 0, 0, 0, -1.49181e+35, 0, 0, 0
106.35, 0.822966, 0.431634, 0.822966, 0.431634, 0, 0, 0, 0, 0, 0, -1.49181e+35, 0, 0, 0
106.4, 0.822966, 0.431634, 0.822966, 0.431634, 0, 0, 0, 0, 0, 0, -1.49181e+35, 0, 0, 0
106.45, 0.822966, 0.431634, 0.822966, 0.431634, 0, 0, 0, 0, 0, 0, -1.49181e+35, 0, 0, 0
106.5, 0.822966, 0.431634, 0.822966, 0.431634, 0, 0, 0, 0, 0, 0, -1.49181e+35, 0, 0, 0
106.55, 0.822966, 0.431634, 0.822966, 0.431634, 0, 0, 0, 0, 0, 0, -1.49181e+35, 0, 0, 0
106.6, 0.822966, 0.431634, 0.822966, 0.431634, 0, 0, 0, 0, 0, 0, -1.49181e+35, 0, 0, 0
106.65, 0.822966, 0.431634, 0.822966, 0.431634, 0, 0, 0, 0, 0, 0, -1.49181e+35, 0, 0, 0
106.7, 0.822966, 0.431634, 0.822966, 0.431634, 0, 0, 0, 0, 0, 0, -1.49181e+35, 0, 0, 0
106.75, 0.822966, 0.431634, 0.822966, 0.431634, 0, 0, 0, 0, 0, 0, -1.49181e+35, 0, 0, 0
106.8, 0.822966, 0.431634, 0.822966, 0.431634, 0, 0, 0, 0, 0, 0, -1.49181e+35, 0, 0, 0
106.85, 0.822966, 0.431634, 0.822966, 0.431634, 0, 0, 0, 0, 0, 0, -1.49181e+35, 0, 0, 0
106.9, 0.822966, 0.431634, 0.822966, 0.431634, 0, 0, 0, 0, 0, 0, -1.49181e+35, 0, 0, 0
106.95, 0.822966, 0.431634, 0.822966, 0.431634, 0, 0, 0, 0, 0, 0, -1.49181e+35, 0, 0, 0
107, 0.822966, 0.431634, 0.822966, 0.431634, 0, 0, 0, 0, 0, 0, -1.49181e+35, 0, 0, 0
107.001, 0.822966, 0.431634, 0.822966, 0.431634, 0, 0, 0, 0, 0, 0, -1.49181e+35, 0, 0, 0
107.001, 0.822966, 0.431634, 0.822966, 0.431634, 0, 0, 0, 0, 0, 0, -1.49181e+35, 0, 0, 0
107.051, 0.822966, 0.431634, 0.822966, 0.431634, 0, 0, 0, 0, 0, 0, -1.49181e+35, 0, 0, 0
107.101, 0.822966, 0.431634, 0.822966, 0.431634, 0, 0, 0, 0, 0, 0, -1.49181e+35, 0, 0, 0
107.151, 0.822966, 0.431634, 0.822966, 0.431634, 0, 0, 0, 0, 0, 0, -1.49181e+35, 0, 0, 0
107.201, 0.822966, 0.431634, 0.822966, 0.431634, 0, 0, 0, 0, 0, 0, -1.49181e+35, 0, 0, 0
107.251, 0.822966, 0.431634, 0.822966, 0.431634, 0, 0, 0, 0, 0, 0, -1.49181e+35, 0, 0, 0
107.301, 0.822966, 0.431634, 0.822966, 0.431634, 0, 0, 0, 0, 0, 0, -1.49181e+35, 0, 0, 0
107.351, 0.822966, 0.431634, 0.822966, 0.431634, 0, 0, 0, 0, 0, 0, -1.49181e+35, 0, 0, 0
107.401, 0.822966, 0.431634, 0.822966, 0.431634, 0, 0, 0, 0, 0, 0, -1.49181e+35, 0, 0, 0
107.451, 0.822966, 0.431634, 0.822966, 0.431634, 0, 0, 0, 0, 0, 0, -1.49181e+35, 0, 0, 0
107.501, 0.822966, 0.431634, 0.822966, 0.431634, 0, 0, 0, 0, 0, 0, -1.49181e+35, 0, 0, 0
107.551, 0.822966, 0.431634, 0.822966, 0.431634, 0, 0, 0, 0, 0, 0, -1.49181e+35, 0, 0, 0
107.6, 0.822966, 0.431634, 0.822966, 0.431634, 0, 0, 0, 0, 0, 0, -1.49181e+35, 0, 0, 0
107.65, 0.822966, 0.431634, 0.822966, 0.431634, 0, 0, 0, 0, 0, 0, -1.49181e+35, 0, 0, 0
107.7, 0.822966, 0.431634, 0.822966, 0.431634, 0, 0, 0, 0, 0, 0, -1.49181e+35, 0, 0, 0
107.75, 0.822966, 0.431634, 0.822966, 0.431634, 0, 0, 0, 0, 0, 0, -1.49181e+35, 0, 0, 0
107.8, 0.822966, 0.431634, 0.822966, 0.431634, 0, 0, 0, 0, 0, 0, -1.49181e+35, 0, 0, 0
107.85, 0.822966, 0.431634, 0.822966, 0.431634, 0, 0, 0, 0, 0, 0, -1.49181e+35, 0, 0, 0
107.9, 0.822966, 0.431634, 0.822966, 0.431634, 0, 0, 0, 0, 0, 0, -1.49181e+35, 0, 0, 0
107.95, 0.822966, 0.431634, 0.822966, 0.431634, 0, 0, 0, 0, 0, 0, -1.49181e+35, 0, 0, 0
108, 0.822966, 0.431634, 0.822966, 0.431634, 0, 0, 0, 0, 0, 0, -1.49181e+35, 0, 0, 0
108, 0.822966, 0.431634, 0.822966, 0.431634, 0, 0, 0, 0, 0, 0, -1.49181e+35, 0, 0, 0
108.05, 0.822966, 0.431634, 0.822966, 0.431634, 0, 0, 0, 0, 0, 0, -1.49181e+35, 0, 0, 0
108.1, 0.822966, 0.431634, 0.822966, 0.431634, 0, 0, 0, 0, 0, 0, -1.49181e+35, 0, 0, 0
108.15, 0.822966, 0.431634, 0.822966, 0.431634, 0, 0, 0, 0, 0, 0, -1.49181e+35, 0, 0, 0
108.2, 0.822966, 0.431634, 0.822966, 0.431634, 0, 0, 0, 0, 0, 0, -1.49181e+35, 0, 0, 0
108.25, 0.822966, 0.431634, 0.822966, 0.431634, 0, 0, 0, 0, 0, 0, -1.49181e+35, 0, 0, 0
108.3, 0.822966, 0.431634, 0.822966, 0.431634, 0, 0, 0, 0, 0, 0, -1.49181e+35, 0, 0, 0
108.35, 0.822966, 0.431634, 0.822966, 0.431634, 0, 0, 0, 0, 0, 0, -1.49181e+35, 0, 0, 0
108.4, 0.822966, 0.431634, 0.822966, 0.431634, 0, 0, 0, 0, 0, 0, -1.49181e+35, 0, 0, 0
108.45, 0.822966, 0.431634, 0.822966, 0.431634, 0, 0, 0, 0, 0, 0, -1.49181e+35, 0, 0, 0
108.5, 0.822966, 0.431634, 0.822966, 0.431634, 0, 0, 0, 0, 0, 0, -1.49181e+35, 0, 0, 0
108.55, 0.822966, 0.431634, 0.822966, 0.431634, 0, 0, 0, 0, 0, 0, -1.49181e+35, 0, 0, 0
108.6, 0.822966, 0.431634, 0.822966, 0.431634, 0, 0, 0, 0, 0, 0, -1.49181e+35, 0, 0, 0
108.65, 0.822966, 0.431634, 0.822966, 0.431634, 0, 0, 0, 0, 0, 0, -1.49181e+35, 0, 0, 0
108.7, 0.822966, 0.431634, 0.822966, 0.431634, 0, 0, 0, 0, 0, 0, -1.49181e+35, 0, 0, 0
108.75, 0.822966, 0.431634, 0.822966, 0.431634, 0, 0, 0, 0, 0, 0, -1.49181e+35, 0, 0, 0
108.8, 0.822966, 0.431634, 0.822966, 0.431634, 0, 0, 0, 0, 0, 0, -1.49181e+35, 0, 0, 0
108.85, 0.822966, 0.431634, 0.822966, 0.431634, 0, 0, 0, 0, 0, 0, -1.49181e+35, 0, 0, 0
108.9, 0.822966, 0.431634, 0.822966, 0.431634, 0, 0, 0, 0, 0, 0, -1.49181e+35, 0, 0, 0
108.95, 0.822966, 0.431634, 0.822966, 0.431634, 0, 0, 0, 0, 0, 0, -1.49181e+35, 0, 0, 0
109, 0.822966, 0.431634, 0.822966, 0.431634, 0, 0, 0, 0, 0, 0, -1.49181e+35, 0, 0, 0
109.001, 0.822966, 0.431634, 0.822966, 0.431634, 0, 0, 0, 0, 0, 0, -1.49181e+35, 0, 0, 0
109.001, 0.822966, 0.431634, 0.822966, 0.431634, 0, 0, 0, 0, 0, 0, -1.49181e+35, 0, 0, 0
109.051, 0.822966, 0.431634, 0.822966, 0.431634, 0, 0, 0, 0, 0, 0, -1.49181e+35, 0, 0, 0
109.101, 0.822966, 0.431634, 0.822966, 0.431634, 0, 0, 0, 0, 0, 0, -1.49181e+35, 0, 0, 0
109.151, 0.822966, 0.431634, 0.822966, 0.431634, 0, 0, 0, 0, 0, 0, -1.49181e+35, 0, 0, 0
109.201, 0.822966, 0.431634, 0.822966, 0.431634, 0, 0, 0, 0, 0, 0, -1.49181e+35, 0, 0, 0
109.251, 0.822966, 0.431634, 0.822966, 0.431634, 0, 0, 0, 0, 0, 0, -1.49181e+35, 0, 0, 0
109.301, 0.822966, 0.431634, 0.822966, 0.431634, 0, 0, 0, 0, 0, 0, -1.49181e+35, 0, 0, 0
109.351, 0.822966, 0.431634, 0.822966, 0.431634, 0, 0, 0, 0, 0, 0, -1.49181e+35, 0, 0, 0
109.401, 0.822966, 0.431634, 0.822966, 0.431634, 0, 0, 0, 0, 0, 0, -1.49181e+35, 0, 0, 0
109.45, 0.822966, 0.431634, 0.822966, 0.431634, 0, 0, 0, 0, 0, 0, -1.49181e+35, 0, 0, 0
109.5, 0.822966, 0.431634, 0.822966, 0.431634, 0, 0, 0, 0, 0, 0, -1.49181e+35, 0, 0, 0
109.55, 0.822966, 0.431634, 0.822966, 0.431634, 0, 0, 0, 0, 0, 0, -1.49181e+35, 0, 0, 0
109.6, 0.822966, 0.431634, 0.822966, 0.431634, 0, 0, 0, 0, 0, 0, -1.49181e+35, 0, 0, 0
109.65, 0.822966, 0.431634, 0.822966, 0.431634, 0, 0, 0, 0, 0, 0, -1.49181e+35, 0, 0, 0
109.7, 0.822966, 0.431634, 0.822966, 0.431634, 0, 0, 0, 0, 0, 0, -1.49181e+35, 0, 0, 0
109.75, 0.822966, 0.431634, 0.822966, 0.431634, 0, 0, 0, 0, 0, 0, -1.49181e+35, 0, 0, 0
109.8, 0.822966, 0.431634, 0.822966, 0.431634, 0, 0, 0, 0, 0, 0, -1.49181e+35, 0, 0, 0
109.85, 0.822966, 0.431634, 0.822966, 0.431634, 0, 0, 0, 0, 0, 0, -1.49181e+35, 0, 0, 0
109.9, 0.822966, 0.431634, 0.822966, 0.431634, 0, 0, 0, 0, 0, 0, -1.49181e+35, 0, 0, 0
109.95, 0.822966, 0.431634, 0.822966, 0.431634, 0, 0, 0, 0, 0, 0, -1.49181e+35, 0, 0, 0
110, 0.822966, 0.431634, 0.822966, 0.431634, 0, 0, 0, 0, 0, 0, -1.49181e+35, 0, 0, 0
110, 0.822966, 0.431634, 0.822966, 0.431634, 0, 0, 0, 0, 0, 0, -1.49181e+35, 0, 0, 0
110.05, 0.822966, 0.431634, 0.822966, 0.431634, 0, 0, 0, 0, 0, 0, -1.49181e+35, 0, 0, 0
110.1, 0.822966, 0.431634, 0.822966, 0.431634, 0, 0, 0, 0, 0, 0, -1.49181e+35, 0, 0, 0
110.15, 0.822966, 0.431634, 0.822966, 0.431634, 0, 0, 0, 0, 0, 0, -1.49181e+35, 0, 0, 0
110.2, 0.822966, 0.431634, 0.822966, 0.431634, 0, 0, 0, 0, 0, 0, -1.49181e+35, 0, 0, 0
110.25, 0.822966, 0.431634, 0.822966, 0.431634, 0, 0, 0, 0, 0, 0, -1.49181e+35, 0, 0, 0
110.3, 0.822966, 0.431634, 0.822966, 0.431634, 0, 0, 0, 0, 0, 0, -1.49181e+35, 0, 0, 0
110.35, 0.822966, 0.431634, 0.822966, 0.431634, 0, 0, 0, 0, 0, 0, -1.49181e+35, 0, 0, 0
110.4, 0.822966, 0.431634, 0.822966, 0.431634, 0, 0, 0, 0, 0, 0, -1.49181e+35, 0, 0, 0
110.45, 0.822966, 0.431634, 0.822966, 0.431634, 0, 0, 0, 0, 0, 0, -1.49181e+35, 0, 0, 0
110.5, 0.822966, 0.431634, 0.822966, 0.431634, 0, 0, 0, 0, 0, 0, -1.49181e+35, 0, 0, 0
110.55, 0.822966, 0.431634, 0.822966, 0.431634, 0, 0, 0, 0, 0, 0, -1.49181e+35, 0, 0, 0
110.6, 0.822966, 0.431634, 0.822966, 0.431634, 0, 0, 0, 0, 0, 0, -1.49181e+35, 0, 0, 0
110.65, 0.822966, 0.431634, 0.822966, 0.431634, 0, 0, 0, 0, 0, 0, -1.49181e+35, 0, 0, 0
110.7, 0.822966, 0.431634, 0.822966, 0.431634, 0, 0, 0, 0, 0, 0, -1.49181e+35, 0, 0, 0
110.75, 0.822966, 0.431634, 0.822966, 0.431634, 0, 0, 0, 0, 0, 0, -1.49181e+35, 0, 0, 0
110.8, 0.822966, 0.431634, 0.822966, 0.431634, 0, 0, 0, 0, 0, 0, -1.49181e+35, 0, 0, 0
110.85, 0.822966, 0.431634, 0.822966, 0.431634, 0, 0, 0, 0, 0, 0, -1.49181e+35, 0, 0, 0
110.9, 0.822966, 0.431634, 0.822966, 0.431634, 0, 0, 0, 0, 0, 0, -1.49181e+35, 0, 0, 0
110.95, 0.822966, 0.431634, 0.822966, 0.431634, 0, 0, 0, 0, 0, 0, -1.49181e+35, 0, 0, 0
111, 0.822966, 0.431634, 0.822966, 0.431634, 0, 0, 0, 0, 0, 0, -1.49181e+35, 0, 0, 0
111.001, 0.822966, 0.431634, 0.822966, 0.431634, 0, 0, 0, 0, 0, 0, -1.49181e+35, 0, 0, 0
111.001, 0.822966, 0.431634, 0.822966, 0.431634, 0, 0, 0, 0, 0, 0, -1.49181e+35, 0, 0, 0
111.051, 0.822966, 0.431634, 0.822966, 0.431634, 0, 0, 0, 0, 0, 0, -1.49181e+35, 0, 0, 0
111.101, 0.822966, 0.431634, 0.822966, 0.431634, 0, 0, 0, 0, 0, 0, -1.49181e+35, 0, 0, 0
111.151, 0.822966, 0.431634, 0.822966, 0.431634, 0, 0, 0, 0, 0, 0, -1.49181e+35, 0, 0, 0
111.201, 0.822966, 0.431634, 0.822966, 0.431634, 0, 0, 0, 0, 0, 0, -1.49181e+35, 0, 0, 0
111.25, 0.822966, 0.431634, 0.822966, 0.431634, 0, 0, 0, 0, 0, 0, -1.49181e+35, 0, 0, 0
111.3, 0.822966, 0.431634, 0.822966, 0.431634, 0, 0, 0, 0, 0, 0, -1.49181e+35, 0, 0, 0
111.35, 0.822966, 0.431634, 0.822966, 0.431634, 0, 0, 0, 0, 0, 0, -1.49181e+35, 0, 0, 0
111.4, 0.822966, 0.431634, 0.822966, 0.431634, 0, 0, 0, 0, 0, 0, -1.49181e+35, 0, 0, 0
111.45, 0.822966, 0.431634, 0.822966, 0.431634, 0, 0, 0, 0, 0, 0, -1.49181e+35, 0, 0, 0
111.5, 0.822966, 0.431634, 0.822966, 0.431634, 0, 0, 0, 0, 0, 0, -1.49181e+35, 0, 0, 0
111.55, 0.822966, 0.431634, 0.822966, 0.431634, 0, 0, 0, 0, 0, 0, -1.49181e+35, 0, 0, 0
111.6, 0.822966, 0.431634, 0.822966, 0.431634, 0, 0, 0, 0, 0, 0, -1.49181e+35, 0, 0, 0
111.65, 0.822966, 0.431634, 0.822966, 0.431634, 0, 0, 0, 0, 0, 0, -1.49181e+35, 0, 0, 0
111.7, 0.822966, 0.431634, 0.822966, 0.431634, 0, 0, 0, 0, 0, 0, -1.49181e+35, 0, 0, 0
111.75, 0.822966, 0.431634, 0.822966, 0.431634, 0, 0, 0, 0, 0, 0, -1.49181e+35, 0, 0, 0
111.8, 0.822966, 0.431634, 0.822966, 0.431634, 0, 0, 0, 0, 0, 0, -1.49181e+35, 0, 0, 0
111.85, 0.822966, 0.431634, 0.822966, 0.431634, 0, 0, 0, 0, 0, 0, -1.49181e+35, 0, 0, 0
111.9, 0.822966, 0.431634, 0.822966, 0.431634, 0, 0, 0, 0, 0, 0, -1.49181e+35, 0, 0, 0
111.95, 0.822966, 0.431634, 0.822966, 0.431634, 0, 0, 0, 0, 0, 0, -1.49181e+35, 0, 0, 0
112, 0.822966, 0.431634, 0.822966, 0.431634, 0, 0, 0, 0, 0, 0, -1.49181e+35, 0, 0, 0
112, 0.822966, 0.431634, 0.822966, 0.431634, 0, 0, 0, 0, 0, 0, -1.49181e+35, 0, 0, 0
112.05, 0.822966, 0.431634, 0.822966, 0.431634, 0, 0, 0, 0, 0, 0, -1.49181e+35, 0, 0, 0
112.1, 0.822966, 0.431634, 0.822966, 0.431634, 0, 0, 0, 0, 0, 0, -1.49181e+35, 0, 0, 0
112.15, 0.822966, 0.431634, 0.822966, 0.431634, 0, 0, 0, 0, 0, 0, -1.49181e+35, 0, 0, 0
112.2, 0.822966, 0.431634, 0.822966, 0.431634, 0, 0, 0, 0, 0, 0, -1.49181e+35, 0, 0, 0
112.25, 0.822966, 0.431634, 0.822966, 0.431634, 0, 0, 0, 0, 0, 0, -1.49181e+35, 0, 0, 0
112.3, 0.822966, 0.431634, 0.822966, 0.431634, 0, 0, 0, 0, 0, 0, -1.49181e+35, 0, 0, 0
112.35, 0.822966, 0.431634, 0.822966, 0.431634, 0, 0, 0, 0, 0, 0, -1.49181e+35, 0, 0, 0
112.4, 0.822966, 0.431634, 0.822966, 0.431634, 0, 0, 0, 0, 0, 0, -1.49181e+35, 0, 0, 0
112.45, 0.822966, 0.431634, 0.822966, 0.431634, 0, 0, 0, 0, 0, 0, -1.49181e+35, 0, 0, 0
112.5, 0.822966, 0.431634, 0.822966, 0.431634, 0, 0, 0, 0, 0, 0, -1.49181e+35, 0, 0, 0
112.55, 0.822966, 0.431634, 0.822966, 0.431634, 0, 0, 0, 0, 0, 0, -1.49181e+35, 0, 0, 0
112.6, 0.822966, 0.431634, 0.822966, 0.431634, 0, 0, 0, 0, 0, 0, -1.49181e+35, 0, 0, 0
112.65, 0.822966, 0.431634, 0.822966, 0.431634, 0, 0, 0, 0, 0, 0, -1.49181e+35, 0, 0, 0
112.7, 0.822966, 0.431634, 0.822966, 0.431634, 0, 0, 0, 0, 0, 0, -1.49181e+35, 0, 0, 0
112.75, 0.822966, 0.431634, 0.822966, 0.431634, 0, 0, 0, 0, 0, 0, -1.49181e+35, 0, 0, 0
112.8, 0.822966, 0.431634, 0.822966, 0.431634, 0, 0, 0, 0, 0, 0, -1.49181e+35, 0, 0, 0
112.85, 0.822966, 0.431634, 0.822966, 0.431634, 0, 0, 0, 0, 0, 0, -1.49181e+35, 0, 0, 0
112.9, 0.822966, 0.431634, 0.822966, 0.431634, 0, 0, 0, 0, 0, 0, -1.49181e+35, 0, 0, 0
112.95, 0.822966, 0.431634, 0.822966, 0.431634, 0, 0, 0, 0, 0, 0, -1.49181e+35, 0, 0, 0
113, 0.822966, 0.431634, 0.822966, 0.431634, 0, 0, 0, 0, 0, 0, -1.49181e+35, 0, 0, 0
113.001, 0.822966, 0.431634, 0.822966, 0.431634, 0, 0, 0, 0, 0, 0, -1.49181e+35, 0, 0, 0
113.001, 0.822966, 0.431634, 0.822966, 0.431634, 0, 0, 0, 0, 0, 0, -1.49181e+35, 0, 0, 0
113.05, 0.822966, 0.431634, 0.822966, 0.431634, 0, 0, 0, 0, 0, 0, -1.49181e+35, 0, 0, 0
113.1, 0.822966, 0.431634, 0.822966, 0.431634, 0, 0, 0, 0, 0, 0, -1.49181e+35, 0, 0, 0
113.15, 0.822966, 0.431634, 0.822966, 0.431634, 0, 0, 0, 0, 0, 0, -1.49181e+35, 0, 0, 0
113.2, 0.822966, 0.431634, 0.822966, 0.431634, 0, 0, 0, 0, 0, 0, -1.49181e+35, 0, 0, 0
113.25, 0.822966, 0.431634, 0.822966, 0.431634, 0, 0, 0, 0, 0, 0, -1.49181e+35, 0, 0, 0
113.3, 0.822966, 0.431634, 0.822966, 0.431634, 0, 0, 0, 0, 0, 0, -1.49181e+35, 0, 0, 0
113.35, 0.822966, 0.431634, 0.822966, 0.431634, 0, 0, 0, 0, 0, 0, -1.49181e+35, 0, 0, 0
113.4, 0.822966, 0.431634, 0.822966, 0.431634, 0, 0, 0, 0, 0, 0, -1.49181e+35, 0, 0, 0
113.45, 0.822966, 0.431634, 0.822966, 0.431634, 0, 0, 0, 0, 0, 0, -1.49181e+35, 0, 0, 0
113.5, 0.822966, 0.431634, 0.822966, 0.431634, 0, 0, 0, 0, 0, 0, -1.49181e+35, 0, 0, 0
113.55, 0.822966, 0.431634, 0.822966, 0.431634, 0, 0, 0, 0, 0, 0, -1.49181e+35, 0, 0, 0
113.6, 0.822966, 0.431634, 0.822966, 0.431634, 0, 0, 0, 0, 0, 0, -1.49181e+35, 0, 0, 0
113.65, 0.822966, 0.431634, 0.822966, 0.431634, 0, 0, 0, 0, 0, 0, -1.49181e+35, 0, 0, 0
113.7, 0.822966, 0.431634, 0.822966, 0.431634, 0, 0, 0, 0, 0, 0, -1.49181e+35, 0, 0, 0
113.75, 0.822966, 0.431634, 0.822966, 0.431634, 0, 0, 0, 0, 0, 0, -1.49181e+35, 0, 0, 0
113.8, 0.822966, 0.431634, 0.822966, 0.431634, 0, 0, 0, 0, 0, 0, -1.49181e+35, 0, 0, 0
113.85, 0.822966, 0.431634, 0.822966, 0.431634, 0, 0, 0, 0, 0, 0, -1.49181e+35, 0, 0, 0
113.9, 0.822966, 0.431634, 0.822966, 0.431634, 0, 0, 0, 0, 0, 0, -1.49181e+35, 0, 0, 0
113.95, 0.822966, 0.431634, 0.822966, 0.431634, 0, 0, 0, 0, 0, 0, -1.49181e+35, 0, 0, 0
114, 0.822966, 0.431634, 0.822966, 0.431634, 0, 0, 0, 0, 0, 0, -1.49181e+35, 0, 0, 0
114.001, 0.822966, 0.431634, 0.822966, 0.431634, 0, 0, 0, 0, 0, 0, -1.49181e+35, 0, 0, 0
114.001, 0.822966, 0.431634, 0.822966, 0.431634, 0, 0, 0, 0, 0, 0, -1.49181e+35, 0, 0, 0
114.051, 0.822966, 0.431634, 0.822966, 0.431634, 0, 0, 0, 0, 0, 0, -1.49181e+35, 0, 0, 0
114.101, 0.822966, 0.431634, 0.822966, 0.431634, 0, 0, 0, 0, 0, 0, -1.49181e+35, 0, 0, 0
114.151, 0.822966, 0.431634, 0.822966, 0.431634, 0, 0, 0, 0, 0, 0, -1.49181e+35, 0, 0, 0
114.201, 0.822966, 0.431634, 0.822966, 0.431634, 0, 0, 0, 0, 0, 0, -1.49181e+35, 0, 0, 0
114.251, 0.822966, 0.431634, 0.822966, 0.431634, 0, 0, 0, 0, 0, 0, -1.49181e+35, 0, 0, 0
114.301, 0.822966, 0.431634, 0.822966, 0.431634, 0, 0, 0, 0, 0, 0, -1.49181e+35, 0, 0, 0
114.351, 0.822966, 0.431634, 0.822966, 0.431634, 0, 0, 0, 0, 0, 0, -1.49181e+35, 0, 0, 0
114.401, 0.822966, 0.431634, 0.822966, 0.431634, 0, 0, 0, 0, 0, 0, -1.49181e+35, 0, 0, 0
114.451, 0.822966, 0.431634, 0.822966, 0.431634, 0, 0, 0, 0, 0, 0, -1.49181e+35, 0, 0, 0
114.501, 0.822966, 0.431634, 0.822966, 0.431634, 0, 0, 0, 0, 0, 0, -1.49181e+35, 0, 0, 0
114.551, 0.822966, 0.431634, 0.822966, 0.431634, 0, 0, 0, 0, 0, 0, -1.49181e+35, 0, 0, 0
114.601, 0.822966, 0.431634, 0.822966, 0.431634, 0, 0, 0, 0, 0, 0, -1.49181e+35, 0, 0, 0
114.651, 0.822966, 0.431634, 0.822966, 0.431634, 0, 0, 0, 0, 0, 0, -1.49181e+35, 0, 0, 0
114.701, 0.822966, 0.431634, 0.822966, 0.431634, 0, 0, 0, 0, 0, 0, -1.49181e+35, 0, 0, 0
114.751, 0.822966, 0.431634, 0.822966, 0.431634, 0, 0, 0, 0, 0, 0, -1.49181e+35, 0, 0, 0
114.801, 0.822966, 0.431634, 0.822966, 0.431634, 0, 0, 0, 0, 0, 0, -1.49181e+35, 0, 0, 0
114.851, 0.822966, 0.431634, 0.822966, 0.431634, 0, 0, 0, 0, 0, 0, -1.49181e+35, 0, 0, 0
114.9, 0.822966, 0.431634, 0.822966, 0.431634, 0, 0, 0, 0, 0, 0, -1.49181e+35, 0, 0, 0
114.95, 0.822966, 0.431634, 0.822966, 0.431634, 0, 0, 0, 0, 0, 0, -1.49181e+35, 0, 0, 0
115, 0.822966, 0.431634, 0.822966, 0.431634, 0, 0, 0, 0, 0, 0, -1.49181e+35, 0, 0, 0
115, 0.822966, 0.431634, 0.822966, 0.431634, 0, 0, 0, 0, 0, 0, -1.49181e+35, 0, 0, 0
115.05, 0.822966, 0.431634, 0.822966, 0.431634, 0, 0, 0, 0, 0, 0, -1.49181e+35, 0, 0, 0
115.1, 0.822966, 0.431634, 0.822966, 0.431634, 0, 0, 0, 0, 0, 0, -1.49181e+35, 0, 0, 0
115.15, 0.822966, 0.431634, 0.822966, 0.431634, 0, 0, 0, 0, 0, 0, -1.49181e+35, 0, 0, 0
115.2, 0.822966, 0.431634, 0.822966, 0.431634, 0, 0, 0, 0, 0, 0, -1.49181e+35, 0, 0, 0
115.25, 0.822966, 0.431634, 0.822966, 0.431634, 0, 0, 0, 0, 0, 0, -1.49181e+35, 0, 0, 0
115.3, 0.822966, 0.431634, 0.822966, 0.431634, 0, 0, 0, 0, 0, 0, -1.49181e+35, 0, 0, 0
115.35, 0.822966, 0.431634, 0.822966, 0.431634, 0, 0, 0, 0, 0, 0, -1.49181e+35, 0, 0, 0
115.4, 0.822966, 0.431634, 0.822966, 0.431634, 0, 0, 0, 0, 0, 0, -1.49181e+35, 0, 0, 0
115.45, 0.822966, 0.431634, 0.822966, 0.431634, 0, 0, 0, 0, 0, 0, -1.49181e+35, 0, 0, 0
115.5, 0.822966, 0.431634, 0.822966, 0.431634, 0, 0, 0, 0, 0, 0, -1.49181e+35, 0, 0, 0
115.55, 0.822966, 0.431634, 0.822966, 0.431634, 0, 0, 0, 0, 0, 0, -1.49181e+35, 0, 0, 0
115.6, 0.822966, 0.431634, 0.822966, 0.431634, 0, 0, 0, 0, 0, 0, -1.49181e+35, 0, 0, 0
115.65, 0.822966, 0.431634, 0.822966, 0.431634, 0, 0, 0, 0, 0, 0, -1.49181e+35, 0, 0, 0
115.7, 0.822966, 0.431634, 0.822966, 0.431634, 0, 0, 0, 0, 0, 0, -1.49181e+35, 0, 0, 0
115.75, 0.822966, 0.431634, 0.822966, 0.431634, 0, 0, 0, 0, 0, 0, -1.49181e+35, 0, 0, 0
115.8, 0.822966, 0.431634, 0.822966, 0.431634, 0, 0, 0, 0, 0, 0, -1.49181e+35, 0, 0, 0
115.85, 0.822966, 0.431634, 0.822966, 0.431634, 0, 0, 0, 0, 0, 0, -1.49181e+35, 0, 0, 0
115.9, 0.822966, 0.431634, 0.822966, 0.431634, 0, 0, 0, 0, 0, 0, -1.49181e+35, 0, 0, 0
115.95, 0.822966, 0.431634, 0.822966, 0.431634, 0, 0, 0, 0, 0, 0, -1.49181e+35, 0, 0, 0
116, 0.822966, 0.431634, 0.822966, 0.431634, 0, 0, 0, 0, 0, 0, -1.49181e+35, 0, 0, 0
116.001, 0.822966, 0.431634, 0.822966, 0.431634, 0, 0, 0, 0, 0, 0, -1.49181e+35, 0, 0, 0
116.001, 0.822966, 0.431634, 0.822966, 0.431634, 0, 0, 0, 0, 0, 0, -1.49181e+35, 0, 0, 0
116.051, 0.822966, 0.431634, 0.822966, 0.431634, 0, 0, 0, 0, 0, 0, -1.49181e+35, 0, 0, 0
116.101, 0.822966, 0.431634, 0.822966, 0.431634, 0, 0, 0, 0, 0, 0, -1.49181e+35, 0, 0, 0
116.151, 0.822966, 0.431634, 0.822966, 0.431634, 0, 0, 0, 0, 0, 0, -1.49181e+35, 0, 0, 0
116.201, 0.822966, 0.431634, 0.822966, 0.431634, 0, 0, 0, 0, 0, 0, -1.49181e+35, 0, 0, 0
116.251, 0.822966, 0.431634, 0.822966, 0.431634, 0, 0, 0, 0, 0, 0, -1.49181e+35, 0, 0, 0
116.301, 0.822966, 0.431634, 0.822966, 0.431634, 0, 0, 0, 0, 0, 0, -1.49181e+35, 0, 0, 0
116.351, 0.822966, 0.431634, 0.822966, 0.431634, 0, 0, 0, 0, 0, 0, -1.49181e+35, 0, 0, 0
116.401, 0.822966, 0.431634, 0.822966, 0.431634, 0, 0, 0, 0, 0, 0, -1.49181e+35, 0, 0, 0
116.451, 0.822966, 0.431634, 0.822966, 0.431634, 0, 0, 0, 0, 0, 0, -1.49181e+35, 0, 0, 0
116.501, 0.822966, 0.431634, 0.822966, 0.431634, 0, 0, 0, 0, 0, 0, -1.49181e+35, 0, 0, 0
116.551, 0.822966, 0.431634, 0.822966, 0.431634, 0, 0, 0, 0, 0, 0, -1.49181e+35, 0, 0, 0
116.601, 0.822966, 0.431634, 0.822966, 0.431634, 0, 0, 0, 0, 0, 0, -1.49181e+35, 0, 0, 0
116.651, 0.822966, 0.431634, 0.822966, 0.431634, 0, 0, 0, 0, 0, 0, -1.49181e+35, 0, 0, 0
116.7, 0.822966, 0.431634, 0.822966, 0.431634, 0, 0, 0, 0, 0, 0, -1.49181e+35, 0, 0, 0
116.75, 0.822966, 0.431634, 0.822966, 0.431634, 0, 0, 0, 0, 0, 0, -1.49181e+35, 0, 0, 0
116.8, 0.822966, 0.431634, 0.822966, 0.431634, 0, 0, 0, 0, 0, 0, -1.49181e+35, 0, 0, 0
116.85, 0.822966, 0.431634, 0.822966, 0.431634, 0, 0, 0, 0, 0, 0, -1.49181e+35, 0, 0, 0
116.9, 0.822966, 0.431634, 0.822966, 0.431634, 0, 0, 0, 0, 0, 0, -1.49181e+35, 0, 0, 0
116.95, 0.822966, 0.431634, 0.822966, 0.431634, 0, 0, 0, 0, 0, 0, -1.49181e+35, 0, 0, 0
117, 0.822966, 0.431634, 0.822966, 0.431634, 0, 0, 0, 0, 0, 0, -1.49181e+35, 0, 0, 0
117, 0.822966, 0.431634, 0.822966, 0.431634, 0, 0, 0, 0, 0, 0, -1.49181e+35, 0, 0, 0
117.05, 0.822966, 0.431634, 0.822966, 0.431634, 0, 0, 0, 0, 0, 0, -1.49181e+35, 0, 0, 0
117.1, 0.822966, 0.431634, 0.822966, 0.431634, 0, 0, 0, 0, 0, 0, -1.49181e+35, 0, 0, 0
117.15, 0.822966, 0.431634, 0.822966, 0.431634, 0, 0, 0, 0, 0, 0, -1.49181e+35, 0, 0, 0
117.2, 0.822966, 0.431634, 0.822966, 0.431634, 0, 0, 0, 0, 0, 0, -1.49181e+35, 0, 0, 0
117.25, 0.822966, 0.431634, 0.822966, 0.431634, 0, 0, 0, 0, 0, 0, -1.49181e+35, 0, 0, 0
117.3, 0.822966, 0.431634, 0.822966, 0.431634, 0, 0, 0, 0, 0, 0, -1.49181e+35, 0, 0, 0
117.35, 0.822966, 0.431634, 0.822966, 0.431634, 0, 0, 0, 0, 0, 0, -1.49181e+35, 0, 0, 0
117.4, 0.822966, 0.431634, 0.822966, 0.431634, 0, 0, 0, 0, 0, 0, -1.49181e+35, 0, 0, 0
117.45, 0.822966, 0.431634, 0.822966, 0.431634, 0, 0, 0, 0, 0, 0, -1.49181e+35, 0, 0, 0
117.5, 0.822966, 0.431634, 0.822966, 0.431634, 0, 0, 0, 0, 0, 0, -1.49181e+35, 0, 0, 0
117.55, 0.822966, 0.431634, 0.822966, 0.431634, 0, 0, 0, 0, 0, 0, -1.49181e+35, 0, 0, 0
117.6, 0.822966, 0.431634, 0.822966, 0.431634, 0, 0, 0, 0, 0, 0, -1.49181e+35, 0, 0, 0
117.65, 0.822966, 0.431634, 0.822966, 0.431634, 0, 0, 0, 0, 0, 0, -1.49181e+35, 0, 0, 0
117.7, 0.822966, 0.431634, 0.822966, 0.431634, 0, 0, 0, 0, 0, 0, -1.49181e+35, 0, 0, 0
117.75, 0.822966, 0.431634, 0.822966, 0.431634, 0, 0, 0, 0, 0, 0, -1.49181e+35, 0, 0, 0
117.8, 0.822966, 0.431634, 0.822966, 0.431634, 0, 0, 0, 0, 0, 0, -1.49181e+35, 0, 0, 0
117.85, 0.822966, 0.431634, 0.822966, 0.431634, 0, 0, 0, 0, 0, 0, -1.49181e+35, 0, 0, 0
117.9, 0.822966, 0.431634, 0.822966, 0.431634, 0, 0, 0, 0, 0, 0, -1.49181e+35, 0, 0, 0
117.95, 0.822966, 0.431634, 0.822966, 0.431634, 0, 0, 0, 0, 0, 0, -1.49181e+35, 0, 0, 0
118, 0.822966, 0.431634, 0.822966, 0.431634, 0, 0, 0, 0, 0, 0, -1.49181e+35, 0, 0, 0
118.001, 0.822966, 0.431634, 0.822966, 0.431634, 0, 0, 0, 0, 0, 0, -1.49181e+35, 0, 0, 0
118.001, 0.822966, 0.431634, 0.822966, 0.431634, 0, 0, 0, 0, 0, 0, -1.49181e+35, 0, 0, 0
118.051, 0.822966, 0.431634, 0.822966, 0.431634, 0, 0, 0, 0, 0, 0, -1.49181e+35, 0, 0, 0
118.101, 0.822966, 0.431634, 0.822966, 0.431634, 0, 0, 0, 0, 0, 0, -1.49181e+35, 0, 0, 0
118.151, 0.822966, 0.431634, 0.822966, 0.431634, 0, 0, 0, 0, 0, 0, -1.49181e+35, 0, 0, 0
118.201, 0.822966, 0.431634, 0.822966, 0.431634, 0, 0, 0, 0, 0, 0, -1.49181e+35, 0, 0, 0
118.251, 0.822966, 0.431634, 0.822966, 0.431634, 0, 0, 0, 0, 0, 0, -1.49181e+35, 0, 0, 0
118.301, 0.822966, 0.431634, 0.822966, 0.431634, 0, 0, 0, 0, 0, 0, -1.49181e+35, 0, 0, 0
118.351, 0.822966, 0.431634, 0.822966, 0.431634, 0, 0, 0, 0, 0, 0, -1.49181e+35, 0, 0, 0
118.401, 0.822966, 0.431634, 0.822966, 0.431634, 0, 0, 0, 0, 0, 0, -1.49181e+35, 0, 0, 0
118.451, 0.822966, 0.431634, 0.822966, 0.431634, 0, 0, 0, 0, 0, 0, -1.49181e+35, 0, 0, 0
118.501, 0.822966, 0.431634, 0.822966, 0.431634, 0, 0, 0, 0, 0, 0, -1.49181e+35, 0, 0, 0
118.55, 0.822966, 0.431634, 0.822966, 0.431634, 0, 0, 0, 0, 0, 0, -1.49181e+35, 0, 0, 0
118.6, 0.822966, 0.431634, 0.822966, 0.431634, 0, 0, 0, 0, 0, 0, -1.49181e+35, 0, 0, 0
118.65, 0.822966, 0.431634, 0.822966, 0.431634, 0, 0, 0, 0, 0, 0, -1.49181e+35, 0, 0, 0
118.7, 0.822966, 0.431634, 0.822966, 0.431634, 0, 0, 0, 0, 0, 0, -1.49181e+35, 0, 0, 0
118.75, 0.822966, 0.431634, 0.822966, 0.431634, 0, 0, 0, 0, 0, 0, -1.49181e+35, 0, 0, 0
118.8, 0.822966, 0.431634, 0.822966, 0.431634, 0, 0, 0, 0, 0, 0, -1.49181e+35, 0, 0, 0
118.85, 0.822966, 0.431634, 0.822966, 0.431634, 0, 0, 0, 0, 0, 0, -1.49181e+35, 0, 0, 0
118.9, 0.822966, 0.431634, 0.822966, 0.431634, 0, 0, 0, 0, 0, 0, -1.49181e+35, 0, 0, 0
118.95, 0.822966, 0.431634, 0.822966, 0.431634, 0, 0, 0, 0, 0, 0, -1.49181e+35, 0, 0, 0
119, 0.822966, 0.431634, 0.822966, 0.431634, 0, 0, 0, 0, 0, 0, -1.49181e+35, 0, 0, 0
119, 0.822966, 0.431634, 0.822966, 0.431634, 0, 0, 0, 0, 0, 0, -1.49181e+35, 0, 0, 0
119.05, 0.822966, 0.431634, 0.822966, 0.431634, 0, 0, 0, 0, 0, 0, -1.49181e+35, 0, 0, 0
119.1, 0.822966, 0.431634, 0.822966, 0.431634, 0, 0, 0, 0, 0, 0, -1.49181e+35, 0, 0, 0
119.15, 0.822966, 0.431634, 0.822966, 0.431634, 0, 0, 0, 0, 0, 0, -1.49181e+35, 0, 0, 0
119.2, 0.822966, 0.431634, 0.822966, 0.431634, 0, 0, 0, 0, 0, 0, -1.49181e+35, 0, 0, 0
119.25, 0.822966, 0.431634, 0.822966, 0.431634, 0, 0, 0, 0, 0, 0, -1.49181e+35, 0, 0, 0
119.3, 0.822966, 0.431634, 0.822966, 0.431634, 0, 0, 0, 0, 0, 0, -1.49181e+35, 0, 0, 0
119.35, 0.822966, 0.431634, 0.822966, 0.431634, 0, 0, 0, 0, 0, 0, -1.49181e+35, 0, 0, 0
119.4, 0.822966, 0.431634, 0.822966, 0.431634, 0, 0, 0, 0, 0, 0, -1.49181e+35, 0, 0, 0
119.45, 0.822966, 0.431634, 0.822966, 0.431634, 0, 0, 0, 0, 0, 0, -1.49181e+35, 0, 0, 0
119.5, 0.822966, 0.431634, 0.822966, 0.431634, 0, 0, 0, 0, 0, 0, -1.49181e+35, 0, 0, 0
119.55, 0.822966, 0.431634, 0.822966, 0.431634, 0, 0, 0, 0, 0, 0, -1.49181e+35, 0, 0, 0
119.6, 0.822966, 0.431634, 0.822966, 0.431634, 0, 0, 0, 0, 0, 0, -1.49181e+35, 0, 0, 0
119.65, 0.822966, 0.431634, 0.822966, 0.431634, 0, 0, 0, 0, 0, 0, -1.49181e+35, 0, 0, 0
119.7, 0.822966, 0.431634, 0.822966, 0.431634, 0, 0, 0, 0, 0, 0, -1.49181e+35, 0, 0, 0
119.75, 0.822966, 0.431634, 0.822966, 0.431634, 0, 0, 0, 0, 0, 0, -1.49181e+35, 0, 0, 0
119.8, 0.822966, 0.431634, 0.822966, 0.431634, 0, 0, 0, 0, 0, 0, -1.49181e+35, 0, 0, 0
119.85, 0.822966, 0.431634, 0.822966, 0.431634, 0, 0, 0, 0, 0, 0, -1.49181e+35, 0, 0, 0
119.9, 0.822966, 0.431634, 0.822966, 0.431634, 0, 0, 0, 0, 0, 0, -1.49181e+35, 0, 0, 0
119.95, 0.822966, 0.431634, 0.822966, 0.431634, 0, 0, 0, 0, 0, 0, -1.49181e+35, 0, 0, 0
120, 0.822966, 0.431634, 0.822966, 0.431634, 0, 0, 0, 0, 0, 0, -1.49181e+35, 0, 0, 0
120.001, 0.822966, 0.431634, 0.822966, 0.431634, 0, 0, 0, 0, 0, 0, -1.49181e+35, 0, 0, 0
120.001, 0.900978, 0.306663, 0.945914, 0.244036, 1.00538, -2.19261, 0, 0, 0, 0, -1.49181e+35, 0.0161727, -0.702885, 0
120.051, 0.929387, 0.156553, 0.97574, 0.0939259, 1.03708, -2.34272, -0.000119247, -0.000119247, -0.000119246, 0, -1.49181e+35, 0.0172087, -0.747909, 1.07261e-09
120.101, 0.940936, 0.0314285, 0.987865, -0.0311985, 1.04997, -2.46785, -0.000119073, -0.000119073, -0.000119072, 0, -1.49181e+35, 0.017639, -0.766613, 1.68518e-08
120.151, 0.946031, -0.112711, 0.993214, -0.175338, 1.05566, -2.61199, -0.000145737, -0.000145737, -0.000145739, 0, -1.49181e+35, 0.0178305, -0.774937, 8.31748e-08
120.201, 0.948651, -0.293591, 0.995965, -0.356218, 1.05858, -2.79287, -0.000183557, -0.000183556, -0.000183559, 0, -1.49181e+35, 0.0179294, -0.779236, 2.55659e-07
120.251, 0.950321, -0.518689, 0.997718, -0.581316, 1.06044, -3.01796, -0.000226115, -0.000226114, -0.000226115, 0, -1.49181e+35, 0.0179926, -0.781982, 6.0617e-07
120.301, 0.951624, -0.791177, 0.999087, -0.853804, 1.0619, -3.29045, -0.000270673, -0.000270673, -0.000270673, 0, -1.49181e+35, 0.018042, -0.784128, 1.21957e-06
120.35, 0.952784, -1.11237, 1.0003, -1.175, 1.06319, -3.61165, -0.000316047, -0.000316047, -0.000316048, 0, -1.49181e+35, 0.018086, -0.786041, 2.19081e-06
120.4, 0.953886, -1.48279, 1.00146, -1.54542, 1.06442, -3.98207, -0.000361722, -0.000361722, -0.000361718, 0, -1.49181e+35, 0.0181279, -0.787859, 3.6224e-06
120.45, 0.954963, -1.90261, 1.00259, -1.96523, 1.06562, -4.40188, -0.000407476, -0.000407474, -0.000407476, 0, -1.49181e+35, 0.0181688, -0.789639, 5.62219e-06
120.5, 0.956027, -2.37182, 1.00371, -2.43445, 1.06681, -4.8711, -0.000453207, -0.000453205, -0.000453204, 0, -1.49181e+35, 0.0182093, -0.791401, 8.30147e-06
120.55, 0.957084, -2.89039, 1.00482, -2.95302, 1.06799, -5.38967, -0.000498876, -0.000498875, -0.000498874, 0, -1.49181e+35, 0.0182496, -0.793152, 1.17733e-05
120.6, 0.958135, -3.45823, 1.00592, -3.52086, 1.06916, -5.95751, -0.000544453, -0.000544457, -0.000544457, 0, -1.49181e+35, 0.0182897, -0.794894, 1.61512e-05
120.65, 0.959181, -4.07525, 1.00702, -4.13787, 1.07033, -6.57452, -0.000589957, -0.000589955, -0.00058995, 0, -1.49181e+35, 0.0183297, -0.796631, 2.15479e-05
120.7, 0.960223, -4.74133, 1.00811, -4.80396, 1.07149, -7.2406, -0.000635352, -0.000635357, -0.000635345, 0, -1.49181e+35, 0.0183695, -0.798362, 2.80743e-05
120.75, 0.961259, -5.45637, 1.0092, -5.519, 1.07265, -7.95565, -0.000680646, -0.00068065, -0.000680652, 0, -1.49181e+35, 0.0184092, -0.800088, 3.58387e-05
120.8, 0.962291, -6.22026, 1.01029, -6.28289, 1.0738, -8.71954, -0.000725828, -0.00072583, -0.000725818, 0, -1.49181e+35, 0.0184488, -0.801805, 4.49461e-05
120.85, 0.963319, -7.03288, 1.01136, -7.0955, 1.07495, -9.53215, -0.000770893, -0.00077089, -0.000770889, 0, -1.49181e+35, 0.0184882, -0.80352, 5.54977e-05
120.9, 0.964342, -7.8941, 1.01244, -7.95672, 1.07609, -10.3934, -0.000815863, -0.000815861, -0.000815854, 0, -1.49181e+35, 0.0185275, -0.805228, 6.75902e-05
120.95, 0.965361, -8.80379, 1.01351, -8.86642, 1.07723, -11.3031, -0.000860693, -0.000860691, -0.000860695, 0, -1.49181e+35, 0.0185667, -0.80693, 8.1316e-05
121, 0.966376, -9.76184, 1.01457, -9.82447, 1.07836, -12.2611, -0.000905398, -0.000905384, -0.000905381, 0, -1.49181e+35, 0.0186057, -0.808627, 9.67622e-05
121, 0.966376, -9.76184, 1.01457, -9.82447, 1.07836, -12.2611, -0.000905398, -0.000905384, -0.000905381, 0, -1.49181e+35, 0.0186057, -0.808627, 9.67785e-05
121.05, 0.967385, -10.7681, 1.01563, -10.8307, 1.07948, -13.2674, -0.000949982, -0.000949982, -0.000949987, 0, -1.49181e+35, 0.0186446, -0.810318, 0.000114011
121.1, 0.968391, -11.8224, 1.01669, -11.885, 1.08061, -14.3217, -0.00099442, -0.000994418, -0.000994399, 0, -1.49181e+35, 0.0186835, -0.812002, 0.000133139
121.15, 0.969392, -12.9247, 1.01774, -12.9873, 1.08172, -15.4239, -0.00103877, -0.00103877, -0.00103876, 0, -1.49181e+35, 0.018722, -0.813682, 0.000154218
121.2, 0.970389, -14.0747, 1.01879, -14.1373, 1.08284, -16.574, -0.00108294, -0.00108294, -0.00108292, 0, -1.49181e+35, 0.0187607, -0.815356, 0.000177315
121.25, 0.971381, -15.2723, 1.01983, -15.335, 1.08394, -17.7716, -0.00112696, -0.00112697, -0.00112697, 0, -1.49181e+35, 0.0187987, -0.817025, 0.000202489
121.3, 0.972369, -16.5174, 1.02087, -16.58, 1.08505, -19.0167, -0.00117079, -0.00117081, -0.00117078, 0, -1.49181e+35, 0.0188374, -0.818687, 0.000229797
121.35, 0.973353, -17.8098, 1.0219, -17.8724, 1.08614, -20.3091, -0.00121449, -0.0012145, -0.00121449, 0, -1.49181e+35, 0.0188757, -0.820345, 0.000259288
121.4, 0.974332, -19.1493, 1.02293, -19.2119, 1.08724, -21.6486, -0.00125804, -0.00125806, -0.00125805, 0, -1.49181e+35, 0.0189133, -0.821997, 0.000291008
121.45, 0.975307, -20.5357, 1.02395, -20.5983, 1.08832, -23.035, -0.00130148, -0.00130149, -0.00130148, 0, -1.49181e+35, 0.0189511, -0.823643, 0.000324998
121.5, 0.976278, -21.9689, 1.02497, -22.0315, 1.08941, -24.4681, -0.00134473, -0.00134471, -0.00134471, 0, -1.49181e+35, 0.0189891, -0.825284, 0.000361291
121.55, 0.977245, -23.4486, 1.02599, -23.5112, 1.09049, -25.9479, -0.00138774, -0.00138776, -0.00138773, 0, -1.49181e+35, 0.0190268, -0.826919, 0.000399919
121.6, 0.978207, -24.9747, 1.027, -25.0373, 1.09156, -27.4739, -0.00143061, -0.00143062, -0.00143062, 0, -1.49181e+35, 0.0190639, -0.828548, 0.000440908
121.65, 0.979165, -26.5469, 1.028, -26.6095, 1.09263, -29.0462, -0.00147321, -0.0014732, -0.00147317, 0, -1.49181e+35, 0.0191015, -0.830172, 0.000484278
121.7, 0.98012, -28.1651, 1.029, -28.2277, 1.09369, -30.6643, -0.00151569, -0.00151568, -0.00151566, 0, -1.49181e+35, 0.019139, -0.831791, 0.000530048
121.75, 0.981069, -29.8289, 1.03, -29.8916, 1.09475, -32.3282, -0.00155797, -0.00155798, -0.00155794, 0, -1.49181e+35, 0.0191756, -0.833404, 0.00057823
121.8, 0.982015, -31.5383, 1.03099, -31.601, 1.09581, -34.0376, -0.00159998, -0.00159997, -0.00159997, 0, -1.49181e+35, 0.0192127, -0.835011, 0.000628833
121.85, 0.982957, -33.293, 1.03198, -33.3556, 1.09686, -35.7923, -0.0016418, -0.00164183, -0.00164185, 0, -1.49181e+35, 0.0192495, -0.836614, 0.000681863
121.9, 0.983895, -35.0927, 1.03297, -35.1553, 1.09791, -37.592, -0.00168343, -0.00168338, -0.00168343, 0, -1.49181e+35, 0.0192859, -0.838211, 0.000737321
121.95, 0.984828, -36.9372, 1.03395, -36.9998, 1.09895, -39.4365, -0.00172477, -0.00172477, -0.00172477, 0, -1.49181e+35, 0.0193234, -0.839802, 0.000795206
122, 0.985757, -38.8262, 1.03492, -38.8889, 1.09999, -41.3255, -0.00176594, -0.00176597, -0.00176595, 0, -1.49181e+35, 0.01936, -0.841388, 0.000855513
122.001, 0.985776, -38.8645, 1.03494, -38.9271, 1.10001, -41.3637, -0.00176679, -0.00176682, -0.00176681, 0, -1.49181e+35, 0.0193602, -0.841419, 0.000856743
122.001, 0.985776, -38.8645, 1.03494, -38.9271, 1.10001, -41.3637, -0.00176679, -0.00176682, -0.00176681, 0, -1.49181e+35, 0.0193602, -0.841419, 0.000856864
122.051, 0.986701, -40.7987, 1.03591, -40.8613, 1.10104, -43.298, -0.00180768, -0.00180767, -0.00180766, 0, -1.49181e+35, 0.0193964, -0.842999, 0.000919512
122.101, 0.987622, -42.7769, 1.03688, -42.8395, 1.10207, -45.2762, -0.00184833, -0.00184832, -0.00184833, 0, -1.49181e+35, 0.0194328, -0.844574, 0.000984684
122.15, 0.98854, -44.7989, 1.03784, -44.8615, 1.10309, -47.2982, -0.00188878, -0.00188878, -0.00188875, 0, -1.49181e+35, 0.0194692, -0.846143, 0.00105224
122.2, 0.989453, -46.8644, 1.0388, -46.927, 1.10411, -49.3637, -0.00192896, -0.00192898, -0.00192896, 0, -1.49181e+35, 0.0195047, -0.847708, 0.00112218
122.25, 0.990362, -48.9731, 1.03976, -49.0357, 1.10512, -51.4724, -0.00196887, -0.00196887, -0.00196883, 0, -1.49181e+35, 0.0195408, -0.849267, 0.00119447
122.3, 0.991267, -51.1247, 1.04071, -51.1873, 1.10613, -53.624, -0.00200851, -0.0020085, -0.00200852, 0, -1.49181e+35, 0.019577, -0.850819, 0.00126909
122.35, 0.992169, -53.319, 1.04165, -53.3816, 1.10714, -55.8183, -0.00204785, -0.00204782, -0.00204783, 0, -1.49181e+35, 0.0196121, -0.852368, 0.00134602
122.4, 0.993066, -55.5555, 1.0426, -55.6182, 1.10814, -58.0548, -0.00208692, -0.00208695, -0.00208691, 0, -1.49181e+35, 0.0196472, -0.85391, 0.00142523
122.45, 0.993959, -57.8342, 1.04353, -57.8968, 1.10914, -60.3334, -0.00212566, -0.00212573, -0.00212566, 0, -1.49181e+35, 0.019683, -0.855447, 0.00150671
122.5, 0.994849, -60.1545, 1.04447, -60.2171, 1.11013, -62.6538, -0.00216418, -0.00216417, -0.00216417, 0, -1.49181e+35, 0.0197186, -0.856979, 0.00159041
122.55, 0.995734, -62.5163, 1.0454, -62.5789, 1.11112, -65.0155, -0.00220247, -0.00220247, -0.00220248, 0, -1.49181e+35, 0.0197532, -0.858505, 0.0016763
122.6, 0.996616, -64.9191, 1.04632, -64.9817, 1.1121, -67.4184, -0.00224045, -0.00224044, -0.00224047, 0, -1.49181e+35, 0.0197886, -0.860027, 0.00176437
122.65, 0.997494, -67.3627, 1.04724, -67.4254, 1.11308, -69.862, -0.00227809, -0.00227809, -0.00227802, 0, -1.49181e+35, 0.0198232, -0.861543, 0.00185456
122.7, 0.998368, -69.8468, 1.04816, -69.9094, 1.11406, -72.3461, -0.00231537, -0.00231537, -0.00231539, 0, -1.49181e+35, 0.0198577, -0.863053, 0.00194685
122.75, 0.999239, -72.371, 1.04908, -72.4336, 1.11503, -74.8703, -0.00235234, -0.00235234, -0.00235235, 0, -1.49181e+35, 0.0198926, -0.864558, 0.00204121
122.8, 1.00011, -74.9349, 1.04999, -74.9976, 1.116, -77.4342, -0.00238902, -0.00238902, -0.00238902, 0, -1.49181e+35, 0.0199274, -0.86606, 0.00213758
122.85, 1.00097, -77.5383, 1.05089, -77.601, 1.11696, -80.0376, -0.00242543, -0.00242543, -0.00242543, 0, -1.49181e+35, 0.0199618, -0.867555, 0.00223595
122.9, 1.00183, -80.1808, 1.05179, -80.2434, 1.11792, -82.6801, -0.00246149, -0.00246151, -0.00246149, 0, -1.49181e+35, 0.0199959, -0.869044, 0.00233625
122.95, 1.00268, -82.862, 1.05269, -82.9246, 1.11887, -85.3613, -0.00249723, -0.0024972, -0.00249723, 0, -1.49181e+35, 0.0200299, -0.870528, 0.00243847
123, 1.00353, -85.5816, 1.05359, -85.6442, 1.11982, -88.0809, -0.00253262, -0.00253262, -0.00253262, 0, -1.49181e+35, 0.020064, -0.872007, 0.00254254
123, 1.00353, -85.5816, 1.05359, -85.6442, 1.11982, -88.0809, -0.00253262, -0.00253262, -0.00253262, 0, -1.49181e+35, 0.020064, -0.872007, 0.00254284
123.05, 1.00438, -88.3392, 1.05448, -88.4018, 1.12077, -90.8385, -0.00256769, -0.00256769, -0.00256769, 0, -1.49181e+35, 0.0200979, -0.873481, 0.00264844
123.1, 1.00523, -91.1345, 1.05536, -91.1971, 1.12171, -93.6337, -0.00260238, -0.00260238, -0.00260238, 0, -1.49181e+35, 0.0201317, -0.87495, 0.00275612
123.15, 1.00607, -93.967, 1.05624, -94.0296, 1.12265, -96.4663, -0.00263679, -0.00263679, -0.00263679, 0, -1.49181e+35, 0.0201654, -0.876413, 0.00286554
123.2, 1.0069, -96.8365, 1.05712, -96.8991, 1.12358, -99.3357, -0.00267087, -0.00267091, -0.00267087, 0, -1.49181e+35, 0.020199, -0.877871, 0.00297665
123.25, 1.00774, -99.7425, 1.058, -99.8051, 1.12451, -102.242, -0.00270454, -0.00270451, -0.00270456, 0, -1.49181e+35, 0.0202325, -0.879325, 0.00308941
123.3, 1.00857, -102.685, 1.05887, -102.747, 1.12544, -105.184, -0.00273785, -0.00273785, -0.00273785, 0, -1.49181e+35, 0.0202656, -0.880774, 0.00320378
123.35, 1.00939, -105.663, 1.05973, -105.725, 1.12636, -108.162, -0.0027709, -0.0027709, -0.0027709, 0, -1.49181e+35, 0.0202988, -0.882217, 0.00331971
123.4, 1.01021, -108.676, 1.0606, -108.739, 1.12728, -111.175, -0.00280352, -0.0028035, -0.00280352, 0, -1.49181e+35, 0.020332, -0.883655, 0.00343716
123.45, 1.01103, -111.724, 1.06146, -111.787, 1.12819, -114.224, -0.00283579, -0.00283584, -0.00283578, 0, -1.49181e+35, 0.0203651, -0.885086, 0.00355607
123.5, 1.01185, -114.807, 1.06231, -114.87, 1.1291, -117.307, -0.0028677, -0.00286778, -0.00286769, 0, -1.49181e+35, 0.0203979, -0.886514, 0.00367642
123.55, 1.01266, -117.925, 1.06317, -117.987, 1.13, -120.424, -0.00289932, -0.00289929, -0.00289932, 0, -1.49181e+35, 0.0204304, -0.887937, 0.00379814
123.6, 1.01347, -121.076, 1.06401, -121.138, 1.13091, -123.575, -0.00293034, -0.00293028, -0.00293034, 0, -1.49181e+35, 0.0204629, -0.889355, 0.0039212
123.65, 1.01427, -124.26, 1.06486, -124.323, 1.1318, -126.759, -0.00296128, -0.00296117, -0.00296128, 0, -1.49181e+35, 0.0204955, -0.890767, 0.00404554
123.7, 1.01507, -127.477, 1.0657, -127.54, 1.1327, -129.977, -0.00299163, -0.00299152, -0.00299163, 0, -1.49181e+35, 0.0205283, -0.892175, 0.00417113
123.75, 1.01587, -130.728, 1.06654, -130.79, 1.13359, -133.227, -0.00302148, -0.00302155, -0.00302148, 0, -1.49181e+35, 0.0205603, -0.893578, 0.00429792
123.8, 1.01666, -134.01, 1.06737, -134.072, 1.13447, -136.509, -0.00305126, -0.00305129, -0.00305129, 0, -1.49181e+35, 0.0205926, -0.894975, 0.00442587
123.85, 1.01745, -137.324, 1.0682, -137.387, 1.13536, -139.823, -0.00308063, -0.00308063, -0.00308063, 0, -1.49181e+35, 0.0206242, -0.896367, 0.00455491
123.9, 1.01824, -140.669, 1.06903, -140.732, 1.13623, -143.169, -0.00310967, -0.00310954, -0.00310951, 0, -1.49181e+35, 0.0206562, -0.897754, 0.00468502
123.95, 1.01902, -144.046, 1.06985, -144.109, 1.13711, -146.545, -0.00313799, -0.003138, -0.00313796, 0, -1.49181e+35, 0.0206877, -0.899136, 0.00481615
123.999, 1.01981, -147.453, 1.07067, -147.516, 1.13798, -149.952, -0.00316622, -0.00316624, -0.00316621, 0, -1.49181e+35, 0.0207201, -0.900514, 0.00494825
124, 1.01982, -147.522, 1.07068, -147.584, 1.138, -150.021, -0.00316693, -0.00316695, -0.00316693, 0, -1.49181e+35, 0.0207204, -0.900541, 0.0049509
124, 1.01982, -147.522, 1.07068, -147.584, 1.138, -150.021, -0.00316693, -0.00316695, -0.00316693, 0, -1.49181e+35, 0.0207204, -0.900541, 0.00495137
124.05, 1.0206, -150.959, 1.0715, -151.022, 1.13886, -153.459, -0.00319453, -0.0031946, -0.00319467, 0, -1.49181e+35, 0.0207525, -0.901914, 0.00508394
124.1, 1.02137, -154.427, 1.07231, -154.49, 1.13973, -156.926, -0.00322195, -0.0032219, -0.00322177, 0, -1.49181e+35, 0.0207833, -0.903281, 0.00521786
124.15, 1.02214, -157.924, 1.07312, -157.987, 1.14058, -160.423, -0.00324901, -0.00324901, -0.00324901, 0, -1.49181e+35, 0.0208147, -0.904643, 0.00535262
124.2, 1.02291, -161.45, 1.07392, -161.512, 1.14144, -163.949, -0.0032756, -0.0032756, -0.0032756, 0, -1.49181e+35, 0.0208462, -0.906001, 0.00548817
124.25, 1.02367, -165.004, 1.07473, -165.067, 1.14229, -167.503, -0.00330169, -0.00330164, -0.00330169, 0, -1.49181e+35, 0.0208774, -0.907353, 0.00562447
124.3, 1.02443, -168.587, 1.07552, -168.649, 1.14314, -171.086, -0.00332768, -0.00332764, -0.00332768, 0, -1.49181e+35, 0.0209081, -0.908701, 0.00576147
124.35, 1.02519, -172.197, 1.07632, -172.259, 1.14398, -174.696, -0.00335299, -0.00335287, -0.00335299, 0, -1.49181e+35, 0.0209392, -0.910044, 0.00589914
124.4, 1.02594, -175.834, 1.07711, -175.896, 1.14483, -178.333, -0.00337812, -0.00337812, -0.00337812, 0, -1.49181e+35, 0.02097, -0.911382, 0.00603742
124.45, 1.02669, -179.498, 1.0779, -179.561, 1.14566, -181.997, -0.0034027, -0.0034027, -0.0034027, 0, -1.49181e+35, 0.0210007, -0.912716, 0.00617628
124.5, 1.02744, -183.188, 1.07868, -183.251, 1.1465, -185.688, -0.003427, -0.003427, -0.003427, 0, -1.49181e+35, 0.0210312, -0.914043, 0.00631567
124.55, 1.02818, -186.905, 1.07946, -186.967, 1.14732, -189.404, -0.00345098, -0.00345102, -0.00345098, 0, -1.49181e+35, 0.0210616, -0.915367, 0.00645555
124.6, 1.02892, -190.647, 1.08024, -190.71, 1.14815, -193.146, -0.00347458, -0.00347458, -0.00347458, 0, -1.49181e+35, 0.0210921, -0.916684, 0.00659589
124.65, 1.02966, -194.414, 1.08101, -194.477, 1.14897, -196.913, -0.00349759, -0.00349759, -0.00349759, 0, -1.49181e+35, 0.0211223, -0.917998, 0.00673663
124.7, 1.03039, -198.206, 1.08178, -198.269, 1.14979, -200.705, -0.00352024, -0.00352024, -0.00352024, 0, -1.49181e+35, 0.0211526, -0.919307, 0.00687775
124.75, 1.03112, -202.022, 1.08255, -202.085, 1.15061, -204.522, -0.00354266, -0.00354266, -0.00354266, 0, -1.49181e+35, 0.0211825, -0.920612, 0.00701919
124.8, 1.03185, -205.862, 1.08331, -205.925, 1.15142, -208.362, -0.00356453, -0.00356453, -0.00356453, 0, -1.49181e+35, 0.0212125, -0.921911, 0.00716092
124.85, 1.03257, -209.726, 1.08407, -209.788, 1.15223, -212.225, -0.00358615, -0.00358616, -0.00358615, 0, -1.49181e+35, 0.0212418, -0.923206, 0.0073029
124.9, 1.0333, -213.612, 1.08483, -213.675, 1.15303, -216.112, -0.00360756, -0.00360744, -0.00360759, 0, -1.49181e+35, 0.0212719, -0.924496, 0.00744509
124.95, 1.03401, -217.522, 1.08559, -217.584, 1.15383, -220.021, -0.00362796, -0.00362805, -0.00362799, 0, -1.49181e+35, 0.0213014, -0.925781, 0.00758746
125, 1.03473, -221.453, 1.08634, -221.516, 1.15463, -223.952, -0.00364853, -0.00364851, -0.00364854, 0, -1.49181e+35, 0.0213308, -0.927062, 0.00772995
125.001, 1.03474, -221.532, 1.08635, -221.595, 1.15465, -224.031, -0.00364899, -0.00364897, -0.00364899, 0, -1.49181e+35, 0.0213315, -0.927088, 0.00773281
125.001, 1.03474, -221.532, 1.08635, -221.595, 1.15465, -224.031, -0.00364899, -0.00364897, -0.00364899, 0, -1.49181e+35, 0.0213315, -0.927088, 0.0077334
125.051, 1.03545, -225.486, 1.0871, -225.548, 1.15544, -227.985, -0.003669, -0.00366915, -0.00366902, 0, -1.49181e+35, 0.0213605, -0.928363, 0.0078754
125.101, 1.03616, -229.461, 1.08784, -229.523, 1.15623, -231.96, -0.00368858, -0.00368855, -0.00368858, 0, -1.49181e+35, 0.0213899, -0.929635, 0.00801806
125.151, 1.03687, -233.457, 1.08858, -233.519, 1.15702, -235.956, -0.00370778, -0.00370792, -0.00370778, 0, -1.49181e+35, 0.0214187, -0.9309, 0.00816074
125.201, 1.03757, -237.473, 1.08932, -237.536, 1.1578, -239.973, -0.00372698, -0.00372693, -0.00372698, 0, -1.49181e+35, 0.0214484, -0.932161, 0.00830341
125.251, 1.03827, -241.51, 1.09005, -241.573, 1.15858, -244.009, -0.00374525, -0.00374535, -0.00374525, 0, -1.49181e+35, 0.0214768, -0.933418, 0.00844603
125.301, 1.03897, -245.566, 1.09078, -245.629, 1.15936, -248.066, -0.00376329, -0.00376329, -0.0037633, 0, -1.49181e+35, 0.0215057, -0.934671, 0.00858857
125.351, 1.03966, -249.642, 1.09151, -249.705, 1.16013, -252.141, -0.00378118, -0.00378118, -0.00378118, 0, -1.49181e+35, 0.0215349, -0.935919, 0.008731
125.401, 1.04035, -253.737, 1.09224, -253.8, 1.1609, -256.236, -0.00379865, -0.00379873, -0.00379865, 0, -1.49181e+35, 0.0215632, -0.937162, 0.00887327
125.451, 1.04104, -257.85, 1.09296, -257.913, 1.16167, -260.349, -0.0038156, -0.00381557, -0.00381562, 0, -1.49181e+35, 0.0215916, -0.938401, 0.00901536
125.501, 1.04172, -261.982, 1.09368, -262.044, 1.16243, -264.481, -0.00383195, -0.00383194, -0.00383195, 0, -1.49181e+35, 0.0216201, -0.939634, 0.00915724
125.551, 1.0424, -266.131, 1.09439, -266.193, 1.16319, -268.63, -0.00384858, -0.00384851, -0.00384851, 0, -1.49181e+35, 0.0216484, -0.940865, 0.00929887
125.601, 1.04308, -270.297, 1.0951, -270.36, 1.16395, -272.796, -0.00386449, -0.00386449, -0.00386449, 0, -1.49181e+35, 0.0216765, -0.942089, 0.00944021
125.651, 1.04376, -274.48, 1.09581, -274.543, 1.1647, -276.98, -0.00387989, -0.00387989, -0.00387989, 0, -1.49181e+35, 0.0217045, -0.943309, 0.00958124
125.701, 1.04443, -278.68, 1.09652, -278.743, 1.16545, -281.18, -0.00389507, -0.00389507, -0.00389507, 0, -1.49181e+35, 0.0217325, -0.944524, 0.00972194
125.751, 1.0451, -282.896, 1.09722, -282.959, 1.1662, -285.396, -0.00390979, -0.00390979, -0.00390979, 0, -1.49181e+35, 0.0217605, -0.945735, 0.00986226
125.8, 1.04576, -287.128, 1.09792, -287.191, 1.16695, -289.627, -0.00392445, -0.00392445, -0.00392445, 0, -1.49181e+35, 0.0217883, -0.946941, 0.0100022
125.85, 1.04643, -291.375, 1.09862, -291.438, 1.16769, -293.875, -0.00393825, -0.00393831, -0.00393832, 0, -1.49181e+35, 0.0218163, -0.948143, 0.0101417
125.9, 1.04709, -295.638, 1.09931, -295.7, 1.16842, -298.137, -0.00395237, -0.00395234, -0.00395229, 0, -1.49181e+35, 0.0218432, -0.949342, 0.0102807
125.95, 1.04775, -299.914, 1.1, -299.977, 1.16916, -302.414, -0.00396542, -0.0039654, -0.00396543, 0, -1.49181e+35, 0.0218705, -0.950534, 0.0104193
126, 1.0484, -304.206, 1.10069, -304.268, 1.16989, -306.705, -0.0039786, -0.00397864, -0.00397862, 0, -1.49181e+35, 0.0218983, -0.951723, 0.0105573
126, 1.0484, -304.206, 1.10069, -304.268, 1.16989, -306.705, -0.0039786, -0.00397864, -0.00397862, 0, -1.49181e+35, 0.0218983, -0.951723, 0.0105579
126.05, 1.04905, -308.51, 1.10137, -308.573, 1.17062, -311.01, -0.00399124, -0.00399126, -0.00399127, 0, -1.49181e+35, 0.0219262, -0.952908, 0.0106948
126.1, 1.0497, -312.829, 1.10206, -312.892, 1.17134, -315.328, -0.00400377, -0.00400376, -0.00400378, 0, -1.49181e+35, 0.0219527, -0.954088, 0.0108317
126.15, 1.05035, -317.16, 1.10274, -317.223, 1.17206, -319.66, -0.00401565, -0.00401565, -0.00401563, 0, -1.49181e+35, 0.0219798, -0.955264, 0.0109681
126.2, 1.05099, -321.505, 1.10341, -321.567, 1.17278, -324.004, -0.00402702, -0.00402706, -0.00402703, 0, -1.49181e+35, 0.0220062, -0.956434, 0.0111038
126.25, 1.05163, -325.862, 1.10408, -325.924, 1.17349, -328.361, -0.00403857, -0.00403855, -0.00403856, 0, -1.49181e+35, 0.0220335, -0.9576, 0.0112389
126.3, 1.05227, -330.23, 1.10475, -330.293, 1.17421, -332.73, -0.00404964, -0.00404964, -0.00404961, 0, -1.49181e+35, 0.0220597, -0.958762, 0.0113733
126.35, 1.05291, -334.611, 1.10542, -334.673, 1.17492, -337.11, -0.00406028, -0.00406029, -0.00406027, 0, -1.49181e+35, 0.0220865, -0.95992, 0.011507
126.4, 1.05354, -339.003, 1.10608, -339.065, 1.17562, -341.502, -0.00407072, -0.00407073, -0.00407071, 0, -1.49181e+35, 0.0221131, -0.961073, 0.01164
126.45, 1.05417, -343.405, 1.10674, -343.468, 1.17632, -345.905, -0.00408063, -0.00408059, -0.0040806, 0, -1.49181e+35, 0.0221398, -0.962222, 0.0117723
126.5, 1.05479, -347.819, 1.1074, -347.881, 1.17702, -350.318, -0.00409029, -0.00409028, -0.00409028, 0, -1.49181e+35, 0.0221663, -0.963367, 0.0119039
126.55, 1.05542, -352.243, 1.10806, -352.305, 1.17772, -354.742, -0.0040999, -0.0040999, -0.0040999, 0, -1.49181e+35, 0.0221925, -0.964508, 0.0120346
126.6, 1.05604, -356.676, 1.10871, -356.739, 1.17841, -359.175, -0.0041089, -0.00410889, -0.0041089, 0, -1.49181e+35, 0.0222184, -0.965643, 0.0121646
126.65, 1.05666, -361.119, 1.10936, -361.182, 1.1791, -363.619, -0.0041178, -0.0041178, -0.0041178, 0, -1.49181e+35, 0.0222446, -0.966776, 0.0122937
126.7, 1.05727, -365.572, 1.11001, -365.635, 1.17979, -368.071, -0.00412613, -0.00412613, -0.00412614, 0, -1.49181e+35, 0.0222705, -0.967903, 0.012422
126.75, 1.05789, -370.034, 1.11065, -370.096, 1.18048, -372.533, -0.00413436, -0.00413436, -0.00413437, 0, -1.49181e+35, 0.0222963, -0.969028, 0.0125495
126.8, 1.0585, -374.504, 1.11129, -374.566, 1.18116, -377.003, -0.00414236, -0.00414236, -0.00414236, 0, -1.49181e+35, 0.022322, -0.970145, 0.012676
126.85, 1.05911, -378.982, 1.11193, -379.045, 1.18183, -381.481, -0.00414997, -0.00414995, -0.00414996, 0, -1.49181e+35, 0.0223478, -0.971261, 0.0128017
126.9, 1.05971, -383.468, 1.11257, -383.531, 1.18251, -385.968, -0.00415714, -0.00415716, -0.00415714, 0, -1.49181e+35, 0.0223736, -0.972371, 0.0129265
126.95, 1.06031, -387.963, 1.1132, -388.025, 1.18318, -390.462, -0.00416377, -0.00416378, -0.00416379, 0, -1.49181e+35, 0.0223987, -0.973477, 0.0130504
127, 1.06092, -392.464, 1.11383, -392.527, 1.18385, -394.963, -0.0041708, -0.00417082, -0.0041708, 0, -1.49181e+35, 0.0224242, -0.974581, 0.0131733
127.001, 1.06093, -392.554, 1.11384, -392.617, 1.18387, -395.053, -0.00417093, -0.00417094, -0.00417093, 0, -1.49181e+35, 0.0224247, -0.974602, 0.0131757
127.001, 1.06093, -392.554, 1.11384, -392.617, 1.18387, -395.053, -0.00417093, -0.00417094, -0.00417093, 0, -1.49181e+35, 0.0224247, -0.974602, 0.0131764
127.051, 1.06152, -397.063, 1.11447, -397.125, 1.18453, -399.562, -0.00417738, -0.00417741, -0.00417738, 0, -1.49181e+35, 0.0224495, -0.9757, 0.0132977
127.101, 1.06212, -401.578, 1.11509, -401.641, 1.1852, -404.078, -0.00418344, -0.00418347, -0.00418345, 0, -1.49181e+35, 0.0224752, -0.976794, 0.0134186
127.151, 1.06271, -406.1, 1.11571, -406.163, 1.18586, -408.599, -0.0041891, -0.00418911, -0.00418909, 0, -1.49181e+35, 0.0224998, -0.977883, 0.0135386
127.201, 1.0633, -410.628, 1.11633, -410.691, 1.18651, -413.127, -0.00419496, -0.00419496, -0.00419496, 0, -1.49181e+35, 0.0225249, -0.978968, 0.0136575
127.251, 1.06389, -415.162, 1.11695, -415.225, 1.18717, -417.661, -0.00420023, -0.00420022, -0.00420023, 0, -1.49181e+35, 0.0225497, -0.98005, 0.0137755
127.301, 1.06447, -419.701, 1.11756, -419.764, 1.18782, -422.201, -0.00420537, -0.00420534, -0.00420538, 0, -1.49181e+35, 0.0225745, -0.981126, 0.0138924
127.351, 1.06506, -424.246, 1.11818, -424.309, 1.18847, -426.745, -0.00421, -0.00420999, -0.00421, 0, -1.49181e+35, 0.0225995, -0.982201, 0.0140083
127.401, 1.06563, -428.796, 1.11878, -428.858, 1.18912, -431.295, -0.00421436, -0.00421434, -0.00421436, 0, -1.49181e+35, 0.022624, -0.983268, 0.0141231
127.451, 1.06621, -433.35, 1.11939, -433.413, 1.18976, -435.849, -0.00421861, -0.00421861, -0.00421863, 0, -1.49181e+35, 0.0226484, -0.984334, 0.0142369
127.501, 1.06679, -437.909, 1.11999, -437.971, 1.1904, -440.408, -0.00422293, -0.00422293, -0.00422293, 0, -1.49181e+35, 0.0226729, -0.985394, 0.0143496
127.551, 1.06736, -442.472, 1.12059, -442.534, 1.19104, -444.971, -0.0042266, -0.0042266, -0.0042266, 0, -1.49181e+35, 0.0226973, -0.986451, 0.0144611
127.601, 1.06793, -447.039, 1.12119, -447.101, 1.19168, -449.538, -0.00422965, -0.00422965, -0.00422965, 0, -1.49181e+35, 0.0227214, -0.987504, 0.0145716
127.65, 1.06849, -451.609, 1.12178, -451.672, 1.19231, -454.109, -0.00423372, -0.00423372, -0.00423372, 0, -1.49181e+35, 0.0227456, -0.988551, 0.014681
127.7, 1.06906, -456.183, 1.12238, -456.246, 1.19294, -458.682, -0.00423601, -0.00423601, -0.00423601, 0, -1.49181e+35, 0.0227696, -0.989597, 0.0147893
127.75, 1.06962, -460.76, 1.12297, -460.823, 1.19357, -463.26, -0.00423974, -0.00423974, -0.00423975, 0, -1.49181e+35, 0.0227937, -0.990638, 0.0148964
127.8, 1.07018, -465.34, 1.12355, -465.403, 1.19419, -467.84, -0.00424227, -0.0042423, -0.00424232, 0, -1.49181e+35, 0.0228173, -0.991675, 0.0150024
127.85, 1.07074, -469.923, 1.12414, -469.986, 1.19481, -472.422, -0.00424486, -0.00424483, -0.00424487, 0, -1.49181e+35, 0.0228415, -0.992707, 0.0151073
127.9, 1.07129, -474.508, 1.12472, -474.57, 1.19543, -477.007, -0.00424693, -0.00424684, -0.00424692, 0, -1.49181e+35, 0.0228646, -0.993736, 0.015211
127.95, 1.07184, -479.095, 1.1253, -479.158, 1.19605, -481.594, -0.00424737, -0.00424735, -0.00424739, 0, -1.49181e+35, 0.0228885, -0.99476, 0.0153135
128, 1.07239, -483.684, 1.12588, -483.747, 1.19666, -486.184, -0.00424989, -0.00424983, -0.00424989, 0, -1.49181e+35, 0.0229117, -0.995782, 0.0154149
128, 1.07239, -483.684, 1.12588, -483.747, 1.19666, -486.184, -0.00424989, -0.00424983, -0.00424989, 0, -1.49181e+35, 0.0229117, -0.995782, 0.0154155
128.051, 1.07294, -488.275, 1.12645, -488.338, 1.19727, -490.774, -0.00425228, -0.00425237, -0.00425228, 0, -1.49181e+35, 0.0229354, -0.996798, 0.0155151
128.101, 1.07349, -492.868, 1.12703, -492.93, 1.19788, -495.367, -0.00425245, -0.00425251, -0.00425245, 0, -1.49181e+35, 0.0229587, -0.997811, 0.0156141
128.151, 1.07403, -497.46, 1.1276, -497.523, 1.19849, -499.96, -0.00425415, -0.00425419, -0.00425415, 0, -1.49181e+35, 0.0229821, -0.998821, 0.015712
128.202, 1.07457, -502.056, 1.12816, -502.118, 1.19909, -504.555, -0.00425495, -0.004255, -0.00425495, 0, -1.49181e+35, 0.0230051, -0.999825, 0.0158086
128.252, 1.07511, -506.651, 1.12873, -506.714, 1.19969, -509.15, -0.00425495, -0.00425503, -0.00425495, 0, -1.49181e+35, 0.023028, -1.00083, 0.0159041
128.302, 1.07564, -511.247, 1.12929, -511.309, 1.20029, -513.746, -0.00425511, -0.00425505, -0.00425495, 0, -1.49181e+35, 0.0230509, -1.00182, 0.0159984
128.353, 1.07617, -515.842, 1.12985, -515.905, 1.20088, -518.341, -0.00425495, -0.00425496, -0.00425495, 0, -1.49181e+35, 0.0230741, -1.00282, 0.0160915
128.403, 1.07671, -520.437, 1.13041, -520.5, 1.20147, -522.937, -0.00425495, -0.00425496, -0.00425495, 0, -1.49181e+35, 0.0230966, -1.00381, 0.0161833
128.453, 1.07723, -525.033, 1.13096, -525.095, 1.20206, -527.532, -0.00425495, -0.00425496, -0.00425495, 0, -1.49181e+35, 0.0231193, -1.00479, 0.016274
128.504, 1.07776, -529.628, 1.13151, -529.691, 1.20265, -532.127, -0.00425495, -0.00425496, -0.00425495, 0, -1.49181e+35, 0.0231419, -1.00577, 0.0163634
128.554, 1.07828, -534.223, 1.13206, -534.286, 1.20323, -536.723, -0.00425495, -0.00425496, -0.00425495, 0, -1.49181e+35, 0.0231644, -1.00675, 0.0164517
128.605, 1.07881, -538.819, 1.13261, -538.881, 1.20382, -541.318, -0.00425495, -0.00425496, -0.00425496, 0, -1.49181e+35, 0.0231868, -1.00773, 0.0165387
128.655, 1.07933, -543.414, 1.13316, -543.477, 1.2044, -545.913, -0.00425496, -0.00425496, -0.00425496, 0, -1.49181e+35, 0.0232091, -1.0087, 0.0166245
128.705, 1.07984, -548.008, 1.1337, -548.07, 1.20497, -550.507, -0.00425243, -0.00425243, -0.00425243, 0, -1.49181e+35, 0.0232314, -1.00966, 0.0167091
128.756, 1.08036, -552.6, 1.13424, -552.663, 1.20555, -555.1, -0.0042524, -0.0042524, -0.0042524, 0, -1.49181e+35, 0.0232536, -1.01063, 0.0167925
128.806, 1.08087, -557.192, 1.13478, -557.255, 1.20612, -559.692, -0.00425, -0.00425, -0.00425, 0, -1.49181e+35, 0.0232754, -1.01159, 0.0168746
128.856, 1.08138, -561.782, 1.13531, -561.845, 1.20669, -564.281, -0.00424989, -0.0042499, -0.00424989, 0, -1.49181e+35, 0.0232973, -1.01254, 0.0169556
128.907, 1.08189, -566.371, 1.13585, -566.433, 1.20726, -568.87, -0.00424735, -0.00424737, -0.00424749, 0, -1.49181e+35, 0.0233197, -1.01349, 0.0170353
128.957, 1.0824, -570.958, 1.13638, -571.021, 1.20782, -573.457, -0.00424749, -0.00424736, -0.00424751, 0, -1.49181e+35, 0.0233411, -1.01444, 0.0171138
129, 1.08283, -574.901, 1.13683, -574.964, 1.2083, -577.4, -0.00424469, -0.00424484, -0.0042447, 0, -1.49181e+35, 0.0233601, -1.01526, 0.0171804
129, 1.08283, -574.901, 1.13683, -574.964, 1.2083, -577.4, -0.00424469, -0.00424484, -0.0042447, 0, -1.49181e+35, 0.0233601, -1.01526, 0.0171809
129.051, 1.08333, -579.484, 1.13736, -579.547, 1.20886, -581.983, -0.00424237, -0.00424232, -0.00424235, 0, -1.49181e+35, 0.0233824, -1.0162, 0.0172566
129.101, 1.08383, -584.065, 1.13789, -584.128, 1.20942, -586.565, -0.00424016, -0.00424011, -0.00424015, 0, -1.49181e+35, 0.0234034, -1.01714, 0.0173316
129.151, 1.08433, -588.644, 1.13841, -588.707, 1.20998, -591.144, -0.00423983, -0.00423978, -0.00423964, 0, -1.49181e+35, 0.0234249, -1.01807, 0.0174055
129.202, 1.08482, -593.221, 1.13893, -593.283, 1.21053, -595.72, -0.00423726, -0.00423724, -0.00423727, 0, -1.49181e+35, 0.0234458, -1.019, 0.0174781
129.252, 1.08532, -597.794, 1.13945, -597.857, 1.21108, -600.294, -0.00423472, -0.00423471, -0.00423472, 0, -1.49181e+35, 0.0234675, -1.01993, 0.0175495
129.302, 1.08581, -602.365, 1.13996, -602.428, 1.21163, -604.865, -0.00423218, -0.00423215, -0.00423218, 0, -1.49181e+35, 0.0234883, -1.02085, 0.0176197
129.353, 1.0863, -606.933, 1.14047, -606.996, 1.21217, -609.433, -0.0042297, -0.00422967, -0.0042297, 0, -1.49181e+35, 0.0235096, -1.02177, 0.0176887
129.403, 1.08678, -611.499, 1.14099, -611.561, 1.21272, -613.998, -0.00422608, -0.00422605, -0.00422608, 0, -1.49181e+35, 0.0235309, -1.02269, 0.0177565
129.454, 1.08727, -616.061, 1.14149, -616.123, 1.21326, -618.56, -0.00422226, -0.00422226, -0.00422226, 0, -1.49181e+35, 0.0235518, -1.0236, 0.0178232
129.504, 1.08775, -620.62, 1.142, -620.682, 1.2138, -623.119, -0.00421956, -0.00421956, -0.00421956, 0, -1.49181e+35, 0.0235728, -1.0245, 0.0178886
129.554, 1.08823, -625.175, 1.14251, -625.238, 1.21433, -627.674, -0.00421681, -0.00421681, -0.00421681, 0, -1.49181e+35, 0.0235936, -1.02541, 0.0179529
129.605, 1.08871, -629.728, 1.14301, -629.79, 1.21487, -632.227, -0.00421448, -0.00421448, -0.00421448, 0, -1.49181e+35, 0.0236144, -1.02631, 0.0180159
129.655, 1.08918, -634.276, 1.14351, -634.339, 1.2154, -636.775, -0.00420967, -0.00420967, -0.00420967, 0, -1.49181e+35, 0.023635, -1.02721, 0.0180778
129.705, 1.08966, -638.821, 1.14401, -638.884, 1.21593, -641.32, -0.00420642, -0.00420642, -0.00420642, 0, -1.49181e+35, 0.0236557, -1.02811, 0.0181386
129.756, 1.09013, -643.363, 1.1445, -643.425, 1.21645, -645.862, -0.00420436, -0.00420435, -0.00420436, 0, -1.49181e+35, 0.0236763, -1.02899, 0.0181981
129.806, 1.0906, -647.9, 1.14499, -647.963, 1.21698, -650.399, -0.00419938, -0.00419945, -0.00419938, 0, -1.49181e+35, 0.0236968, -1.02988, 0.0182565
129.856, 1.09107, -652.434, 1.14549, -652.496, 1.2175, -654.933, -0.0041967, -0.00419667, -0.00419672, 0, -1.49181e+35, 0.0237167, -1.03077, 0.0183138
129.907, 1.09153, -656.963, 1.14597, -657.026, 1.21802, -659.462, -0.00419195, -0.00419194, -0.00419195, 0, -1.49181e+35, 0.023737, -1.03165, 0.0183699
129.957, 1.092, -661.489, 1.14646, -661.551, 1.21854, -663.988, -0.00418913, -0.00418921, -0.00418918, 0, -1.49181e+35, 0.0237572, -1.03252, 0.0184249
130, 1.0924, -665.377, 1.14688, -665.44, 1.21898, -667.876, -0.00418523, -0.0041852, -0.00418523, 0, -1.49181e+35, 0.0237749, -1.03328, 0.0184712
130, 1.0924, -665.377, 1.14688, -665.44, 1.21898, -667.876, -0.00418523, -0.0041852, -0.00418523, 0, -1.49181e+35, 0.0237749, -1.03328, 0.0184716
130.051, 1.09286, -669.895, 1.14736, -669.957, 1.21949, -672.394, -0.00418138, -0.00418137, -0.00418138, 0, -1.49181e+35, 0.0237941, -1.03415, 0.0185241
130.101, 1.09331, -674.408, 1.14784, -674.471, 1.22001, -676.908, -0.0041768, -0.00417679, -0.00417675, 0, -1.49181e+35, 0.0238146, -1.03501, 0.0185758
130.151, 1.09377, -678.917, 1.14832, -678.98, 1.22052, -681.417, -0.00417401, -0.00417404, -0.00417403, 0, -1.49181e+35, 0.0238346, -1.03588, 0.0186265
130.202, 1.09422, -683.422, 1.1488, -683.484, 1.22102, -685.921, -0.00416899, -0.00416896, -0.00416897, 0, -1.49181e+35, 0.0238543, -1.03674, 0.018676
130.252, 1.09468, -687.922, 1.14927, -687.984, 1.22153, -690.421, -0.0041645, -0.00416454, -0.00416452, 0, -1.49181e+35, 0.0238743, -1.03759, 0.0187244
130.302, 1.09513, -692.417, 1.14975, -692.48, 1.22203, -694.917, -0.00416135, -0.00416135, -0.00416137, 0, -1.49181e+35, 0.0238937, -1.03845, 0.0187717
130.353, 1.09558, -696.908, 1.15022, -696.971, 1.22253, -699.407, -0.00415586, -0.00415586, -0.00415586, 0, -1.49181e+35, 0.0239131, -1.0393, 0.018818
130.403, 1.09602, -701.394, 1.15069, -701.457, 1.22303, -703.893, -0.00415145, -0.00415144, -0.00415146, 0, -1.49181e+35, 0.0239326, -1.04015, 0.0188632
130.454, 1.09647, -705.876, 1.15115, -705.938, 1.22352, -708.375, -0.00414807, -0.00414806, -0.00414806, 0, -1.49181e+35, 0.0239521, -1.04099, 0.0189073
130.504, 1.09691, -710.352, 1.15162, -710.415, 1.22402, -712.851, -0.00414364, -0.00414364, -0.00414365, 0, -1.49181e+35, 0.0239714, -1.04183, 0.0189503
130.554, 1.09735, -714.824, 1.15208, -714.886, 1.22451, -717.323, -0.0041386, -0.0041386, -0.00413861, 0, -1.49181e+35, 0.0239907, -1.04267, 0.0189923
130.605, 1.09779, -719.29, 1.15254, -719.353, 1.225, -721.79, -0.00413364, -0.00413364, -0.00413363, 0, -1.49181e+35, 0.0240099, -1.0435, 0.0190333
130.655, 1.09822, -723.752, 1.153, -723.815, 1.22549, -726.252, -0.00412891, -0.00412891, -0.00412892, 0, -1.49181e+35, 0.024029, -1.04433, 0.0190732
130.705, 1.09866, -728.209, 1.15345, -728.272, 1.22597, -730.709, -0.0041253, -0.0041253, -0.0041253, 0, -1.49181e+35, 0.0240479, -1.04516, 0.0191121
130.756, 1.09909, -732.661, 1.15391, -732.724, 1.22645, -735.161, -0.00412084, -0.00412085, -0.00412084, 0, -1.49181e+35, 0.024067, -1.04598, 0.01915
130.806, 1.09952, -737.108, 1.15436, -737.171, 1.22693, -739.607, -0.0041157, -0.00411569, -0.0041157, 0, -1.49181e+35, 0.0240862, -1.0468, 0.0191869
130.856, 1.09995, -741.55, 1.15481, -741.613, 1.22741, -744.049, -0.00411029, -0.00411029, -0.00411029, 0, -1.49181e+35, 0.0241046, -1.04762, 0.0192228
130.907, 1.10038, -745.987, 1.15526, -746.049, 1.22789, -748.486, -0.00410579, -0.0041058, -0.00410579, 0, -1.49181e+35, 0.0241238, -1.04843, 0.0192577
130.957, 1.1008, -750.418, 1.15571, -750.481, 1.22836, -752.918, -0.00410085, -0.00410089, -0.00410086, 0, -1.49181e+35, 0.0241423, -1.04924, 0.0192916
131, 1.10117, -754.226, 1.15609, -754.288, 1.22877, -756.725, -0.00409811, -0.0040981, -0.00409812, 0, -1.49181e+35, 0.0241581, -1.04994, 0.01932
131, 1.10117, -754.226, 1.15609, -754.288, 1.22877, -756.725, -0.00409811, -0.0040981, -0.00409812, 0, -1.49181e+35, 0.0241581, -1.04994, 0.0193203
131.051, 1.10159, -758.648, 1.15653, -758.71, 1.22924, -761.147, -0.00409309, -0.00409307, -0.00409305, 0, -1.49181e+35, 0.0241767, -1.05074, 0.0193521
131.101, 1.10201, -763.064, 1.15697, -763.127, 1.22971, -765.564, -0.00408794, -0.00408798, -0.00408799, 0, -1.49181e+35, 0.0241952, -1.05154, 0.0193833
131.151, 1.10243, -767.476, 1.15741, -767.539, 1.23018, -769.975, -0.0040829, -0.00408288, -0.0040829, 0, -1.49181e+35, 0.0242133, -1.05234, 0.0194136
131.202, 1.10284, -771.882, 1.15785, -771.945, 1.23064, -774.382, -0.00407792, -0.00407791, -0.00407793, 0, -1.49181e+35, 0.0242317, -1.05314, 0.0194429
131.252, 1.10326, -776.284, 1.15828, -776.346, 1.2311, -778.783, -0.0040729, -0.00407288, -0.0040729, 0, -1.49181e+35, 0.0242499, -1.05393, 0.0194713
131.303, 1.10367, -780.68, 1.15872, -780.742, 1.23156, -783.179, -0.00406801, -0.00406798, -0.00406802, 0, -1.49181e+35, 0.0242681, -1.05472, 0.0194988
131.353, 1.10408, -785.071, 1.15915, -785.133, 1.23202, -787.57, -0.00406308, -0.00406305, -0.00406308, 0, -1.49181e+35, 0.0242861, -1.0555, 0.0195255
131.403, 1.10449, -789.456, 1.15958, -789.519, 1.23248, -791.956, -0.00405847, -0.00405845, -0.00405849, 0, -1.49181e+35, 0.0243042, -1.05628, 0.0195512
131.454, 1.1049, -793.837, 1.16001, -793.899, 1.23293, -796.336, -0.004054, -0.00405399, -0.004054, 0, -1.49181e+35, 0.0243219, -1.05706, 0.019576
131.504, 1.10531, -798.212, 1.16043, -798.275, 1.23339, -800.711, -0.00405004, -0.00405003, -0.00405003, 0, -1.49181e+35, 0.02434, -1.05784, 0.0196
131.554, 1.10571, -802.582, 1.16086, -802.645, 1.23384, -805.081, -0.00404495, -0.00404495, -0.00404495, 0, -1.49181e+35, 0.0243577, -1.05861, 0.0196232
131.605, 1.10611, -806.947, 1.16128, -807.009, 1.23429, -809.446, -0.00403985, -0.00403985, -0.00403985, 0, -1.49181e+35, 0.0243754, -1.05938, 0.0196455
131.655, 1.10651, -811.306, 1.1617, -811.369, 1.23473, -813.805, -0.00403468, -0.00403468, -0.00403468, 0, -1.49181e+35, 0.0243931, -1.06015, 0.0196669
131.705, 1.10691, -815.661, 1.16212, -815.723, 1.23518, -818.16, -0.00402948, -0.00402948, -0.00402948, 0, -1.49181e+35, 0.0244105, -1.06092, 0.0196876
131.756, 1.10731, -820.01, 1.16253, -820.072, 1.23562, -822.509, -0.00402481, -0.00402481, -0.00402481, 0, -1.49181e+35, 0.0244279, -1.06168, 0.0197074
131.806, 1.1077, -824.354, 1.16295, -824.416, 1.23606, -826.853, -0.00401984, -0.00401984, -0.00401984, 0, -1.49181e+35, 0.0244457, -1.06243, 0.0197265
131.856, 1.1081, -828.693, 1.16336, -828.755, 1.2365, -831.192, -0.00401497, -0.00401505, -0.00401497, 0, -1.49181e+35, 0.0244631, -1.06319, 0.0197448
131.907, 1.10849, -833.027, 1.16377, -833.089, 1.23694, -835.526, -0.00401063, -0.00401062, -0.0040107, 0, -1.49181e+35, 0.0244804, -1.06394, 0.0197622
131.957, 1.10888, -837.355, 1.16418, -837.418, 1.23737, -839.855, -0.00400692, -0.00400705, -0.00400692, 0, -1.49181e+35, 0.0244976, -1.06469, 0.019779
132, 1.10921, -841.074, 1.16453, -841.136, 1.23774, -843.573, -0.00400203, -0.00400201, -0.00400204, 0, -1.49181e+35, 0.024512, -1.06533, 0.0197928
132, 1.10921, -841.074, 1.16453, -841.136, 1.23774, -843.573, -0.00400203, -0.00400201, -0.00400204, 0, -1.49181e+35, 0.024512, -1.06533, 0.0197929
132.051, 1.1096, -845.393, 1.16494, -845.456, 1.23818, -847.892, -0.00399701, -0.00399696, -0.00399701, 0, -1.49181e+35, 0.0245298, -1.06607, 0.0198081
132.101, 1.10998, -849.707, 1.16534, -849.77, 1.23861, -852.207, -0.00399223, -0.0039922, -0.00399223, 0, -1.49181e+35, 0.0245462, -1.06681, 0.0198227
132.151, 1.11037, -854.017, 1.16575, -854.079, 1.23903, -856.516, -0.00398822, -0.0039882, -0.00398822, 0, -1.49181e+35, 0.0245631, -1.06755, 0.0198366
132.202, 1.11075, -858.321, 1.16615, -858.383, 1.23946, -860.82, -0.00398424, -0.00398423, -0.00398424, 0, -1.49181e+35, 0.0245799, -1.06828, 0.0198498
132.252, 1.11113, -862.62, 1.16655, -862.683, 1.23988, -865.119, -0.00397908, -0.00397907, -0.00397911, 0, -1.49181e+35, 0.0245972, -1.06902, 0.0198623
132.303, 1.11151, -866.914, 1.16694, -866.977, 1.24031, -869.414, -0.0039742, -0.00397418, -0.0039742, 0, -1.49181e+35, 0.0246135, -1.06974, 0.0198741
132.353, 1.11188, -871.204, 1.16734, -871.267, 1.24073, -873.703, -0.00396935, -0.0039693, -0.00396935, 0, -1.49181e+35, 0.0246305, -1.07047, 0.0198852
132.403, 1.11226, -875.489, 1.16773, -875.551, 1.24115, -877.988, -0.00396594, -0.00396605, -0.00396594, 0, -1.49181e+35, 0.0246471, -1.07119, 0.0198957
132.454, 1.11263, -879.769, 1.16813, -879.831, 1.24156, -882.268, -0.00396151, -0.00396161, -0.00396151, 0, -1.49181e+35, 0.0246635, -1.07191, 0.0199055
132.504, 1.113, -884.044, 1.16851, -884.106, 1.24198, -886.543, -0.00395648, -0.00395658, -0.00395648, 0, -1.49181e+35, 0.0246799, -1.07263, 0.0199147
132.554, 1.11337, -888.314, 1.1689, -888.377, 1.24239, -890.813, -0.00395173, -0.00395173, -0.00395173, 0, -1.49181e+35, 0.0246967, -1.07334, 0.0199232
132.605, 1.11374, -892.58, 1.16929, -892.643, 1.2428, -895.079, -0.00394884, -0.00394885, -0.00394884, 0, -1.49181e+35, 0.0247129, -1.07405, 0.0199311
132.655, 1.11411, -896.841, 1.16968, -896.904, 1.24321, -899.34, -0.00394355, -0.00394355, -0.00394355, 0, -1.49181e+35, 0.0247291, -1.07476, 0.0199385
132.705, 1.11447, -901.097, 1.17006, -901.16, 1.24362, -903.597, -0.00393895, -0.00393893, -0.00393893, 0, -1.49181e+35, 0.0247454, -1.07547, 0.0199452
132.756, 1.11484, -905.349, 1.17044, -905.412, 1.24402, -907.849, -0.00393621, -0.00393621, -0.00393621, 0, -1.49181e+35, 0.0247615, -1.07617, 0.0199514
132.806, 1.1152, -909.597, 1.17082, -909.659, 1.24443, -912.096, -0.00393117, -0.00393117, -0.00393117, 0, -1.49181e+35, 0.0247778, -1.07687, 0.019957
132.856, 1.11556, -913.84, 1.1712, -913.903, 1.24483, -916.339, -0.00392643, -0.00392649, -0.00392643, 0, -1.49181e+35, 0.0247937, -1.07756, 0.019962
132.907, 1.11592, -918.078, 1.17158, -918.141, 1.24523, -920.577, -0.00392121, -0.00392108, -0.00392121, 0, -1.49181e+35, 0.0248096, -1.07826, 0.0199665
132.957, 1.11628, -922.313, 1.17195, -922.375, 1.24563, -924.812, -0.00392103, -0.00392115, -0.00392103, 0, -1.49181e+35, 0.0248257, -1.07895, 0.0199705
133, 1.11659, -925.95, 1.17228, -926.013, 1.24597, -928.449, -0.00391598, -0.00391606, -0.00391598, 0, -1.49181e+35, 0.024839, -1.07954, 0.0199734
133, 1.11659, -925.95, 1.17228, -926.013, 1.24597, -928.449, -0.00391598, -0.00391606, -0.00391598, 0, -1.49181e+35, 0.024839, -1.07954, 0.0199735
133.051, 1.11694, -930.177, 1.17265, -930.239, 1.24637, -932.676, -0.00391092, -0.00391081, -0.00391092, 0, -1.49181e+35, 0.0248548, -1.08023, 0.0199764
133.101, 1.11729, -934.399, 1.17302, -934.462, 1.24676, -936.898, -0.00390614, -0.00390619, -0.00390614, 0, -1.49181e+35, 0.0248709, -1.08091, 0.0199789
133.152, 1.11764, -938.617, 1.17339, -938.68, 1.24715, -941.117, -0.00390586, -0.00390586, -0.00390586, 0, -1.49181e+35, 0.0248861, -1.08159, 0.0199809
133.202, 1.11799, -942.831, 1.17375, -942.893, 1.24755, -945.33, -0.0039007, -0.00390073, -0.0039007, 0, -1.49181e+35, 0.0249022, -1.08227, 0.0199824
133.252, 1.11834, -947.041, 1.17412, -947.103, 1.24793, -949.54, -0.00389574, -0.00389574, -0.00389574, 0, -1.49181e+35, 0.0249172, -1.08294, 0.0199834
133.303, 1.11869, -951.247, 1.17448, -951.31, 1.24832, -953.746, -0.00389135, -0.00389124, -0.00389135, 0, -1.49181e+35, 0.0249321, -1.08361, 0.019984
133.353, 1.11903, -955.449, 1.17485, -955.511, 1.24871, -957.948, -0.00389067, -0.00389072, -0.00389068, 0, -1.49181e+35, 0.0249483, -1.08428, 0.0199841
133.403, 1.11938, -959.647, 1.17521, -959.709, 1.24909, -962.146, -0.00388562, -0.00388546, -0.00388562, 0, -1.49181e+35, 0.0249641, -1.08495, 0.0199838
133.454, 1.11972, -963.842, 1.17557, -963.904, 1.24947, -966.341, -0.00388065, -0.00388065, -0.00388062, 0, -1.49181e+35, 0.0249791, -1.08562, 0.0199831
133.504, 1.12006, -968.032, 1.17592, -968.095, 1.24985, -970.532, -0.00388053, -0.00388049, -0.00388053, 0, -1.49181e+35, 0.0249942, -1.08627, 0.0199819
133.554, 1.1204, -972.219, 1.17628, -972.282, 1.25023, -974.718, -0.00387551, -0.0038755, -0.00387551, 0, -1.49181e+35, 0.0250092, -1.08693, 0.0199804
133.605, 1.12074, -976.403, 1.17664, -976.465, 1.25061, -978.902, -0.00387052, -0.00387051, -0.00387053, 0, -1.49181e+35, 0.0250243, -1.08759, 0.0199784
133.655, 1.12108, -980.583, 1.17699, -980.645, 1.25099, -983.082, -0.00387036, -0.00387044, -0.00387037, 0, -1.49181e+35, 0.0250394, -1.08825, 0.0199761
133.705, 1.12141, -984.759, 1.17734, -984.821, 1.25136, -987.258, -0.00386538, -0.00386538, -0.00386538, 0, -1.49181e+35, 0.0250544, -1.08889, 0.0199734
133.756, 1.12174, -988.933, 1.17769, -988.995, 1.25173, -991.432, -0.00386122, -0.00386122, -0.00386122, 0, -1.49181e+35, 0.0250693, -1.08954, 0.0199703
133.806, 1.12208, -993.102, 1.17804, -993.164, 1.2521, -995.601, -0.0038603, -0.0038603, -0.0038603, 0, -1.49181e+35, 0.0250841, -1.09019, 0.0199669
133.856, 1.12241, -997.268, 1.17839, -997.331, 1.25247, -999.767, -0.00385527, -0.00385527, -0.00385527, 0, -1.49181e+35, 0.0250992, -1.09083, 0.0199632
133.907, 1.12274, -1001.43, 1.17873, -1001.49, 1.25284, -1003.93, -0.00385526, -0.00385526, -0.00385526, 0, -1.49181e+35, 0.0251136, -1.09147, 0.0199591
133.957, 1.12306, -1005.59, 1.17908, -1005.65, 1.2532, -1008.09, -0.0038502, -0.0038502, -0.0038502, 0, -1.49181e+35, 0.0251285, -1.09211, 0.0199547
134, 1.12334, -1009.17, 1.17937, -1009.23, 1.25352, -1011.67, -0.0038502, -0.0038502, -0.0038502, 0, -1.49181e+35, 0.0251407, -1.09265, 0.0199506
134, 1.12334, -1009.17, 1.17937, -1009.23, 1.25352, -1011.67, -0.0038502, -0.0038502, -0.0038502, 0, -1.49181e+35, 0.0251407, -1.09265, 0.0199506
134.051, 1.12367, -1013.32, 1.17971, -1013.38, 1.25388, -1015.82, -0.00384514, -0.00384514, -0.00384514, 0, -1.49181e+35, 0.0251557, -1.09329, 0.0199456
134.101, 1.12399, -1017.47, 1.18005, -1017.54, 1.25424, -1019.97, -0.00384514, -0.00384522, -0.00384514, 0, -1.49181e+35, 0.0251699, -1.09392, 0.0199403
134.152, 1.12432, -1021.62, 1.18039, -1021.68, 1.2546, -1024.12, -0.00383889, -0.00383884, -0.00383884, 0, -1.49181e+35, 0.0251843, -1.09454, 0.0199348
134.202, 1.12464, -1025.77, 1.18073, -1025.83, 1.25496, -1028.27, -0.00383787, -0.00383786, -0.00383789, 0, -1.49181e+35, 0.0251985, -1.09517, 0.0199289
134.252, 1.12496, -1029.91, 1.18106, -1029.97, 1.25532, -1032.41, -0.00383502, -0.00383501, -0.00383499, 0, -1.49181e+35, 0.0252134, -1.09579, 0.0199228
134.303, 1.12528, -1034.05, 1.1814, -1034.11, 1.25567, -1036.55, -0.00383499, -0.00383502, -0.003835, 0, -1.49181e+35, 0.0252278, -1.09641, 0.0199165
134.353, 1.12559, -1038.19, 1.18173, -1038.25, 1.25602, -1040.69, -0.00382996, -0.0038299, -0.00382996, 0, -1.49181e+35, 0.0252417, -1.09703, 0.0199099
134.403, 1.12591, -1042.32, 1.18206, -1042.39, 1.25638, -1044.82, -0.00382998, -0.00382997, -0.00382998, 0, -1.49181e+35, 0.0252555, -1.09764, 0.0199031
134.454, 1.12622, -1046.46, 1.18239, -1046.52, 1.25672, -1048.95, -0.0038249, -0.00382491, -0.00382488, 0, -1.49181e+35, 0.0252692, -1.09825, 0.019896
134.504, 1.12653, -1050.59, 1.18272, -1050.65, 1.25707, -1053.09, -0.00382484, -0.00382486, -0.00382484, 0, -1.49181e+35, 0.0252836, -1.09887, 0.0198887
134.554, 1.12685, -1054.71, 1.18305, -1054.78, 1.25742, -1057.21, -0.00381984, -0.00381984, -0.00381984, 0, -1.49181e+35, 0.0252979, -1.09947, 0.0198813
134.605, 1.12715, -1058.84, 1.18337, -1058.9, 1.25777, -1061.34, -0.00381984, -0.00381985, -0.00381984, 0, -1.49181e+35, 0.0253113, -1.10007, 0.0198736
134.655, 1.12746, -1062.96, 1.18369, -1063.03, 1.25811, -1065.46, -0.00381691, -0.00381692, -0.00381691, 0, -1.49181e+35, 0.0253254, -1.10068, 0.0198657
134.705, 1.12777, -1067.08, 1.18402, -1067.15, 1.25845, -1069.58, -0.00381479, -0.00381478, -0.00381478, 0, -1.49181e+35, 0.0253392, -1.10128, 0.0198577
134.756, 1.12808, -1071.2, 1.18434, -1071.27, 1.2588, -1073.7, -0.00381479, -0.00381479, -0.00381479, 0, -1.49181e+35, 0.025353, -1.10188, 0.0198494
134.806, 1.12838, -1075.32, 1.18466, -1075.38, 1.25914, -1077.82, -0.00380975, -0.00380975, -0.00380975, 0, -1.49181e+35, 0.0253668, -1.10247, 0.0198411
134.856, 1.12868, -1079.44, 1.18498, -1079.5, 1.25947, -1081.94, -0.00380973, -0.00380973, -0.00380973, 0, -1.49181e+35, 0.0253804, -1.10306, 0.0198325
134.907, 1.12898, -1083.55, 1.18529, -1083.61, 1.25981, -1086.05, -0.00380973, -0.00380973, -0.00380973, 0, -1.49181e+35, 0.025394, -1.10365, 0.0198238
134.957, 1.12929, -1087.66, 1.18561, -1087.73, 1.26015, -1090.16, -0.0038047, -0.0038047, -0.00380471, 0, -1.49181e+35, 0.0254076, -1.10424, 0.019815
135.001, 1.12954, -1091.2, 1.18588, -1091.26, 1.26043, -1093.7, -0.00380466, -0.00380467, -0.00380467, 0, -1.49181e+35, 0.0254192, -1.10474, 0.0198073
135.001, 1.12954, -1091.2, 1.18588, -1091.26, 1.26043, -1093.7, -0.00380466, -0.00380467, -0.00380467, 0, -1.49181e+35, 0.0254192, -1.10474, 0.0198073
135.051, 1.12984, -1095.31, 1.18619, -1095.37, 1.26077, -1097.81, -0.00380469, -0.00380468, -0.00380469, 0, -1.49181e+35, 0.0254325, -1.10533, 0.0197983
135.101, 1.13014, -1099.42, 1.1865, -1099.48, 1.2611, -1101.91, -0.00380466, -0.00380466, -0.00380466, 0, -1.49181e+35, 0.0254458, -1.10591, 0.0197891
135.152, 1.13043, -1103.52, 1.18681, -1103.58, 1.26143, -1106.02, -0.00379962, -0.00379963, -0.00379959, 0, -1.49181e+35, 0.0254591, -1.10649, 0.0197798
135.202, 1.13056, -1107.62, 1.18695, -1107.69, 1.26157, -1110.12, -0.00379957, -0.00379961, -0.00379959, 0, -1.49181e+35, 0.0254651, -1.10674, 0.0197705
135.252, 1.13055, -1111.73, 1.18694, -1111.79, 1.26156, -1114.23, -0.00379963, -0.00379966, -0.00379961, 0, -1.49181e+35, 0.0254646, -1.10671, 0.019761
135.303, 1.13061, -1115.83, 1.187, -1115.89, 1.26162, -1118.33, -0.00379962, -0.0037996, -0.00379957, 0, -1.49181e+35, 0.0254673, -1.10683, 0.0197514
135.353, 1.13063, -1119.93, 1.18702, -1119.99, 1.26165, -1122.43, -0.00379459, -0.00379457, -0.00379455, 0, -1.49181e+35, 0.0254676, -1.10687, 0.0197418
135.403, 1.13065, -1124.03, 1.18705, -1124.09, 1.26167, -1126.53, -0.00379457, -0.00379454, -0.00379455, 0, -1.49181e+35, 0.0254694, -1.10692, 0.0197321
135.454, 1.13062, -1128.13, 1.18701, -1128.19, 1.26163, -1130.63, -0.00379455, -0.00379458, -0.00379459, 0, -1.49181e+35, 0.0254675, -1.10684, 0.0197224
135.504, 1.13063, -1132.22, 1.18702, -1132.29, 1.26165, -1134.72, -0.00379449, -0.00379448, -0.0037945, 0, -1.49181e+35, 0.0254679, -1.10688, 0.0197126
135.554, 1.13065, -1136.32, 1.18705, -1136.38, 1.26167, -1138.82, -0.00378951, -0.00378955, -0.00378952, 0, -1.49181e+35, 0.0254691, -1.10692, 0.0197027
135.605, 1.13062, -1140.41, 1.18701, -1140.48, 1.26163, -1142.91, -0.00378939, -0.00378944, -0.00378939, 0, -1.49181e+35, 0.025467, -1.10684, 0.0196928
135.655, 1.13063, -1144.51, 1.18702, -1144.57, 1.26165, -1147.01, -0.00378941, -0.00378949, -0.0037895, 0, -1.49181e+35, 0.0254683, -1.10688, 0.0196829
135.705, 1.13065, -1148.6, 1.18705, -1148.66, 1.26167, -1151.1, -0.00378945, -0.00378943, -0.00378945, 0, -1.49181e+35, 0.0254691, -1.10692, 0.0196729
135.756, 1.13061, -1152.69, 1.187, -1152.75, 1.26163, -1155.19, -0.00378946, -0.00378946, -0.00378948, 0, -1.49181e+35, 0.0254676, -1.10684, 0.0196629
135.806, 1.13063, -1156.78, 1.18702, -1156.85, 1.26165, -1159.28, -0.0037851, -0.0037851, -0.0037851, 0, -1.49181e+35, 0.0254682, -1.10687, 0.0196529
135.857, 1.13065, -1160.87, 1.18704, -1160.93, 1.26167, -1163.37, -0.00378441, -0.00378438, -0.00378442, 0, -1.49181e+35, 0.0254688, -1.10691, 0.0196429
135.907, 1.13061, -1164.96, 1.187, -1165.02, 1.26163, -1167.46, -0.00378444, -0.00378441, -0.00378444, 0, -1.49181e+35, 0.0254672, -1.10684, 0.0196329
135.957, 1.13063, -1169.04, 1.18702, -1169.11, 1.26165, -1171.54, -0.00378443, -0.00378443, -0.00378443, 0, -1.49181e+35, 0.025468, -1.10687, 0.0196229
136.001, 1.13063, -1172.56, 1.18702, -1172.62, 1.26165, -1175.06, -0.00378443, -0.00378443, -0.00378443, 0, -1.49181e+35, 0.025468, -1.10687, 0.0196142
136.001, 1.13063, -1172.56, 1.18702, -1172.62, 1.26165, -1175.06, -0.00378443, -0.00378443, -0.00378443, 0, -1.49181e+35, 0.025468, -1.10687, 0.0196142
136.051, 1.13065, -1176.65, 1.18704, -1176.71, 1.26167, -1179.15, -0.0037844, -0.00378438, -0.00378441, 0, -1.49181e+35, 0.0254689, -1.10691, 0.0196042
136.101, 1.13061, -1180.73, 1.187, -1180.8, 1.26163, -1183.23, -0.00378443, -0.0037844, -0.00378443, 0, -1.49181e+35, 0.0254672, -1.10684, 0.0195942
136.152, 1.13063, -1184.82, 1.18702, -1184.88, 1.26165, -1187.32, -0.00377937, -0.00377937, -0.00377937, 0, -1.49181e+35, 0.025468, -1.10687, 0.0195843
136.202, 1.13065, -1188.9, 1.18704, -1188.96, 1.26167, -1191.4, -0.00377934, -0.00377929, -0.0037793, 0, -1.49181e+35, 0.0254686, -1.10691, 0.0195743
136.252, 1.13061, -1192.98, 1.187, -1193.04, 1.26163, -1195.48, -0.00377934, -0.00377942, -0.00377938, 0, -1.49181e+35, 0.0254673, -1.10684, 0.0195644
136.303, 1.13063, -1197.06, 1.18702, -1197.12, 1.26164, -1199.56, -0.00377937, -0.00377939, -0.00377937, 0, -1.49181e+35, 0.025468, -1.10687, 0.0195545
136.353, 1.13065, -1201.14, 1.18704, -1201.21, 1.26167, -1203.64, -0.00377924, -0.00377935, -0.00377921, 0, -1.49181e+35, 0.0254689, -1.10691, 0.0195446
136.403, 1.13061, -1205.23, 1.187, -1205.29, 1.26162, -1207.72, -0.00377951, -0.00377943, -0.00377951, 0, -1.49181e+35, 0.0254676, -1.10683, 0.0195348
136.454, 1.13063, -1209.31, 1.18702, -1209.37, 1.26164, -1211.81, -0.00377937, -0.00377941, -0.00377937, 0, -1.49181e+35, 0.025468, -1.10687, 0.019525
136.504, 1.13065, -1213.39, 1.18704, -1213.45, 1.26167, -1215.89, -0.00377937, -0.00377933, -0.00377937, 0, -1.49181e+35, 0.0254692, -1.1069, 0.0195153
136.554, 1.13061, -1217.47, 1.187, -1217.53, 1.26162, -1219.97, -0.003775, -0.00377506, -0.00377498, 0, -1.49181e+35, 0.025467, -1.10683, 0.0195056
136.605, 1.13063, -1221.55, 1.18702, -1221.61, 1.26164, -1224.05, -0.00377431, -0.0037744, -0.00377431, 0, -1.49181e+35, 0.0254678, -1.10687, 0.019496
136.655, 1.13065, -1225.62, 1.18704, -1225.68, 1.26166, -1228.12, -0.00377415, -0.00377426, -0.00377415, 0, -1.49181e+35, 0.0254685, -1.1069, 0.0194864
136.705, 1.13061, -1229.7, 1.187, -1229.76, 1.26162, -1232.2, -0.00377434, -0.00377424, -0.00377436, 0, -1.49181e+35, 0.0254672, -1.10683, 0.0194769
136.756, 1.13062, -1233.77, 1.18701, -1233.84, 1.26164, -1236.27, -0.00377431, -0.00377432, -0.00377431, 0, -1.49181e+35, 0.0254678, -1.10686, 0.0194675
136.806, 1.13064, -1237.85, 1.18704, -1237.91, 1.26166, -1240.35, -0.00377415, -0.00377428, -0.00377435, 0, -1.49181e+35, 0.0254688, -1.1069, 0.0194581
136.857, 1.13061, -1241.93, 1.187, -1241.99, 1.26162, -1244.43, -0.00377428, -0.0037744, -0.00377428, 0, -1.49181e+35, 0.0254669, -1.10683, 0.0194488
136.907, 1.13062, -1246, 1.18701, -1246.07, 1.26164, -1248.5, -0.00377431, -0.00377436, -0.00377431, 0, -1.49181e+35, 0.0254676, -1.10686, 0.0194395
136.957, 1.13064, -1250.08, 1.18703, -1250.14, 1.26166, -1252.58, -0.00377431, -0.00377429, -0.00377431, 0, -1.49181e+35, 0.0254686, -1.1069, 0.0194303
137.001, 1.13064, -1253.59, 1.18703, -1253.65, 1.26166, -1256.08, -0.00377431, -0.00377428, -0.00377431, 0, -1.49181e+35, 0.0254686, -1.1069, 0.0194225
137.001, 1.13064, -1253.59, 1.18703, -1253.65, 1.26166, -1256.08, -0.00377431, -0.00377428, -0.00377431, 0, -1.49181e+35, 0.0254686, -1.1069, 0.0194224
137.051, 1.13061, -1257.66, 1.187, -1257.72, 1.26162, -1260.16, -0.00377427, -0.00377443, -0.00377443, 0, -1.49181e+35, 0.025467, -1.10683, 0.0194134
137.101, 1.13062, -1261.74, 1.18701, -1261.8, 1.26164, -1264.24, -0.00377433, -0.00377429, -0.00377433, 0, -1.49181e+35, 0.0254677, -1.10686, 0.0194045
137.152, 1.13064, -1265.81, 1.18703, -1265.88, 1.26166, -1268.31, -0.00377418, -0.00377431, -0.00377419, 0, -1.49181e+35, 0.0254685, -1.1069, 0.0193956
137.202, 1.13061, -1269.89, 1.187, -1269.95, 1.26162, -1272.39, -0.0037744, -0.00377443, -0.00377441, 0, -1.49181e+35, 0.0254669, -1.10683, 0.0193868
137.252, 1.13062, -1273.97, 1.18701, -1274.03, 1.26164, -1276.47, -0.00377433, -0.00377427, -0.00377433, 0, -1.49181e+35, 0.025468, -1.10686, 0.0193781
137.303, 1.13064, -1278.04, 1.18703, -1278.11, 1.26166, -1280.54, -0.00377416, -0.00377429, -0.00377416, 0, -1.49181e+35, 0.0254688, -1.10689, 0.0193694
137.353, 1.13061, -1282.12, 1.187, -1282.18, 1.26162, -1284.62, -0.00377445, -0.00377447, -0.00377445, 0, -1.49181e+35, 0.0254671, -1.10682, 0.0193609
137.403, 1.13062, -1286.2, 1.18701, -1286.26, 1.26164, -1288.69, -0.00377417, -0.00377427, -0.00377433, 0, -1.49181e+35, 0.0254675, -1.10685, 0.0193524
137.454, 1.13064, -1290.27, 1.18703, -1290.33, 1.26166, -1292.77, -0.00377434, -0.00377431, -0.0037742, 0, -1.49181e+35, 0.0254686, -1.10689, 0.019344
137.504, 1.13061, -1294.35, 1.18699, -1294.41, 1.26162, -1296.85, -0.00377444, -0.00377447, -0.00377444, 0, -1.49181e+35, 0.0254675, -1.10682, 0.0193358
137.554, 1.13062, -1298.42, 1.18701, -1298.49, 1.26164, -1300.92, -0.00377433, -0.00377421, -0.00377433, 0, -1.49181e+35, 0.0254675, -1.10685, 0.0193276
137.605, 1.13064, -1302.5, 1.18703, -1302.56, 1.26166, -1305, -0.00377435, -0.00377428, -0.00377419, 0, -1.49181e+35, 0.0254683, -1.10689, 0.0193195
137.655, 1.1306, -1306.58, 1.18699, -1306.64, 1.26162, -1309.08, -0.00377442, -0.00377447, -0.00377442, 0, -1.49181e+35, 0.0254663, -1.10682, 0.0193115
137.706, 1.13062, -1310.65, 1.18701, -1310.72, 1.26163, -1313.15, -0.00377432, -0.00377427, -0.00377432, 0, -1.49181e+35, 0.025468, -1.10685, 0.0193036
137.756, 1.13064, -1314.73, 1.18703, -1314.79, 1.26165, -1317.23, -0.00377438, -0.0037743, -0.00377438, 0, -1.49181e+35, 0.0254683, -1.10688, 0.0192958
137.806, 1.13058, -1318.81, 1.18697, -1318.87, 1.26159, -1321.3, -0.0037743, -0.00377431, -0.00377429, 0, -1.49181e+35, 0.0254661, -1.10677, 0.0192881
137.857, 1.13062, -1322.88, 1.18701, -1322.94, 1.26163, -1325.38, -0.00377433, -0.00377445, -0.00377434, 0, -1.49181e+35, 0.0254674, -1.10685, 0.0192804
137.907, 1.13064, -1326.96, 1.18703, -1327.02, 1.26165, -1329.46, -0.00377429, -0.00377429, -0.0037743, 0, -1.49181e+35, 0.0254682, -1.10688, 0.0192729
137.957, 1.13058, -1331.03, 1.18696, -1331.1, 1.26159, -1333.53, -0.00377431, -0.00377431, -0.00377423, 0, -1.49181e+35, 0.0254656, -1.10677, 0.0192656
138.001, 1.13058, -1334.54, 1.18696, -1334.6, 1.26159, -1337.04, -0.00377431, -0.00377431, -0.00377433, 0, -1.49181e+35, 0.0254657, -1.10677, 0.0192593
138.001, 1.13058, -1334.54, 1.18696, -1334.6, 1.26159, -1337.04, -0.00377431, -0.00377431, -0.00377433, 0, -1.49181e+35, 0.0254657, -1.10677, 0.0192592
138.051, 1.13062, -1338.62, 1.18701, -1338.68, 1.26163, -1341.11, -0.00377432, -0.00377432, -0.00377432, 0, -1.49181e+35, 0.0254673, -1.10685, 0.0192521
138.101, 1.13064, -1342.69, 1.18703, -1342.75, 1.26165, -1345.19, -0.00377429, -0.00377428, -0.00377429, 0, -1.49181e+35, 0.0254682, -1.10688, 0.019245
138.152, 1.13066, -1346.77, 1.18705, -1346.83, 1.26167, -1349.27, -0.00377431, -0.00377431, -0.00377431, 0, -1.49181e+35, 0.0254693, -1.10692, 0.019238
138.202, 1.13062, -1350.84, 1.18701, -1350.91, 1.26163, -1353.34, -0.00377432, -0.00377432, -0.00377432, 0, -1.49181e+35, 0.0254674, -1.10684, 0.019231
138.252, 1.13063, -1354.92, 1.18702, -1354.98, 1.26165, -1357.42, -0.00377429, -0.00377427, -0.0037743, 0, -1.49181e+35, 0.0254682, -1.10688, 0.0192243
138.303, 1.13065, -1359, 1.18705, -1359.06, 1.26167, -1361.5, -0.00377431, -0.0037743, -0.00377431, 0, -1.49181e+35, 0.025469, -1.10692, 0.0192176
138.353, 1.13062, -1363.07, 1.18701, -1363.14, 1.26163, -1365.57, -0.00377432, -0.00377432, -0.00377433, 0, -1.49181e+35, 0.0254673, -1.10684, 0.019211
138.403, 1.13063, -1367.15, 1.18702, -1367.21, 1.26165, -1369.65, -0.00377429, -0.00377425, -0.00377428, 0, -1.49181e+35, 0.0254682, -1.10688, 0.0192045
138.454, 1.13065, -1371.23, 1.18705, -1371.29, 1.26167, -1373.73, -0.00377431, -0.00377431, -0.00377431, 0, -1.49181e+35, 0.0254689, -1.10692, 0.0191981
138.504, 1.13062, -1375.3, 1.187, -1375.36, 1.26163, -1377.8, -0.00377434, -0.00377434, -0.00377426, 0, -1.49181e+35, 0.0254674, -1.10684, 0.0191919
138.554, 1.13063, -1379.38, 1.18702, -1379.44, 1.26165, -1381.88, -0.0037743, -0.00377426, -0.0037743, 0, -1.49181e+35, 0.0254679, -1.10687, 0.0191857
138.605, 1.13065, -1383.46, 1.18704, -1383.52, 1.26167, -1385.96, -0.00377933, -0.0037793, -0.00377931, 0, -1.49181e+35, 0.0254695, -1.10691, 0.0191797
138.655, 1.13061, -1387.54, 1.187, -1387.6, 1.26163, -1390.04, -0.00377935, -0.00377932, -0.00377931, 0, -1.49181e+35, 0.0254676, -1.10684, 0.0191737
138.706, 1.13063, -1391.62, 1.18702, -1391.68, 1.26165, -1394.12, -0.00377935, -0.00377933, -0.00377935, 0, -1.49181e+35, 0.0254686, -1.10687, 0.0191679
138.756, 1.13065, -1395.7, 1.18704, -1395.77, 1.26167, -1398.2, -0.00377937, -0.00377935, -0.00377937, 0, -1.49181e+35, 0.0254691, -1.10691, 0.0191622
138.806, 1.13061, -1399.79, 1.187, -1399.85, 1.26163, -1402.28, -0.00377937, -0.00377939, -0.00377938, 0, -1.49181e+35, 0.0254669, -1.10684, 0.0191566
138.857, 1.13063, -1403.87, 1.18702, -1403.93, 1.26164, -1406.37, -0.00377935, -0.00377933, -0.00377935, 0, -1.49181e+35, 0.0254673, -1.10687, 0.0191511
138.907, 1.13065, -1407.95, 1.18704, -1408.01, 1.26167, -1410.45, -0.00377934, -0.00377936, -0.00377938, 0, -1.49181e+35, 0.0254687, -1.10691, 0.0191457
138.957, 1.13061, -1412.03, 1.187, -1412.09, 1.26163, -1414.53, -0.00377939, -0.00377939, -0.00377939, 0, -1.49181e+35, 0.0254669, -1.10683, 0.0191404
139.001, 1.13061, -1415.54, 1.187, -1415.6, 1.26163, -1418.04, -0.00377941, -0.0037794, -0.00377937, 0, -1.49181e+35, 0.0254674, -1.10684, 0.0191359
139.001, 1.13061, -1415.54, 1.187, -1415.6, 1.26163, -1418.04, -0.00377941, -0.0037794, -0.00377937, 0, -1.49181e+35, 0.0254674, -1.10684, 0.0191359
139.051, 1.13063, -1419.62, 1.18702, -1419.69, 1.26164, -1422.12, -0.00377935, -0.00377936, -0.00377935, 0, -1.49181e+35, 0.0254683, -1.10687, 0.0191308
139.101, 1.13065, -1423.7, 1.18704, -1423.77, 1.26167, -1426.2, -0.00377933, -0.00377935, -0.00377933, 0, -1.49181e+35, 0.0254687, -1.10691, 0.0191258
139.152, 1.13061, -1427.79, 1.187, -1427.85, 1.26162, -1430.29, -0.00378443, -0.00378443, -0.00378443, 0, -1.49181e+35, 0.0254672, -1.10683, 0.019121
139.202, 1.13063, -1431.88, 1.18702, -1431.94, 1.26164, -1434.37, -0.00378443, -0.00378443, -0.00378443, 0, -1.49181e+35, 0.0254679, -1.10687, 0.0191162
139.252, 1.13065, -1435.96, 1.18704, -1436.03, 1.26166, -1438.46, -0.00378441, -0.00378442, -0.00378442, 0, -1.49181e+35, 0.0254688, -1.10691, 0.0191115
139.303, 1.13061, -1440.05, 1.187, -1440.11, 1.26162, -1442.55, -0.00378447, -0.00378447, -0.00378447, 0, -1.49181e+35, 0.0254671, -1.10683, 0.019107
139.353, 1.13063, -1444.14, 1.18702, -1444.2, 1.26164, -1446.64, -0.00378442, -0.00378442, -0.00378442, 0, -1.49181e+35, 0.0254679, -1.10687, 0.0191025
139.403, 1.13065, -1448.22, 1.18704, -1448.29, 1.26166, -1450.72, -0.0037844, -0.00378441, -0.00378441, 0, -1.49181e+35, 0.0254687, -1.1069, 0.0190982
139.454, 1.13061, -1452.31, 1.187, -1452.37, 1.26162, -1454.81, -0.00378446, -0.00378447, -0.00378445, 0, -1.49181e+35, 0.0254671, -1.10683, 0.0190939
139.504, 1.13063, -1456.4, 1.18702, -1456.46, 1.26164, -1458.9, -0.00378442, -0.0037844, -0.00378442, 0, -1.49181e+35, 0.0254678, -1.10686, 0.0190898
139.555, 1.13064, -1460.49, 1.18704, -1460.55, 1.26166, -1462.98, -0.00378443, -0.00378442, -0.00378443, 0, -1.49181e+35, 0.0254686, -1.1069, 0.0190858
139.605, 1.13061, -1464.58, 1.187, -1464.64, 1.26162, -1467.07, -0.00378951, -0.0037895, -0.00378951, 0, -1.49181e+35, 0.0254666, -1.10683, 0.0190819
139.655, 1.13062, -1468.67, 1.18701, -1468.73, 1.26164, -1471.17, -0.00378951, -0.00378948, -0.00378953, 0, -1.49181e+35, 0.0254677, -1.10686, 0.019078
139.706, 1.13064, -1472.76, 1.18703, -1472.82, 1.26166, -1475.26, -0.00378948, -0.00378946, -0.00378948, 0, -1.49181e+35, 0.0254687, -1.1069, 0.0190743
139.756, 1.13061, -1476.85, 1.187, -1476.92, 1.26162, -1479.35, -0.00378958, -0.0037896, -0.00378958, 0, -1.49181e+35, 0.0254672, -1.10683, 0.0190707
139.806, 1.13062, -1480.95, 1.18701, -1481.01, 1.26164, -1483.45, -0.00378952, -0.00378954, -0.00378952, 0, -1.49181e+35, 0.0254678, -1.10686, 0.0190672
139.857, 1.13064, -1485.04, 1.18703, -1485.1, 1.26166, -1487.54, -0.00378946, -0.00378945, -0.00378946, 0, -1.49181e+35, 0.0254683, -1.1069, 0.0190638
139.907, 1.13061, -1489.13, 1.187, -1489.19, 1.26162, -1491.63, -0.00378958, -0.00378958, -0.00378955, 0, -1.49181e+35, 0.0254667, -1.10682, 0.0190605
139.957, 1.13062, -1493.22, 1.18701, -1493.29, 1.26164, -1495.72, -0.00378946, -0.00378942, -0.00378943, 0, -1.49181e+35, 0.0254677, -1.10686, 0.0190573
140.001, 1.13062, -1496.74, 1.18701, -1496.81, 1.26164, -1499.24, -0.00379424, -0.00379423, -0.00379423, 0, -1.49181e+35, 0.0254676, -1.10686, 0.0190546
140.001, 1.13062, -1496.74, 1.18701, -1496.81, 1.26164, -1499.24, -0.00379424, -0.00379423, -0.00379423, 0, -1.49181e+35, 0.0254676, -1.10686, 0.0190546
140.051, 1.13064, -1500.84, 1.18703, -1500.91, 1.26166, -1503.34, -0.00379454, -0.00379454, -0.00379452, 0, -1.49181e+35, 0.0254684, -1.10689, 0.0190516
140.101, 1.13061, -1504.94, 1.187, -1505, 1.26162, -1507.44, -0.00379475, -0.00379472, -0.00379475, 0, -1.49181e+35, 0.0254664, -1.10682, 0.0190487
140.152, 1.13062, -1509.04, 1.18701, -1509.1, 1.26164, -1511.54, -0.00379452, -0.00379448, -0.00379452, 0, -1.49181e+35, 0.0254682, -1.10686, 0.0190458
140.202, 1.13064, -1513.14, 1.18703, -1513.2, 1.26166, -1515.64, -0.00379453, -0.00379451, -0.00379454, 0, -1.49181e+35, 0.0254688, -1.10689, 0.0190431
140.252, 1.13061, -1517.24, 1.18699, -1517.3, 1.26162, -1519.73, -0.00379472, -0.0037947, -0.00379471, 0, -1.49181e+35, 0.0254669, -1.10682, 0.0190405
140.303, 1.13062, -1521.33, 1.18701, -1521.4, 1.26164, -1523.83, -0.00379456, -0.00379456, -0.00379458, 0, -1.49181e+35, 0.0254677, -1.10685, 0.0190379
140.353, 1.13064, -1525.43, 1.18703, -1525.49, 1.26166, -1527.93, -0.00379453, -0.00379453, -0.00379453, 0, -1.49181e+35, 0.0254684, -1.10689, 0.0190355
140.403, 1.1306, -1529.53, 1.18699, -1529.6, 1.26162, -1532.03, -0.00379976, -0.00379976, -0.00379977, 0, -1.49181e+35, 0.0254668, -1.10682, 0.0190331
140.454, 1.13062, -1533.64, 1.18701, -1533.7, 1.26163, -1536.14, -0.00379962, -0.00379962, -0.00379962, 0, -1.49181e+35, 0.0254675, -1.10685, 0.0190309
140.504, 1.13064, -1537.74, 1.18703, -1537.8, 1.26165, -1540.24, -0.0037996, -0.00379958, -0.0037996, 0, -1.49181e+35, 0.0254683, -1.10688, 0.0190287
140.555, 1.13058, -1541.84, 1.18697, -1541.91, 1.26159, -1544.34, -0.00379953, -0.00379961, -0.00379953, 0, -1.49181e+35, 0.0254654, -1.10677, 0.0190267
140.605, 1.13062, -1545.95, 1.18701, -1546.01, 1.26163, -1548.45, -0.00379962, -0.00379962, -0.00379954, 0, -1.49181e+35, 0.0254676, -1.10685, 0.0190247
140.655, 1.13064, -1550.05, 1.18703, -1550.11, 1.26165, -1552.55, -0.0037996, -0.00379958, -0.00379959, 0, -1.49181e+35, 0.0254681, -1.10688, 0.0190228
140.706, 1.13058, -1554.15, 1.18696, -1554.22, 1.26159, -1556.65, -0.00379962, -0.0037996, -0.00379958, 0, -1.49181e+35, 0.0254658, -1.10677, 0.019021
140.756, 1.13062, -1558.26, 1.18701, -1558.32, 1.26163, -1560.76, -0.00380467, -0.00380463, -0.00380467, 0, -1.49181e+35, 0.0254673, -1.10685, 0.0190193
140.806, 1.13063, -1562.37, 1.18703, -1562.43, 1.26165, -1564.87, -0.00380452, -0.00380466, -0.00380458, 0, -1.49181e+35, 0.0254681, -1.10688, 0.0190177
140.857, 1.13066, -1566.48, 1.18705, -1566.54, 1.26167, -1568.98, -0.00380462, -0.00380467, -0.00380462, 0, -1.49181e+35, 0.0254694, -1.10692, 0.0190162
140.907, 1.13062, -1570.59, 1.18701, -1570.65, 1.26163, -1573.09, -0.0038047, -0.00380465, -0.0038047, 0, -1.49181e+35, 0.0254672, -1.10684, 0.0190147
140.957, 1.13063, -1574.7, 1.18702, -1574.76, 1.26165, -1577.2, -0.00380467, -0.00380464, -0.00380467, 0, -1.49181e+35, 0.0254678, -1.10688, 0.0190133
141.001, 1.13063, -1578.23, 1.18702, -1578.29, 1.26165, -1580.73, -0.00380467, -0.00380464, -0.00380467, 0, -1.49181e+35, 0.0254679, -1.10688, 0.0190122
141.001, 1.13063, -1578.23, 1.18702, -1578.29, 1.26165, -1580.73, -0.00380467, -0.00380464, -0.00380467, 0, -1.49181e+35, 0.0254679, -1.10688, 0.0190122
141.051, 1.13065, -1582.34, 1.18705, -1582.4, 1.26167, -1584.84, -0.0038046, -0.00380467, -0.00380464, 0, -1.49181e+35, 0.0254691, -1.10692, 0.019011
141.101, 1.13062, -1586.45, 1.18701, -1586.51, 1.26163, -1588.95, -0.00380856, -0.00380849, -0.00380855, 0, -1.49181e+35, 0.025467, -1.10684, 0.0190099
141.152, 1.13063, -1590.56, 1.18702, -1590.63, 1.26165, -1593.06, -0.00380977, -0.00380971, -0.00380961, 0, -1.49181e+35, 0.0254681, -1.10688, 0.0190089
141.202, 1.13065, -1594.68, 1.18705, -1594.74, 1.26167, -1597.18, -0.00380969, -0.00380973, -0.00380985, 0, -1.49181e+35, 0.0254687, -1.10692, 0.0190079
141.252, 1.13062, -1598.79, 1.187, -1598.86, 1.26163, -1601.29, -0.00380975, -0.00380968, -0.00380977, 0, -1.49181e+35, 0.0254672, -1.10684, 0.019007
141.303, 1.13063, -1602.91, 1.18702, -1602.97, 1.26165, -1605.41, -0.00380973, -0.00380968, -0.00380973, 0, -1.49181e+35, 0.0254684, -1.10688, 0.0190062
141.353, 1.13065, -1607.02, 1.18704, -1607.08, 1.26167, -1609.52, -0.00380968, -0.00380973, -0.00380967, 0, -1.49181e+35, 0.025469, -1.10691, 0.0190055
141.404, 1.13061, -1611.14, 1.187, -1611.2, 1.26163, -1613.64, -0.00380976, -0.00380969, -0.00380976, 0, -1.49181e+35, 0.0254671, -1.10684, 0.0190048
141.454, 1.13063, -1615.25, 1.18702, -1615.31, 1.26165, -1617.75, -0.00380973, -0.00380971, -0.00380973, 0, -1.49181e+35, 0.025468, -1.10687, 0.0190043
141.504, 1.13065, -1619.37, 1.18704, -1619.43, 1.26167, -1621.87, -0.00381474, -0.00381479, -0.00381478, 0, -1.49181e+35, 0.0254689, -1.10691, 0.0190038
141.555, 1.13061, -1623.49, 1.187, -1623.55, 1.26163, -1625.99, -0.00381484, -0.00381477, -0.00381484, 0, -1.49181e+35, 0.0254671, -1.10684, 0.0190033
141.605, 1.13063, -1627.61, 1.18702, -1627.67, 1.26164, -1630.11, -0.00381474, -0.00381478, -0.00381475, 0, -1.49181e+35, 0.0254679, -1.10687, 0.019003
141.655, 1.13065, -1631.73, 1.18704, -1631.79, 1.26167, -1634.23, -0.00381478, -0.00381479, -0.00381478, 0, -1.49181e+35, 0.025469, -1.10691, 0.0190027
141.706, 1.13061, -1635.85, 1.187, -1635.91, 1.26163, -1638.35, -0.00381485, -0.00381476, -0.00381485, 0, -1.49181e+35, 0.0254672, -1.10683, 0.0190025
141.756, 1.13063, -1639.97, 1.18702, -1640.03, 1.26164, -1642.47, -0.00381468, -0.00381478, -0.00381468, 0, -1.49181e+35, 0.0254681, -1.10687, 0.0190023
141.806, 1.13065, -1644.09, 1.18704, -1644.15, 1.26167, -1646.59, -0.00381477, -0.00381463, -0.00381478, 0, -1.49181e+35, 0.0254686, -1.10691, 0.0190022
141.857, 1.13061, -1648.21, 1.187, -1648.28, 1.26162, -1650.71, -0.00381991, -0.00381982, -0.00381995, 0, -1.49181e+35, 0.0254676, -1.10683, 0.0190022
141.907, 1.13063, -1652.34, 1.18702, -1652.4, 1.26164, -1654.84, -0.00381974, -0.00381984, -0.00381975, 0, -1.49181e+35, 0.0254682, -1.10687, 0.0190023
141.957, 1.13065, -1656.46, 1.18704, -1656.53, 1.26166, -1658.96, -0.00381977, -0.00381985, -0.00381979, 0, -1.49181e+35, 0.0254685, -1.1069, 0.0190024
142.001, 1.13065, -1660.01, 1.18704, -1660.08, 1.26166, -1662.51, -0.00381982, -0.00381985, -0.00381982, 0, -1.49181e+35, 0.0254687, -1.10691, 0.0190025
142.001, 1.13065, -1660.01, 1.18704, -1660.08, 1.26166, -1662.51, -0.00381982, -0.00381985, -0.00381982, 0, -1.49181e+35, 0.0254687, -1.10691, 0.0190025
142.051, 1.13061, -1664.14, 1.187, -1664.2, 1.26162, -1666.64, -0.00381993, -0.00381984, -0.00381993, 0, -1.49181e+35, 0.0254672, -1.10683, 0.0190028
142.101, 1.13063, -1668.26, 1.18702, -1668.33, 1.26164, -1670.76, -0.00381974, -0.00381985, -0.00381978, 0, -1.49181e+35, 0.0254676, -1.10686, 0.0190031
142.152, 1.13065, -1672.39, 1.18704, -1672.45, 1.26166, -1674.89, -0.00381984, -0.00381985, -0.00381984, 0, -1.49181e+35, 0.0254689, -1.1069, 0.0190034
142.202, 1.13061, -1676.51, 1.187, -1676.58, 1.26162, -1679.01, -0.00381997, -0.00381984, -0.00381993, 0, -1.49181e+35, 0.0254668, -1.10683, 0.0190038
142.252, 1.13063, -1680.65, 1.18702, -1680.71, 1.26164, -1683.14, -0.00382503, -0.00382491, -0.00382487, 0, -1.49181e+35, 0.0254679, -1.10686, 0.0190043
142.303, 1.13064, -1684.78, 1.18704, -1684.84, 1.26166, -1687.28, -0.00382489, -0.00382491, -0.00382487, 0, -1.49181e+35, 0.0254686, -1.1069, 0.0190049
142.353, 1.13061, -1688.91, 1.187, -1688.97, 1.26162, -1691.41, -0.00382493, -0.003825, -0.003825, 0, -1.49181e+35, 0.0254668, -1.10683, 0.0190054
142.404, 1.13062, -1693.04, 1.18701, -1693.1, 1.26164, -1695.54, -0.00382491, -0.00382491, -0.00382491, 0, -1.49181e+35, 0.0254678, -1.10686, 0.0190061
142.454, 1.13064, -1697.17, 1.18703, -1697.23, 1.26166, -1699.67, -0.00382483, -0.0038249, -0.00382493, 0, -1.49181e+35, 0.0254683, -1.1069, 0.0190068
142.504, 1.13061, -1701.3, 1.187, -1701.36, 1.26162, -1703.8, -0.00382494, -0.00382502, -0.00382494, 0, -1.49181e+35, 0.0254672, -1.10683, 0.0190075
142.555, 1.13062, -1705.43, 1.18701, -1705.49, 1.26164, -1707.93, -0.00382491, -0.0038249, -0.00382491, 0, -1.49181e+35, 0.0254677, -1.10686, 0.0190083
142.605, 1.13064, -1709.56, 1.18703, -1709.63, 1.26166, -1712.06, -0.00382871, -0.00382876, -0.00382871, 0, -1.49181e+35, 0.0254685, -1.10689, 0.0190092
142.655, 1.13061, -1713.7, 1.187, -1713.76, 1.26162, -1716.2, -0.00382999, -0.00383007, -0.00382999, 0, -1.49181e+35, 0.0254669, -1.10682, 0.0190101
142.706, 1.13062, -1717.84, 1.18701, -1717.9, 1.26164, -1720.33, -0.00382997, -0.00382996, -0.00382997, 0, -1.49181e+35, 0.0254675, -1.10686, 0.0190111
142.756, 1.13064, -1721.97, 1.18703, -1722.03, 1.26166, -1724.47, -0.00382998, -0.00382996, -0.00382998, 0, -1.49181e+35, 0.0254684, -1.10689, 0.0190121
142.806, 1.13061, -1726.11, 1.18699, -1726.17, 1.26162, -1728.61, -0.00383012, -0.00383011, -0.00383011, 0, -1.49181e+35, 0.025467, -1.10682, 0.0190131
142.857, 1.13062, -1730.24, 1.18701, -1730.31, 1.26164, -1732.74, -0.00382997, -0.00382994, -0.00382997, 0, -1.49181e+35, 0.0254673, -1.10685, 0.0190142
142.907, 1.13064, -1734.38, 1.18703, -1734.44, 1.26166, -1736.88, -0.00382989, -0.00382996, -0.0038299, 0, -1.49181e+35, 0.0254684, -1.10689, 0.0190154
142.957, 1.1306, -1738.52, 1.18699, -1738.58, 1.26162, -1741.02, -0.0038301, -0.00383008, -0.00383011, 0, -1.49181e+35, 0.0254671, -1.10682, 0.0190165
143.001, 1.1306, -1742.07, 1.18699, -1742.14, 1.26162, -1744.57, -0.00383009, -0.00383006, -0.0038301, 0, -1.49181e+35, 0.025467, -1.10682, 0.0190176
143.001, 1.1306, -1742.07, 1.18699, -1742.14, 1.26162, -1744.57, -0.00383009, -0.00383006, -0.0038301, 0, -1.49181e+35, 0.025467, -1.10682, 0.0190176
143.051, 1.13062, -1746.21, 1.18701, -1746.28, 1.26164, -1748.71, -0.00383504, -0.00383503, -0.00383505, 0, -1.49181e+35, 0.0254678, -1.10685, 0.0190189
143.101, 1.13064, -1750.36, 1.18703, -1750.42, 1.26166, -1752.85, -0.00383503, -0.00383502, -0.00383499, 0, -1.49181e+35, 0.0254688, -1.10689, 0.0190202
143.152, 1.13058, -1754.5, 1.18697, -1754.56, 1.26159, -1757, -0.003835, -0.00383497, -0.00383499, 0, -1.49181e+35, 0.0254661, -1.10677, 0.0190215
143.202, 1.13062, -1758.64, 1.18701, -1758.7, 1.26163, -1761.14, -0.00383494, -0.00383497, -0.00383498, 0, -1.49181e+35, 0.0254669, -1.10685, 0.0190229
143.253, 1.13064, -1762.78, 1.18703, -1762.84, 1.26165, -1765.28, -0.00383505, -0.00383502, -0.00383503, 0, -1.49181e+35, 0.025468, -1.10688, 0.0190243
143.303, 1.13058, -1766.92, 1.18697, -1766.99, 1.26159, -1769.42, -0.00383498, -0.00383501, -0.00383498, 0, -1.49181e+35, 0.0254654, -1.10677, 0.0190257
143.353, 1.13062, -1771.06, 1.18701, -1771.13, 1.26163, -1773.56, -0.003835, -0.003835, -0.00383502, 0, -1.49181e+35, 0.0254676, -1.10685, 0.0190272
143.404, 1.13064, -1775.21, 1.18703, -1775.27, 1.26165, -1777.71, -0.00383503, -0.00383502, -0.003835, 0, -1.49181e+35, 0.025468, -1.10688, 0.0190288
143.454, 1.13058, -1779.35, 1.18696, -1779.41, 1.26159, -1781.85, -0.00383502, -0.00383499, -0.003835, 0, -1.49181e+35, 0.0254659, -1.10677, 0.0190303
143.504, 1.13062, -1783.49, 1.18701, -1783.56, 1.26163, -1785.99, -0.00384004, -0.00384005, -0.00384005, 0, -1.49181e+35, 0.0254674, -1.10684, 0.0190319
143.555, 1.13063, -1787.64, 1.18703, -1787.7, 1.26165, -1790.14, -0.00384009, -0.00384009, -0.00384008, 0, -1.49181e+35, 0.025468, -1.10688, 0.0190336
143.605, 1.13066, -1791.79, 1.18705, -1791.85, 1.26167, -1794.29, -0.00384006, -0.00384006, -0.00384005, 0, -1.49181e+35, 0.0254693, -1.10692, 0.0190352
143.655, 1.13062, -1795.93, 1.18701, -1796, 1.26163, -1798.43, -0.00384009, -0.00384009, -0.00384009, 0, -1.49181e+35, 0.0254673, -1.10684, 0.0190369
143.706, 1.13063, -1800.08, 1.18702, -1800.14, 1.26165, -1802.58, -0.00384006, -0.00384006, -0.00384006, 0, -1.49181e+35, 0.0254682, -1.10688, 0.0190386
143.756, 1.13065, -1804.23, 1.18705, -1804.29, 1.26167, -1806.73, -0.00384007, -0.00384007, -0.00384007, 0, -1.49181e+35, 0.0254691, -1.10692, 0.0190403
143.806, 1.13062, -1808.38, 1.18701, -1808.44, 1.26163, -1810.88, -0.00384008, -0.00384008, -0.00384008, 0, -1.49181e+35, 0.0254673, -1.10684, 0.0190421
143.857, 1.13063, -1812.52, 1.18702, -1812.59, 1.26165, -1815.02, -0.00384005, -0.00384007, -0.00384005, 0, -1.49181e+35, 0.0254683, -1.10688, 0.0190438
143.907, 1.13065, -1816.67, 1.18704, -1816.73, 1.26167, -1819.17, -0.00384008, -0.00384011, -0.0038401, 0, -1.49181e+35, 0.0254692, -1.10692, 0.0190456
143.957, 1.13061, -1820.82, 1.187, -1820.88, 1.26163, -1823.32, -0.00384008, -0.00384009, -0.0038401, 0, -1.49181e+35, 0.0254671, -1.10684, 0.0190475
144.001, 1.13062, -1824.38, 1.187, -1824.45, 1.26163, -1826.88, -0.0038401, -0.00384009, -0.00384008, 0, -1.49181e+35, 0.025467, -1.10684, 0.0190491
144.001, 1.13062, -1824.38, 1.187, -1824.45, 1.26163, -1826.88, -0.0038401, -0.00384009, -0.00384008, 0, -1.49181e+35, 0.025467, -1.10684, 0.0190491
144.051, 1.13063, -1828.54, 1.18702, -1828.6, 1.26165, -1831.04, -0.00384511, -0.0038451, -0.00384509, 0, -1.49181e+35, 0.0254684, -1.10688, 0.0190509
144.101, 1.13065, -1832.69, 1.18704, -1832.75, 1.26167, -1835.19, -0.00384511, -0.00384508, -0.00384511, 0, -1.49181e+35, 0.0254694, -1.10692, 0.0190528
144.152, 1.13061, -1836.84, 1.187, -1836.91, 1.26163, -1839.34, -0.00384516, -0.00384516, -0.00384513, 0, -1.49181e+35, 0.0254669, -1.10684, 0.0190547
144.202, 1.13063, -1841, 1.18702, -1841.06, 1.26165, -1843.49, -0.00384515, -0.00384518, -0.00384514, 0, -1.49181e+35, 0.0254679, -1.10687, 0.0190566
144.253, 1.13065, -1845.15, 1.18704, -1845.21, 1.26167, -1847.65, -0.00384508, -0.00384507, -0.00384513, 0, -1.49181e+35, 0.0254686, -1.10691, 0.0190586
144.303, 1.13061, -1849.3, 1.187, -1849.36, 1.26163, -1851.8, -0.00384517, -0.00384517, -0.00384518, 0, -1.49181e+35, 0.0254675, -1.10684, 0.0190606
144.353, 1.13063, -1853.45, 1.18702, -1853.52, 1.26164, -1855.95, -0.00384515, -0.00384516, -0.00384516, 0, -1.49181e+35, 0.0254681, -1.10687, 0.0190626
144.404, 1.13065, -1857.61, 1.18704, -1857.67, 1.26167, -1860.11, -0.00384511, -0.00384509, -0.00384511, 0, -1.49181e+35, 0.0254689, -1.10691, 0.0190646
144.454, 1.13061, -1861.76, 1.187, -1861.82, 1.26163, -1864.26, -0.00384516, -0.00384516, -0.00384516, 0, -1.49181e+35, 0.0254668, -1.10683, 0.0190666
144.504, 1.13063, -1865.91, 1.18702, -1865.97, 1.26164, -1868.41, -0.00384515, -0.00384514, -0.00384514, 0, -1.49181e+35, 0.0254683, -1.10687, 0.0190686
144.555, 1.13065, -1870.06, 1.18704, -1870.13, 1.26167, -1872.56, -0.00384509, -0.00384511, -0.00384512, 0, -1.49181e+35, 0.0254689, -1.10691, 0.0190707
144.605, 1.13061, -1874.22, 1.187, -1874.28, 1.26162, -1876.72, -0.00384516, -0.00384511, -0.00384515, 0, -1.49181e+35, 0.025467, -1.10683, 0.0190728
144.655, 1.13063, -1878.37, 1.18702, -1878.43, 1.26164, -1880.87, -0.00384514, -0.00384513, -0.00384514, 0, -1.49181e+35, 0.0254678, -1.10687, 0.0190748
144.706, 1.13065, -1882.52, 1.18704, -1882.59, 1.26166, -1885.02, -0.00384511, -0.00384516, -0.00384511, 0, -1.49181e+35, 0.025469, -1.1069, 0.0190769
144.756, 1.13061, -1886.68, 1.187, -1886.74, 1.26162, -1889.17, -0.00384517, -0.00384514, -0.00384517, 0, -1.49181e+35, 0.0254671, -1.10683, 0.019079
144.806, 1.13063, -1890.83, 1.18702, -1890.89, 1.26164, -1893.33, -0.00384515, -0.00384514, -0.00384515, 0, -1.49181e+35, 0.0254679, -1.10686, 0.0190811
144.857, 1.13065, -1894.98, 1.18704, -1895.04, 1.26166, -1897.48, -0.0038451, -0.00384514, -0.0038451, 0, -1.49181e+35, 0.0254687, -1.1069, 0.0190832
144.907, 1.13061, -1899.13, 1.187, -1899.2, 1.26162, -1901.63, -0.00384517, -0.00384516, -0.00384517, 0, -1.49181e+35, 0.025467, -1.10683, 0.0190854
144.958, 1.13063, -1903.29, 1.18702, -1903.35, 1.26164, -1905.79, -0.00384515, -0.00384514, -0.00384515, 0, -1.49181e+35, 0.0254679, -1.10686, 0.0190875
145.001, 1.13063, -1906.86, 1.18702, -1906.92, 1.26164, -1909.36, -0.00384514, -0.00384514, -0.00384514, 0, -1.49181e+35, 0.025468, -1.10686, 0.0190893
145.001, 1.13063, -1906.86, 1.18702, -1906.92, 1.26164, -1909.36, -0.00384514, -0.00384514, -0.00384514, 0, -1.49181e+35, 0.025468, -1.10686, 0.0190893
145.051, 1.13065, -1911.02, 1.18704, -1911.08, 1.26166, -1913.52, -0.00385524, -0.00385518, -0.00385518, 0, -1.49181e+35, 0.0254685, -1.1069, 0.0190914
145.102, 1.13061, -1915.19, 1.187, -1915.25, 1.26162, -1917.68, -0.00385535, -0.00385526, -0.00385535, 0, -1.49181e+35, 0.0254668, -1.10683, 0.0190936
145.152, 1.13062, -1919.35, 1.18701, -1919.41, 1.26164, -1921.85, -0.00385512, -0.00385527, -0.00385516, 0, -1.49181e+35, 0.0254678, -1.10686, 0.0190957
145.202, 1.13064, -1923.51, 1.18703, -1923.58, 1.26166, -1926.01, -0.00385523, -0.00385526, -0.00385523, 0, -1.49181e+35, 0.0254686, -1.1069, 0.0190979
145.253, 1.13061, -1927.68, 1.187, -1927.74, 1.26162, -1930.18, -0.00385537, -0.00385522, -0.00385537, 0, -1.49181e+35, 0.0254672, -1.10683, 0.0191
145.303, 1.13062, -1931.84, 1.18701, -1931.9, 1.26164, -1934.34, -0.0038552, -0.00385526, -0.00385516, 0, -1.49181e+35, 0.0254675, -1.10686, 0.0191022
145.353, 1.13064, -1936, 1.18703, -1936.07, 1.26166, -1938.5, -0.00385525, -0.00385526, -0.00385524, 0, -1.49181e+35, 0.0254688, -1.10689, 0.0191043
145.404, 1.13061, -1940.17, 1.187, -1940.23, 1.26162, -1942.67, -0.00385538, -0.00385522, -0.00385538, 0, -1.49181e+35, 0.0254666, -1.10682, 0.0191065
145.454, 1.13062, -1944.33, 1.18701, -1944.39, 1.26164, -1946.83, -0.00385535, -0.00385526, -0.00385535, 0, -1.49181e+35, 0.0254678, -1.10685, 0.0191087
145.504, 1.13064, -1948.5, 1.18703, -1948.56, 1.26166, -1950.99, -0.00385525, -0.00385526, -0.00385523, 0, -1.49181e+35, 0.0254687, -1.10689, 0.0191108
145.555, 1.13061, -1952.66, 1.18699, -1952.72, 1.26162, -1955.16, -0.00385542, -0.00385542, -0.00385542, 0, -1.49181e+35, 0.0254665, -1.10682, 0.019113
145.605, 1.13062, -1956.82, 1.18701, -1956.89, 1.26164, -1959.32, -0.00385528, -0.00385526, -0.00385512, 0, -1.49181e+35, 0.0254675, -1.10685, 0.0191151
145.655, 1.13064, -1960.99, 1.18703, -1961.05, 1.26166, -1963.49, -0.00385522, -0.00385526, -0.00385523, 0, -1.49181e+35, 0.0254683, -1.10689, 0.0191173
145.706, 1.1306, -1965.15, 1.18699, -1965.21, 1.26162, -1967.65, -0.00385542, -0.00385542, -0.00385542, 0, -1.49181e+35, 0.0254669, -1.10682, 0.0191194
145.756, 1.13062, -1969.31, 1.18701, -1969.38, 1.26164, -1971.81, -0.00385528, -0.00385526, -0.00385513, 0, -1.49181e+35, 0.0254677, -1.10685, 0.0191216
145.806, 1.13064, -1973.48, 1.18703, -1973.54, 1.26166, -1975.98, -0.00385523, -0.00385526, -0.00385523, 0, -1.49181e+35, 0.0254684, -1.10689, 0.0191237
145.857, 1.13058, -1977.64, 1.18697, -1977.7, 1.26159, -1980.14, -0.00385526, -0.00385526, -0.00385558, 0, -1.49181e+35, 0.0254657, -1.10677, 0.0191258
145.907, 1.13062, -1981.8, 1.18701, -1981.87, 1.26163, -1984.3, -0.00385525, -0.00385529, -0.00385525, 0, -1.49181e+35, 0.0254675, -1.10685, 0.0191279
145.958, 1.13064, -1985.97, 1.18703, -1986.03, 1.26165, -1988.47, -0.00385526, -0.00385527, -0.00385526, 0, -1.49181e+35, 0.0254683, -1.10689, 0.01913
146.001, 1.13064, -1989.55, 1.18703, -1989.61, 1.26165, -1992.05, -0.00385526, -0.00385526, -0.00385526, 0, -1.49181e+35, 0.0254682, -1.10688, 0.0191319
146.001, 1.13064, -1989.55, 1.18703, -1989.61, 1.26165, -1992.05, -0.00385526, -0.00385526, -0.00385526, 0, -1.49181e+35, 0.0254682, -1.10688, 0.0191319
146.051, 1.13058, -1993.71, 1.18697, -1993.78, 1.26159, -1996.21, -0.00385531, -0.00385526, -0.00385531, 0, -1.49181e+35, 0.0254658, -1.10677, 0.019134
146.102, 1.13062, -1997.88, 1.18701, -1997.94, 1.26163, -2000.38, -0.00385524, -0.00385527, -0.00385522, 0, -1.49181e+35, 0.0254675, -1.10685, 0.0191361
146.152, 1.13064, -2002.04, 1.18703, -2002.1, 1.26165, -2004.54, -0.00385526, -0.00385527, -0.00385526, 0, -1.49181e+35, 0.0254683, -1.10688, 0.0191382
146.202, 1.13058, -2006.2, 1.18696, -2006.27, 1.26159, -2008.7, -0.00385526, -0.00385519, -0.00385526, 0, -1.49181e+35, 0.0254656, -1.10677, 0.0191403
146.253, 1.13062, -2010.37, 1.18701, -2010.43, 1.26163, -2012.87, -0.00385521, -0.00385528, -0.00385521, 0, -1.49181e+35, 0.0254676, -1.10685, 0.0191424
146.303, 1.13063, -2014.53, 1.18703, -2014.59, 1.26165, -2017.03, -0.00385526, -0.00385526, -0.00385524, 0, -1.49181e+35, 0.0254683, -1.10688, 0.0191444
146.353, 1.13066, -2018.69, 1.18705, -2018.76, 1.26167, -2021.19, -0.00385526, -0.00385526, -0.00385526, 0, -1.49181e+35, 0.0254693, -1.10692, 0.0191465
146.404, 1.13062, -2022.86, 1.18701, -2022.92, 1.26163, -2025.36, -0.00385518, -0.00385529, -0.00385518, 0, -1.49181e+35, 0.0254677, -1.10684, 0.0191485
146.454, 1.13063, -2027.02, 1.18702, -2027.08, 1.26165, -2029.52, -0.00385526, -0.00385527, -0.00385526, 0, -1.49181e+35, 0.0254683, -1.10688, 0.0191505
146.504, 1.13065, -2031.19, 1.18705, -2031.25, 1.26167, -2033.69, -0.00385529, -0.00385524, -0.00385513, 0, -1.49181e+35, 0.0254686, -1.10692, 0.0191525
146.555, 1.13062, -2035.35, 1.187, -2035.41, 1.26163, -2037.85, -0.0038552, -0.00385512, -0.0038552, 0, -1.49181e+35, 0.0254673, -1.10684, 0.0191545
146.605, 1.13063, -2039.51, 1.18702, -2039.58, 1.26165, -2042.01, -0.00385526, -0.00385511, -0.00385526, 0, -1.49181e+35, 0.0254686, -1.10688, 0.0191566
146.655, 1.13065, -2043.68, 1.18704, -2043.74, 1.26167, -2046.18, -0.00385526, -0.00385514, -0.00385526, 0, -1.49181e+35, 0.0254692, -1.10692, 0.0191586
146.706, 1.13061, -2047.84, 1.187, -2047.9, 1.26163, -2050.34, -0.0038553, -0.00385528, -0.00385521, 0, -1.49181e+35, 0.0254677, -1.10684, 0.0191606
146.756, 1.13063, -2052, 1.18702, -2052.07, 1.26165, -2054.5, -0.00385524, -0.00385524, -0.00385525, 0, -1.49181e+35, 0.0254679, -1.10688, 0.0191625
146.807, 1.13065, -2056.17, 1.18704, -2056.23, 1.26167, -2058.67, -0.00385526, -0.00385526, -0.00385526, 0, -1.49181e+35, 0.0254691, -1.10692, 0.0191645
146.857, 1.13061, -2060.33, 1.187, -2060.39, 1.26163, -2062.83, -0.00385528, -0.00385528, -0.00385529, 0, -1.49181e+35, 0.0254673, -1.10684, 0.0191664
146.907, 1.13063, -2064.5, 1.18702, -2064.56, 1.26165, -2066.99, -0.00385524, -0.00385519, -0.00385524, 0, -1.49181e+35, 0.025468, -1.10687, 0.0191684
146.958, 1.13065, -2068.66, 1.18704, -2068.72, 1.26167, -2071.16, -0.00385526, -0.00385526, -0.00385526, 0, -1.49181e+35, 0.0254689, -1.10691, 0.0191703
147.001, 1.13065, -2072.24, 1.18704, -2072.3, 1.26167, -2074.74, -0.00385526, -0.00385526, -0.00385526, 0, -1.49181e+35, 0.0254689, -1.10691, 0.0191719
147.001, 1.13065, -2072.24, 1.18704, -2072.3, 1.26167, -2074.74, -0.00385526, -0.00385526, -0.00385526, 0, -1.49181e+35, 0.0254689, -1.10691, 0.0191719
147.051, 1.13061, -2076.4, 1.187, -2076.47, 1.26163, -2078.9, -0.00385528, -0.00385528, -0.00385529, 0, -1.49181e+35, 0.0254672, -1.10684, 0.0191738
147.102, 1.13063, -2080.57, 1.18702, -2080.63, 1.26164, -2083.07, -0.00385522, -0.00385522, -0.00385524, 0, -1.49181e+35, 0.0254679, -1.10687, 0.0191757
147.152, 1.13065, -2084.73, 1.18704, -2084.79, 1.26167, -2087.23, -0.00385526, -0.00385525, -0.00385526, 0, -1.49181e+35, 0.0254688, -1.10691, 0.0191775
147.202, 1.13061, -2088.89, 1.187, -2088.96, 1.26162, -2091.39, -0.00385529, -0.00385528, -0.00385531, 0, -1.49181e+35, 0.0254669, -1.10684, 0.0191793
147.253, 1.13063, -2093.06, 1.18702, -2093.12, 1.26164, -2095.56, -0.00385521, -0.00385529, -0.00385524, 0, -1.49181e+35, 0.025468, -1.10687, 0.0191811
147.303, 1.13065, -2097.22, 1.18704, -2097.28, 1.26167, -2099.72, -0.00385527, -0.00385525, -0.00385517, 0, -1.49181e+35, 0.0254694, -1.10691, 0.0191829
147.353, 1.13061, -2101.39, 1.187, -2101.45, 1.26162, -2103.88, -0.00385522, -0.00385521, -0.00385527, 0, -1.49181e+35, 0.0254668, -1.10683, 0.0191846
147.404, 1.13063, -2105.55, 1.18702, -2105.61, 1.26164, -2108.05, -0.00385525, -0.00385524, -0.00385525, 0, -1.49181e+35, 0.0254677, -1.10687, 0.0191864
147.454, 1.13065, -2109.71, 1.18704, -2109.78, 1.26166, -2112.21, -0.00385521, -0.00385521, -0.00385523, 0, -1.49181e+35, 0.0254687, -1.1069, 0.0191881
147.504, 1.13061, -2113.88, 1.187, -2113.94, 1.26162, -2116.38, -0.00385531, -0.00385533, -0.00385531, 0, -1.49181e+35, 0.0254669, -1.10683, 0.0191898
147.555, 1.13063, -2118.04, 1.18702, -2118.1, 1.26164, -2120.54, -0.00385521, -0.00385523, -0.00385524, 0, -1.49181e+35, 0.0254683, -1.10686, 0.0191915
147.605, 1.13065, -2122.2, 1.18704, -2122.27, 1.26166, -2124.7, -0.00385523, -0.00385526, -0.00385522, 0, -1.49181e+35, 0.0254691, -1.1069, 0.0191932
147.655, 1.13061, -2126.37, 1.187, -2126.43, 1.26162, -2128.87, -0.00385528, -0.00385526, -0.00385526, 0, -1.49181e+35, 0.0254671, -1.10683, 0.0191948
147.706, 1.13063, -2130.53, 1.18702, -2130.59, 1.26164, -2133.03, -0.00385522, -0.00385525, -0.00385523, 0, -1.49181e+35, 0.0254673, -1.10686, 0.0191965
147.756, 1.13064, -2134.7, 1.18704, -2134.76, 1.26166, -2137.19, -0.00385527, -0.00385526, -0.00385526, 0, -1.49181e+35, 0.0254687, -1.1069, 0.0191981
147.807, 1.13061, -2138.86, 1.187, -2138.92, 1.26162, -2141.36, -0.0038553, -0.00385529, -0.00385529, 0, -1.49181e+35, 0.0254671, -1.10683, 0.0191997
147.857, 1.13062, -2143.02, 1.18701, -2143.08, 1.26164, -2145.52, -0.00385528, -0.00385529, -0.00385528, 0, -1.49181e+35, 0.0254678, -1.10686, 0.0192013
147.907, 1.13064, -2147.19, 1.18703, -2147.25, 1.26166, -2149.69, -0.00385526, -0.00385526, -0.00385526, 0, -1.49181e+35, 0.0254685, -1.1069, 0.0192029
147.958, 1.13061, -2151.35, 1.187, -2151.41, 1.26162, -2153.85, -0.00385531, -0.0038553, -0.00385531, 0, -1.49181e+35, 0.0254669, -1.10683, 0.0192044
148.001, 1.13061, -2154.93, 1.187, -2154.99, 1.26162, -2157.43, -0.00385532, -0.00385532, -0.00385532, 0, -1.49181e+35, 0.0254671, -1.10683, 0.0192057
148.001, 1.13061, -2154.93, 1.187, -2154.99, 1.26162, -2157.43, -0.00385532, -0.00385532, -0.00385532, 0, -1.49181e+35, 0.0254671, -1.10683, 0.0192057
148.051, 1.13062, -2159.09, 1.18701, -2159.16, 1.26164, -2161.59, -0.00385525, -0.00385525, -0.00385525, 0, -1.49181e+35, 0.0254677, -1.10686, 0.0192072
148.102, 1.13064, -2163.26, 1.18703, -2163.32, 1.26166, -2165.76, -0.00385524, -0.00385524, -0.00385524, 0, -1.49181e+35, 0.0254685, -1.10689, 0.0192087
148.152, 1.13061, -2167.42, 1.187, -2167.48, 1.26162, -2169.92, -0.00385533, -0.00385531, -0.00385532, 0, -1.49181e+35, 0.025467, -1.10682, 0.0192102
148.202, 1.13062, -2171.59, 1.18701, -2171.65, 1.26164, -2174.08, -0.00385524, -0.00385525, -0.00385524, 0, -1.49181e+35, 0.0254676, -1.10685, 0.0192116
148.253, 1.13064, -2175.75, 1.18703, -2175.81, 1.26166, -2178.25, -0.00385525, -0.00385524, -0.00385526, 0, -1.49181e+35, 0.0254687, -1.10689, 0.0192131
148.303, 1.13061, -2179.91, 1.18699, -2179.98, 1.26162, -2182.41, -0.0038554, -0.0038554, -0.0038554, 0, -1.49181e+35, 0.0254667, -1.10682, 0.0192145
148.353, 1.13062, -2184.08, 1.18701, -2184.14, 1.26164, -2186.58, -0.00385525, -0.00385527, -0.00385527, 0, -1.49181e+35, 0.0254675, -1.10685, 0.0192159
148.404, 1.13064, -2188.24, 1.18703, -2188.3, 1.26166, -2190.74, -0.00385525, -0.00385527, -0.00385526, 0, -1.49181e+35, 0.0254686, -1.10689, 0.0192172
148.454, 1.1306, -2192.4, 1.18699, -2192.47, 1.26162, -2194.9, -0.0038554, -0.00385544, -0.0038554, 0, -1.49181e+35, 0.0254669, -1.10682, 0.0192186
148.504, 1.13062, -2196.57, 1.18701, -2196.63, 1.26163, -2199.07, -0.00385529, -0.00385529, -0.00385526, 0, -1.49181e+35, 0.0254676, -1.10685, 0.0192199
148.555, 1.13064, -2200.73, 1.18703, -2200.79, 1.26166, -2203.23, -0.00385524, -0.00385527, -0.00385524, 0, -1.49181e+35, 0.0254681, -1.10689, 0.0192212
148.605, 1.13058, -2204.9, 1.18697, -2204.96, 1.26159, -2207.39, -0.00385524, -0.00385521, -0.00385528, 0, -1.49181e+35, 0.0254661, -1.10677, 0.0192225
148.656, 1.13062, -2209.06, 1.18701, -2209.12, 1.26163, -2211.56, -0.00385522, -0.00385524, -0.00385526, 0, -1.49181e+35, 0.0254677, -1.10685, 0.0192238
148.706, 1.13064, -2213.22, 1.18703, -2213.28, 1.26165, -2215.72, -0.00385526, -0.00385525, -0.00385525, 0, -1.49181e+35, 0.0254682, -1.10689, 0.019225
148.756, 1.13058, -2217.39, 1.18697, -2217.45, 1.26159, -2219.89, -0.0038552, -0.00385527, -0.00385522, 0, -1.49181e+35, 0.0254656, -1.10677, 0.0192262
148.807, 1.13062, -2221.55, 1.18701, -2221.61, 1.26163, -2224.05, -0.00385531, -0.00385531, -0.00385521, 0, -1.49181e+35, 0.0254677, -1.10685, 0.0192274
148.857, 1.13064, -2225.71, 1.18703, -2225.78, 1.26165, -2228.21, -0.00385524, -0.00385521, -0.00385524, 0, -1.49181e+35, 0.025468, -1.10688, 0.0192286
148.907, 1.13058, -2229.88, 1.18696, -2229.94, 1.26159, -2232.38, -0.00385519, -0.00385526, -0.00385519, 0, -1.49181e+35, 0.0254658, -1.10677, 0.0192297
148.958, 1.13062, -2234.04, 1.18701, -2234.1, 1.26163, -2236.54, -0.00385523, -0.00385527, -0.00385521, 0, -1.49181e+35, 0.0254672, -1.10684, 0.0192309
149.001, 1.13062, -2237.62, 1.18701, -2237.68, 1.26163, -2240.12, -0.00385529, -0.00385527, -0.00385528, 0, -1.49181e+35, 0.0254676, -1.10685, 0.0192318
149.001, 1.13062, -2237.62, 1.18701, -2237.68, 1.26163, -2240.12, -0.00385529, -0.00385527, -0.00385528, 0, -1.49181e+35, 0.0254676, -1.10685, 0.0192318
149.051, 1.13063, -2241.79, 1.18702, -2241.85, 1.26165, -2244.28, -0.00385524, -0.00385521, -0.00385524, 0, -1.49181e+35, 0.0254681, -1.10688, 0.0192329
149.102, 1.13066, -2245.95, 1.18705, -2246.01, 1.26167, -2248.45, -0.00385526, -0.00385526, -0.00385526, 0, -1.49181e+35, 0.025469, -1.10692, 0.019234
149.152, 1.13062, -2250.11, 1.18701, -2250.18, 1.26163, -2252.61, -0.00385528, -0.00385527, -0.00385528, 0, -1.49181e+35, 0.0254674, -1.10684, 0.019235
149.202, 1.13063, -2254.28, 1.18702, -2254.34, 1.26165, -2256.78, -0.00385525, -0.00385523, -0.00385525, 0, -1.49181e+35, 0.0254682, -1.10688, 0.0192361
149.253, 1.13065, -2258.44, 1.18705, -2258.5, 1.26167, -2260.94, -0.00385526, -0.00385526, -0.00385526, 0, -1.49181e+35, 0.025469, -1.10692, 0.0192371
149.303, 1.13062, -2262.6, 1.187, -2262.67, 1.26163, -2265.1, -0.00385529, -0.00385527, -0.0038553, 0, -1.49181e+35, 0.0254676, -1.10684, 0.019238
149.353, 1.13063, -2266.77, 1.18702, -2266.83, 1.26165, -2269.27, -0.00385529, -0.00385522, -0.00385532, 0, -1.49181e+35, 0.025468, -1.10688, 0.019239
149.404, 1.13065, -2270.93, 1.18704, -2270.99, 1.26167, -2273.43, -0.00385526, -0.00385526, -0.00385526, 0, -1.49181e+35, 0.0254695, -1.10692, 0.0192399
149.454, 1.13061, -2275.09, 1.187, -2275.16, 1.26163, -2277.59, -0.00385523, -0.00385528, -0.00385521, 0, -1.49181e+35, 0.0254669, -1.10684, 0.0192409
149.504, 1.13063, -2279.26, 1.18702, -2279.32, 1.26165, -2281.76, -0.00385526, -0.00385527, -0.00385526, 0, -1.49181e+35, 0.0254683, -1.10688, 0.0192418
149.555, 1.13065, -2283.42, 1.18704, -2283.48, 1.26167, -2285.92, -0.00385526, -0.00385531, -0.00385526, 0, -1.49181e+35, 0.0254688, -1.10691, 0.0192427
149.605, 1.13061, -2287.59, 1.187, -2287.65, 1.26163, -2290.08, -0.00385521, -0.00385529, -0.0038554, 0, -1.49181e+35, 0.0254668, -1.10684, 0.0192435
149.656, 1.13063, -2291.75, 1.18702, -2291.81, 1.26165, -2294.25, -0.00385525, -0.00385526, -0.00385525, 0, -1.49181e+35, 0.0254682, -1.10687, 0.0192443
149.706, 1.13065, -2295.91, 1.18704, -2295.98, 1.26167, -2298.41, -0.00385526, -0.00385533, -0.00385526, 0, -1.49181e+35, 0.0254688, -1.10691, 0.0192452
149.756, 1.13061, -2300.08, 1.187, -2300.14, 1.26163, -2302.58, -0.00385522, -0.00385529, -0.00385525, 0, -1.49181e+35, 0.0254673, -1.10684, 0.019246
149.807, 1.13063, -2304.24, 1.18702, -2304.3, 1.26164, -2306.74, -0.00385526, -0.0038553, -0.00385526, 0, -1.49181e+35, 0.0254679, -1.10687, 0.0192467
149.857, 1.13065, -2308.4, 1.18704, -2308.47, 1.26167, -2310.9, -0.00385526, -0.00385515, -0.00385526, 0, -1.49181e+35, 0.0254689, -1.10691, 0.0192475
149.907, 1.13061, -2312.57, 1.187, -2312.63, 1.26162, -2315.07, -0.00385524, -0.0038553, -0.00385526, 0, -1.49181e+35, 0.0254673, -1.10684, 0.0192482
149.958, 1.13063, -2316.73, 1.18702, -2316.79, 1.26164, -2319.23, -0.00385526, -0.00385527, -0.00385526, 0, -1.49181e+35, 0.0254679, -1.10687, 0.019249
150.001, 1.13063, -2320.31, 1.18702, -2320.37, 1.26164, -2322.81, -0.00385525, -0.00385527, -0.00385526, 0, -1.49181e+35, 0.0254678, -1.10687, 0.0192496
150.001, 1.13063, -2320.31, 1.18702, -2320.37, 1.26164, -2322.81, -0.00385525, -0.00385527, -0.00385526, 0, -1.49181e+35, 0.0254678, -1.10687, 0.0192496
150.051, 1.13065, -2324.48, 1.18704, -2324.54, 1.26167, -2326.97, -0.00385526, -0.00385518, -0.00385526, 0, -1.49181e+35, 0.0254689, -1.10691, 0.0192502
150.102, 1.13061, -2328.64, 1.187, -2328.7, 1.26162, -2331.14, -0.00385521, -0.00385529, -0.00385521, 0, -1.49181e+35, 0.0254673, -1.10683, 0.0192509
150.152, 1.13063, -2332.8, 1.18702, -2332.87, 1.26164, -2335.3, -0.00385526, -0.00385527, -0.00385526, 0, -1.49181e+35, 0.0254679, -1.10687, 0.0192515
150.202, 1.13065, -2336.97, 1.18704, -2337.03, 1.26166, -2339.47, -0.00385526, -0.00385514, -0.00385526, 0, -1.49181e+35, 0.0254688, -1.1069, 0.0192521
150.253, 1.13061, -2341.13, 1.187, -2341.19, 1.26162, -2343.63, -0.00385526, -0.00385535, -0.00385527, 0, -1.49181e+35, 0.0254671, -1.10683, 0.0192527
150.303, 1.13063, -2345.29, 1.18702, -2345.36, 1.26164, -2347.79, -0.00385526, -0.00385527, -0.00385526, 0, -1.49181e+35, 0.0254679, -1.10686, 0.0192533
150.353, 1.13065, -2349.46, 1.18704, -2349.52, 1.26166, -2351.96, -0.00385526, -0.00385525, -0.00385526, 0, -1.49181e+35, 0.0254688, -1.1069, 0.0192538
150.404, 1.13061, -2353.62, 1.187, -2353.68, 1.26162, -2356.12, -0.00385527, -0.00385535, -0.00385525, 0, -1.49181e+35, 0.0254669, -1.10683, 0.0192544
150.454, 1.13063, -2357.79, 1.18702, -2357.85, 1.26164, -2360.28, -0.00385527, -0.00385518, -0.00385526, 0, -1.49181e+35, 0.025468, -1.10686, 0.0192549
150.505, 1.13064, -2361.95, 1.18704, -2362.01, 1.26166, -2364.45, -0.00385526, -0.00385524, -0.00385526, 0, -1.49181e+35, 0.0254686, -1.1069, 0.0192554
150.555, 1.13061, -2366.11, 1.187, -2366.18, 1.26162, -2368.61, -0.0038553, -0.00385538, -0.0038553, 0, -1.49181e+35, 0.0254669, -1.10683, 0.0192559
150.605, 1.13062, -2370.28, 1.18701, -2370.34, 1.26164, -2372.78, -0.00385526, -0.00385518, -0.00385526, 0, -1.49181e+35, 0.0254675, -1.10686, 0.0192564
150.656, 1.13064, -2374.44, 1.18703, -2374.5, 1.26166, -2376.94, -0.00385526, -0.00385521, -0.00385526, 0, -1.49181e+35, 0.0254688, -1.1069, 0.0192568
150.706, 1.13061, -2378.6, 1.187, -2378.67, 1.26162, -2381.1, -0.00385527, -0.00385537, -0.00385528, 0, -1.49181e+35, 0.025467, -1.10683, 0.0192573
150.756, 1.13062, -2382.77, 1.18701, -2382.83, 1.26164, -2385.27, -0.00385526, -0.00385513, -0.00385526, 0, -1.49181e+35, 0.0254678, -1.10686, 0.0192577
150.807, 1.13064, -2386.93, 1.18703, -2386.99, 1.26166, -2389.43, -0.00385529, -0.00385523, -0.00385529, 0, -1.49181e+35, 0.0254683, -1.10689, 0.019258
150.857, 1.13061, -2391.09, 1.18699, -2391.16, 1.26162, -2393.59, -0.00385527, -0.00385538, -0.00385527, 0, -1.49181e+35, 0.0254669, -1.10682, 0.0192584
150.907, 1.13062, -2395.26, 1.18701, -2395.32, 1.26164, -2397.76, -0.00385527, -0.00385515, -0.00385527, 0, -1.49181e+35, 0.0254675, -1.10685, 0.0192588
150.958, 1.13064, -2399.42, 1.18703, -2399.48, 1.26166, -2401.92, -0.0038551, -0.00385524, -0.0038551, 0, -1.49181e+35, 0.0254685, -1.10689, 0.0192591
151, 1.13064, -2402.92, 1.18703, -2402.98, 1.26165, -2405.42, -0.00385526, -0.00385521, -0.00385526, 0, -1.49181e+35, 0.0254683, -1.10689, 0.0192594
151, 1.13064, -2402.92, 1.18703, -2402.98, 1.26165, -2405.42, -0.00385526, -0.00385521, -0.00385526, 0.00154211, -1.49181e+35, 0.0254683, -1.10689, 0.0192594
151.05, 1.13058, -2407.08, 1.18697, -2407.15, 1.26159, -2409.58, -0.00385525, -0.00385523, -0.00385526, 0.00154211, -1.49181e+35, 0.0254661, -1.10677, 0.0192977
151.101, 1.13062, -2411.25, 1.18701, -2411.31, 1.26163, -2413.75, -0.00385527, -0.00385525, -0.00385527, 0.00154211, -1.49181e+35, 0.0254674, -1.10685, 0.0193348
151.151, 1.13064, -2415.41, 1.18703, -2415.47, 1.26165, -2417.91, -0.00385519, -0.00385526, -0.00385522, 0.00154211, -1.49181e+35, 0.0254684, -1.10689, 0.0193709
151.201, 1.13058, -2419.57, 1.18697, -2419.64, 1.26159, -2422.07, -0.00385525, -0.00385525, -0.00385525, 0.00154211, -1.49181e+35, 0.0254655, -1.10677, 0.0194059
151.252, 1.13062, -2423.74, 1.18701, -2423.8, 1.26163, -2426.24, -0.00384835, -0.00384834, -0.00384835, 0.00154211, -1.49181e+35, 0.0254675, -1.10685, 0.0194399
151.302, 1.13064, -2427.89, 1.18703, -2427.95, 1.26165, -2430.39, -0.00384514, -0.00384514, -0.00384514, 0.00154211, -1.49181e+35, 0.0254683, -1.10688, 0.0194729
151.352, 1.13066, -2432.04, 1.18705, -2432.1, 1.26168, -2434.54, -0.00384513, -0.00384512, -0.00384513, 0.00154211, -1.49181e+35, 0.0254692, -1.10692, 0.0195049
151.403, 1.13062, -2436.19, 1.18701, -2436.26, 1.26163, -2438.69, -0.00384515, -0.00384515, -0.00384515, 0.00154211, -1.49181e+35, 0.0254674, -1.10685, 0.0195361
151.453, 1.13063, -2440.35, 1.18703, -2440.41, 1.26165, -2442.85, -0.00384514, -0.00384514, -0.00384507, 0.00154211, -1.49181e+35, 0.0254682, -1.10688, 0.0195663
151.504, 1.13066, -2444.5, 1.18705, -2444.56, 1.26167, -2447, -0.00384512, -0.00384511, -0.00384513, 0.00154211, -1.49181e+35, 0.0254691, -1.10692, 0.0195957
151.554, 1.13062, -2448.65, 1.18701, -2448.72, 1.26163, -2451.15, -0.00384523, -0.00384522, -0.00384514, 0.00154211, -1.49181e+35, 0.0254675, -1.10684, 0.0196243
151.604, 1.13063, -2452.81, 1.18702, -2452.87, 1.26165, -2455.31, -0.00384506, -0.00384505, -0.00384506, 0.00154211, -1.49181e+35, 0.0254683, -1.10688, 0.019652
151.655, 1.13065, -2456.96, 1.18704, -2457.02, 1.26167, -2459.46, -0.00384513, -0.00384512, -0.00384513, 0.00154211, -1.49181e+35, 0.0254695, -1.10692, 0.019679
151.705, 1.13061, -2461.11, 1.187, -2461.17, 1.26163, -2463.61, -0.00384522, -0.0038452, -0.00384521, 0.00154211, -1.49181e+35, 0.0254674, -1.10684, 0.0197052
151.755, 1.13063, -2465.26, 1.18702, -2465.33, 1.26165, -2467.76, -0.00384515, -0.00384515, -0.00384511, 0.00154211, -1.49181e+35, 0.0254682, -1.10687, 0.0197307
151.806, 1.13065, -2469.41, 1.18704, -2469.47, 1.26167, -2471.91, -0.00383498, -0.003835, -0.00383499, 0.00154211, -1.49181e+35, 0.0254693, -1.10691, 0.0197554
151.856, 1.13061, -2473.55, 1.187, -2473.61, 1.26163, -2476.05, -0.00383505, -0.00383503, -0.00383505, 0.00154211, -1.49181e+35, 0.0254681, -1.10684, 0.0197795
151.906, 1.13063, -2477.69, 1.18702, -2477.75, 1.26165, -2480.19, -0.00383499, -0.00383497, -0.00383498, 0.00154211, -1.49181e+35, 0.0254681, -1.10687, 0.0198029
151.957, 1.13065, -2481.83, 1.18704, -2481.9, 1.26167, -2484.33, -0.00383492, -0.00383492, -0.00383492, 0.00154211, -1.49181e+35, 0.025469, -1.10691, 0.0198256
152, 1.13065, -2485.39, 1.18704, -2485.46, 1.26167, -2487.89, -0.00383502, -0.003835, -0.00383505, 0.00154211, -1.49181e+35, 0.0254688, -1.10691, 0.0198447
152, 1.13065, -2485.39, 1.18704, -2485.46, 1.26167, -2487.89, -0.00383502, -0.003835, -0.00383505, 0.00307611, -1.49181e+35, 0.0254688, -1.10691, 0.0198448
152.05, 1.13061, -2489.54, 1.187, -2489.6, 1.26163, -2492.04, -0.00383503, -0.00383502, -0.00383503, 0.00307611, -1.49181e+35, 0.0254668, -1.10684, 0.019904
152.101, 1.13063, -2493.68, 1.18702, -2493.74, 1.26165, -2496.18, -0.00382624, -0.00382621, -0.00382623, 0.00307611, -1.49181e+35, 0.0254678, -1.10687, 0.0199616
152.151, 1.13065, -2497.81, 1.18704, -2497.87, 1.26167, -2500.31, -0.00382489, -0.00382487, -0.00382487, 0.00307611, -1.49181e+35, 0.0254689, -1.10691, 0.0200176
152.201, 1.13061, -2501.94, 1.187, -2502, 1.26163, -2504.44, -0.00382494, -0.00382496, -0.00382495, 0.00307611, -1.49181e+35, 0.0254673, -1.10684, 0.0200719
152.252, 1.13063, -2506.07, 1.18702, -2506.13, 1.26164, -2508.57, -0.00382489, -0.00382489, -0.00382489, 0.00307611, -1.49181e+35, 0.0254681, -1.10687, 0.0201247
152.302, 1.13065, -2510.2, 1.18704, -2510.26, 1.26167, -2512.7, -0.00382488, -0.00382487, -0.00382487, 0.00307611, -1.49181e+35, 0.0254688, -1.10691, 0.0201759
152.352, 1.13061, -2514.33, 1.187, -2514.39, 1.26163, -2516.83, -0.00381482, -0.00381482, -0.00381482, 0.00307611, -1.49181e+35, 0.0254671, -1.10683, 0.0202257
152.403, 1.13063, -2518.45, 1.18702, -2518.51, 1.26164, -2520.95, -0.00381477, -0.00381477, -0.00381477, 0.00307611, -1.49181e+35, 0.0254679, -1.10687, 0.0202741
152.453, 1.13065, -2522.57, 1.18704, -2522.63, 1.26167, -2525.06, -0.00381476, -0.00381476, -0.00381476, 0.00307611, -1.49181e+35, 0.0254688, -1.10691, 0.020321
152.504, 1.13061, -2526.69, 1.187, -2526.75, 1.26162, -2529.18, -0.0038148, -0.00381481, -0.00381481, 0.00307611, -1.49181e+35, 0.0254671, -1.10683, 0.0203667
152.554, 1.13063, -2530.8, 1.18702, -2530.86, 1.26164, -2533.3, -0.00380464, -0.00380464, -0.00380463, 0.00307611, -1.49181e+35, 0.0254677, -1.10686, 0.020411
152.604, 1.13065, -2534.91, 1.18704, -2534.97, 1.26166, -2537.41, -0.00380465, -0.00380466, -0.00380465, 0.00307611, -1.49181e+35, 0.0254689, -1.1069, 0.020454
152.655, 1.13061, -2539.02, 1.187, -2539.08, 1.26162, -2541.51, -0.00380468, -0.00380469, -0.00380469, 0.00307611, -1.49181e+35, 0.0254669, -1.10683, 0.0204958
152.705, 1.13063, -2543.12, 1.18702, -2543.18, 1.26164, -2545.62, -0.00379455, -0.00379456, -0.00379458, 0.00307611, -1.49181e+35, 0.0254678, -1.10686, 0.0205364
152.755, 1.13064, -2547.22, 1.18704, -2547.28, 1.26166, -2549.72, -0.00379451, -0.00379454, -0.00379452, 0.00307611, -1.49181e+35, 0.0254687, -1.1069, 0.0205757
152.806, 1.13061, -2551.32, 1.187, -2551.38, 1.26162, -2553.81, -0.00379456, -0.0037946, -0.00379461, 0.00307611, -1.49181e+35, 0.0254669, -1.10683, 0.020614
152.856, 1.13062, -2555.41, 1.18701, -2555.47, 1.26164, -2557.91, -0.00378445, -0.00378444, -0.00378445, 0.00307611, -1.49181e+35, 0.0254679, -1.10686, 0.0206511
152.906, 1.13064, -2559.5, 1.18703, -2559.56, 1.26166, -2562, -0.00378441, -0.0037844, -0.00378441, 0.00307611, -1.49181e+35, 0.0254688, -1.1069, 0.0206871
152.957, 1.13061, -2563.58, 1.187, -2563.65, 1.26162, -2566.08, -0.00378445, -0.00378447, -0.00378446, 0.00307611, -1.49181e+35, 0.0254673, -1.10683, 0.0207221
153, 1.13061, -2567.09, 1.187, -2567.16, 1.26162, -2569.59, -0.00377438, -0.00377438, -0.0037744, 0.00307611, -1.49181e+35, 0.0254664, -1.10683, 0.0207513
153, 1.13061, -2567.09, 1.187, -2567.16, 1.26162, -2569.59, -0.00377438, -0.00377438, -0.0037744, 0.00458586, -1.49181e+35, 0.0254664, -1.10683, 0.0207514
153.05, 1.13062, -2571.17, 1.18701, -2571.23, 1.26164, -2573.67, -0.00377368, -0.00377369, -0.00377372, 0.00458586, -1.49181e+35, 0.0254675, -1.10686, 0.0208215
153.101, 1.13064, -2575.25, 1.18703, -2575.31, 1.26166, -2577.74, -0.00377432, -0.00377429, -0.00377428, 0.00458586, -1.49181e+35, 0.0254683, -1.1069, 0.0208896
153.151, 1.13061, -2579.31, 1.187, -2579.38, 1.26162, -2581.81, -0.00376422, -0.0037643, -0.0037643, 0.00458586, -1.49181e+35, 0.0254666, -1.10683, 0.0209556
153.201, 1.13062, -2583.38, 1.18701, -2583.44, 1.26164, -2585.88, -0.0037642, -0.00376419, -0.00376412, 0.00458586, -1.49181e+35, 0.0254678, -1.10686, 0.0210197
153.252, 1.13064, -2587.44, 1.18703, -2587.5, 1.26166, -2589.94, -0.00375404, -0.00375412, -0.00375413, 0.00458586, -1.49181e+35, 0.0254687, -1.10689, 0.0210819
153.302, 1.13061, -2591.49, 1.187, -2591.55, 1.26162, -2593.99, -0.0037542, -0.0037542, -0.0037542, 0.00458586, -1.49181e+35, 0.0254667, -1.10682, 0.0211421
153.353, 1.13062, -2595.54, 1.18701, -2595.61, 1.26164, -2598.04, -0.00374414, -0.00374413, -0.00374414, 0.00458586, -1.49181e+35, 0.0254678, -1.10686, 0.0212006
153.403, 1.13064, -2599.59, 1.18703, -2599.65, 1.26166, -2602.09, -0.00374388, -0.00374387, -0.00374388, 0.00458586, -1.49181e+35, 0.0254684, -1.10689, 0.0212573
153.453, 1.1306, -2603.63, 1.18699, -2603.69, 1.26162, -2606.13, -0.00373441, -0.00373441, -0.00373441, 0.00458586, -1.49181e+35, 0.025467, -1.10682, 0.0213122
153.504, 1.13062, -2607.66, 1.18701, -2607.72, 1.26163, -2610.16, -0.0037337, -0.00373369, -0.0037337, 0.00458586, -1.49181e+35, 0.0254675, -1.10685, 0.0213655
153.554, 1.13064, -2611.69, 1.18703, -2611.75, 1.26166, -2614.19, -0.00372398, -0.00372404, -0.00372398, 0.00458586, -1.49181e+35, 0.0254684, -1.10689, 0.0214171
153.604, 1.1306, -2615.71, 1.18699, -2615.77, 1.26162, -2618.21, -0.00372387, -0.00372386, -0.00372387, 0.00458586, -1.49181e+35, 0.0254668, -1.10682, 0.0214671
153.655, 1.13062, -2619.73, 1.18701, -2619.79, 1.26163, -2622.23, -0.00371368, -0.00371368, -0.00371368, 0.00458586, -1.49181e+35, 0.0254675, -1.10685, 0.0215156
153.705, 1.13064, -2623.74, 1.18703, -2623.8, 1.26165, -2626.24, -0.00371352, -0.00371351, -0.00371353, 0.00458586, -1.49181e+35, 0.0254681, -1.10689, 0.0215625
153.755, 1.13058, -2627.74, 1.18697, -2627.81, 1.26159, -2630.24, -0.00370347, -0.00370347, -0.00370347, 0.00458586, -1.49181e+35, 0.0254656, -1.10677, 0.0216079
153.806, 1.13062, -2631.74, 1.18701, -2631.81, 1.26163, -2634.24, -0.00370348, -0.00370353, -0.00370348, 0.00458586, -1.49181e+35, 0.0254675, -1.10685, 0.0216519
153.856, 1.13064, -2635.73, 1.18703, -2635.8, 1.26165, -2638.23, -0.00369336, -0.0036933, -0.00369336, 0.00458586, -1.49181e+35, 0.025468, -1.10688, 0.0216944
153.906, 1.13058, -2639.72, 1.18696, -2639.79, 1.26159, -2642.22, -0.00369083, -0.00369082, -0.00369083, 0.00458586, -1.49181e+35, 0.0254655, -1.10677, 0.0217355
153.957, 1.13062, -2643.7, 1.18701, -2643.76, 1.26163, -2646.2, -0.00368325, -0.00368327, -0.00368325, 0.00458586, -1.49181e+35, 0.0254678, -1.10685, 0.0217753
154, 1.13062, -2647.12, 1.18701, -2647.18, 1.26163, -2649.62, -0.00367369, -0.00367356, -0.0036737, 0.00458586, -1.49181e+35, 0.0254672, -1.10685, 0.0218084
154, 1.13062, -2647.12, 1.18701, -2647.18, 1.26163, -2649.62, -0.00367369, -0.00367356, -0.0036737, 0.00605534, -1.49181e+35, 0.0254672, -1.10685, 0.0218086
154.05, 1.13064, -2651.09, 1.18703, -2651.15, 1.26165, -2653.59, -0.00367311, -0.00367296, -0.00367311, 0.00605534, -1.49181e+35, 0.0254682, -1.10688, 0.0218819
154.101, 1.13066, -2655.05, 1.18705, -2655.11, 1.26168, -2657.55, -0.00366291, -0.003663, -0.00366288, 0.00605534, -1.49181e+35, 0.0254693, -1.10692, 0.021953
154.151, 1.13062, -2659, 1.18701, -2659.07, 1.26163, -2661.5, -0.00366302, -0.00366304, -0.00366301, 0.00605534, -1.49181e+35, 0.0254673, -1.10685, 0.0220218
154.201, 1.13063, -2662.95, 1.18703, -2663.01, 1.26165, -2665.45, -0.00365278, -0.00365274, -0.00365278, 0.00605534, -1.49181e+35, 0.0254681, -1.10688, 0.0220884
154.252, 1.13066, -2666.89, 1.18705, -2666.95, 1.26167, -2669.39, -0.00364289, -0.00364277, -0.00364285, 0.00605534, -1.49181e+35, 0.0254691, -1.10692, 0.0221528
154.302, 1.13062, -2670.82, 1.18701, -2670.88, 1.26163, -2673.32, -0.00364024, -0.0036403, -0.00364025, 0.00605534, -1.49181e+35, 0.0254673, -1.10684, 0.0222151
154.353, 1.13063, -2674.74, 1.18702, -2674.81, 1.26165, -2677.24, -0.0036326, -0.00363254, -0.0036326, 0.00605534, -1.49181e+35, 0.0254681, -1.10688, 0.0222753
154.403, 1.13065, -2678.66, 1.18704, -2678.72, 1.26167, -2681.16, -0.00362253, -0.00362252, -0.00362259, 0.00605534, -1.49181e+35, 0.0254692, -1.10692, 0.0223335
154.453, 1.13061, -2682.57, 1.187, -2682.63, 1.26163, -2685.07, -0.00361317, -0.00361321, -0.00361317, 0.00605534, -1.49181e+35, 0.0254672, -1.10684, 0.0223898
154.504, 1.13063, -2686.47, 1.18702, -2686.53, 1.26165, -2688.97, -0.00361241, -0.00361233, -0.00361241, 0.00605534, -1.49181e+35, 0.0254682, -1.10687, 0.0224441
154.554, 1.13065, -2690.36, 1.18704, -2690.43, 1.26167, -2692.86, -0.00360217, -0.00360228, -0.00360213, 0.00605534, -1.49181e+35, 0.0254689, -1.10691, 0.0224966
154.604, 1.13061, -2694.25, 1.187, -2694.31, 1.26163, -2696.75, -0.00359217, -0.00359223, -0.00359218, 0.00605534, -1.49181e+35, 0.0254673, -1.10684, 0.0225472
154.655, 1.13063, -2698.13, 1.18702, -2698.19, 1.26165, -2700.63, -0.00358307, -0.00358299, -0.00358311, 0.00605534, -1.49181e+35, 0.025468, -1.10687, 0.022596
154.705, 1.13065, -2702, 1.18704, -2702.06, 1.26167, -2704.49, -0.00358202, -0.00358205, -0.00358202, 0.00605534, -1.49181e+35, 0.0254689, -1.10691, 0.0226431
154.755, 1.13061, -2705.85, 1.187, -2705.92, 1.26163, -2708.35, -0.00357184, -0.00357178, -0.00357184, 0.00605534, -1.49181e+35, 0.0254671, -1.10684, 0.0226885
154.806, 1.13063, -2709.71, 1.18702, -2709.77, 1.26165, -2712.2, -0.00356183, -0.00356181, -0.00356167, 0.00605534, -1.49181e+35, 0.025468, -1.10687, 0.0227322
154.856, 1.13065, -2713.55, 1.18704, -2713.61, 1.26167, -2716.05, -0.00355177, -0.0035518, -0.00355177, 0.00605534, -1.49181e+35, 0.025469, -1.10691, 0.0227742
154.906, 1.13061, -2717.38, 1.187, -2717.45, 1.26163, -2719.88, -0.00354485, -0.00354472, -0.00354484, 0.00605534, -1.49181e+35, 0.0254672, -1.10684, 0.0228147
154.957, 1.13063, -2721.21, 1.18702, -2721.27, 1.26164, -2723.71, -0.00354159, -0.00354157, -0.00354143, 0.00605534, -1.49181e+35, 0.0254678, -1.10687, 0.0228536
155, 1.13063, -2724.49, 1.18702, -2724.55, 1.26164, -2726.99, -0.00353069, -0.00353065, -0.00353054, 0.00605534, -1.49181e+35, 0.025468, -1.10687, 0.0228858
155, 1.13063, -2724.49, 1.18702, -2724.55, 1.26164, -2726.99, -0.00353069, -0.00353065, -0.00353054, 0.00746762, -1.49181e+35, 0.025468, -1.10687, 0.022886
155.05, 1.13065, -2728.3, 1.18704, -2728.36, 1.26167, -2730.8, -0.0035213, -0.00352135, -0.00352128, 0.00746762, -1.49181e+35, 0.0254686, -1.10691, 0.0229566
155.101, 1.13061, -2732.1, 1.187, -2732.16, 1.26163, -2734.6, -0.00351141, -0.00351149, -0.00351142, 0.00746762, -1.49181e+35, 0.0254674, -1.10683, 0.0230249
155.151, 1.13063, -2735.89, 1.18702, -2735.95, 1.26164, -2738.39, -0.00350275, -0.00350285, -0.00350275, 0.00746762, -1.49181e+35, 0.0254682, -1.10687, 0.0230907
155.202, 1.13065, -2739.67, 1.18704, -2739.73, 1.26167, -2742.17, -0.00350105, -0.0035011, -0.00350101, 0.00746762, -1.49181e+35, 0.0254691, -1.10691, 0.0231542
155.252, 1.13061, -2743.44, 1.187, -2743.5, 1.26162, -2745.94, -0.00349105, -0.00349091, -0.00349105, 0.00746762, -1.49181e+35, 0.0254676, -1.10683, 0.0232154
155.302, 1.13063, -2747.2, 1.18702, -2747.26, 1.26164, -2749.7, -0.00348087, -0.00348084, -0.00348087, 0.00746762, -1.49181e+35, 0.0254678, -1.10686, 0.0232743
155.353, 1.13065, -2750.95, 1.18704, -2751.01, 1.26166, -2753.45, -0.00347052, -0.00347041, -0.00347052, 0.00746762, -1.49181e+35, 0.0254685, -1.1069, 0.023331
155.403, 1.13061, -2754.69, 1.187, -2754.75, 1.26162, -2757.19, -0.00346071, -0.00346077, -0.00346071, 0.00746762, -1.49181e+35, 0.0254669, -1.10683, 0.0233855
155.453, 1.13063, -2758.42, 1.18702, -2758.49, 1.26164, -2760.92, -0.00345053, -0.00345051, -0.00345053, 0.00746762, -1.49181e+35, 0.0254678, -1.10686, 0.0234379
155.504, 1.13064, -2762.15, 1.18704, -2762.21, 1.26166, -2764.64, -0.00344037, -0.00344041, -0.00344037, 0.00746762, -1.49181e+35, 0.0254686, -1.1069, 0.0234883
155.554, 1.13061, -2765.86, 1.187, -2765.92, 1.26162, -2768.36, -0.00343037, -0.00343035, -0.00343038, 0.00746762, -1.49181e+35, 0.0254667, -1.10683, 0.0235366
155.604, 1.13062, -2769.56, 1.18701, -2769.62, 1.26164, -2772.06, -0.00342032, -0.00342022, -0.00342024, 0.00746762, -1.49181e+35, 0.0254675, -1.10686, 0.023583
155.655, 1.13064, -2773.25, 1.18703, -2773.31, 1.26166, -2775.75, -0.00341021, -0.0034102, -0.00341021, 0.00746762, -1.49181e+35, 0.0254683, -1.1069, 0.0236275
155.705, 1.13061, -2776.93, 1.187, -2776.99, 1.26162, -2779.43, -0.00340028, -0.00340027, -0.00340029, 0.00746762, -1.49181e+35, 0.0254672, -1.10683, 0.0236701
155.755, 1.13062, -2780.6, 1.18701, -2780.66, 1.26164, -2783.1, -0.00339015, -0.00339023, -0.00339017, 0.00746762, -1.49181e+35, 0.0254677, -1.10686, 0.0237109
155.806, 1.13064, -2784.26, 1.18703, -2784.32, 1.26166, -2786.75, -0.00338043, -0.00338042, -0.00338043, 0.00746762, -1.49181e+35, 0.0254687, -1.1069, 0.0237499
155.856, 1.13061, -2787.9, 1.187, -2787.97, 1.26162, -2790.4, -0.00337063, -0.00337061, -0.00337064, 0.00746762, -1.49181e+35, 0.0254669, -1.10683, 0.0237871
155.906, 1.13062, -2791.54, 1.18701, -2791.6, 1.26164, -2794.04, -0.00336042, -0.00336038, -0.00336043, 0.00746762, -1.49181e+35, 0.0254676, -1.10686, 0.0238226
155.957, 1.13064, -2795.17, 1.18703, -2795.23, 1.26166, -2797.67, -0.00335033, -0.00335032, -0.00335033, 0.00746762, -1.49181e+35, 0.0254685, -1.10689, 0.0238564
156, 1.13064, -2798.28, 1.18703, -2798.34, 1.26166, -2800.78, -0.00334932, -0.0033493, -0.00334932, 0.00746762, -1.49181e+35, 0.0254684, -1.10689, 0.0238842
156, 1.13064, -2798.28, 1.18703, -2798.34, 1.26166, -2800.78, -0.00334932, -0.0033493, -0.00334932, 0.00880734, -1.49181e+35, 0.0254684, -1.10689, 0.0238844
156.05, 1.13061, -2801.88, 1.187, -2801.95, 1.26162, -2804.38, -0.00333678, -0.00333684, -0.0033368, 0.00880734, -1.49181e+35, 0.0254668, -1.10683, 0.0239479
156.101, 1.13062, -2805.48, 1.18701, -2805.54, 1.26164, -2807.98, -0.00332471, -0.00332467, -0.0033247, 0.00880734, -1.49181e+35, 0.0254678, -1.10686, 0.0240091
156.151, 1.13064, -2809.06, 1.18703, -2809.12, 1.26166, -2811.56, -0.00331311, -0.0033131, -0.00331311, 0.00880734, -1.49181e+35, 0.0254686, -1.10689, 0.0240678
156.202, 1.13061, -2812.63, 1.18699, -2812.7, 1.26162, -2815.13, -0.00330131, -0.00330131, -0.00330123, 0.00880734, -1.49181e+35, 0.0254671, -1.10682, 0.0241241
156.252, 1.13062, -2816.19, 1.18701, -2816.26, 1.26163, -2818.69, -0.00328995, -0.00328994, -0.00328995, 0.00880734, -1.49181e+35, 0.0254677, -1.10685, 0.024178
156.302, 1.13064, -2819.74, 1.18703, -2819.81, 1.26166, -2822.24, -0.00327906, -0.00327903, -0.00327904, 0.00880734, -1.49181e+35, 0.0254688, -1.10689, 0.0242296
156.353, 1.1306, -2823.28, 1.18699, -2823.34, 1.26162, -2825.78, -0.0032688, -0.00326878, -0.0032688, 0.00880734, -1.49181e+35, 0.025467, -1.10682, 0.024279
156.403, 1.13062, -2826.81, 1.18701, -2826.87, 1.26163, -2829.31, -0.00325833, -0.00325837, -0.00325835, 0.00880734, -1.49181e+35, 0.0254677, -1.10685, 0.0243261
156.453, 1.13064, -2830.32, 1.18703, -2830.38, 1.26165, -2832.82, -0.00324816, -0.00324817, -0.00324815, 0.00880734, -1.49181e+35, 0.0254689, -1.10688, 0.0243711
156.504, 1.13058, -2833.82, 1.18697, -2833.89, 1.26159, -2836.32, -0.00323801, -0.00323801, -0.00323801, 0.00880734, -1.49181e+35, 0.0254657, -1.10677, 0.024414
156.554, 1.13062, -2837.31, 1.18701, -2837.38, 1.26163, -2839.81, -0.00322711, -0.00322715, -0.00322711, 0.00880734, -1.49181e+35, 0.0254672, -1.10685, 0.0244549
156.604, 1.13064, -2840.79, 1.18703, -2840.85, 1.26165, -2843.29, -0.00321771, -0.00321775, -0.00321777, 0.00880734, -1.49181e+35, 0.0254679, -1.10688, 0.0244937
156.655, 1.13058, -2844.26, 1.18696, -2844.32, 1.26159, -2846.76, -0.00320755, -0.00320757, -0.00320761, 0.00880734, -1.49181e+35, 0.0254655, -1.10677, 0.0245307
156.705, 1.13062, -2847.71, 1.18701, -2847.78, 1.26163, -2850.21, -0.00319755, -0.00319758, -0.00319756, 0.00880734, -1.49181e+35, 0.0254672, -1.10685, 0.0245656
156.755, 1.13064, -2851.16, 1.18703, -2851.22, 1.26165, -2853.66, -0.00318293, -0.00318296, -0.00318293, 0.00880734, -1.49181e+35, 0.025468, -1.10688, 0.0245988
156.806, 1.13066, -2854.59, 1.18705, -2854.65, 1.26167, -2857.08, -0.00316854, -0.00316853, -0.00316855, 0.00880734, -1.49181e+35, 0.0254692, -1.10692, 0.0246301
156.856, 1.13062, -2858, 1.18701, -2858.07, 1.26163, -2860.5, -0.0031573, -0.00315731, -0.00315732, 0.00880734, -1.49181e+35, 0.0254675, -1.10684, 0.0246596
156.907, 1.13063, -2861.41, 1.18703, -2861.47, 1.26165, -2863.91, -0.00314698, -0.00314697, -0.00314696, 0.00880734, -1.49181e+35, 0.025468, -1.10688, 0.0246873
156.957, 1.13066, -2864.8, 1.18705, -2864.86, 1.26167, -2867.3, -0.00313685, -0.00313684, -0.00313684, 0.00880734, -1.49181e+35, 0.0254691, -1.10692, 0.0247134
157, 1.13066, -2867.71, 1.18705, -2867.77, 1.26167, -2870.21, -0.00312671, -0.0031267, -0.0031267, 0.00880734, -1.49181e+35, 0.0254692, -1.10692, 0.0247344
157, 1.13066, -2867.71, 1.18705, -2867.77, 1.26167, -2870.21, -0.00312671, -0.0031267, -0.0031267, 0.010058, -1.49181e+35, 0.0254692, -1.10692, 0.0247347
157.051, 1.13062, -2871.08, 1.18701, -2871.14, 1.26163, -2873.58, -0.0031166, -0.0031166, -0.0031166, 0.010058, -1.49181e+35, 0.0254673, -1.10684, 0.0247882
157.101, 1.13063, -2874.44, 1.18702, -2874.5, 1.26165, -2876.94, -0.00310634, -0.00310635, -0.00310635, 0.010058, -1.49181e+35, 0.0254682, -1.10688, 0.0248394
157.151, 1.13065, -2877.78, 1.18705, -2877.85, 1.26167, -2880.28, -0.00309633, -0.00309633, -0.00309633, 0.010058, -1.49181e+35, 0.0254691, -1.10692, 0.0248882
157.202, 1.13061, -2881.12, 1.187, -2881.18, 1.26163, -2883.62, -0.00307932, -0.00307932, -0.00307932, 0.010058, -1.49181e+35, 0.0254673, -1.10684, 0.0249346
157.252, 1.13063, -2884.44, 1.18702, -2884.5, 1.26165, -2886.94, -0.0030664, -0.0030664, -0.0030664, 0.010058, -1.49181e+35, 0.0254681, -1.10687, 0.0249787
157.302, 1.13065, -2887.74, 1.18704, -2887.81, 1.26167, -2890.24, -0.00305591, -0.0030559, -0.00305591, 0.010058, -1.49181e+35, 0.0254689, -1.10691, 0.0250205
157.353, 1.13061, -2891.04, 1.187, -2891.1, 1.26163, -2893.54, -0.00304471, -0.00304471, -0.00304471, 0.010058, -1.49181e+35, 0.0254672, -1.10684, 0.0250601
157.403, 1.13063, -2894.32, 1.18702, -2894.38, 1.26165, -2896.82, -0.00303561, -0.0030356, -0.00303563, 0.010058, -1.49181e+35, 0.025468, -1.10687, 0.0250976
157.453, 1.13065, -2897.59, 1.18704, -2897.65, 1.26167, -2900.09, -0.00302548, -0.00302549, -0.00302548, 0.010058, -1.49181e+35, 0.0254687, -1.10691, 0.025133
157.504, 1.13061, -2900.84, 1.187, -2900.91, 1.26163, -2903.34, -0.00300708, -0.00300707, -0.00300707, 0.010058, -1.49181e+35, 0.0254673, -1.10684, 0.0251663
157.554, 1.13063, -2904.09, 1.18702, -2904.15, 1.26165, -2906.59, -0.00299531, -0.0029953, -0.00299532, 0.010058, -1.49181e+35, 0.0254684, -1.10687, 0.0251976
157.604, 1.13065, -2907.32, 1.18704, -2907.38, 1.26167, -2909.81, -0.00298312, -0.00298312, -0.00298313, 0.010058, -1.49181e+35, 0.0254689, -1.10691, 0.0252269
157.655, 1.13061, -2910.53, 1.187, -2910.59, 1.26163, -2913.03, -0.00297498, -0.00297497, -0.00297498, 0.010058, -1.49181e+35, 0.0254673, -1.10684, 0.0252543
157.705, 1.13063, -2913.74, 1.18702, -2913.8, 1.26164, -2916.24, -0.00296478, -0.00296478, -0.00296479, 0.010058, -1.49181e+35, 0.0254682, -1.10687, 0.0252799
157.755, 1.13065, -2916.93, 1.18704, -2916.99, 1.26167, -2919.43, -0.00294638, -0.00294639, -0.00294637, 0.010058, -1.49181e+35, 0.0254691, -1.10691, 0.0253037
157.806, 1.13061, -2920.1, 1.187, -2920.17, 1.26162, -2922.6, -0.00293463, -0.00293466, -0.00293464, 0.010058, -1.49181e+35, 0.0254672, -1.10683, 0.0253256
157.856, 1.13063, -2923.27, 1.18702, -2923.33, 1.26164, -2925.77, -0.00292243, -0.00292241, -0.00292243, 0.010058, -1.49181e+35, 0.0254679, -1.10687, 0.0253459
157.907, 1.13065, -2926.42, 1.18704, -2926.48, 1.26167, -2928.92, -0.00291417, -0.00291416, -0.00291418, 0.010058, -1.49181e+35, 0.0254685, -1.10691, 0.0253644
157.957, 1.13061, -2929.56, 1.187, -2929.62, 1.26162, -2932.06, -0.00290414, -0.00290414, -0.0029041, 0.010058, -1.49181e+35, 0.0254672, -1.10683, 0.0253813
158, 1.13061, -2932.24, 1.187, -2932.31, 1.26162, -2934.74, -0.00289396, -0.00289398, -0.002894, 0.010058, -1.49181e+35, 0.0254666, -1.10683, 0.0253945
158, 1.13061, -2932.24, 1.187, -2932.31, 1.26162, -2934.74, -0.00289396, -0.00289398, -0.002894, 0.0112156, -1.49181e+35, 0.0254666, -1.10683, 0.0253947
158.051, 1.13063, -2935.36, 1.18702, -2935.42, 1.26164, -2937.86, -0.00287513, -0.00287513, -0.00287516, 0.0112156, -1.49181e+35, 0.0254678, -1.10687, 0.0254369
158.101, 1.13065, -2938.46, 1.18704, -2938.52, 1.26166, -2940.96, -0.00286373, -0.00286372, -0.00286374, 0.0112156, -1.49181e+35, 0.0254682, -1.1069, 0.0254769
158.151, 1.13061, -2941.54, 1.187, -2941.61, 1.26162, -2944.04, -0.00285357, -0.00285356, -0.00285356, 0.0112156, -1.49181e+35, 0.0254673, -1.10683, 0.0255146
158.202, 1.13063, -2944.62, 1.18702, -2944.68, 1.26164, -2947.12, -0.00284324, -0.00284325, -0.00284327, 0.0112156, -1.49181e+35, 0.0254676, -1.10686, 0.02555
158.252, 1.13064, -2947.68, 1.18704, -2947.74, 1.26166, -2950.18, -0.00283065, -0.00283073, -0.00283073, 0.0112156, -1.49181e+35, 0.0254688, -1.1069, 0.0255832
158.302, 1.13061, -2950.73, 1.187, -2950.79, 1.26162, -2953.23, -0.00281366, -0.00281363, -0.00281357, 0.0112156, -1.49181e+35, 0.0254669, -1.10683, 0.0256143
158.353, 1.13062, -2953.76, 1.18701, -2953.82, 1.26164, -2956.26, -0.00280291, -0.00280288, -0.00280292, 0.0112156, -1.49181e+35, 0.0254677, -1.10686, 0.0256432
158.403, 1.13064, -2956.78, 1.18703, -2956.84, 1.26166, -2959.28, -0.00279279, -0.00279277, -0.00279279, 0.0112156, -1.49181e+35, 0.0254683, -1.1069, 0.0256701
158.453, 1.13061, -2959.79, 1.187, -2959.85, 1.26162, -2962.29, -0.0027827, -0.0027827, -0.00278274, 0.0112156, -1.49181e+35, 0.0254672, -1.10683, 0.025695
158.504, 1.13062, -2962.78, 1.18701, -2962.84, 1.26164, -2965.28, -0.00276374, -0.00276373, -0.00276375, 0.0112156, -1.49181e+35, 0.0254677, -1.10686, 0.025718
158.554, 1.13064, -2965.76, 1.18703, -2965.82, 1.26166, -2968.26, -0.00275241, -0.0027524, -0.00275241, 0.0112156, -1.49181e+35, 0.0254685, -1.10689, 0.0257391
158.604, 1.13061, -2968.73, 1.187, -2968.79, 1.26162, -2971.23, -0.00274146, -0.00274144, -0.00274146, 0.0112156, -1.49181e+35, 0.025467, -1.10683, 0.0257584
158.655, 1.13062, -2971.68, 1.18701, -2971.74, 1.26164, -2974.18, -0.00273204, -0.002732, -0.00273204, 0.0112156, -1.49181e+35, 0.0254677, -1.10686, 0.0257759
158.705, 1.13064, -2974.62, 1.18703, -2974.68, 1.26166, -2977.12, -0.00271503, -0.00271503, -0.00271503, 0.0112156, -1.49181e+35, 0.0254685, -1.10689, 0.0257916
158.756, 1.13061, -2977.54, 1.187, -2977.61, 1.26162, -2980.04, -0.00270208, -0.00270213, -0.00270206, 0.0112156, -1.49181e+35, 0.025467, -1.10682, 0.0258056
158.806, 1.13062, -2980.46, 1.18701, -2980.52, 1.26164, -2982.96, -0.00269157, -0.00269165, -0.00269157, 0.0112156, -1.49181e+35, 0.0254678, -1.10685, 0.0258179
158.856, 1.13064, -2983.36, 1.18703, -2983.42, 1.26166, -2985.86, -0.00268132, -0.00268132, -0.00268132, 0.0112156, -1.49181e+35, 0.0254685, -1.10689, 0.0258286
158.907, 1.13061, -2986.24, 1.18699, -2986.31, 1.26162, -2988.74, -0.00267157, -0.00267152, -0.00267154, 0.0112156, -1.49181e+35, 0.0254672, -1.10682, 0.0258378
158.957, 1.13062, -2989.12, 1.18701, -2989.18, 1.26164, -2991.61, -0.00265183, -0.00265191, -0.00265184, 0.0112156, -1.49181e+35, 0.0254676, -1.10685, 0.0258453
159, 1.13062, -2991.58, 1.18701, -2991.64, 1.26164, -2994.07, -0.00264147, -0.00264147, -0.00264142, 0.0112156, -1.49181e+35, 0.0254675, -1.10685, 0.0258506
159, 1.13062, -2991.58, 1.18701, -2991.64, 1.26164, -2994.07, -0.00264147, -0.00264147, -0.00264142, 0.0122722, -1.49181e+35, 0.0254675, -1.10685, 0.0258508
159.051, 1.13064, -2994.42, 1.18703, -2994.49, 1.26166, -2996.92, -0.00263092, -0.00263092, -0.00263089, 0.0122722, -1.49181e+35, 0.0254682, -1.10689, 0.0258814
159.101, 1.1306, -2997.26, 1.18699, -2997.32, 1.26162, -2999.76, -0.00262074, -0.00262059, -0.00262052, 0.0122722, -1.49181e+35, 0.0254664, -1.10682, 0.02591
159.151, 1.13062, -3000.08, 1.18701, -3000.14, 1.26163, -3002.58, -0.00261067, -0.0026106, -0.00261067, 0.0122722, -1.49181e+35, 0.0254679, -1.10685, 0.0259365
159.202, 1.13064, -3002.89, 1.18703, -3002.95, 1.26165, -3005.39, -0.00259286, -0.00259281, -0.00259289, 0.0122722, -1.49181e+35, 0.0254677, -1.10688, 0.0259609
159.252, 1.13058, -3005.68, 1.18697, -3005.74, 1.26159, -3008.18, -0.00258044, -0.00258047, -0.00258044, 0.0122722, -1.49181e+35, 0.0254657, -1.10677, 0.0259832
159.302, 1.13062, -3008.46, 1.18701, -3008.53, 1.26163, -3010.96, -0.00257024, -0.00257017, -0.00257021, 0.0122722, -1.49181e+35, 0.0254677, -1.10685, 0.0260036
159.353, 1.13064, -3011.23, 1.18703, -3011.29, 1.26165, -3013.73, -0.00255996, -0.00255994, -0.00256001, 0.0122722, -1.49181e+35, 0.0254691, -1.10688, 0.026022
159.403, 1.13058, -3013.99, 1.18696, -3014.05, 1.26159, -3016.49, -0.00254751, -0.00254741, -0.00254752, 0.0122722, -1.49181e+35, 0.0254659, -1.10677, 0.0260385
159.453, 1.13062, -3016.73, 1.18701, -3016.79, 1.26163, -3019.23, -0.00253029, -0.00253024, -0.0025303, 0.0122722, -1.49181e+35, 0.0254669, -1.10685, 0.0260533
159.504, 1.13064, -3019.45, 1.18703, -3019.52, 1.26165, -3021.95, -0.00251963, -0.00251962, -0.00251968, 0.0122722, -1.49181e+35, 0.0254686, -1.10688, 0.0260663
159.554, 1.13066, -3022.17, 1.18705, -3022.23, 1.26167, -3024.67, -0.00250943, -0.00250946, -0.00250943, 0.0122722, -1.49181e+35, 0.0254695, -1.10692, 0.0260775
159.604, 1.13062, -3024.87, 1.18701, -3024.93, 1.26163, -3027.37, -0.00249919, -0.00249928, -0.00249919, 0.0122722, -1.49181e+35, 0.025467, -1.10684, 0.0260871
159.655, 1.13063, -3027.56, 1.18702, -3027.62, 1.26165, -3030.06, -0.00248237, -0.00248231, -0.00248241, 0.0122722, -1.49181e+35, 0.0254677, -1.10688, 0.026095
159.705, 1.13065, -3030.23, 1.18705, -3030.3, 1.26167, -3032.73, -0.00246921, -0.00246923, -0.00246921, 0.0122722, -1.49181e+35, 0.0254688, -1.10692, 0.0261014
159.756, 1.13062, -3032.89, 1.18701, -3032.96, 1.26163, -3035.39, -0.00245893, -0.00245904, -0.00245892, 0.0122722, -1.49181e+35, 0.0254675, -1.10684, 0.0261062
159.806, 1.13063, -3035.54, 1.18702, -3035.61, 1.26165, -3038.04, -0.00244879, -0.00244875, -0.00244879, 0.0122722, -1.49181e+35, 0.0254684, -1.10688, 0.0261095
159.856, 1.13065, -3038.18, 1.18705, -3038.24, 1.26167, -3040.68, -0.00243857, -0.0024386, -0.00243857, 0.0122722, -1.49181e+35, 0.0254695, -1.10692, 0.0261113
159.907, 1.13062, -3040.8, 1.187, -3040.86, 1.26163, -3043.3, -0.00242164, -0.00242156, -0.00242164, 0.0122722, -1.49181e+35, 0.0254673, -1.10684, 0.0261117
159.957, 1.13063, -3043.41, 1.18702, -3043.47, 1.26165, -3045.91, -0.00240848, -0.00240858, -0.00240844, 0.0122722, -1.49181e+35, 0.0254681, -1.10687, 0.0261107
160, 1.13063, -3045.64, 1.18702, -3045.71, 1.26165, -3048.14, -0.00239824, -0.00239839, -0.00239843, 0.0122722, -1.49181e+35, 0.0254681, -1.10687, 0.0261087
160, 1.13063, -3045.64, 1.18702, -3045.71, 1.26165, -3048.14, -0.00239824, -0.00239839, -0.00239843, 0.0132315, -1.49181e+35, 0.0254681, -1.10687, 0.0261088
160.051, 1.13065, -3048.23, 1.18704, -3048.29, 1.26167, -3050.73, -0.00238801, -0.00238807, -0.00238803, 0.0132315, -1.49181e+35, 0.0254687, -1.10691, 0.0261288
160.101, 1.13061, -3050.8, 1.187, -3050.86, 1.26163, -3053.3, -0.00237736, -0.00237728, -0.00237737, 0.0132315, -1.49181e+35, 0.0254672, -1.10684, 0.0261469
160.151, 1.13063, -3053.36, 1.18702, -3053.42, 1.26165, -3055.86, -0.00236784, -0.0023678, -0.00236784, 0.0132315, -1.49181e+35, 0.025468, -1.10687, 0.0261631
160.202, 1.13065, -3055.91, 1.18704, -3055.97, 1.26167, -3058.41, -0.00235764, -0.00235767, -0.00235764, 0.0132315, -1.49181e+35, 0.0254689, -1.10691, 0.0261775
160.252, 1.13061, -3058.44, 1.187, -3058.51, 1.26163, -3060.94, -0.0023385, -0.00233842, -0.00233851, 0.0132315, -1.49181e+35, 0.0254672, -1.10684, 0.02619
160.302, 1.13063, -3060.96, 1.18702, -3061.03, 1.26165, -3063.46, -0.00232743, -0.00232746, -0.00232744, 0.0132315, -1.49181e+35, 0.025468, -1.10687, 0.0262007
160.353, 1.13065, -3063.47, 1.18704, -3063.53, 1.26167, -3065.97, -0.00231469, -0.00231469, -0.00231469, 0.0132315, -1.49181e+35, 0.0254689, -1.10691, 0.0262097
160.403, 1.13061, -3065.97, 1.187, -3066.03, 1.26163, -3068.47, -0.00230715, -0.00230708, -0.00230715, 0.0132315, -1.49181e+35, 0.0254672, -1.10684, 0.0262171
160.453, 1.13063, -3068.45, 1.18702, -3068.51, 1.26164, -3070.95, -0.00229688, -0.00229692, -0.00229689, 0.0132315, -1.49181e+35, 0.025468, -1.10687, 0.0262228
160.504, 1.13065, -3070.92, 1.18704, -3070.98, 1.26167, -3073.42, -0.00228431, -0.00228432, -0.00228432, 0.0132315, -1.49181e+35, 0.0254688, -1.10691, 0.026227
160.554, 1.13061, -3073.38, 1.187, -3073.44, 1.26162, -3075.88, -0.00226803, -0.00226797, -0.00226791, 0.0132315, -1.49181e+35, 0.0254673, -1.10683, 0.0262296
160.605, 1.13063, -3075.82, 1.18702, -3075.89, 1.26164, -3078.32, -0.00225662, -0.00225667, -0.00225661, 0.0132315, -1.49181e+35, 0.0254678, -1.10687, 0.0262307
160.655, 1.13065, -3078.25, 1.18704, -3078.32, 1.26167, -3080.75, -0.00224638, -0.0022464, -0.00224638, 0.0132315, -1.49181e+35, 0.0254687, -1.10691, 0.0262304
160.705, 1.13061, -3080.67, 1.187, -3080.74, 1.26162, -3083.17, -0.00223555, -0.00223543, -0.00223555, 0.0132315, -1.49181e+35, 0.025467, -1.10683, 0.0262287
160.756, 1.13063, -3083.08, 1.18702, -3083.14, 1.26164, -3085.58, -0.00222606, -0.00222613, -0.00222607, 0.0132315, -1.49181e+35, 0.0254676, -1.10687, 0.0262257
160.806, 1.13065, -3085.48, 1.18704, -3085.54, 1.26166, -3087.98, -0.00221599, -0.00221599, -0.00221599, 0.0132315, -1.49181e+35, 0.0254685, -1.1069, 0.0262213
160.856, 1.13061, -3087.86, 1.187, -3087.92, 1.26162, -3090.36, -0.00220599, -0.00220591, -0.00220599, 0.0132315, -1.49181e+35, 0.0254671, -1.10683, 0.0262156
160.907, 1.13063, -3090.23, 1.18702, -3090.29, 1.26164, -3092.73, -0.00218794, -0.00218806, -0.00218795, 0.0132315, -1.49181e+35, 0.0254677, -1.10686, 0.0262087
160.957, 1.13064, -3092.59, 1.18704, -3092.65, 1.26166, -3095.09, -0.00217595, -0.00217597, -0.00217594, 0.0132315, -1.49181e+35, 0.0254691, -1.1069, 0.0262005
161, 1.13064, -3094.61, 1.18704, -3094.67, 1.26166, -3097.11, -0.00216642, -0.00216644, -0.00216642, 0.0132315, -1.49181e+35, 0.0254687, -1.1069, 0.0261926
161, 1.13064, -3094.61, 1.18704, -3094.67, 1.26166, -3097.11, -0.00216642, -0.00216644, -0.00216642, 0.0140981, -1.49181e+35, 0.0254687, -1.1069, 0.0261926
161.051, 1.13061, -3096.94, 1.187, -3097, 1.26162, -3099.44, -0.00215563, -0.00215554, -0.00215563, 0.0140981, -1.49181e+35, 0.0254671, -1.10683, 0.0262036
161.101, 1.13062, -3099.27, 1.18701, -3099.33, 1.26164, -3101.77, -0.00214514, -0.00214526, -0.00214514, 0.0140981, -1.49181e+35, 0.0254676, -1.10686, 0.0262128
161.151, 1.13064, -3101.58, 1.18703, -3101.64, 1.26166, -3104.08, -0.00213506, -0.00213508, -0.00213506, 0.0140981, -1.49181e+35, 0.0254685, -1.1069, 0.0262204
161.202, 1.13061, -3103.88, 1.187, -3103.94, 1.26162, -3106.38, -0.00212507, -0.00212491, -0.00212507, 0.0140981, -1.49181e+35, 0.0254673, -1.10683, 0.0262264
161.252, 1.13062, -3106.17, 1.18701, -3106.23, 1.26164, -3108.66, -0.00211445, -0.00211438, -0.00211448, 0.0140981, -1.49181e+35, 0.0254682, -1.10686, 0.0262307
161.302, 1.13064, -3108.44, 1.18703, -3108.5, 1.26166, -3110.94, -0.00210469, -0.00210471, -0.0021047, 0.0140981, -1.49181e+35, 0.0254683, -1.10689, 0.0262335
161.353, 1.13061, -3110.71, 1.187, -3110.77, 1.26162, -3113.21, -0.00209466, -0.00209455, -0.00209466, 0.0140981, -1.49181e+35, 0.0254668, -1.10682, 0.0262348
161.403, 1.13062, -3112.96, 1.18701, -3113.02, 1.26164, -3115.46, -0.00208452, -0.00208447, -0.0020844, 0.0140981, -1.49181e+35, 0.0254677, -1.10686, 0.0262346
161.453, 1.13064, -3115.2, 1.18703, -3115.26, 1.26166, -3117.7, -0.00207433, -0.00207435, -0.00207433, 0.0140981, -1.49181e+35, 0.0254683, -1.10689, 0.0262331
161.504, 1.13061, -3117.43, 1.18699, -3117.49, 1.26162, -3119.93, -0.00205997, -0.00206003, -0.00205997, 0.0140981, -1.49181e+35, 0.0254669, -1.10682, 0.0262301
161.554, 1.13062, -3119.65, 1.18701, -3119.71, 1.26164, -3122.14, -0.00204636, -0.0020464, -0.00204637, 0.0140981, -1.49181e+35, 0.0254678, -1.10686, 0.0262259
161.605, 1.13064, -3121.85, 1.18703, -3121.91, 1.26166, -3124.35, -0.00203488, -0.00203489, -0.00203488, 0.0140981, -1.49181e+35, 0.0254683, -1.10689, 0.0262204
161.655, 1.13061, -3124.04, 1.18699, -3124.11, 1.26162, -3126.54, -0.00202449, -0.00202453, -0.00202448, 0.0140981, -1.49181e+35, 0.025467, -1.10682, 0.0262136
161.705, 1.13062, -3126.23, 1.18701, -3126.29, 1.26164, -3128.73, -0.00201389, -0.00201388, -0.00201389, 0.0140981, -1.49181e+35, 0.0254676, -1.10685, 0.0262056
161.756, 1.13064, -3128.4, 1.18703, -3128.46, 1.26166, -3130.9, -0.0020036, -0.0020036, -0.00200362, 0.0140981, -1.49181e+35, 0.0254686, -1.10689, 0.0261965
161.806, 1.1306, -3130.56, 1.18699, -3130.62, 1.26162, -3133.06, -0.00199365, -0.00199372, -0.00199366, 0.0140981, -1.49181e+35, 0.025467, -1.10682, 0.0261862
161.856, 1.13062, -3132.71, 1.18701, -3132.77, 1.26163, -3135.21, -0.00198337, -0.00198336, -0.00198337, 0.0140981, -1.49181e+35, 0.0254679, -1.10685, 0.0261748
161.907, 1.13064, -3134.84, 1.18703, -3134.91, 1.26165, -3137.34, -0.00197316, -0.00197322, -0.00197316, 0.0140981, -1.49181e+35, 0.0254683, -1.10688, 0.0261624
161.957, 1.13058, -3136.97, 1.18697, -3137.03, 1.26159, -3139.47, -0.00196308, -0.00196307, -0.00196308, 0.0140981, -1.49181e+35, 0.0254656, -1.10677, 0.0261489
162, 1.13058, -3138.79, 1.18697, -3138.85, 1.26159, -3141.29, -0.00195324, -0.00195324, -0.00195324, 0.0140981, -1.49181e+35, 0.0254658, -1.10677, 0.0261365
162, 1.13058, -3138.79, 1.18697, -3138.85, 1.26159, -3141.29, -0.00195324, -0.00195324, -0.00195324, 0.0148794, -1.49181e+35, 0.0254658, -1.10677, 0.0261365
162.051, 1.13062, -3140.9, 1.18701, -3140.96, 1.26163, -3143.4, -0.00194314, -0.00194314, -0.00194314, 0.0148794, -1.49181e+35, 0.0254674, -1.10685, 0.0261405
162.101, 1.13064, -3142.99, 1.18703, -3143.06, 1.26165, -3145.49, -0.00193295, -0.00193301, -0.00193295, 0.0148794, -1.49181e+35, 0.0254683, -1.10688, 0.0261429
162.151, 1.13058, -3145.08, 1.18696, -3145.14, 1.26159, -3147.58, -0.00192299, -0.00192298, -0.00192299, 0.0148794, -1.49181e+35, 0.0254655, -1.10677, 0.0261438
162.202, 1.13062, -3147.15, 1.18701, -3147.21, 1.26163, -3149.65, -0.00191303, -0.00191303, -0.00191303, 0.0148794, -1.49181e+35, 0.0254675, -1.10685, 0.0261434
162.252, 1.13063, -3149.21, 1.18703, -3149.28, 1.26165, -3151.71, -0.00190302, -0.00190309, -0.00190304, 0.0148794, -1.49181e+35, 0.0254682, -1.10688, 0.0261416
162.302, 1.13066, -3151.27, 1.18705, -3151.33, 1.26167, -3153.77, -0.00189322, -0.00189321, -0.00189322, 0.0148794, -1.49181e+35, 0.0254691, -1.10692, 0.0261384
162.353, 1.13062, -3153.31, 1.18701, -3153.37, 1.26163, -3155.81, -0.00188346, -0.00188346, -0.00188346, 0.0148794, -1.49181e+35, 0.0254674, -1.10685, 0.026134
162.403, 1.13063, -3155.34, 1.18702, -3155.4, 1.26165, -3157.84, -0.00187438, -0.00187438, -0.00187438, 0.0148794, -1.49181e+35, 0.0254681, -1.10688, 0.0261284
162.454, 1.13065, -3157.36, 1.18705, -3157.42, 1.26167, -3159.86, -0.00186611, -0.00186609, -0.00186612, 0.0148794, -1.49181e+35, 0.0254692, -1.10692, 0.0261215
162.504, 1.13062, -3159.37, 1.18701, -3159.43, 1.26163, -3161.87, -0.00186187, -0.00186187, -0.00186187, 0.0148794, -1.49181e+35, 0.0254674, -1.10684, 0.0261135
162.554, 1.13063, -3161.37, 1.18702, -3161.43, 1.26165, -3163.87, -0.00185174, -0.00185174, -0.00185176, 0.0148794, -1.49181e+35, 0.0254682, -1.10688, 0.0261044
162.605, 1.13065, -3163.36, 1.18705, -3163.42, 1.26167, -3165.86, -0.00184161, -0.0018416, -0.00184161, 0.0148794, -1.49181e+35, 0.0254693, -1.10692, 0.0260942
162.655, 1.13062, -3165.34, 1.187, -3165.4, 1.26163, -3167.84, -0.00183149, -0.00183148, -0.00183148, 0.0148794, -1.49181e+35, 0.0254676, -1.10684, 0.0260829
162.705, 1.13063, -3167.31, 1.18702, -3167.37, 1.26165, -3169.81, -0.00182139, -0.00182139, -0.00182139, 0.0148794, -1.49181e+35, 0.0254683, -1.10688, 0.0260706
162.756, 1.13065, -3169.27, 1.18704, -3169.33, 1.26167, -3171.77, -0.00181099, -0.00181097, -0.00181099, 0.0148794, -1.49181e+35, 0.0254691, -1.10691, 0.0260574
162.806, 1.13061, -3171.22, 1.187, -3171.28, 1.26163, -3173.72, -0.00180115, -0.00180122, -0.00180114, 0.0148794, -1.49181e+35, 0.025467, -1.10684, 0.0260432
162.856, 1.13063, -3173.16, 1.18702, -3173.22, 1.26165, -3175.65, -0.00179097, -0.00179097, -0.00179097, 0.0148794, -1.49181e+35, 0.0254676, -1.10687, 0.0260281
162.907, 1.13065, -3175.08, 1.18704, -3175.15, 1.26167, -3177.58, -0.00178091, -0.0017809, -0.00178092, 0.0148794, -1.49181e+35, 0.0254691, -1.10691, 0.0260121
162.957, 1.13061, -3177, 1.187, -3177.07, 1.26163, -3179.5, -0.00177094, -0.00177091, -0.00177094, 0.0148794, -1.49181e+35, 0.0254673, -1.10684, 0.0259952
163, 1.13061, -3178.65, 1.187, -3178.71, 1.26163, -3181.15, -0.00176827, -0.00176827, -0.00176827, 0.0148794, -1.49181e+35, 0.0254671, -1.10684, 0.0259801
163, 1.13061, -3178.65, 1.187, -3178.71, 1.26163, -3181.15, -0.00176827, -0.00176827, -0.00176827, 0.0155867, -1.49181e+35, 0.0254671, -1.10684, 0.02598
163.051, 1.13063, -3180.55, 1.18702, -3180.61, 1.26164, -3183.05, -0.00176069, -0.00176067, -0.00176069, 0.0155867, -1.49181e+35, 0.0254679, -1.10687, 0.0259791
163.101, 1.13065, -3182.44, 1.18704, -3182.5, 1.26167, -3184.94, -0.00175045, -0.00175052, -0.00175046, 0.0155867, -1.49181e+35, 0.0254682, -1.10691, 0.0259769
163.151, 1.13061, -3184.32, 1.187, -3184.39, 1.26163, -3186.82, -0.0017405, -0.00174048, -0.00174045, 0.0155867, -1.49181e+35, 0.0254674, -1.10683, 0.0259734
163.202, 1.13063, -3186.2, 1.18702, -3186.26, 1.26164, -3188.7, -0.00173028, -0.00173027, -0.00173029, 0.0155867, -1.49181e+35, 0.0254679, -1.10687, 0.0259687
163.252, 1.13065, -3188.06, 1.18704, -3188.12, 1.26167, -3190.56, -0.0017202, -0.00172025, -0.00172022, 0.0155867, -1.49181e+35, 0.0254688, -1.10691, 0.0259629
163.302, 1.13061, -3189.92, 1.187, -3189.98, 1.26162, -3192.41, -0.00171035, -0.00171038, -0.00171034, 0.0155867, -1.49181e+35, 0.0254669, -1.10683, 0.0259559
163.353, 1.13063, -3191.76, 1.18702, -3191.82, 1.26164, -3194.26, -0.00170424, -0.00170417, -0.0017042, 0.0155867, -1.49181e+35, 0.0254681, -1.10687, 0.0259479
163.403, 1.13065, -3193.6, 1.18704, -3193.66, 1.26166, -3196.1, -0.00169996, -0.00169995, -0.00169997, 0.0155867, -1.49181e+35, 0.0254683, -1.1069, 0.0259388
163.454, 1.13061, -3195.42, 1.187, -3195.49, 1.26162, -3197.92, -0.00168979, -0.00168978, -0.0016898, 0.0155867, -1.49181e+35, 0.0254668, -1.10683, 0.0259287
163.504, 1.13063, -3197.24, 1.18702, -3197.3, 1.26164, -3199.74, -0.00167972, -0.0016797, -0.00167972, 0.0155867, -1.49181e+35, 0.0254673, -1.10687, 0.0259177
163.554, 1.13065, -3199.05, 1.18704, -3199.11, 1.26166, -3201.55, -0.00166964, -0.00166963, -0.00166964, 0.0155867, -1.49181e+35, 0.0254688, -1.1069, 0.0259057
163.605, 1.13061, -3200.85, 1.187, -3200.91, 1.26162, -3203.35, -0.00165994, -0.00165991, -0.0016599, 0.0155867, -1.49181e+35, 0.0254669, -1.10683, 0.0258928
163.655, 1.13063, -3202.64, 1.18702, -3202.71, 1.26164, -3205.14, -0.00165946, -0.00165945, -0.00165946, 0.0155867, -1.49181e+35, 0.0254675, -1.10686, 0.0258791
163.705, 1.13064, -3204.42, 1.18704, -3204.49, 1.26166, -3206.92, -0.00164935, -0.00164934, -0.00164935, 0.0155867, -1.49181e+35, 0.0254682, -1.1069, 0.0258645
163.756, 1.13061, -3206.2, 1.187, -3206.26, 1.26162, -3208.7, -0.00163925, -0.00163924, -0.00163925, 0.0155867, -1.49181e+35, 0.0254669, -1.10683, 0.0258491
163.806, 1.13062, -3207.96, 1.18701, -3208.02, 1.26164, -3210.46, -0.00162911, -0.0016291, -0.00162912, 0.0155867, -1.49181e+35, 0.0254671, -1.10686, 0.025833
163.856, 1.13064, -3209.72, 1.18703, -3209.78, 1.26166, -3212.22, -0.00161974, -0.00161972, -0.00161972, 0.0155867, -1.49181e+35, 0.0254687, -1.1069, 0.025816
163.907, 1.13061, -3211.47, 1.187, -3211.53, 1.26162, -3213.97, -0.00161906, -0.00161903, -0.00161903, 0.0155867, -1.49181e+35, 0.0254668, -1.10683, 0.0257984
163.957, 1.13062, -3213.21, 1.18701, -3213.27, 1.26164, -3215.71, -0.00160874, -0.00160877, -0.00160876, 0.0155867, -1.49181e+35, 0.0254675, -1.10686, 0.0257801
164, 1.13062, -3214.7, 1.18701, -3214.76, 1.26164, -3217.19, -0.00159878, -0.00159877, -0.00159879, 0.0155867, -1.49181e+35, 0.0254681, -1.10686, 0.0257637
164, 1.13062, -3214.7, 1.18701, -3214.76, 1.26164, -3217.19, -0.00159878, -0.00159877, -0.00159879, 0.0162262, -1.49181e+35, 0.0254681, -1.10686, 0.0257637
164.051, 1.13064, -3216.42, 1.18703, -3216.48, 1.26166, -3218.92, -0.001591, -0.00159102, -0.00159101, 0.0162262, -1.49181e+35, 0.025469, -1.10689, 0.0257599
164.101, 1.13061, -3218.14, 1.187, -3218.2, 1.26162, -3220.64, -0.00158873, -0.00158871, -0.00158869, 0.0162262, -1.49181e+35, 0.0254672, -1.10682, 0.025755
164.151, 1.13062, -3219.84, 1.18701, -3219.91, 1.26164, -3222.34, -0.00157852, -0.00157851, -0.00157852, 0.0162262, -1.49181e+35, 0.0254672, -1.10686, 0.0257491
164.202, 1.13064, -3221.54, 1.18703, -3221.61, 1.26166, -3224.04, -0.00156843, -0.00156843, -0.00156843, 0.0162262, -1.49181e+35, 0.0254683, -1.10689, 0.0257421
164.252, 1.13061, -3223.24, 1.18699, -3223.3, 1.26162, -3225.74, -0.00156414, -0.00156415, -0.00156414, 0.0162262, -1.49181e+35, 0.0254671, -1.10682, 0.0257342
164.303, 1.13062, -3224.92, 1.18701, -3224.98, 1.26164, -3227.42, -0.00155828, -0.0015583, -0.00155828, 0.0162262, -1.49181e+35, 0.0254674, -1.10685, 0.0257253
164.353, 1.13064, -3226.59, 1.18703, -3226.66, 1.26166, -3229.09, -0.00154816, -0.00154817, -0.00154816, 0.0162262, -1.49181e+35, 0.0254687, -1.10689, 0.0257155
164.403, 1.1306, -3228.26, 1.18699, -3228.33, 1.26162, -3230.76, -0.00153847, -0.00153847, -0.00153847, 0.0162262, -1.49181e+35, 0.0254669, -1.10682, 0.0257049
164.454, 1.13062, -3229.92, 1.18701, -3229.99, 1.26164, -3232.42, -0.00153806, -0.00153806, -0.00153806, 0.0162262, -1.49181e+35, 0.0254676, -1.10685, 0.0256934
164.504, 1.13064, -3231.58, 1.18703, -3231.64, 1.26166, -3234.08, -0.00152746, -0.00152747, -0.00152747, 0.0162262, -1.49181e+35, 0.0254684, -1.10689, 0.0256811
164.554, 1.13058, -3233.22, 1.18697, -3233.28, 1.26159, -3235.72, -0.00151781, -0.00151781, -0.00151781, 0.0162262, -1.49181e+35, 0.0254656, -1.10677, 0.0256681
164.605, 1.13062, -3234.86, 1.18701, -3234.92, 1.26163, -3237.36, -0.0015178, -0.0015178, -0.0015178, 0.0162262, -1.49181e+35, 0.0254674, -1.10685, 0.0256543
164.655, 1.13064, -3236.49, 1.18703, -3236.55, 1.26165, -3238.99, -0.00150757, -0.00150757, -0.00150757, 0.0162262, -1.49181e+35, 0.0254683, -1.10688, 0.0256398
164.705, 1.13058, -3238.11, 1.18697, -3238.17, 1.26159, -3240.61, -0.00149757, -0.00149757, -0.00149757, 0.0162262, -1.49181e+35, 0.0254656, -1.10677, 0.0256246
164.756, 1.13062, -3239.73, 1.18701, -3239.79, 1.26163, -3242.23, -0.00149758, -0.00149758, -0.00149758, 0.0162262, -1.49181e+35, 0.0254674, -1.10685, 0.0256087
164.806, 1.13064, -3241.34, 1.18703, -3241.4, 1.26165, -3243.83, -0.00148734, -0.00148733, -0.00148734, 0.0162262, -1.49181e+35, 0.0254683, -1.10688, 0.0255922
164.856, 1.13058, -3242.94, 1.18696, -3243, 1.26159, -3245.44, -0.00147733, -0.00147733, -0.00147733, 0.0162262, -1.49181e+35, 0.0254656, -1.10677, 0.0255751
164.907, 1.13062, -3244.53, 1.18701, -3244.59, 1.26163, -3247.03, -0.00147734, -0.00147734, -0.00147735, 0.0162262, -1.49181e+35, 0.0254674, -1.10685, 0.0255575
164.957, 1.13063, -3246.12, 1.18703, -3246.18, 1.26165, -3248.62, -0.00146686, -0.00146686, -0.00146686, 0.0162262, -1.49181e+35, 0.0254682, -1.10688, 0.0255392
165, 1.13063, -3247.48, 1.18703, -3247.54, 1.26165, -3249.98, -0.00145742, -0.00145741, -0.0014574, 0.0162262, -1.49181e+35, 0.0254682, -1.10688, 0.0255231
165, 1.13063, -3247.48, 1.18703, -3247.54, 1.26165, -3249.98, -0.00145742, -0.00145741, -0.0014574, 0.0168091, -1.49181e+35, 0.0254682, -1.10688, 0.025523
165.051, 1.13066, -3249.05, 1.18705, -3249.11, 1.26167, -3251.55, -0.00145708, -0.00145709, -0.00145709, 0.0168091, -1.49181e+35, 0.025469, -1.10692, 0.0255182
165.101, 1.13062, -3250.62, 1.18701, -3250.68, 1.26163, -3253.12, -0.00144699, -0.001447, -0.00144698, 0.0168091, -1.49181e+35, 0.0254675, -1.10684, 0.0255124
165.151, 1.13063, -3252.18, 1.18702, -3252.24, 1.26165, -3254.68, -0.00144253, -0.00144253, -0.00144254, 0.0168091, -1.49181e+35, 0.0254683, -1.10688, 0.0255057
165.202, 1.13065, -3253.73, 1.18705, -3253.79, 1.26167, -3256.23, -0.00143686, -0.00143687, -0.00143684, 0.0168091, -1.49181e+35, 0.0254689, -1.10692, 0.0254982
165.252, 1.13062, -3255.28, 1.18701, -3255.34, 1.26163, -3257.78, -0.0014268, -0.00142679, -0.0014268, 0.0168091, -1.49181e+35, 0.0254671, -1.10684, 0.0254898
165.303, 1.13063, -3256.82, 1.18702, -3256.88, 1.26165, -3259.32, -0.00142668, -0.00142669, -0.00142668, 0.0168091, -1.49181e+35, 0.0254679, -1.10688, 0.0254807
165.353, 1.13065, -3258.35, 1.18704, -3258.41, 1.26167, -3260.85, -0.00141662, -0.00141663, -0.00141663, 0.0168091, -1.49181e+35, 0.0254693, -1.10692, 0.0254708
165.403, 1.13062, -3259.88, 1.187, -3259.94, 1.26163, -3262.38, -0.00140973, -0.00140973, -0.00140972, 0.0168091, -1.49181e+35, 0.0254674, -1.10684, 0.0254602
165.454, 1.13063, -3261.4, 1.18702, -3261.46, 1.26165, -3263.9, -0.00140638, -0.00140636, -0.00140635, 0.0168091, -1.49181e+35, 0.0254681, -1.10688, 0.0254489
165.504, 1.13065, -3262.91, 1.18704, -3262.98, 1.26167, -3265.41, -0.00139641, -0.00139641, -0.00139642, 0.0168091, -1.49181e+35, 0.0254689, -1.10691, 0.0254369
165.554, 1.13061, -3264.42, 1.187, -3264.48, 1.26163, -3266.92, -0.0013964, -0.00139642, -0.00139642, 0.0168091, -1.49181e+35, 0.0254666, -1.10684, 0.0254243
165.605, 1.13063, -3265.92, 1.18702, -3265.98, 1.26165, -3268.42, -0.00138627, -0.00138628, -0.00138627, 0.0168091, -1.49181e+35, 0.0254681, -1.10687, 0.0254111
165.655, 1.13065, -3267.42, 1.18704, -3267.48, 1.26167, -3269.92, -0.00138623, -0.00138623, -0.00138624, 0.0168091, -1.49181e+35, 0.0254689, -1.10691, 0.0253972
165.705, 1.13061, -3268.91, 1.187, -3268.97, 1.26163, -3271.41, -0.00137619, -0.00137617, -0.00137617, 0.0168091, -1.49181e+35, 0.0254672, -1.10684, 0.0253828
165.756, 1.13063, -3270.39, 1.18702, -3270.45, 1.26164, -3272.89, -0.00136844, -0.00136844, -0.00136845, 0.0168091, -1.49181e+35, 0.0254679, -1.10687, 0.0253679
165.806, 1.13065, -3271.87, 1.18704, -3271.93, 1.26167, -3274.37, -0.00136574, -0.00136578, -0.0013658, 0.0168091, -1.49181e+35, 0.0254689, -1.10691, 0.0253525
165.856, 1.13061, -3273.34, 1.187, -3273.4, 1.26163, -3275.84, -0.00135622, -0.00135619, -0.00135619, 0.0168091, -1.49181e+35, 0.025467, -1.10683, 0.0253365
165.907, 1.13063, -3274.8, 1.18702, -3274.87, 1.26164, -3277.3, -0.00135593, -0.00135591, -0.00135593, 0.0168091, -1.49181e+35, 0.0254676, -1.10687, 0.0253201
165.957, 1.13065, -3276.26, 1.18704, -3276.33, 1.26167, -3278.76, -0.00134581, -0.00134582, -0.00134581, 0.0168091, -1.49181e+35, 0.0254695, -1.10691, 0.0253032
166, 1.13065, -3277.51, 1.18704, -3277.58, 1.26167, -3280.01, -0.00134574, -0.00134577, -0.00134575, 0.0168091, -1.49181e+35, 0.0254689, -1.10691, 0.0252884
166, 1.13065, -3277.51, 1.18704, -3277.58, 1.26167, -3280.01, -0.00134574, -0.00134577, -0.00134575, 0.0173474, -1.49181e+35, 0.0254689, -1.10691, 0.0252883
166.051, 1.13061, -3278.96, 1.187, -3279.02, 1.26162, -3281.46, -0.00133574, -0.00133577, -0.00133574, 0.0173474, -1.49181e+35, 0.0254674, -1.10683, 0.025284
166.101, 1.13063, -3280.4, 1.18702, -3280.47, 1.26164, -3282.9, -0.00133565, -0.00133567, -0.00133565, 0.0173474, -1.49181e+35, 0.0254675, -1.10687, 0.0252787
166.152, 1.13065, -3281.84, 1.18704, -3281.91, 1.26166, -3284.34, -0.00132559, -0.00132559, -0.0013256, 0.0173474, -1.49181e+35, 0.0254685, -1.1069, 0.0252728
166.202, 1.13061, -3283.27, 1.187, -3283.34, 1.26162, -3285.77, -0.00132561, -0.00132559, -0.0013256, 0.0173474, -1.49181e+35, 0.0254669, -1.10683, 0.0252661
166.252, 1.13063, -3284.7, 1.18702, -3284.76, 1.26164, -3287.2, -0.00131546, -0.00131544, -0.00131547, 0.0173474, -1.49181e+35, 0.0254675, -1.10687, 0.0252587
166.303, 1.13065, -3286.12, 1.18704, -3286.18, 1.26166, -3288.62, -0.00131544, -0.00131547, -0.00131545, 0.0173474, -1.49181e+35, 0.0254688, -1.1069, 0.0252506
166.353, 1.13061, -3287.54, 1.187, -3287.6, 1.26162, -3290.04, -0.00130535, -0.00130536, -0.00130539, 0.0173474, -1.49181e+35, 0.0254667, -1.10683, 0.0252419
166.403, 1.13063, -3288.95, 1.18702, -3289.01, 1.26164, -3291.45, -0.00130529, -0.00130528, -0.0013053, 0.0173474, -1.49181e+35, 0.0254673, -1.10686, 0.0252326
166.454, 1.13065, -3290.35, 1.18704, -3290.42, 1.26166, -3292.85, -0.00129526, -0.00129524, -0.00129522, 0.0173474, -1.49181e+35, 0.0254687, -1.1069, 0.0252227
166.504, 1.13061, -3291.75, 1.187, -3291.81, 1.26162, -3294.25, -0.00129523, -0.00129523, -0.00129523, 0.0173474, -1.49181e+35, 0.0254673, -1.10683, 0.0252122
166.554, 1.13062, -3293.15, 1.18701, -3293.21, 1.26164, -3295.65, -0.00128526, -0.00128525, -0.00128522, 0.0173474, -1.49181e+35, 0.0254674, -1.10686, 0.0252012
166.605, 1.13064, -3294.53, 1.18703, -3294.6, 1.26166, -3297.03, -0.00128494, -0.00128496, -0.00128494, 0.0173474, -1.49181e+35, 0.025469, -1.1069, 0.0251897
166.655, 1.13061, -3295.92, 1.187, -3295.98, 1.26162, -3298.42, -0.00127602, -0.00127605, -0.00127603, 0.0173474, -1.49181e+35, 0.0254671, -1.10683, 0.0251777
166.705, 1.13062, -3297.3, 1.18701, -3297.36, 1.26164, -3299.8, -0.00127498, -0.00127496, -0.00127498, 0.0173474, -1.49181e+35, 0.0254681, -1.10686, 0.0251652
166.756, 1.13064, -3298.67, 1.18703, -3298.74, 1.26166, -3301.17, -0.00127494, -0.00127492, -0.00127502, 0.0173474, -1.49181e+35, 0.025468, -1.10689, 0.0251522
166.806, 1.13061, -3300.04, 1.187, -3300.1, 1.26162, -3302.54, -0.00126487, -0.00126488, -0.00126488, 0.0173474, -1.49181e+35, 0.0254667, -1.10682, 0.0251389
166.856, 1.13062, -3301.41, 1.18701, -3301.47, 1.26164, -3303.91, -0.00126485, -0.00126485, -0.00126485, 0.0173474, -1.49181e+35, 0.0254672, -1.10685, 0.0251251
166.907, 1.13064, -3302.76, 1.18703, -3302.83, 1.26166, -3305.26, -0.00125468, -0.00125475, -0.00125469, 0.0173474, -1.49181e+35, 0.0254684, -1.10689, 0.0251109
166.957, 1.13061, -3304.12, 1.18699, -3304.18, 1.26162, -3306.62, -0.00125489, -0.00125487, -0.0012549, 0.0173474, -1.49181e+35, 0.0254668, -1.10682, 0.0250963
167, 1.13061, -3305.28, 1.18699, -3305.34, 1.26162, -3307.78, -0.0012449, -0.0012449, -0.0012449, 0.0173474, -1.49181e+35, 0.0254669, -1.10682, 0.0250835
167, 1.13061, -3305.28, 1.18699, -3305.34, 1.26162, -3307.78, -0.0012449, -0.0012449, -0.0012449, 0.0178454, -1.49181e+35, 0.0254669, -1.10682, 0.0250834
167.051, 1.13062, -3306.62, 1.18701, -3306.69, 1.26164, -3309.12, -0.00124402, -0.00124402, -0.00124402, 0.0178454, -1.49181e+35, 0.0254679, -1.10685, 0.0250805
167.101, 1.13064, -3307.97, 1.18703, -3308.03, 1.26166, -3310.47, -0.00124457, -0.00124456, -0.00124456, 0.0178454, -1.49181e+35, 0.0254681, -1.10689, 0.0250768
167.152, 1.1306, -3309.3, 1.18699, -3309.37, 1.26162, -3311.8, -0.00123464, -0.00123463, -0.00123464, 0.0178454, -1.49181e+35, 0.0254666, -1.10682, 0.0250725
167.202, 1.13062, -3310.64, 1.18701, -3310.7, 1.26164, -3313.14, -0.00123449, -0.00123448, -0.00123449, 0.0178454, -1.49181e+35, 0.0254675, -1.10685, 0.0250676
167.252, 1.13064, -3311.96, 1.18703, -3312.03, 1.26166, -3314.46, -0.00122435, -0.0012244, -0.00122443, 0.0178454, -1.49181e+35, 0.0254681, -1.10689, 0.025062
167.303, 1.13058, -3313.29, 1.18697, -3313.35, 1.26159, -3315.78, -0.00122434, -0.00122433, -0.00122426, 0.0178454, -1.49181e+35, 0.0254657, -1.10677, 0.0250559
167.353, 1.13062, -3314.61, 1.18701, -3314.67, 1.26163, -3317.11, -0.00121667, -0.00121667, -0.00121667, 0.0178454, -1.49181e+35, 0.0254673, -1.10685, 0.0250491
167.403, 1.13064, -3315.92, 1.18703, -3315.98, 1.26165, -3318.42, -0.00121419, -0.00121425, -0.00121427, 0.0178454, -1.49181e+35, 0.0254683, -1.10688, 0.0250419
167.454, 1.13058, -3317.23, 1.18697, -3317.29, 1.26159, -3319.73, -0.00121425, -0.00121424, -0.00121425, 0.0178454, -1.49181e+35, 0.0254655, -1.10677, 0.0250342
167.504, 1.13062, -3318.53, 1.18701, -3318.6, 1.26163, -3321.03, -0.00120415, -0.00120414, -0.00120414, 0.0178454, -1.49181e+35, 0.0254675, -1.10685, 0.0250259
167.554, 1.13064, -3319.83, 1.18703, -3319.9, 1.26165, -3322.33, -0.00120411, -0.00120411, -0.00120403, 0.0178454, -1.49181e+35, 0.0254683, -1.10688, 0.0250172
167.605, 1.13058, -3321.13, 1.18696, -3321.2, 1.26159, -3323.63, -0.0011997, -0.00119969, -0.0011997, 0.0178454, -1.49181e+35, 0.0254656, -1.10677, 0.025008
167.655, 1.13062, -3322.42, 1.18701, -3322.49, 1.26163, -3324.92, -0.00119403, -0.00119402, -0.00119403, 0.0178454, -1.49181e+35, 0.0254675, -1.10685, 0.0249984
167.705, 1.13063, -3323.71, 1.18703, -3323.78, 1.26165, -3326.21, -0.00119395, -0.00119402, -0.00119394, 0.0178454, -1.49181e+35, 0.0254682, -1.10688, 0.0249884
167.756, 1.13066, -3325, 1.18705, -3325.06, 1.26167, -3327.5, -0.00118391, -0.0011839, -0.00118392, 0.0178454, -1.49181e+35, 0.0254691, -1.10692, 0.0249781
167.806, 1.13062, -3326.28, 1.18701, -3326.34, 1.26163, -3328.78, -0.00118284, -0.00118284, -0.00118284, 0.0178454, -1.49181e+35, 0.0254674, -1.10684, 0.0249673
167.856, 1.13063, -3327.55, 1.18702, -3327.62, 1.26165, -3330.05, -0.0011839, -0.0011839, -0.00118382, 0.0178454, -1.49181e+35, 0.0254682, -1.10688, 0.0249562
167.907, 1.13065, -3328.83, 1.18705, -3328.89, 1.26167, -3331.32, -0.00117377, -0.00117376, -0.00117377, 0.0178454, -1.49181e+35, 0.0254691, -1.10692, 0.0249447
167.957, 1.13062, -3330.09, 1.187, -3330.16, 1.26163, -3332.59, -0.00117379, -0.00117379, -0.00117379, 0.0178454, -1.49181e+35, 0.0254673, -1.10684, 0.0249329
168.001, 1.13062, -3331.18, 1.187, -3331.25, 1.26163, -3333.68, -0.00117379, -0.00117379, -0.00117379, 0.0178454, -1.49181e+35, 0.0254674, -1.10684, 0.0249225
168.001, 1.13062, -3331.18, 1.187, -3331.25, 1.26163, -3333.68, -0.00117379, -0.00117379, -0.00117379, 0.0183149, -1.49181e+35, 0.0254674, -1.10684, 0.0249225
168.051, 1.13063, -3332.44, 1.18702, -3332.51, 1.26165, -3334.94, -0.00116366, -0.00116366, -0.00116366, 0.0183149, -1.49181e+35, 0.0254681, -1.10688, 0.0249217
168.101, 1.13065, -3333.7, 1.18704, -3333.76, 1.26167, -3336.2, -0.00116363, -0.00116361, -0.00116363, 0.0183149, -1.49181e+35, 0.0254691, -1.10692, 0.0249203
168.152, 1.13061, -3334.96, 1.187, -3335.02, 1.26163, -3337.46, -0.00116368, -0.00116368, -0.00116368, 0.0183149, -1.49181e+35, 0.0254674, -1.10684, 0.0249183
168.202, 1.13063, -3336.2, 1.18702, -3336.27, 1.26165, -3338.7, -0.00115347, -0.00115354, -0.00115347, 0.0183149, -1.49181e+35, 0.0254681, -1.10687, 0.0249157
168.252, 1.13065, -3337.45, 1.18704, -3337.51, 1.26167, -3339.95, -0.00115352, -0.00115352, -0.00115352, 0.0183149, -1.49181e+35, 0.025469, -1.10691, 0.0249125
168.303, 1.13061, -3338.69, 1.187, -3338.76, 1.26163, -3341.19, -0.00115356, -0.00115356, -0.00115356, 0.0183149, -1.49181e+35, 0.0254674, -1.10684, 0.0249089
168.353, 1.13063, -3339.93, 1.18702, -3339.99, 1.26165, -3342.43, -0.00114335, -0.00114342, -0.00114335, 0.0183149, -1.49181e+35, 0.0254682, -1.10687, 0.0249047
168.403, 1.13065, -3341.16, 1.18704, -3341.23, 1.26167, -3343.66, -0.0011434, -0.0011434, -0.00114341, 0.0183149, -1.49181e+35, 0.0254687, -1.10691, 0.0249
168.454, 1.13061, -3342.4, 1.187, -3342.46, 1.26163, -3344.9, -0.00114344, -0.00114344, -0.00114344, 0.0183149, -1.49181e+35, 0.0254671, -1.10684, 0.0248949
168.504, 1.13063, -3343.62, 1.18702, -3343.69, 1.26164, -3346.12, -0.00113326, -0.00113331, -0.00113325, 0.0183149, -1.49181e+35, 0.0254683, -1.10687, 0.0248893
168.554, 1.13065, -3344.85, 1.18704, -3344.91, 1.26167, -3347.35, -0.00113329, -0.00113326, -0.00113329, 0.0183149, -1.49181e+35, 0.0254688, -1.10691, 0.0248833
168.605, 1.13061, -3346.07, 1.187, -3346.13, 1.26162, -3348.57, -0.00113333, -0.00113332, -0.00113332, 0.0183149, -1.49181e+35, 0.025467, -1.10684, 0.0248769
168.655, 1.13063, -3347.28, 1.18702, -3347.35, 1.26164, -3349.78, -0.00112319, -0.00112318, -0.00112321, 0.0183149, -1.49181e+35, 0.0254683, -1.10687, 0.0248702
168.705, 1.13065, -3348.5, 1.18704, -3348.56, 1.26167, -3351, -0.00112314, -0.00112311, -0.00112314, 0.0183149, -1.49181e+35, 0.0254688, -1.10691, 0.024863
168.756, 1.13061, -3349.71, 1.187, -3349.77, 1.26162, -3352.21, -0.00112319, -0.00112318, -0.00112319, 0.0183149, -1.49181e+35, 0.025467, -1.10683, 0.0248555
168.806, 1.13063, -3350.92, 1.18702, -3350.98, 1.26164, -3353.41, -0.001113, -0.00111307, -0.00111299, 0.0183149, -1.49181e+35, 0.0254678, -1.10687, 0.0248476
168.857, 1.13065, -3352.12, 1.18704, -3352.18, 1.26166, -3354.62, -0.00111303, -0.00111303, -0.00111303, 0.0183149, -1.49181e+35, 0.0254687, -1.1069, 0.0248395
168.907, 1.13061, -3353.32, 1.187, -3353.38, 1.26162, -3355.82, -0.00111309, -0.00111309, -0.00111316, 0.0183149, -1.49181e+35, 0.025467, -1.10683, 0.024831
168.957, 1.13063, -3354.52, 1.18702, -3354.58, 1.26164, -3357.02, -0.00110296, -0.00110296, -0.00110291, 0.0183149, -1.49181e+35, 0.025468, -1.10686, 0.0248222
169.001, 1.13063, -3355.54, 1.18702, -3355.6, 1.26164, -3358.04, -0.00110291, -0.00110295, -0.00110291, 0.0183149, -1.49181e+35, 0.0254676, -1.10686, 0.0248144
169.001, 1.13063, -3355.54, 1.18702, -3355.6, 1.26164, -3358.04, -0.00110291, -0.00110295, -0.00110291, 0.0187561, -1.49181e+35, 0.0254676, -1.10686, 0.0248143
169.051, 1.13065, -3356.73, 1.18704, -3356.79, 1.26166, -3359.23, -0.00110295, -0.00110295, -0.00110294, 0.0187561, -1.49181e+35, 0.0254685, -1.1069, 0.0248159
169.101, 1.13061, -3357.92, 1.187, -3357.98, 1.26162, -3360.42, -0.00110304, -0.00110291, -0.00110304, 0.0187561, -1.49181e+35, 0.025467, -1.10683, 0.0248169
169.152, 1.13063, -3359.1, 1.18702, -3359.17, 1.26164, -3361.6, -0.00109276, -0.00109283, -0.00109279, 0.0187561, -1.49181e+35, 0.0254681, -1.10686, 0.0248173
169.202, 1.13064, -3360.28, 1.18704, -3360.35, 1.26166, -3362.78, -0.00109281, -0.00109283, -0.00109282, 0.0187561, -1.49181e+35, 0.0254686, -1.1069, 0.0248172
169.252, 1.13061, -3361.46, 1.187, -3361.53, 1.26162, -3363.96, -0.00109292, -0.0010928, -0.00109291, 0.0187561, -1.49181e+35, 0.0254671, -1.10683, 0.0248166
169.303, 1.13062, -3362.64, 1.18701, -3362.7, 1.26164, -3365.14, -0.00108279, -0.00108271, -0.00108277, 0.0187561, -1.49181e+35, 0.0254677, -1.10686, 0.0248154
169.353, 1.13064, -3363.81, 1.18703, -3363.87, 1.26166, -3366.31, -0.00108267, -0.00108271, -0.00108269, 0.0187561, -1.49181e+35, 0.0254681, -1.1069, 0.0248138
169.403, 1.13061, -3364.98, 1.187, -3365.04, 1.26162, -3367.48, -0.00108283, -0.00108272, -0.00108283, 0.0187561, -1.49181e+35, 0.0254677, -1.10683, 0.0248118
169.454, 1.13062, -3366.14, 1.18701, -3366.21, 1.26164, -3368.64, -0.00107676, -0.00107687, -0.00107676, 0.0187561, -1.49181e+35, 0.0254682, -1.10686, 0.0248093
169.504, 1.13064, -3367.3, 1.18703, -3367.37, 1.26166, -3369.8, -0.00107252, -0.00107259, -0.00107252, 0.0187561, -1.49181e+35, 0.0254688, -1.10689, 0.0248064
169.554, 1.13061, -3368.46, 1.187, -3368.52, 1.26162, -3370.96, -0.00107271, -0.00107272, -0.00107271, 0.0187561, -1.49181e+35, 0.0254668, -1.10682, 0.0248031
169.605, 1.13062, -3369.62, 1.18701, -3369.68, 1.26164, -3372.12, -0.00107252, -0.00107259, -0.00107249, 0.0187561, -1.49181e+35, 0.0254678, -1.10685, 0.0247994
169.655, 1.13064, -3370.77, 1.18703, -3370.83, 1.26166, -3373.27, -0.00106244, -0.00106233, -0.00106244, 0.0187561, -1.49181e+35, 0.0254686, -1.10689, 0.0247953
169.705, 1.13061, -3371.92, 1.18699, -3371.98, 1.26162, -3374.42, -0.00106263, -0.00106265, -0.00106263, 0.0187561, -1.49181e+35, 0.0254664, -1.10682, 0.0247909
169.756, 1.13062, -3373.07, 1.18701, -3373.13, 1.26164, -3375.57, -0.00106255, -0.00106248, -0.00106238, 0.0187561, -1.49181e+35, 0.0254676, -1.10685, 0.0247862
169.806, 1.13064, -3374.21, 1.18703, -3374.28, 1.26166, -3376.71, -0.00106245, -0.00106247, -0.00106245, 0.0187561, -1.49181e+35, 0.0254685, -1.10689, 0.0247811
169.857, 1.1306, -3375.35, 1.18699, -3375.42, 1.26162, -3377.85, -0.00105251, -0.00105255, -0.00105251, 0.0187561, -1.49181e+35, 0.0254666, -1.10682, 0.0247757
169.907, 1.13062, -3376.49, 1.18701, -3376.55, 1.26163, -3378.99, -0.00105223, -0.00105236, -0.00105226, 0.0187561, -1.49181e+35, 0.0254678, -1.10685, 0.02477
169.957, 1.13064, -3377.63, 1.18703, -3377.69, 1.26166, -3380.13, -0.00105235, -0.00105236, -0.00105235, 0.0187561, -1.49181e+35, 0.025468, -1.10689, 0.024764
170.001, 1.13064, -3378.6, 1.18703, -3378.67, 1.26166, -3381.1, -0.00105234, -0.00105236, -0.00105235, 0.0187561, -1.49181e+35, 0.0254681, -1.10689, 0.0247587
170.001, 1.13064, -3378.6, 1.18703, -3378.67, 1.26166, -3381.1, -0.00105234, -0.00105236, -0.00105235, 0.019177, -1.49181e+35, 0.0254681, -1.10689, 0.0247586
170.051, 1.13058, -3379.73, 1.18697, -3379.79, 1.26159, -3382.23, -0.00104223, -0.00104225, -0.00104223, 0.019177, -1.49181e+35, 0.0254654, -1.10677, 0.0247626
170.101, 1.13062, -3380.86, 1.18701, -3380.92, 1.26163, -3383.36, -0.00104216, -0.00104224, -0.00104221, 0.019177, -1.49181e+35, 0.0254675, -1.10685, 0.0247659
170.152, 1.13064, -3381.98, 1.18703, -3382.04, 1.26165, -3384.48, -0.00104223, -0.00104224, -0.00104223, 0.019177, -1.49181e+35, 0.0254683, -1.10689, 0.0247687
170.202, 1.13058, -3383.11, 1.18697, -3383.17, 1.26159, -3385.61, -0.00104224, -0.00104209, -0.00104224, 0.019177, -1.49181e+35, 0.025466, -1.10677, 0.024771
170.252, 1.13062, -3384.22, 1.18701, -3384.29, 1.26163, -3386.72, -0.00103203, -0.00103211, -0.00103206, 0.019177, -1.49181e+35, 0.0254677, -1.10685, 0.0247728
170.303, 1.13064, -3385.34, 1.18703, -3385.4, 1.26165, -3387.84, -0.0010321, -0.00103212, -0.00103208, 0.019177, -1.49181e+35, 0.0254683, -1.10688, 0.0247741
170.353, 1.13058, -3386.45, 1.18696, -3386.51, 1.26159, -3388.95, -0.00103212, -0.00103199, -0.00103212, 0.019177, -1.49181e+35, 0.0254656, -1.10677, 0.024775
170.403, 1.13062, -3387.57, 1.18701, -3387.63, 1.26163, -3390.07, -0.00102955, -0.00102958, -0.00102956, 0.019177, -1.49181e+35, 0.0254672, -1.10684, 0.0247754
170.454, 1.13063, -3388.67, 1.18702, -3388.73, 1.26165, -3391.17, -0.00102194, -0.001022, -0.00102198, 0.019177, -1.49181e+35, 0.0254686, -1.10688, 0.0247754
170.504, 1.13066, -3389.77, 1.18705, -3389.84, 1.26167, -3392.27, -0.0010201, -0.00101997, -0.0010201, 0.019177, -1.49181e+35, 0.0254689, -1.10692, 0.024775
170.554, 1.13062, -3390.88, 1.18701, -3390.94, 1.26163, -3393.38, -0.00102192, -0.00102201, -0.00102193, 0.019177, -1.49181e+35, 0.0254676, -1.10684, 0.0247742
170.605, 1.13063, -3391.98, 1.18702, -3392.04, 1.26165, -3394.48, -0.00101753, -0.00101758, -0.00101752, 0.019177, -1.49181e+35, 0.0254678, -1.10688, 0.024773
170.655, 1.13065, -3393.07, 1.18705, -3393.14, 1.26167, -3395.57, -0.00101188, -0.00101192, -0.00101188, 0.019177, -1.49181e+35, 0.0254692, -1.10692, 0.0247715
170.706, 1.13062, -3394.17, 1.187, -3394.23, 1.26163, -3396.67, -0.00101176, -0.00101187, -0.0010118, 0.019177, -1.49181e+35, 0.0254675, -1.10684, 0.0247696
170.756, 1.13063, -3395.26, 1.18702, -3395.32, 1.26165, -3397.76, -0.00101197, -0.00101188, -0.00101185, 0.019177, -1.49181e+35, 0.0254678, -1.10688, 0.0247674
170.806, 1.13065, -3396.35, 1.18704, -3396.41, 1.26167, -3398.85, -0.00101188, -0.00101172, -0.00101188, 0.019177, -1.49181e+35, 0.0254693, -1.10692, 0.0247648
170.857, 1.13061, -3397.43, 1.187, -3397.5, 1.26163, -3399.93, -0.00100181, -0.00100176, -0.00100168, 0.019177, -1.49181e+35, 0.0254675, -1.10684, 0.024762
170.907, 1.13063, -3398.52, 1.18702, -3398.58, 1.26165, -3401.01, -0.00100173, -0.00100176, -0.00100174, 0.019177, -1.49181e+35, 0.0254677, -1.10687, 0.0247588
170.957, 1.13065, -3399.6, 1.18704, -3399.66, 1.26167, -3402.1, -0.00100176, -0.00100176, -0.00100176, 0.019177, -1.49181e+35, 0.0254688, -1.10691, 0.0247554
171.001, 1.13065, -3400.53, 1.18704, -3400.59, 1.26167, -3403.03, -0.00100176, -0.0010016, -0.00100176, 0.019177, -1.49181e+35, 0.0254689, -1.10692, 0.0247522
171.001, 1.13065, -3400.53, 1.18704, -3400.59, 1.26167, -3403.03, -0.00100176, -0.0010016, -0.00100176, 0.0195777, -1.49181e+35, 0.0254689, -1.10692, 0.0247522
171.051, 1.13061, -3401.6, 1.187, -3401.67, 1.26163, -3404.1, -0.000991694, -0.000991634, -0.000991716, 0.0195777, -1.49181e+35, 0.0254675, -1.10684, 0.0247581
171.101, 1.13063, -3402.67, 1.18702, -3402.74, 1.26165, -3405.17, -0.000991602, -0.000991644, -0.000991602, 0.0195777, -1.49181e+35, 0.0254682, -1.10687, 0.0247635
171.152, 1.13065, -3403.74, 1.18704, -3403.81, 1.26167, -3406.24, -0.000991639, -0.000991682, -0.000991639, 0.0195777, -1.49181e+35, 0.0254687, -1.10691, 0.0247684
171.202, 1.13061, -3404.82, 1.187, -3404.88, 1.26163, -3407.31, -0.000991692, -0.000991633, -0.000991714, 0.0195777, -1.49181e+35, 0.0254671, -1.10683, 0.0247727
171.252, 1.13063, -3405.88, 1.18702, -3405.95, 1.26164, -3408.38, -0.000981555, -0.00098158, -0.000981564, 0.0195777, -1.49181e+35, 0.0254678, -1.10687, 0.0247766
171.303, 1.13065, -3406.94, 1.18704, -3407.01, 1.26167, -3409.44, -0.00098152, -0.000981523, -0.00098152, 0.0195777, -1.49181e+35, 0.0254688, -1.10691, 0.0247799
171.353, 1.13061, -3408, 1.187, -3408.06, 1.26162, -3410.5, -0.000981325, -0.000981394, -0.000981325, 0.0195777, -1.49181e+35, 0.0254671, -1.10683, 0.0247829
171.403, 1.13063, -3409.06, 1.18702, -3409.12, 1.26164, -3411.56, -0.000981495, -0.000981522, -0.000981495, 0.0195777, -1.49181e+35, 0.0254679, -1.10687, 0.0247854
171.454, 1.13065, -3410.12, 1.18704, -3410.18, 1.26167, -3412.62, -0.0009732, -0.000973205, -0.0009732, 0.0195777, -1.49181e+35, 0.0254687, -1.10691, 0.0247874
171.504, 1.13061, -3411.17, 1.187, -3411.23, 1.26162, -3413.67, -0.000971471, -0.000971382, -0.000971471, 0.0195777, -1.49181e+35, 0.0254672, -1.10683, 0.0247891
171.554, 1.13063, -3412.22, 1.18702, -3412.28, 1.26164, -3414.72, -0.000971376, -0.000971402, -0.000971376, 0.0195777, -1.49181e+35, 0.0254677, -1.10686, 0.0247903
171.605, 1.13065, -3413.27, 1.18704, -3413.33, 1.26166, -3415.77, -0.000971395, -0.000971404, -0.000971401, 0.0195777, -1.49181e+35, 0.0254687, -1.1069, 0.0247912
171.655, 1.13061, -3414.32, 1.187, -3414.38, 1.26162, -3416.82, -0.000971493, -0.000971375, -0.000971493, 0.0195777, -1.49181e+35, 0.0254672, -1.10683, 0.0247918
171.706, 1.13063, -3415.36, 1.18702, -3415.42, 1.26164, -3417.86, -0.00096126, -0.000961287, -0.00096126, 0.0195777, -1.49181e+35, 0.0254679, -1.10686, 0.0247919
171.756, 1.13065, -3416.4, 1.18704, -3416.46, 1.26166, -3418.89, -0.000961279, -0.000961285, -0.000961282, 0.0195777, -1.49181e+35, 0.0254687, -1.1069, 0.0247918
171.806, 1.13061, -3417.43, 1.187, -3417.5, 1.26162, -3419.93, -0.000961374, -0.000961256, -0.000961374, 0.0195777, -1.49181e+35, 0.025467, -1.10683, 0.0247913
171.857, 1.13063, -3418.47, 1.18702, -3418.53, 1.26164, -3420.97, -0.000961231, -0.000961282, -0.000961282, 0.0195777, -1.49181e+35, 0.0254678, -1.10686, 0.0247904
171.907, 1.13064, -3419.5, 1.18704, -3419.57, 1.26166, -3422, -0.00095117, -0.000951177, -0.000951177, 0.0195777, -1.49181e+35, 0.0254686, -1.1069, 0.0247893
171.957, 1.13061, -3420.53, 1.187, -3420.59, 1.26162, -3423.03, -0.000951128, -0.000951274, -0.000951127, 0.0195777, -1.49181e+35, 0.0254671, -1.10683, 0.0247879
172.001, 1.13061, -3421.41, 1.187, -3421.48, 1.26162, -3423.91, -0.000951127, -0.000951274, -0.000951127, 0.0195777, -1.49181e+35, 0.0254671, -1.10683, 0.0247865
172.001, 1.13061, -3421.41, 1.187, -3421.48, 1.26162, -3423.91, -0.000951127, -0.000951274, -0.000951127, 0.0199582, -1.49181e+35, 0.0254671, -1.10683, 0.0247865
172.051, 1.13062, -3422.44, 1.18701, -3422.5, 1.26164, -3424.94, -0.000951163, -0.000951177, -0.000951163, 0.0199582, -1.49181e+35, 0.0254677, -1.10686, 0.0247939
172.101, 1.13064, -3423.47, 1.18703, -3423.53, 1.26166, -3425.97, -0.000951166, -0.00095105, -0.000951166, 0.0199582, -1.49181e+35, 0.0254685, -1.1069, 0.0248008
172.152, 1.13061, -3424.49, 1.187, -3424.55, 1.26162, -3426.99, -0.000941009, -0.000941155, -0.000941009, 0.0199582, -1.49181e+35, 0.025467, -1.10683, 0.0248072
172.202, 1.13062, -3425.5, 1.18701, -3425.57, 1.26164, -3428, -0.000941043, -0.000941062, -0.000941043, 0.0199582, -1.49181e+35, 0.0254676, -1.10686, 0.024813
172.252, 1.13064, -3426.52, 1.18703, -3426.58, 1.26166, -3429.02, -0.000941047, -0.000940931, -0.000941047, 0.0199582, -1.49181e+35, 0.0254686, -1.10689, 0.0248184
172.303, 1.13061, -3427.54, 1.18699, -3427.6, 1.26162, -3430.03, -0.000941009, -0.000941151, -0.000941009, 0.0199582, -1.49181e+35, 0.025467, -1.10682, 0.0248233
172.353, 1.13062, -3428.55, 1.18701, -3428.61, 1.26164, -3431.05, -0.000930934, -0.000930953, -0.000930934, 0.0199582, -1.49181e+35, 0.0254676, -1.10685, 0.0248278
172.403, 1.13064, -3429.55, 1.18703, -3429.61, 1.26166, -3432.05, -0.000930929, -0.000930829, -0.000930929, 0.0199582, -1.49181e+35, 0.0254685, -1.10689, 0.0248318
172.454, 1.13061, -3430.56, 1.18699, -3430.62, 1.26162, -3433.06, -0.000931087, -0.000931065, -0.000931087, 0.0199582, -1.49181e+35, 0.0254667, -1.10682, 0.0248354
172.504, 1.13062, -3431.56, 1.18701, -3431.62, 1.26164, -3434.06, -0.000930922, -0.000930946, -0.000930922, 0.0199582, -1.49181e+35, 0.0254673, -1.10685, 0.0248386
172.555, 1.13064, -3432.57, 1.18703, -3432.63, 1.26166, -3435.07, -0.000923211, -0.000923214, -0.000923211, 0.0199582, -1.49181e+35, 0.0254682, -1.10689, 0.0248414
172.605, 1.1306, -3433.56, 1.18699, -3433.62, 1.26162, -3436.06, -0.000920969, -0.000920941, -0.000920969, 0.0199582, -1.49181e+35, 0.0254669, -1.10682, 0.0248438
172.655, 1.13062, -3434.56, 1.18701, -3434.62, 1.26163, -3437.05, -0.000920804, -0.000920825, -0.000920804, 0.0199582, -1.49181e+35, 0.0254675, -1.10685, 0.0248458
172.706, 1.13064, -3435.55, 1.18703, -3435.61, 1.26166, -3438.05, -0.000920807, -0.000920813, -0.00092081, 0.0199582, -1.49181e+35, 0.025468, -1.10689, 0.0248475
172.756, 1.13058, -3436.54, 1.18697, -3436.61, 1.26159, -3439.04, -0.00092081, -0.000920786, -0.00092081, 0.0199582, -1.49181e+35, 0.0254653, -1.10677, 0.0248488
172.806, 1.13062, -3437.53, 1.18701, -3437.59, 1.26163, -3440.03, -0.000910683, -0.000910715, -0.000910683, 0.0199582, -1.49181e+35, 0.0254672, -1.10685, 0.0248498
172.857, 1.13064, -3438.51, 1.18703, -3438.58, 1.26165, -3441.01, -0.000910691, -0.000910735, -0.000910691, 0.0199582, -1.49181e+35, 0.0254682, -1.10689, 0.0248505
172.907, 1.13058, -3439.5, 1.18697, -3439.56, 1.26159, -3442, -0.000910692, -0.000910627, -0.000910692, 0.0199582, -1.49181e+35, 0.0254656, -1.10677, 0.0248508
172.957, 1.13062, -3440.48, 1.18701, -3440.54, 1.26163, -3442.98, -0.000910682, -0.000910711, -0.000910682, 0.0199582, -1.49181e+35, 0.0254674, -1.10685, 0.0248509
173.001, 1.13062, -3441.33, 1.18701, -3441.39, 1.26163, -3443.83, -0.000904833, -0.000904857, -0.000904833, 0.0199582, -1.49181e+35, 0.0254674, -1.10685, 0.0248507
173.001, 1.13062, -3441.33, 1.18701, -3441.39, 1.26163, -3443.83, -0.000904833, -0.000904857, -0.000904833, 0.0203201, -1.49181e+35, 0.0254674, -1.10685, 0.0248507
173.051, 1.13064, -3442.3, 1.18703, -3442.36, 1.26165, -3444.8, -0.000900572, -0.000900576, -0.00090057, 0.0203201, -1.49181e+35, 0.0254682, -1.10688, 0.0248591
173.101, 1.13058, -3443.27, 1.18696, -3443.33, 1.26159, -3445.77, -0.000900415, -0.000900545, -0.000900573, 0.0203201, -1.49181e+35, 0.0254657, -1.10677, 0.024867
173.152, 1.13062, -3444.24, 1.18701, -3444.31, 1.26163, -3446.74, -0.000900541, -0.000900599, -0.000900541, 0.0203201, -1.49181e+35, 0.0254671, -1.10684, 0.0248744
173.202, 1.13063, -3445.22, 1.18702, -3445.28, 1.26165, -3447.72, -0.000900572, -0.000900616, -0.000900572, 0.0203201, -1.49181e+35, 0.0254686, -1.10688, 0.0248812
173.252, 1.13066, -3446.18, 1.18705, -3446.25, 1.26167, -3448.68, -0.000890456, -0.000890434, -0.000890456, 0.0203201, -1.49181e+35, 0.0254694, -1.10692, 0.0248876
173.303, 1.13062, -3447.14, 1.18701, -3447.21, 1.26163, -3449.64, -0.000890412, -0.000890486, -0.000890442, 0.0203201, -1.49181e+35, 0.0254675, -1.10684, 0.0248935
173.353, 1.13063, -3448.11, 1.18702, -3448.17, 1.26165, -3450.61, -0.000890453, -0.000890498, -0.000890453, 0.0203201, -1.49181e+35, 0.0254685, -1.10688, 0.0248989
173.403, 1.13065, -3449.07, 1.18705, -3449.13, 1.26167, -3451.57, -0.000890454, -0.000890382, -0.000890454, 0.0203201, -1.49181e+35, 0.0254686, -1.10692, 0.0249039
173.454, 1.13061, -3450.03, 1.187, -3450.09, 1.26163, -3452.53, -0.000881044, -0.000881125, -0.000881026, 0.0203201, -1.49181e+35, 0.0254677, -1.10684, 0.0249085
173.504, 1.13063, -3450.98, 1.18702, -3451.04, 1.26165, -3453.48, -0.000880334, -0.00088034, -0.000880331, 0.0203201, -1.49181e+35, 0.0254682, -1.10688, 0.0249126
173.555, 1.13065, -3451.93, 1.18704, -3451.99, 1.26167, -3454.43, -0.000880177, -0.000880252, -0.000880177, 0.0203201, -1.49181e+35, 0.0254692, -1.10692, 0.0249164
173.605, 1.13061, -3452.88, 1.187, -3452.94, 1.26163, -3455.38, -0.000880318, -0.000880373, -0.000880323, 0.0203201, -1.49181e+35, 0.0254671, -1.10684, 0.0249197
173.655, 1.13063, -3453.83, 1.18702, -3453.89, 1.26165, -3456.33, -0.000880333, -0.000880369, -0.000880333, 0.0203201, -1.49181e+35, 0.0254681, -1.10687, 0.0249227
173.706, 1.13065, -3454.77, 1.18704, -3454.83, 1.26167, -3457.27, -0.000870216, -0.000870293, -0.000870216, 0.0203201, -1.49181e+35, 0.0254692, -1.10691, 0.0249254
173.756, 1.13061, -3455.71, 1.187, -3455.77, 1.26163, -3458.21, -0.0008702, -0.00087025, -0.0008702, 0.0203201, -1.49181e+35, 0.0254672, -1.10684, 0.0249277
173.806, 1.13063, -3456.65, 1.18702, -3456.71, 1.26165, -3459.15, -0.000870214, -0.000870222, -0.000870211, 0.0203201, -1.49181e+35, 0.0254682, -1.10687, 0.0249296
173.857, 1.13065, -3457.59, 1.18704, -3457.65, 1.26167, -3460.09, -0.000870214, -0.000870096, -0.000870214, 0.0203201, -1.49181e+35, 0.0254694, -1.10691, 0.0249312
173.907, 1.13061, -3458.53, 1.187, -3458.59, 1.26163, -3461.03, -0.000860242, -0.000860147, -0.000860243, 0.0203201, -1.49181e+35, 0.0254673, -1.10684, 0.0249324
173.957, 1.13063, -3459.46, 1.18702, -3459.52, 1.26164, -3461.96, -0.000860086, -0.000860097, -0.000860092, 0.0203201, -1.49181e+35, 0.025468, -1.10687, 0.0249334
174.001, 1.13063, -3460.25, 1.18702, -3460.32, 1.26164, -3462.75, -0.000860083, -0.000860103, -0.000860089, 0.0203201, -1.49181e+35, 0.0254681, -1.10687, 0.024934
174.001, 1.13063, -3460.25, 1.18702, -3460.32, 1.26164, -3462.75, -0.000860083, -0.000860103, -0.000860089, 0.0206641, -1.49181e+35, 0.0254681, -1.10687, 0.024934
174.051, 1.13065, -3461.18, 1.18704, -3461.25, 1.26167, -3463.68, -0.000860097, -0.000859979, -0.000860097, 0.0206641, -1.49181e+35, 0.0254692, -1.10691, 0.0249429
174.101, 1.13061, -3462.11, 1.187, -3462.18, 1.26162, -3464.61, -0.000860046, -0.000860153, -0.000860046, 0.0206641, -1.49181e+35, 0.0254673, -1.10683, 0.0249512
174.152, 1.13063, -3463.03, 1.18702, -3463.1, 1.26164, -3465.53, -0.00084996, -0.000849986, -0.000849978, 0.0206641, -1.49181e+35, 0.0254675, -1.10687, 0.024959
174.202, 1.13065, -3463.95, 1.18704, -3464.01, 1.26167, -3466.45, -0.000849977, -0.000849883, -0.000850017, 0.0206641, -1.49181e+35, 0.0254685, -1.10691, 0.0249663
174.252, 1.13061, -3464.87, 1.187, -3464.93, 1.26162, -3467.37, -0.000849939, -0.000850038, -0.00084994, 0.0206641, -1.49181e+35, 0.0254671, -1.10683, 0.0249731
174.303, 1.13063, -3465.79, 1.18702, -3465.85, 1.26164, -3468.29, -0.000849976, -0.000849986, -0.000849976, 0.0206641, -1.49181e+35, 0.0254678, -1.10687, 0.0249795
174.353, 1.13065, -3466.7, 1.18704, -3466.76, 1.26166, -3469.2, -0.000839892, -0.000839831, -0.000839892, 0.0206641, -1.49181e+35, 0.0254682, -1.1069, 0.0249854
174.404, 1.13061, -3467.61, 1.187, -3467.67, 1.26162, -3470.11, -0.000839831, -0.00083993, -0.000839831, 0.0206641, -1.49181e+35, 0.0254665, -1.10683, 0.0249909
174.454, 1.13063, -3468.51, 1.18702, -3468.58, 1.26164, -3471.01, -0.00083974, -0.000839763, -0.000839749, 0.0206641, -1.49181e+35, 0.0254675, -1.10686, 0.0249959
174.504, 1.13065, -3469.42, 1.18704, -3469.48, 1.26166, -3471.92, -0.000839858, -0.000839813, -0.00083986, 0.0206641, -1.49181e+35, 0.0254691, -1.1069, 0.0250005
174.555, 1.13061, -3470.33, 1.187, -3470.39, 1.26162, -3472.83, -0.000832913, -0.00083302, -0.00083292, 0.0206641, -1.49181e+35, 0.0254668, -1.10683, 0.0250047
174.605, 1.13063, -3471.22, 1.18702, -3471.29, 1.26164, -3473.72, -0.000829743, -0.000829624, -0.000829738, 0.0206641, -1.49181e+35, 0.0254675, -1.10686, 0.0250085
174.655, 1.13064, -3472.12, 1.18704, -3472.18, 1.26166, -3474.62, -0.000829741, -0.000829862, -0.000829741, 0.0206641, -1.49181e+35, 0.0254688, -1.1069, 0.025012
174.706, 1.13061, -3473.02, 1.187, -3473.08, 1.26162, -3475.51, -0.000829724, -0.000829855, -0.000829741, 0.0206641, -1.49181e+35, 0.0254669, -1.10683, 0.025015
174.756, 1.13062, -3473.91, 1.18701, -3473.97, 1.26164, -3476.41, -0.00082974, -0.000829753, -0.00082974, 0.0206641, -1.49181e+35, 0.0254673, -1.10686, 0.0250177
174.806, 1.13064, -3474.8, 1.18703, -3474.86, 1.26166, -3477.3, -0.000819622, -0.00081954, -0.000819645, 0.0206641, -1.49181e+35, 0.0254682, -1.1069, 0.0250201
174.857, 1.13061, -3475.68, 1.187, -3475.75, 1.26162, -3478.18, -0.000819583, -0.000819671, -0.000819583, 0.0206641, -1.49181e+35, 0.0254666, -1.10682, 0.0250221
174.907, 1.13062, -3476.57, 1.18701, -3476.63, 1.26164, -3479.07, -0.000819604, -0.000819636, -0.000819621, 0.0206641, -1.49181e+35, 0.0254679, -1.10686, 0.0250238
174.957, 1.13064, -3477.45, 1.18703, -3477.52, 1.26166, -3479.95, -0.000819622, -0.000819567, -0.000819622, 0.0206641, -1.49181e+35, 0.0254683, -1.10689, 0.0250252
175.001, 1.13064, -3478.21, 1.18703, -3478.28, 1.26166, -3480.71, -0.000809744, -0.000809701, -0.000809742, 0.0206641, -1.49181e+35, 0.0254689, -1.10689, 0.0250262
175.001, 1.13064, -3478.21, 1.18703, -3478.28, 1.26166, -3480.71, -0.000809744, -0.000809701, -0.000809742, 0.020988, -1.49181e+35, 0.0254689, -1.10689, 0.0250262
175.051, 1.13061, -3479.09, 1.18699, -3479.15, 1.26162, -3481.59, -0.000809662, -0.000809582, -0.000809662, 0.020988, -1.49181e+35, 0.025467, -1.10682, 0.025035
175.101, 1.13062, -3479.96, 1.18701, -3480.02, 1.26164, -3482.46, -0.000809499, -0.000809512, -0.000809501, 0.020988, -1.49181e+35, 0.0254676, -1.10685, 0.0250432
175.152, 1.13064, -3480.84, 1.18703, -3480.9, 1.26166, -3483.33, -0.000809503, -0.000809373, -0.000809503, 0.020988, -1.49181e+35, 0.0254683, -1.10689, 0.025051
175.202, 1.13061, -3481.71, 1.18699, -3481.77, 1.26162, -3484.21, -0.000809731, -0.000809643, -0.000809731, 0.020988, -1.49181e+35, 0.0254665, -1.10682, 0.0250582
175.252, 1.13062, -3482.57, 1.18701, -3482.64, 1.26164, -3485.07, -0.000799378, -0.000799403, -0.000799378, 0.020988, -1.49181e+35, 0.0254677, -1.10685, 0.025065
175.303, 1.13064, -3483.44, 1.18703, -3483.5, 1.26166, -3485.94, -0.000799384, -0.000799417, -0.000799383, 0.020988, -1.49181e+35, 0.0254683, -1.10689, 0.0250713
175.353, 1.1306, -3484.3, 1.18699, -3484.36, 1.26162, -3486.8, -0.000799543, -0.000799518, -0.00079951, 0.020988, -1.49181e+35, 0.0254667, -1.10682, 0.0250772
175.404, 1.13062, -3485.16, 1.18701, -3485.23, 1.26163, -3487.66, -0.000799365, -0.000799403, -0.000799367, 0.020988, -1.49181e+35, 0.0254678, -1.10685, 0.0250826
175.454, 1.13064, -3486.02, 1.18703, -3486.08, 1.26166, -3488.52, -0.000789164, -0.000789237, -0.00078924, 0.020988, -1.49181e+35, 0.0254685, -1.10689, 0.0250876
175.504, 1.13058, -3486.87, 1.18697, -3486.93, 1.26159, -3489.37, -0.000789214, -0.000789184, -0.00078921, 0.020988, -1.49181e+35, 0.0254655, -1.10677, 0.0250922
175.555, 1.13062, -3487.72, 1.18701, -3487.79, 1.26163, -3490.22, -0.000789228, -0.000789201, -0.000789236, 0.020988, -1.49181e+35, 0.0254676, -1.10685, 0.0250963
175.605, 1.13064, -3488.58, 1.18703, -3488.64, 1.26165, -3491.08, -0.000789261, -0.000789238, -0.00078926, 0.020988, -1.49181e+35, 0.0254685, -1.10689, 0.0251001
175.655, 1.13058, -3489.42, 1.18697, -3489.49, 1.26159, -3491.92, -0.000779199, -0.000779178, -0.000779199, 0.020988, -1.49181e+35, 0.0254656, -1.10677, 0.0251036
175.706, 1.13062, -3490.27, 1.18701, -3490.33, 1.26163, -3492.77, -0.000779118, -0.000779085, -0.000779119, 0.020988, -1.49181e+35, 0.0254677, -1.10685, 0.0251066
175.756, 1.13064, -3491.11, 1.18703, -3491.17, 1.26165, -3493.61, -0.00077905, -0.000779033, -0.000779054, 0.020988, -1.49181e+35, 0.0254682, -1.10688, 0.0251093
175.806, 1.13058, -3491.95, 1.18696, -3492.01, 1.26159, -3494.45, -0.000779167, -0.000779157, -0.000779099, 0.020988, -1.49181e+35, 0.0254656, -1.10677, 0.0251116
175.857, 1.13062, -3492.79, 1.18701, -3492.85, 1.26163, -3495.29, -0.000770339, -0.000770395, -0.00077036, 0.020988, -1.49181e+35, 0.0254673, -1.10684, 0.0251137
175.907, 1.13063, -3493.62, 1.18702, -3493.68, 1.26165, -3496.12, -0.000769012, -0.000769001, -0.000769017, 0.020988, -1.49181e+35, 0.0254683, -1.10688, 0.0251153
175.957, 1.13065, -3494.45, 1.18705, -3494.51, 1.26167, -3496.95, -0.00076899, -0.000768983, -0.00076899, 0.020988, -1.49181e+35, 0.0254692, -1.10692, 0.0251167
176.001, 1.13065, -3495.16, 1.18705, -3495.23, 1.26167, -3497.66, -0.000768954, -0.000768948, -0.000768955, 0.020988, -1.49181e+35, 0.0254692, -1.10692, 0.0251177
176.001, 1.13065, -3495.16, 1.18705, -3495.23, 1.26167, -3497.66, -0.000768954, -0.000768948, -0.000768955, 0.0212956, -1.49181e+35, 0.0254692, -1.10692, 0.0251177
176.051, 1.13062, -3495.99, 1.18701, -3496.06, 1.26163, -3498.49, -0.000768969, -0.000768967, -0.000768973, 0.0212956, -1.49181e+35, 0.0254675, -1.10684, 0.025126
176.101, 1.13063, -3496.82, 1.18702, -3496.88, 1.26165, -3499.32, -0.000758895, -0.000758879, -0.000758899, 0.0212956, -1.49181e+35, 0.0254682, -1.10688, 0.0251339
176.152, 1.13065, -3497.64, 1.18705, -3497.7, 1.26167, -3500.14, -0.000758845, -0.000758908, -0.000758864, 0.0212956, -1.49181e+35, 0.0254692, -1.10692, 0.0251412
176.202, 1.13061, -3498.46, 1.187, -3498.52, 1.26163, -3500.96, -0.000758939, -0.000758926, -0.000758975, 0.0212956, -1.49181e+35, 0.0254675, -1.10684, 0.0251481
176.253, 1.13063, -3499.28, 1.18702, -3499.34, 1.26165, -3501.77, -0.000758906, -0.000758863, -0.000758905, 0.0212956, -1.49181e+35, 0.0254684, -1.10688, 0.0251545
176.303, 1.13065, -3500.09, 1.18704, -3500.15, 1.26167, -3502.59, -0.000748817, -0.000748801, -0.000748739, 0.0212956, -1.49181e+35, 0.025469, -1.10692, 0.0251605
176.353, 1.13061, -3500.9, 1.187, -3500.96, 1.26163, -3503.4, -0.000748753, -0.00074882, -0.000748753, 0.0212956, -1.49181e+35, 0.0254673, -1.10684, 0.025166
176.404, 1.13063, -3501.71, 1.18702, -3501.77, 1.26165, -3504.21, -0.000748776, -0.000748755, -0.000748776, 0.0212956, -1.49181e+35, 0.0254681, -1.10687, 0.0251711
176.454, 1.13065, -3502.52, 1.18704, -3502.58, 1.26167, -3505.02, -0.00074871, -0.000748788, -0.000748789, 0.0212956, -1.49181e+35, 0.025469, -1.10691, 0.0251757
176.504, 1.13061, -3503.32, 1.187, -3503.38, 1.26163, -3505.82, -0.000738946, -0.000738935, -0.000738943, 0.0212956, -1.49181e+35, 0.0254674, -1.10684, 0.02518
176.555, 1.13063, -3504.12, 1.18702, -3504.18, 1.26165, -3506.62, -0.000738663, -0.000738631, -0.000738662, 0.0212956, -1.49181e+35, 0.025468, -1.10687, 0.0251839
176.605, 1.13065, -3504.92, 1.18704, -3504.98, 1.26167, -3507.42, -0.000738254, -0.000738332, -0.000738254, 0.0212956, -1.49181e+35, 0.025469, -1.10691, 0.0251873
176.655, 1.13061, -3505.71, 1.187, -3505.78, 1.26163, -3508.21, -0.000738725, -0.000738702, -0.000738725, 0.0212956, -1.49181e+35, 0.0254673, -1.10684, 0.0251905
176.706, 1.13063, -3506.51, 1.18702, -3506.57, 1.26164, -3509.01, -0.000732807, -0.000732791, -0.000732812, 0.0212956, -1.49181e+35, 0.0254678, -1.10687, 0.0251932
176.756, 1.13065, -3507.3, 1.18704, -3507.36, 1.26167, -3509.8, -0.000728552, -0.000728549, -0.000728552, 0.0212956, -1.49181e+35, 0.0254688, -1.10691, 0.0251956
176.806, 1.13061, -3508.09, 1.187, -3508.15, 1.26162, -3510.58, -0.00072859, -0.000728583, -0.000728595, 0.0212956, -1.49181e+35, 0.0254671, -1.10683, 0.0251977
176.857, 1.13063, -3508.87, 1.18702, -3508.94, 1.26164, -3511.37, -0.00072854, -0.000728524, -0.000728545, 0.0212956, -1.49181e+35, 0.0254679, -1.10687, 0.0251994
176.907, 1.13065, -3509.66, 1.18704, -3509.72, 1.26167, -3512.16, -0.000728552, -0.00072855, -0.000728552, 0.0212956, -1.49181e+35, 0.0254688, -1.1069, 0.0252008
176.957, 1.13061, -3510.44, 1.187, -3510.5, 1.26162, -3512.94, -0.000718471, -0.000718456, -0.000718476, 0.0212956, -1.49181e+35, 0.0254671, -1.10683, 0.0252019
177.001, 1.13061, -3511.1, 1.187, -3511.17, 1.26162, -3513.6, -0.000718471, -0.000718456, -0.000718471, 0.0212956, -1.49181e+35, 0.0254671, -1.10683, 0.0252026
177.001, 1.13061, -3511.1, 1.187, -3511.17, 1.26162, -3513.6, -0.000718471, -0.000718456, -0.000718471, 0.021583, -1.49181e+35, 0.0254671, -1.10683, 0.0252026
177.051, 1.13063, -3511.88, 1.18702, -3511.94, 1.26164, -3514.38, -0.00071842, -0.000718392, -0.00071842, 0.021583, -1.49181e+35, 0.0254679, -1.10686, 0.0252102
177.101, 1.13065, -3512.66, 1.18704, -3512.72, 1.26166, -3515.16, -0.000718433, -0.000718431, -0.000718433, 0.021583, -1.49181e+35, 0.0254687, -1.1069, 0.0252173
177.152, 1.13061, -3513.43, 1.187, -3513.49, 1.26162, -3515.93, -0.000708395, -0.00070838, -0.000708414, 0.021583, -1.49181e+35, 0.0254671, -1.10683, 0.025224
177.202, 1.13063, -3514.19, 1.18702, -3514.25, 1.26164, -3516.69, -0.000708298, -0.000708286, -0.000708304, 0.021583, -1.49181e+35, 0.0254678, -1.10686, 0.0252301
177.253, 1.13065, -3514.96, 1.18704, -3515.02, 1.26166, -3517.46, -0.000708312, -0.000708311, -0.000708313, 0.021583, -1.49181e+35, 0.0254687, -1.1069, 0.0252358
177.303, 1.13061, -3515.72, 1.187, -3515.78, 1.26162, -3518.22, -0.000708376, -0.000708345, -0.000708369, 0.021583, -1.49181e+35, 0.025467, -1.10683, 0.0252411
177.353, 1.13063, -3516.48, 1.18702, -3516.55, 1.26164, -3518.98, -0.000698603, -0.000698593, -0.000698598, 0.021583, -1.49181e+35, 0.0254678, -1.10686, 0.025246
177.404, 1.13064, -3517.24, 1.18704, -3517.3, 1.26166, -3519.74, -0.000698195, -0.000698193, -0.000698194, 0.021583, -1.49181e+35, 0.0254686, -1.1069, 0.0252504
177.454, 1.13061, -3517.99, 1.187, -3518.05, 1.26162, -3520.49, -0.00069769, -0.000697658, -0.00069769, 0.021583, -1.49181e+35, 0.0254671, -1.10683, 0.0252545
177.504, 1.13062, -3518.75, 1.18701, -3518.81, 1.26164, -3521.25, -0.000698159, -0.000698145, -0.000698159, 0.021583, -1.49181e+35, 0.0254678, -1.10686, 0.0252581
177.555, 1.13064, -3519.5, 1.18703, -3519.56, 1.26166, -3522, -0.000695664, -0.00069566, -0.000695664, 0.021583, -1.49181e+35, 0.0254687, -1.1069, 0.0252614
177.605, 1.13061, -3520.24, 1.187, -3520.31, 1.26162, -3522.74, -0.000688143, -0.000688128, -0.000688158, 0.021583, -1.49181e+35, 0.025467, -1.10683, 0.0252642
177.655, 1.13062, -3520.99, 1.18701, -3521.05, 1.26164, -3523.49, -0.000688055, -0.000688021, -0.000688055, 0.021583, -1.49181e+35, 0.0254676, -1.10686, 0.0252668
177.706, 1.13064, -3521.73, 1.18703, -3521.79, 1.26166, -3524.23, -0.000688074, -0.000688064, -0.000688077, 0.021583, -1.49181e+35, 0.0254686, -1.10689, 0.025269
177.756, 1.13061, -3522.47, 1.18699, -3522.53, 1.26162, -3524.97, -0.000688163, -0.000688144, -0.000688163, 0.021583, -1.49181e+35, 0.0254667, -1.10682, 0.0252708
177.806, 1.13062, -3523.21, 1.18701, -3523.27, 1.26164, -3525.71, -0.000677945, -0.000677902, -0.000677951, 0.021583, -1.49181e+35, 0.0254677, -1.10685, 0.0252723
177.857, 1.13064, -3523.94, 1.18703, -3524, 1.26166, -3526.44, -0.000677954, -0.000677948, -0.000677956, 0.021583, -1.49181e+35, 0.0254685, -1.10689, 0.0252736
177.907, 1.1306, -3524.67, 1.18699, -3524.73, 1.26162, -3527.17, -0.000678063, -0.000678127, -0.000678163, 0.021583, -1.49181e+35, 0.025467, -1.10682, 0.0252744
177.958, 1.13062, -3525.4, 1.18701, -3525.47, 1.26164, -3527.9, -0.000678003, -0.000677979, -0.000678017, 0.021583, -1.49181e+35, 0.0254673, -1.10685, 0.025275
178.001, 1.13062, -3526.03, 1.18701, -3526.09, 1.26164, -3528.53, -0.000667805, -0.000667795, -0.000667817, 0.021583, -1.49181e+35, 0.0254675, -1.10685, 0.0252753
178.001, 1.13062, -3526.03, 1.18701, -3526.09, 1.26164, -3528.53, -0.000667805, -0.000667795, -0.000667817, 0.0218501, -1.49181e+35, 0.0254675, -1.10685, 0.0252753
178.051, 1.13064, -3526.75, 1.18703, -3526.81, 1.26166, -3529.25, -0.000667824, -0.000667823, -0.000667826, 0.0218501, -1.49181e+35, 0.0254686, -1.10689, 0.0252819
178.102, 1.1306, -3527.47, 1.18699, -3527.53, 1.26162, -3529.97, -0.000667958, -0.000668032, -0.000667965, 0.0218501, -1.49181e+35, 0.0254668, -1.10682, 0.0252881
178.152, 1.13062, -3528.19, 1.18701, -3528.25, 1.26163, -3530.69, -0.00066778, -0.000667847, -0.000667787, 0.0218501, -1.49181e+35, 0.0254672, -1.10685, 0.0252938
178.202, 1.13064, -3528.91, 1.18703, -3528.97, 1.26165, -3531.41, -0.000659065, -0.000659055, -0.000659066, 0.0218501, -1.49181e+35, 0.0254686, -1.10689, 0.0252991
178.253, 1.13058, -3529.62, 1.18697, -3529.68, 1.26159, -3532.12, -0.000657676, -0.00065772, -0.000657676, 0.0218501, -1.49181e+35, 0.0254659, -1.10677, 0.0253039
178.303, 1.13062, -3530.33, 1.18701, -3530.39, 1.26163, -3532.83, -0.00065515, -0.000655209, -0.000655138, 0.0218501, -1.49181e+35, 0.0254675, -1.10685, 0.0253083
178.353, 1.13064, -3531.04, 1.18703, -3531.1, 1.26165, -3533.54, -0.000657706, -0.000657705, -0.000657714, 0.0218501, -1.49181e+35, 0.0254687, -1.10688, 0.0253123
178.404, 1.13058, -3531.75, 1.18697, -3531.81, 1.26159, -3534.25, -0.000657766, -0.000657734, -0.000657695, 0.0218501, -1.49181e+35, 0.0254659, -1.10677, 0.0253159
178.454, 1.13062, -3532.45, 1.18701, -3532.51, 1.26163, -3534.95, -0.000647635, -0.000647635, -0.000647558, 0.0218501, -1.49181e+35, 0.0254675, -1.10685, 0.0253191
178.504, 1.13064, -3533.15, 1.18703, -3533.21, 1.26165, -3535.65, -0.0006476, -0.000647593, -0.0006476, 0.0218501, -1.49181e+35, 0.0254685, -1.10688, 0.025322
178.555, 1.13058, -3533.85, 1.18696, -3533.91, 1.26159, -3536.35, -0.000647522, -0.000647533, -0.000647547, 0.0218501, -1.49181e+35, 0.0254658, -1.10677, 0.0253245
178.605, 1.13062, -3534.55, 1.18701, -3534.61, 1.26163, -3537.05, -0.000647557, -0.000647627, -0.000647548, 0.0218501, -1.49181e+35, 0.0254679, -1.10684, 0.0253266
178.655, 1.13063, -3535.24, 1.18702, -3535.31, 1.26165, -3537.74, -0.000637476, -0.000637471, -0.000637476, 0.0218501, -1.49181e+35, 0.0254681, -1.10688, 0.0253285
178.706, 1.13065, -3535.93, 1.18705, -3535.99, 1.26167, -3538.43, -0.000637416, -0.000637482, -0.000637421, 0.0218501, -1.49181e+35, 0.0254688, -1.10692, 0.0253299
178.756, 1.13062, -3536.62, 1.18701, -3536.68, 1.26163, -3539.12, -0.000637539, -0.000637497, -0.000637455, 0.0218501, -1.49181e+35, 0.0254678, -1.10684, 0.0253311
178.806, 1.13063, -3537.31, 1.18702, -3537.37, 1.26165, -3539.81, -0.000637473, -0.000637465, -0.000637478, 0.0218501, -1.49181e+35, 0.0254681, -1.10688, 0.025332
178.857, 1.13065, -3537.99, 1.18705, -3538.05, 1.26167, -3540.49, -0.000627357, -0.000627434, -0.000627453, 0.0218501, -1.49181e+35, 0.0254692, -1.10692, 0.0253325
178.907, 1.13061, -3538.67, 1.187, -3538.73, 1.26163, -3541.17, -0.000627309, -0.000627383, -0.000627391, 0.0218501, -1.49181e+35, 0.0254673, -1.10684, 0.0253328
178.958, 1.13063, -3539.35, 1.18702, -3539.41, 1.26165, -3541.85, -0.000627358, -0.000627338, -0.000627381, 0.0218501, -1.49181e+35, 0.0254685, -1.10688, 0.0253327
179.001, 1.13063, -3539.93, 1.18702, -3539.99, 1.26165, -3542.43, -0.000627343, -0.000627342, -0.000627355, 0.0218501, -1.49181e+35, 0.025468, -1.10688, 0.0253325
179.001, 1.13063, -3539.93, 1.18702, -3539.99, 1.26165, -3542.43, -0.000627343, -0.000627342, -0.000627355, 0.0221011, -1.49181e+35, 0.025468, -1.10688, 0.0253325
179.051, 1.13065, -3540.61, 1.18704, -3540.67, 1.26167, -3543.11, -0.00062736, -0.000627364, -0.000627375, 0.0221011, -1.49181e+35, 0.0254689, -1.10692, 0.0253381
179.102, 1.13061, -3541.28, 1.187, -3541.34, 1.26163, -3543.78, -0.000617198, -0.000617191, -0.000617201, 0.0221011, -1.49181e+35, 0.0254673, -1.10684, 0.0253433
179.152, 1.13063, -3541.94, 1.18702, -3542.01, 1.26165, -3544.44, -0.000617239, -0.00061723, -0.000617221, 0.0221011, -1.49181e+35, 0.0254688, -1.10687, 0.0253481
179.202, 1.13065, -3542.61, 1.18704, -3542.67, 1.26167, -3545.11, -0.000617243, -0.00061724, -0.000617297, 0.0221011, -1.49181e+35, 0.0254689, -1.10691, 0.0253524
179.253, 1.13061, -3543.28, 1.187, -3543.34, 1.26163, -3545.77, -0.000617233, -0.000617232, -0.000617203, 0.0221011, -1.49181e+35, 0.0254671, -1.10684, 0.0253564
179.303, 1.13063, -3543.94, 1.18702, -3544, 1.26165, -3546.44, -0.000607109, -0.000607102, -0.00060712, 0.0221011, -1.49181e+35, 0.0254682, -1.10687, 0.0253599
179.353, 1.13065, -3544.59, 1.18704, -3544.66, 1.26167, -3547.09, -0.000607108, -0.000607131, -0.000607133, 0.0221011, -1.49181e+35, 0.0254693, -1.10691, 0.0253631
179.404, 1.13061, -3545.25, 1.187, -3545.31, 1.26163, -3547.75, -0.000607162, -0.000607145, -0.00060717, 0.0221011, -1.49181e+35, 0.0254673, -1.10684, 0.0253659
179.454, 1.13063, -3545.9, 1.18702, -3545.97, 1.26165, -3548.4, -0.000607122, -0.000607118, -0.000607091, 0.0221011, -1.49181e+35, 0.0254678, -1.10687, 0.0253683
179.504, 1.13065, -3546.56, 1.18704, -3546.62, 1.26167, -3549.06, -0.000599458, -0.000599438, -0.000599464, 0.0221011, -1.49181e+35, 0.0254689, -1.10691, 0.0253704
179.555, 1.13061, -3547.2, 1.187, -3547.27, 1.26162, -3549.7, -0.000596975, -0.000596998, -0.000596976, 0.0221011, -1.49181e+35, 0.0254674, -1.10683, 0.0253722
179.605, 1.13063, -3547.85, 1.18702, -3547.91, 1.26164, -3550.35, -0.000596965, -0.000597002, -0.000596978, 0.0221011, -1.49181e+35, 0.0254678, -1.10687, 0.0253736
179.655, 1.13065, -3548.49, 1.18704, -3548.56, 1.26167, -3550.99, -0.000596966, -0.000596997, -0.000596968, 0.0221011, -1.49181e+35, 0.0254688, -1.1069, 0.0253747
179.706, 1.13061, -3549.14, 1.187, -3549.2, 1.26162, -3551.64, -0.000597044, -0.00059703, -0.000597044, 0.0221011, -1.49181e+35, 0.0254676, -1.10683, 0.0253755
179.756, 1.13063, -3549.77, 1.18702, -3549.84, 1.26164, -3552.27, -0.000586857, -0.000586846, -0.000586816, 0.0221011, -1.49181e+35, 0.0254678, -1.10686, 0.025376
179.807, 1.13065, -3550.41, 1.18704, -3550.47, 1.26166, -3552.91, -0.000586857, -0.000586844, -0.000586868, 0.0221011, -1.49181e+35, 0.0254685, -1.1069, 0.0253762
179.857, 1.13061, -3551.04, 1.187, -3551.1, 1.26162, -3553.54, -0.000586857, -0.000586887, -0.000586857, 0.0221011, -1.49181e+35, 0.0254672, -1.10683, 0.0253762
179.907, 1.13063, -3551.68, 1.18702, -3551.74, 1.26164, -3554.18, -0.000586855, -0.000586851, -0.000586857, 0.0221011, -1.49181e+35, 0.0254686, -1.10686, 0.0253758
179.958, 1.13065, -3552.31, 1.18704, -3552.37, 1.26166, -3554.81, -0.000577301, -0.000577288, -0.0005773, 0.0221011, -1.49181e+35, 0.0254683, -1.1069, 0.0253752
180.001, 1.13065, -3552.84, 1.18704, -3552.91, 1.26166, -3555.34, -0.000576721, -0.000576713, -0.000576736, 0.0221011, -1.49181e+35, 0.0254685, -1.1069, 0.0253745
180.001, 1.12988, -3553.04, 1.18585, -3553.2, 1.2563, -3555.84, -0.000576721, -0.000576713, -0.000576736, 0.0221011, -1.49181e+35, 0.0650353, -1.0977, 0.0253745
180.051, 1.12958, -3553.92, 1.18553, -3554.08, 1.25596, -3556.72, -0.000796191, -0.000796252, -0.000796428, 0.0221011, -1.49181e+35, 0.0650215, -1.0971, 0.0253734
180.102, 1.12949, -3554.79, 1.18543, -3554.95, 1.25586, -3557.59, -0.00082447, -0.000824514, -0.00082448, 0.0221011, -1.49181e+35, 0.0650175, -1.09692, 0.0253721
180.152, 1.12946, -3555.72, 1.1854, -3555.88, 1.25582, -3558.53, -0.000895113, -0.000895092, -0.000895107, 0.0221011, -1.49181e+35, 0.0650157, -1.09687, 0.0253706
180.202, 1.12946, -3556.74, 1.1854, -3556.9, 1.25582, -3559.55, -0.000981007, -0.000981002, -0.000980948, 0.0221011, -1.49181e+35, 0.0650154, -1.09686, 0.0253692
180.253, 1.12941, -3557.86, 1.18535, -3558.02, 1.25577, -3560.67, -0.00107441, -0.00107452, -0.00107479, 0.0221011, -1.49181e+35, 0.0650132, -1.09677, 0.025368
180.303, 1.12942, -3559.08, 1.18536, -3559.25, 1.25578, -3561.89, -0.00117171, -0.00117173, -0.00117174, 0.0221011, -1.49181e+35, 0.0650142, -1.09679, 0.0253672
180.353, 1.12943, -3560.41, 1.18537, -3560.57, 1.25579, -3563.22, -0.00127081, -0.00127081, -0.00127076, 0.0221011, -1.49181e+35, 0.0650148, -1.09681, 0.0253669
180.404, 1.12944, -3561.85, 1.18538, -3562.01, 1.25581, -3564.65, -0.00136755, -0.00136751, -0.00136749, 0.0221011, -1.49181e+35, 0.0650148, -1.09684, 0.0253675
180.454, 1.12945, -3563.39, 1.1854, -3563.55, 1.25582, -3566.19, -0.00146602, -0.00146602, -0.00146595, 0.0221011, -1.49181e+35, 0.0650158, -1.09686, 0.0253692
180.504, 1.12941, -3565.03, 1.18535, -3565.19, 1.25577, -3567.84, -0.0015632, -0.00156319, -0.00156325, 0.0221011, -1.49181e+35, 0.0650141, -1.09678, 0.0253721
180.555, 1.12942, -3566.78, 1.18536, -3566.94, 1.25579, -3569.59, -0.00165745, -0.00165742, -0.00165739, 0.0221011, -1.49181e+35, 0.0650138, -1.0968, 0.0253767
180.605, 1.12944, -3568.63, 1.18538, -3568.79, 1.2558, -3571.44, -0.00175572, -0.00175571, -0.00175564, 0.0221011, -1.49181e+35, 0.0650145, -1.09683, 0.0253831
180.655, 1.12945, -3570.59, 1.18539, -3570.75, 1.25582, -3573.4, -0.00185081, -0.00185075, -0.00185077, 0.0221011, -1.49181e+35, 0.0650156, -1.09685, 0.0253916
180.706, 1.12941, -3572.65, 1.18535, -3572.81, 1.25577, -3575.46, -0.00194766, -0.00194771, -0.00194775, 0.0221011, -1.49181e+35, 0.0650131, -1.09677, 0.0254024
180.756, 1.12942, -3574.82, 1.18536, -3574.98, 1.25578, -3577.62, -0.00204121, -0.00204118, -0.00204119, 0.0221011, -1.49181e+35, 0.0650139, -1.09679, 0.0254158
180.807, 1.12943, -3577.08, 1.18537, -3577.24, 1.2558, -3579.89, -0.00213879, -0.00213878, -0.00213873, 0.0221011, -1.49181e+35, 0.0650148, -1.09682, 0.0254319
180.857, 1.12945, -3579.45, 1.18539, -3579.61, 1.25581, -3582.26, -0.00223357, -0.00223356, -0.00223352, 0.0221011, -1.49181e+35, 0.0650152, -1.09685, 0.0254511
180.907, 1.1294, -3581.92, 1.18535, -3582.08, 1.25577, -3584.73, -0.00232492, -0.00232496, -0.00232508, 0.0221011, -1.49181e+35, 0.0650135, -1.09677, 0.0254735
180.958, 1.12942, -3584.49, 1.18536, -3584.65, 1.25578, -3587.3, -0.00242007, -0.00242007, -0.00242005, 0.0221011, -1.49181e+35, 0.0650135, -1.09679, 0.0254994
181.001, 1.12941, -3586.79, 1.18535, -3586.95, 1.25577, -3589.59, -0.00249791, -0.00249794, -0.00249796, 0.0221011, -1.49181e+35, 0.0650136, -1.09678, 0.0255245
181.001, 1.12941, -3586.79, 1.18535, -3586.95, 1.25577, -3589.59, -0.00249791, -0.00249794, -0.00249796, 0.0221011, -1.49181e+35, 0.0650138, -1.09678, 0.0255245
181.051, 1.12942, -3589.54, 1.18536, -3589.7, 1.25579, -3592.35, -0.00259095, -0.00259094, -0.00259093, 0.0221011, -1.49181e+35, 0.0650142, -1.0968, 0.0255572
181.102, 1.12944, -3592.4, 1.18538, -3592.56, 1.2558, -3595.21, -0.00268331, -0.00268328, -0.00268324, 0.0221011, -1.49181e+35, 0.0650147, -1.09683, 0.0255939
181.152, 1.12945, -3595.36, 1.18539, -3595.52, 1.25582, -3598.16, -0.00277541, -0.00277538, -0.00277534, 0.0221011, -1.49181e+35, 0.0650153, -1.09686, 0.0256347
181.202, 1.12941, -3598.41, 1.18535, -3598.57, 1.25577, -3601.22, -0.00286571, -0.00286573, -0.00286577, 0.0221011, -1.49181e+35, 0.0650134, -1.09677, 0.0256797
181.253, 1.12942, -3601.56, 1.18536, -3601.73, 1.25578, -3604.37, -0.00295563, -0.00295563, -0.00295561, 0.0221011, -1.49181e+35, 0.0650139, -1.09679, 0.025729
181.303, 1.12943, -3604.82, 1.18537, -3604.98, 1.2558, -3607.62, -0.00304746, -0.00304744, -0.00304741, 0.0221011, -1.49181e+35, 0.0650145, -1.09682, 0.0257829
181.353, 1.12945, -3608.16, 1.18539, -3608.32, 1.25581, -3610.97, -0.00313414, -0.00313411, -0.00313407, 0.0221011, -1.49181e+35, 0.0650152, -1.09685, 0.0258413
181.404, 1.12941, -3611.61, 1.18535, -3611.77, 1.25577, -3614.41, -0.00322682, -0.00322687, -0.00322696, 0.0221011, -1.49181e+35, 0.0650133, -1.09677, 0.0259044
181.454, 1.12942, -3615.14, 1.18536, -3615.31, 1.25578, -3617.95, -0.00331427, -0.00331429, -0.00331429, 0.0221011, -1.49181e+35, 0.0650136, -1.09679, 0.0259723
181.504, 1.12943, -3618.78, 1.18537, -3618.94, 1.25579, -3621.58, -0.00340044, -0.00340041, -0.00340038, 0.0221011, -1.49181e+35, 0.0650143, -1.09681, 0.026045
181.555, 1.12944, -3622.51, 1.18539, -3622.67, 1.25581, -3625.31, -0.00348958, -0.00348955, -0.00348954, 0.0221011, -1.49181e+35, 0.065015, -1.09684, 0.0261226
181.605, 1.1294, -3626.33, 1.18534, -3626.49, 1.25576, -3629.13, -0.00357656, -0.0035767, -0.00357699, 0.0221011, -1.49181e+35, 0.0650133, -1.09676, 0.0262052
181.656, 1.12941, -3630.25, 1.18535, -3630.41, 1.25578, -3633.05, -0.00366045, -0.00366043, -0.00366042, 0.0221011, -1.49181e+35, 0.0650134, -1.09678, 0.0262928
181.706, 1.12943, -3634.25, 1.18537, -3634.41, 1.25579, -3637.06, -0.00374498, -0.00374497, -0.00374494, 0.0221011, -1.49181e+35, 0.0650139, -1.09681, 0.0263853
181.756, 1.12944, -3638.35, 1.18538, -3638.51, 1.2558, -3641.16, -0.00383362, -0.00383358, -0.00383354, 0.0221011, -1.49181e+35, 0.0650152, -1.09683, 0.0264829
181.807, 1.12945, -3642.55, 1.1854, -3642.71, 1.25582, -3645.35, -0.00391518, -0.00391514, -0.00391511, 0.0221011, -1.49181e+35, 0.0650157, -1.09686, 0.0265856
181.857, 1.12941, -3646.83, 1.18535, -3646.99, 1.25577, -3649.63, -0.00399903, -0.00399901, -0.0039991, 0.0221011, -1.49181e+35, 0.0650133, -1.09678, 0.0266933
181.907, 1.12942, -3651.2, 1.18536, -3651.36, 1.25578, -3654, -0.00408189, -0.00408189, -0.00408182, 0.0221011, -1.49181e+35, 0.0650131, -1.0968, 0.026806
181.958, 1.12944, -3655.66, 1.18538, -3655.82, 1.2558, -3658.46, -0.00416429, -0.00416426, -0.0041642, 0.0221011, -1.49181e+35, 0.0650142, -1.09683, 0.0269238
182.001, 1.12943, -3659.57, 1.18537, -3659.73, 1.25579, -3662.37, -0.00423459, -0.00423464, -0.00423455, 0.0221011, -1.49181e+35, 0.0650141, -1.09682, 0.0270291
182.001, 1.12943, -3659.57, 1.18537, -3659.73, 1.25579, -3662.37, -0.00423459, -0.00423464, -0.00423455, 0.0221011, -1.49181e+35, 0.065015, -1.09682, 0.0270294
182.051, 1.12945, -3664.19, 1.18539, -3664.35, 1.25581, -3667, -0.00431549, -0.00431549, -0.00431546, 0.0221011, -1.49181e+35, 0.0650148, -1.09684, 0.0271563
182.102, 1.1294, -3668.9, 1.18534, -3669.06, 1.25577, -3671.71, -0.0043931, -0.00439319, -0.00439347, 0.0221011, -1.49181e+35, 0.065013, -1.09677, 0.0272883
182.152, 1.12942, -3673.7, 1.18536, -3673.86, 1.25578, -3676.5, -0.00447324, -0.00447329, -0.00447326, 0.0221011, -1.49181e+35, 0.0650133, -1.09679, 0.0274254
182.202, 1.12943, -3678.58, 1.18537, -3678.74, 1.25579, -3681.39, -0.00455509, -0.00455503, -0.00455504, 0.0221011, -1.49181e+35, 0.065014, -1.09681, 0.0275673
182.253, 1.12944, -3683.55, 1.18538, -3683.71, 1.25581, -3686.36, -0.00463604, -0.00463602, -0.004636, 0.0221011, -1.49181e+35, 0.0650146, -1.09684, 0.027714
182.303, 1.12938, -3688.6, 1.18532, -3688.76, 1.25573, -3691.41, -0.00471157, -0.00471157, -0.00471153, 0.0221011, -1.49181e+35, 0.0650117, -1.09671, 0.0278655
182.353, 1.12941, -3693.74, 1.18535, -3693.9, 1.25577, -3696.54, -0.0047876, -0.00478763, -0.00478771, 0.0221011, -1.49181e+35, 0.0650132, -1.09678, 0.0280218
182.404, 1.12942, -3698.96, 1.18537, -3699.12, 1.25579, -3701.76, -0.0048565, -0.00485646, -0.00485645, 0.0221011, -1.49181e+35, 0.0650138, -1.0968, 0.0281827
182.454, 1.12944, -3704.26, 1.18538, -3704.42, 1.2558, -3707.06, -0.00493675, -0.00493673, -0.0049367, 0.0221011, -1.49181e+35, 0.0650144, -1.09683, 0.0283482
182.504, 1.12945, -3709.64, 1.18539, -3709.8, 1.25582, -3712.44, -0.00501417, -0.0050141, -0.00501411, 0.0221011, -1.49181e+35, 0.0650147, -1.09686, 0.0285183
182.555, 1.12941, -3715.1, 1.18535, -3715.26, 1.25577, -3717.9, -0.00508035, -0.00508035, -0.00508051, 0.0221011, -1.49181e+35, 0.0650129, -1.09677, 0.0286928
182.605, 1.12942, -3720.64, 1.18536, -3720.8, 1.25578, -3723.44, -0.00516275, -0.00516289, -0.00516289, 0.0221011, -1.49181e+35, 0.0650139, -1.09679, 0.0288717
182.656, 1.12943, -3726.26, 1.18537, -3726.42, 1.2558, -3729.06, -0.00523284, -0.00523281, -0.00523265, 0.0221011, -1.49181e+35, 0.0650139, -1.09682, 0.0290549
182.706, 1.12945, -3731.95, 1.18539, -3732.11, 1.25581, -3734.75, -0.00530095, -0.00530095, -0.00530104, 0.0221011, -1.49181e+35, 0.065015, -1.09685, 0.0292423
182.756, 1.12941, -3737.72, 1.18535, -3737.88, 1.25577, -3740.53, -0.00537516, -0.00537515, -0.00537521, 0.0221011, -1.49181e+35, 0.0650129, -1.09677, 0.0294338
182.807, 1.12942, -3743.57, 1.18536, -3743.73, 1.25578, -3746.37, -0.00544611, -0.00544623, -0.00544621, 0.0221011, -1.49181e+35, 0.0650133, -1.09679, 0.0296293
182.857, 1.12943, -3749.49, 1.18537, -3749.65, 1.25579, -3752.3, -0.00550945, -0.00550941, -0.00550928, 0.0221011, -1.49181e+35, 0.0650139, -1.09681, 0.0298288
182.907, 1.12944, -3755.49, 1.18538, -3755.65, 1.25581, -3758.29, -0.005582, -0.00558199, -0.00558188, 0.0221011, -1.49181e+35, 0.0650143, -1.09684, 0.0300322
182.958, 1.12938, -3761.56, 1.18532, -3761.72, 1.25574, -3764.36, -0.0056475, -0.00564733, -0.00564732, 0.0221011, -1.49181e+35, 0.0650115, -1.09671, 0.0302393
183.001, 1.12945, -3766.83, 1.1854, -3766.99, 1.25582, -3769.64, -0.00570542, -0.00570542, -0.00570536, 0.0221011, -1.49181e+35, 0.065015, -1.09686, 0.0304204
183.001, 1.12945, -3766.83, 1.1854, -3766.99, 1.25582, -3769.64, -0.00570542, -0.00570542, -0.00570536, 0.0221011, -1.49181e+35, 0.0650157, -1.09686, 0.030421
183.051, 1.12941, -3773.04, 1.18535, -3773.2, 1.25577, -3775.84, -0.00576881, -0.0057688, -0.00576881, 0.0221011, -1.49181e+35, 0.0650131, -1.09678, 0.0306343
183.102, 1.12942, -3779.31, 1.18536, -3779.47, 1.25578, -3782.11, -0.00582819, -0.00582814, -0.00582819, 0.0221011, -1.49181e+35, 0.0650135, -1.0968, 0.0308516
183.152, 1.12943, -3785.65, 1.18538, -3785.81, 1.2558, -3788.46, -0.00590095, -0.00590092, -0.00590094, 0.0221011, -1.49181e+35, 0.0650141, -1.09682, 0.0310724
183.202, 1.12945, -3792.06, 1.18539, -3792.22, 1.25581, -3794.87, -0.00596354, -0.00596353, -0.00596346, 0.0221011, -1.49181e+35, 0.0650146, -1.09685, 0.0312964
183.253, 1.12941, -3798.54, 1.18535, -3798.7, 1.25577, -3801.34, -0.00602747, -0.00602759, -0.00602765, 0.0221011, -1.49181e+35, 0.0650128, -1.09677, 0.0315236
183.303, 1.12942, -3805.08, 1.18536, -3805.25, 1.25578, -3807.89, -0.00608789, -0.00608781, -0.00608783, 0.0221011, -1.49181e+35, 0.0650133, -1.09679, 0.0317539
183.353, 1.12943, -3811.7, 1.18537, -3811.86, 1.25579, -3814.5, -0.00614861, -0.00614857, -0.0061486, 0.0221011, -1.49181e+35, 0.0650133, -1.09682, 0.0319872
183.404, 1.12944, -3818.37, 1.18539, -3818.53, 1.25581, -3821.18, -0.00620799, -0.00620795, -0.00620785, 0.0221011, -1.49181e+35, 0.0650145, -1.09684, 0.0322233
183.454, 1.1294, -3825.11, 1.18534, -3825.27, 1.25576, -3827.92, -0.00626802, -0.00626822, -0.0062685, 0.0221011, -1.49181e+35, 0.0650129, -1.09676, 0.0324622
183.505, 1.12941, -3831.91, 1.18535, -3832.07, 1.25578, -3834.72, -0.00631916, -0.00631907, -0.00631907, 0.0221011, -1.49181e+35, 0.0650132, -1.09678, 0.0327038
183.555, 1.12943, -3838.78, 1.18537, -3838.94, 1.25579, -3841.58, -0.00637543, -0.00637538, -0.00637545, 0.0221011, -1.49181e+35, 0.0650137, -1.09681, 0.032948
183.605, 1.12944, -3845.7, 1.18538, -3845.86, 1.25581, -3848.51, -0.00643487, -0.00643482, -0.00643473, 0.0221011, -1.49181e+35, 0.0650144, -1.09683, 0.0331946
183.656, 1.12938, -3852.69, 1.18531, -3852.85, 1.25573, -3855.49, -0.00649344, -0.00649346, -0.00649334, 0.0221011, -1.49181e+35, 0.0650111, -1.09671, 0.0334436
183.706, 1.12941, -3859.73, 1.18535, -3859.89, 1.25577, -3862.54, -0.00654212, -0.00654208, -0.00654209, 0.0221011, -1.49181e+35, 0.0650128, -1.09678, 0.0336948
183.756, 1.12942, -3866.84, 1.18536, -3867, 1.25579, -3869.64, -0.00659693, -0.00659689, -0.00659691, 0.0221011, -1.49181e+35, 0.0650136, -1.0968, 0.0339482
183.807, 1.12944, -3874, 1.18538, -3874.16, 1.2558, -3876.8, -0.00665443, -0.00665441, -0.00665439, 0.0221011, -1.49181e+35, 0.0650141, -1.09683, 0.0342037
183.857, 1.12945, -3881.21, 1.18539, -3881.37, 1.25582, -3884.02, -0.00669924, -0.00669925, -0.0066992, 0.0221011, -1.49181e+35, 0.065015, -1.09686, 0.0344611
183.907, 1.12941, -3888.48, 1.18535, -3888.64, 1.25577, -3891.29, -0.00675688, -0.00675685, -0.0067569, 0.0221011, -1.49181e+35, 0.0650127, -1.09677, 0.0347203
183.958, 1.12942, -3895.81, 1.18536, -3895.97, 1.25578, -3898.61, -0.00679962, -0.00679967, -0.00679961, 0.0221011, -1.49181e+35, 0.0650133, -1.09679, 0.0349813
184, 1.12941, -3902, 1.18535, -3902.16, 1.25577, -3904.81, -0.00684018, -0.00684013, -0.00684018, 0.0221011, -1.49181e+35, 0.065013, -1.09678, 0.0352018
184, 1.12941, -3902, 1.18535, -3902.16, 1.25578, -3904.81, -0.00684018, -0.00684013, -0.00684018, 0.0221011, -1.49181e+35, 0.0650139, -1.09678, 0.0352027
184.05, 1.12943, -3909.43, 1.18537, -3909.59, 1.25579, -3912.23, -0.00689613, -0.00689615, -0.00689612, 0.0221011, -1.49181e+35, 0.0650136, -1.09681, 0.0354657
184.101, 1.12944, -3916.9, 1.18538, -3917.06, 1.2558, -3919.71, -0.00694582, -0.00694581, -0.00694576, 0.0221011, -1.49181e+35, 0.0650142, -1.09683, 0.0357311
184.151, 1.12945, -3924.42, 1.1854, -3924.58, 1.25582, -3927.23, -0.00698264, -0.00698262, -0.00698259, 0.0221011, -1.49181e+35, 0.0650149, -1.09686, 0.0359979
184.201, 1.12941, -3932, 1.18535, -3932.16, 1.25577, -3934.8, -0.00703155, -0.00703157, -0.00703163, 0.0221011, -1.49181e+35, 0.0650124, -1.09678, 0.0362659
184.252, 1.12942, -3939.62, 1.18536, -3939.78, 1.25579, -3942.43, -0.00707953, -0.00707954, -0.00707951, 0.0221011, -1.49181e+35, 0.0650132, -1.0968, 0.0365351
184.302, 1.12944, -3947.29, 1.18538, -3947.45, 1.2558, -3950.09, -0.00712242, -0.00712241, -0.00712238, 0.0221011, -1.49181e+35, 0.0650142, -1.09683, 0.0368054
184.352, 1.12945, -3955.01, 1.18539, -3955.17, 1.25582, -3957.81, -0.00716352, -0.00716351, -0.00716346, 0.0221011, -1.49181e+35, 0.0650147, -1.09685, 0.0370766
184.403, 1.12941, -3962.77, 1.18535, -3962.93, 1.25577, -3965.57, -0.00720448, -0.00720451, -0.00720458, 0.0221011, -1.49181e+35, 0.0650126, -1.09677, 0.0373487
184.453, 1.12942, -3970.58, 1.18536, -3970.74, 1.25578, -3973.38, -0.00724484, -0.00724483, -0.00724482, 0.0221011, -1.49181e+35, 0.0650132, -1.09679, 0.0376217
184.504, 1.12943, -3978.43, 1.18537, -3978.59, 1.2558, -3981.23, -0.00728518, -0.00728515, -0.00728512, 0.0221011, -1.49181e+35, 0.0650136, -1.09682, 0.0378953
184.554, 1.12945, -3986.32, 1.18539, -3986.48, 1.25581, -3989.12, -0.00732551, -0.00732551, -0.00732545, 0.0221011, -1.49181e+35, 0.0650146, -1.09685, 0.0381695
184.604, 1.1294, -3994.25, 1.18534, -3994.41, 1.25577, -3997.06, -0.00736634, -0.00736644, -0.00736672, 0.0221011, -1.49181e+35, 0.065013, -1.09676, 0.0384442
184.655, 1.12941, -4002.23, 1.18536, -4002.39, 1.25578, -4005.03, -0.00740424, -0.00740428, -0.00740424, 0.0221011, -1.49181e+35, 0.0650125, -1.09678, 0.0387193
184.705, 1.12943, -4010.24, 1.18537, -4010.4, 1.25579, -4013.05, -0.007436, -0.00743599, -0.00743601, 0.0221011, -1.49181e+35, 0.0650133, -1.09681, 0.0389948
184.755, 1.12944, -4018.3, 1.18538, -4018.46, 1.25581, -4021.1, -0.00746808, -0.00746798, -0.00746802, 0.0221011, -1.49181e+35, 0.0650139, -1.09684, 0.0392705
184.806, 1.12938, -4026.39, 1.18532, -4026.55, 1.25573, -4029.2, -0.00751285, -0.00751285, -0.00751286, 0.0221011, -1.49181e+35, 0.0650119, -1.09671, 0.0395464
184.856, 1.12941, -4034.52, 1.18535, -4034.68, 1.25577, -4037.32, -0.00754509, -0.00754503, -0.00754516, 0.0221011, -1.49181e+35, 0.0650129, -1.09678, 0.0398223
184.906, 1.12942, -4042.68, 1.18537, -4042.84, 1.25579, -4045.49, -0.00756875, -0.00756879, -0.00756874, 0.0221011, -1.49181e+35, 0.0650133, -1.0968, 0.0400983
184.957, 1.12944, -4050.88, 1.18538, -4051.04, 1.2558, -4053.69, -0.00760877, -0.00760875, -0.00760874, 0.0221011, -1.49181e+35, 0.065014, -1.09683, 0.0403742
185, 1.12943, -4057.96, 1.18537, -4058.12, 1.2558, -4060.77, -0.00763009, -0.00763016, -0.00763012, 0.0221011, -1.49181e+35, 0.0650137, -1.09682, 0.0406113
185, 1.12943, -4057.96, 1.18537, -4058.12, 1.2558, -4060.77, -0.00763009, -0.00763016, -0.00763012, 0.0221011, -1.49181e+35, 0.065015, -1.09682, 0.0406124
185.05, 1.12945, -4066.23, 1.18539, -4066.39, 1.25581, -4069.03, -0.00766794, -0.00766794, -0.00766787, 0.0221011, -1.49181e+35, 0.0650146, -1.09685, 0.0408868
185.101, 1.12941, -4074.52, 1.18535, -4074.68, 1.25577, -4077.33, -0.00769054, -0.00769061, -0.00769066, 0.0221011, -1.49181e+35, 0.0650128, -1.09677, 0.0411619
185.151, 1.12942, -4082.85, 1.18536, -4083.01, 1.25578, -4085.65, -0.0077244, -0.00772437, -0.0077244, 0.0221011, -1.49181e+35, 0.0650129, -1.09679, 0.0414367
185.201, 1.12943, -4091.2, 1.18537, -4091.36, 1.25579, -4094.01, -0.00775084, -0.00775079, -0.00775083, 0.0221011, -1.49181e+35, 0.0650136, -1.09681, 0.041711
185.252, 1.12944, -4099.59, 1.18538, -4099.75, 1.25581, -4102.39, -0.00777109, -0.00777109, -0.00777105, 0.0221011, -1.49181e+35, 0.0650139, -1.09684, 0.0419847
185.302, 1.12938, -4108.01, 1.18532, -4108.17, 1.25574, -4110.81, -0.00780677, -0.00780682, -0.00780683, 0.0221011, -1.49181e+35, 0.0650112, -1.09671, 0.0422579
185.352, 1.12941, -4116.45, 1.18535, -4116.61, 1.25577, -4119.25, -0.00783172, -0.00783169, -0.00783168, 0.0221011, -1.49181e+35, 0.0650129, -1.09678, 0.0425303
185.403, 1.12943, -4124.92, 1.18537, -4125.08, 1.25579, -4127.72, -0.00785209, -0.00785202, -0.0078521, 0.0221011, -1.49181e+35, 0.0650131, -1.0968, 0.042802
185.453, 1.12944, -4133.42, 1.18538, -4133.58, 1.2558, -4136.22, -0.00787253, -0.00787252, -0.00787262, 0.0221011, -1.49181e+35, 0.0650139, -1.09683, 0.0430728
185.504, 1.12945, -4141.94, 1.1854, -4142.1, 1.25582, -4144.74, -0.00789254, -0.00789255, -0.00789252, 0.0221011, -1.49181e+35, 0.0650147, -1.09686, 0.0433427
185.554, 1.12941, -4150.48, 1.18535, -4150.64, 1.25577, -4153.28, -0.00791304, -0.00791301, -0.00791305, 0.0221011, -1.49181e+35, 0.0650128, -1.09677, 0.0436117
185.604, 1.12942, -4159.05, 1.18536, -4159.21, 1.25578, -4161.85, -0.00794193, -0.0079419, -0.00794195, 0.0221011, -1.49181e+35, 0.0650132, -1.0968, 0.0438796
185.655, 1.12943, -4167.64, 1.18538, -4167.8, 1.2558, -4170.45, -0.0079649, -0.00796489, -0.007965, 0.0221011, -1.49181e+35, 0.0650142, -1.09682, 0.0441464
185.705, 1.12945, -4176.25, 1.18539, -4176.41, 1.25582, -4179.06, -0.00797863, -0.00797864, -0.00797849, 0.0221011, -1.49181e+35, 0.0650141, -1.09685, 0.0444121
185.755, 1.12941, -4184.89, 1.18535, -4185.05, 1.25577, -4187.69, -0.00799402, -0.00799402, -0.00799409, 0.0221011, -1.49181e+35, 0.0650131, -1.09677, 0.0446765
185.806, 1.12942, -4193.54, 1.18536, -4193.7, 1.25578, -4196.35, -0.00801404, -0.00801413, -0.00801401, 0.0221011, -1.49181e+35, 0.0650131, -1.09679, 0.0449396
185.856, 1.12943, -4202.22, 1.18537, -4202.38, 1.2558, -4205.02, -0.00803447, -0.00803446, -0.00803438, 0.0221011, -1.49181e+35, 0.0650134, -1.09682, 0.0452014
185.906, 1.12945, -4210.91, 1.18539, -4211.07, 1.25581, -4213.71, -0.00805443, -0.00805444, -0.0080544, 0.0221011, -1.49181e+35, 0.0650144, -1.09685, 0.0454618
185.957, 1.1294, -4219.62, 1.18534, -4219.78, 1.25576, -4222.42, -0.00807537, -0.00807557, -0.00807581, 0.0221011, -1.49181e+35, 0.0650125, -1.09676, 0.0457207
186, 1.12946, -4227.12, 1.1854, -4227.28, 1.25582, -4229.92, -0.00807469, -0.00807469, -0.0080746, 0.0221011, -1.49181e+35, 0.0650147, -1.09686, 0.0459422
186, 1.12946, -4227.12, 1.1854, -4227.28, 1.25582, -4229.92, -0.00807469, -0.00807469, -0.0080746, 0.0221011, -1.49181e+35, 0.065016, -1.09687, 0.0459434
186.05, 1.12941, -4235.86, 1.18535, -4236.02, 1.25577, -4238.66, -0.00809506, -0.00809511, -0.00809514, 0.0221011, -1.49181e+35, 0.0650128, -1.09678, 0.0461982
186.101, 1.12942, -4244.61, 1.18536, -4244.77, 1.25579, -4247.42, -0.00811521, -0.00811518, -0.00811521, 0.0221011, -1.49181e+35, 0.0650131, -1.0968, 0.0464527
186.151, 1.12944, -4253.38, 1.18538, -4253.54, 1.2558, -4256.18, -0.00811522, -0.00811515, -0.00811514, 0.0221011, -1.49181e+35, 0.0650135, -1.09683, 0.0467055
186.201, 1.12945, -4262.16, 1.18539, -4262.32, 1.25582, -4264.97, -0.00813534, -0.00813536, -0.00813528, 0.0221011, -1.49181e+35, 0.0650141, -1.09686, 0.0469565
186.252, 1.12941, -4270.96, 1.18535, -4271.12, 1.25577, -4273.76, -0.00815569, -0.00815572, -0.00815582, 0.0221011, -1.49181e+35, 0.0650126, -1.09677, 0.0472058
186.302, 1.12942, -4279.77, 1.18536, -4279.93, 1.25578, -4282.57, -0.00815574, -0.00815574, -0.00815574, 0.0221011, -1.49181e+35, 0.0650135, -1.09679, 0.0474533
186.353, 1.12943, -4288.58, 1.18537, -4288.74, 1.2558, -4291.39, -0.00817591, -0.00817589, -0.00817587, 0.0221011, -1.49181e+35, 0.0650139, -1.09682, 0.0476989
186.403, 1.12945, -4297.41, 1.18539, -4297.57, 1.25581, -4300.22, -0.00817588, -0.00817588, -0.00817586, 0.0221011, -1.49181e+35, 0.0650141, -1.09685, 0.0479426
186.453, 1.12941, -4306.25, 1.18535, -4306.41, 1.25577, -4309.06, -0.00819599, -0.00819602, -0.00819615, 0.0221011, -1.49181e+35, 0.0650125, -1.09677, 0.0481843
186.504, 1.12942, -4315.1, 1.18536, -4315.26, 1.25578, -4317.91, -0.00820002, -0.00820002, -0.00820001, 0.0221011, -1.49181e+35, 0.065013, -1.09679, 0.0484241
186.554, 1.12943, -4323.95, 1.18537, -4324.12, 1.25579, -4326.76, -0.00819616, -0.00819614, -0.0081961, 0.0221011, -1.49181e+35, 0.0650136, -1.09681, 0.0486618
186.604, 1.12944, -4332.82, 1.18538, -4332.98, 1.25581, -4335.63, -0.00821638, -0.00821635, -0.00821632, 0.0221011, -1.49181e+35, 0.0650142, -1.09684, 0.0488975
186.655, 1.12938, -4341.7, 1.18532, -4341.86, 1.25573, -4344.5, -0.00821638, -0.00821633, -0.00821631, 0.0221011, -1.49181e+35, 0.0650114, -1.09671, 0.049131
186.705, 1.12941, -4350.57, 1.18535, -4350.73, 1.25577, -4353.37, -0.00821654, -0.0082165, -0.00821656, 0.0221011, -1.49181e+35, 0.0650128, -1.09678, 0.0493624
186.755, 1.12942, -4359.45, 1.18537, -4359.61, 1.25579, -4362.25, -0.00823463, -0.00823462, -0.00823459, 0.0221011, -1.49181e+35, 0.0650135, -1.0968, 0.0495916
186.806, 1.12944, -4368.34, 1.18538, -4368.5, 1.2558, -4371.15, -0.00823658, -0.00823656, -0.00823652, 0.0221011, -1.49181e+35, 0.0650137, -1.09683, 0.0498186
186.856, 1.12945, -4377.24, 1.1854, -4377.4, 1.25582, -4380.04, -0.00823658, -0.00823654, -0.00823649, 0.0221011, -1.49181e+35, 0.0650146, -1.09686, 0.0500433
186.906, 1.12941, -4386.13, 1.18535, -4386.29, 1.25577, -4388.94, -0.00823684, -0.0082368, -0.00823687, 0.0221011, -1.49181e+35, 0.065013, -1.09678, 0.0502658
186.957, 1.12942, -4395.03, 1.18536, -4395.19, 1.25578, -4397.83, -0.00823665, -0.00823661, -0.00823663, 0.0221011, -1.49181e+35, 0.0650133, -1.0968, 0.0504859
187, 1.12942, -4402.68, 1.18536, -4402.84, 1.25578, -4405.48, -0.00823673, -0.0082367, -0.00823671, 0.0221011, -1.49181e+35, 0.0650131, -1.09679, 0.0506733
187, 1.12942, -4402.68, 1.18536, -4402.84, 1.25578, -4405.48, -0.00823673, -0.0082367, -0.00823671, 0.0221011, -1.49181e+35, 0.0650143, -1.09679, 0.0506745
187.05, 1.12943, -4411.58, 1.18537, -4411.74, 1.25579, -4414.38, -0.0082366, -0.00823658, -0.00823655, 0.0221011, -1.49181e+35, 0.0650136, -1.09681, 0.0508891
187.101, 1.12944, -4420.47, 1.18539, -4420.63, 1.25581, -4423.28, -0.00823665, -0.00823664, -0.00823659, 0.0221011, -1.49181e+35, 0.0650142, -1.09684, 0.0511024
187.151, 1.1294, -4429.37, 1.18534, -4429.53, 1.25576, -4432.17, -0.00823741, -0.00823752, -0.00823782, 0.0221011, -1.49181e+35, 0.065012, -1.09676, 0.0513133
187.201, 1.12941, -4438.26, 1.18535, -4438.42, 1.25578, -4441.07, -0.00823677, -0.00823676, -0.00823681, 0.0221011, -1.49181e+35, 0.0650132, -1.09678, 0.0515217
187.252, 1.12943, -4447.16, 1.18537, -4447.32, 1.25579, -4449.96, -0.00823665, -0.00823665, -0.00823671, 0.0221011, -1.49181e+35, 0.0650138, -1.09681, 0.0517277
187.302, 1.12944, -4456.05, 1.18538, -4456.21, 1.25581, -4458.86, -0.00823664, -0.00823663, -0.00823654, 0.0221011, -1.49181e+35, 0.0650142, -1.09683, 0.0519312
187.353, 1.12945, -4464.95, 1.1854, -4465.11, 1.25582, -4467.75, -0.0082366, -0.00823659, -0.00823658, 0.0221011, -1.49181e+35, 0.0650147, -1.09686, 0.0521321
187.403, 1.12941, -4473.85, 1.18535, -4474.01, 1.25577, -4476.65, -0.00823679, -0.00823678, -0.00823681, 0.0221011, -1.49181e+35, 0.0650123, -1.09678, 0.0523305
187.453, 1.12942, -4482.74, 1.18536, -4482.9, 1.25578, -4485.54, -0.00823666, -0.00823656, -0.00823664, 0.0221011, -1.49181e+35, 0.065013, -1.0968, 0.0525264
187.504, 1.12944, -4491.64, 1.18538, -4491.8, 1.2558, -4494.44, -0.00823657, -0.00823657, -0.00823647, 0.0221011, -1.49181e+35, 0.0650138, -1.09683, 0.0527196
187.554, 1.12945, -4500.53, 1.18539, -4500.69, 1.25582, -4503.34, -0.00823667, -0.00823667, -0.00823658, 0.0221011, -1.49181e+35, 0.0650145, -1.09686, 0.0529103
187.604, 1.12941, -4509.41, 1.18535, -4509.57, 1.25577, -4512.21, -0.00821668, -0.00821667, -0.00821674, 0.0221011, -1.49181e+35, 0.0650128, -1.09677, 0.0530983
187.655, 1.12942, -4518.28, 1.18536, -4518.44, 1.25578, -4521.09, -0.00821645, -0.00821638, -0.00821644, 0.0221011, -1.49181e+35, 0.0650128, -1.09679, 0.0532837
187.705, 1.12943, -4527.16, 1.18537, -4527.32, 1.2558, -4529.96, -0.00821635, -0.00821634, -0.00821637, 0.0221011, -1.49181e+35, 0.065014, -1.09682, 0.0534665
187.755, 1.12945, -4536.03, 1.18539, -4536.19, 1.25581, -4538.83, -0.00821644, -0.00821629, -0.00821624, 0.0221011, -1.49181e+35, 0.0650145, -1.09685, 0.0536465
187.806, 1.12941, -4544.88, 1.18535, -4545.04, 1.25577, -4547.69, -0.00819651, -0.00819647, -0.00819675, 0.0221011, -1.49181e+35, 0.0650128, -1.09677, 0.053824
187.856, 1.12942, -4553.73, 1.18536, -4553.89, 1.25578, -4556.54, -0.00819613, -0.00819626, -0.00819628, 0.0221011, -1.49181e+35, 0.0650129, -1.09679, 0.0539987
187.906, 1.12943, -4562.59, 1.18537, -4562.75, 1.25579, -4565.39, -0.00819607, -0.00819605, -0.00819614, 0.0221011, -1.49181e+35, 0.0650133, -1.09681, 0.0541707
187.957, 1.12944, -4571.42, 1.18538, -4571.58, 1.25581, -4574.22, -0.00817589, -0.00817588, -0.00817581, 0.0221011, -1.49181e+35, 0.0650143, -1.09684, 0.0543401
188, 1.12944, -4579.01, 1.18538, -4579.17, 1.2558, -4581.82, -0.00817592, -0.0081759, -0.00817582, 0.0221011, -1.49181e+35, 0.0650141, -1.09683, 0.0544835
188, 1.12944, -4579.01, 1.18538, -4579.17, 1.2558, -4581.82, -0.00817592, -0.0081759, -0.00817582, 0.0221011, -1.49181e+35, 0.065015, -1.09683, 0.0544846
188.05, 1.12945, -4587.83, 1.18539, -4588, 1.25582, -4590.64, -0.00815629, -0.0081563, -0.0081562, 0.0221011, -1.49181e+35, 0.0650146, -1.09686, 0.0546478
188.101, 1.12941, -4596.64, 1.18535, -4596.8, 1.25577, -4599.45, -0.00815299, -0.00815304, -0.00815309, 0.0221011, -1.49181e+35, 0.0650127, -1.09677, 0.0548093
188.151, 1.12942, -4605.45, 1.18536, -4605.61, 1.25578, -4608.26, -0.00815573, -0.00815568, -0.00815571, 0.0221011, -1.49181e+35, 0.0650132, -1.09679, 0.0549682
188.202, 1.12943, -4614.24, 1.18538, -4614.4, 1.2558, -4617.04, -0.00813541, -0.00813539, -0.00813539, 0.0221011, -1.49181e+35, 0.0650142, -1.09682, 0.0551243
188.252, 1.12945, -4623.02, 1.18539, -4623.19, 1.25581, -4625.83, -0.00813541, -0.00813537, -0.00813531, 0.0221011, -1.49181e+35, 0.0650148, -1.09685, 0.0552776
188.302, 1.12941, -4631.79, 1.18535, -4631.95, 1.25577, -4634.6, -0.00811553, -0.00811557, -0.0081157, 0.0221011, -1.49181e+35, 0.0650121, -1.09677, 0.0554282
188.353, 1.12942, -4640.56, 1.18536, -4640.72, 1.25578, -4643.36, -0.00811527, -0.00811532, -0.00811531, 0.0221011, -1.49181e+35, 0.0650127, -1.09679, 0.055576
188.403, 1.12943, -4649.3, 1.18537, -4649.46, 1.25579, -4652.1, -0.00809495, -0.00809496, -0.00809488, 0.0221011, -1.49181e+35, 0.0650136, -1.09681, 0.0557211
188.453, 1.12944, -4658.04, 1.18539, -4658.2, 1.25581, -4660.85, -0.00808111, -0.00808108, -0.00808106, 0.0221011, -1.49181e+35, 0.065014, -1.09684, 0.0558635
188.504, 1.1294, -4666.76, 1.18534, -4666.92, 1.25576, -4669.57, -0.0080751, -0.00807524, -0.00807553, 0.0221011, -1.49181e+35, 0.0650126, -1.09676, 0.0560031
188.554, 1.12941, -4675.47, 1.18535, -4675.63, 1.25578, -4678.28, -0.00805474, -0.00805475, -0.00805476, 0.0221011, -1.49181e+35, 0.0650129, -1.09678, 0.05614
188.604, 1.12943, -4684.17, 1.18537, -4684.33, 1.25579, -4686.98, -0.00805451, -0.00805449, -0.00805447, 0.0221011, -1.49181e+35, 0.0650135, -1.09681, 0.0562741
188.655, 1.12944, -4692.86, 1.18538, -4693.02, 1.2558, -4695.66, -0.00803423, -0.00803422, -0.00803416, 0.0221011, -1.49181e+35, 0.0650139, -1.09683, 0.0564055
188.705, 1.12945, -4701.53, 1.1854, -4701.69, 1.25582, -4704.34, -0.0080225, -0.00802248, -0.00802245, 0.0221011, -1.49181e+35, 0.0650145, -1.09686, 0.0565341
188.755, 1.12941, -4710.19, 1.18535, -4710.35, 1.25577, -4712.99, -0.00801419, -0.0080142, -0.00801426, 0.0221011, -1.49181e+35, 0.065013, -1.09678, 0.05666
188.806, 1.12942, -4718.83, 1.18536, -4718.99, 1.25578, -4721.64, -0.00799383, -0.00799379, -0.00799375, 0.0221011, -1.49181e+35, 0.0650135, -1.0968, 0.0567832
188.856, 1.12944, -4727.46, 1.18538, -4727.62, 1.2558, -4730.27, -0.00798867, -0.0079887, -0.00798864, 0.0221011, -1.49181e+35, 0.0650142, -1.09683, 0.0569036
188.906, 1.12945, -4736.07, 1.18539, -4736.23, 1.25582, -4738.88, -0.00797353, -0.00797348, -0.00797349, 0.0221011, -1.49181e+35, 0.065015, -1.09686, 0.0570214
188.957, 1.12941, -4744.67, 1.18535, -4744.83, 1.25577, -4747.48, -0.00795351, -0.00795356, -0.00795363, 0.0221011, -1.49181e+35, 0.0650126, -1.09677, 0.0571364
189, 1.1294, -4752.06, 1.18534, -4752.22, 1.25576, -4754.86, -0.00795406, -0.00795416, -0.00795448, 0.0221011, -1.49181e+35, 0.0650124, -1.09676, 0.0572331
189, 1.1294, -4752.06, 1.18534, -4752.22, 1.25576, -4754.86, -0.00795406, -0.00795416, -0.00795448, 0.0221011, -1.49181e+35, 0.0650137, -1.09676, 0.057234
189.05, 1.12942, -4760.63, 1.18536, -4760.79, 1.25578, -4763.43, -0.00793312, -0.00793318, -0.00793321, 0.0221011, -1.49181e+35, 0.0650128, -1.09678, 0.0573432
189.101, 1.12943, -4769.18, 1.18537, -4769.34, 1.25579, -4771.99, -0.00791283, -0.00791279, -0.00791284, 0.0221011, -1.49181e+35, 0.0650135, -1.09681, 0.0574505
189.151, 1.12944, -4777.72, 1.18538, -4777.88, 1.25581, -4780.53, -0.00789347, -0.00789337, -0.00789339, 0.0221011, -1.49181e+35, 0.065014, -1.09684, 0.0575552
189.202, 1.12938, -4786.25, 1.18532, -4786.41, 1.25573, -4789.05, -0.00789259, -0.00789254, -0.00789245, 0.0221011, -1.49181e+35, 0.0650114, -1.09671, 0.0576572
189.252, 1.12941, -4794.75, 1.18535, -4794.91, 1.25577, -4797.56, -0.00787219, -0.00787225, -0.00787229, 0.0221011, -1.49181e+35, 0.0650122, -1.09678, 0.0577565
189.302, 1.12942, -4803.24, 1.18536, -4803.4, 1.25579, -4806.04, -0.00785219, -0.00785218, -0.00785218, 0.0221011, -1.49181e+35, 0.0650138, -1.0968, 0.0578532
189.353, 1.12944, -4811.71, 1.18538, -4811.87, 1.2558, -4814.52, -0.00783221, -0.00783223, -0.00783214, 0.0221011, -1.49181e+35, 0.0650144, -1.09683, 0.0579473
189.403, 1.12945, -4820.17, 1.18539, -4820.33, 1.25582, -4822.98, -0.00783184, -0.00783186, -0.00783182, 0.0221011, -1.49181e+35, 0.0650147, -1.09686, 0.0580388
189.453, 1.12941, -4828.61, 1.18535, -4828.77, 1.25577, -4831.41, -0.00781193, -0.00781194, -0.00781199, 0.0221011, -1.49181e+35, 0.0650128, -1.09677, 0.0581277
189.504, 1.12942, -4837.03, 1.18536, -4837.19, 1.25578, -4839.83, -0.00779025, -0.00779022, -0.00779023, 0.0221011, -1.49181e+35, 0.0650128, -1.09679, 0.058214
189.554, 1.12943, -4845.43, 1.18537, -4845.59, 1.2558, -4848.24, -0.00777113, -0.00777108, -0.00777116, 0.0221011, -1.49181e+35, 0.0650136, -1.09682, 0.0582977
189.604, 1.12945, -4853.82, 1.18539, -4853.98, 1.25581, -4856.62, -0.00775134, -0.00775133, -0.00775129, 0.0221011, -1.49181e+35, 0.0650145, -1.09685, 0.0583788
189.655, 1.12941, -4862.19, 1.18535, -4862.35, 1.25577, -4864.99, -0.00774247, -0.00774246, -0.00774252, 0.0221011, -1.49181e+35, 0.0650126, -1.09677, 0.0584575
189.705, 1.12942, -4870.54, 1.18536, -4870.7, 1.25578, -4873.34, -0.00773078, -0.00773075, -0.00773076, 0.0221011, -1.49181e+35, 0.0650127, -1.09679, 0.0585336
189.755, 1.12943, -4878.87, 1.18537, -4879.03, 1.25579, -4881.67, -0.0077102, -0.00771019, -0.00771023, 0.0221011, -1.49181e+35, 0.0650136, -1.09681, 0.0586072
189.806, 1.12944, -4887.18, 1.18538, -4887.34, 1.25581, -4889.98, -0.00769011, -0.00769011, -0.00769004, 0.0221011, -1.49181e+35, 0.0650147, -1.09684, 0.0586783
189.856, 1.12938, -4895.47, 1.18532, -4895.63, 1.25574, -4898.28, -0.00766988, -0.00766992, -0.00766989, 0.0221011, -1.49181e+35, 0.0650112, -1.09671, 0.0587469
189.907, 1.12941, -4903.75, 1.18535, -4903.91, 1.25578, -4906.56, -0.00765018, -0.0076501, -0.00765013, 0.0221011, -1.49181e+35, 0.0650125, -1.09678, 0.0588131
189.957, 1.12943, -4912.01, 1.18537, -4912.17, 1.25579, -4914.81, -0.00763442, -0.00763441, -0.00763426, 0.0221011, -1.49181e+35, 0.0650128, -1.09681, 0.0588769
190, 1.12942, -4919.1, 1.18536, -4919.26, 1.25578, -4921.9, -0.00762957, -0.00762955, -0.00762956, 0.0221011, -1.49181e+35, 0.0650132, -1.0968, 0.0589298
190, 1.12942, -4919.1, 1.18536, -4919.26, 1.25578, -4921.9, -0.00762957, -0.00762955, -0.00762956, 0.0221011, -1.49181e+35, 0.0650146, -1.0968, 0.0589304
190.051, 1.12943, -4927.32, 1.18538, -4927.48, 1.2558, -4930.12, -0.00760928, -0.00760927, -0.00760915, 0.0221011, -1.49181e+35, 0.0650139, -1.09682, 0.0589891
190.101, 1.12945, -4935.52, 1.18539, -4935.68, 1.25581, -4938.33, -0.00758614, -0.00758614, -0.0075861, 0.0221011, -1.49181e+35, 0.0650145, -1.09685, 0.059046
190.151, 1.12941, -4943.71, 1.18535, -4943.87, 1.25577, -4946.51, -0.00756912, -0.00756918, -0.00756928, 0.0221011, -1.49181e+35, 0.0650127, -1.09677, 0.0591006
190.202, 1.12942, -4951.87, 1.18536, -4952.03, 1.25578, -4954.68, -0.00754877, -0.00754873, -0.00754875, 0.0221011, -1.49181e+35, 0.0650131, -1.09679, 0.0591528
190.252, 1.12943, -4960.02, 1.18537, -4960.18, 1.25579, -4962.82, -0.00752942, -0.00752947, -0.00752937, 0.0221011, -1.49181e+35, 0.0650137, -1.09682, 0.0592027
190.302, 1.12944, -4968.15, 1.18539, -4968.31, 1.25581, -4970.95, -0.00751662, -0.00751653, -0.00751653, 0.0221011, -1.49181e+35, 0.0650142, -1.09684, 0.0592503
190.353, 1.1294, -4976.26, 1.18534, -4976.42, 1.25576, -4979.06, -0.00750886, -0.00750895, -0.00750927, 0.0221011, -1.49181e+35, 0.0650121, -1.09676, 0.0592957
190.403, 1.12941, -4984.35, 1.18536, -4984.51, 1.25578, -4987.15, -0.00748795, -0.0074879, -0.00748793, 0.0221011, -1.49181e+35, 0.0650135, -1.09678, 0.0593388
190.453, 1.12943, -4992.41, 1.18537, -4992.57, 1.25579, -4995.22, -0.00746736, -0.00746737, -0.00746733, 0.0221011, -1.49181e+35, 0.0650136, -1.09681, 0.0593797
190.504, 1.12944, -5000.46, 1.18538, -5000.62, 1.25581, -5003.27, -0.00744733, -0.00744728, -0.00744724, 0.0221011, -1.49181e+35, 0.065014, -1.09683, 0.0594184
190.554, 1.12938, -5008.5, 1.18531, -5008.66, 1.25573, -5011.3, -0.0074271, -0.00742709, -0.00742701, 0.0221011, -1.49181e+35, 0.0650115, -1.09671, 0.0594549
190.604, 1.12941, -5016.51, 1.18535, -5016.67, 1.25577, -5019.31, -0.00740704, -0.00740708, -0.0074071, 0.0221011, -1.49181e+35, 0.065013, -1.09678, 0.0594892
190.655, 1.12942, -5024.5, 1.18536, -5024.66, 1.25579, -5027.3, -0.00738702, -0.00738703, -0.00738698, 0.0221011, -1.49181e+35, 0.0650134, -1.0968, 0.0595214
190.705, 1.12944, -5032.47, 1.18538, -5032.63, 1.2558, -5035.28, -0.00736842, -0.0073684, -0.00736836, 0.0221011, -1.49181e+35, 0.065014, -1.09683, 0.0595516
190.755, 1.12945, -5040.43, 1.18539, -5040.59, 1.25582, -5043.23, -0.00735752, -0.0073575, -0.00735745, 0.0221011, -1.49181e+35, 0.0650147, -1.09686, 0.0595796
190.806, 1.12941, -5048.36, 1.18535, -5048.52, 1.25577, -5051.17, -0.00734639, -0.00734642, -0.00734649, 0.0221011, -1.49181e+35, 0.0650128, -1.09677, 0.0596056
190.856, 1.12942, -5056.27, 1.18536, -5056.44, 1.25578, -5059.08, -0.00732598, -0.007326, -0.00732597, 0.0221011, -1.49181e+35, 0.0650129, -1.09679, 0.0596295
190.907, 1.12943, -5064.17, 1.18537, -5064.33, 1.2558, -5066.97, -0.00730542, -0.00730539, -0.00730534, 0.0221011, -1.49181e+35, 0.0650133, -1.09682, 0.0596515
190.957, 1.12945, -5072.04, 1.18539, -5072.21, 1.25581, -5074.85, -0.00728547, -0.00728541, -0.00728539, 0.0221011, -1.49181e+35, 0.0650144, -1.09685, 0.0596715
191, 1.12944, -5078.8, 1.18538, -5078.96, 1.25581, -5081.61, -0.00726526, -0.0072653, -0.00726521, 0.0221011, -1.49181e+35, 0.065014, -1.09684, 0.0596871
191, 1.12944, -5078.8, 1.18538, -5078.96, 1.25581, -5081.61, -0.00726526, -0.0072653, -0.00726521, 0.0221011, -1.49181e+35, 0.0650154, -1.09684, 0.0596874
191.051, 1.12938, -5086.64, 1.18532, -5086.8, 1.25573, -5089.45, -0.00724566, -0.00724565, -0.00724558, 0.0221011, -1.49181e+35, 0.0650107, -1.09671, 0.0597034
191.101, 1.12941, -5094.47, 1.18535, -5094.63, 1.25577, -5097.27, -0.00722972, -0.00722974, -0.00722971, 0.0221011, -1.49181e+35, 0.0650129, -1.09678, 0.0597179
191.151, 1.12942, -5102.27, 1.18536, -5102.43, 1.25579, -5105.07, -0.00722477, -0.00722472, -0.00722465, 0.0221011, -1.49181e+35, 0.0650135, -1.0968, 0.0597304
191.202, 1.12944, -5110.05, 1.18538, -5110.21, 1.2558, -5112.85, -0.00720454, -0.00720451, -0.00720442, 0.0221011, -1.49181e+35, 0.0650141, -1.09683, 0.0597411
191.252, 1.12945, -5117.81, 1.1854, -5117.97, 1.25582, -5120.62, -0.00718411, -0.00718404, -0.00718401, 0.0221011, -1.49181e+35, 0.0650149, -1.09686, 0.05975
191.302, 1.12941, -5125.55, 1.18535, -5125.71, 1.25577, -5128.36, -0.00716422, -0.00716426, -0.00716429, 0.0221011, -1.49181e+35, 0.0650128, -1.09677, 0.0597571
191.353, 1.12942, -5133.28, 1.18536, -5133.44, 1.25578, -5136.08, -0.0071438, -0.00714385, -0.00714378, 0.0221011, -1.49181e+35, 0.0650134, -1.0968, 0.0597624
191.403, 1.12943, -5140.99, 1.18538, -5141.15, 1.2558, -5143.79, -0.00712366, -0.00712363, -0.0071236, 0.0221011, -1.49181e+35, 0.065014, -1.09682, 0.0597659
191.453, 1.12945, -5148.67, 1.18539, -5148.83, 1.25582, -5151.48, -0.00710413, -0.00710414, -0.00710406, 0.0221011, -1.49181e+35, 0.0650149, -1.09685, 0.0597677
191.504, 1.12941, -5156.34, 1.18535, -5156.5, 1.25577, -5159.15, -0.0070947, -0.00709483, -0.00709491, 0.0221011, -1.49181e+35, 0.0650126, -1.09677, 0.0597679
191.554, 1.12942, -5163.99, 1.18536, -5164.15, 1.25578, -5166.8, -0.00708314, -0.00708308, -0.00708309, 0.0221011, -1.49181e+35, 0.0650136, -1.09679, 0.0597663
191.604, 1.12943, -5171.62, 1.18537, -5171.78, 1.25579, -5174.43, -0.00706268, -0.00706267, -0.0070627, 0.0221011, -1.49181e+35, 0.0650139, -1.09681, 0.0597632
191.655, 1.12944, -5179.24, 1.18539, -5179.4, 1.25581, -5182.04, -0.0070427, -0.00704254, -0.00704266, 0.0221011, -1.49181e+35, 0.0650143, -1.09684, 0.0597584
191.705, 1.1294, -5186.83, 1.18534, -5186.99, 1.25576, -5189.63, -0.00702306, -0.00702329, -0.00702358, 0.0221011, -1.49181e+35, 0.0650126, -1.09676, 0.059752
191.756, 1.12941, -5194.41, 1.18536, -5194.57, 1.25578, -5197.21, -0.00700244, -0.00700234, -0.00700237, 0.0221011, -1.49181e+35, 0.0650127, -1.09678, 0.0597441
191.806, 1.12943, -5201.97, 1.18537, -5202.13, 1.25579, -5204.77, -0.00698546, -0.00698543, -0.00698545, 0.0221011, -1.49181e+35, 0.0650136, -1.09681, 0.0597346
191.856, 1.12944, -5209.51, 1.18538, -5209.67, 1.2558, -5212.31, -0.00698192, -0.00698191, -0.00698184, 0.0221011, -1.49181e+35, 0.065014, -1.09683, 0.0597236
191.907, 1.12946, -5217.03, 1.1854, -5217.19, 1.25582, -5219.83, -0.00696167, -0.00696151, -0.00696148, 0.0221011, -1.49181e+35, 0.0650149, -1.09686, 0.0597112
191.957, 1.12941, -5224.53, 1.18535, -5224.69, 1.25577, -5227.33, -0.00693943, -0.00693933, -0.00693952, 0.0221011, -1.49181e+35, 0.0650129, -1.09678, 0.0596973
192, 1.12941, -5230.97, 1.18535, -5231.13, 1.25577, -5233.77, -0.00692155, -0.0069217, -0.00692176, 0.0221011, -1.49181e+35, 0.0650125, -1.09677, 0.0596842
192, 1.12941, -5230.97, 1.18535, -5231.13, 1.25577, -5233.77, -0.00692155, -0.0069217, -0.00692176, 0.0221011, -1.49181e+35, 0.0650137, -1.09677, 0.0596843
192.051, 1.12942, -5238.44, 1.18536, -5238.6, 1.25578, -5241.25, -0.00690745, -0.00690742, -0.00690742, 0.0221011, -1.49181e+35, 0.0650134, -1.09679, 0.0596676
192.101, 1.12943, -5245.89, 1.18537, -5246.05, 1.2558, -5248.7, -0.00690098, -0.00690092, -0.00690082, 0.0221011, -1.49181e+35, 0.0650142, -1.09682, 0.0596497
192.151, 1.12945, -5253.33, 1.18539, -5253.49, 1.25581, -5256.13, -0.00688065, -0.00688068, -0.00688061, 0.0221011, -1.49181e+35, 0.0650146, -1.09684, 0.0596305
192.202, 1.12941, -5260.75, 1.18535, -5260.91, 1.25577, -5263.55, -0.00686123, -0.00686139, -0.00686169, 0.0221011, -1.49181e+35, 0.0650126, -1.09677, 0.0596099
192.252, 1.12942, -5268.15, 1.18536, -5268.31, 1.25578, -5270.95, -0.00684071, -0.00684065, -0.00684067, 0.0221011, -1.49181e+35, 0.0650129, -1.09678, 0.0595881
192.302, 1.12943, -5275.54, 1.18537, -5275.7, 1.25579, -5278.34, -0.00684024, -0.00684019, -0.00684022, 0.0221011, -1.49181e+35, 0.0650133, -1.09681, 0.059565
192.353, 1.12944, -5282.9, 1.18538, -5283.06, 1.25581, -5285.71, -0.00681994, -0.00681992, -0.00681988, 0.0221011, -1.49181e+35, 0.0650145, -1.09684, 0.0595406
192.403, 1.12938, -5290.25, 1.18532, -5290.41, 1.25573, -5293.06, -0.00679976, -0.00679968, -0.00679966, 0.0221011, -1.49181e+35, 0.0650113, -1.09671, 0.0595151
192.453, 1.12941, -5297.59, 1.18535, -5297.75, 1.25577, -5300.39, -0.00677971, -0.00677978, -0.00677977, 0.0221011, -1.49181e+35, 0.0650129, -1.09678, 0.0594883
192.504, 1.12942, -5304.91, 1.18537, -5305.07, 1.25579, -5307.71, -0.00677072, -0.00677068, -0.0067707, 0.0221011, -1.49181e+35, 0.0650135, -1.0968, 0.0594604
192.554, 1.12944, -5312.21, 1.18538, -5312.37, 1.2558, -5315.01, -0.00675926, -0.00675923, -0.00675922, 0.0221011, -1.49181e+35, 0.0650141, -1.09683, 0.0594314
192.604, 1.12945, -5319.49, 1.18539, -5319.65, 1.25582, -5322.3, -0.00673899, -0.006739, -0.00673896, 0.0221011, -1.49181e+35, 0.0650149, -1.09686, 0.0594013
192.655, 1.12941, -5326.76, 1.18535, -5326.92, 1.25577, -5329.57, -0.00671917, -0.00671921, -0.00671923, 0.0221011, -1.49181e+35, 0.0650131, -1.09677, 0.0593701
192.705, 1.12942, -5334.02, 1.18536, -5334.18, 1.25578, -5336.82, -0.00671883, -0.00671887, -0.0067188, 0.0221011, -1.49181e+35, 0.0650135, -1.0968, 0.0593379
192.756, 1.12943, -5341.25, 1.18537, -5341.41, 1.2558, -5344.06, -0.00669839, -0.00669837, -0.00669828, 0.0221011, -1.49181e+35, 0.0650137, -1.09682, 0.0593046
192.806, 1.12945, -5348.48, 1.18539, -5348.64, 1.25581, -5351.28, -0.00667827, -0.00667828, -0.00667822, 0.0221011, -1.49181e+35, 0.0650147, -1.09685, 0.0592704
192.856, 1.12941, -5355.69, 1.18535, -5355.85, 1.25577, -5358.49, -0.00666317, -0.00666324, -0.00666336, 0.0221011, -1.49181e+35, 0.0650132, -1.09677, 0.0592351
192.907, 1.12942, -5362.88, 1.18536, -5363.04, 1.25578, -5365.68, -0.0066581, -0.0066581, -0.00665816, 0.0221011, -1.49181e+35, 0.0650131, -1.09679, 0.059199
192.957, 1.12943, -5370.05, 1.18537, -5370.21, 1.25579, -5372.86, -0.00663786, -0.00663782, -0.0066378, 0.0221011, -1.49181e+35, 0.0650134, -1.09681, 0.0591619
193, 1.12943, -5376.22, 1.18537, -5376.38, 1.25579, -5379.02, -0.00663285, -0.0066328, -0.0066328, 0.0221011, -1.49181e+35, 0.0650139, -1.09681, 0.0591293
193, 1.12943, -5376.22, 1.18537, -5376.38, 1.25579, -5379.02, -0.00663285, -0.0066328, -0.0066328, 0.0221011, -1.49181e+35, 0.0650147, -1.09681, 0.0591293
193.051, 1.12944, -5383.36, 1.18538, -5383.52, 1.2558, -5386.17, -0.00661748, -0.00661744, -0.00661741, 0.0221011, -1.49181e+35, 0.0650144, -1.09683, 0.0590906
193.101, 1.12945, -5390.5, 1.1854, -5390.66, 1.25582, -5393.3, -0.00659736, -0.00659735, -0.0065973, 0.0221011, -1.49181e+35, 0.0650147, -1.09686, 0.059051
193.151, 1.12941, -5397.62, 1.18535, -5397.79, 1.25577, -5400.43, -0.00659756, -0.00659758, -0.00659763, 0.0221011, -1.49181e+35, 0.0650129, -1.09677, 0.0590107
193.202, 1.12942, -5404.73, 1.18536, -5404.89, 1.25578, -5407.53, -0.0065769, -0.00657689, -0.00657687, 0.0221011, -1.49181e+35, 0.0650135, -1.0968, 0.0589695
193.252, 1.12943, -5411.82, 1.18538, -5411.98, 1.2558, -5414.63, -0.00655696, -0.00655693, -0.0065569, 0.0221011, -1.49181e+35, 0.0650142, -1.09682, 0.0589276
193.302, 1.12945, -5418.9, 1.18539, -5419.06, 1.25582, -5421.71, -0.00655689, -0.00655685, -0.00655682, 0.0221011, -1.49181e+35, 0.0650148, -1.09685, 0.0588849
193.353, 1.12941, -5425.97, 1.18535, -5426.13, 1.25577, -5428.77, -0.00653183, -0.00653187, -0.00653195, 0.0221011, -1.49181e+35, 0.0650129, -1.09677, 0.0588415
193.403, 1.12942, -5433.02, 1.18536, -5433.18, 1.25578, -5435.83, -0.00651762, -0.00651758, -0.00651759, 0.0221011, -1.49181e+35, 0.0650134, -1.09679, 0.0587974
193.453, 1.12943, -5440.06, 1.18537, -5440.22, 1.25579, -5442.86, -0.00651642, -0.00651638, -0.00651635, 0.0221011, -1.49181e+35, 0.065014, -1.09682, 0.0587527
193.504, 1.12945, -5447.08, 1.18539, -5447.24, 1.25581, -5449.89, -0.00649615, -0.00649615, -0.00649609, 0.0221011, -1.49181e+35, 0.0650148, -1.09685, 0.0587073
193.554, 1.1294, -5454.1, 1.18534, -5454.26, 1.25576, -5456.9, -0.00649692, -0.00649706, -0.00649737, 0.0221011, -1.49181e+35, 0.0650125, -1.09676, 0.0586613
193.605, 1.12942, -5461.1, 1.18536, -5461.26, 1.25578, -5463.9, -0.00647607, -0.00647602, -0.00647604, 0.0221011, -1.49181e+35, 0.0650134, -1.09679, 0.0586148
193.655, 1.12943, -5468.09, 1.18537, -5468.25, 1.25579, -5470.89, -0.00646209, -0.00646215, -0.0064621, 0.0221011, -1.49181e+35, 0.0650142, -1.09681, 0.0585676
193.705, 1.12944, -5475.06, 1.18538, -5475.22, 1.25581, -5477.87, -0.00645521, -0.00645519, -0.00645519, 0.0221011, -1.49181e+35, 0.0650142, -1.09684, 0.0585199
193.756, 1.12938, -5482.03, 1.18532, -5482.19, 1.25573, -5484.83, -0.00643582, -0.00643575, -0.00643572, 0.0221011, -1.49181e+35, 0.0650115, -1.09671, 0.0584716
193.806, 1.12941, -5488.98, 1.18535, -5489.14, 1.25577, -5491.78, -0.0064356, -0.00643564, -0.00643565, 0.0221011, -1.49181e+35, 0.0650131, -1.09678, 0.0584229
193.856, 1.12942, -5495.92, 1.18536, -5496.08, 1.25579, -5498.72, -0.00641532, -0.00641528, -0.00641531, 0.0221011, -1.49181e+35, 0.0650135, -1.0968, 0.0583737
193.907, 1.12944, -5502.85, 1.18538, -5503.01, 1.2558, -5505.65, -0.00641522, -0.0064152, -0.00641519, 0.0221011, -1.49181e+35, 0.065014, -1.09683, 0.058324
193.957, 1.12945, -5509.76, 1.18539, -5509.92, 1.25582, -5512.57, -0.00639496, -0.00639496, -0.00639491, 0.0221011, -1.49181e+35, 0.065015, -1.09686, 0.0582739
194, 1.12945, -5515.7, 1.18539, -5515.86, 1.25581, -5518.51, -0.00639498, -0.006395, -0.00639491, 0.0221011, -1.49181e+35, 0.0650144, -1.09685, 0.0582304
194, 1.12945, -5515.7, 1.18539, -5515.86, 1.25581, -5518.51, -0.00639498, -0.006395, -0.00639491, 0.0221011, -1.49181e+35, 0.0650153, -1.09685, 0.0582303
194.051, 1.12941, -5522.6, 1.18535, -5522.76, 1.25577, -5525.41, -0.00637526, -0.00637522, -0.00637528, 0.0221011, -1.49181e+35, 0.0650127, -1.09677, 0.0581796
194.101, 1.12942, -5529.48, 1.18536, -5529.65, 1.25578, -5532.29, -0.00637483, -0.00637482, -0.00637479, 0.0221011, -1.49181e+35, 0.0650136, -1.09679, 0.0581284
194.151, 1.12943, -5536.36, 1.18537, -5536.52, 1.25579, -5539.17, -0.00635464, -0.00635459, -0.00635463, 0.0221011, -1.49181e+35, 0.0650135, -1.09681, 0.0580768
194.202, 1.12944, -5543.22, 1.18539, -5543.38, 1.25581, -5546.03, -0.00635447, -0.00635446, -0.00635436, 0.0221011, -1.49181e+35, 0.0650142, -1.09684, 0.0580249
194.252, 1.12938, -5550.08, 1.18532, -5550.24, 1.25574, -5552.89, -0.00633504, -0.00633507, -0.00633505, 0.0221011, -1.49181e+35, 0.0650121, -1.09671, 0.0579727
194.302, 1.12941, -5556.92, 1.18535, -5557.08, 1.25577, -5559.73, -0.00633318, -0.0063331, -0.00633312, 0.0221011, -1.49181e+35, 0.0650133, -1.09678, 0.0579202
194.353, 1.12942, -5563.76, 1.18537, -5563.92, 1.25579, -5566.57, -0.00633425, -0.00633436, -0.00633423, 0.0221011, -1.49181e+35, 0.0650138, -1.09681, 0.0578674
194.403, 1.12944, -5570.58, 1.18538, -5570.74, 1.2558, -5573.39, -0.00631394, -0.00631393, -0.00631401, 0.0221011, -1.49181e+35, 0.0650142, -1.09683, 0.0578144
194.453, 1.12945, -5577.4, 1.1854, -5577.56, 1.25582, -5580.21, -0.00631407, -0.00631391, -0.00631404, 0.0221011, -1.49181e+35, 0.0650149, -1.09686, 0.0577612
194.504, 1.12941, -5584.21, 1.18535, -5584.37, 1.25577, -5587.01, -0.00629401, -0.00629397, -0.00629396, 0.0221011, -1.49181e+35, 0.065013, -1.09678, 0.0577077
194.554, 1.12942, -5591, 1.18536, -5591.16, 1.25578, -5593.81, -0.00629379, -0.00629391, -0.00629374, 0.0221011, -1.49181e+35, 0.0650133, -1.0968, 0.0576541
194.605, 1.12943, -5597.79, 1.18538, -5597.96, 1.2558, -5600.6, -0.00627449, -0.00627446, -0.00627435, 0.0221011, -1.49181e+35, 0.0650141, -1.09682, 0.0576003
194.655, 1.12945, -5604.57, 1.18539, -5604.73, 1.25581, -5607.38, -0.00627362, -0.00627359, -0.00627353, 0.0221011, -1.49181e+35, 0.0650149, -1.09685, 0.0575464
194.705, 1.12941, -5611.35, 1.18535, -5611.51, 1.25577, -5614.15, -0.0062738, -0.00627373, -0.00627394, 0.0221011, -1.49181e+35, 0.0650126, -1.09677, 0.0574923
194.756, 1.12942, -5618.11, 1.18536, -5618.27, 1.25578, -5620.91, -0.00625329, -0.00625344, -0.00625342, 0.0221011, -1.49181e+35, 0.0650131, -1.09679, 0.0574381
194.806, 1.12943, -5624.86, 1.18537, -5625.02, 1.2558, -5627.67, -0.00625329, -0.00625326, -0.0062531, 0.0221011, -1.49181e+35, 0.0650142, -1.09682, 0.0573839
194.856, 1.12945, -5631.61, 1.18539, -5631.77, 1.25581, -5634.42, -0.00625334, -0.00625333, -0.00625326, 0.0221011, -1.49181e+35, 0.0650146, -1.09684, 0.0573295
194.907, 1.1294, -5638.35, 1.18534, -5638.51, 1.25576, -5641.15, -0.00623387, -0.00623404, -0.00623435, 0.0221011, -1.49181e+35, 0.0650122, -1.09676, 0.0572751
194.957, 1.12941, -5645.08, 1.18536, -5645.24, 1.25578, -5647.88, -0.00623324, -0.00623321, -0.00623328, 0.0221011, -1.49181e+35, 0.0650131, -1.09678, 0.0572207
195, 1.12941, -5650.87, 1.18535, -5651.03, 1.25577, -5653.67, -0.00623325, -0.00623321, -0.00623331, 0.0221011, -1.49181e+35, 0.0650131, -1.09678, 0.0571739
195, 1.12941, -5650.87, 1.18535, -5651.03, 1.25577, -5653.67, -0.00623325, -0.00623321, -0.00623331, 0.0221011, -1.49181e+35, 0.0650139, -1.09678, 0.0571736
195.051, 1.12942, -5657.58, 1.18536, -5657.74, 1.25579, -5660.39, -0.00621293, -0.00621288, -0.00621281, 0.0221011, -1.49181e+35, 0.0650134, -1.0968, 0.0571194
195.101, 1.12944, -5664.29, 1.18538, -5664.45, 1.2558, -5667.1, -0.0062127, -0.00621269, -0.00621266, 0.0221011, -1.49181e+35, 0.0650141, -1.09683, 0.0570649
195.151, 1.12945, -5671, 1.18539, -5671.16, 1.25582, -5673.81, -0.00621284, -0.00621284, -0.00621279, 0.0221011, -1.49181e+35, 0.0650148, -1.09686, 0.0570105
195.202, 1.12941, -5677.7, 1.18535, -5677.86, 1.25577, -5680.5, -0.00619286, -0.00619291, -0.00619295, 0.0221011, -1.49181e+35, 0.0650129, -1.09677, 0.0569561
195.252, 1.12942, -5684.39, 1.18536, -5684.55, 1.25578, -5687.19, -0.0061927, -0.00619263, -0.00619264, 0.0221011, -1.49181e+35, 0.0650136, -1.09679, 0.0569018
195.302, 1.12943, -5691.07, 1.18537, -5691.23, 1.2558, -5693.88, -0.00619266, -0.00619264, -0.00619259, 0.0221011, -1.49181e+35, 0.0650139, -1.09682, 0.0568475
195.353, 1.12945, -5697.76, 1.18539, -5697.92, 1.25581, -5700.56, -0.00617598, -0.00617598, -0.00617592, 0.0221011, -1.49181e+35, 0.0650147, -1.09685, 0.0567934
195.403, 1.12941, -5704.43, 1.18535, -5704.59, 1.25577, -5707.23, -0.00617269, -0.00617275, -0.00617286, 0.0221011, -1.49181e+35, 0.0650129, -1.09677, 0.0567393
195.454, 1.12942, -5711.09, 1.18536, -5711.25, 1.25578, -5713.9, -0.00617219, -0.00617218, -0.00617219, 0.0221011, -1.49181e+35, 0.0650129, -1.09679, 0.0566854
195.504, 1.12943, -5717.76, 1.18537, -5717.92, 1.25579, -5720.56, -0.00617241, -0.00617237, -0.00617237, 0.0221011, -1.49181e+35, 0.0650141, -1.09681, 0.0566316
195.554, 1.12944, -5724.42, 1.18538, -5724.58, 1.25581, -5727.22, -0.00615323, -0.00615326, -0.00615318, 0.0221011, -1.49181e+35, 0.0650141, -1.09684, 0.0565779
195.605, 1.12938, -5731.06, 1.18532, -5731.22, 1.25573, -5733.87, -0.00615212, -0.00615214, -0.00615206, 0.0221011, -1.49181e+35, 0.065012, -1.09671, 0.0565244
195.655, 1.12941, -5737.71, 1.18535, -5737.87, 1.25577, -5740.51, -0.00615227, -0.00615229, -0.00615231, 0.0221011, -1.49181e+35, 0.0650132, -1.09678, 0.0564711
195.705, 1.12942, -5744.35, 1.18537, -5744.51, 1.25579, -5747.16, -0.00615218, -0.00615216, -0.00615212, 0.0221011, -1.49181e+35, 0.0650138, -1.0968, 0.0564179
195.756, 1.12944, -5751, 1.18538, -5751.16, 1.2558, -5753.8, -0.00615214, -0.00615212, -0.00615208, 0.0221011, -1.49181e+35, 0.0650142, -1.09683, 0.056365
195.806, 1.12945, -5757.63, 1.1854, -5757.79, 1.25582, -5760.43, -0.00613188, -0.00613186, -0.00613181, 0.0221011, -1.49181e+35, 0.065015, -1.09686, 0.0563123
195.856, 1.12941, -5764.25, 1.18535, -5764.41, 1.25577, -5767.05, -0.0061321, -0.00613212, -0.00613216, 0.0221011, -1.49181e+35, 0.065013, -1.09677, 0.0562598
195.907, 1.12942, -5770.87, 1.18536, -5771.03, 1.25578, -5773.67, -0.00613034, -0.00613034, -0.00613032, 0.0221011, -1.49181e+35, 0.0650136, -1.0968, 0.0562075
195.957, 1.12943, -5777.49, 1.18538, -5777.65, 1.2558, -5780.3, -0.00613189, -0.00613187, -0.00613183, 0.0221011, -1.49181e+35, 0.0650139, -1.09682, 0.0561555
196, 1.12943, -5783.19, 1.18537, -5783.35, 1.25579, -5785.99, -0.00613192, -0.00613188, -0.00613184, 0.0221011, -1.49181e+35, 0.0650139, -1.09681, 0.056111
196, 1.12943, -5783.19, 1.18537, -5783.35, 1.25579, -5785.99, -0.00613192, -0.00613188, -0.00613184, 0.0221011, -1.49181e+35, 0.0650148, -1.09681, 0.0561108
196.051, 1.12944, -5789.81, 1.18539, -5789.97, 1.25581, -5792.61, -0.00612023, -0.00612016, -0.00612017, 0.0221011, -1.49181e+35, 0.0650146, -1.09684, 0.0560595
196.101, 1.1294, -5796.41, 1.18534, -5796.57, 1.25576, -5799.21, -0.00611246, -0.00611255, -0.00611289, 0.0221011, -1.49181e+35, 0.0650122, -1.09676, 0.0560083
196.151, 1.12941, -5803.01, 1.18535, -5803.17, 1.25578, -5805.82, -0.00611182, -0.00611184, -0.00611181, 0.0221011, -1.49181e+35, 0.0650134, -1.09678, 0.0559574
196.202, 1.12943, -5809.61, 1.18537, -5809.77, 1.25579, -5812.42, -0.00611164, -0.00611164, -0.00611161, 0.0221011, -1.49181e+35, 0.0650138, -1.09681, 0.0559068
196.252, 1.12944, -5816.21, 1.18538, -5816.37, 1.2558, -5819.02, -0.00611167, -0.00611165, -0.00611159, 0.0221011, -1.49181e+35, 0.0650136, -1.09683, 0.0558565
196.302, 1.12945, -5822.81, 1.1854, -5822.97, 1.25582, -5825.62, -0.00611167, -0.00611161, -0.00611158, 0.0221011, -1.49181e+35, 0.065015, -1.09686, 0.0558065
196.353, 1.12941, -5829.41, 1.18535, -5829.57, 1.25577, -5832.22, -0.00611187, -0.00611192, -0.00611195, 0.0221011, -1.49181e+35, 0.0650131, -1.09678, 0.0557569
196.403, 1.12942, -5836.01, 1.18536, -5836.17, 1.25578, -5838.82, -0.00611174, -0.00611169, -0.00611171, 0.0221011, -1.49181e+35, 0.0650135, -1.0968, 0.0557076
196.454, 1.12944, -5842.6, 1.18538, -5842.76, 1.2558, -5845.4, -0.00609144, -0.00609142, -0.00609136, 0.0221011, -1.49181e+35, 0.0650143, -1.09683, 0.0556587
196.504, 1.12945, -5849.18, 1.18539, -5849.34, 1.25582, -5851.98, -0.00609138, -0.0060914, -0.00609134, 0.0221011, -1.49181e+35, 0.0650148, -1.09685, 0.0556102
196.554, 1.12941, -5855.76, 1.18535, -5855.92, 1.25577, -5858.56, -0.00609165, -0.00609172, -0.00609175, 0.0221011, -1.49181e+35, 0.0650129, -1.09677, 0.055562
196.605, 1.12942, -5862.34, 1.18536, -5862.5, 1.25578, -5865.14, -0.00609151, -0.00609145, -0.00609145, 0.0221011, -1.49181e+35, 0.0650134, -1.09679, 0.0555142
196.655, 1.12943, -5868.92, 1.18537, -5869.08, 1.2558, -5871.72, -0.00609148, -0.00609143, -0.00609141, 0.0221011, -1.49181e+35, 0.0650139, -1.09682, 0.0554668
196.705, 1.12945, -5875.49, 1.18539, -5875.65, 1.25581, -5878.3, -0.00609054, -0.00609054, -0.00609048, 0.0221011, -1.49181e+35, 0.0650146, -1.09685, 0.0554198
196.756, 1.1294, -5882.07, 1.18534, -5882.23, 1.25577, -5884.88, -0.00609171, -0.00609169, -0.00609191, 0.0221011, -1.49181e+35, 0.0650126, -1.09676, 0.0553732
196.806, 1.12942, -5888.65, 1.18536, -5888.81, 1.25578, -5891.46, -0.00609155, -0.0060915, -0.00609149, 0.0221011, -1.49181e+35, 0.0650139, -1.09679, 0.055327
196.856, 1.12943, -5895.23, 1.18537, -5895.39, 1.25579, -5898.03, -0.00609146, -0.00609143, -0.00609143, 0.0221011, -1.49181e+35, 0.0650133, -1.09681, 0.0552812
196.907, 1.12944, -5901.81, 1.18538, -5901.97, 1.25581, -5904.61, -0.00609144, -0.00609142, -0.00609128, 0.0221011, -1.49181e+35, 0.0650142, -1.09684, 0.0552359
196.957, 1.12938, -5908.39, 1.18532, -5908.55, 1.25573, -5911.19, -0.00609141, -0.00609143, -0.00609141, 0.0221011, -1.49181e+35, 0.0650121, -1.09671, 0.055191
197, 1.12945, -5914.05, 1.18539, -5914.21, 1.25582, -5916.85, -0.0060913, -0.00609131, -0.00609126, 0.0221011, -1.49181e+35, 0.065015, -1.09686, 0.0551527
197, 1.12945, -5914.05, 1.18539, -5914.21, 1.25582, -5916.85, -0.0060913, -0.00609131, -0.00609126, 0.0221011, -1.49181e+35, 0.0650159, -1.09686, 0.0551525
197.051, 1.12941, -5920.62, 1.18535, -5920.78, 1.25577, -5923.43, -0.00609169, -0.00609162, -0.00609185, 0.0221011, -1.49181e+35, 0.0650129, -1.09677, 0.0551086
197.101, 1.12942, -5927.2, 1.18536, -5927.36, 1.25578, -5930.01, -0.00609154, -0.00609153, -0.00609152, 0.0221011, -1.49181e+35, 0.0650134, -1.0968, 0.055065
197.151, 1.12943, -5933.78, 1.18537, -5933.94, 1.2558, -5936.59, -0.00609149, -0.00609147, -0.00609132, 0.0221011, -1.49181e+35, 0.065014, -1.09682, 0.0550219
197.202, 1.12945, -5940.36, 1.18539, -5940.52, 1.25581, -5943.17, -0.00609154, -0.00609147, -0.00609142, 0.0221011, -1.49181e+35, 0.0650147, -1.09685, 0.0549792
197.252, 1.12941, -5946.94, 1.18535, -5947.1, 1.25577, -5949.74, -0.00609175, -0.00609175, -0.00609197, 0.0221011, -1.49181e+35, 0.0650128, -1.09677, 0.054937
197.303, 1.12942, -5953.52, 1.18536, -5953.68, 1.25578, -5956.32, -0.00609141, -0.00609157, -0.00609158, 0.0221011, -1.49181e+35, 0.0650132, -1.09679, 0.0548952
197.353, 1.12943, -5960.1, 1.18537, -5960.26, 1.25579, -5962.9, -0.0060915, -0.00609147, -0.00609133, 0.0221011, -1.49181e+35, 0.0650138, -1.09681, 0.054854
197.403, 1.12944, -5966.68, 1.18539, -5966.84, 1.25581, -5969.48, -0.00609144, -0.00609144, -0.00609138, 0.0221011, -1.49181e+35, 0.0650139, -1.09684, 0.0548132
197.454, 1.1294, -5973.25, 1.18534, -5973.42, 1.25576, -5976.06, -0.00609224, -0.0060924, -0.00609268, 0.0221011, -1.49181e+35, 0.0650128, -1.09676, 0.0547729
197.504, 1.12941, -5979.83, 1.18535, -5979.99, 1.25577, -5982.64, -0.00609147, -0.00609158, -0.00609154, 0.0221011, -1.49181e+35, 0.0650135, -1.09678, 0.0547332
197.554, 1.12943, -5986.41, 1.18537, -5986.57, 1.25579, -5989.22, -0.00609151, -0.00609144, -0.00609144, 0.0221011, -1.49181e+35, 0.0650141, -1.09681, 0.0546939
197.605, 1.12944, -5992.99, 1.18538, -5993.15, 1.2558, -5995.8, -0.00609145, -0.00609141, -0.00609132, 0.0221011, -1.49181e+35, 0.0650144, -1.09683, 0.0546551
197.655, 1.12946, -5999.57, 1.1854, -5999.73, 1.25582, -6002.38, -0.00609138, -0.00609141, -0.00609139, 0.0221011, -1.49181e+35, 0.065015, -1.09686, 0.0546169
197.705, 1.12941, -6006.15, 1.18535, -6006.31, 1.25577, -6008.95, -0.00609169, -0.00609165, -0.00609174, 0.0221011, -1.49181e+35, 0.0650129, -1.09678, 0.0545791
197.756, 1.12942, -6012.73, 1.18536, -6012.89, 1.25578, -6015.53, -0.00609147, -0.00609141, -0.00609143, 0.0221011, -1.49181e+35, 0.0650133, -1.0968, 0.0545419
197.806, 1.12944, -6019.31, 1.18538, -6019.47, 1.2558, -6022.11, -0.00609138, -0.00609145, -0.0060914, 0.0221011, -1.49181e+35, 0.0650141, -1.09682, 0.0545052
197.856, 1.12945, -6025.89, 1.18539, -6026.05, 1.25582, -6028.69, -0.00609144, -0.00609135, -0.00609138, 0.0221011, -1.49181e+35, 0.0650148, -1.09685, 0.054469
197.907, 1.12941, -6032.46, 1.18535, -6032.62, 1.25577, -6035.27, -0.0060917, -0.00609174, -0.00609179, 0.0221011, -1.49181e+35, 0.0650129, -1.09677, 0.0544333
197.957, 1.12942, -6039.04, 1.18536, -6039.2, 1.25578, -6041.85, -0.00609146, -0.00609151, -0.0060915, 0.0221011, -1.49181e+35, 0.0650135, -1.09679, 0.0543981
198, 1.12942, -6044.7, 1.18536, -6044.86, 1.25578, -6047.51, -0.00609155, -0.00609158, -0.0060916, 0.0221011, -1.49181e+35, 0.0650132, -1.09679, 0.0543683
198, 1.12942, -6044.7, 1.18536, -6044.86, 1.25578, -6047.51, -0.00609155, -0.00609158, -0.0060916, 0.0221011, -1.49181e+35, 0.0650141, -1.09679, 0.0543681
198.051, 1.12943, -6051.28, 1.18537, -6051.44, 1.25579, -6054.08, -0.00609149, -0.00609146, -0.00609147, 0.0221011, -1.49181e+35, 0.065014, -1.09681, 0.0543342
198.101, 1.12944, -6057.86, 1.18538, -6058.02, 1.25581, -6060.66, -0.00609141, -0.00609143, -0.00609138, 0.0221011, -1.49181e+35, 0.0650144, -1.09684, 0.0543006
198.151, 1.12938, -6064.44, 1.18531, -6064.6, 1.25573, -6067.24, -0.00609142, -0.00609135, -0.00609132, 0.0221011, -1.49181e+35, 0.0650114, -1.09671, 0.0542675
198.202, 1.12941, -6071.02, 1.18535, -6071.18, 1.25577, -6073.82, -0.00609161, -0.00609161, -0.0060916, 0.0221011, -1.49181e+35, 0.0650133, -1.09678, 0.0542349
198.252, 1.12942, -6077.6, 1.18536, -6077.76, 1.25579, -6080.4, -0.00609151, -0.00609146, -0.00609143, 0.0221011, -1.49181e+35, 0.0650143, -1.0968, 0.0542029
198.303, 1.12944, -6084.17, 1.18538, -6084.33, 1.2558, -6086.98, -0.00609145, -0.00609143, -0.00609141, 0.0221011, -1.49181e+35, 0.0650143, -1.09683, 0.0541714
198.353, 1.12945, -6090.77, 1.18539, -6090.93, 1.25582, -6093.58, -0.00611168, -0.00611168, -0.0061116, 0.0221011, -1.49181e+35, 0.0650144, -1.09686, 0.0541405
198.403, 1.12941, -6097.38, 1.18535, -6097.54, 1.25577, -6100.18, -0.00611193, -0.00611194, -0.00611202, 0.0221011, -1.49181e+35, 0.0650128, -1.09677, 0.0541101
198.454, 1.12942, -6103.98, 1.18536, -6104.14, 1.25578, -6106.78, -0.00611172, -0.00611171, -0.00611169, 0.0221011, -1.49181e+35, 0.0650132, -1.09679, 0.0540802
198.504, 1.12943, -6110.58, 1.18537, -6110.74, 1.2558, -6113.38, -0.0061117, -0.00611168, -0.00611165, 0.0221011, -1.49181e+35, 0.065014, -1.09682, 0.0540509
198.554, 1.12945, -6117.18, 1.18539, -6117.34, 1.25581, -6119.98, -0.00611165, -0.00611163, -0.00611159, 0.0221011, -1.49181e+35, 0.0650147, -1.09685, 0.0540221
198.605, 1.12941, -6123.78, 1.18535, -6123.94, 1.25577, -6126.58, -0.006112, -0.00611205, -0.00611215, 0.0221011, -1.49181e+35, 0.0650127, -1.09677, 0.0539939
198.655, 1.12942, -6130.38, 1.18536, -6130.54, 1.25578, -6133.18, -0.00611174, -0.00611175, -0.00611174, 0.0221011, -1.49181e+35, 0.0650133, -1.09679, 0.0539662
198.705, 1.12943, -6136.98, 1.18537, -6137.14, 1.25579, -6139.78, -0.00611169, -0.00611167, -0.00611166, 0.0221011, -1.49181e+35, 0.0650141, -1.09681, 0.0539391
198.756, 1.12944, -6143.58, 1.18538, -6143.74, 1.25581, -6146.38, -0.00611163, -0.0061116, -0.00611156, 0.0221011, -1.49181e+35, 0.0650147, -1.09684, 0.0539125
198.806, 1.12938, -6150.19, 1.18532, -6150.35, 1.25574, -6152.99, -0.00613183, -0.00613181, -0.00613177, 0.0221011, -1.49181e+35, 0.0650115, -1.09671, 0.0538864
198.856, 1.12941, -6156.81, 1.18535, -6156.97, 1.25577, -6159.62, -0.00613199, -0.00613202, -0.00613203, 0.0221011, -1.49181e+35, 0.0650129, -1.09678, 0.0538609
198.907, 1.12943, -6163.44, 1.18537, -6163.6, 1.25579, -6166.24, -0.00613195, -0.00613193, -0.00613189, 0.0221011, -1.49181e+35, 0.0650141, -1.09681, 0.0538359
198.957, 1.12944, -6170.06, 1.18538, -6170.22, 1.2558, -6172.86, -0.00613183, -0.00613186, -0.00613182, 0.0221011, -1.49181e+35, 0.0650138, -1.09683, 0.0538114
199, 1.12943, -6175.75, 1.18538, -6175.91, 1.2558, -6178.56, -0.0061321, -0.00613202, -0.00613199, 0.0221011, -1.49181e+35, 0.0650138, -1.09682, 0.0537908
199, 1.12943, -6175.75, 1.18538, -6175.91, 1.2558, -6178.56, -0.0061321, -0.00613202, -0.00613199, 0.0221011, -1.49181e+35, 0.0650153, -1.09682, 0.0537906
199.051, 1.12945, -6182.38, 1.18539, -6182.54, 1.25581, -6185.18, -0.0061319, -0.00613192, -0.00613185, 0.0221011, -1.49181e+35, 0.0650146, -1.09685, 0.0537674
199.101, 1.12941, -6189, 1.18535, -6189.16, 1.25577, -6191.8, -0.00613225, -0.0061323, -0.00613238, 0.0221011, -1.49181e+35, 0.0650132, -1.09677, 0.0537444
199.152, 1.12942, -6195.62, 1.18536, -6195.78, 1.25578, -6198.43, -0.00613199, -0.00613193, -0.00613193, 0.0221011, -1.49181e+35, 0.0650133, -1.09679, 0.053722
199.202, 1.12943, -6202.26, 1.18537, -6202.42, 1.25579, -6205.06, -0.00615215, -0.00615213, -0.00615213, 0.0221011, -1.49181e+35, 0.0650137, -1.09681, 0.0537002
199.252, 1.12945, -6208.9, 1.18539, -6209.06, 1.25581, -6211.71, -0.0061521, -0.00615209, -0.0061521, 0.0221011, -1.49181e+35, 0.0650145, -1.09684, 0.0536789
199.303, 1.1294, -6215.55, 1.18534, -6215.71, 1.25576, -6218.35, -0.00615288, -0.00615306, -0.00615335, 0.0221011, -1.49181e+35, 0.0650127, -1.09676, 0.0536581
199.353, 1.12941, -6222.19, 1.18535, -6222.35, 1.25578, -6225, -0.00615225, -0.00615221, -0.00615228, 0.0221011, -1.49181e+35, 0.0650132, -1.09678, 0.0536378
199.403, 1.12943, -6228.83, 1.18537, -6229, 1.25579, -6231.64, -0.00615212, -0.0061521, -0.0061521, 0.0221011, -1.49181e+35, 0.0650137, -1.09681, 0.053618
199.454, 1.12944, -6235.48, 1.18538, -6235.64, 1.2558, -6238.28, -0.00615216, -0.00615212, -0.00615202, 0.0221011, -1.49181e+35, 0.0650149, -1.09683, 0.0535988
199.504, 1.12946, -6242.12, 1.1854, -6242.28, 1.25582, -6244.93, -0.00615212, -0.00615212, -0.0061521, 0.0221011, -1.49181e+35, 0.0650152, -1.09686, 0.0535801
199.554, 1.12941, -6248.79, 1.18535, -6248.95, 1.25577, -6251.59, -0.00617258, -0.00617254, -0.00617258, 0.0221011, -1.49181e+35, 0.0650131, -1.09678, 0.0535619
199.605, 1.12942, -6255.45, 1.18536, -6255.61, 1.25579, -6258.26, -0.00617242, -0.00617239, -0.0061724, 0.0221011, -1.49181e+35, 0.0650136, -1.0968, 0.0535442
199.655, 1.12944, -6262.12, 1.18538, -6262.28, 1.2558, -6264.92, -0.00617237, -0.00617233, -0.00617239, 0.0221011, -1.49181e+35, 0.0650134, -1.09683, 0.053527
199.705, 1.12945, -6268.78, 1.18539, -6268.95, 1.25582, -6271.59, -0.00617233, -0.00617237, -0.00617229, 0.0221011, -1.49181e+35, 0.0650152, -1.09686, 0.0535103
199.756, 1.12941, -6275.45, 1.18535, -6275.61, 1.25577, -6278.26, -0.00617264, -0.00617264, -0.00617267, 0.0221011, -1.49181e+35, 0.065013, -1.09677, 0.0534942
199.806, 1.12942, -6282.12, 1.18536, -6282.28, 1.25578, -6284.92, -0.00617243, -0.00617239, -0.00617237, 0.0221011, -1.49181e+35, 0.0650136, -1.0968, 0.0534785
199.856, 1.12943, -6288.79, 1.18537, -6288.95, 1.2558, -6291.6, -0.0061925, -0.00619265, -0.00619256, 0.0221011, -1.49181e+35, 0.0650141, -1.09682, 0.0534634
199.907, 1.12945, -6295.48, 1.18539, -6295.64, 1.25581, -6298.29, -0.00619252, -0.0061925, -0.00619261, 0.0221011, -1.49181e+35, 0.0650146, -1.09685, 0.0534487
199.957, 1.12941, -6302.17, 1.18535, -6302.33, 1.25577, -6304.98, -0.00619299, -0.00619298, -0.00619304, 0.0221011, -1.49181e+35, 0.0650127, -1.09677, 0.0534345
200, 1.12938, -6307.92, 1.18532, -6308.08, 1.25573, -6310.73, -0.00619266, -0.0061925, -0.00619247, 0.0221011, -1.49181e+35, 0.0650115, -1.09671, 0.0534227
200, 1.12938, -6307.92, 1.18532, -6308.08, 1.25573, -6310.73, -0.00619266, -0.0061925, -0.00619247, 0.0221011, -1.49181e+35, 0.0650123, -1.09671, 0.0534226
200.051, 1.12941, -6314.61, 1.18535, -6314.77, 1.25577, -6317.42, -0.00619274, -0.00619282, -0.00619285, 0.0221011, -1.49181e+35, 0.0650133, -1.09678, 0.0534094
200.101, 1.12942, -6321.3, 1.18537, -6321.46, 1.25579, -6324.1, -0.00619271, -0.00619268, -0.00619267, 0.0221011, -1.49181e+35, 0.0650136, -1.0968, 0.0533966
200.152, 1.12944, -6327.99, 1.18538, -6328.15, 1.2558, -6330.8, -0.00621262, -0.00621259, -0.0062125, 0.0221011, -1.49181e+35, 0.0650144, -1.09683, 0.0533843
200.202, 1.12945, -6334.7, 1.1854, -6334.86, 1.25582, -6337.51, -0.00621286, -0.00621285, -0.00621278, 0.0221011, -1.49181e+35, 0.0650145, -1.09686, 0.0533724
200.252, 1.12941, -6341.41, 1.18535, -6341.57, 1.25577, -6344.22, -0.00621294, -0.00621307, -0.0062131, 0.0221011, -1.49181e+35, 0.0650136, -1.09677, 0.0533611
200.303, 1.12942, -6348.12, 1.18536, -6348.28, 1.25578, -6350.93, -0.00621299, -0.00621297, -0.00621298, 0.0221011, -1.49181e+35, 0.0650136, -1.0968, 0.0533502
200.353, 1.12943, -6354.83, 1.18538, -6354.99, 1.2558, -6357.64, -0.00621287, -0.00621285, -0.00621287, 0.0221011, -1.49181e+35, 0.0650137, -1.09682, 0.0533397
200.403, 1.12945, -6361.54, 1.18539, -6361.7, 1.25581, -6364.35, -0.00621281, -0.00621283, -0.00621276, 0.0221011, -1.49181e+35, 0.0650147, -1.09685, 0.0533297
200.454, 1.12941, -6368.26, 1.18535, -6368.42, 1.25577, -6371.07, -0.00623336, -0.00623344, -0.0062335, 0.0221011, -1.49181e+35, 0.0650127, -1.09677, 0.0533202
200.504, 1.12942, -6375, 1.18536, -6375.16, 1.25578, -6377.8, -0.00623317, -0.00623318, -0.00623318, 0.0221011, -1.49181e+35, 0.0650135, -1.09679, 0.0533111
200.554, 1.12943, -6381.73, 1.18537, -6381.89, 1.25579, -6384.53, -0.00623306, -0.0062331, -0.00623304, 0.0221011, -1.49181e+35, 0.0650138, -1.09681, 0.0533024
200.605, 1.12944, -6388.46, 1.18539, -6388.62, 1.25581, -6391.26, -0.00623309, -0.0062331, -0.00623301, 0.0221011, -1.49181e+35, 0.0650145, -1.09684, 0.0532942
200.655, 1.1294, -6395.19, 1.18534, -6395.35, 1.25576, -6398, -0.00623387, -0.00623396, -0.00623425, 0.0221011, -1.49181e+35, 0.0650127, -1.09676, 0.0532864
200.705, 1.12941, -6401.92, 1.18536, -6402.08, 1.25578, -6404.73, -0.00623317, -0.00623321, -0.00623322, 0.0221011, -1.49181e+35, 0.0650132, -1.09678, 0.0532791
200.756, 1.12943, -6408.67, 1.18537, -6408.83, 1.25579, -6411.48, -0.00625333, -0.00625332, -0.00625326, 0.0221011, -1.49181e+35, 0.0650136, -1.09681, 0.0532722
200.806, 1.12944, -6415.42, 1.18538, -6415.58, 1.25581, -6418.23, -0.00625332, -0.00625329, -0.00625328, 0.0221011, -1.49181e+35, 0.0650141, -1.09684, 0.0532657
200.856, 1.12946, -6422.18, 1.1854, -6422.34, 1.25582, -6424.98, -0.00625328, -0.00625319, -0.00625317, 0.0221011, -1.49181e+35, 0.065015, -1.09686, 0.0532596
200.907, 1.12941, -6428.93, 1.18535, -6429.09, 1.25577, -6431.74, -0.00625353, -0.00625356, -0.00625357, 0.0221011, -1.49181e+35, 0.065013, -1.09678, 0.0532539
200.957, 1.12942, -6435.69, 1.18536, -6435.85, 1.25579, -6438.49, -0.00625341, -0.0062534, -0.00625337, 0.0221011, -1.49181e+35, 0.0650137, -1.0968, 0.0532486
201.001, 1.12942, -6441.49, 1.18536, -6441.65, 1.25578, -6444.3, -0.0062534, -0.00625339, -0.0062534, 0.0221011, -1.49181e+35, 0.0650133, -1.09679, 0.0532444
201.001, 1.12942, -6441.49, 1.18536, -6441.65, 1.25578, -6444.3, -0.0062534, -0.00625339, -0.0062534, 0.0221011, -1.49181e+35, 0.0650143, -1.09679, 0.0532444
201.051, 1.12943, -6448.27, 1.18537, -6448.43, 1.2558, -6451.07, -0.00627355, -0.00627356, -0.00627351, 0.0221011, -1.49181e+35, 0.065014, -1.09682, 0.0532399
201.101, 1.12945, -6455.04, 1.18539, -6455.2, 1.25581, -6457.85, -0.00627353, -0.00627349, -0.00627344, 0.0221011, -1.49181e+35, 0.0650144, -1.09685, 0.0532358
201.152, 1.12941, -6461.82, 1.18534, -6461.98, 1.25577, -6464.62, -0.00627426, -0.00627441, -0.00627474, 0.0221011, -1.49181e+35, 0.0650127, -1.09677, 0.053232
201.202, 1.12941, -6468.59, 1.18536, -6468.75, 1.25578, -6471.4, -0.00627363, -0.00627363, -0.00627363, 0.0221011, -1.49181e+35, 0.0650131, -1.09679, 0.0532287
201.252, 1.12943, -6475.37, 1.18537, -6475.53, 1.25579, -6478.17, -0.00627359, -0.00627357, -0.00627354, 0.0221011, -1.49181e+35, 0.0650137, -1.09681, 0.0532257
201.303, 1.12944, -6482.15, 1.18538, -6482.31, 1.25581, -6484.95, -0.0062874, -0.00628737, -0.00628733, 0.0221011, -1.49181e+35, 0.0650144, -1.09684, 0.0532231
201.353, 1.12938, -6488.94, 1.18532, -6489.1, 1.25573, -6491.75, -0.00629379, -0.00629378, -0.00629371, 0.0221011, -1.49181e+35, 0.0650115, -1.09671, 0.0532208
201.403, 1.12941, -6495.74, 1.18535, -6495.9, 1.25577, -6498.55, -0.00629392, -0.00629394, -0.00629395, 0.0221011, -1.49181e+35, 0.0650132, -1.09678, 0.0532189
201.454, 1.12942, -6502.54, 1.18537, -6502.7, 1.25579, -6505.34, -0.00629433, -0.00629436, -0.0062943, 0.0221011, -1.49181e+35, 0.065014, -1.0968, 0.0532174
201.504, 1.12944, -6509.34, 1.18538, -6509.5, 1.2558, -6512.14, -0.00629378, -0.00629381, -0.00629374, 0.0221011, -1.49181e+35, 0.0650144, -1.09683, 0.0532162
201.554, 1.12945, -6516.13, 1.18539, -6516.29, 1.25582, -6518.94, -0.00629376, -0.00629373, -0.00629368, 0.0221011, -1.49181e+35, 0.065015, -1.09686, 0.0532154
201.605, 1.12941, -6522.94, 1.18535, -6523.1, 1.25577, -6525.74, -0.00631358, -0.00631363, -0.00631369, 0.0221011, -1.49181e+35, 0.0650128, -1.09677, 0.0532149
201.655, 1.12942, -6529.76, 1.18536, -6529.92, 1.25578, -6532.56, -0.00631408, -0.00631404, -0.00631409, 0.0221011, -1.49181e+35, 0.0650133, -1.0968, 0.0532148
201.705, 1.12943, -6536.58, 1.18538, -6536.74, 1.2558, -6539.38, -0.00631406, -0.00631404, -0.006314, 0.0221011, -1.49181e+35, 0.0650139, -1.09682, 0.053215
201.756, 1.12945, -6543.39, 1.18539, -6543.55, 1.25581, -6546.2, -0.0063141, -0.00631401, -0.00631394, 0.0221011, -1.49181e+35, 0.0650147, -1.09685, 0.0532155
201.806, 1.12941, -6550.21, 1.18535, -6550.37, 1.25577, -6553.02, -0.00631433, -0.00631442, -0.00631456, 0.0221011, -1.49181e+35, 0.0650128, -1.09677, 0.0532163
201.857, 1.12942, -6557.03, 1.18536, -6557.19, 1.25578, -6559.84, -0.00631412, -0.00631415, -0.00631417, 0.0221011, -1.49181e+35, 0.0650131, -1.09679, 0.0532174
201.907, 1.12943, -6563.86, 1.18537, -6564.02, 1.25579, -6566.66, -0.00633384, -0.0063338, -0.00633377, 0.0221011, -1.49181e+35, 0.0650138, -1.09681, 0.0532189
201.957, 1.12944, -6570.7, 1.18539, -6570.86, 1.25581, -6573.5, -0.00633428, -0.00633427, -0.00633419, 0.0221011, -1.49181e+35, 0.0650145, -1.09684, 0.0532206
202.001, 1.12944, -6576.58, 1.18538, -6576.74, 1.2558, -6579.39, -0.00633424, -0.00633423, -0.00633421, 0.0221011, -1.49181e+35, 0.0650143, -1.09683, 0.0532224
202.001, 1.12944, -6576.58, 1.18538, -6576.74, 1.2558, -6579.39, -0.00633424, -0.00633423, -0.00633421, 0.0221011, -1.49181e+35, 0.0650152, -1.09683, 0.0532223
202.051, 1.12945, -6583.42, 1.1854, -6583.58, 1.25582, -6586.23, -0.00633714, -0.00633709, -0.00633703, 0.0221011, -1.49181e+35, 0.065015, -1.09686, 0.0532247
202.101, 1.12941, -6590.27, 1.18535, -6590.43, 1.25577, -6593.07, -0.00633447, -0.00633453, -0.00633454, 0.0221011, -1.49181e+35, 0.0650129, -1.09678, 0.0532273
202.152, 1.12942, -6597.11, 1.18536, -6597.27, 1.25578, -6599.91, -0.00633437, -0.00633434, -0.00633435, 0.0221011, -1.49181e+35, 0.0650135, -1.0968, 0.0532301
202.202, 1.12943, -6603.95, 1.18538, -6604.11, 1.2558, -6606.75, -0.00633431, -0.00633429, -0.00633429, 0.0221011, -1.49181e+35, 0.0650146, -1.09682, 0.0532333
202.252, 1.12945, -6610.81, 1.18539, -6610.97, 1.25582, -6613.61, -0.0063545, -0.00635449, -0.00635442, 0.0221011, -1.49181e+35, 0.0650149, -1.09685, 0.0532367
202.303, 1.12941, -6617.67, 1.18535, -6617.83, 1.25577, -6620.48, -0.00635482, -0.00635481, -0.00635482, 0.0221011, -1.49181e+35, 0.0650131, -1.09677, 0.0532404
202.353, 1.12942, -6624.54, 1.18536, -6624.7, 1.25578, -6627.34, -0.00635461, -0.00635454, -0.00635455, 0.0221011, -1.49181e+35, 0.0650129, -1.09679, 0.0532443
202.403, 1.12943, -6631.4, 1.18537, -6631.56, 1.25579, -6634.2, -0.00635449, -0.00635443, -0.0063545, 0.0221011, -1.49181e+35, 0.0650136, -1.09682, 0.0532485
202.454, 1.12945, -6638.26, 1.18539, -6638.42, 1.25581, -6641.07, -0.00635443, -0.00635441, -0.00635453, 0.0221011, -1.49181e+35, 0.0650146, -1.09684, 0.053253
202.504, 1.1294, -6645.12, 1.18534, -6645.29, 1.25576, -6647.93, -0.00635519, -0.0063554, -0.00635572, 0.0221011, -1.49181e+35, 0.0650129, -1.09676, 0.0532577
202.554, 1.12942, -6652, 1.18536, -6652.16, 1.25578, -6654.8, -0.00637485, -0.00637475, -0.00637478, 0.0221011, -1.49181e+35, 0.0650132, -1.09679, 0.0532627
202.605, 1.12943, -6658.88, 1.18537, -6659.04, 1.25579, -6661.69, -0.00637469, -0.00637482, -0.00637473, 0.0221011, -1.49181e+35, 0.0650137, -1.09681, 0.0532678
202.655, 1.12944, -6665.77, 1.18538, -6665.93, 1.25581, -6668.57, -0.00637467, -0.00637466, -0.00637475, 0.0221011, -1.49181e+35, 0.0650144, -1.09684, 0.0532732
202.705, 1.12938, -6672.65, 1.18532, -6672.81, 1.25573, -6675.46, -0.00637625, -0.00637628, -0.00637627, 0.0221011, -1.49181e+35, 0.0650116, -1.09671, 0.0532789
202.756, 1.12941, -6679.54, 1.18535, -6679.7, 1.25577, -6682.34, -0.0063749, -0.00637486, -0.00637484, 0.0221011, -1.49181e+35, 0.0650128, -1.09678, 0.0532847
202.806, 1.12942, -6686.42, 1.18536, -6686.58, 1.25579, -6689.23, -0.00637473, -0.00637484, -0.00637469, 0.0221011, -1.49181e+35, 0.0650134, -1.0968, 0.0532908
202.857, 1.12944, -6693.31, 1.18538, -6693.47, 1.2558, -6696.11, -0.00637481, -0.00637479, -0.00637472, 0.0221011, -1.49181e+35, 0.065014, -1.09683, 0.0532971
202.907, 1.12945, -6700.21, 1.18539, -6700.37, 1.25582, -6703.01, -0.00639503, -0.00639501, -0.00639498, 0.0221011, -1.49181e+35, 0.0650147, -1.09686, 0.0533035
202.957, 1.12941, -6707.11, 1.18535, -6707.27, 1.25577, -6709.92, -0.00639522, -0.00639533, -0.00639538, 0.0221011, -1.49181e+35, 0.0650125, -1.09677, 0.0533102
203.001, 1.12941, -6713.05, 1.18535, -6713.21, 1.25577, -6715.86, -0.00639543, -0.00639539, -0.00639546, 0.0221011, -1.49181e+35, 0.0650132, -1.09677, 0.0533161
203.001, 1.12941, -6713.05, 1.18535, -6713.21, 1.25577, -6715.86, -0.00639543, -0.00639539, -0.00639546, 0.0221011, -1.49181e+35, 0.0650135, -1.09677, 0.0533161
203.051, 1.12942, -6719.96, 1.18536, -6720.12, 1.25578, -6722.76, -0.00639513, -0.00639509, -0.00639508, 0.0221011, -1.49181e+35, 0.0650135, -1.09679, 0.0533231
203.101, 1.12943, -6726.87, 1.18537, -6727.03, 1.25579, -6729.67, -0.00639501, -0.00639496, -0.00639493, 0.0221011, -1.49181e+35, 0.0650138, -1.09681, 0.0533304
203.152, 1.12944, -6733.77, 1.18538, -6733.93, 1.25581, -6736.58, -0.00639496, -0.00639493, -0.00639494, 0.0221011, -1.49181e+35, 0.0650144, -1.09684, 0.0533378
203.202, 1.12938, -6740.68, 1.18532, -6740.84, 1.25573, -6743.48, -0.006395, -0.00639494, -0.00639492, 0.0221011, -1.49181e+35, 0.0650113, -1.09671, 0.0533453
203.252, 1.12941, -6747.59, 1.18535, -6747.75, 1.25577, -6750.39, -0.00641058, -0.00641063, -0.00641064, 0.0221011, -1.49181e+35, 0.0650131, -1.09678, 0.0533531
203.303, 1.12942, -6754.52, 1.18537, -6754.68, 1.25579, -6757.32, -0.00641529, -0.00641525, -0.00641519, 0.0221011, -1.49181e+35, 0.0650136, -1.0968, 0.053361
203.353, 1.12944, -6761.45, 1.18538, -6761.61, 1.2558, -6764.25, -0.00641523, -0.00641522, -0.0064152, 0.0221011, -1.49181e+35, 0.0650142, -1.09683, 0.053369
203.403, 1.12945, -6768.38, 1.1854, -6768.54, 1.25582, -6771.18, -0.0064152, -0.00641521, -0.0064151, 0.0221011, -1.49181e+35, 0.065015, -1.09686, 0.0533772
203.454, 1.12941, -6775.3, 1.18535, -6775.46, 1.25577, -6778.11, -0.00641629, -0.00641632, -0.00641637, 0.0221011, -1.49181e+35, 0.0650128, -1.09678, 0.0533855
203.504, 1.12942, -6782.23, 1.18536, -6782.39, 1.25578, -6785.04, -0.00641524, -0.00641528, -0.00641523, 0.0221011, -1.49181e+35, 0.0650132, -1.0968, 0.053394
203.554, 1.12943, -6789.16, 1.18538, -6789.32, 1.2558, -6791.97, -0.00641525, -0.00641523, -0.00641515, 0.0221011, -1.49181e+35, 0.065014, -1.09682, 0.0534027
203.605, 1.12945, -6796.09, 1.18539, -6796.25, 1.25581, -6798.89, -0.00641527, -0.00641522, -0.00641517, 0.0221011, -1.49181e+35, 0.065014, -1.09685, 0.0534115
203.655, 1.12941, -6803.02, 1.18535, -6803.18, 1.25577, -6805.82, -0.00641546, -0.0064155, -0.00641559, 0.0221011, -1.49181e+35, 0.0650124, -1.09677, 0.0534204
203.706, 1.12942, -6809.97, 1.18536, -6810.13, 1.25578, -6812.77, -0.00643555, -0.00643554, -0.00643553, 0.0221011, -1.49181e+35, 0.0650136, -1.09679, 0.0534294
203.756, 1.12943, -6816.92, 1.18537, -6817.08, 1.25579, -6819.72, -0.00643549, -0.00643546, -0.00643544, 0.0221011, -1.49181e+35, 0.0650138, -1.09682, 0.0534386
203.806, 1.12944, -6823.87, 1.18539, -6824.03, 1.25581, -6826.67, -0.00643544, -0.00643545, -0.0064354, 0.0221011, -1.49181e+35, 0.0650144, -1.09684, 0.0534479
203.857, 1.1294, -6830.82, 1.18534, -6830.98, 1.25577, -6833.62, -0.00643622, -0.00643636, -0.00643667, 0.0221011, -1.49181e+35, 0.0650127, -1.09677, 0.0534572
203.907, 1.12942, -6837.77, 1.18536, -6837.93, 1.25578, -6840.58, -0.00643558, -0.00643558, -0.00643559, 0.0221011, -1.49181e+35, 0.0650132, -1.09679, 0.0534667
203.957, 1.12943, -6844.72, 1.18537, -6844.88, 1.25579, -6847.53, -0.00643548, -0.00643547, -0.00643543, 0.0221011, -1.49181e+35, 0.0650136, -1.09681, 0.0534762
204.001, 1.12942, -6850.7, 1.18536, -6850.86, 1.25578, -6853.5, -0.00643552, -0.00643549, -0.00643547, 0.0221011, -1.49181e+35, 0.0650132, -1.0968, 0.0534845
204.001, 1.12942, -6850.7, 1.18536, -6850.86, 1.25578, -6853.5, -0.00643552, -0.00643549, -0.00643547, 0.0221011, -1.49181e+35, 0.0650144, -1.0968, 0.0534845
204.051, 1.12944, -6857.65, 1.18538, -6857.81, 1.2558, -6860.45, -0.00643551, -0.00643548, -0.00643545, 0.0221011, -1.49181e+35, 0.0650139, -1.09683, 0.0534942
204.101, 1.12945, -6864.6, 1.18539, -6864.76, 1.25582, -6867.4, -0.00643551, -0.00643545, -0.00643542, 0.0221011, -1.49181e+35, 0.0650148, -1.09685, 0.053504
204.152, 1.12941, -6871.56, 1.18535, -6871.72, 1.25577, -6874.37, -0.00645589, -0.0064559, -0.00645604, 0.0221011, -1.49181e+35, 0.0650131, -1.09677, 0.0535139
204.202, 1.12942, -6878.54, 1.18536, -6878.7, 1.25578, -6881.34, -0.00645578, -0.00645582, -0.00645577, 0.0221011, -1.49181e+35, 0.0650132, -1.09679, 0.0535239
204.252, 1.12943, -6885.51, 1.18537, -6885.67, 1.2558, -6888.31, -0.00645572, -0.00645569, -0.00645565, 0.0221011, -1.49181e+35, 0.0650132, -1.09682, 0.053534
204.303, 1.12945, -6892.48, 1.18539, -6892.64, 1.25581, -6895.29, -0.00645569, -0.00645568, -0.00645565, 0.0221011, -1.49181e+35, 0.0650142, -1.09685, 0.0535441
204.353, 1.12941, -6899.45, 1.18535, -6899.61, 1.25577, -6902.26, -0.00645604, -0.00645603, -0.00645619, 0.0221011, -1.49181e+35, 0.0650131, -1.09677, 0.0535543
204.403, 1.12942, -6906.43, 1.18536, -6906.59, 1.25578, -6909.23, -0.00645581, -0.00645585, -0.00645585, 0.0221011, -1.49181e+35, 0.0650131, -1.09679, 0.0535646
204.454, 1.12943, -6913.4, 1.18537, -6913.56, 1.25579, -6916.2, -0.00645572, -0.00645574, -0.00645571, 0.0221011, -1.49181e+35, 0.0650136, -1.09681, 0.0535748
204.504, 1.12944, -6920.37, 1.18538, -6920.53, 1.25581, -6923.17, -0.00645573, -0.00645572, -0.00645566, 0.0221011, -1.49181e+35, 0.0650144, -1.09684, 0.0535852
204.554, 1.12938, -6927.34, 1.18532, -6927.5, 1.25574, -6930.15, -0.00645564, -0.00645567, -0.00645563, 0.0221011, -1.49181e+35, 0.0650114, -1.09671, 0.0535957
204.605, 1.12941, -6934.31, 1.18535, -6934.47, 1.25577, -6937.12, -0.00645586, -0.00645591, -0.00645592, 0.0221011, -1.49181e+35, 0.065013, -1.09678, 0.0536061
204.655, 1.12942, -6941.29, 1.18537, -6941.45, 1.25579, -6944.09, -0.00645575, -0.00645571, -0.00645565, 0.0221011, -1.49181e+35, 0.0650133, -1.0968, 0.0536166
204.706, 1.12944, -6948.27, 1.18538, -6948.43, 1.2558, -6951.08, -0.00647594, -0.0064759, -0.00647591, 0.0221011, -1.49181e+35, 0.065014, -1.09683, 0.0536272
204.756, 1.12945, -6955.27, 1.1854, -6955.43, 1.25582, -6958.07, -0.00647597, -0.00647582, -0.00647578, 0.0221011, -1.49181e+35, 0.065015, -1.09686, 0.0536377
204.806, 1.12941, -6962.26, 1.18535, -6962.42, 1.25577, -6965.07, -0.00647613, -0.00647607, -0.00647625, 0.0221011, -1.49181e+35, 0.0650129, -1.09677, 0.0536484
204.857, 1.12942, -6969.26, 1.18536, -6969.42, 1.25578, -6972.06, -0.0064759, -0.00647603, -0.00647589, 0.0221011, -1.49181e+35, 0.0650132, -1.0968, 0.053659
204.907, 1.12943, -6976.25, 1.18538, -6976.41, 1.2558, -6979.06, -0.00647601, -0.00647594, -0.00647587, 0.0221011, -1.49181e+35, 0.0650141, -1.09682, 0.0536697
204.957, 1.12945, -6983.25, 1.18539, -6983.41, 1.25581, -6986.05, -0.00647596, -0.00647595, -0.00647589, 0.0221011, -1.49181e+35, 0.0650142, -1.09685, 0.0536803
205.001, 1.12944, -6989.26, 1.18539, -6989.42, 1.25581, -6992.06, -0.00647586, -0.00647584, -0.00647581, 0.0221011, -1.49181e+35, 0.0650148, -1.09684, 0.0536895
205.001, 1.12944, -6989.26, 1.18539, -6989.42, 1.25581, -6992.06, -0.00647586, -0.00647584, -0.00647581, 0.0221011, -1.49181e+35, 0.0650152, -1.09684, 0.0536896
205.051, 1.1294, -6996.25, 1.18534, -6996.41, 1.25576, -6999.06, -0.00647671, -0.00647686, -0.00647716, 0.0221011, -1.49181e+35, 0.0650126, -1.09676, 0.0537002
205.101, 1.12941, -7003.25, 1.18535, -7003.41, 1.25578, -7006.05, -0.00647608, -0.00647601, -0.00647603, 0.0221011, -1.49181e+35, 0.0650131, -1.09678, 0.053711
205.152, 1.12943, -7010.24, 1.18537, -7010.4, 1.25579, -7013.05, -0.00647593, -0.00647587, -0.00647591, 0.0221011, -1.49181e+35, 0.0650136, -1.09681, 0.0537217
205.202, 1.12944, -7017.24, 1.18538, -7017.4, 1.2558, -7020.04, -0.00647585, -0.00647583, -0.00647594, 0.0221011, -1.49181e+35, 0.0650143, -1.09683, 0.0537324
205.252, 1.12945, -7024.23, 1.1854, -7024.39, 1.25582, -7027.04, -0.00647589, -0.00647588, -0.00647586, 0.0221011, -1.49181e+35, 0.0650149, -1.09686, 0.0537431
205.303, 1.12941, -7031.22, 1.18535, -7031.38, 1.25577, -7034.03, -0.00647616, -0.00647613, -0.00647617, 0.0221011, -1.49181e+35, 0.065013, -1.09678, 0.0537539
205.353, 1.12942, -7038.22, 1.18536, -7038.38, 1.25578, -7041.02, -0.00647596, -0.00647588, -0.00647592, 0.0221011, -1.49181e+35, 0.0650137, -1.0968, 0.0537646
205.403, 1.12944, -7045.22, 1.18538, -7045.38, 1.2558, -7048.02, -0.0064934, -0.00649338, -0.00649342, 0.0221011, -1.49181e+35, 0.0650137, -1.09683, 0.0537753
205.454, 1.12945, -7052.23, 1.18539, -7052.39, 1.25582, -7055.04, -0.00649623, -0.00649622, -0.00649619, 0.0221011, -1.49181e+35, 0.0650152, -1.09686, 0.053786
205.504, 1.12941, -7059.25, 1.18535, -7059.41, 1.25577, -7062.05, -0.00649643, -0.00649637, -0.00649657, 0.0221011, -1.49181e+35, 0.0650126, -1.09677, 0.0537966
205.555, 1.12942, -7066.26, 1.18536, -7066.42, 1.25578, -7069.07, -0.00649631, -0.00649629, -0.00649627, 0.0221011, -1.49181e+35, 0.0650128, -1.09679, 0.0538073
205.605, 1.12943, -7073.28, 1.18537, -7073.44, 1.2558, -7076.08, -0.00649626, -0.00649623, -0.00649612, 0.0221011, -1.49181e+35, 0.0650136, -1.09682, 0.0538179
205.655, 1.12945, -7080.3, 1.18539, -7080.46, 1.25581, -7083.1, -0.00649622, -0.00649621, -0.00649615, 0.0221011, -1.49181e+35, 0.0650145, -1.09684, 0.0538285
205.706, 1.12941, -7087.31, 1.18535, -7087.47, 1.25577, -7090.12, -0.0064969, -0.00649708, -0.00649738, 0.0221011, -1.49181e+35, 0.0650125, -1.09677, 0.0538391
205.756, 1.12942, -7094.33, 1.18536, -7094.49, 1.25578, -7097.13, -0.00649624, -0.00649629, -0.00649623, 0.0221011, -1.49181e+35, 0.0650131, -1.09679, 0.0538496
205.806, 1.12943, -7101.34, 1.18537, -7101.5, 1.25579, -7104.15, -0.00649623, -0.00649619, -0.00649613, 0.0221011, -1.49181e+35, 0.0650138, -1.09681, 0.0538602
205.857, 1.12944, -7108.36, 1.18538, -7108.52, 1.25581, -7111.16, -0.00649617, -0.00649616, -0.00649606, 0.0221011, -1.49181e+35, 0.0650143, -1.09684, 0.0538707
205.907, 1.12938, -7115.38, 1.18532, -7115.54, 1.25573, -7118.18, -0.00649616, -0.00649618, -0.00649607, 0.0221011, -1.49181e+35, 0.0650114, -1.09671, 0.0538811
205.957, 1.12941, -7122.39, 1.18535, -7122.55, 1.25577, -7125.2, -0.00649628, -0.00649632, -0.00649634, 0.0221011, -1.49181e+35, 0.0650132, -1.09678, 0.0538915
206.001, 1.12941, -7128.43, 1.18535, -7128.59, 1.25577, -7131.23, -0.00649644, -0.00649648, -0.00649654, 0.0221011, -1.49181e+35, 0.065013, -1.09677, 0.0539004
206.001, 1.12941, -7128.43, 1.18535, -7128.59, 1.25577, -7131.23, -0.00649644, -0.00649648, -0.00649654, 0.0221011, -1.49181e+35, 0.0650139, -1.09677, 0.0539005
206.051, 1.12942, -7135.44, 1.18536, -7135.6, 1.25578, -7138.25, -0.00649626, -0.0064962, -0.00649622, 0.0221011, -1.49181e+35, 0.0650134, -1.09679, 0.0539108
206.101, 1.12943, -7142.46, 1.18537, -7142.62, 1.2558, -7145.26, -0.00649619, -0.00649617, -0.00649608, 0.0221011, -1.49181e+35, 0.0650138, -1.09682, 0.053921
206.152, 1.12945, -7149.47, 1.18539, -7149.63, 1.25581, -7152.28, -0.00649618, -0.00649614, -0.00649612, 0.0221011, -1.49181e+35, 0.0650143, -1.09685, 0.0539312
206.202, 1.12941, -7156.49, 1.18535, -7156.65, 1.25577, -7159.29, -0.00649652, -0.00649659, -0.00649666, 0.0221011, -1.49181e+35, 0.0650131, -1.09677, 0.0539414
206.252, 1.12942, -7163.51, 1.18536, -7163.67, 1.25578, -7166.31, -0.00649624, -0.00649624, -0.00649626, 0.0221011, -1.49181e+35, 0.0650132, -1.09679, 0.0539515
206.303, 1.12943, -7170.52, 1.18537, -7170.68, 1.25579, -7173.33, -0.00649623, -0.00649623, -0.00649617, 0.0221011, -1.49181e+35, 0.0650139, -1.09681, 0.0539616
206.353, 1.12944, -7177.54, 1.18538, -7177.7, 1.25581, -7180.34, -0.00649615, -0.00649614, -0.0064961, 0.0221011, -1.49181e+35, 0.0650148, -1.09684, 0.0539716
206.403, 1.12938, -7184.55, 1.18532, -7184.71, 1.25574, -7187.36, -0.00649617, -0.00649613, -0.00649609, 0.0221011, -1.49181e+35, 0.0650113, -1.09671, 0.0539815
206.454, 1.12941, -7191.57, 1.18535, -7191.73, 1.25577, -7194.37, -0.00649629, -0.0064963, -0.00649632, 0.0221011, -1.49181e+35, 0.0650132, -1.09678, 0.0539914
206.504, 1.12943, -7198.59, 1.18537, -7198.75, 1.25579, -7201.39, -0.00649621, -0.00649619, -0.00649617, 0.0221011, -1.49181e+35, 0.0650136, -1.09681, 0.0540012
206.555, 1.12944, -7205.6, 1.18538, -7205.76, 1.2558, -7208.41, -0.00649618, -0.00649616, -0.00649613, 0.0221011, -1.49181e+35, 0.0650141, -1.09683, 0.0540109
206.605, 1.12945, -7212.62, 1.1854, -7212.78, 1.25582, -7215.42, -0.00649616, -0.00649614, -0.00649608, 0.0221011, -1.49181e+35, 0.065015, -1.09686, 0.0540205
206.655, 1.12941, -7219.63, 1.18535, -7219.79, 1.25577, -7222.44, -0.00649637, -0.00649638, -0.00649643, 0.0221011, -1.49181e+35, 0.065013, -1.09678, 0.0540301
206.706, 1.12942, -7226.65, 1.18536, -7226.81, 1.25579, -7229.45, -0.00649622, -0.00649622, -0.00649622, 0.0221011, -1.49181e+35, 0.0650137, -1.0968, 0.0540396
206.756, 1.12944, -7233.67, 1.18538, -7233.83, 1.2558, -7236.47, -0.00649623, -0.00649621, -0.00649619, 0.0221011, -1.49181e+35, 0.0650139, -1.09682, 0.054049
206.806, 1.12945, -7240.69, 1.18539, -7240.85, 1.25582, -7243.49, -0.00651493, -0.00651489, -0.00651485, 0.0221011, -1.49181e+35, 0.0650154, -1.09685, 0.0540583
206.857, 1.12941, -7247.72, 1.18535, -7247.88, 1.25577, -7250.53, -0.00651665, -0.00651672, -0.00651679, 0.0221011, -1.49181e+35, 0.0650129, -1.09677, 0.0540676
206.907, 1.12942, -7254.76, 1.18536, -7254.92, 1.25578, -7257.57, -0.00651647, -0.00651646, -0.00651647, 0.0221011, -1.49181e+35, 0.0650132, -1.09679, 0.0540768
206.957, 1.12943, -7261.8, 1.18537, -7261.96, 1.2558, -7264.6, -0.00651643, -0.0065164, -0.00651635, 0.0221011, -1.49181e+35, 0.0650136, -1.09682, 0.054086
207.001, 1.12943, -7267.85, 1.18537, -7268.01, 1.25579, -7270.66, -0.00651646, -0.00651643, -0.00651638, 0.0221011, -1.49181e+35, 0.0650139, -1.09681, 0.0540937
207.001, 1.12943, -7267.85, 1.18537, -7268.01, 1.25579, -7270.66, -0.00651646, -0.00651643, -0.00651638, 0.0221011, -1.49181e+35, 0.0650144, -1.09681, 0.0540938
207.051, 1.12944, -7274.89, 1.18538, -7275.05, 1.25581, -7277.69, -0.00651641, -0.00651639, -0.00651638, 0.0221011, -1.49181e+35, 0.0650141, -1.09683, 0.0541027
207.101, 1.12938, -7281.93, 1.18531, -7282.09, 1.25573, -7284.73, -0.00651639, -0.0065164, -0.00651636, 0.0221011, -1.49181e+35, 0.0650115, -1.09671, 0.0541116
207.152, 1.12941, -7288.97, 1.18535, -7289.13, 1.25577, -7291.77, -0.00651659, -0.00651654, -0.00651656, 0.0221011, -1.49181e+35, 0.065013, -1.09678, 0.0541205
207.202, 1.12942, -7296, 1.18536, -7296.16, 1.25579, -7298.81, -0.00651645, -0.00651648, -0.00651642, 0.0221011, -1.49181e+35, 0.0650135, -1.0968, 0.0541292
207.252, 1.12944, -7303.04, 1.18538, -7303.2, 1.2558, -7305.85, -0.00651643, -0.00651634, -0.00651632, 0.0221011, -1.49181e+35, 0.0650142, -1.09683, 0.0541378
207.303, 1.12945, -7310.08, 1.18539, -7310.24, 1.25582, -7312.88, -0.00651642, -0.00651635, -0.00651629, 0.0221011, -1.49181e+35, 0.0650148, -1.09686, 0.0541463
207.353, 1.12941, -7317.12, 1.18535, -7317.28, 1.25577, -7319.92, -0.00651667, -0.00651668, -0.00651671, 0.0221011, -1.49181e+35, 0.0650124, -1.09677, 0.0541548
207.404, 1.12942, -7324.15, 1.18536, -7324.31, 1.25578, -7326.96, -0.00651653, -0.00651652, -0.00651651, 0.0221011, -1.49181e+35, 0.0650135, -1.09679, 0.0541632
207.454, 1.12943, -7331.19, 1.18537, -7331.35, 1.2558, -7334, -0.00651632, -0.0065163, -0.0065163, 0.0221011, -1.49181e+35, 0.0650138, -1.09682, 0.0541714
207.504, 1.12945, -7338.23, 1.18539, -7338.39, 1.25581, -7341.03, -0.00651646, -0.00651645, -0.00651637, 0.0221011, -1.49181e+35, 0.0650145, -1.09685, 0.0541796
207.555, 1.12941, -7345.27, 1.18535, -7345.43, 1.25577, -7348.07, -0.00651674, -0.0065167, -0.0065169, 0.0221011, -1.49181e+35, 0.0650129, -1.09677, 0.0541876
207.605, 1.12942, -7352.31, 1.18536, -7352.47, 1.25578, -7355.11, -0.00651641, -0.00651656, -0.00651656, 0.0221011, -1.49181e+35, 0.0650136, -1.09679, 0.0541956
207.655, 1.12943, -7359.34, 1.18537, -7359.5, 1.25579, -7362.15, -0.00651648, -0.00651645, -0.00651629, 0.0221011, -1.49181e+35, 0.0650136, -1.09681, 0.0542035
207.706, 1.12944, -7366.38, 1.18538, -7366.54, 1.25581, -7369.19, -0.00651645, -0.00651643, -0.00651633, 0.0221011, -1.49181e+35, 0.0650142, -1.09684, 0.0542113
207.756, 1.12938, -7373.42, 1.18532, -7373.58, 1.25574, -7376.22, -0.0065164, -0.00651642, -0.00651638, 0.0221011, -1.49181e+35, 0.0650115, -1.09671, 0.0542189
207.806, 1.12941, -7380.46, 1.18535, -7380.62, 1.25577, -7383.26, -0.00651659, -0.00651661, -0.00651659, 0.0221011, -1.49181e+35, 0.065013, -1.09678, 0.0542265
207.857, 1.12943, -7387.49, 1.18537, -7387.65, 1.25579, -7390.3, -0.00651649, -0.00651646, -0.00651646, 0.0221011, -1.49181e+35, 0.0650137, -1.0968, 0.054234
207.907, 1.12944, -7394.53, 1.18538, -7394.69, 1.2558, -7397.34, -0.00651644, -0.00651641, -0.00651634, 0.0221011, -1.49181e+35, 0.065014, -1.09683, 0.0542414
207.957, 1.12945, -7401.57, 1.1854, -7401.73, 1.25582, -7404.37, -0.0065164, -0.00651642, -0.00651638, 0.0221011, -1.49181e+35, 0.065015, -1.09686, 0.0542487
208.001, 1.12945, -7407.62, 1.18539, -7407.78, 1.25581, -7410.43, -0.00651636, -0.00651634, -0.00651629, 0.0221011, -1.49181e+35, 0.0650146, -1.09685, 0.0542549
208.001, 1.12945, -7407.62, 1.18539, -7407.78, 1.25581, -7410.43, -0.00651636, -0.00651634, -0.00651629, 0.0221011, -1.49181e+35, 0.0650154, -1.09685, 0.0542549
208.051, 1.12941, -7414.66, 1.18535, -7414.82, 1.25577, -7417.46, -0.00651679, -0.00651675, -0.00651684, 0.0221011, -1.49181e+35, 0.0650133, -1.09677, 0.0542619
208.101, 1.12942, -7421.7, 1.18536, -7421.86, 1.25578, -7424.5, -0.00651648, -0.00651642, -0.00651655, 0.0221011, -1.49181e+35, 0.0650136, -1.09679, 0.0542689
208.152, 1.12943, -7428.74, 1.18537, -7428.9, 1.25579, -7431.54, -0.00651634, -0.00651647, -0.00651636, 0.0221011, -1.49181e+35, 0.0650138, -1.09681, 0.0542758
208.202, 1.12944, -7435.77, 1.18539, -7435.93, 1.25581, -7438.58, -0.00651632, -0.00651632, -0.00651642, 0.0221011, -1.49181e+35, 0.0650143, -1.09684, 0.0542826
208.252, 1.1294, -7442.81, 1.18534, -7442.97, 1.25576, -7445.62, -0.00651724, -0.00651728, -0.00651765, 0.0221011, -1.49181e+35, 0.0650128, -1.09676, 0.0542892
208.303, 1.12942, -7449.85, 1.18536, -7450.01, 1.25578, -7452.65, -0.00651656, -0.00651651, -0.00651655, 0.0221011, -1.49181e+35, 0.0650131, -1.09679, 0.0542958
208.353, 1.12943, -7456.89, 1.18537, -7457.05, 1.25579, -7459.69, -0.00651641, -0.00651638, -0.00651639, 0.0221011, -1.49181e+35, 0.0650138, -1.09681, 0.0543022
208.404, 1.12944, -7463.92, 1.18538, -7464.08, 1.2558, -7466.73, -0.00651644, -0.00651641, -0.00651634, 0.0221011, -1.49181e+35, 0.0650143, -1.09683, 0.0543086
208.454, 1.12946, -7470.96, 1.1854, -7471.12, 1.25582, -7473.77, -0.00651641, -0.00651634, -0.00651631, 0.0221011, -1.49181e+35, 0.065015, -1.09686, 0.0543149
208.504, 1.12941, -7478, 1.18535, -7478.16, 1.25577, -7480.81, -0.00651653, -0.00651659, -0.0065166, 0.0221011, -1.49181e+35, 0.0650131, -1.09678, 0.054321
208.555, 1.12942, -7485.04, 1.18536, -7485.2, 1.25579, -7487.84, -0.00651647, -0.00651645, -0.00651645, 0.0221011, -1.49181e+35, 0.0650135, -1.0968, 0.054327
208.605, 1.12944, -7492.08, 1.18538, -7492.24, 1.2558, -7494.88, -0.0065164, -0.00651638, -0.00651637, 0.0221011, -1.49181e+35, 0.0650147, -1.09683, 0.0543329
208.655, 1.12945, -7499.11, 1.18539, -7499.27, 1.25582, -7501.92, -0.00651638, -0.00651631, -0.00651634, 0.0221011, -1.49181e+35, 0.0650149, -1.09686, 0.0543388
208.706, 1.12941, -7506.15, 1.18535, -7506.31, 1.25577, -7508.96, -0.00651666, -0.00651671, -0.00651675, 0.0221011, -1.49181e+35, 0.0650126, -1.09677, 0.0543445
208.756, 1.12942, -7513.19, 1.18536, -7513.35, 1.25578, -7515.99, -0.0065165, -0.00651651, -0.00651646, 0.0221011, -1.49181e+35, 0.0650132, -1.09679, 0.0543501
208.806, 1.12943, -7520.23, 1.18537, -7520.39, 1.2558, -7523.03, -0.00651645, -0.00651646, -0.00651642, 0.0221011, -1.49181e+35, 0.0650139, -1.09682, 0.0543556
208.857, 1.12945, -7527.27, 1.18539, -7527.43, 1.25581, -7530.07, -0.00651647, -0.00651641, -0.00651644, 0.0221011, -1.49181e+35, 0.0650145, -1.09685, 0.054361
208.907, 1.12941, -7534.3, 1.18535, -7534.46, 1.25577, -7537.11, -0.00651669, -0.00651675, -0.00651685, 0.0221011, -1.49181e+35, 0.0650122, -1.09677, 0.0543663
208.957, 1.12942, -7541.34, 1.18536, -7541.5, 1.25578, -7544.15, -0.00651655, -0.00651657, -0.00651655, 0.0221011, -1.49181e+35, 0.0650132, -1.09679, 0.0543715
209.001, 1.12941, -7547.39, 1.18535, -7547.55, 1.25577, -7550.2, -0.00651658, -0.00651658, -0.00651661, 0.0221011, -1.49181e+35, 0.065013, -1.09678, 0.0543759
209.001, 1.12941, -7547.39, 1.18535, -7547.55, 1.25577, -7550.2, -0.00651658, -0.00651658, -0.00651661, 0.0221011, -1.49181e+35, 0.065014, -1.09678, 0.0543759
209.051, 1.12942, -7554.43, 1.18537, -7554.59, 1.25579, -7557.24, -0.00651645, -0.00651645, -0.00651643, 0.0221011, -1.49181e+35, 0.0650136, -1.0968, 0.0543808
209.101, 1.12944, -7561.47, 1.18538, -7561.63, 1.2558, -7564.27, -0.00651642, -0.0065164, -0.00651636, 0.0221011, -1.49181e+35, 0.0650141, -1.09683, 0.0543857
209.152, 1.12945, -7568.51, 1.1854, -7568.67, 1.25582, -7571.31, -0.00651638, -0.00651636, -0.00651631, 0.0221011, -1.49181e+35, 0.0650148, -1.09686, 0.0543905
209.202, 1.12941, -7575.54, 1.18535, -7575.71, 1.25577, -7578.35, -0.00651664, -0.00651664, -0.00651666, 0.0221011, -1.49181e+35, 0.0650129, -1.09677, 0.0543951
209.253, 1.12942, -7582.58, 1.18536, -7582.74, 1.25578, -7585.39, -0.00651646, -0.00651644, -0.00651642, 0.0221011, -1.49181e+35, 0.0650135, -1.0968, 0.0543997
209.303, 1.12943, -7589.62, 1.18538, -7589.78, 1.2558, -7592.43, -0.00651643, -0.00651639, -0.00651637, 0.0221011, -1.49181e+35, 0.0650145, -1.09682, 0.0544042
209.353, 1.12945, -7596.66, 1.18539, -7596.82, 1.25581, -7599.46, -0.00651641, -0.00651637, -0.00651635, 0.0221011, -1.49181e+35, 0.0650147, -1.09685, 0.0544085
209.404, 1.12941, -7603.69, 1.18535, -7603.85, 1.25577, -7606.5, -0.00648588, -0.00648592, -0.00648603, 0.0221011, -1.49181e+35, 0.0650134, -1.09677, 0.0544127
209.454, 1.12942, -7610.69, 1.18536, -7610.85, 1.25578, -7613.49, -0.00647601, -0.006476, -0.00647601, 0.0221011, -1.49181e+35, 0.0650132, -1.09679, 0.0544169
209.504, 1.12943, -7617.68, 1.18537, -7617.84, 1.25579, -7620.48, -0.00647596, -0.00647592, -0.00647595, 0.0221011, -1.49181e+35, 0.0650138, -1.09681, 0.0544209
209.555, 1.12944, -7624.67, 1.18539, -7624.83, 1.25581, -7627.48, -0.00647594, -0.00647583, -0.00647584, 0.0221011, -1.49181e+35, 0.0650142, -1.09684, 0.0544249
209.605, 1.1294, -7631.67, 1.18534, -7631.83, 1.25576, -7634.47, -0.00647667, -0.00647685, -0.00647716, 0.0221011, -1.49181e+35, 0.0650127, -1.09676, 0.0544287
209.655, 1.12941, -7638.66, 1.18535, -7638.82, 1.25578, -7641.47, -0.00647605, -0.00647602, -0.00647604, 0.0221011, -1.49181e+35, 0.0650133, -1.09678, 0.0544324
209.706, 1.12943, -7645.66, 1.18537, -7645.82, 1.25579, -7648.46, -0.00647593, -0.00647599, -0.00647591, 0.0221011, -1.49181e+35, 0.0650137, -1.09681, 0.054436
209.756, 1.12944, -7652.65, 1.18538, -7652.81, 1.25581, -7655.45, -0.00647596, -0.00647595, -0.00647586, 0.0221011, -1.49181e+35, 0.0650143, -1.09683, 0.0544396
209.806, 1.12945, -7659.64, 1.1854, -7659.8, 1.25582, -7662.45, -0.00647593, -0.00647586, -0.00647582, 0.0221011, -1.49181e+35, 0.0650151, -1.09686, 0.054443
209.857, 1.12941, -7666.64, 1.18535, -7666.8, 1.25577, -7669.44, -0.00647606, -0.00647612, -0.00647611, 0.0221011, -1.49181e+35, 0.0650129, -1.09678, 0.0544463
209.907, 1.12942, -7673.63, 1.18536, -7673.79, 1.25578, -7676.44, -0.00647598, -0.00647595, -0.00647597, 0.0221011, -1.49181e+35, 0.0650136, -1.0968, 0.0544495
209.957, 1.12944, -7680.63, 1.18538, -7680.79, 1.2558, -7683.43, -0.00647593, -0.00647593, -0.00647595, 0.0221011, -1.49181e+35, 0.0650145, -1.09683, 0.0544527
210.001, 1.12943, -7686.64, 1.18537, -7686.8, 1.25579, -7689.45, -0.00647591, -0.00647587, -0.00647587, 0.0221011, -1.49181e+35, 0.0650146, -1.09682, 0.0544553
210.001, 1.12943, -7686.64, 1.18537, -7686.8, 1.25579, -7689.45, -0.00647591, -0.00647587, -0.00647587, 0.0221011, -1.49181e+35, 0.065015, -1.09682, 0.0544553
210.051, 1.12945, -7693.64, 1.18539, -7693.8, 1.25581, -7696.44, -0.00647584, -0.00647582, -0.00647579, 0.0221011, -1.49181e+35, 0.0650145, -1.09685, 0.0544582
210.101, 1.1294, -7700.63, 1.18534, -7700.79, 1.25577, -7703.43, -0.00647677, -0.00647682, -0.0064771, 0.0221011, -1.49181e+35, 0.0650123, -1.09676, 0.0544611
210.152, 1.12942, -7707.62, 1.18536, -7707.78, 1.25578, -7710.43, -0.00647599, -0.00647596, -0.00647598, 0.0221011, -1.49181e+35, 0.065013, -1.09679, 0.0544638
210.202, 1.12943, -7714.62, 1.18537, -7714.78, 1.25579, -7717.42, -0.00647602, -0.006476, -0.00647584, 0.0221011, -1.49181e+35, 0.0650134, -1.09681, 0.0544665
210.253, 1.12944, -7721.61, 1.18538, -7721.77, 1.25581, -7724.42, -0.00647599, -0.00647597, -0.00647591, 0.0221011, -1.49181e+35, 0.065014, -1.09684, 0.054469
210.303, 1.12938, -7728.61, 1.18532, -7728.77, 1.25573, -7731.41, -0.00647597, -0.00647596, -0.00647579, 0.0221011, -1.49181e+35, 0.0650116, -1.09671, 0.0544715
210.353, 1.12941, -7735.6, 1.18535, -7735.76, 1.25577, -7738.4, -0.00647598, -0.00647613, -0.00647617, 0.0221011, -1.49181e+35, 0.065013, -1.09678, 0.0544739
210.404, 1.12942, -7742.59, 1.18537, -7742.75, 1.25579, -7745.4, -0.00647589, -0.00647601, -0.00647586, 0.0221011, -1.49181e+35, 0.0650135, -1.0968, 0.0544762
210.454, 1.12944, -7749.59, 1.18538, -7749.75, 1.2558, -7752.39, -0.00647598, -0.00647596, -0.00647587, 0.0221011, -1.49181e+35, 0.0650144, -1.09683, 0.0544783
210.504, 1.12945, -7756.58, 1.18539, -7756.74, 1.25582, -7759.39, -0.00647596, -0.00647595, -0.00647593, 0.0221011, -1.49181e+35, 0.0650148, -1.09686, 0.0544804
210.555, 1.12941, -7763.58, 1.18535, -7763.74, 1.25577, -7766.38, -0.00647619, -0.00647619, -0.00647622, 0.0221011, -1.49181e+35, 0.0650125, -1.09677, 0.0544824
210.605, 1.12942, -7770.57, 1.18536, -7770.73, 1.25578, -7773.38, -0.00647603, -0.00647598, -0.00647599, 0.0221011, -1.49181e+35, 0.0650133, -1.0968, 0.0544844
210.655, 1.12943, -7777.56, 1.18538, -7777.72, 1.2558, -7780.37, -0.00647597, -0.00647593, -0.00647596, 0.0221011, -1.49181e+35, 0.0650146, -1.09682, 0.0544862
210.706, 1.12945, -7784.56, 1.18539, -7784.72, 1.25581, -7787.36, -0.00647593, -0.00647592, -0.00647582, 0.0221011, -1.49181e+35, 0.0650148, -1.09685, 0.054488
210.756, 1.12941, -7791.55, 1.18535, -7791.71, 1.25577, -7794.36, -0.00647633, -0.00647629, -0.00647641, 0.0221011, -1.49181e+35, 0.0650126, -1.09677, 0.0544896
210.806, 1.12942, -7798.55, 1.18536, -7798.71, 1.25578, -7801.35, -0.00647607, -0.00647601, -0.00647601, 0.0221011, -1.49181e+35, 0.065013, -1.09679, 0.0544912
210.857, 1.12943, -7805.54, 1.18537, -7805.7, 1.25579, -7808.35, -0.00647591, -0.00647595, -0.00647589, 0.0221011, -1.49181e+35, 0.0650136, -1.09681, 0.0544926
210.907, 1.12944, -7812.54, 1.18539, -7812.7, 1.25581, -7815.34, -0.00647596, -0.00647595, -0.00647585, 0.0221011, -1.49181e+35, 0.0650145, -1.09684, 0.054494
210.958, 1.1294, -7819.53, 1.18534, -7819.69, 1.25576, -7822.33, -0.00647672, -0.00647681, -0.00647711, 0.0221011, -1.49181e+35, 0.0650128, -1.09676, 0.0544954
211.001, 1.12945, -7825.54, 1.1854, -7825.7, 1.25582, -7828.35, -0.00647597, -0.00647591, -0.00647585, 0.0221011, -1.49181e+35, 0.0650148, -1.09686, 0.0544964
211.001, 1.12945, -7825.54, 1.1854, -7825.7, 1.25582, -7828.35, -0.00647597, -0.00647591, -0.00647585, 0.0246915, -1.49181e+35, 0.0650159, -1.09686, 0.0544964
211.051, 1.12941, -7832.54, 1.18535, -7832.7, 1.25577, -7835.34, -0.00647617, -0.00647612, -0.00647624, 0.0246915, -1.49181e+35, 0.065013, -1.09678, 0.0545614
211.102, 1.12942, -7839.53, 1.18536, -7839.69, 1.25578, -7842.34, -0.00647596, -0.00647599, -0.00647594, 0.0246915, -1.49181e+35, 0.0650134, -1.0968, 0.0546244
211.152, 1.12943, -7846.53, 1.18538, -7846.69, 1.2558, -7849.33, -0.00647595, -0.00647592, -0.00647588, 0.0246915, -1.49181e+35, 0.0650139, -1.09682, 0.0546855
211.202, 1.12945, -7853.52, 1.18539, -7853.68, 1.25582, -7856.33, -0.00647594, -0.00647585, -0.00647587, 0.0246915, -1.49181e+35, 0.0650148, -1.09685, 0.0547448
211.253, 1.12941, -7860.51, 1.18535, -7860.67, 1.25577, -7863.32, -0.00647618, -0.00647622, -0.00647628, 0.0246915, -1.49181e+35, 0.0650124, -1.09677, 0.0548023
211.303, 1.12942, -7867.51, 1.18536, -7867.67, 1.25578, -7870.31, -0.00647594, -0.00647596, -0.00647594, 0.0246915, -1.49181e+35, 0.0650128, -1.09679, 0.0548581
211.353, 1.12943, -7874.5, 1.18537, -7874.66, 1.2558, -7877.31, -0.00647592, -0.0064759, -0.00647585, 0.0246915, -1.49181e+35, 0.0650139, -1.09682, 0.0549123
211.404, 1.12945, -7881.5, 1.18539, -7881.66, 1.25581, -7884.3, -0.00647594, -0.00647597, -0.00647589, 0.0246915, -1.49181e+35, 0.0650141, -1.09684, 0.0549649
211.454, 1.1294, -7888.49, 1.18534, -7888.65, 1.25576, -7891.3, -0.00647669, -0.00647683, -0.00647713, 0.0246915, -1.49181e+35, 0.0650129, -1.09676, 0.055016
211.504, 1.12942, -7895.49, 1.18536, -7895.65, 1.25578, -7898.29, -0.00647603, -0.00647603, -0.00647603, 0.0246915, -1.49181e+35, 0.0650132, -1.09679, 0.0550655
211.555, 1.12943, -7902.48, 1.18537, -7902.64, 1.25579, -7905.28, -0.00647597, -0.00647596, -0.00647592, 0.0246915, -1.49181e+35, 0.0650136, -1.09681, 0.0551137
211.605, 1.12944, -7909.47, 1.18538, -7909.63, 1.25581, -7912.28, -0.00647593, -0.00647591, -0.00647587, 0.0246915, -1.49181e+35, 0.0650143, -1.09684, 0.0551604
211.655, 1.12938, -7916.43, 1.18532, -7916.59, 1.25573, -7919.24, -0.00643545, -0.00643542, -0.00643538, 0.0246915, -1.49181e+35, 0.0650115, -1.09671, 0.0552058
211.706, 1.12941, -7923.38, 1.18535, -7923.54, 1.25577, -7926.19, -0.00643562, -0.00643563, -0.00643565, 0.0246915, -1.49181e+35, 0.065013, -1.09678, 0.0552498
211.756, 1.12942, -7930.34, 1.18536, -7930.5, 1.25579, -7933.14, -0.0064355, -0.00643549, -0.00643547, 0.0246915, -1.49181e+35, 0.0650132, -1.0968, 0.0552926
211.806, 1.12944, -7937.29, 1.18538, -7937.45, 1.2558, -7940.09, -0.00643547, -0.00643545, -0.00643541, 0.0246915, -1.49181e+35, 0.0650142, -1.09683, 0.0553341
211.857, 1.12945, -7944.24, 1.18539, -7944.4, 1.25582, -7947.04, -0.00643543, -0.00643541, -0.00643539, 0.0246915, -1.49181e+35, 0.0650144, -1.09686, 0.0553744
211.907, 1.12941, -7951.19, 1.18535, -7951.35, 1.25577, -7953.99, -0.00643573, -0.00643574, -0.00643578, 0.0246915, -1.49181e+35, 0.0650128, -1.09677, 0.0554136
211.958, 1.12942, -7958.14, 1.18536, -7958.3, 1.25578, -7960.94, -0.00643552, -0.00643548, -0.00643549, 0.0246915, -1.49181e+35, 0.0650137, -1.09679, 0.0554516
212.001, 1.12942, -7964.11, 1.18536, -7964.27, 1.25578, -7966.92, -0.0064352, -0.00643524, -0.0064352, 0.0246915, -1.49181e+35, 0.0650129, -1.09679, 0.0554834
212.001, 1.12942, -7964.11, 1.18536, -7964.27, 1.25578, -7966.92, -0.0064352, -0.00643524, -0.0064352, 0.0272655, -1.49181e+35, 0.0650142, -1.09679, 0.0554835
212.051, 1.12943, -7971.06, 1.18537, -7971.22, 1.25579, -7973.87, -0.0064355, -0.00643552, -0.00643552, 0.0272655, -1.49181e+35, 0.0650132, -1.09681, 0.0555827
212.102, 1.12944, -7978.01, 1.18538, -7978.17, 1.25581, -7980.82, -0.00643549, -0.00643542, -0.0064354, 0.0272655, -1.49181e+35, 0.0650145, -1.09684, 0.0556791
212.152, 1.12938, -7984.96, 1.18532, -7985.12, 1.25573, -7987.77, -0.00643544, -0.00643538, -0.00643536, 0.0272655, -1.49181e+35, 0.0650111, -1.09671, 0.0557727
212.202, 1.12941, -7991.92, 1.18535, -7992.08, 1.25577, -7994.72, -0.00643567, -0.00643562, -0.00643566, 0.0272655, -1.49181e+35, 0.065013, -1.09678, 0.0558635
212.253, 1.12942, -7998.87, 1.18537, -7999.03, 1.25579, -8001.67, -0.00643551, -0.00643544, -0.00643549, 0.0272655, -1.49181e+35, 0.0650136, -1.0968, 0.0559517
212.303, 1.12944, -8005.78, 1.18538, -8005.94, 1.2558, -8008.58, -0.00639495, -0.00639494, -0.00639491, 0.0272655, -1.49181e+35, 0.0650142, -1.09683, 0.0560373
212.353, 1.12945, -8012.69, 1.1854, -8012.85, 1.25582, -8015.49, -0.00639493, -0.00639496, -0.0063949, 0.0272655, -1.49181e+35, 0.0650149, -1.09686, 0.0561204
212.404, 1.12941, -8019.59, 1.18535, -8019.75, 1.25577, -8022.4, -0.0063952, -0.00639516, -0.00639527, 0.0272655, -1.49181e+35, 0.0650129, -1.09678, 0.056201
212.454, 1.12942, -8026.5, 1.18536, -8026.66, 1.25578, -8029.3, -0.00639501, -0.00639505, -0.00639498, 0.0272655, -1.49181e+35, 0.0650138, -1.0968, 0.0562793
212.504, 1.12943, -8033.41, 1.18538, -8033.57, 1.2558, -8036.21, -0.00639501, -0.00639498, -0.00639503, 0.0272655, -1.49181e+35, 0.0650136, -1.09682, 0.0563553
212.555, 1.12945, -8040.31, 1.18539, -8040.47, 1.25581, -8043.12, -0.00639498, -0.00639497, -0.00639489, 0.0272655, -1.49181e+35, 0.0650148, -1.09685, 0.056429
212.605, 1.12941, -8047.22, 1.18535, -8047.38, 1.25577, -8050.02, -0.00639521, -0.00639538, -0.00639545, 0.0272655, -1.49181e+35, 0.0650131, -1.09677, 0.0565006
212.655, 1.12942, -8054.13, 1.18536, -8054.29, 1.25578, -8056.93, -0.00639509, -0.00639504, -0.00639505, 0.0272655, -1.49181e+35, 0.0650139, -1.09679, 0.0565701
212.706, 1.12943, -8061, 1.18537, -8061.16, 1.25579, -8063.8, -0.00635449, -0.00635444, -0.00635448, 0.0272655, -1.49181e+35, 0.0650139, -1.09682, 0.0566375
212.756, 1.12944, -8067.86, 1.18539, -8068.02, 1.25581, -8070.67, -0.00635446, -0.00635445, -0.00635436, 0.0272655, -1.49181e+35, 0.0650145, -1.09684, 0.0567029
212.807, 1.1294, -8074.72, 1.18534, -8074.88, 1.25576, -8077.53, -0.00635521, -0.00635543, -0.00635572, 0.0272655, -1.49181e+35, 0.0650124, -1.09676, 0.0567663
212.857, 1.12941, -8081.59, 1.18536, -8081.75, 1.25578, -8084.39, -0.00635461, -0.00635454, -0.00635452, 0.0272655, -1.49181e+35, 0.0650129, -1.09678, 0.0568278
212.907, 1.12943, -8088.45, 1.18537, -8088.61, 1.25579, -8091.25, -0.00635449, -0.00635448, -0.00635449, 0.0272655, -1.49181e+35, 0.0650137, -1.09681, 0.0568875
212.958, 1.12944, -8095.31, 1.18538, -8095.47, 1.25581, -8098.12, -0.00635457, -0.00635456, -0.00635448, 0.0272655, -1.49181e+35, 0.0650144, -1.09684, 0.0569453
213.001, 1.12944, -8101.21, 1.18538, -8101.37, 1.2558, -8104.01, -0.00631955, -0.00631949, -0.00631938, 0.0272655, -1.49181e+35, 0.0650141, -1.09683, 0.0569936
213.001, 1.12944, -8101.21, 1.18538, -8101.37, 1.2558, -8104.01, -0.00631955, -0.00631949, -0.00631938, 0.0297934, -1.49181e+35, 0.065015, -1.09683, 0.0569938
213.051, 1.12945, -8108.03, 1.18539, -8108.19, 1.25582, -8110.83, -0.00631408, -0.00631391, -0.00631385, 0.0297934, -1.49181e+35, 0.0650148, -1.09685, 0.0571103
213.102, 1.12941, -8114.85, 1.18535, -8115.01, 1.25577, -8117.65, -0.00631426, -0.00631437, -0.00631441, 0.0297934, -1.49181e+35, 0.065013, -1.09677, 0.0572236
213.152, 1.12942, -8121.66, 1.18536, -8121.82, 1.25578, -8124.47, -0.00631417, -0.00631414, -0.00631415, 0.0297934, -1.49181e+35, 0.0650132, -1.09679, 0.0573334
213.202, 1.12943, -8128.48, 1.18537, -8128.64, 1.2558, -8131.29, -0.00631409, -0.00631408, -0.00631409, 0.0297934, -1.49181e+35, 0.0650137, -1.09682, 0.0574398
213.253, 1.12945, -8135.3, 1.18539, -8135.46, 1.25581, -8138.11, -0.00631405, -0.00631405, -0.00631399, 0.0297934, -1.49181e+35, 0.0650144, -1.09685, 0.057543
213.303, 1.1294, -8142.09, 1.18534, -8142.25, 1.25577, -8144.9, -0.00627387, -0.00627399, -0.00627405, 0.0297934, -1.49181e+35, 0.065013, -1.09677, 0.0576431
213.353, 1.12942, -8148.87, 1.18536, -8149.03, 1.25578, -8151.67, -0.00627368, -0.00627364, -0.00627362, 0.0297934, -1.49181e+35, 0.0650128, -1.09679, 0.05774
213.404, 1.12943, -8155.64, 1.18537, -8155.8, 1.25579, -8158.45, -0.0062726, -0.00627255, -0.00627258, 0.0297934, -1.49181e+35, 0.0650137, -1.09681, 0.057834
213.454, 1.12944, -8162.42, 1.18538, -8162.58, 1.25581, -8165.22, -0.00627355, -0.00627353, -0.00627342, 0.0297934, -1.49181e+35, 0.0650142, -1.09684, 0.057925
213.504, 1.12938, -8169.2, 1.18532, -8169.36, 1.25573, -8172, -0.00627352, -0.00627352, -0.0062735, 0.0297934, -1.49181e+35, 0.0650117, -1.09671, 0.0580132
213.555, 1.12941, -8175.93, 1.18535, -8176.09, 1.25577, -8178.74, -0.00623325, -0.00623328, -0.00623329, 0.0297934, -1.49181e+35, 0.0650134, -1.09678, 0.0580986
213.605, 1.12942, -8182.66, 1.18536, -8182.82, 1.25579, -8185.47, -0.00623314, -0.00623311, -0.00623305, 0.0297934, -1.49181e+35, 0.0650135, -1.0968, 0.0581813
213.655, 1.12944, -8189.4, 1.18538, -8189.56, 1.2558, -8192.2, -0.00623309, -0.00623307, -0.00623306, 0.0297934, -1.49181e+35, 0.0650142, -1.09683, 0.0582614
213.706, 1.12945, -8196.13, 1.1854, -8196.29, 1.25582, -8198.93, -0.00623307, -0.00623307, -0.00623303, 0.0297934, -1.49181e+35, 0.065015, -1.09686, 0.0583388
213.756, 1.12941, -8202.83, 1.18535, -8202.99, 1.25577, -8205.64, -0.00619286, -0.00619283, -0.00619293, 0.0297934, -1.49181e+35, 0.065013, -1.09677, 0.0584138
213.807, 1.12942, -8209.52, 1.18536, -8209.68, 1.25578, -8212.33, -0.00619268, -0.00619269, -0.00619264, 0.0297934, -1.49181e+35, 0.0650135, -1.0968, 0.0584862
213.857, 1.12943, -8216.21, 1.18538, -8216.37, 1.2558, -8219.01, -0.00619258, -0.00619261, -0.00619251, 0.0297934, -1.49181e+35, 0.065014, -1.09682, 0.0585563
213.907, 1.12945, -8222.9, 1.18539, -8223.06, 1.25582, -8225.7, -0.0061926, -0.00619256, -0.0061925, 0.0297934, -1.49181e+35, 0.0650148, -1.09685, 0.058624
213.958, 1.12941, -8229.56, 1.18535, -8229.72, 1.25577, -8232.37, -0.00615246, -0.00615252, -0.00615264, 0.0297934, -1.49181e+35, 0.0650132, -1.09677, 0.0586894
214.001, 1.1294, -8235.28, 1.18534, -8235.44, 1.25576, -8238.08, -0.00615288, -0.00615302, -0.00615335, 0.0297934, -1.49181e+35, 0.0650122, -1.09676, 0.0587438
214.001, 1.1294, -8235.28, 1.18534, -8235.44, 1.25576, -8238.08, -0.00615288, -0.00615302, -0.00615335, 0.0322545, -1.49181e+35, 0.0650132, -1.09676, 0.0587441
214.051, 1.12941, -8241.92, 1.18535, -8242.08, 1.25578, -8244.72, -0.00615222, -0.00615221, -0.00615226, 0.0322545, -1.49181e+35, 0.0650131, -1.09678, 0.0588656
214.102, 1.12943, -8248.56, 1.18537, -8248.72, 1.25579, -8251.37, -0.00615217, -0.00615214, -0.0061521, 0.0322545, -1.49181e+35, 0.0650138, -1.09681, 0.0589835
214.152, 1.12944, -8255.18, 1.18538, -8255.34, 1.2558, -8257.99, -0.00611167, -0.00611166, -0.00611163, 0.0322545, -1.49181e+35, 0.065014, -1.09683, 0.0590975
214.202, 1.12946, -8261.78, 1.1854, -8261.94, 1.25582, -8264.59, -0.00611165, -0.00611163, -0.00611157, 0.0322545, -1.49181e+35, 0.0650151, -1.09686, 0.0592078
214.253, 1.12941, -8268.38, 1.18535, -8268.54, 1.25577, -8271.19, -0.00611185, -0.00611187, -0.00611192, 0.0322545, -1.49181e+35, 0.0650131, -1.09678, 0.0593144
214.303, 1.12942, -8274.98, 1.18536, -8275.14, 1.25578, -8277.78, -0.00608082, -0.00608082, -0.0060808, 0.0322545, -1.49181e+35, 0.0650135, -1.0968, 0.0594174
214.353, 1.12944, -8281.53, 1.18538, -8281.69, 1.2558, -8284.34, -0.00607119, -0.00607117, -0.00607114, 0.0322545, -1.49181e+35, 0.0650141, -1.09682, 0.059517
214.404, 1.12945, -8288.09, 1.18539, -8288.25, 1.25582, -8290.9, -0.00607117, -0.00607115, -0.0060711, 0.0322545, -1.49181e+35, 0.0650149, -1.09685, 0.0596132
214.454, 1.12941, -8294.65, 1.18535, -8294.81, 1.25577, -8297.45, -0.00607142, -0.00607146, -0.00607154, 0.0322545, -1.49181e+35, 0.065013, -1.09677, 0.0597061
214.504, 1.12942, -8301.17, 1.18536, -8301.33, 1.25578, -8303.97, -0.00603078, -0.00603079, -0.00603078, 0.0322545, -1.49181e+35, 0.0650136, -1.09679, 0.0597957
214.555, 1.12943, -8307.68, 1.18537, -8307.84, 1.2558, -8310.49, -0.00602997, -0.00602994, -0.00602991, 0.0322545, -1.49181e+35, 0.0650142, -1.09682, 0.0598823
214.605, 1.12945, -8314.2, 1.18539, -8314.36, 1.25581, -8317, -0.0060307, -0.00603066, -0.00603062, 0.0322545, -1.49181e+35, 0.0650142, -1.09684, 0.0599657
214.656, 1.12941, -8320.68, 1.18535, -8320.84, 1.25577, -8323.48, -0.00599099, -0.00599113, -0.00599143, 0.0322545, -1.49181e+35, 0.0650133, -1.09677, 0.0600462
214.706, 1.12942, -8327.15, 1.18536, -8327.31, 1.25578, -8329.95, -0.00599028, -0.00599028, -0.00599028, 0.0322545, -1.49181e+35, 0.0650137, -1.09679, 0.0601237
214.756, 1.12943, -8333.62, 1.18537, -8333.78, 1.25579, -8336.42, -0.00599024, -0.0059902, -0.00599018, 0.0322545, -1.49181e+35, 0.0650136, -1.09681, 0.0601983
214.807, 1.12944, -8340.06, 1.18538, -8340.22, 1.25581, -8342.86, -0.00594976, -0.00594976, -0.00594973, 0.0322545, -1.49181e+35, 0.065014, -1.09684, 0.0602701
214.857, 1.12938, -8346.48, 1.18532, -8346.64, 1.25573, -8349.29, -0.00594797, -0.00594791, -0.00594787, 0.0322545, -1.49181e+35, 0.0650116, -1.09671, 0.0603391
214.907, 1.12941, -8352.91, 1.18535, -8353.07, 1.25577, -8355.71, -0.00594991, -0.00594996, -0.00594993, 0.0322545, -1.49181e+35, 0.065013, -1.09678, 0.0604055
214.958, 1.12942, -8359.3, 1.18537, -8359.47, 1.25579, -8362.11, -0.00590936, -0.00590932, -0.00590932, 0.0322545, -1.49181e+35, 0.0650138, -1.0968, 0.0604692
215.001, 1.12942, -8364.79, 1.18536, -8364.95, 1.25578, -8367.6, -0.00590933, -0.00590936, -0.00590928, 0.0322545, -1.49181e+35, 0.0650135, -1.0968, 0.0605219
215.001, 1.12942, -8364.79, 1.18536, -8364.95, 1.25578, -8367.6, -0.00590933, -0.00590936, -0.00590928, 0.0346182, -1.49181e+35, 0.0650144, -1.0968, 0.0605223
215.051, 1.12943, -8371.18, 1.18537, -8371.34, 1.2558, -8373.98, -0.00590932, -0.00590929, -0.00590926, 0.0346182, -1.49181e+35, 0.065014, -1.09682, 0.0606391
215.102, 1.12945, -8377.53, 1.18539, -8377.69, 1.25581, -8380.33, -0.00586881, -0.00586882, -0.00586875, 0.0346182, -1.49181e+35, 0.0650146, -1.09685, 0.060752
215.152, 1.12941, -8383.87, 1.18535, -8384.03, 1.25577, -8386.67, -0.00586892, -0.00586897, -0.00586903, 0.0346182, -1.49181e+35, 0.0650128, -1.09677, 0.0608609
215.202, 1.12942, -8390.2, 1.18536, -8390.37, 1.25578, -8393.01, -0.00586893, -0.00586889, -0.0058689, 0.0346182, -1.49181e+35, 0.0650132, -1.09679, 0.0609658
215.253, 1.12943, -8396.5, 1.18537, -8396.66, 1.25579, -8399.31, -0.00582835, -0.00582827, -0.00582834, 0.0346182, -1.49181e+35, 0.0650145, -1.09681, 0.0610668
215.303, 1.12944, -8402.8, 1.18538, -8402.96, 1.25581, -8405.6, -0.00582829, -0.00582829, -0.00582834, 0.0346182, -1.49181e+35, 0.0650145, -1.09684, 0.061164
215.353, 1.12938, -8409.08, 1.18532, -8409.24, 1.25574, -8411.88, -0.00578872, -0.00578878, -0.00578873, 0.0346182, -1.49181e+35, 0.0650114, -1.09671, 0.0612575
215.404, 1.12941, -8415.33, 1.18535, -8415.49, 1.25577, -8418.13, -0.00578801, -0.00578805, -0.00578807, 0.0346182, -1.49181e+35, 0.0650126, -1.09678, 0.0613474
215.454, 1.12943, -8421.58, 1.18537, -8421.74, 1.25579, -8424.38, -0.00578785, -0.00578779, -0.00578782, 0.0346182, -1.49181e+35, 0.0650136, -1.09681, 0.0614337
215.504, 1.12944, -8427.8, 1.18538, -8427.96, 1.2558, -8430.61, -0.00574731, -0.00574728, -0.00574735, 0.0346182, -1.49181e+35, 0.0650145, -1.09683, 0.0615167
215.555, 1.12945, -8434.01, 1.1854, -8434.17, 1.25582, -8436.81, -0.00574728, -0.00574731, -0.00574724, 0.0346182, -1.49181e+35, 0.0650153, -1.09686, 0.0615963
215.605, 1.12941, -8440.21, 1.18535, -8440.37, 1.25577, -8443.01, -0.00571014, -0.00571021, -0.00571025, 0.0346182, -1.49181e+35, 0.0650129, -1.09678, 0.0616725
215.656, 1.12942, -8446.37, 1.18536, -8446.53, 1.25578, -8449.17, -0.00570686, -0.00570699, -0.005707, 0.0346182, -1.49181e+35, 0.0650136, -1.0968, 0.0617456
215.706, 1.12943, -8452.53, 1.18538, -8452.69, 1.2558, -8455.34, -0.00570697, -0.00570693, -0.00570679, 0.0346182, -1.49181e+35, 0.065014, -1.09682, 0.0618156
215.756, 1.12945, -8458.66, 1.18539, -8458.82, 1.25582, -8461.47, -0.00566645, -0.00566645, -0.00566644, 0.0346182, -1.49181e+35, 0.0650148, -1.09685, 0.0618824
215.807, 1.12941, -8464.78, 1.18535, -8464.94, 1.25577, -8467.59, -0.00566669, -0.00566662, -0.00566682, 0.0346182, -1.49181e+35, 0.0650129, -1.09677, 0.0619463
215.857, 1.12942, -8470.89, 1.18536, -8471.05, 1.25578, -8473.7, -0.00562665, -0.00562678, -0.00562679, 0.0346182, -1.49181e+35, 0.0650132, -1.09679, 0.0620072
215.907, 1.12943, -8476.97, 1.18537, -8477.13, 1.25579, -8479.77, -0.00562174, -0.00562172, -0.00562158, 0.0346182, -1.49181e+35, 0.0650141, -1.09682, 0.0620653
215.958, 1.12945, -8483.04, 1.18539, -8483.2, 1.25581, -8485.85, -0.00562598, -0.00562597, -0.00562589, 0.0346182, -1.49181e+35, 0.0650149, -1.09685, 0.0621205
216.001, 1.12944, -8488.23, 1.18538, -8488.39, 1.2558, -8491.04, -0.00558545, -0.00558544, -0.0055855, 0.0346182, -1.49181e+35, 0.0650145, -1.09683, 0.0621658
216.001, 1.12944, -8488.23, 1.18538, -8488.39, 1.2558, -8491.04, -0.00558545, -0.00558544, -0.0055855, 0.0368524, -1.49181e+35, 0.0650154, -1.09683, 0.0621662
216.051, 1.12946, -8494.27, 1.1854, -8494.43, 1.25582, -8497.07, -0.00558539, -0.00558543, -0.00558539, 0.0368524, -1.49181e+35, 0.065015, -1.09686, 0.062271
216.102, 1.12941, -8500.28, 1.18535, -8500.44, 1.25577, -8503.09, -0.00554536, -0.00554528, -0.00554527, 0.0368524, -1.49181e+35, 0.0650133, -1.09678, 0.0623719
216.152, 1.12942, -8506.27, 1.18536, -8506.43, 1.25579, -8509.07, -0.00554446, -0.00554454, -0.00554441, 0.0368524, -1.49181e+35, 0.0650138, -1.0968, 0.0624686
216.202, 1.12944, -8512.25, 1.18538, -8512.42, 1.2558, -8515.06, -0.00552156, -0.00552152, -0.00552161, 0.0368524, -1.49181e+35, 0.0650143, -1.09683, 0.0625613
216.253, 1.12945, -8518.2, 1.18539, -8518.36, 1.25582, -8521, -0.00550444, -0.00550448, -0.00550439, 0.0368524, -1.49181e+35, 0.0650151, -1.09686, 0.06265
216.303, 1.12941, -8524.14, 1.18535, -8524.31, 1.25577, -8526.95, -0.00550479, -0.00550491, -0.00550487, 0.0368524, -1.49181e+35, 0.0650134, -1.09677, 0.0627349
216.353, 1.12942, -8530.05, 1.18536, -8530.21, 1.25578, -8532.86, -0.00546414, -0.00546408, -0.00546408, 0.0368524, -1.49181e+35, 0.0650137, -1.0968, 0.062816
216.404, 1.12943, -8535.96, 1.18537, -8536.12, 1.2558, -8538.76, -0.00546405, -0.00546404, -0.00546404, 0.0368524, -1.49181e+35, 0.0650139, -1.09682, 0.0628934
216.454, 1.12945, -8541.83, 1.18539, -8541.99, 1.25581, -8544.63, -0.00542362, -0.00542353, -0.00542354, 0.0368524, -1.49181e+35, 0.0650146, -1.09685, 0.0629673
216.505, 1.12941, -8547.69, 1.18535, -8547.85, 1.25577, -8550.49, -0.00542395, -0.00542402, -0.00542405, 0.0368524, -1.49181e+35, 0.0650129, -1.09677, 0.0630376
216.555, 1.12942, -8553.53, 1.18536, -8553.69, 1.25578, -8556.33, -0.00538331, -0.00538335, -0.00538334, 0.0368524, -1.49181e+35, 0.0650134, -1.09679, 0.0631046
216.605, 1.12943, -8559.34, 1.18537, -8559.5, 1.25579, -8562.14, -0.00538297, -0.00538293, -0.00538295, 0.0368524, -1.49181e+35, 0.0650139, -1.09681, 0.0631682
216.656, 1.12944, -8565.14, 1.18539, -8565.3, 1.25581, -8567.95, -0.00534435, -0.00534432, -0.00534431, 0.0368524, -1.49181e+35, 0.0650145, -1.09684, 0.0632286
216.706, 1.12938, -8570.91, 1.18532, -8571.07, 1.25574, -8573.72, -0.00534258, -0.00534263, -0.00534258, 0.0368524, -1.49181e+35, 0.0650115, -1.09671, 0.0632858
216.756, 1.12941, -8576.68, 1.18535, -8576.84, 1.25577, -8579.48, -0.00531511, -0.00531514, -0.00531513, 0.0368524, -1.49181e+35, 0.0650131, -1.09678, 0.0633398
216.807, 1.12942, -8582.4, 1.18537, -8582.56, 1.25579, -8585.21, -0.00529205, -0.00529203, -0.00529202, 0.0368524, -1.49181e+35, 0.0650143, -1.0968, 0.0633908
216.857, 1.12944, -8588.13, 1.18538, -8588.29, 1.2558, -8590.94, -0.00530221, -0.00530217, -0.00530215, 0.0368524, -1.49181e+35, 0.0650146, -1.09683, 0.0634389
216.907, 1.12945, -8593.82, 1.1854, -8593.98, 1.25582, -8596.62, -0.00526168, -0.00526164, -0.00526158, 0.0368524, -1.49181e+35, 0.0650154, -1.09686, 0.063484
216.958, 1.12941, -8599.5, 1.18535, -8599.66, 1.25577, -8602.3, -0.00526189, -0.0052619, -0.00526195, 0.0368524, -1.49181e+35, 0.0650132, -1.09678, 0.0635263
217, 1.1294, -8604.24, 1.18534, -8604.4, 1.25577, -8607.05, -0.00522197, -0.00522211, -0.00522243, 0.0368524, -1.49181e+35, 0.0650128, -1.09677, 0.0635597
217, 1.1294, -8604.24, 1.18534, -8604.4, 1.25577, -8607.05, -0.00522197, -0.00522211, -0.00522243, 0.0389412, -1.49181e+35, 0.0650131, -1.09676, 0.06356
217.05, 1.12941, -8609.88, 1.18536, -8610.04, 1.25578, -8612.68, -0.00522131, -0.00522132, -0.0052213, 0.0389412, -1.49181e+35, 0.065013, -1.09678, 0.0636483
217.101, 1.12943, -8615.49, 1.18537, -8615.65, 1.25579, -8618.3, -0.00518079, -0.00518075, -0.00518074, 0.0389412, -1.49181e+35, 0.065014, -1.09681, 0.0637327
217.151, 1.12944, -8621.09, 1.18538, -8621.25, 1.25581, -8623.89, -0.00518074, -0.00518073, -0.00518066, 0.0389412, -1.49181e+35, 0.0650146, -1.09684, 0.0638131
217.201, 1.12938, -8626.66, 1.18532, -8626.82, 1.25573, -8629.47, -0.00514028, -0.00514026, -0.00514021, 0.0389412, -1.49181e+35, 0.0650117, -1.09671, 0.0638895
217.252, 1.12941, -8632.21, 1.18535, -8632.38, 1.25577, -8635.02, -0.00514037, -0.00514039, -0.00514041, 0.0389412, -1.49181e+35, 0.0650132, -1.09678, 0.063962
217.302, 1.12942, -8637.75, 1.18537, -8637.91, 1.25579, -8640.55, -0.00509995, -0.00509994, -0.00509992, 0.0389412, -1.49181e+35, 0.0650137, -1.0968, 0.0640307
217.352, 1.12944, -8643.26, 1.18538, -8643.42, 1.2558, -8646.06, -0.00509979, -0.00509976, -0.00509972, 0.0389412, -1.49181e+35, 0.0650143, -1.09683, 0.0640958
217.403, 1.12945, -8648.75, 1.18539, -8648.91, 1.25582, -8651.55, -0.00505951, -0.00505949, -0.00505943, 0.0389412, -1.49181e+35, 0.0650149, -1.09686, 0.0641572
217.453, 1.12941, -8654.21, 1.18535, -8654.37, 1.25577, -8657.02, -0.0050594, -0.00505944, -0.00505949, 0.0389412, -1.49181e+35, 0.0650131, -1.09677, 0.0642152
217.504, 1.12942, -8659.66, 1.18536, -8659.82, 1.25578, -8662.46, -0.00501918, -0.0050192, -0.00501917, 0.0389412, -1.49181e+35, 0.0650136, -1.09679, 0.0642697
217.554, 1.12943, -8665.08, 1.18538, -8665.24, 1.2558, -8667.88, -0.00501882, -0.00501882, -0.00501877, 0.0389412, -1.49181e+35, 0.0650141, -1.09682, 0.064321
217.604, 1.12945, -8670.48, 1.18539, -8670.64, 1.25581, -8673.29, -0.00497873, -0.0049787, -0.00497861, 0.0389412, -1.49181e+35, 0.0650147, -1.09685, 0.0643689
217.655, 1.12941, -8675.86, 1.18535, -8676.02, 1.25577, -8678.67, -0.00497853, -0.00497859, -0.0049787, 0.0389412, -1.49181e+35, 0.0650133, -1.09677, 0.0644137
217.705, 1.12942, -8681.22, 1.18536, -8681.38, 1.25578, -8684.03, -0.00493844, -0.00493843, -0.00493843, 0.0389412, -1.49181e+35, 0.0650133, -1.09679, 0.0644554
217.755, 1.12943, -8686.56, 1.18537, -8686.72, 1.25579, -8689.36, -0.00493786, -0.00493786, -0.00493784, 0.0389412, -1.49181e+35, 0.0650145, -1.09681, 0.0644941
217.806, 1.12944, -8691.87, 1.18539, -8692.03, 1.25581, -8694.68, -0.00489782, -0.00489779, -0.00489773, 0.0389412, -1.49181e+35, 0.0650147, -1.09684, 0.0645298
217.856, 1.1294, -8697.16, 1.18534, -8697.32, 1.25576, -8699.97, -0.00489801, -0.0048982, -0.00489844, 0.0389412, -1.49181e+35, 0.065013, -1.09676, 0.0645627
217.906, 1.12941, -8702.44, 1.18535, -8702.6, 1.25578, -8705.24, -0.00485748, -0.00485743, -0.00485741, 0.0389412, -1.49181e+35, 0.0650135, -1.09678, 0.0645927
217.957, 1.12943, -8707.68, 1.18537, -8707.84, 1.25579, -8710.49, -0.00485693, -0.00485698, -0.00485689, 0.0389412, -1.49181e+35, 0.065014, -1.09681, 0.0646199
218, 1.12942, -8712.18, 1.18536, -8712.34, 1.25578, -8714.99, -0.00481956, -0.00481952, -0.0048195, 0.0389412, -1.49181e+35, 0.0650136, -1.0968, 0.0646412
218, 1.12942, -8712.18, 1.18536, -8712.34, 1.25578, -8714.99, -0.00481956, -0.00481952, -0.0048195, 0.040869, -1.49181e+35, 0.0650143, -1.0968, 0.0646415
218.05, 1.12943, -8717.39, 1.18538, -8717.55, 1.2558, -8720.19, -0.00481541, -0.00481539, -0.00481542, 0.040869, -1.49181e+35, 0.0650143, -1.09682, 0.0647109
218.101, 1.12945, -8722.58, 1.18539, -8722.74, 1.25582, -8725.38, -0.00477896, -0.00477896, -0.00477897, 0.040869, -1.49181e+35, 0.0650149, -1.09685, 0.0647767
218.151, 1.12941, -8727.74, 1.18535, -8727.9, 1.25577, -8730.54, -0.00477626, -0.00477622, -0.00477635, 0.040869, -1.49181e+35, 0.0650131, -1.09677, 0.0648386
218.201, 1.12942, -8732.88, 1.18536, -8733.05, 1.25578, -8735.69, -0.00473785, -0.00473787, -0.00473785, 0.040869, -1.49181e+35, 0.0650136, -1.09679, 0.0648967
218.252, 1.12943, -8738, 1.18537, -8738.16, 1.2558, -8740.8, -0.00473498, -0.00473494, -0.00473488, 0.040869, -1.49181e+35, 0.0650142, -1.09682, 0.0649512
218.302, 1.12945, -8743.1, 1.18539, -8743.26, 1.25581, -8745.91, -0.00469676, -0.00469675, -0.00469672, 0.040869, -1.49181e+35, 0.0650146, -1.09684, 0.0650021
218.352, 1.1294, -8748.17, 1.18534, -8748.33, 1.25576, -8750.98, -0.00469581, -0.00469598, -0.00469624, 0.040869, -1.49181e+35, 0.0650129, -1.09676, 0.0650495
218.403, 1.12942, -8753.23, 1.18536, -8753.39, 1.25578, -8756.04, -0.00465567, -0.0046556, -0.00465557, 0.040869, -1.49181e+35, 0.0650131, -1.09679, 0.0650936
218.453, 1.12943, -8758.26, 1.18537, -8758.42, 1.25579, -8761.06, -0.0046543, -0.00465424, -0.00465423, 0.040869, -1.49181e+35, 0.0650136, -1.09681, 0.0651343
218.504, 1.12944, -8763.27, 1.18538, -8763.43, 1.25581, -8766.08, -0.00461477, -0.00461459, -0.00461463, 0.040869, -1.49181e+35, 0.0650143, -1.09684, 0.0651718
218.554, 1.12938, -8768.25, 1.18532, -8768.42, 1.25573, -8771.06, -0.00461398, -0.00461398, -0.00461396, 0.040869, -1.49181e+35, 0.0650116, -1.09671, 0.0652062
218.604, 1.12941, -8773.22, 1.18535, -8773.38, 1.25577, -8776.03, -0.004574, -0.00457397, -0.00457392, 0.040869, -1.49181e+35, 0.0650142, -1.09678, 0.0652375
218.655, 1.12942, -8778.16, 1.18536, -8778.32, 1.25579, -8780.96, -0.00457354, -0.00457363, -0.00457347, 0.040869, -1.49181e+35, 0.0650137, -1.0968, 0.0652659
218.705, 1.12944, -8783.08, 1.18538, -8783.24, 1.2558, -8785.89, -0.00453333, -0.0045333, -0.00453319, 0.040869, -1.49181e+35, 0.065014, -1.09683, 0.0652913
218.755, 1.12945, -8787.98, 1.18539, -8788.14, 1.25582, -8790.78, -0.00453317, -0.004533, -0.00453312, 0.040869, -1.49181e+35, 0.0650147, -1.09686, 0.0653139
218.806, 1.12941, -8792.85, 1.18535, -8793.01, 1.25577, -8795.66, -0.00449301, -0.00449313, -0.00449312, 0.040869, -1.49181e+35, 0.0650128, -1.09677, 0.0653337
218.856, 1.12942, -8797.71, 1.18536, -8797.87, 1.25578, -8800.51, -0.00449278, -0.00449271, -0.00449268, 0.040869, -1.49181e+35, 0.0650138, -1.0968, 0.0653509
218.906, 1.12943, -8802.54, 1.18537, -8802.7, 1.2558, -8805.34, -0.00445229, -0.00445226, -0.00445211, 0.040869, -1.49181e+35, 0.0650144, -1.09682, 0.0653654
218.957, 1.12945, -8807.34, 1.18539, -8807.5, 1.25581, -8810.15, -0.00445221, -0.00445217, -0.00445209, 0.040869, -1.49181e+35, 0.0650149, -1.09685, 0.0653773
219, 1.12944, -8811.46, 1.18538, -8811.62, 1.25581, -8814.27, -0.00441197, -0.00441196, -0.00441201, 0.040869, -1.49181e+35, 0.0650145, -1.09684, 0.0653856
219, 1.12944, -8811.46, 1.18538, -8811.62, 1.25581, -8814.27, -0.00441197, -0.00441196, -0.00441201, 0.0426338, -1.49181e+35, 0.0650152, -1.09684, 0.0653858
219.05, 1.12938, -8816.23, 1.18532, -8816.39, 1.25573, -8819.03, -0.00441154, -0.00441154, -0.0044115, 0.0426338, -1.49181e+35, 0.0650118, -1.09671, 0.0654364
219.101, 1.12941, -8820.98, 1.18535, -8821.14, 1.25577, -8823.78, -0.00437174, -0.00437173, -0.00437167, 0.0426338, -1.49181e+35, 0.0650134, -1.09678, 0.0654835
219.151, 1.12942, -8825.7, 1.18537, -8825.86, 1.25579, -8828.5, -0.00437127, -0.00437121, -0.0043712, 0.0426338, -1.49181e+35, 0.0650138, -1.09681, 0.0655269
219.201, 1.12944, -8830.4, 1.18538, -8830.56, 1.2558, -8833.21, -0.00433097, -0.00433093, -0.00433098, 0.0426338, -1.49181e+35, 0.0650142, -1.09683, 0.065567
219.252, 1.12945, -8835.08, 1.1854, -8835.24, 1.25582, -8837.88, -0.00433064, -0.00433064, -0.00433058, 0.0426338, -1.49181e+35, 0.0650152, -1.09686, 0.0656037
219.302, 1.12941, -8839.74, 1.18535, -8839.9, 1.25577, -8842.54, -0.00429062, -0.00429057, -0.00429071, 0.0426338, -1.49181e+35, 0.0650135, -1.09677, 0.0656372
219.353, 1.12942, -8844.37, 1.18536, -8844.53, 1.25578, -8847.18, -0.00429028, -0.00429023, -0.00429022, 0.0426338, -1.49181e+35, 0.0650138, -1.0968, 0.0656674
219.403, 1.12943, -8848.99, 1.18538, -8849.15, 1.2558, -8851.79, -0.00424981, -0.00424979, -0.00424979, 0.0426338, -1.49181e+35, 0.0650144, -1.09682, 0.0656945
219.453, 1.12945, -8853.57, 1.18539, -8853.74, 1.25581, -8856.38, -0.00424982, -0.00424981, -0.00424974, 0.0426338, -1.49181e+35, 0.0650155, -1.09685, 0.0657187
219.504, 1.12941, -8858.14, 1.18535, -8858.3, 1.25577, -8860.95, -0.00420972, -0.00420968, -0.00420988, 0.0426338, -1.49181e+35, 0.0650132, -1.09677, 0.0657398
219.554, 1.12942, -8862.69, 1.18536, -8862.85, 1.25578, -8865.5, -0.0042093, -0.00420943, -0.00420942, 0.0426338, -1.49181e+35, 0.0650135, -1.09679, 0.0657582
219.604, 1.12943, -8867.22, 1.18537, -8867.38, 1.25579, -8870.02, -0.00416898, -0.00416895, -0.00416879, 0.0426338, -1.49181e+35, 0.0650141, -1.09682, 0.0657737
219.655, 1.12944, -8871.72, 1.18539, -8871.88, 1.25581, -8874.52, -0.00416887, -0.00416885, -0.00416874, 0.0426338, -1.49181e+35, 0.0650146, -1.09684, 0.0657865
219.705, 1.1294, -8876.2, 1.18534, -8876.36, 1.25576, -8879.01, -0.00412927, -0.00412926, -0.00412971, 0.0426338, -1.49181e+35, 0.0650126, -1.09676, 0.0657967
219.755, 1.12941, -8880.66, 1.18536, -8880.82, 1.25578, -8883.46, -0.00412838, -0.00412853, -0.00412851, 0.0426338, -1.49181e+35, 0.0650135, -1.09679, 0.0658043
219.806, 1.12943, -8885.1, 1.18537, -8885.26, 1.25579, -8887.9, -0.00408805, -0.00408798, -0.00408799, 0.0426338, -1.49181e+35, 0.0650139, -1.09681, 0.0658094
219.856, 1.12944, -8889.51, 1.18538, -8889.67, 1.25581, -8892.32, -0.00408786, -0.00408783, -0.00408779, 0.0426338, -1.49181e+35, 0.0650146, -1.09683, 0.0658121
219.906, 1.12938, -8893.91, 1.18531, -8894.07, 1.25573, -8896.71, -0.00404747, -0.0040475, -0.00404743, 0.0426338, -1.49181e+35, 0.0650119, -1.09671, 0.0658124
219.957, 1.12941, -8898.28, 1.18535, -8898.44, 1.25577, -8901.08, -0.00404761, -0.00404755, -0.0040476, 0.0426338, -1.49181e+35, 0.0650133, -1.09678, 0.0658104
220, 1.12941, -8902.03, 1.18535, -8902.19, 1.25577, -8904.83, -0.00400891, -0.00400896, -0.00400898, 0.0426338, -1.49181e+35, 0.065013, -1.09677, 0.0658069
220, 1.12941, -8902.03, 1.18535, -8902.19, 1.25577, -8904.83, -0.00400891, -0.00400896, -0.00400898, 0.0442374, -1.49181e+35, 0.065014, -1.09677, 0.0658071
220.05, 1.12942, -8906.36, 1.18536, -8906.52, 1.25578, -8909.16, -0.00400629, -0.00400622, -0.00400621, 0.0442374, -1.49181e+35, 0.0650137, -1.09679, 0.0658403
220.101, 1.12943, -8910.67, 1.18537, -8910.83, 1.2558, -8913.48, -0.00396953, -0.00396947, -0.0039695, 0.0442374, -1.49181e+35, 0.0650143, -1.09682, 0.0658703
220.151, 1.12945, -8914.96, 1.18539, -8915.12, 1.25581, -8917.76, -0.00396644, -0.00396642, -0.00396639, 0.0442374, -1.49181e+35, 0.0650149, -1.09685, 0.0658972
220.201, 1.1294, -8919.24, 1.18534, -8919.4, 1.25577, -8922.04, -0.00393358, -0.00393362, -0.00393366, 0.0442374, -1.49181e+35, 0.0650131, -1.09676, 0.0659209
220.252, 1.12942, -8923.47, 1.18536, -8923.63, 1.25578, -8926.28, -0.00392181, -0.00392182, -0.0039218, 0.0442374, -1.49181e+35, 0.0650136, -1.09679, 0.0659416
220.302, 1.12943, -8927.71, 1.18537, -8927.87, 1.25579, -8930.52, -0.00390265, -0.00390261, -0.00390261, 0.0442374, -1.49181e+35, 0.0650143, -1.09681, 0.0659594
220.353, 1.12944, -8931.91, 1.18538, -8932.07, 1.25581, -8934.71, -0.0038855, -0.00388547, -0.00388545, 0.0442374, -1.49181e+35, 0.0650145, -1.09684, 0.0659744
220.403, 1.12938, -8936.1, 1.18532, -8936.26, 1.25574, -8938.91, -0.00388543, -0.00388543, -0.00388538, 0.0442374, -1.49181e+35, 0.0650114, -1.09671, 0.0659865
220.453, 1.12941, -8940.26, 1.18535, -8940.42, 1.25577, -8943.06, -0.00384524, -0.00384526, -0.00384525, 0.0442374, -1.49181e+35, 0.0650131, -1.09678, 0.065996
220.504, 1.12942, -8944.41, 1.18536, -8944.57, 1.25579, -8947.21, -0.00384504, -0.00384503, -0.00384497, 0.0442374, -1.49181e+35, 0.0650137, -1.0968, 0.0660029
220.554, 1.12944, -8948.52, 1.18538, -8948.68, 1.2558, -8951.33, -0.00380458, -0.00380455, -0.00380452, 0.0442374, -1.49181e+35, 0.065015, -1.09683, 0.0660072
220.604, 1.12945, -8952.63, 1.1854, -8952.79, 1.25582, -8955.44, -0.00380454, -0.00380454, -0.00380446, 0.0442374, -1.49181e+35, 0.0650154, -1.09686, 0.0660091
220.655, 1.12941, -8956.71, 1.18535, -8956.87, 1.25577, -8959.51, -0.00376429, -0.00376432, -0.00376435, 0.0442374, -1.49181e+35, 0.0650132, -1.09677, 0.0660086
220.705, 1.12942, -8960.77, 1.18536, -8960.93, 1.25578, -8963.57, -0.00376415, -0.00376413, -0.00376411, 0.0442374, -1.49181e+35, 0.0650141, -1.0968, 0.0660057
220.755, 1.12943, -8964.8, 1.18538, -8964.96, 1.2558, -8967.61, -0.00372365, -0.00372362, -0.0037236, 0.0442374, -1.49181e+35, 0.0650141, -1.09682, 0.0660006
220.806, 1.12945, -8968.83, 1.18539, -8968.99, 1.25581, -8971.63, -0.00372362, -0.00372359, -0.00372354, 0.0442374, -1.49181e+35, 0.0650146, -1.09685, 0.0659933
220.856, 1.12941, -8972.82, 1.18535, -8972.98, 1.25577, -8975.63, -0.00368352, -0.00368355, -0.00368364, 0.0442374, -1.49181e+35, 0.0650133, -1.09677, 0.0659839
220.906, 1.12942, -8976.8, 1.18536, -8976.96, 1.25578, -8979.61, -0.00368317, -0.00368318, -0.00368318, 0.0442374, -1.49181e+35, 0.0650138, -1.09679, 0.0659724
220.957, 1.12943, -8980.76, 1.18537, -8980.92, 1.25579, -8983.57, -0.00364293, -0.00364289, -0.00364289, 0.0442374, -1.49181e+35, 0.0650145, -1.09682, 0.0659588
221, 1.12943, -8984.15, 1.18537, -8984.31, 1.25579, -8986.95, -0.00364267, -0.00364264, -0.00364263, 0.0442374, -1.49181e+35, 0.0650141, -1.09681, 0.0659456
221, 1.12943, -8984.15, 1.18537, -8984.31, 1.25579, -8986.95, -0.00364267, -0.00364264, -0.00364263, 0.0456945, -1.49181e+35, 0.0650146, -1.09681, 0.0659457
221.05, 1.12944, -8988.08, 1.18538, -8988.24, 1.2558, -8990.88, -0.00363256, -0.00363254, -0.00363251, 0.0456945, -1.49181e+35, 0.0650147, -1.09683, 0.0659644
221.101, 1.12945, -8991.97, 1.1854, -8992.13, 1.25582, -8994.77, -0.00360216, -0.00360214, -0.00360209, 0.0456945, -1.49181e+35, 0.0650154, -1.09686, 0.0659802
221.151, 1.12941, -8995.86, 1.18535, -8996.02, 1.25577, -8998.66, -0.00360239, -0.00360241, -0.00360246, 0.0456945, -1.49181e+35, 0.0650133, -1.09678, 0.0659932
221.202, 1.12942, -8999.71, 1.18536, -8999.87, 1.25578, -9002.52, -0.00356177, -0.00356176, -0.00356173, 0.0456945, -1.49181e+35, 0.0650139, -1.0968, 0.0660035
221.252, 1.12944, -9003.56, 1.18538, -9003.72, 1.2558, -9006.37, -0.00356173, -0.00356172, -0.00356167, 0.0456945, -1.49181e+35, 0.0650144, -1.09683, 0.0660112
221.302, 1.12945, -9007.38, 1.18539, -9007.54, 1.25582, -9010.19, -0.00352124, -0.00352122, -0.00352117, 0.0456945, -1.49181e+35, 0.0650152, -1.09685, 0.0660162
221.353, 1.12941, -9011.18, 1.18535, -9011.34, 1.25577, -9013.99, -0.00352147, -0.00352151, -0.00352158, 0.0456945, -1.49181e+35, 0.0650132, -1.09677, 0.0660188
221.403, 1.12942, -9014.97, 1.18536, -9015.13, 1.25578, -9017.78, -0.00348113, -0.00348113, -0.00348111, 0.0456945, -1.49181e+35, 0.0650135, -1.09679, 0.066019
221.453, 1.12943, -9018.73, 1.18537, -9018.89, 1.2558, -9021.53, -0.0034808, -0.00348078, -0.00348072, 0.0456945, -1.49181e+35, 0.0650145, -1.09682, 0.0660168
221.504, 1.12945, -9022.49, 1.18539, -9022.65, 1.25581, -9025.29, -0.00345738, -0.00345737, -0.0034573, 0.0456945, -1.49181e+35, 0.0650146, -1.09685, 0.0660124
221.554, 1.12941, -9026.2, 1.18535, -9026.36, 1.25577, -9029.01, -0.00344106, -0.00344119, -0.00344151, 0.0456945, -1.49181e+35, 0.0650134, -1.09677, 0.0660058
221.604, 1.12942, -9029.92, 1.18536, -9030.08, 1.25578, -9032.72, -0.00344043, -0.00344037, -0.00344043, 0.0456945, -1.49181e+35, 0.0650138, -1.09679, 0.065997
221.655, 1.12943, -9033.6, 1.18537, -9033.76, 1.25579, -9036.4, -0.00339984, -0.00339983, -0.00339978, 0.0456945, -1.49181e+35, 0.0650142, -1.09681, 0.0659862
221.705, 1.12944, -9037.27, 1.18538, -9037.43, 1.25581, -9040.07, -0.00339984, -0.00339981, -0.00339972, 0.0456945, -1.49181e+35, 0.065015, -1.09684, 0.0659734
221.755, 1.12938, -9040.92, 1.18532, -9041.08, 1.25573, -9043.72, -0.00335939, -0.00335939, -0.00335933, 0.0456945, -1.49181e+35, 0.0650121, -1.09671, 0.0659586
221.806, 1.12941, -9044.55, 1.18535, -9044.71, 1.25577, -9047.35, -0.00335927, -0.00335925, -0.00335932, 0.0456945, -1.49181e+35, 0.0650132, -1.09678, 0.065942
221.856, 1.12942, -9048.17, 1.18537, -9048.33, 1.25579, -9050.98, -0.00333174, -0.00333171, -0.00333169, 0.0456945, -1.49181e+35, 0.0650141, -1.0968, 0.0659235
221.906, 1.12944, -9051.76, 1.18538, -9051.92, 1.2558, -9054.56, -0.00331891, -0.00331891, -0.00331885, 0.0456945, -1.49181e+35, 0.0650146, -1.09683, 0.0659033
221.957, 1.12945, -9055.34, 1.1854, -9055.5, 1.25582, -9058.14, -0.00331884, -0.00331883, -0.00331878, 0.0456945, -1.49181e+35, 0.0650153, -1.09686, 0.0658814
222, 1.12945, -9058.4, 1.18539, -9058.56, 1.25581, -9061.2, -0.00327847, -0.00327848, -0.00327835, 0.0456945, -1.49181e+35, 0.065015, -1.09685, 0.0658612
222, 1.12945, -9058.4, 1.18539, -9058.56, 1.25581, -9061.2, -0.00327847, -0.00327848, -0.00327835, 0.0470058, -1.49181e+35, 0.0650159, -1.09685, 0.0658612
222.05, 1.12941, -9061.94, 1.18535, -9062.1, 1.25577, -9064.74, -0.00327855, -0.00327861, -0.00327871, 0.0470058, -1.49181e+35, 0.0650135, -1.09677, 0.0658685
222.101, 1.12942, -9065.47, 1.18536, -9065.63, 1.25578, -9068.28, -0.00324767, -0.00324764, -0.00324766, 0.0470058, -1.49181e+35, 0.0650133, -1.09679, 0.0658733
222.151, 1.12943, -9068.97, 1.18537, -9069.13, 1.25579, -9071.78, -0.00323797, -0.00323791, -0.00323792, 0.0470058, -1.49181e+35, 0.0650145, -1.09681, 0.0658756
222.202, 1.12944, -9072.47, 1.18538, -9072.63, 1.25581, -9075.27, -0.00323792, -0.00323791, -0.00323786, 0.0470058, -1.49181e+35, 0.0650149, -1.09684, 0.0658757
222.252, 1.12938, -9075.94, 1.18532, -9076.1, 1.25574, -9078.74, -0.00319743, -0.00319743, -0.00319736, 0.0470058, -1.49181e+35, 0.0650118, -1.09671, 0.0658733
222.302, 1.12941, -9079.39, 1.18535, -9079.55, 1.25577, -9082.19, -0.00319754, -0.00319758, -0.00319754, 0.0470058, -1.49181e+35, 0.0650135, -1.09678, 0.0658689
222.353, 1.12943, -9082.83, 1.18537, -9083, 1.25579, -9085.64, -0.00316238, -0.00316241, -0.00316239, 0.0470058, -1.49181e+35, 0.0650141, -1.09681, 0.0658623
222.403, 1.12944, -9086.24, 1.18538, -9086.4, 1.2558, -9089.05, -0.003157, -0.00315697, -0.0031569, 0.0470058, -1.49181e+35, 0.0650147, -1.09683, 0.0658536
222.453, 1.12945, -9089.65, 1.1854, -9089.81, 1.25582, -9092.46, -0.00315698, -0.0031569, -0.00315691, 0.0470058, -1.49181e+35, 0.0650154, -1.09686, 0.0658429
222.504, 1.12941, -9093.04, 1.18535, -9093.2, 1.25577, -9095.84, -0.00311669, -0.00311673, -0.0031168, 0.0470058, -1.49181e+35, 0.0650134, -1.09678, 0.0658303
222.554, 1.12942, -9096.4, 1.18536, -9096.56, 1.25578, -9099.21, -0.00311648, -0.00311642, -0.0031164, 0.0470058, -1.49181e+35, 0.0650138, -1.0968, 0.0658159
222.604, 1.12944, -9099.76, 1.18538, -9099.92, 1.2558, -9102.57, -0.00309879, -0.00309883, -0.00309876, 0.0470058, -1.49181e+35, 0.0650144, -1.09683, 0.0657996
222.655, 1.12945, -9103.09, 1.18539, -9103.25, 1.25582, -9105.89, -0.00307598, -0.00307597, -0.00307596, 0.0470058, -1.49181e+35, 0.0650153, -1.09685, 0.0657817
222.705, 1.12941, -9106.41, 1.18535, -9106.57, 1.25577, -9109.21, -0.00307623, -0.00307627, -0.00307635, 0.0470058, -1.49181e+35, 0.0650134, -1.09677, 0.065762
222.755, 1.12942, -9109.71, 1.18536, -9109.87, 1.25578, -9112.52, -0.0030357, -0.00303573, -0.00303568, 0.0470058, -1.49181e+35, 0.065014, -1.09679, 0.0657407
222.806, 1.12943, -9112.99, 1.18537, -9113.15, 1.25579, -9115.79, -0.00303231, -0.00303234, -0.00303237, 0.0470058, -1.49181e+35, 0.0650145, -1.09682, 0.0657178
222.856, 1.12945, -9116.27, 1.18539, -9116.43, 1.25581, -9119.07, -0.00303558, -0.00303555, -0.00303557, 0.0470058, -1.49181e+35, 0.0650154, -1.09685, 0.0656934
222.907, 1.1294, -9119.51, 1.18534, -9119.67, 1.25576, -9122.32, -0.00299587, -0.00299601, -0.00299629, 0.0470058, -1.49181e+35, 0.0650131, -1.09676, 0.0656675
222.957, 1.12941, -9122.75, 1.18535, -9122.91, 1.25578, -9125.55, -0.00299521, -0.00299511, -0.00299509, 0.0470058, -1.49181e+35, 0.0650132, -1.09678, 0.0656402
223, 1.12941, -9125.53, 1.18535, -9125.69, 1.25577, -9128.33, -0.00299525, -0.0029953, -0.00299531, 0.0470058, -1.49181e+35, 0.0650131, -1.09678, 0.0656156
223, 1.12941, -9125.53, 1.18535, -9125.69, 1.25577, -9128.33, -0.00299525, -0.0029953, -0.00299531, 0.0482039, -1.49181e+35, 0.0650146, -1.09678, 0.0656156
223.051, 1.12942, -9128.73, 1.18536, -9128.89, 1.25579, -9131.53, -0.00295462, -0.00295467, -0.0029545, 0.0482039, -1.49181e+35, 0.0650143, -1.0968, 0.0656153
223.101, 1.12944, -9131.92, 1.18538, -9132.08, 1.2558, -9134.72, -0.00295449, -0.00295461, -0.00295451, 0.0482039, -1.49181e+35, 0.0650147, -1.09683, 0.0656128
223.151, 1.12945, -9135.1, 1.18539, -9135.26, 1.25582, -9137.91, -0.00292696, -0.00292696, -0.00292688, 0.0482039, -1.49181e+35, 0.0650153, -1.09686, 0.0656082
223.202, 1.12941, -9138.25, 1.18535, -9138.41, 1.25577, -9141.05, -0.00291433, -0.00291446, -0.00291448, 0.0482039, -1.49181e+35, 0.0650133, -1.09677, 0.0656016
223.252, 1.12942, -9141.4, 1.18536, -9141.56, 1.25578, -9144.2, -0.00291425, -0.00291422, -0.00291421, 0.0482039, -1.49181e+35, 0.0650134, -1.0968, 0.0655931
223.302, 1.12943, -9144.53, 1.18537, -9144.69, 1.2558, -9147.34, -0.00287499, -0.00287497, -0.00287495, 0.0482039, -1.49181e+35, 0.065014, -1.09682, 0.0655827
223.353, 1.12945, -9147.64, 1.18539, -9147.8, 1.25581, -9150.44, -0.00287366, -0.00287361, -0.00287355, 0.0482039, -1.49181e+35, 0.0650155, -1.09685, 0.0655705
223.403, 1.12941, -9150.74, 1.18535, -9150.9, 1.25577, -9153.54, -0.00287394, -0.00287391, -0.0028741, 0.0482039, -1.49181e+35, 0.0650126, -1.09677, 0.0655566
223.453, 1.12942, -9153.83, 1.18536, -9153.99, 1.25578, -9156.63, -0.00283353, -0.00283352, -0.00283346, 0.0482039, -1.49181e+35, 0.065014, -1.09679, 0.065541
223.504, 1.12943, -9156.89, 1.18537, -9157.05, 1.25579, -9159.69, -0.0028332, -0.00283318, -0.00283314, 0.0482039, -1.49181e+35, 0.0650143, -1.09681, 0.0655238
223.554, 1.12944, -9159.95, 1.18539, -9160.11, 1.25581, -9162.75, -0.00283317, -0.00283312, -0.00283315, 0.0482039, -1.49181e+35, 0.0650145, -1.09684, 0.065505
223.604, 1.12938, -9162.99, 1.18532, -9163.15, 1.25574, -9165.79, -0.00279277, -0.00279277, -0.00279269, 0.0482039, -1.49181e+35, 0.0650118, -1.09671, 0.0654847
223.655, 1.12941, -9166, 1.18535, -9166.17, 1.25577, -9168.81, -0.00279283, -0.00279273, -0.00279289, 0.0482039, -1.49181e+35, 0.0650136, -1.09678, 0.065463
223.705, 1.12942, -9169.02, 1.18537, -9169.18, 1.25579, -9171.82, -0.00279271, -0.00279263, -0.00279261, 0.0482039, -1.49181e+35, 0.065014, -1.0968, 0.0654398
223.755, 1.12944, -9172.02, 1.18538, -9172.18, 1.2558, -9174.82, -0.00275231, -0.00275229, -0.00275232, 0.0482039, -1.49181e+35, 0.0650147, -1.09683, 0.0654153
223.806, 1.12945, -9174.99, 1.1854, -9175.15, 1.25582, -9177.8, -0.00275212, -0.00275211, -0.00275221, 0.0482039, -1.49181e+35, 0.0650154, -1.09686, 0.0653895
223.856, 1.12941, -9177.96, 1.18535, -9178.12, 1.25577, -9180.77, -0.00275242, -0.00275249, -0.00275254, 0.0482039, -1.49181e+35, 0.0650135, -1.09678, 0.0653625
223.907, 1.12942, -9180.92, 1.18536, -9181.08, 1.25578, -9183.73, -0.00271275, -0.00271267, -0.0027128, 0.0482039, -1.49181e+35, 0.065014, -1.0968, 0.0653342
223.957, 1.12943, -9183.85, 1.18538, -9184.01, 1.2558, -9186.66, -0.00271166, -0.0027118, -0.00271163, 0.0482039, -1.49181e+35, 0.0650146, -1.09682, 0.0653047
224, 1.12943, -9186.37, 1.18537, -9186.53, 1.25579, -9189.18, -0.00271181, -0.00271179, -0.00271174, 0.0482039, -1.49181e+35, 0.0650144, -1.09681, 0.0652785
224, 1.12943, -9186.37, 1.18537, -9186.53, 1.25579, -9189.18, -0.00271181, -0.00271179, -0.00271174, 0.0492887, -1.49181e+35, 0.0650147, -1.09681, 0.0652784
224.051, 1.12944, -9189.3, 1.18539, -9189.46, 1.25581, -9192.1, -0.00271178, -0.00271177, -0.00271161, 0.0492887, -1.49181e+35, 0.0650148, -1.09684, 0.0652737
224.101, 1.1294, -9192.19, 1.18534, -9192.35, 1.25576, -9194.99, -0.00267207, -0.00267209, -0.0026725, 0.0492887, -1.49181e+35, 0.0650131, -1.09676, 0.065267
224.151, 1.12941, -9195.07, 1.18536, -9195.23, 1.25578, -9197.88, -0.00267144, -0.00267142, -0.00267137, 0.0492887, -1.49181e+35, 0.0650138, -1.09678, 0.0652587
224.202, 1.12943, -9197.96, 1.18537, -9198.12, 1.25579, -9200.76, -0.00267133, -0.00267127, -0.00267127, 0.0492887, -1.49181e+35, 0.065014, -1.09681, 0.0652486
224.252, 1.12944, -9200.82, 1.18538, -9200.98, 1.2558, -9203.62, -0.0026308, -0.00263076, -0.00263077, 0.0492887, -1.49181e+35, 0.0650149, -1.09683, 0.0652368
224.302, 1.12946, -9203.66, 1.1854, -9203.82, 1.25582, -9206.46, -0.00263078, -0.00263077, -0.00263069, 0.0492887, -1.49181e+35, 0.0650156, -1.09686, 0.0652234
224.353, 1.12941, -9206.5, 1.18535, -9206.66, 1.25577, -9209.3, -0.00263097, -0.00263091, -0.00263104, 0.0492887, -1.49181e+35, 0.0650138, -1.09678, 0.0652086
224.403, 1.12942, -9209.33, 1.18536, -9209.49, 1.25579, -9212.13, -0.00259133, -0.00259127, -0.0025912, 0.0492887, -1.49181e+35, 0.0650139, -1.0968, 0.0651923
224.453, 1.12944, -9212.12, 1.18538, -9212.28, 1.2558, -9214.93, -0.00259032, -0.0025903, -0.00259028, 0.0492887, -1.49181e+35, 0.0650147, -1.09683, 0.0651746
224.504, 1.12945, -9214.92, 1.18539, -9215.08, 1.25582, -9217.73, -0.00259023, -0.00259025, -0.00259028, 0.0492887, -1.49181e+35, 0.0650153, -1.09686, 0.0651556
224.554, 1.12941, -9217.72, 1.18535, -9217.88, 1.25577, -9220.52, -0.00259057, -0.00259051, -0.00259069, 0.0492887, -1.49181e+35, 0.0650135, -1.09677, 0.0651352
224.604, 1.12942, -9220.48, 1.18536, -9220.64, 1.25578, -9223.29, -0.00255002, -0.00254997, -0.00254994, 0.0492887, -1.49181e+35, 0.0650144, -1.09679, 0.0651136
224.655, 1.12943, -9223.23, 1.18537, -9223.39, 1.2558, -9226.04, -0.00254237, -0.0025423, -0.00254228, 0.0492887, -1.49181e+35, 0.0650142, -1.09682, 0.0650908
224.705, 1.12945, -9225.99, 1.18539, -9226.15, 1.25581, -9228.79, -0.00254989, -0.00254987, -0.00254976, 0.0492887, -1.49181e+35, 0.0650151, -1.09685, 0.0650669
224.756, 1.12941, -9228.73, 1.18535, -9228.89, 1.25577, -9231.54, -0.00251096, -0.00251107, -0.00251111, 0.0492887, -1.49181e+35, 0.0650138, -1.09677, 0.0650418
224.806, 1.12942, -9231.44, 1.18536, -9231.6, 1.25578, -9234.25, -0.0025094, -0.00250951, -0.00250943, 0.0492887, -1.49181e+35, 0.0650131, -1.09679, 0.0650157
224.856, 1.12943, -9234.15, 1.18537, -9234.31, 1.25579, -9236.96, -0.00250945, -0.0025094, -0.00250937, 0.0492887, -1.49181e+35, 0.0650144, -1.09681, 0.0649885
224.907, 1.12944, -9236.86, 1.18538, -9237.02, 1.25581, -9239.67, -0.00250941, -0.00250935, -0.00250939, 0.0492887, -1.49181e+35, 0.0650152, -1.09684, 0.0649603
224.957, 1.12938, -9239.55, 1.18532, -9239.71, 1.25573, -9242.35, -0.00246892, -0.00246889, -0.00246884, 0.0492887, -1.49181e+35, 0.0650122, -1.09671, 0.0649312
225, 1.12945, -9241.84, 1.18539, -9242, 1.25582, -9244.64, -0.00246884, -0.00246885, -0.00246887, 0.0492887, -1.49181e+35, 0.0650155, -1.09686, 0.0649054
225, 1.12945, -9241.84, 1.18539, -9242, 1.25582, -9244.64, -0.00246884, -0.00246885, -0.00246887, 0.0502762, -1.49181e+35, 0.0650159, -1.09686, 0.0649053
225.051, 1.12941, -9244.51, 1.18535, -9244.67, 1.25577, -9247.31, -0.0024691, -0.002469, -0.00246917, 0.0502762, -1.49181e+35, 0.0650134, -1.09677, 0.0648989
225.101, 1.12942, -9247.17, 1.18536, -9247.33, 1.25578, -9249.98, -0.0024689, -0.00246892, -0.00246889, 0.0502762, -1.49181e+35, 0.0650141, -1.0968, 0.0648909
225.151, 1.12943, -9249.81, 1.18538, -9249.97, 1.2558, -9252.62, -0.00242847, -0.00242843, -0.00242842, 0.0502762, -1.49181e+35, 0.0650146, -1.09682, 0.0648814
225.202, 1.12945, -9252.44, 1.18539, -9252.6, 1.25581, -9255.24, -0.00242841, -0.0024284, -0.00242836, 0.0502762, -1.49181e+35, 0.0650153, -1.09685, 0.0648704
225.252, 1.12941, -9255.06, 1.18535, -9255.22, 1.25577, -9257.86, -0.00242873, -0.00242881, -0.00242888, 0.0502762, -1.49181e+35, 0.0650131, -1.09677, 0.0648581
225.302, 1.12942, -9257.68, 1.18536, -9257.84, 1.25578, -9260.49, -0.00242852, -0.00242855, -0.00242851, 0.0502762, -1.49181e+35, 0.0650138, -1.09679, 0.0648443
225.353, 1.12943, -9260.28, 1.18537, -9260.44, 1.25579, -9263.08, -0.00238801, -0.00238796, -0.00238795, 0.0502762, -1.49181e+35, 0.0650143, -1.09681, 0.0648294
225.403, 1.12944, -9262.86, 1.18539, -9263.02, 1.25581, -9265.66, -0.00238797, -0.00238793, -0.0023879, 0.0502762, -1.49181e+35, 0.065015, -1.09684, 0.0648133
225.453, 1.1294, -9265.44, 1.18534, -9265.6, 1.25576, -9268.24, -0.00238874, -0.00238881, -0.00238915, 0.0502762, -1.49181e+35, 0.0650132, -1.09676, 0.064796
225.504, 1.12941, -9268.02, 1.18535, -9268.18, 1.25578, -9270.82, -0.00238802, -0.00238806, -0.00238809, 0.0502762, -1.49181e+35, 0.0650137, -1.09678, 0.0647774
225.554, 1.12943, -9270.57, 1.18537, -9270.73, 1.25579, -9273.38, -0.00234755, -0.0023475, -0.00234747, 0.0502762, -1.49181e+35, 0.0650142, -1.09681, 0.0647578
225.604, 1.12944, -9273.11, 1.18538, -9273.27, 1.2558, -9275.91, -0.00234744, -0.00234742, -0.00234736, 0.0502762, -1.49181e+35, 0.0650149, -1.09683, 0.0647372
225.655, 1.12945, -9275.64, 1.1854, -9275.8, 1.25582, -9278.45, -0.00234742, -0.0023474, -0.0023474, 0.0502762, -1.49181e+35, 0.0650155, -1.09686, 0.0647155
225.705, 1.12941, -9278.18, 1.18535, -9278.34, 1.25577, -9280.98, -0.00234769, -0.00234773, -0.00234771, 0.0502762, -1.49181e+35, 0.0650135, -1.09678, 0.0646929
225.756, 1.12942, -9280.7, 1.18536, -9280.86, 1.25579, -9283.51, -0.00230873, -0.00230874, -0.00230872, 0.0502762, -1.49181e+35, 0.0650142, -1.0968, 0.0646694
225.806, 1.12944, -9283.2, 1.18538, -9283.36, 1.2558, -9286, -0.00230704, -0.00230698, -0.00230699, 0.0502762, -1.49181e+35, 0.0650146, -1.09683, 0.064645
225.856, 1.12945, -9285.69, 1.18539, -9285.85, 1.25582, -9288.49, -0.00229687, -0.00229686, -0.00229676, 0.0502762, -1.49181e+35, 0.0650153, -1.09685, 0.0646197
225.907, 1.12941, -9288.18, 1.18535, -9288.34, 1.25577, -9290.98, -0.00230727, -0.00230729, -0.00230736, 0.0502762, -1.49181e+35, 0.0650138, -1.09677, 0.0645937
225.957, 1.12942, -9290.67, 1.18536, -9290.83, 1.25578, -9293.47, -0.00230708, -0.00230701, -0.00230705, 0.0502762, -1.49181e+35, 0.0650142, -1.09679, 0.0645668
226, 1.12942, -9292.79, 1.18536, -9292.95, 1.25578, -9295.59, -0.00226665, -0.00226666, -0.00226662, 0.0502762, -1.49181e+35, 0.065014, -1.09679, 0.0645432
226, 1.12942, -9292.79, 1.18536, -9292.95, 1.25578, -9295.59, -0.00226665, -0.00226666, -0.00226662, 0.0511829, -1.49181e+35, 0.065014, -1.09679, 0.0645431
226.051, 1.12943, -9295.23, 1.18537, -9295.39, 1.25579, -9298.04, -0.00226659, -0.00226651, -0.00226648, 0.0511829, -1.49181e+35, 0.0650146, -1.09681, 0.0645373
226.101, 1.12944, -9297.68, 1.18538, -9297.84, 1.25581, -9300.49, -0.00226653, -0.00226646, -0.00226643, 0.0511829, -1.49181e+35, 0.0650153, -1.09684, 0.06453
226.151, 1.12938, -9300.13, 1.18531, -9300.29, 1.25573, -9302.93, -0.00226649, -0.00226649, -0.0022664, 0.0511829, -1.49181e+35, 0.0650117, -1.09671, 0.0645215
226.202, 1.12941, -9302.58, 1.18535, -9302.74, 1.25577, -9305.38, -0.0022667, -0.00226673, -0.00226674, 0.0511829, -1.49181e+35, 0.0650138, -1.09678, 0.0645118
226.252, 1.12942, -9304.98, 1.18536, -9305.14, 1.25579, -9307.79, -0.0022261, -0.00222612, -0.00222608, 0.0511829, -1.49181e+35, 0.0650143, -1.0968, 0.0645009
226.302, 1.12944, -9307.39, 1.18538, -9307.55, 1.2558, -9310.19, -0.00222603, -0.00222604, -0.002226, 0.0511829, -1.49181e+35, 0.0650148, -1.09683, 0.0644888
226.353, 1.12945, -9309.79, 1.18539, -9309.95, 1.25582, -9312.6, -0.00222602, -0.00222601, -0.00222595, 0.0511829, -1.49181e+35, 0.0650159, -1.09686, 0.0644757
226.403, 1.12941, -9312.2, 1.18535, -9312.36, 1.25577, -9315, -0.00222621, -0.0022262, -0.00222625, 0.0511829, -1.49181e+35, 0.0650138, -1.09677, 0.0644615
226.453, 1.12942, -9314.6, 1.18536, -9314.76, 1.25578, -9317.4, -0.00220267, -0.00220264, -0.00220266, 0.0511829, -1.49181e+35, 0.0650136, -1.09679, 0.0644463
226.504, 1.12943, -9316.96, 1.18537, -9317.12, 1.2558, -9319.76, -0.00218553, -0.00218552, -0.00218548, 0.0511829, -1.49181e+35, 0.0650149, -1.09682, 0.0644301
226.554, 1.12945, -9319.32, 1.18539, -9319.48, 1.25581, -9322.12, -0.00218549, -0.00218548, -0.00218545, 0.0511829, -1.49181e+35, 0.0650154, -1.09685, 0.064413
226.605, 1.12941, -9321.68, 1.18535, -9321.84, 1.25577, -9324.48, -0.00218584, -0.00218589, -0.00218598, 0.0511829, -1.49181e+35, 0.0650135, -1.09677, 0.064395
226.655, 1.12942, -9324.04, 1.18536, -9324.2, 1.25578, -9326.84, -0.00218571, -0.00218566, -0.0021857, 0.0511829, -1.49181e+35, 0.0650135, -1.09679, 0.0643762
226.705, 1.12943, -9326.4, 1.18537, -9326.56, 1.25579, -9329.2, -0.00218557, -0.00218556, -0.00218558, 0.0511829, -1.49181e+35, 0.0650144, -1.09681, 0.0643566
226.756, 1.12944, -9328.72, 1.18539, -9328.88, 1.25581, -9331.52, -0.00214509, -0.00214501, -0.00214503, 0.0511829, -1.49181e+35, 0.0650154, -1.09684, 0.0643361
226.806, 1.1294, -9331.03, 1.18534, -9331.19, 1.25576, -9333.84, -0.00214584, -0.002146, -0.00214626, 0.0511829, -1.49181e+35, 0.0650134, -1.09676, 0.064315
226.856, 1.12941, -9333.35, 1.18535, -9333.51, 1.25578, -9336.15, -0.00214509, -0.00214508, -0.00214506, 0.0511829, -1.49181e+35, 0.0650139, -1.09678, 0.0642931
226.907, 1.12943, -9335.67, 1.18537, -9335.83, 1.25579, -9338.47, -0.0021451, -0.00214512, -0.0021451, 0.0511829, -1.49181e+35, 0.0650146, -1.09681, 0.0642706
226.957, 1.12944, -9337.98, 1.18538, -9338.14, 1.2558, -9340.79, -0.00214511, -0.0021451, -0.00214504, 0.0511829, -1.49181e+35, 0.065015, -1.09683, 0.0642474
227, 1.12944, -9339.96, 1.18538, -9340.12, 1.2558, -9342.76, -0.00210473, -0.0021047, -0.00210468, 0.0511829, -1.49181e+35, 0.0650145, -1.09682, 0.064227
227, 1.12944, -9339.96, 1.18538, -9340.12, 1.2558, -9342.76, -0.00210473, -0.0021047, -0.00210468, 0.0520247, -1.49181e+35, 0.065015, -1.09682, 0.0642269
227.051, 1.12945, -9342.23, 1.18539, -9342.39, 1.25582, -9345.03, -0.0021046, -0.00210458, -0.00210454, 0.0520247, -1.49181e+35, 0.065015, -1.09685, 0.0642234
227.101, 1.12941, -9344.5, 1.18535, -9344.66, 1.25577, -9347.31, -0.00210489, -0.00210491, -0.00210498, 0.0520247, -1.49181e+35, 0.0650133, -1.09677, 0.0642186
227.151, 1.12942, -9346.78, 1.18536, -9346.94, 1.25578, -9349.58, -0.00210468, -0.00210468, -0.00210469, 0.0520247, -1.49181e+35, 0.065014, -1.09679, 0.0642127
227.202, 1.12943, -9349.05, 1.18537, -9349.21, 1.2558, -9351.85, -0.00210464, -0.00210463, -0.0021046, 0.0520247, -1.49181e+35, 0.0650144, -1.09682, 0.0642057
227.252, 1.12945, -9351.32, 1.18539, -9351.48, 1.25581, -9354.13, -0.00210462, -0.0021046, -0.00210456, 0.0520247, -1.49181e+35, 0.0650151, -1.09684, 0.0641977
227.302, 1.1294, -9353.56, 1.18534, -9353.72, 1.25577, -9356.37, -0.0020649, -0.00206504, -0.00206533, 0.0520247, -1.49181e+35, 0.0650133, -1.09676, 0.0641887
227.353, 1.12942, -9355.79, 1.18536, -9355.95, 1.25578, -9358.6, -0.00206426, -0.00206426, -0.00206427, 0.0520247, -1.49181e+35, 0.0650138, -1.09679, 0.0641787
227.403, 1.12943, -9358.02, 1.18537, -9358.18, 1.25579, -9360.83, -0.00206417, -0.00206415, -0.00206412, 0.0520247, -1.49181e+35, 0.0650143, -1.09681, 0.0641678
227.453, 1.12944, -9360.25, 1.18538, -9360.41, 1.25581, -9363.05, -0.00206414, -0.00206412, -0.00206408, 0.0520247, -1.49181e+35, 0.0650149, -1.09684, 0.0641561
227.504, 1.12938, -9362.48, 1.18532, -9362.64, 1.25573, -9365.28, -0.00206412, -0.0020641, -0.00206405, 0.0520247, -1.49181e+35, 0.0650121, -1.09671, 0.0641434
227.554, 1.12941, -9364.71, 1.18535, -9364.87, 1.25577, -9367.51, -0.0020643, -0.00206431, -0.00206433, 0.0520247, -1.49181e+35, 0.0650135, -1.09678, 0.06413
227.605, 1.12942, -9366.9, 1.18537, -9367.06, 1.25579, -9369.71, -0.00202371, -0.0020237, -0.00202368, 0.0520247, -1.49181e+35, 0.0650141, -1.0968, 0.0641158
227.655, 1.12944, -9369.09, 1.18538, -9369.25, 1.2558, -9371.89, -0.00202368, -0.00202367, -0.00202362, 0.0520247, -1.49181e+35, 0.065015, -1.09683, 0.0641009
227.705, 1.12945, -9371.28, 1.18539, -9371.44, 1.25582, -9374.08, -0.00202365, -0.00202364, -0.00202358, 0.0520247, -1.49181e+35, 0.0650154, -1.09686, 0.0640852
227.756, 1.12941, -9373.46, 1.18535, -9373.62, 1.25577, -9376.27, -0.00202394, -0.00202397, -0.00202403, 0.0520247, -1.49181e+35, 0.0650134, -1.09677, 0.0640689
227.806, 1.12942, -9375.65, 1.18536, -9375.81, 1.25578, -9378.45, -0.00202371, -0.00202372, -0.00202369, 0.0520247, -1.49181e+35, 0.0650139, -1.09679, 0.0640519
227.856, 1.12943, -9377.83, 1.18537, -9377.99, 1.2558, -9380.64, -0.00202368, -0.00202365, -0.00202362, 0.0520247, -1.49181e+35, 0.0650144, -1.09682, 0.0640343
227.907, 1.12945, -9380, 1.18539, -9380.16, 1.25581, -9382.8, -0.0019833, -0.00198329, -0.00198323, 0.0520247, -1.49181e+35, 0.0650156, -1.09685, 0.0640162
227.957, 1.12941, -9382.14, 1.18535, -9382.3, 1.25577, -9384.95, -0.00198354, -0.00198358, -0.0019837, 0.0520247, -1.49181e+35, 0.0650131, -1.09677, 0.0639975
228, 1.12938, -9383.98, 1.18532, -9384.14, 1.25573, -9386.79, -0.00198319, -0.00198315, -0.0019831, 0.0520247, -1.49181e+35, 0.0650116, -1.09671, 0.063981
228, 1.12938, -9383.98, 1.18532, -9384.14, 1.25573, -9386.79, -0.00198319, -0.00198315, -0.0019831, 0.052818, -1.49181e+35, 0.065012, -1.09671, 0.0639809
228.051, 1.12941, -9386.12, 1.18535, -9386.29, 1.25577, -9388.93, -0.00198334, -0.00198335, -0.00198338, 0.052818, -1.49181e+35, 0.0650139, -1.09678, 0.0639808
228.101, 1.12942, -9388.27, 1.18537, -9388.43, 1.25579, -9391.07, -0.00198324, -0.00198319, -0.00198315, 0.052818, -1.49181e+35, 0.0650144, -1.0968, 0.0639796
228.151, 1.12944, -9390.41, 1.18538, -9390.57, 1.2558, -9393.21, -0.00198314, -0.0019831, -0.00198307, 0.052818, -1.49181e+35, 0.0650147, -1.09683, 0.0639773
228.202, 1.12945, -9392.55, 1.1854, -9392.71, 1.25582, -9395.35, -0.00198316, -0.00198312, -0.00198309, 0.052818, -1.49181e+35, 0.0650154, -1.09686, 0.0639741
228.252, 1.12941, -9394.67, 1.18535, -9394.83, 1.25577, -9397.47, -0.00194292, -0.00194294, -0.00194299, 0.052818, -1.49181e+35, 0.0650137, -1.09677, 0.0639699
228.302, 1.12942, -9396.77, 1.18536, -9396.93, 1.25578, -9399.57, -0.00194279, -0.00194277, -0.00194277, 0.052818, -1.49181e+35, 0.0650143, -1.0968, 0.0639648
228.353, 1.12943, -9398.87, 1.18538, -9399.03, 1.2558, -9401.67, -0.00194272, -0.00194272, -0.00194267, 0.052818, -1.49181e+35, 0.0650148, -1.09682, 0.0639588
228.403, 1.12945, -9400.96, 1.18539, -9401.12, 1.25581, -9403.77, -0.00194272, -0.0019427, -0.00194266, 0.052818, -1.49181e+35, 0.0650157, -1.09685, 0.063952
228.454, 1.12941, -9403.06, 1.18535, -9403.22, 1.25577, -9405.87, -0.00194302, -0.00194306, -0.00194316, 0.052818, -1.49181e+35, 0.0650135, -1.09677, 0.0639445
228.504, 1.12942, -9405.16, 1.18536, -9405.32, 1.25578, -9407.96, -0.00194279, -0.00194276, -0.00194279, 0.052818, -1.49181e+35, 0.065014, -1.09679, 0.0639361
228.554, 1.12943, -9407.26, 1.18537, -9407.42, 1.25579, -9410.06, -0.00194273, -0.00194271, -0.00194266, 0.052818, -1.49181e+35, 0.0650139, -1.09682, 0.063927
228.605, 1.12944, -9409.34, 1.18539, -9409.5, 1.25581, -9412.14, -0.00190244, -0.00190241, -0.00190236, 0.052818, -1.49181e+35, 0.0650156, -1.09684, 0.0639172
228.655, 1.1294, -9411.39, 1.18534, -9411.55, 1.25576, -9414.2, -0.00190298, -0.00190313, -0.00190338, 0.052818, -1.49181e+35, 0.0650136, -1.09676, 0.0639068
228.705, 1.12941, -9413.45, 1.18536, -9413.61, 1.25578, -9416.25, -0.00190237, -0.00190234, -0.00190234, 0.052818, -1.49181e+35, 0.0650139, -1.09678, 0.0638958
228.756, 1.12943, -9415.5, 1.18537, -9415.66, 1.25579, -9418.31, -0.00190225, -0.00190222, -0.0019022, 0.052818, -1.49181e+35, 0.0650145, -1.09681, 0.0638841
228.806, 1.12944, -9417.56, 1.18538, -9417.72, 1.25581, -9420.36, -0.00190229, -0.00190226, -0.00190219, 0.052818, -1.49181e+35, 0.065015, -1.09683, 0.0638719
228.856, 1.12946, -9419.61, 1.1854, -9419.77, 1.25582, -9422.42, -0.0019023, -0.00190219, -0.00190219, 0.052818, -1.49181e+35, 0.0650161, -1.09687, 0.0638591
228.907, 1.12941, -9421.67, 1.18535, -9421.83, 1.25577, -9424.47, -0.00190234, -0.00190236, -0.0019024, 0.052818, -1.49181e+35, 0.0650135, -1.09678, 0.0638456
228.957, 1.12942, -9423.72, 1.18536, -9423.88, 1.25579, -9426.53, -0.00190233, -0.00190228, -0.00190222, 0.052818, -1.49181e+35, 0.0650142, -1.0968, 0.0638316
229, 1.12942, -9425.46, 1.18536, -9425.62, 1.25578, -9428.26, -0.00186184, -0.00186187, -0.00186189, 0.052818, -1.49181e+35, 0.0650138, -1.09679, 0.0638192
229, 1.12942, -9425.46, 1.18536, -9425.62, 1.25578, -9428.26, -0.00186184, -0.00186187, -0.00186189, 0.0535628, -1.49181e+35, 0.0650138, -1.09679, 0.0638192
229.051, 1.12943, -9427.47, 1.18537, -9427.63, 1.2558, -9430.27, -0.00186174, -0.00186177, -0.00186169, 0.0535628, -1.49181e+35, 0.0650147, -1.09682, 0.0638227
229.101, 1.12945, -9429.48, 1.18539, -9429.64, 1.25581, -9432.29, -0.0018618, -0.00186178, -0.00186174, 0.0535628, -1.49181e+35, 0.0650151, -1.09685, 0.0638253
229.151, 1.12941, -9431.49, 1.18535, -9431.65, 1.25577, -9434.29, -0.00186255, -0.00186266, -0.00186298, 0.0535628, -1.49181e+35, 0.0650134, -1.09677, 0.0638268
229.202, 1.12942, -9433.5, 1.18536, -9433.66, 1.25578, -9436.31, -0.00186185, -0.00186187, -0.00186182, 0.0535628, -1.49181e+35, 0.065014, -1.09679, 0.0638275
229.252, 1.12943, -9435.51, 1.18537, -9435.67, 1.25579, -9438.32, -0.00186181, -0.00186175, -0.00186172, 0.0535628, -1.49181e+35, 0.065014, -1.09681, 0.0638272
229.302, 1.12944, -9437.52, 1.18538, -9437.68, 1.25581, -9440.33, -0.00186173, -0.00186179, -0.00186174, 0.0535628, -1.49181e+35, 0.0650151, -1.09684, 0.0638261
229.353, 1.12938, -9439.53, 1.18532, -9439.69, 1.25573, -9442.34, -0.00186174, -0.00186174, -0.00186166, 0.0535628, -1.49181e+35, 0.0650122, -1.09671, 0.0638243
229.403, 1.12941, -9441.52, 1.18535, -9441.68, 1.25577, -9444.32, -0.00182149, -0.00182151, -0.00182146, 0.0535628, -1.49181e+35, 0.0650136, -1.09678, 0.0638216
229.454, 1.12942, -9443.49, 1.18537, -9443.65, 1.25579, -9446.29, -0.0018213, -0.00182133, -0.00182131, 0.0535628, -1.49181e+35, 0.0650142, -1.0968, 0.0638181
229.504, 1.12944, -9445.45, 1.18538, -9445.61, 1.2558, -9448.26, -0.00182132, -0.00182129, -0.00182122, 0.0535628, -1.49181e+35, 0.0650149, -1.09683, 0.063814
229.554, 1.12945, -9447.42, 1.1854, -9447.58, 1.25582, -9450.23, -0.00182131, -0.00182128, -0.00182119, 0.0535628, -1.49181e+35, 0.0650155, -1.09686, 0.0638092
229.605, 1.12941, -9449.39, 1.18535, -9449.55, 1.25577, -9452.19, -0.00182144, -0.00182146, -0.00182151, 0.0535628, -1.49181e+35, 0.0650136, -1.09677, 0.0638037
229.655, 1.12942, -9451.35, 1.18536, -9451.51, 1.25578, -9454.16, -0.00182138, -0.00182131, -0.00182134, 0.0535628, -1.49181e+35, 0.0650141, -1.0968, 0.0637976
229.705, 1.12943, -9453.32, 1.18538, -9453.48, 1.2558, -9456.13, -0.0018213, -0.00182124, -0.00182123, 0.0535628, -1.49181e+35, 0.0650147, -1.09682, 0.0637909
229.756, 1.12945, -9455.29, 1.18539, -9455.45, 1.25581, -9458.09, -0.00182125, -0.00182123, -0.00182121, 0.0535628, -1.49181e+35, 0.0650153, -1.09685, 0.0637836
229.806, 1.12941, -9457.25, 1.18535, -9457.41, 1.25577, -9460.05, -0.00179073, -0.00179078, -0.00179088, 0.0535628, -1.49181e+35, 0.0650136, -1.09677, 0.0637758
229.856, 1.12942, -9459.17, 1.18536, -9459.33, 1.25578, -9461.98, -0.00178086, -0.00178089, -0.00178084, 0.0535628, -1.49181e+35, 0.065014, -1.09679, 0.0637674
229.907, 1.12943, -9461.1, 1.18537, -9461.26, 1.25579, -9463.9, -0.00178079, -0.00178082, -0.00178079, 0.0535628, -1.49181e+35, 0.0650145, -1.09681, 0.0637585
229.957, 1.12944, -9463.02, 1.18539, -9463.18, 1.25581, -9465.82, -0.00178082, -0.0017808, -0.00178075, 0.0535628, -1.49181e+35, 0.0650152, -1.09684, 0.0637491
230, 1.12944, -9464.67, 1.18538, -9464.83, 1.2558, -9467.48, -0.0017808, -0.00178081, -0.00178077, 0.0535628, -1.49181e+35, 0.0650151, -1.09683, 0.0637406
230, 1.12944, -9464.67, 1.18538, -9464.83, 1.2558, -9467.48, -0.0017808, -0.00178081, -0.00178077, 0.0542751, -1.49181e+35, 0.0650153, -1.09683, 0.0637405
230.051, 1.12945, -9466.6, 1.1854, -9466.76, 1.25582, -9469.4, -0.00178083, -0.00178083, -0.00178074, 0.0542751, -1.49181e+35, 0.0650157, -1.09686, 0.0637478
230.101, 1.12941, -9468.52, 1.18535, -9468.68, 1.25577, -9471.33, -0.00178101, -0.00178104, -0.00178109, 0.0542751, -1.49181e+35, 0.0650138, -1.09678, 0.0637541
230.151, 1.12942, -9470.44, 1.18536, -9470.6, 1.25578, -9473.25, -0.00178089, -0.00178081, -0.00178087, 0.0542751, -1.49181e+35, 0.0650139, -1.0968, 0.0637594
230.202, 1.12944, -9472.37, 1.18538, -9472.53, 1.2558, -9475.17, -0.00178084, -0.00178077, -0.00178069, 0.0542751, -1.49181e+35, 0.0650146, -1.09683, 0.0637639
230.252, 1.12945, -9474.29, 1.18539, -9474.45, 1.25582, -9477.1, -0.0017808, -0.00178079, -0.00178077, 0.0542751, -1.49181e+35, 0.0650155, -1.09685, 0.0637675
230.303, 1.12941, -9476.17, 1.18535, -9476.33, 1.25577, -9478.98, -0.00174058, -0.00174067, -0.00174068, 0.0542751, -1.49181e+35, 0.0650132, -1.09677, 0.0637703
230.353, 1.12942, -9478.05, 1.18536, -9478.21, 1.25578, -9480.86, -0.00174031, -0.00174044, -0.00174041, 0.0542751, -1.49181e+35, 0.0650143, -1.09679, 0.0637723
230.403, 1.12943, -9479.93, 1.18537, -9480.09, 1.2558, -9482.74, -0.00174042, -0.00174039, -0.00174034, 0.0542751, -1.49181e+35, 0.0650151, -1.09682, 0.0637736
230.454, 1.12945, -9481.81, 1.18539, -9481.97, 1.25581, -9484.62, -0.00174038, -0.00174035, -0.00174036, 0.0542751, -1.49181e+35, 0.0650155, -1.09684, 0.0637742
230.504, 1.1294, -9483.69, 1.18534, -9483.85, 1.25577, -9486.5, -0.00174094, -0.00174112, -0.00174137, 0.0542751, -1.49181e+35, 0.0650138, -1.09677, 0.063774
230.554, 1.12941, -9485.57, 1.18536, -9485.73, 1.25578, -9488.38, -0.00174047, -0.00174039, -0.00174034, 0.0542751, -1.49181e+35, 0.0650134, -1.09679, 0.0637731
230.605, 1.12943, -9487.45, 1.18537, -9487.61, 1.25579, -9490.26, -0.00174037, -0.00174034, -0.00174025, 0.0542751, -1.49181e+35, 0.0650145, -1.09681, 0.0637717
230.655, 1.12944, -9489.33, 1.18538, -9489.49, 1.25581, -9492.13, -0.0017403, -0.00174029, -0.00174028, 0.0542751, -1.49181e+35, 0.0650153, -1.09684, 0.0637696
230.705, 1.12938, -9491.21, 1.18532, -9491.37, 1.25573, -9494.01, -0.00174029, -0.00174027, -0.00174018, 0.0542751, -1.49181e+35, 0.065012, -1.09671, 0.0637669
230.756, 1.12941, -9493.06, 1.18535, -9493.22, 1.25577, -9495.87, -0.00170003, -0.00169994, -0.0017001, 0.0542751, -1.49181e+35, 0.065014, -1.09678, 0.0637635
230.806, 1.12942, -9494.9, 1.18537, -9495.06, 1.25579, -9497.7, -0.00169989, -0.0017, -0.00169994, 0.0542751, -1.49181e+35, 0.0650145, -1.0968, 0.0637596
230.856, 1.12944, -9496.73, 1.18538, -9496.89, 1.2558, -9499.54, -0.00169993, -0.00169991, -0.00169974, 0.0542751, -1.49181e+35, 0.0650147, -1.09683, 0.0637552
230.907, 1.12945, -9498.57, 1.18539, -9498.73, 1.25582, -9501.38, -0.00169978, -0.00169975, -0.0016997, 0.0542751, -1.49181e+35, 0.0650148, -1.09686, 0.0637503
230.957, 1.12941, -9500.41, 1.18535, -9500.57, 1.25577, -9503.21, -0.00170008, -0.00170013, -0.00170012, 0.0542751, -1.49181e+35, 0.0650135, -1.09677, 0.0637449
231, 1.12941, -9501.99, 1.18535, -9502.15, 1.25577, -9504.79, -0.00170015, -0.00170027, -0.0017003, 0.0542751, -1.49181e+35, 0.065013, -1.09677, 0.0637398
231, 1.12941, -9501.99, 1.18535, -9502.15, 1.25577, -9504.79, -0.00170015, -0.00170027, -0.0017003, 0.0549551, -1.49181e+35, 0.0650137, -1.09677, 0.0637398
231.051, 1.12942, -9503.82, 1.18536, -9503.98, 1.25578, -9506.63, -0.00170005, -0.00169997, -0.00169992, 0.0549551, -1.49181e+35, 0.0650139, -1.09679, 0.0637503
231.101, 1.12943, -9505.66, 1.18537, -9505.82, 1.25579, -9508.46, -0.00169992, -0.00169988, -0.00169986, 0.0549551, -1.49181e+35, 0.0650148, -1.09681, 0.0637599
231.151, 1.12944, -9507.49, 1.18538, -9507.65, 1.25581, -9510.3, -0.00169986, -0.00169985, -0.00169984, 0.0549551, -1.49181e+35, 0.0650151, -1.09684, 0.0637685
231.202, 1.12938, -9509.33, 1.18532, -9509.49, 1.25574, -9512.13, -0.00169985, -0.00169986, -0.00169978, 0.0549551, -1.49181e+35, 0.0650119, -1.09671, 0.0637763
231.252, 1.12941, -9511.14, 1.18535, -9511.3, 1.25577, -9513.94, -0.00165955, -0.00165945, -0.00165942, 0.0549551, -1.49181e+35, 0.0650134, -1.09678, 0.0637832
231.303, 1.12943, -9512.93, 1.18537, -9513.09, 1.25579, -9515.73, -0.00165943, -0.00165936, -0.0016593, 0.0549551, -1.49181e+35, 0.0650148, -1.09681, 0.0637893
231.353, 1.12944, -9514.72, 1.18538, -9514.88, 1.2558, -9517.53, -0.00165936, -0.0016593, -0.00165933, 0.0549551, -1.49181e+35, 0.0650152, -1.09683, 0.0637946
231.403, 1.12945, -9516.51, 1.1854, -9516.67, 1.25582, -9519.32, -0.00165934, -0.00165928, -0.00165937, 0.0549551, -1.49181e+35, 0.0650154, -1.09686, 0.0637993
231.454, 1.12941, -9518.3, 1.18535, -9518.46, 1.25577, -9521.11, -0.0016596, -0.00165967, -0.00165969, 0.0549551, -1.49181e+35, 0.0650136, -1.09678, 0.0638031
231.504, 1.12942, -9520.1, 1.18536, -9520.26, 1.25578, -9522.9, -0.00165939, -0.0016595, -0.00165946, 0.0549551, -1.49181e+35, 0.0650142, -1.0968, 0.0638063
231.554, 1.12943, -9521.89, 1.18538, -9522.05, 1.2558, -9524.69, -0.00165946, -0.00165943, -0.0016594, 0.0549551, -1.49181e+35, 0.0650146, -1.09682, 0.0638087
231.605, 1.12945, -9523.68, 1.18539, -9523.84, 1.25582, -9526.49, -0.00165943, -0.00165925, -0.00165931, 0.0549551, -1.49181e+35, 0.0650153, -1.09685, 0.0638106
231.655, 1.12941, -9525.47, 1.18535, -9525.63, 1.25577, -9528.28, -0.00165963, -0.00165972, -0.00165974, 0.0549551, -1.49181e+35, 0.0650136, -1.09677, 0.0638119
231.705, 1.12942, -9527.27, 1.18536, -9527.43, 1.25578, -9530.07, -0.00165952, -0.00165947, -0.00165943, 0.0549551, -1.49181e+35, 0.0650141, -1.09679, 0.0638125
231.756, 1.12943, -9529.03, 1.18537, -9529.19, 1.25579, -9531.83, -0.00161898, -0.00161892, -0.00161891, 0.0549551, -1.49181e+35, 0.0650144, -1.09682, 0.0638125
231.806, 1.12945, -9530.78, 1.18539, -9530.94, 1.25581, -9533.58, -0.00161893, -0.0016189, -0.00161877, 0.0549551, -1.49181e+35, 0.0650152, -1.09685, 0.0638119
231.856, 1.1294, -9532.52, 1.18534, -9532.68, 1.25576, -9535.33, -0.00161971, -0.00161987, -0.00162009, 0.0549551, -1.49181e+35, 0.0650135, -1.09676, 0.0638108
231.907, 1.12942, -9534.27, 1.18536, -9534.43, 1.25578, -9537.08, -0.00161908, -0.00161902, -0.00161897, 0.0549551, -1.49181e+35, 0.0650137, -1.09679, 0.0638092
231.957, 1.12943, -9536.02, 1.18537, -9536.18, 1.25579, -9538.83, -0.00161895, -0.00161889, -0.00161887, 0.0549551, -1.49181e+35, 0.0650143, -1.09681, 0.0638071
232, 1.12942, -9537.53, 1.18536, -9537.69, 1.25579, -9540.33, -0.00161894, -0.001619, -0.00161886, 0.0549551, -1.49181e+35, 0.0650142, -1.0968, 0.063805
232, 1.12942, -9537.53, 1.18536, -9537.69, 1.25579, -9540.33, -0.00161894, -0.001619, -0.00161886, 0.0556027, -1.49181e+35, 0.0650145, -1.0968, 0.063805
232.051, 1.12944, -9539.27, 1.18538, -9539.43, 1.2558, -9542.08, -0.00161883, -0.00161896, -0.00161885, 0.0556027, -1.49181e+35, 0.0650148, -1.09683, 0.0638179
232.101, 1.12945, -9541.02, 1.18539, -9541.18, 1.25582, -9543.83, -0.00161887, -0.00161886, -0.0016189, 0.0556027, -1.49181e+35, 0.0650155, -1.09686, 0.0638299
232.152, 1.12941, -9542.77, 1.18535, -9542.93, 1.25577, -9545.58, -0.00161918, -0.00161914, -0.00161929, 0.0556027, -1.49181e+35, 0.0650135, -1.09677, 0.063841
232.202, 1.12942, -9544.52, 1.18536, -9544.68, 1.25578, -9547.32, -0.00161896, -0.00161905, -0.00161901, 0.0556027, -1.49181e+35, 0.0650141, -1.0968, 0.0638512
232.252, 1.12943, -9546.26, 1.18537, -9546.42, 1.2558, -9549.06, -0.00157932, -0.00157945, -0.00157942, 0.0556027, -1.49181e+35, 0.0650146, -1.09682, 0.0638606
232.303, 1.12945, -9547.96, 1.18539, -9548.12, 1.25581, -9550.76, -0.0015785, -0.00157847, -0.00157836, 0.0556027, -1.49181e+35, 0.0650154, -1.09685, 0.0638692
232.353, 1.12941, -9549.67, 1.18535, -9549.83, 1.25577, -9552.47, -0.00157875, -0.00157886, -0.0015789, 0.0556027, -1.49181e+35, 0.0650135, -1.09677, 0.0638769
232.403, 1.12942, -9551.37, 1.18536, -9551.53, 1.25578, -9554.17, -0.00157847, -0.00157856, -0.00157854, 0.0556027, -1.49181e+35, 0.0650141, -1.09679, 0.063884
232.454, 1.12943, -9553.07, 1.18537, -9553.23, 1.25579, -9555.88, -0.00157851, -0.00157847, -0.00157841, 0.0556027, -1.49181e+35, 0.0650144, -1.09681, 0.0638903
232.504, 1.12944, -9554.78, 1.18539, -9554.94, 1.25581, -9557.58, -0.00157667, -0.00157665, -0.00157664, 0.0556027, -1.49181e+35, 0.065015, -1.09684, 0.063896
232.554, 1.12938, -9556.48, 1.18532, -9556.64, 1.25574, -9559.29, -0.00157843, -0.00157843, -0.00157836, 0.0556027, -1.49181e+35, 0.065012, -1.09671, 0.0639009
232.605, 1.12941, -9558.19, 1.18535, -9558.35, 1.25578, -9560.99, -0.00157848, -0.00157863, -0.00157854, 0.0556027, -1.49181e+35, 0.0650139, -1.09678, 0.0639052
232.655, 1.12943, -9559.89, 1.18537, -9560.05, 1.25579, -9562.7, -0.0015785, -0.00157841, -0.00157836, 0.0556027, -1.49181e+35, 0.0650142, -1.0968, 0.0639088
232.705, 1.12944, -9561.6, 1.18538, -9561.76, 1.2558, -9564.4, -0.00157844, -0.00157842, -0.00157841, 0.0556027, -1.49181e+35, 0.0650144, -1.09683, 0.0639117
232.756, 1.12945, -9563.3, 1.1854, -9563.46, 1.25582, -9566.11, -0.00156831, -0.0015683, -0.00156818, 0.0556027, -1.49181e+35, 0.0650161, -1.09686, 0.0639141
232.806, 1.12941, -9564.96, 1.18535, -9565.12, 1.25577, -9567.77, -0.00153819, -0.00153816, -0.00153812, 0.0556027, -1.49181e+35, 0.0650136, -1.09678, 0.0639159
232.856, 1.12942, -9566.62, 1.18536, -9566.78, 1.25578, -9569.43, -0.001538, -0.00153792, -0.00153806, 0.0556027, -1.49181e+35, 0.0650141, -1.0968, 0.0639171
232.907, 1.12944, -9568.28, 1.18538, -9568.44, 1.2558, -9571.09, -0.00153793, -0.00153788, -0.0015379, 0.0556027, -1.49181e+35, 0.0650152, -1.09682, 0.0639179
232.957, 1.12945, -9569.95, 1.18539, -9570.11, 1.25582, -9572.75, -0.00153806, -0.00153784, -0.00153789, 0.0556027, -1.49181e+35, 0.0650158, -1.09685, 0.0639181
233, 1.12944, -9571.37, 1.18539, -9571.53, 1.25581, -9574.18, -0.00153802, -0.00153798, -0.00153796, 0.0556027, -1.49181e+35, 0.065015, -1.09684, 0.0639179
233, 1.12944, -9571.37, 1.18539, -9571.53, 1.25581, -9574.18, -0.00153802, -0.00153798, -0.00153796, 0.0562179, -1.49181e+35, 0.0650154, -1.09684, 0.063918
233.051, 1.1294, -9573.04, 1.18534, -9573.2, 1.25576, -9575.84, -0.00153863, -0.00153877, -0.00153915, 0.0562179, -1.49181e+35, 0.0650132, -1.09676, 0.0639324
233.101, 1.12941, -9574.7, 1.18536, -9574.86, 1.25578, -9577.5, -0.00153813, -0.00153812, -0.00153802, 0.0562179, -1.49181e+35, 0.0650143, -1.09678, 0.0639459
233.152, 1.12943, -9576.36, 1.18537, -9576.52, 1.25579, -9579.16, -0.001538, -0.00153798, -0.00153796, 0.0562179, -1.49181e+35, 0.0650147, -1.09681, 0.0639586
233.202, 1.12944, -9578.02, 1.18538, -9578.18, 1.25581, -9580.82, -0.00153796, -0.00153791, -0.00153793, 0.0562179, -1.49181e+35, 0.0650156, -1.09683, 0.0639703
233.252, 1.12946, -9579.68, 1.1854, -9579.84, 1.25582, -9582.48, -0.00153795, -0.00153794, -0.00153784, 0.0562179, -1.49181e+35, 0.0650159, -1.09686, 0.0639812
233.303, 1.12941, -9581.32, 1.18535, -9581.48, 1.25577, -9584.12, -0.00149773, -0.00149769, -0.00149779, 0.0562179, -1.49181e+35, 0.0650141, -1.09678, 0.0639914
233.353, 1.12942, -9582.94, 1.18536, -9583.1, 1.25579, -9585.74, -0.00149751, -0.00149763, -0.00149757, 0.0562179, -1.49181e+35, 0.0650139, -1.0968, 0.0640007
233.403, 1.12944, -9584.55, 1.18538, -9584.71, 1.2558, -9587.36, -0.00149748, -0.00149739, -0.00149741, 0.0562179, -1.49181e+35, 0.0650148, -1.09683, 0.0640093
233.454, 1.12945, -9586.17, 1.18539, -9586.33, 1.25582, -9588.98, -0.00149745, -0.00149742, -0.00149745, 0.0562179, -1.49181e+35, 0.0650154, -1.09686, 0.0640172
233.504, 1.12941, -9587.79, 1.18535, -9587.95, 1.25577, -9590.59, -0.00149779, -0.00149771, -0.00149786, 0.0562179, -1.49181e+35, 0.0650135, -1.09677, 0.0640242
233.554, 1.12942, -9589.41, 1.18536, -9589.57, 1.25578, -9592.21, -0.00149743, -0.00149735, -0.00149749, 0.0562179, -1.49181e+35, 0.0650142, -1.09679, 0.0640308
233.605, 1.12943, -9591.02, 1.18537, -9591.18, 1.2558, -9593.83, -0.00149758, -0.00149754, -0.00149751, 0.0562179, -1.49181e+35, 0.0650149, -1.09682, 0.0640366
233.655, 1.12945, -9592.64, 1.18539, -9592.8, 1.25581, -9595.45, -0.00149758, -0.00149757, -0.00149744, 0.0562179, -1.49181e+35, 0.0650153, -1.09685, 0.0640418
233.705, 1.12941, -9594.26, 1.18535, -9594.42, 1.25577, -9597.06, -0.00149781, -0.0014978, -0.00149795, 0.0562179, -1.49181e+35, 0.0650139, -1.09677, 0.0640464
233.756, 1.12942, -9595.88, 1.18536, -9596.04, 1.25578, -9598.68, -0.00149748, -0.00149747, -0.00149754, 0.0562179, -1.49181e+35, 0.0650137, -1.09679, 0.0640504
233.806, 1.12943, -9597.48, 1.18537, -9597.64, 1.25579, -9600.29, -0.00145937, -0.00145935, -0.0014593, 0.0562179, -1.49181e+35, 0.0650151, -1.09681, 0.0640536
233.856, 1.12944, -9599.06, 1.18538, -9599.22, 1.25581, -9601.86, -0.00145705, -0.00145702, -0.00145708, 0.0562179, -1.49181e+35, 0.0650152, -1.09684, 0.0640563
233.907, 1.12938, -9600.63, 1.18532, -9600.79, 1.25573, -9603.44, -0.00145703, -0.00145701, -0.00145693, 0.0562179, -1.49181e+35, 0.0650124, -1.09671, 0.0640586
233.957, 1.12941, -9602.2, 1.18535, -9602.36, 1.25577, -9605.01, -0.0014572, -0.00145719, -0.00145727, 0.0562179, -1.49181e+35, 0.0650136, -1.09678, 0.0640603
234.001, 1.12941, -9603.56, 1.18535, -9603.72, 1.25577, -9606.36, -0.00145723, -0.00145723, -0.00145731, 0.0562179, -1.49181e+35, 0.0650133, -1.09677, 0.0640612
234.001, 1.12941, -9603.56, 1.18535, -9603.72, 1.25577, -9606.36, -0.00145723, -0.00145723, -0.00145731, 0.0568008, -1.49181e+35, 0.0650138, -1.09677, 0.0640613
234.051, 1.12942, -9605.13, 1.18536, -9605.29, 1.25578, -9607.94, -0.00145705, -0.00145712, -0.00145709, 0.0568008, -1.49181e+35, 0.0650142, -1.0968, 0.0640763
234.101, 1.12943, -9606.71, 1.18538, -9606.87, 1.2558, -9609.51, -0.00145706, -0.001457, -0.001457, 0.0568008, -1.49181e+35, 0.0650144, -1.09682, 0.0640904
234.152, 1.12945, -9608.28, 1.18539, -9608.44, 1.25581, -9611.08, -0.00145703, -0.00145699, -0.00145696, 0.0568008, -1.49181e+35, 0.0650152, -1.09685, 0.0641037
234.202, 1.12941, -9609.85, 1.18535, -9610.01, 1.25577, -9612.66, -0.00145735, -0.00145737, -0.00145749, 0.0568008, -1.49181e+35, 0.0650134, -1.09677, 0.0641161
234.252, 1.12942, -9611.43, 1.18536, -9611.59, 1.25578, -9614.23, -0.00145713, -0.00145706, -0.00145709, 0.0568008, -1.49181e+35, 0.0650138, -1.09679, 0.0641277
234.303, 1.12943, -9613, 1.18537, -9613.16, 1.25579, -9615.8, -0.001457, -0.00145705, -0.00145702, 0.0568008, -1.49181e+35, 0.0650147, -1.09681, 0.0641385
234.353, 1.12944, -9614.54, 1.18539, -9614.7, 1.25581, -9617.34, -0.00141657, -0.00141653, -0.0014165, 0.0568008, -1.49181e+35, 0.0650151, -1.09684, 0.0641484
234.403, 1.1294, -9616.07, 1.18534, -9616.23, 1.25576, -9618.87, -0.00141728, -0.00141743, -0.00141775, 0.0568008, -1.49181e+35, 0.0650132, -1.09676, 0.0641576
234.454, 1.12941, -9617.6, 1.18535, -9617.76, 1.25578, -9620.4, -0.00141665, -0.00141666, -0.0014167, 0.0568008, -1.49181e+35, 0.0650139, -1.09678, 0.0641662
234.504, 1.12943, -9619.13, 1.18537, -9619.29, 1.25579, -9621.93, -0.0014166, -0.00141656, -0.00141651, 0.0568008, -1.49181e+35, 0.0650142, -1.09681, 0.064174
234.554, 1.12944, -9620.66, 1.18538, -9620.82, 1.2558, -9623.46, -0.00141654, -0.0014165, -0.00141643, 0.0568008, -1.49181e+35, 0.0650149, -1.09683, 0.0641812
234.605, 1.12945, -9622.19, 1.1854, -9622.35, 1.25582, -9624.99, -0.00141652, -0.00141651, -0.00141648, 0.0568008, -1.49181e+35, 0.0650156, -1.09686, 0.0641876
234.655, 1.12941, -9623.72, 1.18535, -9623.88, 1.25577, -9626.52, -0.00141669, -0.00141672, -0.00141678, 0.0568008, -1.49181e+35, 0.0650137, -1.09678, 0.0641934
234.705, 1.12942, -9625.25, 1.18536, -9625.41, 1.25578, -9628.05, -0.00141658, -0.0014166, -0.00141654, 0.0568008, -1.49181e+35, 0.0650142, -1.0968, 0.0641987
234.756, 1.12944, -9626.78, 1.18538, -9626.94, 1.2558, -9629.58, -0.00141659, -0.00141654, -0.00141645, 0.0568008, -1.49181e+35, 0.0650148, -1.09683, 0.0642032
234.806, 1.12945, -9628.31, 1.18539, -9628.47, 1.25582, -9631.11, -0.00141656, -0.00141655, -0.00141644, 0.0568008, -1.49181e+35, 0.0650155, -1.09686, 0.0642072
234.857, 1.12941, -9629.81, 1.18535, -9629.97, 1.25577, -9632.61, -0.00137634, -0.00137637, -0.00137644, 0.0568008, -1.49181e+35, 0.0650136, -1.09677, 0.0642105
234.907, 1.12942, -9631.3, 1.18536, -9631.46, 1.25578, -9634.1, -0.00137617, -0.0013761, -0.00137614, 0.0568008, -1.49181e+35, 0.0650141, -1.09679, 0.0642134
234.957, 1.12943, -9632.78, 1.18537, -9632.94, 1.2558, -9635.59, -0.0013761, -0.00137604, -0.00137601, 0.0568008, -1.49181e+35, 0.0650146, -1.09682, 0.0642156
235.001, 1.12943, -9634.06, 1.18537, -9634.22, 1.25579, -9636.87, -0.00137612, -0.00137608, -0.00137602, 0.0568008, -1.49181e+35, 0.0650144, -1.09681, 0.0642172
235.001, 1.12943, -9634.06, 1.18537, -9634.22, 1.25579, -9636.87, -0.00137612, -0.00137608, -0.00137602, 0.0573513, -1.49181e+35, 0.0650146, -1.09681, 0.0642172
235.051, 1.12944, -9635.55, 1.18538, -9635.71, 1.25581, -9638.35, -0.00137609, -0.00137605, -0.00137598, 0.0573513, -1.49181e+35, 0.065015, -1.09684, 0.0642321
235.101, 1.12938, -9637.03, 1.18532, -9637.19, 1.25573, -9639.84, -0.00137607, -0.00137606, -0.00137596, 0.0573513, -1.49181e+35, 0.0650121, -1.09671, 0.064246
235.152, 1.12941, -9638.52, 1.18535, -9638.68, 1.25577, -9641.32, -0.0013762, -0.00137622, -0.00137625, 0.0573513, -1.49181e+35, 0.0650138, -1.09678, 0.0642592
235.202, 1.12942, -9640.01, 1.18536, -9640.17, 1.25579, -9642.81, -0.00137612, -0.00137613, -0.00137609, 0.0573513, -1.49181e+35, 0.0650143, -1.0968, 0.0642714
235.252, 1.12944, -9641.49, 1.18538, -9641.65, 1.2558, -9644.3, -0.00137605, -0.00137601, -0.00137602, 0.0573513, -1.49181e+35, 0.065015, -1.09683, 0.0642829
235.303, 1.12945, -9642.98, 1.18539, -9643.14, 1.25582, -9645.78, -0.00137602, -0.001376, -0.00137597, 0.0573513, -1.49181e+35, 0.0650155, -1.09686, 0.0642935
235.353, 1.12941, -9644.45, 1.18535, -9644.61, 1.25577, -9647.25, -0.0013361, -0.00133612, -0.0013362, 0.0573513, -1.49181e+35, 0.0650136, -1.09678, 0.0643034
235.403, 1.12942, -9645.89, 1.18536, -9646.05, 1.25578, -9648.7, -0.00133563, -0.00133564, -0.00133567, 0.0573513, -1.49181e+35, 0.0650142, -1.09679, 0.0643126
235.454, 1.12943, -9647.33, 1.18537, -9647.49, 1.2558, -9650.14, -0.00133561, -0.00133557, -0.00133555, 0.0573513, -1.49181e+35, 0.0650146, -1.09682, 0.064321
235.504, 1.12945, -9648.78, 1.18539, -9648.94, 1.25581, -9651.58, -0.00133556, -0.00133554, -0.00133551, 0.0573513, -1.49181e+35, 0.0650152, -1.09685, 0.0643286
235.554, 1.12941, -9650.22, 1.18535, -9650.38, 1.25577, -9653.02, -0.00133592, -0.00133596, -0.00133605, 0.0573513, -1.49181e+35, 0.0650139, -1.09677, 0.0643356
235.605, 1.12942, -9651.66, 1.18536, -9651.82, 1.25578, -9654.46, -0.00133563, -0.00133556, -0.00133558, 0.0573513, -1.49181e+35, 0.0650137, -1.09679, 0.064342
235.655, 1.12943, -9653.1, 1.18537, -9653.26, 1.25579, -9655.91, -0.00133558, -0.00133555, -0.0013356, 0.0573513, -1.49181e+35, 0.0650148, -1.09681, 0.0643477
235.705, 1.12944, -9654.54, 1.18539, -9654.71, 1.25581, -9657.35, -0.00133561, -0.0013356, -0.00133545, 0.0573513, -1.49181e+35, 0.0650154, -1.09684, 0.0643529
235.756, 1.1294, -9655.99, 1.18534, -9656.15, 1.25576, -9658.79, -0.00133631, -0.00133646, -0.0013368, 0.0573513, -1.49181e+35, 0.0650134, -1.09676, 0.0643574
235.806, 1.12941, -9657.43, 1.18535, -9657.59, 1.25577, -9660.23, -0.00133568, -0.00133569, -0.00133574, 0.0573513, -1.49181e+35, 0.0650137, -1.09678, 0.0643613
235.857, 1.12943, -9658.86, 1.18537, -9659.02, 1.25579, -9661.66, -0.00129541, -0.00129533, -0.00129538, 0.0573513, -1.49181e+35, 0.0650141, -1.09681, 0.0643646
235.907, 1.12944, -9660.25, 1.18538, -9660.42, 1.2558, -9663.06, -0.00129511, -0.00129506, -0.00129503, 0.0573513, -1.49181e+35, 0.0650147, -1.09683, 0.0643674
235.957, 1.12945, -9661.65, 1.1854, -9661.81, 1.25582, -9664.46, -0.00129509, -0.00129509, -0.00129506, 0.0573513, -1.49181e+35, 0.0650154, -1.09686, 0.0643696
236.001, 1.12945, -9662.86, 1.18539, -9663.02, 1.25581, -9665.66, -0.00129513, -0.00129511, -0.00129507, 0.0573513, -1.49181e+35, 0.0650148, -1.09685, 0.0643711
236.001, 1.12945, -9662.86, 1.18539, -9663.02, 1.25581, -9665.66, -0.00129513, -0.00129511, -0.00129507, 0.0578693, -1.49181e+35, 0.0650158, -1.09685, 0.0643712
236.051, 1.12941, -9664.26, 1.18535, -9664.42, 1.25577, -9667.06, -0.00129543, -0.00129542, -0.00129552, 0.0578693, -1.49181e+35, 0.0650138, -1.09677, 0.0643852
236.101, 1.12942, -9665.65, 1.18536, -9665.81, 1.25578, -9668.46, -0.00129517, -0.00129518, -0.00129512, 0.0578693, -1.49181e+35, 0.0650137, -1.09679, 0.0643983
236.152, 1.12943, -9667.05, 1.18537, -9667.21, 1.25579, -9669.86, -0.00129511, -0.00129509, -0.00129509, 0.0578693, -1.49181e+35, 0.0650155, -1.09682, 0.0644106
236.202, 1.12944, -9668.45, 1.18539, -9668.61, 1.25581, -9671.26, -0.00129508, -0.00129504, -0.001295, 0.0578693, -1.49181e+35, 0.0650154, -1.09684, 0.0644221
236.252, 1.1294, -9669.85, 1.18534, -9670.01, 1.25576, -9672.66, -0.00129592, -0.00129603, -0.00129632, 0.0578693, -1.49181e+35, 0.0650136, -1.09676, 0.0644328
236.303, 1.12941, -9671.25, 1.18536, -9671.41, 1.25578, -9674.05, -0.0012952, -0.00129522, -0.00129526, 0.0578693, -1.49181e+35, 0.0650139, -1.09678, 0.0644427
236.353, 1.12943, -9672.64, 1.18537, -9672.8, 1.25579, -9675.44, -0.00125694, -0.00125693, -0.00125693, 0.0578693, -1.49181e+35, 0.0650147, -1.09681, 0.0644518
236.403, 1.12944, -9673.99, 1.18538, -9674.15, 1.25581, -9676.8, -0.00125463, -0.00125455, -0.00125452, 0.0578693, -1.49181e+35, 0.0650155, -1.09683, 0.0644603
236.454, 1.12938, -9675.35, 1.18531, -9675.51, 1.25573, -9678.15, -0.00125461, -0.00125461, -0.00125457, 0.0578693, -1.49181e+35, 0.0650122, -1.09671, 0.0644681
236.504, 1.12941, -9676.7, 1.18535, -9676.86, 1.25577, -9679.51, -0.00125483, -0.00125484, -0.00125491, 0.0578693, -1.49181e+35, 0.0650132, -1.09678, 0.0644753
236.554, 1.12942, -9678.06, 1.18536, -9678.22, 1.25579, -9680.86, -0.00125473, -0.0012547, -0.00125466, 0.0578693, -1.49181e+35, 0.0650139, -1.0968, 0.0644816
236.605, 1.12944, -9679.41, 1.18538, -9679.57, 1.2558, -9682.22, -0.00125431, -0.00125431, -0.00125427, 0.0578693, -1.49181e+35, 0.0650147, -1.09683, 0.0644872
236.655, 1.12945, -9680.77, 1.18539, -9680.93, 1.25582, -9683.57, -0.0012546, -0.0012546, -0.00125456, 0.0578693, -1.49181e+35, 0.0650158, -1.09686, 0.0644924
236.706, 1.12941, -9682.12, 1.18535, -9682.28, 1.25577, -9684.93, -0.00125485, -0.0012549, -0.00125499, 0.0578693, -1.49181e+35, 0.0650136, -1.09677, 0.0644969
236.756, 1.12942, -9683.48, 1.18536, -9683.64, 1.25578, -9686.28, -0.00125469, -0.00125468, -0.00125464, 0.0578693, -1.49181e+35, 0.0650141, -1.09679, 0.0645008
236.806, 1.12943, -9684.83, 1.18537, -9684.99, 1.2558, -9687.64, -0.00125463, -0.00125462, -0.00125456, 0.0578693, -1.49181e+35, 0.0650148, -1.09682, 0.0645041
236.857, 1.12945, -9686.18, 1.18539, -9686.34, 1.25581, -9688.98, -0.00121486, -0.00121483, -0.00121479, 0.0578693, -1.49181e+35, 0.0650149, -1.09685, 0.0645069
236.907, 1.12941, -9687.49, 1.18535, -9687.65, 1.25577, -9690.29, -0.00121451, -0.00121452, -0.00121465, 0.0578693, -1.49181e+35, 0.0650133, -1.09677, 0.0645091
236.957, 1.12942, -9688.8, 1.18536, -9688.96, 1.25578, -9691.6, -0.00121427, -0.00121427, -0.00121428, 0.0578693, -1.49181e+35, 0.0650144, -1.09679, 0.0645109
237.001, 1.12941, -9689.93, 1.18535, -9690.09, 1.25577, -9692.73, -0.0012143, -0.00121432, -0.00121436, 0.0578693, -1.49181e+35, 0.0650139, -1.09678, 0.0645119
237.001, 1.12941, -9689.93, 1.18535, -9690.09, 1.25577, -9692.73, -0.0012143, -0.00121432, -0.00121436, 0.058355, -1.49181e+35, 0.0650139, -1.09678, 0.0645119
237.051, 1.12942, -9691.24, 1.18536, -9691.4, 1.25579, -9694.04, -0.0012142, -0.00121422, -0.00121417, 0.058355, -1.49181e+35, 0.0650146, -1.0968, 0.0645246
237.101, 1.12944, -9692.55, 1.18538, -9692.71, 1.2558, -9695.35, -0.00121415, -0.00121411, -0.00121408, 0.058355, -1.49181e+35, 0.065015, -1.09683, 0.0645365
237.152, 1.12945, -9693.86, 1.1854, -9694.02, 1.25582, -9696.67, -0.00121412, -0.00121411, -0.00121406, 0.058355, -1.49181e+35, 0.065016, -1.09686, 0.0645475
237.202, 1.12941, -9695.17, 1.18535, -9695.33, 1.25577, -9697.98, -0.00121434, -0.00121439, -0.00121443, 0.058355, -1.49181e+35, 0.065014, -1.09678, 0.0645579
237.252, 1.12942, -9696.48, 1.18536, -9696.64, 1.25578, -9699.29, -0.00121423, -0.00121423, -0.0012142, 0.058355, -1.49181e+35, 0.0650145, -1.0968, 0.0645674
237.303, 1.12943, -9697.79, 1.18538, -9697.96, 1.2558, -9700.6, -0.00121421, -0.00121418, -0.00121416, 0.058355, -1.49181e+35, 0.0650147, -1.09682, 0.0645761
237.353, 1.12945, -9699.1, 1.18539, -9699.26, 1.25581, -9701.9, -0.00117911, -0.00117906, -0.00117903, 0.058355, -1.49181e+35, 0.0650153, -1.09685, 0.064584
237.403, 1.12941, -9700.37, 1.18535, -9700.53, 1.25577, -9703.17, -0.00117406, -0.00117409, -0.0011742, 0.058355, -1.49181e+35, 0.0650136, -1.09677, 0.0645914
237.454, 1.12942, -9701.63, 1.18536, -9701.79, 1.25578, -9704.44, -0.00117375, -0.00117377, -0.00117373, 0.058355, -1.49181e+35, 0.065014, -1.09679, 0.064598
237.504, 1.12943, -9702.9, 1.18537, -9703.06, 1.25579, -9705.71, -0.0011737, -0.0011737, -0.00117365, 0.058355, -1.49181e+35, 0.0650147, -1.09682, 0.0646039
237.554, 1.12944, -9704.17, 1.18539, -9704.33, 1.25581, -9706.97, -0.00117369, -0.00117368, -0.00117364, 0.058355, -1.49181e+35, 0.0650153, -1.09684, 0.0646093
237.605, 1.1294, -9705.44, 1.18534, -9705.6, 1.25576, -9708.24, -0.00117346, -0.00117361, -0.00117388, 0.058355, -1.49181e+35, 0.0650133, -1.09676, 0.064614
237.655, 1.12941, -9706.71, 1.18535, -9706.87, 1.25578, -9709.51, -0.00117381, -0.00117381, -0.00117382, 0.058355, -1.49181e+35, 0.0650139, -1.09678, 0.0646182
237.706, 1.12943, -9707.97, 1.18537, -9708.13, 1.25579, -9710.78, -0.0011737, -0.0011737, -0.00117367, 0.058355, -1.49181e+35, 0.0650145, -1.09681, 0.0646217
237.756, 1.12944, -9709.24, 1.18538, -9709.4, 1.2558, -9712.04, -0.00117369, -0.00117366, -0.00117362, 0.058355, -1.49181e+35, 0.0650152, -1.09683, 0.0646247
237.806, 1.12946, -9710.51, 1.1854, -9710.67, 1.25582, -9713.31, -0.00117366, -0.00117364, -0.00117359, 0.058355, -1.49181e+35, 0.0650156, -1.09686, 0.0646272
237.857, 1.12941, -9711.77, 1.18535, -9711.93, 1.25577, -9714.57, -0.00113641, -0.00113643, -0.00113645, 0.058355, -1.49181e+35, 0.0650139, -1.09678, 0.0646291
237.907, 1.12942, -9712.99, 1.18536, -9713.15, 1.25579, -9715.79, -0.00113326, -0.00113324, -0.00113322, 0.058355, -1.49181e+35, 0.0650144, -1.0968, 0.0646305
237.957, 1.12944, -9714.21, 1.18538, -9714.38, 1.2558, -9717.02, -0.00113322, -0.00113321, -0.00113317, 0.058355, -1.49181e+35, 0.0650149, -1.09683, 0.0646313
238.001, 1.12943, -9715.27, 1.18537, -9715.43, 1.2558, -9718.07, -0.00113323, -0.0011332, -0.00113317, 0.058355, -1.49181e+35, 0.0650146, -1.09682, 0.0646317
238.001, 1.12943, -9715.27, 1.18537, -9715.43, 1.2558, -9718.07, -0.00113323, -0.0011332, -0.00113317, 0.0588083, -1.49181e+35, 0.0650148, -1.09682, 0.0646317
238.051, 1.12945, -9716.49, 1.18539, -9716.65, 1.25581, -9719.3, -0.00113321, -0.00113318, -0.00113314, 0.0588083, -1.49181e+35, 0.0650153, -1.09685, 0.0646428
238.101, 1.12941, -9717.71, 1.18535, -9717.88, 1.25577, -9720.52, -0.00113397, -0.00113411, -0.0011344, 0.0588083, -1.49181e+35, 0.0650135, -1.09677, 0.0646531
238.152, 1.12942, -9718.94, 1.18536, -9719.1, 1.25578, -9721.74, -0.0011333, -0.0011333, -0.0011333, 0.0588083, -1.49181e+35, 0.065014, -1.09679, 0.0646627
238.202, 1.12943, -9720.16, 1.18537, -9720.32, 1.25579, -9722.97, -0.00113324, -0.00113322, -0.00113319, 0.0588083, -1.49181e+35, 0.0650145, -1.09681, 0.0646715
238.252, 1.12944, -9721.39, 1.18538, -9721.55, 1.25581, -9724.19, -0.00113321, -0.00113319, -0.00113315, 0.0588083, -1.49181e+35, 0.0650152, -1.09684, 0.0646796
238.303, 1.12938, -9722.61, 1.18532, -9722.77, 1.25573, -9725.42, -0.0011332, -0.00113317, -0.00113312, 0.0588083, -1.49181e+35, 0.0650122, -1.09671, 0.0646869
238.353, 1.12941, -9723.83, 1.18535, -9724, 1.25577, -9726.64, -0.00113336, -0.00113337, -0.00113339, 0.0588083, -1.49181e+35, 0.0650137, -1.09678, 0.0646935
238.403, 1.12942, -9725.02, 1.18537, -9725.18, 1.25579, -9727.82, -0.00109278, -0.00109277, -0.00109275, 0.0588083, -1.49181e+35, 0.0650144, -1.0968, 0.0646995
238.454, 1.12944, -9726.2, 1.18538, -9726.36, 1.2558, -9729, -0.00109273, -0.00109271, -0.00109267, 0.0588083, -1.49181e+35, 0.065015, -1.09683, 0.0647048
238.504, 1.12945, -9727.38, 1.1854, -9727.54, 1.25582, -9730.18, -0.00109273, -0.0010927, -0.00109267, 0.0588083, -1.49181e+35, 0.0650155, -1.09686, 0.0647096
238.555, 1.12941, -9728.56, 1.18535, -9728.72, 1.25577, -9731.36, -0.00109294, -0.00109296, -0.001093, 0.0588083, -1.49181e+35, 0.0650137, -1.09677, 0.0647137
238.605, 1.12942, -9729.74, 1.18536, -9729.9, 1.25578, -9732.54, -0.00109279, -0.00109278, -0.00109276, 0.0588083, -1.49181e+35, 0.0650142, -1.0968, 0.0647174
238.655, 1.12943, -9730.92, 1.18538, -9731.08, 1.2558, -9733.72, -0.00109273, -0.00109273, -0.00109269, 0.0588083, -1.49181e+35, 0.0650145, -1.09682, 0.0647203
238.706, 1.12945, -9732.1, 1.18539, -9732.26, 1.25581, -9734.9, -0.00109272, -0.0010927, -0.00109266, 0.0588083, -1.49181e+35, 0.0650154, -1.09685, 0.0647227
238.756, 1.12941, -9733.28, 1.18535, -9733.44, 1.25577, -9736.08, -0.00109308, -0.00109315, -0.00109324, 0.0588083, -1.49181e+35, 0.0650136, -1.09677, 0.0647246
238.806, 1.12942, -9734.46, 1.18536, -9734.62, 1.25578, -9737.26, -0.00109281, -0.00109282, -0.0010928, 0.0588083, -1.49181e+35, 0.0650142, -1.09679, 0.064726
238.857, 1.12943, -9735.64, 1.18537, -9735.8, 1.25579, -9738.44, -0.00109274, -0.00109273, -0.0010927, 0.0588083, -1.49181e+35, 0.0650147, -1.09681, 0.0647268
238.907, 1.12944, -9736.78, 1.18539, -9736.94, 1.25581, -9739.59, -0.00105226, -0.00105225, -0.00105221, 0.0588083, -1.49181e+35, 0.0650152, -1.09684, 0.0647272
238.957, 1.1294, -9737.92, 1.18534, -9738.08, 1.25576, -9740.72, -0.001053, -0.00105314, -0.00105344, 0.0588083, -1.49181e+35, 0.0650131, -1.09676, 0.0647271
239.001, 1.12945, -9738.9, 1.1854, -9739.06, 1.25582, -9741.7, -0.00105224, -0.00105222, -0.00105218, 0.0588083, -1.49181e+35, 0.0650158, -1.09686, 0.0647266
239.001, 1.12945, -9738.9, 1.1854, -9739.06, 1.25582, -9741.7, -0.00105224, -0.00105222, -0.00105218, 0.0592292, -1.49181e+35, 0.0650158, -1.09686, 0.0647266
239.051, 1.12941, -9740.03, 1.18535, -9740.19, 1.25577, -9742.84, -0.00105247, -0.00105249, -0.00105254, 0.0592292, -1.49181e+35, 0.0650136, -1.09678, 0.064736
239.101, 1.12942, -9741.17, 1.18536, -9741.33, 1.25579, -9743.98, -0.00105231, -0.0010523, -0.00105227, 0.0592292, -1.49181e+35, 0.0650145, -1.0968, 0.0647446
239.152, 1.12944, -9742.31, 1.18538, -9742.47, 1.2558, -9745.11, -0.00105226, -0.00105223, -0.0010522, 0.0592292, -1.49181e+35, 0.0650144, -1.09682, 0.0647525
239.202, 1.12945, -9743.44, 1.18539, -9743.6, 1.25582, -9746.25, -0.00105224, -0.00105222, -0.00105218, 0.0592292, -1.49181e+35, 0.0650154, -1.09685, 0.0647597
239.252, 1.12941, -9744.58, 1.18535, -9744.74, 1.25577, -9747.38, -0.00105255, -0.00105256, -0.00105263, 0.0592292, -1.49181e+35, 0.0650138, -1.09677, 0.0647662
239.303, 1.12942, -9745.72, 1.18536, -9745.88, 1.25578, -9748.52, -0.00105231, -0.0010523, -0.00105232, 0.0592292, -1.49181e+35, 0.0650145, -1.09679, 0.064772
239.353, 1.12943, -9746.85, 1.18537, -9747.01, 1.2558, -9749.66, -0.0010523, -0.0010523, -0.00105224, 0.0592292, -1.49181e+35, 0.0650147, -1.09682, 0.0647772
239.403, 1.12945, -9747.98, 1.18539, -9748.14, 1.25581, -9750.78, -0.00101276, -0.00101273, -0.00101273, 0.0592292, -1.49181e+35, 0.065015, -1.09685, 0.0647817
239.454, 1.1294, -9749.07, 1.18534, -9749.23, 1.25577, -9751.88, -0.00101252, -0.00101268, -0.00101295, 0.0592292, -1.49181e+35, 0.0650131, -1.09677, 0.0647857
239.504, 1.12941, -9750.16, 1.18536, -9750.32, 1.25578, -9752.97, -0.00101187, -0.00101188, -0.0010119, 0.0592292, -1.49181e+35, 0.0650143, -1.09678, 0.0647891
239.555, 1.12943, -9751.26, 1.18537, -9751.42, 1.25579, -9754.06, -0.00101181, -0.00101179, -0.00101174, 0.0592292, -1.49181e+35, 0.0650142, -1.09681, 0.064792
239.605, 1.12944, -9752.35, 1.18538, -9752.51, 1.25581, -9755.15, -0.00101179, -0.00101175, -0.00101167, 0.0592292, -1.49181e+35, 0.0650149, -1.09684, 0.0647943
239.655, 1.12938, -9753.44, 1.18532, -9753.6, 1.25573, -9756.25, -0.00100163, -0.00100163, -0.00100157, 0.0592292, -1.49181e+35, 0.0650125, -1.09671, 0.064796
239.706, 1.12941, -9754.53, 1.18535, -9754.69, 1.25577, -9757.34, -0.00101194, -0.00101196, -0.00101195, 0.0592292, -1.49181e+35, 0.0650143, -1.09678, 0.0647973
239.756, 1.12942, -9755.63, 1.18537, -9755.79, 1.25579, -9758.43, -0.00101181, -0.00101178, -0.00101178, 0.0592292, -1.49181e+35, 0.0650145, -1.0968, 0.0647981
239.806, 1.12944, -9756.72, 1.18538, -9756.88, 1.2558, -9759.52, -0.00101184, -0.00101182, -0.00101178, 0.0592292, -1.49181e+35, 0.0650151, -1.09683, 0.0647983
239.857, 1.12945, -9757.81, 1.18539, -9757.97, 1.25582, -9760.62, -0.00101177, -0.00101176, -0.00101168, 0.0592292, -1.49181e+35, 0.0650156, -1.09686, 0.0647981
239.907, 1.12941, -9758.91, 1.18535, -9759.07, 1.25577, -9761.71, -0.00101205, -0.00101204, -0.00101207, 0.0592292, -1.49181e+35, 0.0650138, -1.09677, 0.0647974
239.957, 1.12942, -9759.97, 1.18536, -9760.13, 1.25578, -9762.77, -0.000971363, -0.000971324, -0.000971358, 0.0592292, -1.49181e+35, 0.0650144, -1.0968, 0.0647963
240.001, 1.12942, -9760.87, 1.18536, -9761.03, 1.25578, -9763.67, -0.000971446, -0.000971413, -0.000971441, 0.0592292, -1.49181e+35, 0.0650138, -1.09679, 0.064795
240.001, 1.12942, -9760.87, 1.18536, -9761.03, 1.25578, -9763.67, -0.000971446, -0.000971413, -0.000971441, 0.04, -1.49181e+35, 0.0650142, -1.09679, 0.064795
240.051, 1.12943, -9761.92, 1.18537, -9762.08, 1.25579, -9764.72, -0.000971389, -0.000971367, -0.000971334, 0.04, -1.49181e+35, 0.0650151, -1.09681, 0.0643195
240.101, 1.12944, -9762.97, 1.18539, -9763.13, 1.25581, -9765.77, -0.000971238, -0.000971211, -0.000971186, 0.04, -1.49181e+35, 0.0650156, -1.09684, 0.0638576
240.152, 1.12938, -9764.02, 1.18532, -9764.18, 1.25574, -9766.82, -0.000971343, -0.000971303, -0.00097126, 0.04, -1.49181e+35, 0.0650126, -1.09671, 0.0634087
240.202, 1.12941, -9765.07, 1.18535, -9765.23, 1.25577, -9767.87, -0.000971401, -0.000971377, -0.000971403, 0.04, -1.49181e+35, 0.0650141, -1.09678, 0.0629723
240.252, 1.12943, -9766.11, 1.18537, -9766.27, 1.25579, -9768.92, -0.000971368, -0.000971355, -0.000971342, 0.04, -1.49181e+35, 0.0650144, -1.09681, 0.062548
240.303, 1.12944, -9767.16, 1.18538, -9767.32, 1.2558, -9769.97, -0.000971287, -0.000971295, -0.000971227, 0.04, -1.49181e+35, 0.0650148, -1.09683, 0.0621353
240.353, 1.12945, -9768.21, 1.1854, -9768.37, 1.25582, -9771.02, -0.000971304, -0.000971255, -0.000971232, 0.04, -1.49181e+35, 0.0650152, -1.09686, 0.061734
240.404, 1.12941, -9769.28, 1.18535, -9769.44, 1.25577, -9772.08, -0.00101166, -0.00101169, -0.00101173, 0.04, -1.49181e+35, 0.0650139, -1.09678, 0.0613436
240.454, 1.12942, -9770.37, 1.18536, -9770.53, 1.25578, -9773.17, -0.00101183, -0.00101185, -0.00101181, 0.04, -1.49181e+35, 0.0650141, -1.0968, 0.0609637
240.504, 1.12943, -9771.46, 1.18538, -9771.62, 1.2558, -9774.27, -0.00101178, -0.00101177, -0.00101175, 0.04, -1.49181e+35, 0.0650146, -1.09682, 0.060594
240.555, 1.12945, -9772.56, 1.18539, -9772.72, 1.25582, -9775.36, -0.00101277, -0.00101275, -0.0010127, 0.04, -1.49181e+35, 0.0650154, -1.09685, 0.0602342
240.605, 1.12941, -9773.65, 1.18535, -9773.81, 1.25577, -9776.46, -0.00101204, -0.0010121, -0.00101217, 0.04, -1.49181e+35, 0.0650137, -1.09677, 0.0598839
240.655, 1.12942, -9774.74, 1.18536, -9774.9, 1.25578, -9777.55, -0.0010118, -0.00101176, -0.00101175, 0.04, -1.49181e+35, 0.0650141, -1.09679, 0.0595429
240.706, 1.12943, -9775.88, 1.18537, -9776.04, 1.2558, -9778.68, -0.00105228, -0.00105227, -0.00105227, 0.04, -1.49181e+35, 0.065014, -1.09682, 0.0592108
240.756, 1.12945, -9777.01, 1.18539, -9777.17, 1.25581, -9779.82, -0.00105224, -0.00105225, -0.00105225, 0.04, -1.49181e+35, 0.0650149, -1.09685, 0.0588875
240.806, 1.1294, -9778.15, 1.18534, -9778.31, 1.25576, -9780.95, -0.00105308, -0.00105323, -0.00105347, 0.04, -1.49181e+35, 0.0650136, -1.09676, 0.0585726
240.857, 1.12942, -9779.3, 1.18536, -9779.46, 1.25578, -9782.11, -0.00109257, -0.00109257, -0.00109259, 0.04, -1.49181e+35, 0.0650139, -1.09679, 0.058266
240.907, 1.12943, -9780.48, 1.18537, -9780.64, 1.25579, -9783.29, -0.00109279, -0.00109272, -0.0010927, 0.04, -1.49181e+35, 0.0650144, -1.09681, 0.0579673
240.957, 1.12944, -9781.66, 1.18538, -9781.82, 1.25581, -9784.47, -0.00109272, -0.00109263, -0.00109262, 0.04, -1.49181e+35, 0.0650149, -1.09684, 0.0576764
241.001, 1.12944, -9782.69, 1.18538, -9782.85, 1.2558, -9785.5, -0.00113223, -0.00113227, -0.00113218, 0.04, -1.49181e+35, 0.0650149, -1.09683, 0.0574323
241.001, 1.12944, -9782.69, 1.18538, -9782.85, 1.2558, -9785.5, -0.00113223, -0.00113227, -0.00113218, 0.04, -1.49181e+35, 0.0650153, -1.09683, 0.0574314
241.051, 1.12945, -9783.91, 1.18539, -9784.07, 1.25582, -9786.72, -0.00113322, -0.00113314, -0.00113309, 0.04, -1.49181e+35, 0.0650156, -1.09686, 0.0571554
241.101, 1.12941, -9785.14, 1.18535, -9785.3, 1.25577, -9787.94, -0.00113349, -0.00113351, -0.00113356, 0.04, -1.49181e+35, 0.0650138, -1.09677, 0.0568857
241.152, 1.12942, -9786.39, 1.18536, -9786.55, 1.25578, -9789.2, -0.00117373, -0.00117373, -0.00117367, 0.04, -1.49181e+35, 0.0650141, -1.09679, 0.0566231
241.202, 1.12943, -9787.66, 1.18537, -9787.82, 1.2558, -9790.47, -0.00117371, -0.00117366, -0.00117363, 0.04, -1.49181e+35, 0.0650148, -1.09682, 0.0563673
241.252, 1.12945, -9788.94, 1.18539, -9789.1, 1.25581, -9791.75, -0.00121375, -0.00121371, -0.00121364, 0.04, -1.49181e+35, 0.0650156, -1.09685, 0.0561182
241.303, 1.12941, -9790.26, 1.18535, -9790.42, 1.25577, -9793.06, -0.0012145, -0.00121453, -0.00121462, 0.04, -1.49181e+35, 0.0650134, -1.09677, 0.0558757
241.353, 1.12942, -9791.57, 1.18536, -9791.73, 1.25578, -9794.38, -0.00124933, -0.00124934, -0.00124937, 0.04, -1.49181e+35, 0.0650139, -1.09679, 0.0556397
241.404, 1.12943, -9792.93, 1.18537, -9793.09, 1.25579, -9795.73, -0.00125899, -0.00125893, -0.0012589, 0.04, -1.49181e+35, 0.0650144, -1.09681, 0.0554099
241.454, 1.12944, -9794.29, 1.18538, -9794.45, 1.25581, -9797.09, -0.00127806, -0.00127802, -0.00127796, 0.04, -1.49181e+35, 0.065015, -1.09684, 0.0551863
241.504, 1.12938, -9795.69, 1.18532, -9795.85, 1.25573, -9798.49, -0.00129511, -0.0012951, -0.00129502, 0.04, -1.49181e+35, 0.0650124, -1.09671, 0.0549688
241.555, 1.12941, -9797.09, 1.18535, -9797.25, 1.25577, -9799.9, -0.00132611, -0.00132613, -0.00132618, 0.04, -1.49181e+35, 0.0650138, -1.09678, 0.0547572
241.605, 1.12942, -9798.54, 1.18537, -9798.7, 1.25579, -9801.34, -0.00133699, -0.00133693, -0.00133696, 0.04, -1.49181e+35, 0.0650144, -1.0968, 0.0545513
241.655, 1.12944, -9799.99, 1.18538, -9800.15, 1.2558, -9802.79, -0.00137435, -0.0013743, -0.00137432, 0.04, -1.49181e+35, 0.0650148, -1.09683, 0.0543512
241.706, 1.12945, -9801.47, 1.1854, -9801.63, 1.25582, -9804.28, -0.0013761, -0.00137601, -0.00137598, 0.04, -1.49181e+35, 0.0650155, -1.09686, 0.0541567
241.756, 1.12941, -9802.98, 1.18535, -9803.14, 1.25577, -9805.78, -0.00141664, -0.00141666, -0.00141663, 0.04, -1.49181e+35, 0.0650136, -1.09678, 0.0539677
241.806, 1.12942, -9804.51, 1.18536, -9804.67, 1.25578, -9807.31, -0.00141657, -0.0014166, -0.00141655, 0.04, -1.49181e+35, 0.0650142, -1.0968, 0.0537841
241.857, 1.12943, -9806.07, 1.18538, -9806.23, 1.2558, -9808.87, -0.00145706, -0.00145701, -0.001457, 0.04, -1.49181e+35, 0.0650147, -1.09682, 0.0536058
241.907, 1.12945, -9807.64, 1.18539, -9807.8, 1.25581, -9810.45, -0.00145701, -0.00145699, -0.00145696, 0.04, -1.49181e+35, 0.0650154, -1.09685, 0.0534327
241.957, 1.12941, -9809.26, 1.18535, -9809.42, 1.25577, -9812.06, -0.00150104, -0.00150108, -0.00150119, 0.04, -1.49181e+35, 0.0650135, -1.09677, 0.0532648
242.001, 1.1294, -9810.66, 1.18534, -9810.82, 1.25576, -9813.46, -0.00153149, -0.00153165, -0.00153198, 0.04, -1.49181e+35, 0.0650134, -1.09676, 0.0531245
242.001, 1.1294, -9810.66, 1.18534, -9810.82, 1.25576, -9813.46, -0.00153149, -0.00153165, -0.00153198, 0.04, -1.49181e+35, 0.0650136, -1.09676, 0.0531235
242.051, 1.12941, -9812.32, 1.18535, -9812.48, 1.25578, -9815.12, -0.00153809, -0.0015381, -0.00153813, 0.04, -1.49181e+35, 0.0650138, -1.09678, 0.0529659
242.101, 1.12943, -9814, 1.18537, -9814.16, 1.25579, -9816.8, -0.00157847, -0.00157841, -0.00157836, 0.04, -1.49181e+35, 0.0650143, -1.09681, 0.0528123
242.152, 1.12944, -9815.71, 1.18538, -9815.87, 1.2558, -9818.51, -0.00157846, -0.0015784, -0.00157835, 0.04, -1.49181e+35, 0.065015, -1.09683, 0.0526635
242.202, 1.12945, -9817.45, 1.1854, -9817.61, 1.25582, -9820.25, -0.00161889, -0.00161889, -0.00161879, 0.04, -1.49181e+35, 0.0650157, -1.09686, 0.0525195
242.253, 1.12941, -9819.21, 1.18535, -9819.37, 1.25577, -9822.02, -0.00165901, -0.00165905, -0.00165912, 0.04, -1.49181e+35, 0.0650136, -1.09678, 0.0523803
242.303, 1.12942, -9821, 1.18536, -9821.17, 1.25579, -9823.81, -0.00165945, -0.00165946, -0.00165942, 0.04, -1.49181e+35, 0.0650141, -1.0968, 0.0522456
242.353, 1.12944, -9822.83, 1.18538, -9822.99, 1.2558, -9825.63, -0.00169987, -0.00169981, -0.0016998, 0.04, -1.49181e+35, 0.0650146, -1.09683, 0.0521156
242.404, 1.12945, -9824.68, 1.18539, -9824.84, 1.25582, -9827.48, -0.00173864, -0.00173862, -0.00173852, 0.04, -1.49181e+35, 0.0650154, -1.09686, 0.05199
242.454, 1.12941, -9826.56, 1.18535, -9826.72, 1.25577, -9829.36, -0.00174064, -0.00174068, -0.00174074, 0.04, -1.49181e+35, 0.0650135, -1.09677, 0.0518689
242.504, 1.12942, -9828.47, 1.18536, -9828.63, 1.25578, -9831.27, -0.00178085, -0.00178088, -0.00178082, 0.04, -1.49181e+35, 0.065014, -1.09679, 0.0517523
242.555, 1.12943, -9830.4, 1.18537, -9830.56, 1.2558, -9833.21, -0.00181904, -0.00181899, -0.00181896, 0.04, -1.49181e+35, 0.0650147, -1.09682, 0.0516399
242.605, 1.12945, -9832.37, 1.18539, -9832.53, 1.25581, -9835.17, -0.00182129, -0.00182126, -0.00182127, 0.04, -1.49181e+35, 0.0650151, -1.09685, 0.0515318
242.655, 1.1294, -9834.37, 1.18534, -9834.53, 1.25577, -9837.17, -0.00186211, -0.00186215, -0.00186223, 0.04, -1.49181e+35, 0.0650137, -1.09677, 0.051428
242.706, 1.12942, -9836.39, 1.18536, -9836.55, 1.25578, -9839.2, -0.00190101, -0.00190111, -0.00190105, 0.04, -1.49181e+35, 0.0650131, -1.09679, 0.0513283
242.756, 1.12943, -9838.45, 1.18537, -9838.61, 1.25579, -9841.25, -0.00190232, -0.00190231, -0.00190225, 0.04, -1.49181e+35, 0.0650145, -1.09681, 0.0512327
242.806, 1.12944, -9840.54, 1.18538, -9840.7, 1.25581, -9843.34, -0.00194275, -0.00194271, -0.00194258, 0.04, -1.49181e+35, 0.0650147, -1.09684, 0.0511412
242.857, 1.12938, -9842.65, 1.18532, -9842.81, 1.25574, -9845.46, -0.0019829, -0.0019829, -0.00198284, 0.04, -1.49181e+35, 0.0650122, -1.09671, 0.0510537
242.907, 1.12941, -9844.79, 1.18535, -9844.95, 1.25577, -9847.6, -0.00198322, -0.00198336, -0.00198329, 0.04, -1.49181e+35, 0.0650136, -1.09678, 0.0509701
242.957, 1.12942, -9846.97, 1.18536, -9847.13, 1.25579, -9849.78, -0.00202371, -0.00202364, -0.00202361, 0.04, -1.49181e+35, 0.0650145, -1.0968, 0.0508904
243.001, 1.12942, -9848.87, 1.18536, -9849.03, 1.25578, -9851.67, -0.00206363, -0.00206359, -0.00206367, 0.04, -1.49181e+35, 0.0650139, -1.0968, 0.050825
243.001, 1.12942, -9848.87, 1.18536, -9849.03, 1.25578, -9851.67, -0.00206363, -0.00206359, -0.00206367, 0.04, -1.49181e+35, 0.0650139, -1.0968, 0.0508243
243.051, 1.12943, -9851.1, 1.18537, -9851.26, 1.2558, -9853.9, -0.00206411, -0.00206406, -0.00206404, 0.04, -1.49181e+35, 0.0650144, -1.09682, 0.0507525
243.101, 1.12945, -9853.37, 1.18539, -9853.53, 1.25581, -9856.17, -0.00210451, -0.00210451, -0.00210457, 0.04, -1.49181e+35, 0.0650155, -1.09685, 0.0506837
243.152, 1.12941, -9855.66, 1.18535, -9855.82, 1.25577, -9858.47, -0.00214536, -0.00214536, -0.00214551, 0.04, -1.49181e+35, 0.0650131, -1.09677, 0.0506186
243.202, 1.12942, -9857.98, 1.18536, -9858.14, 1.25578, -9860.79, -0.00215524, -0.0021552, -0.00215531, 0.04, -1.49181e+35, 0.0650141, -1.09679, 0.0505571
243.253, 1.12943, -9860.34, 1.18537, -9860.5, 1.25579, -9863.15, -0.00218549, -0.00218562, -0.00218558, 0.04, -1.49181e+35, 0.0650139, -1.09681, 0.0504993
243.303, 1.12944, -9862.73, 1.18539, -9862.89, 1.25581, -9865.53, -0.00222594, -0.00222607, -0.0022259, 0.04, -1.49181e+35, 0.065015, -1.09684, 0.050445
243.353, 1.1294, -9865.14, 1.18534, -9865.3, 1.25576, -9867.95, -0.00226416, -0.0022643, -0.00226472, 0.04, -1.49181e+35, 0.0650129, -1.09676, 0.0503943
243.404, 1.12941, -9867.59, 1.18535, -9867.75, 1.25578, -9870.39, -0.00226657, -0.00226665, -0.00226662, 0.04, -1.49181e+35, 0.0650132, -1.09678, 0.0503469
243.454, 1.12943, -9870.07, 1.18537, -9870.23, 1.25579, -9872.88, -0.00231277, -0.00231272, -0.0023127, 0.04, -1.49181e+35, 0.0650144, -1.09681, 0.050303
243.504, 1.12944, -9872.58, 1.18538, -9872.74, 1.2558, -9875.38, -0.00234719, -0.00234716, -0.00234715, 0.04, -1.49181e+35, 0.065015, -1.09683, 0.0502625
243.555, 1.12945, -9875.12, 1.1854, -9875.28, 1.25582, -9877.92, -0.00234745, -0.00234746, -0.0023474, 0.04, -1.49181e+35, 0.065016, -1.09686, 0.0502253
243.605, 1.12941, -9877.69, 1.18535, -9877.85, 1.25577, -9880.5, -0.00238876, -0.00238873, -0.00238867, 0.04, -1.49181e+35, 0.0650133, -1.09678, 0.0501913
243.655, 1.12942, -9880.29, 1.18536, -9880.46, 1.25578, -9883.1, -0.00242845, -0.00242839, -0.00242836, 0.04, -1.49181e+35, 0.0650138, -1.0968, 0.0501606
243.706, 1.12944, -9882.92, 1.18538, -9883.08, 1.2558, -9885.73, -0.00245608, -0.00245607, -0.00245606, 0.04, -1.49181e+35, 0.0650145, -1.09682, 0.050133
243.756, 1.12945, -9885.59, 1.18539, -9885.75, 1.25582, -9888.39, -0.00246893, -0.00246894, -0.00246881, 0.04, -1.49181e+35, 0.0650155, -1.09686, 0.0501086
243.806, 1.12941, -9888.29, 1.18535, -9888.45, 1.25577, -9891.09, -0.00250963, -0.00250959, -0.00250975, 0.04, -1.49181e+35, 0.0650135, -1.09677, 0.0500872
243.857, 1.12942, -9891.01, 1.18536, -9891.17, 1.25578, -9893.81, -0.00254823, -0.00254811, -0.00254825, 0.04, -1.49181e+35, 0.0650141, -1.09679, 0.0500689
243.907, 1.12943, -9893.76, 1.18537, -9893.92, 1.2558, -9896.57, -0.00254983, -0.00254977, -0.00254975, 0.04, -1.49181e+35, 0.0650145, -1.09682, 0.0500535
243.958, 1.12945, -9896.55, 1.18539, -9896.71, 1.25581, -9899.35, -0.00259022, -0.00259021, -0.00259027, 0.04, -1.49181e+35, 0.0650151, -1.09685, 0.0500411
244.001, 1.12944, -9898.96, 1.18538, -9899.12, 1.25581, -9901.77, -0.0026278, -0.00262777, -0.00262768, 0.04, -1.49181e+35, 0.0650149, -1.09684, 0.0500328
244.001, 1.12944, -9898.96, 1.18538, -9899.12, 1.25581, -9901.77, -0.0026278, -0.00262777, -0.00262768, 0.04, -1.49181e+35, 0.0650152, -1.09684, 0.0500323
244.051, 1.12938, -9901.81, 1.18532, -9901.97, 1.25573, -9904.61, -0.00263086, -0.0026307, -0.0026308, 0.04, -1.49181e+35, 0.0650119, -1.09671, 0.0500257
244.102, 1.12941, -9904.68, 1.18535, -9904.84, 1.25577, -9907.49, -0.00267141, -0.00267148, -0.00267148, 0.04, -1.49181e+35, 0.0650136, -1.09678, 0.0500214
244.152, 1.12942, -9907.58, 1.18537, -9907.74, 1.25579, -9910.38, -0.00271073, -0.00271086, -0.00271084, 0.04, -1.49181e+35, 0.0650141, -1.0968, 0.0500199
244.202, 1.12944, -9910.51, 1.18538, -9910.67, 1.2558, -9913.31, -0.00271181, -0.00271177, -0.00271163, 0.04, -1.49181e+35, 0.0650147, -1.09683, 0.0500211
244.253, 1.12945, -9913.47, 1.18539, -9913.63, 1.25582, -9916.28, -0.00275224, -0.00275223, -0.00275214, 0.04, -1.49181e+35, 0.0650155, -1.09686, 0.050025
244.303, 1.12941, -9916.46, 1.18535, -9916.62, 1.25577, -9919.26, -0.00279247, -0.0027926, -0.00279263, 0.04, -1.49181e+35, 0.0650136, -1.09677, 0.0500315
244.353, 1.12942, -9919.48, 1.18536, -9919.64, 1.25578, -9922.28, -0.00279279, -0.00279271, -0.0027927, 0.04, -1.49181e+35, 0.0650135, -1.09679, 0.0500406
244.404, 1.12943, -9922.53, 1.18537, -9922.69, 1.2558, -9925.33, -0.0028332, -0.00283315, -0.00283316, 0.04, -1.49181e+35, 0.0650144, -1.09682, 0.0500522
244.454, 1.12945, -9925.6, 1.18539, -9925.76, 1.25581, -9928.41, -0.00287323, -0.00287322, -0.0028731, 0.04, -1.49181e+35, 0.065015, -1.09685, 0.0500663
244.504, 1.12941, -9928.71, 1.18535, -9928.87, 1.25577, -9931.51, -0.00287407, -0.00287402, -0.00287424, 0.04, -1.49181e+35, 0.0650136, -1.09677, 0.0500828
244.555, 1.12942, -9931.85, 1.18536, -9932.01, 1.25578, -9934.65, -0.00291422, -0.00291417, -0.00291426, 0.04, -1.49181e+35, 0.0650138, -1.09679, 0.0501017
244.605, 1.12943, -9935.01, 1.18537, -9935.17, 1.25579, -9937.81, -0.00295364, -0.00295356, -0.00295356, 0.04, -1.49181e+35, 0.0650149, -1.09681, 0.0501229
244.655, 1.12944, -9938.2, 1.18538, -9938.36, 1.25581, -9941, -0.00295459, -0.00295454, -0.00295457, 0.04, -1.49181e+35, 0.0650144, -1.09684, 0.0501465
244.706, 1.12938, -9941.42, 1.18532, -9941.58, 1.25574, -9944.23, -0.00299498, -0.00299501, -0.00299493, 0.04, -1.49181e+35, 0.0650121, -1.09671, 0.0501723
244.756, 1.12941, -9944.67, 1.18535, -9944.83, 1.25577, -9947.47, -0.00303159, -0.00303167, -0.00303167, 0.04, -1.49181e+35, 0.0650139, -1.09678, 0.0502003
244.806, 1.12943, -9947.95, 1.18537, -9948.11, 1.25579, -9950.75, -0.00303557, -0.00303569, -0.00303569, 0.04, -1.49181e+35, 0.0650136, -1.09681, 0.0502305
244.857, 1.12944, -9951.25, 1.18538, -9951.41, 1.2558, -9954.05, -0.00307592, -0.00307605, -0.00307594, 0.04, -1.49181e+35, 0.0650151, -1.09683, 0.0502628
244.907, 1.12945, -9954.57, 1.1854, -9954.73, 1.25582, -9957.38, -0.0030759, -0.0030759, -0.00307585, 0.04, -1.49181e+35, 0.065015, -1.09686, 0.0502972
244.958, 1.12941, -9957.94, 1.18535, -9958.1, 1.25577, -9960.74, -0.00311803, -0.00311794, -0.00311812, 0.04, -1.49181e+35, 0.0650134, -1.09678, 0.0503336
245.001, 1.12941, -9960.84, 1.18535, -9961, 1.25577, -9963.65, -0.00315514, -0.0031551, -0.00315515, 0.04, -1.49181e+35, 0.0650132, -1.09677, 0.0503665
245.001, 1.12941, -9960.84, 1.18535, -9961, 1.25577, -9963.65, -0.00315514, -0.0031551, -0.00315515, 0.04, -1.49181e+35, 0.0650136, -1.09677, 0.0503664
245.051, 1.12942, -9964.25, 1.18536, -9964.41, 1.25578, -9967.06, -0.00315707, -0.003157, -0.00315705, 0.04, -1.49181e+35, 0.0650134, -1.09679, 0.0504066
245.102, 1.12943, -9967.69, 1.18537, -9967.85, 1.25579, -9970.49, -0.00319745, -0.00319747, -0.00319741, 0.04, -1.49181e+35, 0.0650144, -1.09682, 0.0504486
245.152, 1.12944, -9971.14, 1.18539, -9971.3, 1.25581, -9973.95, -0.00319749, -0.00319739, -0.00319736, 0.04, -1.49181e+35, 0.0650151, -1.09684, 0.0504924
245.202, 1.1294, -9974.64, 1.18534, -9974.8, 1.25576, -9977.44, -0.00323865, -0.00323883, -0.00323909, 0.04, -1.49181e+35, 0.0650134, -1.09676, 0.0505381
245.253, 1.12941, -9978.14, 1.18535, -9978.3, 1.25578, -9980.95, -0.00327625, -0.00327626, -0.00327623, 0.04, -1.49181e+35, 0.0650138, -1.09679, 0.0505855
245.303, 1.12943, -9981.68, 1.18537, -9981.84, 1.25579, -9984.49, -0.0032785, -0.00327853, -0.00327851, 0.04, -1.49181e+35, 0.0650141, -1.09681, 0.0506347
245.353, 1.12944, -9985.25, 1.18538, -9985.41, 1.25581, -9988.05, -0.00331884, -0.00331882, -0.00331875, 0.04, -1.49181e+35, 0.0650148, -1.09684, 0.0506856
245.404, 1.12938, -9988.83, 1.18531, -9988.99, 1.25573, -9991.64, -0.00331887, -0.00331886, -0.00331881, 0.04, -1.49181e+35, 0.0650118, -1.09671, 0.0507381
245.454, 1.12941, -9992.45, 1.18535, -9992.61, 1.25577, -9995.25, -0.00335946, -0.0033595, -0.00335955, 0.04, -1.49181e+35, 0.0650134, -1.09678, 0.0507922
245.504, 1.12942, -9996.08, 1.18536, -9996.24, 1.25579, -9998.88, -0.00335941, -0.00335935, -0.00335932, 0.04, -1.49181e+35, 0.0650138, -1.0968, 0.0508478
245.555, 1.12944, -9999.75, 1.18538, -9999.91, 1.2558, -10002.6, -0.0033998, -0.00339985, -0.0033998, 0.04, -1.49181e+35, 0.0650146, -1.09683, 0.050905
245.605, 1.12945, -10003.4, 1.18539, -10003.6, 1.25582, -10006.2, -0.00343065, -0.00343064, -0.00343065, 0.04, -1.49181e+35, 0.065015, -1.09686, 0.0509637
245.655, 1.12941, -10007.1, 1.18535, -10007.3, 1.25577, -10009.9, -0.00344161, -0.00344163, -0.00344165, 0.04, -1.49181e+35, 0.0650133, -1.09677, 0.0510237
245.706, 1.12942, -10010.9, 1.18536, -10011, 1.25578, -10013.7, -0.00347953, -0.00347957, -0.00347957, 0.04, -1.49181e+35, 0.0650144, -1.09679, 0.0510852
245.756, 1.12943, -10014.6, 1.18537, -10014.8, 1.2558, -10017.4, -0.00348081, -0.00348076, -0.00348071, 0.04, -1.49181e+35, 0.0650145, -1.09682, 0.0511481
245.807, 1.12945, -10018.4, 1.18539, -10018.6, 1.25581, -10021.2, -0.00352095, -0.00352093, -0.00352092, 0.04, -1.49181e+35, 0.0650155, -1.09685, 0.0512122
245.857, 1.12941, -10022.2, 1.18535, -10022.4, 1.25577, -10025, -0.00352171, -0.00352175, -0.00352182, 0.04, -1.49181e+35, 0.065013, -1.09677, 0.0512776
245.907, 1.12942, -10026, 1.18536, -10026.2, 1.25578, -10028.8, -0.00356162, -0.00356165, -0.00356163, 0.04, -1.49181e+35, 0.0650138, -1.09679, 0.0513443
245.958, 1.12943, -10029.9, 1.18537, -10030, 1.25579, -10032.7, -0.00356175, -0.00356175, -0.00356172, 0.04, -1.49181e+35, 0.0650144, -1.09681, 0.0514121
246.001, 1.12943, -10033.2, 1.18537, -10033.4, 1.25579, -10036, -0.00360127, -0.00360126, -0.00360125, 0.04, -1.49181e+35, 0.0650141, -1.0968, 0.0514714
246.001, 1.12943, -10033.2, 1.18537, -10033.4, 1.25579, -10036, -0.00360127, -0.00360126, -0.00360125, 0.04, -1.49181e+35, 0.0650148, -1.09681, 0.0514715
246.051, 1.12944, -10037.1, 1.18538, -10037.2, 1.2558, -10039.9, -0.00360276, -0.00360277, -0.00360271, 0.04, -1.49181e+35, 0.0650143, -1.09683, 0.0515413
246.102, 1.12945, -10041, 1.1854, -10041.1, 1.25582, -10043.8, -0.00364033, -0.00364032, -0.0036403, 0.04, -1.49181e+35, 0.0650153, -1.09686, 0.0516123
246.152, 1.12941, -10044.9, 1.18535, -10045.1, 1.25577, -10047.7, -0.00364284, -0.00364287, -0.00364292, 0.04, -1.49181e+35, 0.065013, -1.09677, 0.0516844
246.202, 1.12942, -10048.9, 1.18536, -10049, 1.25578, -10051.7, -0.00367045, -0.00367044, -0.00367039, 0.04, -1.49181e+35, 0.0650138, -1.0968, 0.0517575
246.253, 1.12943, -10052.8, 1.18538, -10053, 1.2558, -10055.6, -0.00368321, -0.00368316, -0.00368316, 0.04, -1.49181e+35, 0.0650137, -1.09682, 0.0518315
246.303, 1.12945, -10056.8, 1.18539, -10057, 1.25581, -10059.6, -0.00368314, -0.00368313, -0.00368308, 0.04, -1.49181e+35, 0.0650152, -1.09685, 0.0519064
246.353, 1.12941, -10060.8, 1.18535, -10061, 1.25577, -10063.6, -0.00372397, -0.00372404, -0.00372412, 0.04, -1.49181e+35, 0.0650133, -1.09677, 0.0519822
246.404, 1.12942, -10064.9, 1.18536, -10065, 1.25578, -10067.7, -0.0037237, -0.00372369, -0.00372368, 0.04, -1.49181e+35, 0.0650135, -1.09679, 0.0520589
246.454, 1.12943, -10068.9, 1.18537, -10069.1, 1.25579, -10071.7, -0.00376412, -0.0037641, -0.00376406, 0.04, -1.49181e+35, 0.0650142, -1.09681, 0.0521364
246.504, 1.12944, -10073, 1.18539, -10073.1, 1.25581, -10075.8, -0.0037641, -0.00376409, -0.00376404, 0.04, -1.49181e+35, 0.0650148, -1.09684, 0.0522146
246.555, 1.1294, -10077.1, 1.18534, -10077.2, 1.25576, -10079.9, -0.00380461, -0.00380475, -0.00380505, 0.04, -1.49181e+35, 0.065013, -1.09676, 0.0522936
246.605, 1.12941, -10081.2, 1.18536, -10081.3, 1.25578, -10084, -0.00380469, -0.0038047, -0.0038047, 0.04, -1.49181e+35, 0.0650135, -1.09678, 0.0523733
246.655, 1.12943, -10085.3, 1.18537, -10085.4, 1.25579, -10088.1, -0.00380461, -0.00380459, -0.00380458, 0.04, -1.49181e+35, 0.065014, -1.09681, 0.0524537
246.706, 1.12944, -10089.4, 1.18538, -10089.6, 1.2558, -10092.2, -0.00384505, -0.00384503, -0.003845, 0.04, -1.49181e+35, 0.0650146, -1.09683, 0.0525347
246.756, 1.12946, -10093.6, 1.1854, -10093.7, 1.25582, -10096.4, -0.00384501, -0.00384501, -0.00384495, 0.04, -1.49181e+35, 0.0650153, -1.09686, 0.0526163
246.807, 1.12941, -10097.7, 1.18535, -10097.9, 1.25577, -10100.5, -0.00388512, -0.00388513, -0.00388517, 0.04, -1.49181e+35, 0.0650133, -1.09678, 0.0526985
246.857, 1.12942, -10101.9, 1.18536, -10102.1, 1.25579, -10104.7, -0.00388558, -0.00388554, -0.00388551, 0.04, -1.49181e+35, 0.0650135, -1.0968, 0.0527812
246.907, 1.12944, -10106.1, 1.18538, -10106.3, 1.2558, -10108.9, -0.00388552, -0.00388553, -0.00388552, 0.04, -1.49181e+35, 0.0650142, -1.09683, 0.0528644
246.958, 1.12945, -10110.4, 1.18539, -10110.5, 1.25582, -10113.2, -0.00392601, -0.00392596, -0.00392592, 0.04, -1.49181e+35, 0.0650153, -1.09686, 0.0529481
247.001, 1.12945, -10114, 1.18539, -10114.2, 1.25581, -10116.8, -0.00392922, -0.00392919, -0.00392914, 0.04, -1.49181e+35, 0.065015, -1.09684, 0.0530203
247.001, 1.12945, -10114, 1.18539, -10114.2, 1.25581, -10116.8, -0.00392922, -0.00392919, -0.00392914, 0.04, -1.49181e+35, 0.0650154, -1.09684, 0.0530206
247.051, 1.1294, -10118.2, 1.18534, -10118.4, 1.25577, -10121, -0.00392671, -0.00392687, -0.00392715, 0.04, -1.49181e+35, 0.0650132, -1.09677, 0.0531048
247.102, 1.12941, -10122.5, 1.18536, -10122.7, 1.25578, -10125.3, -0.00396654, -0.00396657, -0.00396657, 0.04, -1.49181e+35, 0.0650131, -1.09679, 0.0531896
247.152, 1.12943, -10126.8, 1.18537, -10127, 1.25579, -10129.6, -0.00396648, -0.00396647, -0.00396643, 0.04, -1.49181e+35, 0.0650143, -1.09681, 0.0532747
247.202, 1.12944, -10131.1, 1.18538, -10131.2, 1.25581, -10133.9, -0.00396645, -0.00396646, -0.0039664, 0.04, -1.49181e+35, 0.0650144, -1.09684, 0.0533601
247.253, 1.12938, -10135.4, 1.18532, -10135.6, 1.25573, -10138.2, -0.00400695, -0.00400691, -0.00400687, 0.04, -1.49181e+35, 0.0650114, -1.09671, 0.0534459
247.303, 1.12941, -10139.7, 1.18535, -10139.9, 1.25577, -10142.5, -0.00400952, -0.00400954, -0.00400951, 0.04, -1.49181e+35, 0.0650134, -1.09678, 0.0535318
247.353, 1.12942, -10144, 1.18537, -10144.2, 1.25579, -10146.9, -0.00400697, -0.00400698, -0.00400698, 0.04, -1.49181e+35, 0.0650135, -1.0968, 0.053618
247.404, 1.12944, -10148.4, 1.18538, -10148.6, 1.2558, -10151.2, -0.00404741, -0.00404737, -0.00404731, 0.04, -1.49181e+35, 0.0650143, -1.09683, 0.0537044
247.454, 1.12945, -10152.8, 1.18539, -10152.9, 1.25582, -10155.6, -0.00404741, -0.00404741, -0.00404733, 0.04, -1.49181e+35, 0.0650155, -1.09686, 0.0537909
247.504, 1.12941, -10157.1, 1.18535, -10157.3, 1.25577, -10159.9, -0.00404758, -0.00404761, -0.00404772, 0.04, -1.49181e+35, 0.0650133, -1.09677, 0.0538776
247.555, 1.12942, -10161.5, 1.18536, -10161.7, 1.25578, -10164.3, -0.00406519, -0.00406513, -0.00406511, 0.04, -1.49181e+35, 0.0650138, -1.0968, 0.0539643
247.605, 1.12943, -10165.9, 1.18538, -10166.1, 1.2558, -10168.7, -0.00408788, -0.00408793, -0.00408788, 0.04, -1.49181e+35, 0.0650144, -1.09682, 0.0540511
247.656, 1.12945, -10170.3, 1.18539, -10170.5, 1.25581, -10173.2, -0.00408868, -0.00408859, -0.00408858, 0.04, -1.49181e+35, 0.065015, -1.09685, 0.054138
247.706, 1.12941, -10174.8, 1.18535, -10174.9, 1.25577, -10177.6, -0.00408826, -0.0040883, -0.00408836, 0.04, -1.49181e+35, 0.0650131, -1.09677, 0.0542249
247.756, 1.12942, -10179.2, 1.18536, -10179.3, 1.25578, -10182, -0.00412748, -0.00412753, -0.00412748, 0.04, -1.49181e+35, 0.0650135, -1.09679, 0.0543118
247.807, 1.12943, -10183.6, 1.18537, -10183.8, 1.25579, -10186.5, -0.00412841, -0.00412835, -0.00412837, 0.04, -1.49181e+35, 0.0650143, -1.09681, 0.0543986
247.857, 1.12944, -10188.1, 1.18539, -10188.3, 1.25581, -10190.9, -0.00412837, -0.00412835, -0.0041283, 0.04, -1.49181e+35, 0.0650149, -1.09684, 0.0544854
247.907, 1.1294, -10192.6, 1.18534, -10192.7, 1.25576, -10195.4, -0.00412913, -0.0041293, -0.00412956, 0.04, -1.49181e+35, 0.0650127, -1.09676, 0.0545721
247.958, 1.12941, -10197, 1.18535, -10197.2, 1.25578, -10199.8, -0.00415618, -0.00415612, -0.00415614, 0.04, -1.49181e+35, 0.0650131, -1.09678, 0.0546587
248.001, 1.12941, -10200.9, 1.18535, -10201.1, 1.25577, -10203.7, -0.00416905, -0.00416912, -0.00416914, 0.04, -1.49181e+35, 0.0650136, -1.09678, 0.054733
248.001, 1.12941, -10200.9, 1.18535, -10201.1, 1.25577, -10203.7, -0.00416905, -0.00416912, -0.00416914, 0.04, -1.49181e+35, 0.065014, -1.09678, 0.0547334
248.051, 1.12942, -10205.4, 1.18536, -10205.6, 1.25578, -10208.2, -0.00416881, -0.00416894, -0.00416893, 0.04, -1.49181e+35, 0.0650141, -1.0968, 0.0548193
248.102, 1.12943, -10209.9, 1.18538, -10210.1, 1.2558, -10212.7, -0.0041689, -0.0041689, -0.00416889, 0.04, -1.49181e+35, 0.0650146, -1.09682, 0.0549055
248.152, 1.12945, -10214.4, 1.18539, -10214.6, 1.25582, -10217.2, -0.0041689, -0.00416888, -0.00416878, 0.04, -1.49181e+35, 0.0650153, -1.09685, 0.0549914
248.202, 1.12941, -10218.9, 1.18535, -10219.1, 1.25577, -10221.7, -0.00420411, -0.00420423, -0.00420424, 0.04, -1.49181e+35, 0.0650132, -1.09677, 0.0550771
248.253, 1.12942, -10223.5, 1.18536, -10223.6, 1.25578, -10226.3, -0.0042093, -0.00420943, -0.0042094, 0.04, -1.49181e+35, 0.0650138, -1.09679, 0.0551626
248.303, 1.12943, -10228, 1.18537, -10228.2, 1.25579, -10230.8, -0.00420938, -0.00420932, -0.00420919, 0.04, -1.49181e+35, 0.0650142, -1.09682, 0.0552477
248.353, 1.12945, -10232.6, 1.18539, -10232.7, 1.25581, -10235.4, -0.00420934, -0.00420932, -0.0042092, 0.04, -1.49181e+35, 0.0650146, -1.09685, 0.0553326
248.404, 1.1294, -10237.1, 1.18534, -10237.3, 1.25576, -10239.9, -0.0042101, -0.00421026, -0.00421054, 0.04, -1.49181e+35, 0.0650129, -1.09676, 0.0554172
248.454, 1.12942, -10241.6, 1.18536, -10241.8, 1.25578, -10244.5, -0.00420949, -0.00420943, -0.00420942, 0.04, -1.49181e+35, 0.0650136, -1.09679, 0.0555014
248.504, 1.12943, -10246.2, 1.18537, -10246.4, 1.25579, -10249, -0.00424977, -0.00424966, -0.0042497, 0.04, -1.49181e+35, 0.0650138, -1.09681, 0.0555853
248.555, 1.12944, -10250.8, 1.18538, -10251, 1.25581, -10253.6, -0.00424976, -0.00424975, -0.0042498, 0.04, -1.49181e+35, 0.0650146, -1.09684, 0.0556688
248.605, 1.12938, -10255.4, 1.18532, -10255.6, 1.25573, -10258.2, -0.00424971, -0.00424974, -0.00424967, 0.04, -1.49181e+35, 0.0650117, -1.09671, 0.055752
248.656, 1.12941, -10260, 1.18535, -10260.1, 1.25577, -10262.8, -0.00425757, -0.00425782, -0.00425753, 0.04, -1.49181e+35, 0.0650133, -1.09678, 0.0558347
248.706, 1.12942, -10264.6, 1.18536, -10264.7, 1.25579, -10267.4, -0.00424985, -0.00424979, -0.00424979, 0.04, -1.49181e+35, 0.0650138, -1.0968, 0.055917
248.756, 1.12944, -10269.2, 1.18538, -10269.3, 1.2558, -10272, -0.0042498, -0.00424971, -0.00424978, 0.04, -1.49181e+35, 0.0650144, -1.09683, 0.0559988
248.807, 1.12945, -10273.8, 1.18539, -10273.9, 1.25582, -10276.6, -0.00424975, -0.00424974, -0.00424966, 0.04, -1.49181e+35, 0.0650152, -1.09686, 0.0560801
248.857, 1.12941, -10278.3, 1.18535, -10278.5, 1.25577, -10281.2, -0.00427342, -0.00427336, -0.00427351, 0.04, -1.49181e+35, 0.065013, -1.09677, 0.056161
248.907, 1.12942, -10283, 1.18536, -10283.1, 1.25578, -10285.8, -0.00429024, -0.00429039, -0.00429037, 0.04, -1.49181e+35, 0.0650136, -1.09679, 0.0562414
248.958, 1.12943, -10287.6, 1.18537, -10287.8, 1.2558, -10290.4, -0.0042902, -0.00429034, -0.00429022, 0.04, -1.49181e+35, 0.0650145, -1.09682, 0.0563213
249.001, 1.12943, -10291.6, 1.18537, -10291.8, 1.25579, -10294.4, -0.00429035, -0.00429033, -0.00429031, 0.04, -1.49181e+35, 0.0650141, -1.09681, 0.0563895
249.001, 1.12943, -10291.6, 1.18537, -10291.8, 1.25579, -10294.4, -0.00429035, -0.00429033, -0.00429031, 0.04, -1.49181e+35, 0.0650146, -1.09681, 0.0563899
249.051, 1.12944, -10296.2, 1.18538, -10296.4, 1.25581, -10299, -0.0042903, -0.00429026, -0.00429014, 0.04, -1.49181e+35, 0.0650145, -1.09684, 0.0564684
249.102, 1.12938, -10300.9, 1.18532, -10301, 1.25574, -10303.7, -0.00429029, -0.0042903, -0.00429023, 0.04, -1.49181e+35, 0.0650121, -1.09671, 0.0565467
249.152, 1.12941, -10305.5, 1.18535, -10305.7, 1.25577, -10308.3, -0.00429043, -0.00429041, -0.00429036, 0.04, -1.49181e+35, 0.0650127, -1.09678, 0.0566244
249.202, 1.12942, -10310.1, 1.18537, -10310.3, 1.25579, -10312.9, -0.00429034, -0.00429022, -0.00429021, 0.04, -1.49181e+35, 0.0650142, -1.0968, 0.0567015
249.253, 1.12944, -10314.8, 1.18538, -10314.9, 1.2558, -10317.6, -0.00429028, -0.00429026, -0.00429026, 0.04, -1.49181e+35, 0.0650144, -1.09683, 0.0567781
249.303, 1.12945, -10319.4, 1.1854, -10319.6, 1.25582, -10322.2, -0.00429026, -0.00429026, -0.00429016, 0.04, -1.49181e+35, 0.0650153, -1.09686, 0.056854
249.353, 1.12941, -10324, 1.18535, -10324.2, 1.25577, -10326.8, -0.0042905, -0.00429052, -0.00429045, 0.04, -1.49181e+35, 0.0650136, -1.09678, 0.0569292
249.404, 1.12942, -10328.7, 1.18536, -10328.8, 1.25578, -10331.5, -0.00429032, -0.00429034, -0.00429034, 0.04, -1.49181e+35, 0.065014, -1.0968, 0.0570039
249.454, 1.12944, -10333.3, 1.18538, -10333.5, 1.2558, -10336.1, -0.00429024, -0.0042903, -0.00429025, 0.04, -1.49181e+35, 0.0650143, -1.09682, 0.0570778
249.505, 1.12945, -10337.9, 1.18539, -10338.1, 1.25582, -10340.8, -0.00432946, -0.00432946, -0.00432936, 0.04, -1.49181e+35, 0.065015, -1.09685, 0.0571511
249.555, 1.12941, -10342.6, 1.18535, -10342.8, 1.25577, -10345.4, -0.00433101, -0.00433105, -0.00433115, 0.04, -1.49181e+35, 0.0650131, -1.09677, 0.0572238
249.605, 1.12942, -10347.3, 1.18536, -10347.5, 1.25578, -10350.1, -0.00433085, -0.00433079, -0.00433078, 0.04, -1.49181e+35, 0.0650136, -1.09679, 0.0572957
249.656, 1.12943, -10352, 1.18537, -10352.1, 1.25579, -10354.8, -0.00433076, -0.00433073, -0.00433074, 0.04, -1.49181e+35, 0.0650142, -1.09682, 0.0573669
249.706, 1.12945, -10356.7, 1.18539, -10356.8, 1.25581, -10359.5, -0.00433071, -0.00433069, -0.00433069, 0.04, -1.49181e+35, 0.0650148, -1.09684, 0.0574374
249.756, 1.1294, -10361.3, 1.18534, -10361.5, 1.25577, -10364.1, -0.00433148, -0.00433167, -0.00433195, 0.04, -1.49181e+35, 0.0650129, -1.09677, 0.0575072
249.807, 1.12942, -10366, 1.18536, -10366.2, 1.25578, -10368.8, -0.00433088, -0.00433089, -0.00433089, 0.04, -1.49181e+35, 0.0650135, -1.09679, 0.0575763
249.857, 1.12943, -10370.7, 1.18537, -10370.8, 1.25579, -10373.5, -0.0043308, -0.00433076, -0.00433075, 0.04, -1.49181e+35, 0.0650136, -1.09681, 0.0576446
249.907, 1.12944, -10375.4, 1.18538, -10375.5, 1.25581, -10378.2, -0.00433075, -0.00433072, -0.00433069, 0.04, -1.49181e+35, 0.0650149, -1.09683, 0.0577122
249.958, 1.12938, -10380, 1.18531, -10380.2, 1.25573, -10382.8, -0.00433073, -0.00433067, -0.00433066, 0.04, -1.49181e+35, 0.0650115, -1.09671, 0.057779
250, 1.12945, -10384, 1.18539, -10384.1, 1.25581, -10386.8, -0.0043307, -0.00433069, -0.00433065, 0.04, -1.49181e+35, 0.0650147, -1.09685, 0.0578345
250, 1.12945, -10384, 1.18539, -10384.1, 1.25581, -10386.8, -0.0043307, -0.00433069, -0.00433065, 0.04, -1.49181e+35, 0.0650156, -1.09685, 0.0578349
250.05, 1.12941, -10388.7, 1.18535, -10388.8, 1.25577, -10391.5, -0.00433113, -0.00433119, -0.00433131, 0.04, -1.49181e+35, 0.0650131, -1.09677, 0.0578999
250.101, 1.12942, -10393.3, 1.18536, -10393.5, 1.25578, -10396.1, -0.00433084, -0.0043308, -0.00433082, 0.04, -1.49181e+35, 0.0650139, -1.09679, 0.0579645
250.151, 1.12943, -10398, 1.18537, -10398.2, 1.25579, -10400.8, -0.00433074, -0.00433074, -0.0043307, 0.04, -1.49181e+35, 0.0650139, -1.09681, 0.0580283
250.201, 1.12944, -10402.7, 1.18539, -10402.8, 1.25581, -10405.5, -0.00433073, -0.00433073, -0.00433065, 0.04, -1.49181e+35, 0.0650152, -1.09684, 0.0580914
250.252, 1.1294, -10407.4, 1.18534, -10407.5, 1.25576, -10410.2, -0.00433151, -0.00433164, -0.00433195, 0.04, -1.49181e+35, 0.0650131, -1.09676, 0.0581536
250.302, 1.12941, -10412, 1.18535, -10412.2, 1.25578, -10414.8, -0.00433085, -0.00433086, -0.00433086, 0.04, -1.49181e+35, 0.0650138, -1.09678, 0.058215
250.352, 1.12943, -10416.7, 1.18537, -10416.9, 1.25579, -10419.5, -0.0043308, -0.00433078, -0.00433076, 0.04, -1.49181e+35, 0.065014, -1.09681, 0.0582756
250.403, 1.12944, -10421.4, 1.18538, -10421.6, 1.2558, -10424.2, -0.00433075, -0.00433072, -0.00433071, 0.04, -1.49181e+35, 0.0650146, -1.09683, 0.0583354
250.453, 1.12945, -10426.1, 1.1854, -10426.2, 1.25582, -10428.9, -0.00433073, -0.00433072, -0.00433066, 0.04, -1.49181e+35, 0.0650151, -1.09686, 0.0583944
250.504, 1.12941, -10430.7, 1.18535, -10430.9, 1.25577, -10433.6, -0.00433095, -0.00433097, -0.00433101, 0.04, -1.49181e+35, 0.0650133, -1.09678, 0.0584525
250.554, 1.12942, -10435.4, 1.18536, -10435.6, 1.25578, -10438.2, -0.00429032, -0.00429031, -0.00429029, 0.04, -1.49181e+35, 0.0650138, -1.0968, 0.0585098
250.604, 1.12944, -10440, 1.18538, -10440.2, 1.2558, -10442.8, -0.00429028, -0.00429026, -0.00429023, 0.04, -1.49181e+35, 0.0650144, -1.09683, 0.0585663
250.655, 1.12945, -10444.7, 1.18539, -10444.8, 1.25582, -10447.5, -0.00429026, -0.00429025, -0.00429019, 0.04, -1.49181e+35, 0.065015, -1.09686, 0.0586219
250.705, 1.12941, -10449.3, 1.18535, -10449.5, 1.25577, -10452.1, -0.00429054, -0.00429057, -0.00429064, 0.04, -1.49181e+35, 0.0650131, -1.09677, 0.0586767
250.755, 1.12942, -10453.9, 1.18536, -10454.1, 1.25578, -10456.7, -0.00429033, -0.00429035, -0.00429031, 0.04, -1.49181e+35, 0.0650138, -1.09679, 0.0587306
250.806, 1.12943, -10458.6, 1.18537, -10458.7, 1.2558, -10461.4, -0.00429029, -0.00429029, -0.00429025, 0.04, -1.49181e+35, 0.0650139, -1.09682, 0.0587837
250.856, 1.12945, -10463.2, 1.18539, -10463.4, 1.25581, -10466, -0.00429024, -0.00429023, -0.00429018, 0.04, -1.49181e+35, 0.0650147, -1.09684, 0.0588359
250.906, 1.12941, -10467.8, 1.18535, -10468, 1.25577, -10470.6, -0.00429104, -0.00429119, -0.00429146, 0.04, -1.49181e+35, 0.0650131, -1.09677, 0.0588873
250.957, 1.12942, -10472.5, 1.18536, -10472.6, 1.25578, -10475.3, -0.00429036, -0.00429032, -0.00429031, 0.04, -1.49181e+35, 0.0650141, -1.09679, 0.0589378
251, 1.12941, -10476.4, 1.18535, -10476.6, 1.25577, -10479.2, -0.00429041, -0.0042904, -0.00429043, 0.04, -1.49181e+35, 0.065013, -1.09678, 0.0589805
251, 1.12941, -10476.4, 1.18535, -10476.6, 1.25577, -10479.2, -0.00429041, -0.0042904, -0.00429043, 0.04, -1.49181e+35, 0.0650139, -1.09678, 0.0589809
251.05, 1.12942, -10481.1, 1.18536, -10481.2, 1.25579, -10483.9, -0.00429036, -0.0042903, -0.0042903, 0.04, -1.49181e+35, 0.0650134, -1.0968, 0.0590294
251.101, 1.12944, -10485.7, 1.18538, -10485.9, 1.2558, -10488.5, -0.00429027, -0.00429024, -0.00429024, 0.04, -1.49181e+35, 0.0650147, -1.09683, 0.0590775
251.151, 1.12945, -10490.3, 1.18539, -10490.5, 1.25582, -10493.2, -0.0042903, -0.00429028, -0.00429021, 0.04, -1.49181e+35, 0.0650152, -1.09686, 0.0591247
251.201, 1.12941, -10495, 1.18535, -10495.1, 1.25577, -10497.8, -0.00429058, -0.00429062, -0.00429072, 0.04, -1.49181e+35, 0.0650127, -1.09677, 0.059171
251.252, 1.12942, -10499.6, 1.18536, -10499.8, 1.25578, -10502.4, -0.00429029, -0.00429033, -0.00429032, 0.04, -1.49181e+35, 0.0650129, -1.09679, 0.0592165
251.302, 1.12943, -10504.2, 1.18537, -10504.4, 1.2558, -10507, -0.00425053, -0.0042505, -0.00425044, 0.04, -1.49181e+35, 0.0650141, -1.09682, 0.0592611
251.352, 1.12945, -10508.8, 1.18539, -10509, 1.25581, -10511.6, -0.00424979, -0.00424971, -0.00424969, 0.04, -1.49181e+35, 0.0650151, -1.09685, 0.0593049
251.403, 1.12941, -10513.4, 1.18535, -10513.6, 1.25577, -10516.2, -0.00425013, -0.00425019, -0.00425032, 0.04, -1.49181e+35, 0.0650135, -1.09677, 0.0593477
251.453, 1.12942, -10518, 1.18536, -10518.2, 1.25578, -10520.8, -0.0042499, -0.00424985, -0.00424991, 0.04, -1.49181e+35, 0.0650134, -1.09679, 0.0593898
251.504, 1.12943, -10522.6, 1.18537, -10522.8, 1.25579, -10525.4, -0.00424979, -0.00424984, -0.00424975, 0.04, -1.49181e+35, 0.0650141, -1.09681, 0.0594309
251.554, 1.12944, -10527.2, 1.18538, -10527.3, 1.25581, -10530, -0.00424982, -0.00424981, -0.00424969, 0.04, -1.49181e+35, 0.0650147, -1.09684, 0.0594712
251.604, 1.12938, -10531.8, 1.18532, -10531.9, 1.25574, -10534.6, -0.00424981, -0.00424973, -0.00424968, 0.04, -1.49181e+35, 0.0650118, -1.09671, 0.0595107
251.655, 1.12941, -10536.4, 1.18535, -10536.5, 1.25578, -10539.2, -0.00424989, -0.00424993, -0.00424991, 0.04, -1.49181e+35, 0.0650134, -1.09678, 0.0595492
251.705, 1.12943, -10541, 1.18537, -10541.1, 1.25579, -10543.8, -0.00424987, -0.0042498, -0.00424981, 0.04, -1.49181e+35, 0.0650138, -1.09681, 0.059587
251.755, 1.12944, -10545.5, 1.18538, -10545.7, 1.2558, -10548.3, -0.00424978, -0.00424976, -0.00424972, 0.04, -1.49181e+35, 0.0650144, -1.09683, 0.0596239
251.806, 1.12945, -10550.1, 1.1854, -10550.3, 1.25582, -10552.9, -0.00421332, -0.00421333, -0.00421326, 0.04, -1.49181e+35, 0.0650154, -1.09686, 0.0596599
251.856, 1.12941, -10554.7, 1.18535, -10554.8, 1.25577, -10557.5, -0.00420957, -0.00420953, -0.00420964, 0.04, -1.49181e+35, 0.0650131, -1.09678, 0.0596951
251.906, 1.12942, -10559.2, 1.18536, -10559.4, 1.25579, -10562, -0.00420941, -0.00420933, -0.00420932, 0.04, -1.49181e+35, 0.0650138, -1.0968, 0.0597294
251.957, 1.12944, -10563.8, 1.18538, -10563.9, 1.2558, -10566.6, -0.00420931, -0.00420926, -0.00420929, 0.04, -1.49181e+35, 0.0650146, -1.09682, 0.0597629
252, 1.12943, -10567.7, 1.18537, -10567.8, 1.25579, -10570.5, -0.00420939, -0.00420936, -0.00420936, 0.04, -1.49181e+35, 0.0650145, -1.09682, 0.0597911
252, 1.12943, -10567.7, 1.18537, -10567.8, 1.25579, -10570.5, -0.00420939, -0.00420936, -0.00420936, 0.04, -1.49181e+35, 0.065015, -1.09682, 0.0597913
252.05, 1.12944, -10572.2, 1.18539, -10572.4, 1.25581, -10575, -0.00420939, -0.00420934, -0.00420926, 0.04, -1.49181e+35, 0.0650148, -1.09684, 0.059823
252.101, 1.1294, -10576.8, 1.18534, -10576.9, 1.25576, -10579.6, -0.00421015, -0.00421031, -0.00421058, 0.04, -1.49181e+35, 0.0650126, -1.09676, 0.0598541
252.151, 1.12941, -10581.3, 1.18536, -10581.5, 1.25578, -10584.1, -0.00420949, -0.00420947, -0.00420947, 0.04, -1.49181e+35, 0.0650135, -1.09679, 0.0598844
252.201, 1.12943, -10585.9, 1.18537, -10586, 1.25579, -10588.7, -0.00420941, -0.00420933, -0.00420936, 0.04, -1.49181e+35, 0.0650145, -1.09681, 0.0599139
252.252, 1.12944, -10590.4, 1.18538, -10590.5, 1.25581, -10593.2, -0.00416897, -0.00416892, -0.0041688, 0.04, -1.49181e+35, 0.0650147, -1.09684, 0.0599425
252.302, 1.12938, -10594.9, 1.18531, -10595, 1.25573, -10597.7, -0.00416884, -0.00416883, -0.00416879, 0.04, -1.49181e+35, 0.0650122, -1.09671, 0.0599704
252.353, 1.12941, -10599.4, 1.18535, -10599.5, 1.25577, -10602.2, -0.00416903, -0.004169, -0.00416895, 0.04, -1.49181e+35, 0.0650134, -1.09678, 0.0599974
252.403, 1.12942, -10603.9, 1.18536, -10604.1, 1.25579, -10606.7, -0.00416892, -0.00416885, -0.00416887, 0.04, -1.49181e+35, 0.0650139, -1.0968, 0.0600236
252.453, 1.12944, -10608.4, 1.18538, -10608.6, 1.2558, -10611.2, -0.00416879, -0.00416873, -0.0041688, 0.04, -1.49181e+35, 0.0650147, -1.09683, 0.060049
252.504, 1.12945, -10612.9, 1.18539, -10613.1, 1.25582, -10615.7, -0.00416876, -0.00416878, -0.00416869, 0.04, -1.49181e+35, 0.0650151, -1.09686, 0.0600736
252.554, 1.12941, -10617.4, 1.18535, -10617.6, 1.25577, -10620.2, -0.00416912, -0.00416908, -0.0041692, 0.04, -1.49181e+35, 0.0650132, -1.09677, 0.0600975
252.604, 1.12942, -10621.9, 1.18536, -10622.1, 1.25578, -10624.7, -0.00416891, -0.00416886, -0.00416881, 0.04, -1.49181e+35, 0.0650137, -1.09679, 0.0601205
252.655, 1.12943, -10626.4, 1.18537, -10626.5, 1.2558, -10629.2, -0.00412836, -0.0041283, -0.00412833, 0.04, -1.49181e+35, 0.0650143, -1.09682, 0.0601428
252.705, 1.12945, -10630.8, 1.18539, -10631, 1.25581, -10633.6, -0.00412829, -0.00412828, -0.00412838, 0.04, -1.49181e+35, 0.065015, -1.09685, 0.0601643
252.755, 1.12941, -10635.3, 1.18535, -10635.5, 1.25577, -10638.1, -0.00412875, -0.00412871, -0.00412891, 0.04, -1.49181e+35, 0.065013, -1.09677, 0.060185
252.806, 1.12942, -10639.8, 1.18536, -10639.9, 1.25578, -10642.6, -0.00412844, -0.00412853, -0.00412853, 0.04, -1.49181e+35, 0.0650135, -1.09679, 0.060205
252.856, 1.12943, -10644.2, 1.18537, -10644.4, 1.25579, -10647, -0.0041283, -0.00412843, -0.00412828, 0.04, -1.49181e+35, 0.065014, -1.09681, 0.0602242
252.906, 1.12944, -10648.7, 1.18538, -10648.8, 1.25581, -10651.5, -0.00412842, -0.00412841, -0.00412828, 0.04, -1.49181e+35, 0.0650147, -1.09684, 0.0602426
252.957, 1.12938, -10653.1, 1.18532, -10653.3, 1.25574, -10655.9, -0.00412842, -0.00412839, -0.00412835, 0.04, -1.49181e+35, 0.0650121, -1.09671, 0.0602603
253, 1.12945, -10657, 1.1854, -10657.1, 1.25582, -10659.8, -0.00412836, -0.00412835, -0.00412824, 0.04, -1.49181e+35, 0.0650154, -1.09686, 0.060275
253, 1.12945, -10657, 1.1854, -10657.1, 1.25582, -10659.8, -0.00412836, -0.00412835, -0.00412824, 0.04, -1.49181e+35, 0.0650164, -1.09686, 0.0602752
253.05, 1.12941, -10661.4, 1.18535, -10661.5, 1.25577, -10664.2, -0.00408799, -0.00408812, -0.00408812, 0.04, -1.49181e+35, 0.065013, -1.09677, 0.0602913
253.101, 1.12942, -10665.8, 1.18536, -10666, 1.25578, -10668.6, -0.00408799, -0.0040879, -0.00408786, 0.04, -1.49181e+35, 0.0650136, -1.0968, 0.060307
253.151, 1.12943, -10670.2, 1.18538, -10670.4, 1.2558, -10673, -0.00408792, -0.00408786, -0.00408788, 0.04, -1.49181e+35, 0.0650143, -1.09682, 0.0603219
253.201, 1.12945, -10674.6, 1.18539, -10674.8, 1.25581, -10677.4, -0.00408771, -0.00408774, -0.00408766, 0.04, -1.49181e+35, 0.065015, -1.09685, 0.0603361
253.252, 1.12941, -10679, 1.18535, -10679.2, 1.25577, -10681.8, -0.00408827, -0.00408827, -0.00408848, 0.04, -1.49181e+35, 0.0650134, -1.09677, 0.0603496
253.302, 1.12942, -10683.5, 1.18536, -10683.6, 1.25578, -10686.3, -0.00408797, -0.00408804, -0.00408795, 0.04, -1.49181e+35, 0.0650132, -1.09679, 0.0603624
253.353, 1.12943, -10687.9, 1.18537, -10688, 1.25579, -10690.7, -0.00408792, -0.0040879, -0.00408789, 0.04, -1.49181e+35, 0.0650142, -1.09682, 0.0603745
253.403, 1.12944, -10692.2, 1.18539, -10692.4, 1.25581, -10695.1, -0.00404744, -0.00404741, -0.0040474, 0.04, -1.49181e+35, 0.0650151, -1.09684, 0.0603859
253.453, 1.1294, -10696.6, 1.18534, -10696.8, 1.25576, -10699.4, -0.00404817, -0.00404836, -0.00404862, 0.04, -1.49181e+35, 0.0650131, -1.09676, 0.0603967
253.504, 1.12941, -10701, 1.18536, -10701.2, 1.25578, -10703.8, -0.00404757, -0.0040476, -0.00404759, 0.04, -1.49181e+35, 0.0650134, -1.09678, 0.0604068
253.554, 1.12943, -10705.4, 1.18537, -10705.5, 1.25579, -10708.2, -0.00404745, -0.00404748, -0.00404739, 0.04, -1.49181e+35, 0.0650141, -1.09681, 0.0604162
253.604, 1.12944, -10709.7, 1.18538, -10709.9, 1.2558, -10712.5, -0.00404746, -0.00404742, -0.00404739, 0.04, -1.49181e+35, 0.0650146, -1.09683, 0.060425
253.655, 1.12946, -10714.1, 1.1854, -10714.3, 1.25582, -10716.9, -0.00404744, -0.00404735, -0.00404737, 0.04, -1.49181e+35, 0.0650154, -1.09686, 0.0604331
253.705, 1.12941, -10718.5, 1.18535, -10718.6, 1.25577, -10721.3, -0.00404758, -0.0040476, -0.00404767, 0.04, -1.49181e+35, 0.0650134, -1.09678, 0.0604406
253.755, 1.12942, -10722.8, 1.18536, -10723, 1.25579, -10725.6, -0.00400705, -0.004007, -0.00400699, 0.04, -1.49181e+35, 0.0650137, -1.0968, 0.0604475
253.806, 1.12944, -10727.2, 1.18538, -10727.3, 1.2558, -10730, -0.00400694, -0.00400693, -0.00400686, 0.04, -1.49181e+35, 0.0650145, -1.09683, 0.0604537
253.856, 1.12945, -10731.5, 1.18539, -10731.6, 1.25582, -10734.3, -0.00400691, -0.00400692, -0.00400683, 0.04, -1.49181e+35, 0.0650153, -1.09686, 0.0604594
253.906, 1.12941, -10735.8, 1.18535, -10736, 1.25577, -10738.6, -0.00400724, -0.00400729, -0.00400731, 0.04, -1.49181e+35, 0.0650131, -1.09677, 0.0604644
253.957, 1.12942, -10740.1, 1.18536, -10740.3, 1.25578, -10742.9, -0.00400702, -0.00400705, -0.00400705, 0.04, -1.49181e+35, 0.065014, -1.09679, 0.0604688
254, 1.12942, -10743.9, 1.18536, -10744, 1.25578, -10746.7, -0.00400703, -0.00400704, -0.00400702, 0.04, -1.49181e+35, 0.0650134, -1.09679, 0.0604722
254, 1.12942, -10743.9, 1.18536, -10744, 1.25578, -10746.7, -0.00400703, -0.00400704, -0.00400702, 0.04, -1.49181e+35, 0.0650138, -1.09679, 0.0604723
254.05, 1.12943, -10748.2, 1.18537, -10748.3, 1.25579, -10751, -0.00400696, -0.00400696, -0.00400693, 0.04, -1.49181e+35, 0.0650136, -1.09681, 0.0604755
254.101, 1.12944, -10752.5, 1.18538, -10752.7, 1.25581, -10755.3, -0.00397363, -0.00397365, -0.00397357, 0.04, -1.49181e+35, 0.0650148, -1.09684, 0.0604783
254.151, 1.12938, -10756.8, 1.18532, -10757, 1.25573, -10759.6, -0.00396646, -0.00396642, -0.00396637, 0.04, -1.49181e+35, 0.0650115, -1.09671, 0.0604805
254.202, 1.12941, -10761.1, 1.18535, -10761.2, 1.25577, -10763.9, -0.00396664, -0.00396665, -0.00396669, 0.04, -1.49181e+35, 0.0650136, -1.09678, 0.0604822
254.252, 1.12942, -10765.4, 1.18537, -10765.5, 1.25579, -10768.2, -0.00396652, -0.0039665, -0.0039665, 0.04, -1.49181e+35, 0.0650143, -1.0968, 0.0604833
254.302, 1.12944, -10769.6, 1.18538, -10769.8, 1.2558, -10772.4, -0.00396646, -0.00396645, -0.00396642, 0.04, -1.49181e+35, 0.0650144, -1.09683, 0.0604839
254.353, 1.12945, -10773.9, 1.18539, -10774.1, 1.25582, -10776.7, -0.00396646, -0.00396643, -0.00396637, 0.04, -1.49181e+35, 0.0650154, -1.09686, 0.0604839
254.403, 1.12941, -10778.2, 1.18535, -10778.4, 1.25577, -10781, -0.00396667, -0.00396671, -0.00396674, 0.04, -1.49181e+35, 0.0650134, -1.09677, 0.0604834
254.453, 1.12942, -10782.5, 1.18536, -10782.7, 1.25578, -10785.3, -0.00396654, -0.00396652, -0.00396651, 0.04, -1.49181e+35, 0.0650139, -1.0968, 0.0604824
254.504, 1.12943, -10786.7, 1.18537, -10786.9, 1.2558, -10789.6, -0.00392599, -0.00392598, -0.00392594, 0.04, -1.49181e+35, 0.0650143, -1.09682, 0.0604809
254.554, 1.12945, -10791, 1.18539, -10791.1, 1.25581, -10793.8, -0.00392601, -0.00392597, -0.00392594, 0.04, -1.49181e+35, 0.0650151, -1.09685, 0.0604789
254.604, 1.12941, -10795.2, 1.18535, -10795.4, 1.25577, -10798, -0.00392634, -0.00392639, -0.0039265, 0.04, -1.49181e+35, 0.0650131, -1.09677, 0.0604765
254.655, 1.12942, -10799.5, 1.18536, -10799.6, 1.25578, -10802.3, -0.00392609, -0.00392609, -0.00392609, 0.04, -1.49181e+35, 0.0650136, -1.09679, 0.0604735
254.705, 1.12943, -10803.7, 1.18537, -10803.9, 1.25579, -10806.5, -0.00392602, -0.003926, -0.00392596, 0.04, -1.49181e+35, 0.0650141, -1.09681, 0.0604701
254.755, 1.12944, -10807.9, 1.18539, -10808.1, 1.25581, -10810.8, -0.00392601, -0.00392598, -0.00392593, 0.04, -1.49181e+35, 0.0650147, -1.09684, 0.0604662
254.806, 1.1294, -10812.2, 1.18534, -10812.3, 1.25576, -10815, -0.00392676, -0.00392688, -0.00392719, 0.04, -1.49181e+35, 0.0650129, -1.09676, 0.0604618
254.856, 1.12941, -10816.4, 1.18535, -10816.6, 1.25578, -10819.2, -0.00392609, -0.0039261, -0.0039261, 0.04, -1.49181e+35, 0.0650132, -1.09678, 0.060457
254.906, 1.12943, -10820.6, 1.18537, -10820.8, 1.25579, -10823.4, -0.00388556, -0.00388556, -0.00388553, 0.04, -1.49181e+35, 0.0650143, -1.09681, 0.0604518
254.957, 1.12944, -10824.8, 1.18538, -10825, 1.2558, -10827.6, -0.00388552, -0.00388549, -0.00388544, 0.04, -1.49181e+35, 0.0650147, -1.09683, 0.0604461
255, 1.12943, -10828.4, 1.18538, -10828.6, 1.2558, -10831.2, -0.00388554, -0.0038855, -0.00388546, 0.04, -1.49181e+35, 0.0650141, -1.09682, 0.0604409
255, 1.12943, -10828.4, 1.18538, -10828.6, 1.2558, -10831.2, -0.00388554, -0.0038855, -0.00388546, 0.04, -1.49181e+35, 0.065015, -1.09682, 0.060441
255.05, 1.12945, -10832.6, 1.18539, -10832.8, 1.25582, -10835.4, -0.00388556, -0.00388555, -0.0038855, 0.04, -1.49181e+35, 0.0650146, -1.09685, 0.0604345
255.101, 1.12941, -10836.8, 1.18535, -10837, 1.25577, -10839.6, -0.00388582, -0.00388586, -0.00388591, 0.04, -1.49181e+35, 0.0650134, -1.09677, 0.0604276
255.151, 1.12942, -10841, 1.18536, -10841.2, 1.25578, -10843.8, -0.0038856, -0.0038856, -0.00388557, 0.04, -1.49181e+35, 0.0650139, -1.09679, 0.0604204
255.202, 1.12943, -10845.2, 1.18537, -10845.4, 1.25579, -10848, -0.00388556, -0.00388556, -0.00388553, 0.04, -1.49181e+35, 0.0650143, -1.09682, 0.0604128
255.252, 1.12945, -10849.4, 1.18539, -10849.6, 1.25581, -10852.2, -0.00388555, -0.00388552, -0.00388545, 0.04, -1.49181e+35, 0.0650147, -1.09685, 0.0604048
255.302, 1.1294, -10853.6, 1.18534, -10853.7, 1.25577, -10856.4, -0.00384579, -0.00384593, -0.00384623, 0.04, -1.49181e+35, 0.0650128, -1.09676, 0.0603964
255.353, 1.12942, -10857.7, 1.18536, -10857.9, 1.25578, -10860.5, -0.00384522, -0.00384524, -0.00384523, 0.04, -1.49181e+35, 0.0650139, -1.09679, 0.0603877
255.403, 1.12943, -10861.9, 1.18537, -10862, 1.25579, -10864.7, -0.00384507, -0.00384502, -0.00384501, 0.04, -1.49181e+35, 0.0650138, -1.09681, 0.0603786
255.453, 1.12944, -10866, 1.18538, -10866.2, 1.25581, -10868.8, -0.00384509, -0.00384507, -0.00384496, 0.04, -1.49181e+35, 0.0650144, -1.09684, 0.0603692
255.504, 1.12938, -10870.2, 1.18532, -10870.3, 1.25573, -10873, -0.00384499, -0.00384491, -0.00384485, 0.04, -1.49181e+35, 0.0650116, -1.09671, 0.0603594
255.554, 1.12941, -10874.3, 1.18535, -10874.5, 1.25577, -10877.1, -0.00384521, -0.00384523, -0.00384522, 0.04, -1.49181e+35, 0.0650134, -1.09678, 0.0603493
255.604, 1.12942, -10878.5, 1.18536, -10878.7, 1.25579, -10881.3, -0.00384511, -0.00384505, -0.00384504, 0.04, -1.49181e+35, 0.0650139, -1.0968, 0.0603389
255.655, 1.12944, -10882.6, 1.18538, -10882.8, 1.2558, -10885.5, -0.00384506, -0.00384502, -0.00384498, 0.04, -1.49181e+35, 0.0650147, -1.09683, 0.0603282
255.705, 1.12945, -10886.8, 1.18539, -10887, 1.25582, -10889.6, -0.00384501, -0.00384502, -0.00384493, 0.04, -1.49181e+35, 0.0650152, -1.09686, 0.0603171
255.755, 1.12941, -10890.9, 1.18535, -10891.1, 1.25577, -10893.7, -0.00380473, -0.00380476, -0.00380484, 0.04, -1.49181e+35, 0.0650132, -1.09677, 0.0603058
255.806, 1.12942, -10895, 1.18536, -10895.2, 1.25578, -10897.8, -0.00380462, -0.00380465, -0.00380462, 0.04, -1.49181e+35, 0.0650137, -1.0968, 0.0602942
255.856, 1.12943, -10899.1, 1.18537, -10899.3, 1.2558, -10901.9, -0.00380455, -0.00380458, -0.00380452, 0.04, -1.49181e+35, 0.0650145, -1.09682, 0.0602823
255.907, 1.12945, -10903.2, 1.18539, -10903.4, 1.25581, -10906, -0.00380458, -0.00380449, -0.00380447, 0.04, -1.49181e+35, 0.0650149, -1.09685, 0.0602702
255.957, 1.12941, -10907.3, 1.18535, -10907.5, 1.25577, -10910.2, -0.00380486, -0.00380491, -0.00380503, 0.04, -1.49181e+35, 0.0650136, -1.09677, 0.0602577
256, 1.12938, -10910.9, 1.18532, -10911, 1.25574, -10913.7, -0.0038046, -0.00380453, -0.00380447, 0.04, -1.49181e+35, 0.0650119, -1.09671, 0.0602469
256, 1.12938, -10910.9, 1.18532, -10911, 1.25574, -10913.7, -0.0038046, -0.00380453, -0.00380447, 0.04, -1.49181e+35, 0.0650126, -1.09671, 0.0602469
256.051, 1.12941, -10915, 1.18535, -10915.2, 1.25577, -10917.8, -0.00380459, -0.00380473, -0.00380468, 0.04, -1.49181e+35, 0.0650135, -1.09678, 0.060234
256.101, 1.12942, -10919.1, 1.18537, -10919.3, 1.25579, -10921.9, -0.00380466, -0.00380462, -0.00380461, 0.04, -1.49181e+35, 0.0650144, -1.0968, 0.0602208
256.151, 1.12944, -10923.2, 1.18538, -10923.4, 1.2558, -10926, -0.0038046, -0.00380453, -0.00380443, 0.04, -1.49181e+35, 0.0650147, -1.09683, 0.0602075
256.202, 1.12945, -10927.3, 1.1854, -10927.5, 1.25582, -10930.1, -0.00380456, -0.00380455, -0.00380451, 0.04, -1.49181e+35, 0.0650155, -1.09686, 0.0601939
256.252, 1.12941, -10931.4, 1.18535, -10931.5, 1.25577, -10934.2, -0.00376417, -0.00376433, -0.00376433, 0.04, -1.49181e+35, 0.0650133, -1.09678, 0.0601801
256.302, 1.12942, -10935.5, 1.18536, -10935.6, 1.25578, -10938.3, -0.00376415, -0.00376407, -0.00376407, 0.04, -1.49181e+35, 0.0650131, -1.0968, 0.0601662
256.353, 1.12943, -10939.5, 1.18538, -10939.7, 1.2558, -10942.3, -0.00376407, -0.00376401, -0.00376405, 0.04, -1.49181e+35, 0.0650147, -1.09682, 0.060152
256.403, 1.12945, -10943.6, 1.18539, -10943.7, 1.25581, -10946.4, -0.00376405, -0.00376404, -0.0037641, 0.04, -1.49181e+35, 0.0650149, -1.09685, 0.0601376
256.453, 1.12941, -10947.6, 1.18535, -10947.8, 1.25577, -10950.5, -0.00376437, -0.00376434, -0.00376449, 0.04, -1.49181e+35, 0.0650125, -1.09677, 0.0601231
256.504, 1.12942, -10951.7, 1.18536, -10951.9, 1.25578, -10954.5, -0.00376417, -0.00376406, -0.00376423, 0.04, -1.49181e+35, 0.0650139, -1.09679, 0.0601083
256.554, 1.12943, -10955.8, 1.18537, -10955.9, 1.2558, -10958.6, -0.00376403, -0.00376416, -0.00376403, 0.04, -1.49181e+35, 0.065014, -1.09682, 0.0600934
256.604, 1.12945, -10959.8, 1.18539, -10960, 1.25581, -10962.6, -0.00376415, -0.00376415, -0.00376406, 0.04, -1.49181e+35, 0.0650148, -1.09684, 0.0600783
256.655, 1.1294, -10963.9, 1.18534, -10964.1, 1.25576, -10966.7, -0.00376494, -0.00376493, -0.00376537, 0.04, -1.49181e+35, 0.0650132, -1.09676, 0.0600631
256.705, 1.12942, -10968, 1.18536, -10968.1, 1.25578, -10970.8, -0.00376416, -0.00376427, -0.00376427, 0.04, -1.49181e+35, 0.0650135, -1.09679, 0.0600476
256.755, 1.12943, -10972, 1.18537, -10972.2, 1.25579, -10974.8, -0.00376418, -0.00376414, -0.00376413, 0.04, -1.49181e+35, 0.0650141, -1.09681, 0.0600321
256.806, 1.12944, -10976.1, 1.18538, -10976.2, 1.25581, -10978.9, -0.00372367, -0.00372364, -0.0037235, 0.04, -1.49181e+35, 0.0650147, -1.09684, 0.0600164
256.856, 1.12938, -10980.1, 1.18532, -10980.3, 1.25573, -10982.9, -0.00372396, -0.00372365, -0.00372346, 0.04, -1.49181e+35, 0.0650118, -1.09671, 0.0600006
256.907, 1.12941, -10984.1, 1.18535, -10984.3, 1.25577, -10986.9, -0.00372373, -0.00372384, -0.00372384, 0.04, -1.49181e+35, 0.0650134, -1.09678, 0.0599846
256.957, 1.12942, -10988.1, 1.18537, -10988.3, 1.25579, -10990.9, -0.00372373, -0.0037237, -0.00372368, 0.04, -1.49181e+35, 0.0650141, -1.0968, 0.0599686
257, 1.12942, -10991.6, 1.18536, -10991.8, 1.25578, -10994.4, -0.00372373, -0.00372365, -0.00372366, 0.04, -1.49181e+35, 0.0650136, -1.0968, 0.0599546
257, 1.12942, -10991.6, 1.18536, -10991.8, 1.25578, -10994.4, -0.00372373, -0.00372365, -0.00372366, 0.04, -1.49181e+35, 0.0650143, -1.0968, 0.0599546
257.051, 1.12943, -10995.6, 1.18537, -10995.8, 1.2558, -10998.4, -0.00372365, -0.00372359, -0.00372361, 0.04, -1.49181e+35, 0.0650142, -1.09682, 0.0599384
257.101, 1.12945, -10999.6, 1.18539, -10999.8, 1.25581, -11002.4, -0.00372358, -0.0037236, -0.00372347, 0.04, -1.49181e+35, 0.065015, -1.09685, 0.059922
257.151, 1.12941, -11003.7, 1.18535, -11003.8, 1.25577, -11006.5, -0.003724, -0.003724, -0.00372404, 0.04, -1.49181e+35, 0.0650126, -1.09677, 0.0599056
257.202, 1.12942, -11007.7, 1.18536, -11007.8, 1.25578, -11010.5, -0.00372373, -0.00372363, -0.0037238, 0.04, -1.49181e+35, 0.0650136, -1.09679, 0.0598891
257.252, 1.12943, -11011.7, 1.18537, -11011.9, 1.25579, -11014.5, -0.0037236, -0.00372355, -0.00372354, 0.04, -1.49181e+35, 0.0650143, -1.09681, 0.0598725
257.302, 1.12944, -11015.7, 1.18538, -11015.9, 1.25581, -11018.5, -0.00372353, -0.00372368, -0.00372356, 0.04, -1.49181e+35, 0.0650153, -1.09684, 0.0598558
257.353, 1.12938, -11019.7, 1.18532, -11019.9, 1.25573, -11022.6, -0.0037237, -0.00372368, -0.00372365, 0.04, -1.49181e+35, 0.0650119, -1.09671, 0.059839
257.403, 1.12941, -11023.8, 1.18535, -11023.9, 1.25577, -11026.6, -0.00372376, -0.00372368, -0.00372386, 0.04, -1.49181e+35, 0.0650133, -1.09678, 0.0598222
257.453, 1.12942, -11027.8, 1.18537, -11028, 1.25579, -11030.6, -0.00372371, -0.00372369, -0.00372366, 0.04, -1.49181e+35, 0.0650142, -1.0968, 0.0598054
257.504, 1.12944, -11031.8, 1.18538, -11031.9, 1.2558, -11034.6, -0.00368322, -0.00368322, -0.00368306, 0.04, -1.49181e+35, 0.0650142, -1.09683, 0.0597885
257.554, 1.12945, -11035.8, 1.1854, -11035.9, 1.25582, -11038.6, -0.00368301, -0.003683, -0.00368314, 0.04, -1.49181e+35, 0.0650152, -1.09686, 0.0597715
257.604, 1.12941, -11039.7, 1.18535, -11039.9, 1.25577, -11042.5, -0.0036833, -0.00368338, -0.00368342, 0.04, -1.49181e+35, 0.0650136, -1.09678, 0.0597546
257.655, 1.12942, -11043.7, 1.18536, -11043.9, 1.25578, -11046.5, -0.00368323, -0.00368321, -0.00368317, 0.04, -1.49181e+35, 0.0650141, -1.0968, 0.0597376
257.705, 1.12943, -11047.7, 1.18538, -11047.9, 1.2558, -11050.5, -0.00368318, -0.00368314, -0.00368306, 0.04, -1.49181e+35, 0.0650147, -1.09682, 0.0597205
257.755, 1.12945, -11051.7, 1.18539, -11051.8, 1.25581, -11054.5, -0.00368314, -0.00368311, -0.0036831, 0.04, -1.49181e+35, 0.0650148, -1.09685, 0.0597035
257.806, 1.12941, -11055.7, 1.18535, -11055.8, 1.25577, -11058.5, -0.00368348, -0.00368354, -0.00368357, 0.04, -1.49181e+35, 0.0650133, -1.09677, 0.0596864
257.856, 1.12942, -11059.6, 1.18536, -11059.8, 1.25578, -11062.4, -0.00368325, -0.00368318, -0.00368323, 0.04, -1.49181e+35, 0.0650136, -1.09679, 0.0596694
257.907, 1.12943, -11063.6, 1.18537, -11063.8, 1.25579, -11066.4, -0.00368313, -0.00368318, -0.00368309, 0.04, -1.49181e+35, 0.0650142, -1.09682, 0.0596523
257.957, 1.12944, -11067.6, 1.18539, -11067.8, 1.25581, -11070.4, -0.00368316, -0.00368315, -0.00368303, 0.04, -1.49181e+35, 0.0650149, -1.09684, 0.0596352
258, 1.12944, -11071, 1.18538, -11071.2, 1.2558, -11073.8, -0.00368313, -0.00368311, -0.00368307, 0.04, -1.49181e+35, 0.0650147, -1.09683, 0.0596206
258, 1.12944, -11071, 1.18538, -11071.2, 1.2558, -11073.8, -0.00368313, -0.00368311, -0.00368307, 0.04, -1.49181e+35, 0.0650152, -1.09683, 0.0596205
258.051, 1.12945, -11075, 1.1854, -11075.1, 1.25582, -11077.8, -0.00368309, -0.00368309, -0.00368303, 0.04, -1.49181e+35, 0.0650154, -1.09686, 0.0596035
258.101, 1.12941, -11079, 1.18535, -11079.1, 1.25577, -11081.8, -0.00368338, -0.00368341, -0.00368341, 0.04, -1.49181e+35, 0.0650135, -1.09678, 0.0595865
258.151, 1.12942, -11082.9, 1.18536, -11083.1, 1.25578, -11085.7, -0.00368316, -0.00368319, -0.00368316, 0.04, -1.49181e+35, 0.0650141, -1.0968, 0.0595695
258.202, 1.12944, -11086.9, 1.18538, -11087.1, 1.2558, -11089.7, -0.00368318, -0.00368315, -0.0036831, 0.04, -1.49181e+35, 0.0650143, -1.09683, 0.0595525
258.252, 1.12945, -11090.9, 1.18539, -11091.1, 1.25582, -11093.7, -0.00368313, -0.00368313, -0.00368304, 0.04, -1.49181e+35, 0.0650152, -1.09686, 0.0595356
258.302, 1.12941, -11094.9, 1.18535, -11095, 1.25577, -11097.7, -0.00368341, -0.00368346, -0.00368355, 0.04, -1.49181e+35, 0.0650135, -1.09677, 0.0595187
258.353, 1.12942, -11098.9, 1.18536, -11099, 1.25578, -11101.7, -0.00368316, -0.00368324, -0.00368314, 0.04, -1.49181e+35, 0.0650136, -1.09679, 0.0595018
258.403, 1.12943, -11102.8, 1.18537, -11103, 1.2558, -11105.6, -0.00368317, -0.00368315, -0.00368311, 0.04, -1.49181e+35, 0.0650143, -1.09682, 0.059485
258.453, 1.12945, -11106.8, 1.18539, -11107, 1.25581, -11109.6, -0.00368315, -0.00368309, -0.00368308, 0.04, -1.49181e+35, 0.0650154, -1.09685, 0.0594682
258.504, 1.1294, -11110.8, 1.18534, -11110.9, 1.25577, -11113.6, -0.00368349, -0.00368354, -0.00368361, 0.04, -1.49181e+35, 0.0650133, -1.09676, 0.0594515
258.554, 1.12942, -11114.7, 1.18536, -11114.9, 1.25578, -11117.6, -0.00364288, -0.00364285, -0.00364288, 0.04, -1.49181e+35, 0.0650139, -1.09679, 0.0594348
258.604, 1.12943, -11118.7, 1.18537, -11118.8, 1.25579, -11121.5, -0.00364269, -0.00364269, -0.00364265, 0.04, -1.49181e+35, 0.0650142, -1.09681, 0.0594183
258.655, 1.12944, -11122.6, 1.18538, -11122.8, 1.25581, -11125.4, -0.00364269, -0.0036427, -0.00364262, 0.04, -1.49181e+35, 0.065015, -1.09684, 0.0594017
258.705, 1.12938, -11126.6, 1.18532, -11126.7, 1.25573, -11129.4, -0.00364263, -0.00364263, -0.00364262, 0.04, -1.49181e+35, 0.0650118, -1.09671, 0.0593853
258.756, 1.12941, -11130.5, 1.18535, -11130.6, 1.25577, -11133.3, -0.00364282, -0.00364284, -0.00364288, 0.04, -1.49181e+35, 0.0650138, -1.09678, 0.0593689
258.806, 1.12943, -11134.4, 1.18537, -11134.6, 1.25579, -11137.2, -0.0036427, -0.00364269, -0.00364268, 0.04, -1.49181e+35, 0.0650139, -1.0968, 0.0593526
258.856, 1.12944, -11138.4, 1.18538, -11138.5, 1.2558, -11141.2, -0.00364269, -0.00364266, -0.00364263, 0.04, -1.49181e+35, 0.0650145, -1.09683, 0.0593364
258.907, 1.12945, -11142.3, 1.1854, -11142.4, 1.25582, -11145.1, -0.00364264, -0.00364264, -0.00364258, 0.04, -1.49181e+35, 0.0650152, -1.09686, 0.0593202
258.957, 1.12941, -11146.2, 1.18535, -11146.4, 1.25577, -11149, -0.00364285, -0.00364288, -0.00364293, 0.04, -1.49181e+35, 0.0650133, -1.09677, 0.0593042
259, 1.12941, -11149.6, 1.18535, -11149.8, 1.25577, -11152.4, -0.003643, -0.00364306, -0.00364316, 0.04, -1.49181e+35, 0.0650133, -1.09677, 0.0592904
259, 1.12941, -11149.6, 1.18535, -11149.8, 1.25577, -11152.4, -0.003643, -0.00364306, -0.00364316, 0.04, -1.49181e+35, 0.0650136, -1.09677, 0.0592904
259.051, 1.12942, -11153.5, 1.18536, -11153.7, 1.25578, -11156.3, -0.00364276, -0.00364275, -0.00364275, 0.04, -1.49181e+35, 0.0650136, -1.09679, 0.0592746
259.101, 1.12943, -11157.5, 1.18537, -11157.6, 1.25579, -11160.3, -0.0036427, -0.00364269, -0.00364265, 0.04, -1.49181e+35, 0.0650142, -1.09681, 0.0592588
259.151, 1.12944, -11161.4, 1.18539, -11161.6, 1.25581, -11164.2, -0.00364267, -0.00364265, -0.0036426, 0.04, -1.49181e+35, 0.0650149, -1.09684, 0.0592432
259.202, 1.1294, -11165.3, 1.18534, -11165.5, 1.25576, -11168.1, -0.00364343, -0.00364357, -0.00364386, 0.04, -1.49181e+35, 0.0650131, -1.09676, 0.0592276
259.252, 1.12941, -11169.3, 1.18535, -11169.4, 1.25578, -11172.1, -0.00364278, -0.00364278, -0.0036428, 0.04, -1.49181e+35, 0.0650135, -1.09678, 0.0592121
259.302, 1.12943, -11173.2, 1.18537, -11173.4, 1.25579, -11176, -0.00364274, -0.0036427, -0.00364268, 0.04, -1.49181e+35, 0.0650137, -1.09681, 0.0591968
259.353, 1.12944, -11177.1, 1.18538, -11177.3, 1.2558, -11180, -0.00364265, -0.00364262, -0.00364259, 0.04, -1.49181e+35, 0.0650146, -1.09683, 0.0591815
259.403, 1.12946, -11181.1, 1.1854, -11181.2, 1.25582, -11183.9, -0.00364264, -0.00364262, -0.00364261, 0.04, -1.49181e+35, 0.0650154, -1.09686, 0.0591663
259.453, 1.12941, -11185, 1.18535, -11185.2, 1.25577, -11187.8, -0.00364287, -0.00364288, -0.00364293, 0.04, -1.49181e+35, 0.0650132, -1.09678, 0.0591513
259.504, 1.12942, -11188.9, 1.18536, -11189.1, 1.25578, -11191.8, -0.00364272, -0.00364271, -0.00364267, 0.04, -1.49181e+35, 0.0650135, -1.0968, 0.0591365
259.554, 1.12944, -11192.9, 1.18538, -11193, 1.2558, -11195.7, -0.00364266, -0.00364266, -0.00364259, 0.04, -1.49181e+35, 0.0650142, -1.09683, 0.0591218
259.604, 1.12945, -11196.8, 1.18539, -11197, 1.25582, -11199.6, -0.00364267, -0.00364268, -0.00364263, 0.04, -1.49181e+35, 0.0650149, -1.09685, 0.0591072
259.655, 1.12941, -11200.8, 1.18535, -11200.9, 1.25577, -11203.6, -0.00364297, -0.00364301, -0.00364305, 0.04, -1.49181e+35, 0.065013, -1.09677, 0.0590927
259.705, 1.12942, -11204.7, 1.18536, -11204.8, 1.25578, -11207.5, -0.00364277, -0.00364275, -0.00364277, 0.04, -1.49181e+35, 0.0650139, -1.09679, 0.0590783
259.756, 1.12943, -11208.6, 1.18537, -11208.8, 1.2558, -11211.4, -0.00364268, -0.00364264, -0.00364264, 0.04, -1.49181e+35, 0.0650145, -1.09682, 0.0590641
259.806, 1.12945, -11212.6, 1.18539, -11212.7, 1.25581, -11215.4, -0.00364263, -0.00364262, -0.00364258, 0.04, -1.49181e+35, 0.0650147, -1.09684, 0.05905
259.856, 1.1294, -11216.5, 1.18534, -11216.6, 1.25577, -11219.3, -0.0036434, -0.00364353, -0.00364384, 0.04, -1.49181e+35, 0.0650128, -1.09677, 0.059036
259.907, 1.12942, -11220.4, 1.18536, -11220.6, 1.25578, -11223.2, -0.00364276, -0.00364269, -0.00364273, 0.04, -1.49181e+35, 0.0650133, -1.09679, 0.0590223
259.957, 1.12943, -11224.4, 1.18537, -11224.5, 1.25579, -11227.2, -0.00364272, -0.00364268, -0.00364267, 0.04, -1.49181e+35, 0.0650141, -1.09681, 0.0590086
260, 1.12942, -11227.7, 1.18536, -11227.9, 1.25579, -11230.5, -0.00364271, -0.00364265, -0.00364265, 0.04, -1.49181e+35, 0.0650142, -1.0968, 0.0589969
260, 1.12942, -11227.7, 1.18536, -11227.9, 1.25579, -11230.5, -0.00364271, -0.00364265, -0.00364265, 0.04, -1.49181e+35, 0.0650147, -1.0968, 0.0589969
260.051, 1.12944, -11231.7, 1.18538, -11231.8, 1.2558, -11234.5, -0.00364271, -0.00364268, -0.00364263, 0.04, -1.49181e+35, 0.0650144, -1.09683, 0.0589835
260.101, 1.12945, -11235.6, 1.18539, -11235.8, 1.25582, -11238.4, -0.00364268, -0.0036426, -0.00364258, 0.04, -1.49181e+35, 0.0650154, -1.09686, 0.0589703
260.151, 1.12941, -11239.5, 1.18535, -11239.7, 1.25577, -11242.3, -0.00364294, -0.00364298, -0.00364307, 0.04, -1.49181e+35, 0.0650135, -1.09677, 0.0589572
260.202, 1.12942, -11243.5, 1.18536, -11243.6, 1.25578, -11246.3, -0.00364276, -0.00364269, -0.00364267, 0.04, -1.49181e+35, 0.0650139, -1.09679, 0.0589442
260.252, 1.12943, -11247.4, 1.18537, -11247.6, 1.2558, -11250.2, -0.00364268, -0.00364264, -0.00364265, 0.04, -1.49181e+35, 0.0650143, -1.09682, 0.0589315
260.302, 1.12945, -11251.3, 1.18539, -11251.5, 1.25581, -11254.1, -0.00364264, -0.00364263, -0.00364262, 0.04, -1.49181e+35, 0.065015, -1.09685, 0.0589188
260.353, 1.12941, -11255.3, 1.18535, -11255.4, 1.25577, -11258.1, -0.00364301, -0.00364304, -0.00364316, 0.04, -1.49181e+35, 0.0650132, -1.09677, 0.0589063
260.403, 1.12942, -11259.2, 1.18536, -11259.4, 1.25578, -11262, -0.00364277, -0.0036428, -0.00364276, 0.04, -1.49181e+35, 0.0650136, -1.09679, 0.058894
260.453, 1.12943, -11263.1, 1.18537, -11263.3, 1.25579, -11266, -0.00364274, -0.00364271, -0.0036427, 0.04, -1.49181e+35, 0.0650141, -1.09681, 0.0588818
260.504, 1.12944, -11267.1, 1.18538, -11267.2, 1.25581, -11269.9, -0.00364269, -0.00364266, -0.00364263, 0.04, -1.49181e+35, 0.065015, -1.09684, 0.0588698
260.554, 1.12938, -11271, 1.18532, -11271.2, 1.25574, -11273.8, -0.00364266, -0.00364265, -0.00364262, 0.04, -1.49181e+35, 0.0650117, -1.09671, 0.058858
260.605, 1.12941, -11274.9, 1.18535, -11275.1, 1.25577, -11277.8, -0.0036428, -0.00364285, -0.00364284, 0.04, -1.49181e+35, 0.065013, -1.09678, 0.0588463
260.655, 1.12943, -11278.9, 1.18537, -11279, 1.25579, -11281.7, -0.0036428, -0.00364275, -0.00364272, 0.04, -1.49181e+35, 0.0650139, -1.09681, 0.0588347
260.705, 1.12944, -11282.8, 1.18538, -11283, 1.2558, -11285.6, -0.00364273, -0.00364269, -0.00364259, 0.04, -1.49181e+35, 0.065015, -1.09683, 0.0588234
260.756, 1.12945, -11286.8, 1.1854, -11286.9, 1.25582, -11289.6, -0.0036427, -0.00364268, -0.0036426, 0.04, -1.49181e+35, 0.0650154, -1.09686, 0.0588122
260.806, 1.12941, -11290.7, 1.18535, -11290.8, 1.25577, -11293.5, -0.00364281, -0.00364292, -0.00364291, 0.04, -1.49181e+35, 0.0650133, -1.09678, 0.0588011
260.856, 1.12942, -11294.6, 1.18536, -11294.8, 1.25578, -11297.4, -0.00364278, -0.00364272, -0.00364269, 0.04, -1.49181e+35, 0.0650139, -1.0968, 0.0587903
260.907, 1.12943, -11298.6, 1.18538, -11298.7, 1.2558, -11301.4, -0.0036427, -0.00364267, -0.00364268, 0.04, -1.49181e+35, 0.0650141, -1.09682, 0.0587795
260.957, 1.12945, -11302.5, 1.18539, -11302.6, 1.25582, -11305.3, -0.0036427, -0.00364266, -0.00364258, 0.04, -1.49181e+35, 0.0650156, -1.09685, 0.058769
261, 1.12945, -11305.9, 1.18539, -11306, 1.25581, -11308.7, -0.00364266, -0.00364266, -0.00364266, 0.04, -1.49181e+35, 0.0650145, -1.09684, 0.05876
261, 1.12945, -11305.9, 1.18539, -11306, 1.25581, -11308.7, -0.00364266, -0.00364266, -0.00364266, 0.04, -1.49181e+35, 0.0650153, -1.09684, 0.05876
261.051, 1.1294, -11309.8, 1.18534, -11310, 1.25576, -11312.6, -0.00364336, -0.00364355, -0.00364385, 0.04, -1.49181e+35, 0.0650129, -1.09676, 0.0587498
261.101, 1.12941, -11313.7, 1.18535, -11313.9, 1.25578, -11316.5, -0.00364279, -0.0036427, -0.00364269, 0.04, -1.49181e+35, 0.0650135, -1.09678, 0.0587398
261.151, 1.12943, -11317.7, 1.18537, -11317.8, 1.25579, -11320.5, -0.00364261, -0.00364274, -0.00364258, 0.04, -1.49181e+35, 0.0650142, -1.09681, 0.0587299
261.202, 1.12944, -11321.6, 1.18538, -11321.8, 1.2558, -11324.4, -0.00364274, -0.00364271, -0.00364256, 0.04, -1.49181e+35, 0.0650148, -1.09683, 0.0587201
261.252, 1.12946, -11325.5, 1.1854, -11325.7, 1.25582, -11328.3, -0.00364272, -0.00364256, -0.00364266, 0.04, -1.49181e+35, 0.0650154, -1.09686, 0.0587106
261.302, 1.12941, -11329.5, 1.18535, -11329.6, 1.25577, -11332.3, -0.00364281, -0.00364289, -0.00364289, 0.04, -1.49181e+35, 0.0650134, -1.09678, 0.0587012
261.353, 1.12942, -11333.4, 1.18536, -11333.6, 1.25579, -11336.2, -0.00364278, -0.00364275, -0.00364273, 0.04, -1.49181e+35, 0.0650139, -1.0968, 0.058692
261.403, 1.12944, -11337.3, 1.18538, -11337.5, 1.2558, -11340.2, -0.00364272, -0.00364267, -0.00364269, 0.04, -1.49181e+35, 0.0650145, -1.09683, 0.0586829
261.453, 1.12945, -11341.3, 1.18539, -11341.4, 1.25582, -11344.1, -0.00364273, -0.00364271, -0.00364264, 0.04, -1.49181e+35, 0.0650152, -1.09686, 0.0586741
261.504, 1.12941, -11345.2, 1.18535, -11345.4, 1.25577, -11348, -0.00364291, -0.00364301, -0.00364304, 0.04, -1.49181e+35, 0.0650133, -1.09677, 0.0586654
261.554, 1.12942, -11349.1, 1.18536, -11349.3, 1.25578, -11352, -0.00364281, -0.00364278, -0.00364277, 0.04, -1.49181e+35, 0.0650136, -1.0968, 0.0586568
261.605, 1.12943, -11353.1, 1.18537, -11353.2, 1.2558, -11355.9, -0.00364272, -0.0036427, -0.00364269, 0.04, -1.49181e+35, 0.0650142, -1.09682, 0.0586484
261.655, 1.12945, -11357, 1.18539, -11357.2, 1.25581, -11359.8, -0.00364269, -0.00364268, -0.00364259, 0.04, -1.49181e+35, 0.0650151, -1.09685, 0.0586402
261.705, 1.12941, -11361, 1.18535, -11361.1, 1.25577, -11363.8, -0.00364292, -0.00364309, -0.00364307, 0.04, -1.49181e+35, 0.0650126, -1.09677, 0.0586322
261.756, 1.12942, -11364.9, 1.18536, -11365, 1.25578, -11367.7, -0.00364281, -0.00364273, -0.00364273, 0.04, -1.49181e+35, 0.0650134, -1.09679, 0.0586243
261.806, 1.12943, -11368.8, 1.18537, -11369, 1.25579, -11371.6, -0.00364271, -0.00364261, -0.00364264, 0.04, -1.49181e+35, 0.0650144, -1.09681, 0.0586166
261.856, 1.12944, -11372.8, 1.18538, -11372.9, 1.25581, -11375.6, -0.00364266, -0.00364259, -0.00364267, 0.04, -1.49181e+35, 0.0650146, -1.09684, 0.0586091
261.907, 1.12938, -11376.7, 1.18532, -11376.8, 1.25574, -11379.5, -0.00364264, -0.00364262, -0.00364259, 0.04, -1.49181e+35, 0.0650117, -1.09671, 0.0586017
261.957, 1.12941, -11380.6, 1.18535, -11380.8, 1.25577, -11383.4, -0.00364281, -0.0036427, -0.00364286, 0.04, -1.49181e+35, 0.0650134, -1.09678, 0.0585945
262, 1.12941, -11384, 1.18535, -11384.2, 1.25577, -11386.8, -0.00364285, -0.00364279, -0.00364293, 0.04, -1.49181e+35, 0.0650136, -1.09677, 0.0585885
262, 1.12941, -11384, 1.18535, -11384.2, 1.25577, -11386.8, -0.00364285, -0.00364279, -0.00364293, 0.04, -1.49181e+35, 0.0650139, -1.09677, 0.0585884
262.051, 1.12942, -11387.9, 1.18536, -11388.1, 1.25578, -11390.7, -0.00364267, -0.00364275, -0.00364275, 0.04, -1.49181e+35, 0.0650138, -1.0968, 0.0585816
262.101, 1.12943, -11391.9, 1.18538, -11392, 1.2558, -11394.7, -0.00364274, -0.00364271, -0.00364271, 0.04, -1.49181e+35, 0.0650145, -1.09682, 0.0585749
262.151, 1.12945, -11395.8, 1.18539, -11396, 1.25581, -11398.6, -0.00364271, -0.00364268, -0.0036426, 0.04, -1.49181e+35, 0.065015, -1.09685, 0.0585683
262.202, 1.12941, -11399.8, 1.18535, -11399.9, 1.25577, -11402.6, -0.00368305, -0.00368316, -0.0036832, 0.04, -1.49181e+35, 0.065013, -1.09677, 0.0585619
262.252, 1.12942, -11403.7, 1.18536, -11403.9, 1.25578, -11406.5, -0.00368328, -0.00368321, -0.00368318, 0.04, -1.49181e+35, 0.0650136, -1.09679, 0.0585557
262.302, 1.12943, -11407.7, 1.18537, -11407.9, 1.25579, -11410.5, -0.00368317, -0.00368313, -0.00368312, 0.04, -1.49181e+35, 0.0650141, -1.09681, 0.0585497
262.353, 1.12944, -11411.7, 1.18539, -11411.9, 1.25581, -11414.5, -0.00368314, -0.00368311, -0.00368308, 0.04, -1.49181e+35, 0.0650147, -1.09684, 0.0585437
262.403, 1.1294, -11415.7, 1.18534, -11415.8, 1.25576, -11418.5, -0.00368389, -0.00368407, -0.00368432, 0.04, -1.49181e+35, 0.065013, -1.09676, 0.058538
262.454, 1.12941, -11419.6, 1.18536, -11419.8, 1.25578, -11422.5, -0.0036833, -0.00368332, -0.00368329, 0.04, -1.49181e+35, 0.0650136, -1.09678, 0.0585324
262.504, 1.12943, -11423.6, 1.18537, -11423.8, 1.25579, -11426.4, -0.00368317, -0.0036832, -0.00368319, 0.04, -1.49181e+35, 0.065014, -1.09681, 0.058527
262.554, 1.12944, -11427.6, 1.18538, -11427.8, 1.25581, -11430.4, -0.00368319, -0.00368316, -0.00368312, 0.04, -1.49181e+35, 0.0650147, -1.09684, 0.0585218
262.605, 1.12946, -11431.6, 1.1854, -11431.7, 1.25582, -11434.4, -0.00368316, -0.00368307, -0.0036831, 0.04, -1.49181e+35, 0.0650154, -1.09686, 0.0585167
262.655, 1.12941, -11435.6, 1.18535, -11435.7, 1.25577, -11438.4, -0.00368329, -0.00368333, -0.00368338, 0.04, -1.49181e+35, 0.0650133, -1.09678, 0.0585117
262.705, 1.12942, -11439.5, 1.18536, -11439.7, 1.25579, -11442.3, -0.00368321, -0.00368315, -0.00368313, 0.04, -1.49181e+35, 0.0650139, -1.0968, 0.0585069
262.756, 1.12944, -11443.5, 1.18538, -11443.7, 1.2558, -11446.3, -0.00368316, -0.0036831, -0.00368308, 0.04, -1.49181e+35, 0.0650147, -1.09683, 0.0585023
262.806, 1.12945, -11447.5, 1.18539, -11447.7, 1.25582, -11450.3, -0.00368313, -0.00368312, -0.0036831, 0.04, -1.49181e+35, 0.0650153, -1.09686, 0.0584978
262.856, 1.12941, -11451.5, 1.18535, -11451.6, 1.25577, -11454.3, -0.00368345, -0.0036834, -0.00368352, 0.04, -1.49181e+35, 0.0650132, -1.09677, 0.0584935
262.907, 1.12942, -11455.4, 1.18536, -11455.6, 1.25578, -11458.3, -0.00368321, -0.00368325, -0.0036832, 0.04, -1.49181e+35, 0.0650133, -1.09679, 0.0584893
262.957, 1.12943, -11459.4, 1.18537, -11459.6, 1.2558, -11462.2, -0.00368319, -0.00368314, -0.00368316, 0.04, -1.49181e+35, 0.0650146, -1.09682, 0.0584853
263, 1.12943, -11462.8, 1.18537, -11463, 1.25579, -11465.7, -0.00368319, -0.00368318, -0.00368315, 0.04, -1.49181e+35, 0.0650143, -1.09681, 0.0584819
263, 1.12943, -11462.8, 1.18537, -11463, 1.25579, -11465.7, -0.00368319, -0.00368318, -0.00368315, 0.04, -1.49181e+35, 0.0650143, -1.09681, 0.0584819
263.051, 1.12944, -11466.8, 1.18538, -11467, 1.25581, -11469.6, -0.00368315, -0.00368313, -0.00368308, 0.04, -1.49181e+35, 0.0650147, -1.09684, 0.0584782
263.101, 1.12938, -11470.8, 1.18532, -11471, 1.25573, -11473.6, -0.00368313, -0.00368312, -0.00368308, 0.04, -1.49181e+35, 0.0650122, -1.09671, 0.0584746
263.151, 1.12941, -11474.8, 1.18535, -11474.9, 1.25577, -11477.6, -0.00368329, -0.00368332, -0.00368331, 0.04, -1.49181e+35, 0.065013, -1.09678, 0.0584711
263.202, 1.12942, -11478.8, 1.18537, -11478.9, 1.25579, -11481.6, -0.00368333, -0.00368332, -0.00368327, 0.04, -1.49181e+35, 0.0650141, -1.0968, 0.0584678
263.252, 1.12944, -11482.7, 1.18538, -11482.9, 1.2558, -11485.5, -0.00368317, -0.00368314, -0.00368312, 0.04, -1.49181e+35, 0.065014, -1.09683, 0.0584646
263.302, 1.12945, -11486.7, 1.18539, -11486.9, 1.25582, -11489.5, -0.00368319, -0.00368317, -0.00368311, 0.04, -1.49181e+35, 0.0650153, -1.09686, 0.0584616
263.353, 1.12941, -11490.7, 1.18535, -11490.9, 1.25577, -11493.5, -0.00368328, -0.00368331, -0.00368339, 0.04, -1.49181e+35, 0.0650133, -1.09677, 0.0584587
263.403, 1.12942, -11494.7, 1.18536, -11494.8, 1.25578, -11497.5, -0.00368323, -0.00368321, -0.00368318, 0.04, -1.49181e+35, 0.0650141, -1.0968, 0.0584559
263.454, 1.12943, -11498.6, 1.18538, -11498.8, 1.2558, -11501.5, -0.00368318, -0.00368314, -0.00368312, 0.04, -1.49181e+35, 0.0650143, -1.09682, 0.0584533
263.504, 1.12945, -11502.6, 1.18539, -11502.8, 1.25581, -11505.4, -0.00368314, -0.0036831, -0.00368307, 0.04, -1.49181e+35, 0.0650152, -1.09685, 0.0584509
263.554, 1.12941, -11506.6, 1.18535, -11506.8, 1.25577, -11509.4, -0.0036835, -0.00368355, -0.00368366, 0.04, -1.49181e+35, 0.065013, -1.09677, 0.0584485
263.605, 1.12942, -11510.6, 1.18536, -11510.7, 1.25578, -11513.4, -0.00368325, -0.00368324, -0.00368324, 0.04, -1.49181e+35, 0.0650137, -1.09679, 0.0584463
263.655, 1.12943, -11514.6, 1.18537, -11514.7, 1.25579, -11517.4, -0.00368316, -0.00368315, -0.00368312, 0.04, -1.49181e+35, 0.0650143, -1.09681, 0.0584442
263.705, 1.12944, -11518.5, 1.18539, -11518.7, 1.25581, -11521.3, -0.00368314, -0.00368313, -0.00368308, 0.04, -1.49181e+35, 0.0650148, -1.09684, 0.0584423
263.756, 1.1294, -11522.5, 1.18534, -11522.7, 1.25576, -11525.3, -0.00368391, -0.00368404, -0.00368434, 0.04, -1.49181e+35, 0.0650131, -1.09676, 0.0584405
263.806, 1.12941, -11526.5, 1.18535, -11526.7, 1.25578, -11529.3, -0.00368327, -0.00368327, -0.00368327, 0.04, -1.49181e+35, 0.0650135, -1.09678, 0.0584388
263.856, 1.12943, -11530.5, 1.18537, -11530.6, 1.25579, -11533.3, -0.00368316, -0.00368314, -0.00368312, 0.04, -1.49181e+35, 0.065014, -1.09681, 0.0584372
263.907, 1.12944, -11534.4, 1.18538, -11534.6, 1.2558, -11537.3, -0.00368315, -0.00368315, -0.0036831, 0.04, -1.49181e+35, 0.0650148, -1.09683, 0.0584358
263.957, 1.12945, -11538.4, 1.1854, -11538.6, 1.25582, -11541.2, -0.00368315, -0.00368312, -0.00368308, 0.04, -1.49181e+35, 0.0650154, -1.09686, 0.0584345
264, 1.12945, -11541.8, 1.18539, -11542, 1.25582, -11544.7, -0.00368313, -0.00368313, -0.00368308, 0.04, -1.49181e+35, 0.0650149, -1.09685, 0.0584335
264, 1.12945, -11541.8, 1.18539, -11542, 1.25582, -11544.7, -0.00368313, -0.00368313, -0.00368308, 0.04, -1.49181e+35, 0.0650159, -1.09685, 0.0584334
264.051, 1.12941, -11545.8, 1.18535, -11546, 1.25577, -11548.6, -0.0036834, -0.00368343, -0.00368351, 0.04, -1.49181e+35, 0.0650129, -1.09677, 0.0584324
264.101, 1.12942, -11549.8, 1.18536, -11550, 1.25578, -11552.6, -0.00368325, -0.00368322, -0.00368324, 0.04, -1.49181e+35, 0.0650136, -1.09679, 0.0584314
264.151, 1.12943, -11553.8, 1.18537, -11554, 1.25579, -11556.6, -0.00372369, -0.00372366, -0.00372362, 0.04, -1.49181e+35, 0.0650148, -1.09682, 0.0584305
264.202, 1.12945, -11557.8, 1.18539, -11558, 1.25581, -11560.6, -0.00372361, -0.00372359, -0.00372352, 0.04, -1.49181e+35, 0.0650158, -1.09684, 0.0584298
264.252, 1.1294, -11561.9, 1.18534, -11562, 1.25576, -11564.7, -0.00372443, -0.00372454, -0.00372482, 0.04, -1.49181e+35, 0.0650129, -1.09676, 0.0584292
264.303, 1.12942, -11565.9, 1.18536, -11566, 1.25578, -11568.7, -0.00372376, -0.0037238, -0.00372379, 0.04, -1.49181e+35, 0.0650136, -1.09679, 0.0584287
264.353, 1.12943, -11569.9, 1.18537, -11570.1, 1.25579, -11572.7, -0.00372367, -0.00372363, -0.00372362, 0.04, -1.49181e+35, 0.0650141, -1.09681, 0.0584283
264.403, 1.12944, -11573.9, 1.18538, -11574.1, 1.25581, -11576.7, -0.00372361, -0.00372359, -0.00372355, 0.04, -1.49181e+35, 0.0650145, -1.09684, 0.0584279
264.454, 1.12938, -11577.9, 1.18532, -11578.1, 1.25573, -11580.8, -0.00372356, -0.00372356, -0.00372352, 0.04, -1.49181e+35, 0.0650119, -1.09671, 0.0584278
264.504, 1.12941, -11582, 1.18535, -11582.1, 1.25577, -11584.8, -0.00372379, -0.00372381, -0.00372379, 0.04, -1.49181e+35, 0.0650136, -1.09678, 0.0584277
264.554, 1.12942, -11586, 1.18536, -11586.1, 1.25579, -11588.8, -0.00372363, -0.00372366, -0.00372365, 0.04, -1.49181e+35, 0.065014, -1.0968, 0.0584277
264.605, 1.12944, -11590, 1.18538, -11590.2, 1.2558, -11592.8, -0.00372361, -0.0037236, -0.00372355, 0.04, -1.49181e+35, 0.0650144, -1.09683, 0.0584278
264.655, 1.12945, -11594, 1.18539, -11594.2, 1.25582, -11596.8, -0.0037236, -0.00372359, -0.00372351, 0.04, -1.49181e+35, 0.0650151, -1.09686, 0.058428
264.705, 1.12941, -11598.1, 1.18535, -11598.2, 1.25577, -11600.9, -0.00372395, -0.00372391, -0.003724, 0.04, -1.49181e+35, 0.0650132, -1.09677, 0.0584284
264.756, 1.12942, -11602.1, 1.18536, -11602.2, 1.25578, -11604.9, -0.00372368, -0.0037237, -0.00372368, 0.04, -1.49181e+35, 0.0650136, -1.09679, 0.0584288
264.806, 1.12943, -11606.1, 1.18538, -11606.3, 1.2558, -11608.9, -0.0037236, -0.00372365, -0.00372357, 0.04, -1.49181e+35, 0.0650144, -1.09682, 0.0584293
264.856, 1.12945, -11610.1, 1.18539, -11610.3, 1.25581, -11612.9, -0.00372365, -0.00372363, -0.00372354, 0.04, -1.49181e+35, 0.065015, -1.09685, 0.0584299
264.907, 1.12941, -11614.1, 1.18535, -11614.3, 1.25577, -11616.9, -0.00372399, -0.00372406, -0.00372408, 0.04, -1.49181e+35, 0.0650132, -1.09677, 0.0584306
264.957, 1.12942, -11618.2, 1.18536, -11618.3, 1.25578, -11621, -0.00372368, -0.00372372, -0.00372369, 0.04, -1.49181e+35, 0.0650136, -1.09679, 0.0584314
265, 1.12941, -11621.6, 1.18535, -11621.8, 1.25578, -11624.4, -0.00372371, -0.00372374, -0.0037238, 0.04, -1.49181e+35, 0.0650135, -1.09678, 0.0584322
265, 1.12941, -11621.6, 1.18535, -11621.8, 1.25578, -11624.4, -0.00372371, -0.00372374, -0.0037238, 0.04, -1.49181e+35, 0.065014, -1.09678, 0.0584322
265.051, 1.12942, -11625.6, 1.18537, -11625.8, 1.25579, -11628.4, -0.0037237, -0.00372366, -0.00372364, 0.04, -1.49181e+35, 0.0650138, -1.0968, 0.0584331
265.101, 1.12944, -11629.7, 1.18538, -11629.8, 1.2558, -11632.5, -0.00372364, -0.00372361, -0.00372355, 0.04, -1.49181e+35, 0.0650147, -1.09683, 0.0584341
265.151, 1.12945, -11633.7, 1.1854, -11633.8, 1.25582, -11636.5, -0.00372362, -0.00372361, -0.00372362, 0.04, -1.49181e+35, 0.0650155, -1.09686, 0.0584353
265.202, 1.12941, -11637.7, 1.18535, -11637.9, 1.25577, -11640.5, -0.00372383, -0.00372374, -0.00372392, 0.04, -1.49181e+35, 0.0650133, -1.09678, 0.0584365
265.252, 1.12942, -11641.7, 1.18536, -11641.9, 1.25578, -11644.5, -0.00372375, -0.00372371, -0.0037237, 0.04, -1.49181e+35, 0.0650141, -1.0968, 0.0584378
265.303, 1.12943, -11645.7, 1.18538, -11645.9, 1.2558, -11648.6, -0.0037235, -0.00372365, -0.00372349, 0.04, -1.49181e+35, 0.0650145, -1.09682, 0.0584391
265.353, 1.12945, -11649.8, 1.18539, -11649.9, 1.25581, -11652.6, -0.00372366, -0.00372365, -0.00372356, 0.04, -1.49181e+35, 0.0650155, -1.09685, 0.0584406
265.403, 1.12941, -11653.8, 1.18535, -11654, 1.25577, -11656.6, -0.00372384, -0.00372395, -0.00372397, 0.04, -1.49181e+35, 0.0650136, -1.09677, 0.0584421
265.454, 1.12942, -11657.8, 1.18536, -11658, 1.25578, -11660.6, -0.00372372, -0.00372368, -0.00372366, 0.04, -1.49181e+35, 0.0650138, -1.09679, 0.0584437
265.504, 1.12943, -11661.8, 1.18537, -11662, 1.25579, -11664.6, -0.00372368, -0.00372365, -0.00372365, 0.04, -1.49181e+35, 0.0650141, -1.09682, 0.0584453
265.554, 1.12945, -11665.9, 1.18539, -11666, 1.25581, -11668.7, -0.00372364, -0.00372361, -0.00372349, 0.04, -1.49181e+35, 0.065015, -1.09684, 0.058447
265.605, 1.1294, -11669.9, 1.18534, -11670, 1.25577, -11672.7, -0.0037244, -0.00372457, -0.00372484, 0.04, -1.49181e+35, 0.0650136, -1.09677, 0.0584489
265.655, 1.12941, -11673.9, 1.18536, -11674.1, 1.25578, -11676.7, -0.00372378, -0.00372373, -0.00372372, 0.04, -1.49181e+35, 0.0650139, -1.09679, 0.0584507
265.705, 1.12943, -11677.9, 1.18537, -11678.1, 1.25579, -11680.7, -0.00372364, -0.0037237, -0.00372354, 0.04, -1.49181e+35, 0.0650144, -1.09681, 0.0584527
265.756, 1.12944, -11681.9, 1.18538, -11682.1, 1.25581, -11684.7, -0.00372358, -0.00372356, -0.0037236, 0.04, -1.49181e+35, 0.0650147, -1.09684, 0.0584547
265.806, 1.12938, -11686, 1.18531, -11686.1, 1.25573, -11688.8, -0.00372358, -0.00372355, -0.00372348, 0.04, -1.49181e+35, 0.0650121, -1.09671, 0.0584567
265.856, 1.12941, -11690, 1.18535, -11690.1, 1.25577, -11692.8, -0.0037238, -0.00372369, -0.00372387, 0.04, -1.49181e+35, 0.0650134, -1.09678, 0.0584588
265.907, 1.12942, -11694, 1.18536, -11694.2, 1.25579, -11696.8, -0.00372362, -0.00372356, -0.00372355, 0.04, -1.49181e+35, 0.0650141, -1.0968, 0.058461
265.957, 1.12944, -11698, 1.18538, -11698.2, 1.2558, -11700.8, -0.00372354, -0.00372367, -0.00372361, 0.04, -1.49181e+35, 0.0650145, -1.09683, 0.0584633
266, 1.12943, -11701.5, 1.18537, -11701.6, 1.2558, -11704.3, -0.0037237, -0.00372367, -0.00372351, 0.04, -1.49181e+35, 0.0650142, -1.09682, 0.0584653
266, 1.12943, -11701.5, 1.18537, -11701.6, 1.2558, -11704.3, -0.0037237, -0.00372367, -0.00372351, 0.04, -1.49181e+35, 0.0650148, -1.09682, 0.0584653
266.051, 1.12945, -11705.5, 1.18539, -11705.7, 1.25581, -11708.3, -0.00372368, -0.00372366, -0.00372355, 0.04, -1.49181e+35, 0.065015, -1.09685, 0.0584676
266.101, 1.12941, -11709.5, 1.18535, -11709.7, 1.25577, -11712.3, -0.00372393, -0.00372405, -0.00372409, 0.04, -1.49181e+35, 0.065013, -1.09677, 0.05847
266.152, 1.12942, -11713.6, 1.18536, -11713.7, 1.25578, -11716.4, -0.00372361, -0.00372375, -0.00372372, 0.04, -1.49181e+35, 0.0650137, -1.09679, 0.0584725
266.202, 1.12943, -11717.6, 1.18537, -11717.7, 1.25579, -11720.4, -0.00372369, -0.00372366, -0.00372363, 0.04, -1.49181e+35, 0.065014, -1.09681, 0.058475
266.252, 1.12944, -11721.6, 1.18538, -11721.8, 1.25581, -11724.4, -0.00376412, -0.00376409, -0.00376397, 0.04, -1.49181e+35, 0.0650149, -1.09684, 0.0584775
266.303, 1.12938, -11725.7, 1.18532, -11725.9, 1.25574, -11728.5, -0.00376413, -0.00376412, -0.00376406, 0.04, -1.49181e+35, 0.065012, -1.09671, 0.0584801
266.353, 1.12941, -11729.8, 1.18535, -11729.9, 1.25577, -11732.6, -0.00376429, -0.00376425, -0.00376424, 0.04, -1.49181e+35, 0.0650133, -1.09678, 0.0584827
266.403, 1.12942, -11733.8, 1.18537, -11734, 1.25579, -11736.6, -0.00376414, -0.00376408, -0.00376406, 0.04, -1.49181e+35, 0.0650135, -1.0968, 0.0584854
266.454, 1.12944, -11737.9, 1.18538, -11738.1, 1.2558, -11740.7, -0.00376409, -0.00376405, -0.00376408, 0.04, -1.49181e+35, 0.0650149, -1.09683, 0.0584881
266.504, 1.12945, -11742, 1.1854, -11742.1, 1.25582, -11744.8, -0.00376407, -0.00376407, -0.00376394, 0.04, -1.49181e+35, 0.0650151, -1.09686, 0.0584908
266.554, 1.12941, -11746, 1.18535, -11746.2, 1.25577, -11748.8, -0.00376432, -0.00376427, -0.00376425, 0.04, -1.49181e+35, 0.0650133, -1.09677, 0.0584936
266.605, 1.12942, -11750.1, 1.18536, -11750.3, 1.25578, -11752.9, -0.00376413, -0.0037641, -0.00376425, 0.04, -1.49181e+35, 0.0650142, -1.0968, 0.0584964
266.655, 1.12943, -11754.2, 1.18538, -11754.3, 1.2558, -11757, -0.0037641, -0.00376404, -0.00376405, 0.04, -1.49181e+35, 0.0650142, -1.09682, 0.0584993
266.705, 1.12945, -11758.2, 1.18539, -11758.4, 1.25581, -11761, -0.00376415, -0.00376415, -0.00376407, 0.04, -1.49181e+35, 0.0650148, -1.09685, 0.0585022
266.756, 1.12941, -11762.3, 1.18535, -11762.5, 1.25577, -11765.1, -0.00376443, -0.00376438, -0.0037646, 0.04, -1.49181e+35, 0.0650132, -1.09677, 0.0585051
266.806, 1.12942, -11766.4, 1.18536, -11766.5, 1.25578, -11769.2, -0.00376417, -0.0037642, -0.00376418, 0.04, -1.49181e+35, 0.0650134, -1.09679, 0.0585081
266.856, 1.12943, -11770.4, 1.18537, -11770.6, 1.25579, -11773.2, -0.00376419, -0.00376415, -0.00376408, 0.04, -1.49181e+35, 0.0650141, -1.09681, 0.0585111
266.907, 1.12944, -11774.5, 1.18539, -11774.6, 1.25581, -11777.3, -0.00376405, -0.00376405, -0.00376402, 0.04, -1.49181e+35, 0.065015, -1.09684, 0.0585141
266.957, 1.1294, -11778.6, 1.18534, -11778.7, 1.25576, -11781.4, -0.00376483, -0.00376498, -0.00376527, 0.04, -1.49181e+35, 0.0650132, -1.09676, 0.0585172
267, 1.12945, -11782, 1.1854, -11782.2, 1.25582, -11784.9, -0.00376405, -0.00376407, -0.00376398, 0.04, -1.49181e+35, 0.0650153, -1.09686, 0.0585198
267, 1.12945, -11782, 1.1854, -11782.2, 1.25582, -11784.9, -0.00376405, -0.00376407, -0.00376398, 0.04, -1.49181e+35, 0.0650159, -1.09686, 0.0585198
267.051, 1.12941, -11786.1, 1.18535, -11786.3, 1.25577, -11788.9, -0.00376433, -0.00376428, -0.00376436, 0.04, -1.49181e+35, 0.0650133, -1.09678, 0.0585229
267.101, 1.12942, -11790.2, 1.18536, -11790.3, 1.25578, -11793, -0.00376411, -0.00376416, -0.00376412, 0.04, -1.49181e+35, 0.0650138, -1.0968, 0.0585261
267.152, 1.12944, -11794.2, 1.18538, -11794.4, 1.2558, -11797.1, -0.00376414, -0.0037641, -0.00376403, 0.04, -1.49181e+35, 0.0650145, -1.09682, 0.0585292
267.202, 1.12945, -11798.3, 1.18539, -11798.5, 1.25582, -11801.1, -0.0037641, -0.00376411, -0.00376402, 0.04, -1.49181e+35, 0.0650151, -1.09686, 0.0585324
267.252, 1.12941, -11802.4, 1.18535, -11802.5, 1.25577, -11805.2, -0.00376437, -0.0037644, -0.00376441, 0.04, -1.49181e+35, 0.065013, -1.09677, 0.0585357
267.303, 1.12942, -11806.4, 1.18536, -11806.6, 1.25578, -11809.2, -0.00376419, -0.00376414, -0.0037642, 0.04, -1.49181e+35, 0.0650136, -1.09679, 0.0585389
267.353, 1.12943, -11810.5, 1.18537, -11810.7, 1.2558, -11813.3, -0.0037641, -0.00376407, -0.00376407, 0.04, -1.49181e+35, 0.0650145, -1.09682, 0.0585421
267.403, 1.12945, -11814.6, 1.18539, -11814.7, 1.25581, -11817.4, -0.00376414, -0.00376412, -0.00376402, 0.04, -1.49181e+35, 0.0650147, -1.09685, 0.0585453
267.454, 1.12941, -11818.6, 1.18535, -11818.8, 1.25577, -11821.4, -0.00376482, -0.00376499, -0.00376527, 0.04, -1.49181e+35, 0.0650133, -1.09677, 0.0585486
267.504, 1.12942, -11822.7, 1.18536, -11822.9, 1.25578, -11825.5, -0.00376418, -0.00376421, -0.00376422, 0.04, -1.49181e+35, 0.0650136, -1.09679, 0.0585518
267.554, 1.12943, -11826.8, 1.18537, -11826.9, 1.25579, -11829.6, -0.00376404, -0.00376402, -0.00376399, 0.04, -1.49181e+35, 0.0650141, -1.09681, 0.0585551
267.605, 1.12944, -11830.8, 1.18538, -11831, 1.25581, -11833.6, -0.00376408, -0.00376408, -0.00376405, 0.04, -1.49181e+35, 0.0650147, -1.09684, 0.0585584
267.655, 1.12938, -11834.9, 1.18532, -11835.1, 1.25573, -11837.7, -0.00376408, -0.00376409, -0.00376403, 0.04, -1.49181e+35, 0.0650122, -1.09671, 0.0585618
267.705, 1.12941, -11839, 1.18535, -11839.1, 1.25577, -11841.8, -0.00376422, -0.00376425, -0.00376428, 0.04, -1.49181e+35, 0.0650132, -1.09678, 0.0585651
267.756, 1.12942, -11843, 1.18537, -11843.2, 1.25579, -11845.8, -0.00376409, -0.00376412, -0.0037641, 0.04, -1.49181e+35, 0.0650141, -1.0968, 0.0585684
267.806, 1.12944, -11847.1, 1.18538, -11847.3, 1.2558, -11849.9, -0.00376407, -0.00376405, -0.00376398, 0.04, -1.49181e+35, 0.0650144, -1.09683, 0.0585717
267.857, 1.12945, -11851.2, 1.1854, -11851.3, 1.25582, -11854, -0.0037641, -0.00376409, -0.00376404, 0.04, -1.49181e+35, 0.0650152, -1.09686, 0.058575
267.907, 1.12941, -11855.2, 1.18535, -11855.4, 1.25577, -11858, -0.00376429, -0.00376434, -0.00376437, 0.04, -1.49181e+35, 0.0650134, -1.09677, 0.0585784
267.957, 1.12942, -11859.3, 1.18536, -11859.5, 1.25578, -11862.1, -0.00376413, -0.00376412, -0.00376411, 0.04, -1.49181e+35, 0.065014, -1.0968, 0.0585818
268.001, 1.12942, -11862.8, 1.18536, -11862.9, 1.25578, -11865.6, -0.00376421, -0.00376419, -0.00376419, 0.04, -1.49181e+35, 0.0650138, -1.09679, 0.0585846
268.001, 1.12942, -11862.8, 1.18536, -11862.9, 1.25578, -11865.6, -0.00376421, -0.00376419, -0.00376419, 0.04, -1.49181e+35, 0.065014, -1.09679, 0.0585846
268.051, 1.12943, -11866.9, 1.18537, -11867, 1.25579, -11869.7, -0.00376413, -0.00376413, -0.00376409, 0.04, -1.49181e+35, 0.0650142, -1.09681, 0.058588
268.101, 1.12944, -11870.9, 1.18538, -11871.1, 1.25581, -11873.7, -0.00376408, -0.00376407, -0.00376402, 0.04, -1.49181e+35, 0.0650148, -1.09684, 0.0585913
268.152, 1.12938, -11875, 1.18532, -11875.1, 1.25574, -11877.8, -0.00376408, -0.00376406, -0.00376401, 0.04, -1.49181e+35, 0.0650119, -1.09671, 0.0585947
268.202, 1.12941, -11879, 1.18535, -11879.2, 1.25577, -11881.9, -0.00376422, -0.00376422, -0.00376423, 0.04, -1.49181e+35, 0.0650135, -1.09678, 0.058598
268.252, 1.12943, -11883.1, 1.18537, -11883.3, 1.25579, -11885.9, -0.00376414, -0.00376413, -0.0037641, 0.04, -1.49181e+35, 0.065014, -1.09681, 0.0586014
268.303, 1.12944, -11887.2, 1.18538, -11887.3, 1.2558, -11890, -0.00376409, -0.00376409, -0.00376403, 0.04, -1.49181e+35, 0.0650147, -1.09683, 0.0586047
268.353, 1.12945, -11891.2, 1.1854, -11891.4, 1.25582, -11894, -0.00376409, -0.00376405, -0.00376401, 0.04, -1.49181e+35, 0.0650154, -1.09686, 0.058608
268.403, 1.12941, -11895.3, 1.18535, -11895.5, 1.25577, -11898.1, -0.00376429, -0.0037643, -0.00376433, 0.04, -1.49181e+35, 0.065013, -1.09678, 0.0586114
268.454, 1.12942, -11899.4, 1.18536, -11899.5, 1.25579, -11902.2, -0.00376412, -0.00376414, -0.00376411, 0.04, -1.49181e+35, 0.0650139, -1.0968, 0.0586147
268.504, 1.12944, -11903.4, 1.18538, -11903.6, 1.2558, -11906.2, -0.00376411, -0.00376412, -0.00376406, 0.04, -1.49181e+35, 0.0650146, -1.09682, 0.0586181
268.554, 1.12945, -11907.5, 1.18539, -11907.7, 1.25582, -11910.3, -0.00376408, -0.00376408, -0.00376406, 0.04, -1.49181e+35, 0.0650155, -1.09685, 0.0586214
268.605, 1.12941, -11911.6, 1.18535, -11911.7, 1.25577, -11914.4, -0.0037643, -0.00376432, -0.00376443, 0.04, -1.49181e+35, 0.0650131, -1.09677, 0.0586247
268.655, 1.12942, -11915.6, 1.18536, -11915.8, 1.25578, -11918.4, -0.00376419, -0.00376421, -0.00376415, 0.04, -1.49181e+35, 0.065014, -1.09679, 0.0586279
268.705, 1.12943, -11919.7, 1.18537, -11919.9, 1.2558, -11922.5, -0.00376411, -0.00376408, -0.00376404, 0.04, -1.49181e+35, 0.0650147, -1.09682, 0.0586312
268.756, 1.12945, -11923.8, 1.18539, -11923.9, 1.25581, -11926.6, -0.0037641, -0.00376408, -0.00376403, 0.04, -1.49181e+35, 0.0650145, -1.09685, 0.0586345
268.806, 1.1294, -11927.8, 1.18534, -11928, 1.25577, -11930.6, -0.00376487, -0.003765, -0.00376532, 0.04, -1.49181e+35, 0.065013, -1.09676, 0.0586377
268.857, 1.12941, -11931.9, 1.18536, -11932.1, 1.25578, -11934.7, -0.00376419, -0.00376422, -0.00376423, 0.04, -1.49181e+35, 0.0650134, -1.09678, 0.0586409
268.907, 1.12943, -11936, 1.18537, -11936.1, 1.25579, -11938.8, -0.00376412, -0.00376411, -0.0037641, 0.04, -1.49181e+35, 0.0650139, -1.09681, 0.0586442
268.957, 1.12944, -11940, 1.18538, -11940.2, 1.25581, -11942.8, -0.00376414, -0.0037641, -0.00376407, 0.04, -1.49181e+35, 0.0650152, -1.09684, 0.0586474
269.001, 1.12944, -11943.5, 1.18538, -11943.7, 1.2558, -11946.3, -0.00376407, -0.00376404, -0.00376399, 0.04, -1.49181e+35, 0.0650148, -1.09683, 0.0586502
269.001, 1.12944, -11943.5, 1.18538, -11943.7, 1.2558, -11946.3, -0.00376407, -0.00376404, -0.00376399, 0.04, -1.49181e+35, 0.0650152, -1.09683, 0.0586502
269.051, 1.12945, -11947.6, 1.18539, -11947.8, 1.25582, -11950.4, -0.00376404, -0.00376403, -0.00376404, 0.04, -1.49181e+35, 0.065015, -1.09686, 0.0586534
269.101, 1.12941, -11951.7, 1.18535, -11951.8, 1.25577, -11954.5, -0.00376438, -0.00376442, -0.00376442, 0.04, -1.49181e+35, 0.0650131, -1.09677, 0.0586566
269.152, 1.12942, -11955.7, 1.18536, -11955.9, 1.25578, -11958.5, -0.00376412, -0.00376416, -0.00376409, 0.04, -1.49181e+35, 0.0650135, -1.09679, 0.0586597
269.202, 1.12943, -11959.8, 1.18537, -11959.9, 1.2558, -11962.6, -0.00376411, -0.00376407, -0.00376409, 0.04, -1.49181e+35, 0.0650144, -1.09682, 0.0586629
269.252, 1.12945, -11963.9, 1.18539, -11964, 1.25581, -11966.7, -0.00376407, -0.00376404, -0.00376406, 0.04, -1.49181e+35, 0.065015, -1.09685, 0.058666
269.303, 1.12941, -11967.9, 1.18535, -11968.1, 1.25577, -11970.7, -0.00376443, -0.00376447, -0.0037646, 0.04, -1.49181e+35, 0.0650131, -1.09677, 0.0586691
269.353, 1.12942, -11972, 1.18536, -11972.1, 1.25578, -11974.8, -0.00376421, -0.00376423, -0.00376421, 0.04, -1.49181e+35, 0.0650136, -1.09679, 0.0586722
269.403, 1.12943, -11976, 1.18537, -11976.2, 1.25579, -11978.9, -0.00376408, -0.00376413, -0.00376405, 0.04, -1.49181e+35, 0.0650142, -1.09681, 0.0586752
269.454, 1.12944, -11980.1, 1.18538, -11980.3, 1.25581, -11982.9, -0.00376412, -0.00376409, -0.00376406, 0.04, -1.49181e+35, 0.0650148, -1.09684, 0.0586783
269.504, 1.12938, -11984.2, 1.18532, -11984.3, 1.25574, -11987, -0.0037641, -0.00376411, -0.00376405, 0.04, -1.49181e+35, 0.065012, -1.09671, 0.0586813
269.554, 1.12941, -11988.2, 1.18535, -11988.4, 1.25577, -11991, -0.00376418, -0.0037642, -0.00376419, 0.04, -1.49181e+35, 0.0650135, -1.09678, 0.0586842
269.605, 1.12943, -11992.3, 1.18537, -11992.5, 1.25579, -11995.1, -0.00376414, -0.00376409, -0.00376408, 0.04, -1.49181e+35, 0.065014, -1.09681, 0.0586872
269.655, 1.12944, -11996.4, 1.18538, -11996.5, 1.2558, -11999.2, -0.0037641, -0.00376409, -0.00376393, 0.04, -1.49181e+35, 0.065015, -1.09683, 0.0586902
269.706, 1.12945, -12000.4, 1.1854, -12000.6, 1.25582, -12003.2, -0.00376406, -0.00376407, -0.00376399, 0.04, -1.49181e+35, 0.0650154, -1.09686, 0.0586931
269.756, 1.12941, -12004.5, 1.18535, -12004.7, 1.25577, -12007.3, -0.00376431, -0.00376429, -0.00376441, 0.04, -1.49181e+35, 0.0650132, -1.09677, 0.0586959
269.806, 1.12942, -12008.6, 1.18536, -12008.7, 1.25578, -12011.4, -0.00376411, -0.00376422, -0.00376403, 0.04, -1.49181e+35, 0.0650141, -1.0968, 0.0586988
269.857, 1.12943, -12012.6, 1.18538, -12012.8, 1.2558, -12015.4, -0.00376422, -0.00376414, -0.00376403, 0.04, -1.49181e+35, 0.0650144, -1.09682, 0.0587017
269.907, 1.12945, -12016.7, 1.18539, -12016.9, 1.25582, -12019.5, -0.00376399, -0.00376398, -0.00376407, 0.04, -1.49181e+35, 0.0650152, -1.09685, 0.0587045
269.957, 1.12941, -12020.8, 1.18535, -12020.9, 1.25577, -12023.6, -0.00376435, -0.00376432, -0.00376447, 0.04, -1.49181e+35, 0.0650128, -1.09677, 0.0587073
270.001, 1.1294, -12024.3, 1.18534, -12024.4, 1.25576, -12027.1, -0.00376492, -0.00376492, -0.00376533, 0.04, -1.49181e+35, 0.0650129, -1.09676, 0.0587097
270.001, 1.1294, -12024.3, 1.18534, -12024.4, 1.25576, -12027.1, -0.00376492, -0.00376492, -0.00376533, 0.04, -1.49181e+35, 0.0650138, -1.09676, 0.0587097
270.051, 1.12942, -12028.3, 1.18536, -12028.5, 1.25578, -12031.1, -0.00376426, -0.00376425, -0.00376423, 0.04, -1.49181e+35, 0.0650131, -1.09678, 0.0587125
270.101, 1.12943, -12032.4, 1.18537, -12032.6, 1.25579, -12035.2, -0.00376417, -0.00376414, -0.00376411, 0.04, -1.49181e+35, 0.0650141, -1.09681, 0.0587152
270.152, 1.12944, -12036.5, 1.18538, -12036.6, 1.2558, -12039.3, -0.0037641, -0.00376408, -0.00376408, 0.04, -1.49181e+35, 0.0650149, -1.09683, 0.0587179
270.202, 1.12946, -12040.5, 1.1854, -12040.7, 1.25582, -12043.3, -0.00376406, -0.00376408, -0.00376402, 0.04, -1.49181e+35, 0.065015, -1.09686, 0.0587206
270.252, 1.12941, -12044.6, 1.18535, -12044.8, 1.25577, -12047.4, -0.00376428, -0.00376427, -0.00376436, 0.04, -1.49181e+35, 0.0650133, -1.09678, 0.0587232
270.303, 1.12942, -12048.7, 1.18536, -12048.8, 1.25579, -12051.5, -0.00376415, -0.00376409, -0.00376407, 0.04, -1.49181e+35, 0.0650137, -1.0968, 0.0587257
270.353, 1.12944, -12052.7, 1.18538, -12052.9, 1.2558, -12055.5, -0.0037641, -0.00376401, -0.00376408, 0.04, -1.49181e+35, 0.0650146, -1.09683, 0.0587283
270.403, 1.12945, -12056.8, 1.18539, -12056.9, 1.25582, -12059.6, -0.003764, -0.00376404, -0.00376394, 0.04, -1.49181e+35, 0.0650152, -1.09686, 0.0587308
270.454, 1.12941, -12060.9, 1.18535, -12061, 1.25577, -12063.7, -0.00376443, -0.00376438, -0.00376438, 0.04, -1.49181e+35, 0.0650132, -1.09677, 0.0587333
270.504, 1.12942, -12064.9, 1.18536, -12065.1, 1.25578, -12067.7, -0.00376418, -0.00376412, -0.00376408, 0.04, -1.49181e+35, 0.0650138, -1.09679, 0.0587357
270.554, 1.12943, -12069, 1.18537, -12069.1, 1.2558, -12071.8, -0.00376403, -0.00376401, -0.003764, 0.04, -1.49181e+35, 0.0650141, -1.09682, 0.0587381
270.605, 1.12945, -12073, 1.18539, -12073.2, 1.25581, -12075.9, -0.00376405, -0.00376399, -0.00376409, 0.04, -1.49181e+35, 0.065015, -1.09685, 0.0587405
270.655, 1.12941, -12077.1, 1.18535, -12077.3, 1.25577, -12079.9, -0.00376448, -0.00376446, -0.00376463, 0.04, -1.49181e+35, 0.0650133, -1.09677, 0.0587429
270.706, 1.12942, -12081.2, 1.18536, -12081.3, 1.25578, -12084, -0.00376417, -0.00376409, -0.00376425, 0.04, -1.49181e+35, 0.0650133, -1.09679, 0.0587453
270.756, 1.12943, -12085.2, 1.18537, -12085.4, 1.25579, -12088, -0.00376404, -0.00376417, -0.003764, 0.04, -1.49181e+35, 0.0650142, -1.09681, 0.0587476
270.806, 1.12944, -12089.3, 1.18538, -12089.5, 1.25581, -12092.1, -0.00376415, -0.00376414, -0.00376398, 0.04, -1.49181e+35, 0.0650144, -1.09684, 0.0587499
270.857, 1.12938, -12093.4, 1.18532, -12093.5, 1.25573, -12096.2, -0.00376413, -0.00376398, -0.00376407, 0.04, -1.49181e+35, 0.0650118, -1.09671, 0.0587522
270.907, 1.12941, -12097.4, 1.18535, -12097.6, 1.25577, -12100.2, -0.0037643, -0.00376431, -0.00376431, 0.04, -1.49181e+35, 0.0650134, -1.09678, 0.0587544
270.957, 1.12942, -12101.5, 1.18537, -12101.7, 1.25579, -12104.3, -0.00376416, -0.00376414, -0.00376412, 0.04, -1.49181e+35, 0.065014, -1.0968, 0.0587566
271.001, 1.12942, -12105, 1.18536, -12105.2, 1.25578, -12107.8, -0.00376416, -0.00376413, -0.00376407, 0.04, -1.49181e+35, 0.0650137, -1.0968, 0.0587584
271.001, 1.12942, -12105, 1.18536, -12105.2, 1.25578, -12107.8, -0.00376416, -0.00376413, -0.00376407, 0.0415057, -1.49181e+35, 0.0650144, -1.0968, 0.0587584
271.051, 1.12943, -12109.1, 1.18538, -12109.2, 1.2558, -12111.9, -0.00376407, -0.00376405, -0.00376405, 0.0415057, -1.49181e+35, 0.0650141, -1.09682, 0.0587976
271.101, 1.12945, -12113.1, 1.18539, -12113.3, 1.25581, -12115.9, -0.00376405, -0.00376404, -0.00376394, 0.0415057, -1.49181e+35, 0.0650149, -1.09685, 0.0588357
271.152, 1.12941, -12117.2, 1.18535, -12117.4, 1.25577, -12120, -0.00376451, -0.00376446, -0.00376469, 0.0415057, -1.49181e+35, 0.0650131, -1.09677, 0.0588727
271.202, 1.12942, -12121.3, 1.18536, -12121.4, 1.25578, -12124.1, -0.00376419, -0.00376414, -0.0037641, 0.0415057, -1.49181e+35, 0.0650138, -1.09679, 0.0589087
271.252, 1.12943, -12125.3, 1.18537, -12125.5, 1.25579, -12128.1, -0.00376402, -0.00376415, -0.00376411, 0.0415057, -1.49181e+35, 0.0650145, -1.09681, 0.0589436
271.303, 1.12944, -12129.4, 1.18539, -12129.6, 1.25581, -12132.2, -0.00376406, -0.00376406, -0.00376403, 0.0415057, -1.49181e+35, 0.0650145, -1.09684, 0.0589776
271.353, 1.1294, -12133.5, 1.18534, -12133.6, 1.25576, -12136.3, -0.00376486, -0.00376503, -0.00376531, 0.0415057, -1.49181e+35, 0.0650129, -1.09676, 0.0590106
271.403, 1.12941, -12137.5, 1.18536, -12137.7, 1.25578, -12140.3, -0.00376417, -0.00376418, -0.00376425, 0.0415057, -1.49181e+35, 0.0650137, -1.09678, 0.0590427
271.454, 1.12943, -12141.6, 1.18537, -12141.7, 1.25579, -12144.4, -0.0037641, -0.00376414, -0.00376406, 0.0415057, -1.49181e+35, 0.0650141, -1.09681, 0.0590739
271.504, 1.12944, -12145.7, 1.18538, -12145.8, 1.25581, -12148.5, -0.00376406, -0.00376411, -0.00376407, 0.0415057, -1.49181e+35, 0.0650147, -1.09684, 0.0591043
271.555, 1.12946, -12149.7, 1.1854, -12149.9, 1.25582, -12152.5, -0.00376412, -0.00376402, -0.00376405, 0.0415057, -1.49181e+35, 0.0650153, -1.09686, 0.0591338
271.605, 1.12941, -12153.8, 1.18535, -12153.9, 1.25577, -12156.6, -0.00376425, -0.00376428, -0.00376433, 0.0415057, -1.49181e+35, 0.0650133, -1.09678, 0.0591626
271.655, 1.12942, -12157.8, 1.18536, -12158, 1.25578, -12160.7, -0.00376418, -0.0037641, -0.00376409, 0.0415057, -1.49181e+35, 0.0650139, -1.0968, 0.0591905
271.706, 1.12944, -12161.9, 1.18538, -12162.1, 1.2558, -12164.7, -0.00376411, -0.00376407, -0.00376401, 0.0415057, -1.49181e+35, 0.0650144, -1.09683, 0.0592177
271.756, 1.12945, -12166, 1.18539, -12166.1, 1.25582, -12168.8, -0.00376408, -0.00376408, -0.00376406, 0.0415057, -1.49181e+35, 0.065015, -1.09686, 0.0592442
271.806, 1.12941, -12170, 1.18535, -12170.2, 1.25577, -12172.8, -0.00376439, -0.00376435, -0.00376447, 0.0415057, -1.49181e+35, 0.0650134, -1.09677, 0.0592699
271.857, 1.12942, -12174.1, 1.18536, -12174.3, 1.25578, -12176.9, -0.00376417, -0.00376418, -0.00376416, 0.0415057, -1.49181e+35, 0.0650138, -1.09679, 0.059295
271.907, 1.12943, -12178.2, 1.18537, -12178.3, 1.2558, -12181, -0.00376408, -0.00376412, -0.00376405, 0.0415057, -1.49181e+35, 0.065014, -1.09682, 0.0593193
271.957, 1.12945, -12182.2, 1.18539, -12182.4, 1.25581, -12185, -0.0037641, -0.00376408, -0.00376402, 0.0415057, -1.49181e+35, 0.0650151, -1.09685, 0.059343
272.001, 1.12944, -12185.7, 1.18538, -12185.9, 1.25581, -12188.5, -0.00376407, -0.00376408, -0.00376405, 0.0415057, -1.49181e+35, 0.065015, -1.09684, 0.0593629
272.001, 1.12944, -12185.7, 1.18538, -12185.9, 1.25581, -12188.5, -0.00376407, -0.00376408, -0.00376405, 0.0430113, -1.49181e+35, 0.0650153, -1.09684, 0.059363
272.051, 1.12938, -12189.8, 1.18532, -12190, 1.25573, -12192.6, -0.00376409, -0.00376408, -0.00376403, 0.0430113, -1.49181e+35, 0.0650113, -1.09671, 0.0594225
272.101, 1.12941, -12193.9, 1.18535, -12194, 1.25577, -12196.7, -0.00376426, -0.00376424, -0.00376427, 0.0430113, -1.49181e+35, 0.0650136, -1.09678, 0.0594804
272.152, 1.12942, -12197.9, 1.18537, -12198.1, 1.25579, -12200.7, -0.00376414, -0.00376412, -0.00376407, 0.0430113, -1.49181e+35, 0.0650138, -1.0968, 0.0595366
272.202, 1.12944, -12202, 1.18538, -12202.2, 1.2558, -12204.8, -0.00376413, -0.00376409, -0.00376406, 0.0430113, -1.49181e+35, 0.0650142, -1.09683, 0.0595913
272.252, 1.12945, -12206.1, 1.18539, -12206.2, 1.25582, -12208.9, -0.00376404, -0.00376405, -0.00376402, 0.0430113, -1.49181e+35, 0.0650152, -1.09686, 0.0596443
272.303, 1.12941, -12210.1, 1.18535, -12210.3, 1.25577, -12212.9, -0.00376427, -0.00376429, -0.00376434, 0.0430113, -1.49181e+35, 0.0650131, -1.09677, 0.0596959
272.353, 1.12942, -12214.2, 1.18536, -12214.3, 1.25578, -12217, -0.00372368, -0.00372366, -0.00372366, 0.0430113, -1.49181e+35, 0.0650133, -1.09679, 0.059746
272.403, 1.12943, -12218.2, 1.18538, -12218.3, 1.2558, -12221, -0.00372361, -0.00372362, -0.00372359, 0.0430113, -1.49181e+35, 0.0650145, -1.09682, 0.0597947
272.454, 1.12945, -12222.2, 1.18539, -12222.4, 1.25581, -12225, -0.00372359, -0.00372357, -0.00372354, 0.0430113, -1.49181e+35, 0.0650153, -1.09685, 0.059842
272.504, 1.12941, -12226.2, 1.18535, -12226.4, 1.25577, -12229, -0.00372397, -0.00372403, -0.00372413, 0.0430113, -1.49181e+35, 0.0650134, -1.09677, 0.059888
272.555, 1.12942, -12230.2, 1.18536, -12230.4, 1.25578, -12233, -0.00372372, -0.00372373, -0.00372371, 0.0430113, -1.49181e+35, 0.0650138, -1.09679, 0.0599327
272.605, 1.12943, -12234.3, 1.18537, -12234.4, 1.25579, -12237.1, -0.00372365, -0.00372364, -0.0037236, 0.0430113, -1.49181e+35, 0.0650142, -1.09681, 0.059976
272.655, 1.12944, -12238.3, 1.18539, -12238.4, 1.25581, -12241.1, -0.00372362, -0.0037236, -0.00372356, 0.0430113, -1.49181e+35, 0.0650149, -1.09684, 0.0600182
272.706, 1.1294, -12242.3, 1.18534, -12242.5, 1.25576, -12245.1, -0.00372438, -0.00372452, -0.00372482, 0.0430113, -1.49181e+35, 0.065013, -1.09676, 0.0600591
272.756, 1.12941, -12246.3, 1.18535, -12246.5, 1.25578, -12249.1, -0.00372373, -0.00372373, -0.00372374, 0.0430113, -1.49181e+35, 0.0650135, -1.09678, 0.0600989
272.806, 1.12943, -12250.3, 1.18537, -12250.5, 1.25579, -12253.2, -0.00372365, -0.00372365, -0.00372362, 0.0430113, -1.49181e+35, 0.0650142, -1.09681, 0.0601375
272.857, 1.12944, -12254.4, 1.18538, -12254.5, 1.2558, -12257.2, -0.00372363, -0.00372359, -0.00372357, 0.0430113, -1.49181e+35, 0.0650149, -1.09683, 0.060175
272.907, 1.12945, -12258.4, 1.1854, -12258.6, 1.25582, -12261.2, -0.00372363, -0.00372361, -0.00372356, 0.0430113, -1.49181e+35, 0.0650157, -1.09686, 0.0602115
272.957, 1.12941, -12262.4, 1.18535, -12262.6, 1.25577, -12265.2, -0.00372381, -0.00372385, -0.00372389, 0.0430113, -1.49181e+35, 0.0650136, -1.09678, 0.0602468
273.001, 1.12941, -12265.8, 1.18535, -12266, 1.25577, -12268.6, -0.00368338, -0.00368343, -0.00368351, 0.0430113, -1.49181e+35, 0.0650135, -1.09677, 0.0602763
273.001, 1.12941, -12265.8, 1.18535, -12266, 1.25577, -12268.6, -0.00368338, -0.00368343, -0.00368351, 0.0444846, -1.49181e+35, 0.0650139, -1.09677, 0.0602765
273.051, 1.12942, -12269.8, 1.18536, -12270, 1.25578, -12272.6, -0.00368324, -0.00368324, -0.00368324, 0.0444846, -1.49181e+35, 0.0650139, -1.09679, 0.060346
273.101, 1.12943, -12273.8, 1.18537, -12274, 1.25579, -12276.6, -0.00368312, -0.00368311, -0.00368306, 0.0444846, -1.49181e+35, 0.0650143, -1.09682, 0.0604136
273.152, 1.12945, -12277.8, 1.18539, -12277.9, 1.25581, -12280.6, -0.00368308, -0.00368311, -0.00368304, 0.0444846, -1.49181e+35, 0.0650151, -1.09684, 0.0604792
273.202, 1.1294, -12281.8, 1.18534, -12281.9, 1.25576, -12284.6, -0.00368387, -0.00368399, -0.0036843, 0.0444846, -1.49181e+35, 0.0650132, -1.09676, 0.0605429
273.252, 1.12942, -12285.7, 1.18536, -12285.9, 1.25578, -12288.5, -0.00368326, -0.00368325, -0.00368323, 0.0444846, -1.49181e+35, 0.0650133, -1.09679, 0.0606046
273.303, 1.12943, -12289.7, 1.18537, -12289.9, 1.25579, -12292.5, -0.00368315, -0.0036831, -0.00368308, 0.0444846, -1.49181e+35, 0.0650142, -1.09681, 0.0606645
273.353, 1.12944, -12293.7, 1.18538, -12293.8, 1.25581, -12296.5, -0.00368312, -0.00368309, -0.00368309, 0.0444846, -1.49181e+35, 0.0650147, -1.09684, 0.0607226
273.404, 1.12938, -12297.7, 1.18532, -12297.8, 1.25573, -12300.5, -0.00368319, -0.0036832, -0.00368313, 0.0444846, -1.49181e+35, 0.0650112, -1.09671, 0.0607789
273.454, 1.12941, -12301.6, 1.18535, -12301.8, 1.25577, -12304.4, -0.003643, -0.00364303, -0.00364302, 0.0444846, -1.49181e+35, 0.0650132, -1.09678, 0.0608335
273.504, 1.12942, -12305.6, 1.18536, -12305.7, 1.25579, -12308.4, -0.00364265, -0.00364269, -0.00364269, 0.0444846, -1.49181e+35, 0.0650142, -1.0968, 0.0608865
273.555, 1.12944, -12309.5, 1.18538, -12309.7, 1.2558, -12312.3, -0.00364268, -0.00364266, -0.00364259, 0.0444846, -1.49181e+35, 0.0650142, -1.09683, 0.0609378
273.605, 1.12945, -12313.4, 1.18539, -12313.6, 1.25582, -12316.2, -0.00364275, -0.00364264, -0.00364265, 0.0444846, -1.49181e+35, 0.0650153, -1.09686, 0.0609875
273.655, 1.12941, -12317.4, 1.18535, -12317.5, 1.25577, -12320.2, -0.00364292, -0.00364297, -0.00364304, 0.0444846, -1.49181e+35, 0.0650133, -1.09677, 0.0610357
273.706, 1.12942, -12321.3, 1.18536, -12321.5, 1.25578, -12324.1, -0.00364273, -0.00364276, -0.00364272, 0.0444846, -1.49181e+35, 0.0650138, -1.09679, 0.0610823
273.756, 1.12943, -12325.2, 1.18537, -12325.4, 1.2558, -12328, -0.00364265, -0.00364269, -0.00364261, 0.0444846, -1.49181e+35, 0.0650143, -1.09682, 0.0611275
273.806, 1.12945, -12329.2, 1.18539, -12329.3, 1.25581, -12332, -0.0036427, -0.0036426, -0.00364259, 0.0444846, -1.49181e+35, 0.065015, -1.09685, 0.0611713
273.857, 1.12941, -12333.1, 1.18535, -12333.2, 1.25577, -12335.9, -0.00360256, -0.00360263, -0.00360266, 0.0444846, -1.49181e+35, 0.0650132, -1.09677, 0.0612136
273.907, 1.12942, -12336.9, 1.18536, -12337.1, 1.25578, -12339.8, -0.00360225, -0.00360229, -0.00360225, 0.0444846, -1.49181e+35, 0.0650137, -1.09679, 0.0612545
273.957, 1.12943, -12340.8, 1.18537, -12341, 1.25579, -12343.6, -0.00360224, -0.00360218, -0.00360217, 0.0444846, -1.49181e+35, 0.0650145, -1.09681, 0.061294
274.001, 1.12942, -12344.2, 1.18537, -12344.3, 1.25579, -12347, -0.00360213, -0.00360207, -0.00360207, 0.0444846, -1.49181e+35, 0.065014, -1.0968, 0.061327
274.001, 1.12942, -12344.2, 1.18537, -12344.3, 1.25579, -12347, -0.00360213, -0.00360207, -0.00360207, 0.0459255, -1.49181e+35, 0.0650145, -1.0968, 0.0613272
274.051, 1.12944, -12348.1, 1.18538, -12348.2, 1.2558, -12350.9, -0.00360221, -0.00360219, -0.00360213, 0.0459255, -1.49181e+35, 0.0650145, -1.09683, 0.0613996
274.101, 1.12945, -12352, 1.1854, -12352.1, 1.25582, -12354.8, -0.00360219, -0.00360211, -0.00360213, 0.0459255, -1.49181e+35, 0.0650154, -1.09686, 0.0614699
274.152, 1.12941, -12355.9, 1.18535, -12356, 1.25577, -12358.7, -0.00357476, -0.00357477, -0.00357476, 0.0459255, -1.49181e+35, 0.0650135, -1.09678, 0.0615378
274.202, 1.12942, -12359.7, 1.18536, -12359.9, 1.25578, -12362.5, -0.00356176, -0.00356173, -0.00356172, 0.0459255, -1.49181e+35, 0.0650139, -1.0968, 0.0616036
274.252, 1.12943, -12363.5, 1.18538, -12363.7, 1.2558, -12366.3, -0.00356173, -0.00356168, -0.00356173, 0.0459255, -1.49181e+35, 0.0650148, -1.09682, 0.0616673
274.303, 1.12945, -12367.4, 1.18539, -12367.6, 1.25581, -12370.2, -0.00356186, -0.00356169, -0.00356172, 0.0459255, -1.49181e+35, 0.0650153, -1.09685, 0.0617288
274.353, 1.12941, -12371.2, 1.18535, -12371.4, 1.25577, -12374, -0.00356209, -0.00356205, -0.0035623, 0.0459255, -1.49181e+35, 0.0650133, -1.09677, 0.0617884
274.404, 1.12942, -12375.1, 1.18536, -12375.2, 1.25578, -12377.9, -0.00356174, -0.00356185, -0.00356184, 0.0459255, -1.49181e+35, 0.0650138, -1.09679, 0.0618459
274.454, 1.12943, -12378.9, 1.18537, -12379.1, 1.25579, -12381.7, -0.00352292, -0.00352287, -0.00352289, 0.0459255, -1.49181e+35, 0.0650141, -1.09682, 0.0619015
274.504, 1.12944, -12382.7, 1.18539, -12382.9, 1.25581, -12385.5, -0.00352116, -0.00352113, -0.00352121, 0.0459255, -1.49181e+35, 0.0650141, -1.09684, 0.0619551
274.555, 1.1294, -12386.5, 1.18534, -12386.7, 1.25576, -12389.3, -0.00352192, -0.00352213, -0.00352239, 0.0459255, -1.49181e+35, 0.0650133, -1.09676, 0.062007
274.605, 1.12941, -12390.3, 1.18536, -12390.5, 1.25578, -12393.1, -0.00352145, -0.00352141, -0.00352136, 0.0459255, -1.49181e+35, 0.0650136, -1.09678, 0.062057
274.655, 1.12943, -12394.1, 1.18537, -12394.3, 1.25579, -12396.9, -0.00352119, -0.00352133, -0.00352131, 0.0459255, -1.49181e+35, 0.0650144, -1.09681, 0.0621052
274.706, 1.12944, -12397.9, 1.18538, -12398.1, 1.25581, -12400.7, -0.0035213, -0.00352126, -0.00352113, 0.0459255, -1.49181e+35, 0.0650147, -1.09684, 0.0621518
274.756, 1.12938, -12401.7, 1.18531, -12401.9, 1.25573, -12404.5, -0.00348079, -0.00348063, -0.00348073, 0.0459255, -1.49181e+35, 0.065012, -1.09671, 0.0621966
274.806, 1.12941, -12405.5, 1.18535, -12405.6, 1.25577, -12408.3, -0.00348097, -0.00348094, -0.00348092, 0.0459255, -1.49181e+35, 0.0650136, -1.09678, 0.0622398
274.857, 1.12942, -12409.2, 1.18536, -12409.4, 1.25579, -12412, -0.00348085, -0.0034808, -0.00348077, 0.0459255, -1.49181e+35, 0.0650141, -1.0968, 0.0622813
274.907, 1.12944, -12413, 1.18538, -12413.1, 1.2558, -12415.8, -0.0034808, -0.00348076, -0.00348076, 0.0459255, -1.49181e+35, 0.0650144, -1.09683, 0.0623213
274.957, 1.12945, -12416.7, 1.18539, -12416.9, 1.25582, -12419.5, -0.00348076, -0.00348075, -0.00348068, 0.0459255, -1.49181e+35, 0.0650152, -1.09686, 0.0623597
275.001, 1.12945, -12419.9, 1.18539, -12420.1, 1.25581, -12422.7, -0.00344021, -0.00344035, -0.0034403, 0.0459255, -1.49181e+35, 0.065015, -1.09685, 0.0623915
275.001, 1.12945, -12419.9, 1.18539, -12420.1, 1.25581, -12422.7, -0.00344021, -0.00344035, -0.0034403, 0.0473016, -1.49181e+35, 0.0650155, -1.09685, 0.0623917
275.051, 1.1294, -12423.7, 1.18534, -12423.8, 1.25577, -12426.5, -0.00344068, -0.00344066, -0.00344085, 0.0473016, -1.49181e+35, 0.065013, -1.09677, 0.062461
275.101, 1.12942, -12427.4, 1.18536, -12427.5, 1.25578, -12430.2, -0.00343997, -0.00343987, -0.00344003, 0.0473016, -1.49181e+35, 0.0650136, -1.09679, 0.062528
275.152, 1.12943, -12431.1, 1.18537, -12431.2, 1.25579, -12433.9, -0.00344028, -0.00344022, -0.00344021, 0.0473016, -1.49181e+35, 0.0650143, -1.09681, 0.0625926
275.202, 1.12944, -12434.8, 1.18538, -12435, 1.25581, -12437.6, -0.00344021, -0.00344019, -0.00344026, 0.0473016, -1.49181e+35, 0.0650147, -1.09684, 0.0626549
275.253, 1.12938, -12438.5, 1.18532, -12438.6, 1.25573, -12441.3, -0.00339987, -0.00339971, -0.00339966, 0.0473016, -1.49181e+35, 0.0650117, -1.09671, 0.0627148
275.303, 1.12941, -12442.1, 1.18535, -12442.3, 1.25577, -12445, -0.00339996, -0.00340003, -0.00340006, 0.0473016, -1.49181e+35, 0.0650135, -1.09678, 0.0627726
275.353, 1.12942, -12445.8, 1.18536, -12446, 1.25579, -12448.6, -0.00339976, -0.00339987, -0.00339987, 0.0473016, -1.49181e+35, 0.0650138, -1.0968, 0.0628282
275.404, 1.12944, -12449.5, 1.18538, -12449.7, 1.2558, -12452.3, -0.00339989, -0.00339982, -0.00339984, 0.0473016, -1.49181e+35, 0.0650145, -1.09683, 0.0628817
275.454, 1.12945, -12453.1, 1.1854, -12453.3, 1.25582, -12456, -0.00335947, -0.00335948, -0.00335938, 0.0473016, -1.49181e+35, 0.0650153, -1.09686, 0.062933
275.504, 1.12941, -12456.8, 1.18535, -12456.9, 1.25577, -12459.6, -0.00335947, -0.00335959, -0.00335956, 0.0473016, -1.49181e+35, 0.0650139, -1.09677, 0.0629824
275.555, 1.12942, -12460.4, 1.18536, -12460.6, 1.25578, -12463.2, -0.00335901, -0.00335898, -0.00335894, 0.0473016, -1.49181e+35, 0.0650139, -1.0968, 0.0630298
275.605, 1.12943, -12464, 1.18538, -12464.2, 1.2558, -12466.8, -0.00335939, -0.00335934, -0.00335936, 0.0473016, -1.49181e+35, 0.0650147, -1.09682, 0.0630752
275.655, 1.12945, -12467.7, 1.18539, -12467.8, 1.25582, -12470.5, -0.00332609, -0.00332606, -0.00332594, 0.0473016, -1.49181e+35, 0.0650145, -1.09685, 0.0631188
275.706, 1.12941, -12471.2, 1.18535, -12471.4, 1.25577, -12474, -0.00331913, -0.00331924, -0.00331931, 0.0473016, -1.49181e+35, 0.0650132, -1.09677, 0.0631606
275.756, 1.12942, -12474.8, 1.18536, -12475, 1.25578, -12477.6, -0.00331898, -0.00331893, -0.00331885, 0.0473016, -1.49181e+35, 0.0650133, -1.09679, 0.0632005
275.806, 1.12943, -12478.4, 1.18537, -12478.6, 1.25579, -12481.2, -0.00331888, -0.00331883, -0.00331882, 0.0473016, -1.49181e+35, 0.0650142, -1.09681, 0.0632387
275.857, 1.12944, -12482, 1.18539, -12482.1, 1.25581, -12484.8, -0.00331882, -0.00331885, -0.00331885, 0.0473016, -1.49181e+35, 0.065015, -1.09684, 0.0632751
275.907, 1.1294, -12485.5, 1.18534, -12485.7, 1.25576, -12488.3, -0.00327913, -0.0032793, -0.00327955, 0.0473016, -1.49181e+35, 0.0650128, -1.09676, 0.0633099
275.957, 1.12941, -12489.1, 1.18536, -12489.2, 1.25578, -12491.9, -0.00327853, -0.00327854, -0.00327861, 0.0473016, -1.49181e+35, 0.0650134, -1.09678, 0.0633429
276.001, 1.12941, -12492.1, 1.18535, -12492.3, 1.25577, -12494.9, -0.00327865, -0.00327868, -0.00327865, 0.0473016, -1.49181e+35, 0.0650134, -1.09678, 0.0633701
276.001, 1.12941, -12492.1, 1.18535, -12492.3, 1.25577, -12494.9, -0.00327865, -0.00327868, -0.00327865, 0.048613, -1.49181e+35, 0.0650139, -1.09678, 0.0633703
276.051, 1.12942, -12495.7, 1.18536, -12495.8, 1.25578, -12498.5, -0.00327839, -0.00327845, -0.00327841, 0.048613, -1.49181e+35, 0.0650139, -1.0968, 0.0634325
276.101, 1.12944, -12499.2, 1.18538, -12499.3, 1.2558, -12502, -0.00323795, -0.00323792, -0.00323785, 0.048613, -1.49181e+35, 0.0650146, -1.09683, 0.0634924
276.152, 1.12945, -12502.7, 1.18539, -12502.8, 1.25582, -12505.5, -0.00323792, -0.00323791, -0.00323782, 0.048613, -1.49181e+35, 0.0650152, -1.09685, 0.0635498
276.202, 1.12941, -12506.2, 1.18535, -12506.3, 1.25577, -12509, -0.00323818, -0.00323822, -0.00323829, 0.048613, -1.49181e+35, 0.0650133, -1.09677, 0.0636048
276.253, 1.12942, -12509.7, 1.18536, -12509.8, 1.25578, -12512.5, -0.00323802, -0.00323795, -0.00323794, 0.048613, -1.49181e+35, 0.0650138, -1.09679, 0.0636575
276.303, 1.12943, -12513.1, 1.18537, -12513.3, 1.2558, -12515.9, -0.00319746, -0.0031974, -0.0031974, 0.048613, -1.49181e+35, 0.0650144, -1.09682, 0.0637079
276.353, 1.12945, -12516.6, 1.18539, -12516.7, 1.25581, -12519.4, -0.0031974, -0.00319738, -0.00319735, 0.048613, -1.49181e+35, 0.065015, -1.09684, 0.0637561
276.404, 1.12941, -12520, 1.18535, -12520.2, 1.25577, -12522.8, -0.00319818, -0.00319835, -0.00319863, 0.048613, -1.49181e+35, 0.0650132, -1.09677, 0.0638022
276.454, 1.12942, -12523.5, 1.18536, -12523.6, 1.25578, -12526.3, -0.00317413, -0.00317415, -0.00317418, 0.048613, -1.49181e+35, 0.0650137, -1.09678, 0.0638462
276.504, 1.12943, -12526.9, 1.18537, -12527, 1.25579, -12529.7, -0.00315701, -0.00315695, -0.00315695, 0.048613, -1.49181e+35, 0.0650142, -1.09681, 0.0638881
276.555, 1.12944, -12530.3, 1.18538, -12530.4, 1.25581, -12533.1, -0.00315698, -0.00315694, -0.00315691, 0.048613, -1.49181e+35, 0.0650151, -1.09684, 0.0639279
276.605, 1.12938, -12533.7, 1.18532, -12533.9, 1.25573, -12536.5, -0.00315694, -0.00315697, -0.00315688, 0.048613, -1.49181e+35, 0.0650115, -1.09671, 0.0639659
276.655, 1.12941, -12537.1, 1.18535, -12537.3, 1.25577, -12539.9, -0.00311693, -0.00311695, -0.00311692, 0.048613, -1.49181e+35, 0.0650136, -1.09678, 0.0640019
276.706, 1.12942, -12540.5, 1.18537, -12540.6, 1.25579, -12543.3, -0.00311653, -0.00311657, -0.0031165, 0.048613, -1.49181e+35, 0.0650137, -1.0968, 0.064036
276.756, 1.12944, -12543.8, 1.18538, -12544, 1.2558, -12546.6, -0.00311647, -0.00311649, -0.00311644, 0.048613, -1.49181e+35, 0.0650145, -1.09683, 0.0640683
276.806, 1.12945, -12547.2, 1.1854, -12547.3, 1.25582, -12550, -0.00311648, -0.00311647, -0.00311639, 0.048613, -1.49181e+35, 0.0650152, -1.09686, 0.0640988
276.857, 1.12941, -12550.5, 1.18535, -12550.7, 1.25577, -12553.3, -0.00307623, -0.00307621, -0.00307624, 0.048613, -1.49181e+35, 0.0650136, -1.09677, 0.0641275
276.907, 1.12942, -12553.8, 1.18536, -12554, 1.25578, -12556.6, -0.00307606, -0.00307604, -0.00307605, 0.048613, -1.49181e+35, 0.0650141, -1.0968, 0.0641546
276.957, 1.12943, -12557.2, 1.18537, -12557.3, 1.2558, -12560, -0.003076, -0.00307599, -0.00307596, 0.048613, -1.49181e+35, 0.0650141, -1.09682, 0.0641799
277.001, 1.12943, -12560, 1.18537, -12560.2, 1.25579, -12562.8, -0.00307605, -0.00307606, -0.00307599, 0.048613, -1.49181e+35, 0.065014, -1.09681, 0.0642004
277.001, 1.12943, -12560, 1.18537, -12560.2, 1.25579, -12562.8, -0.00307605, -0.00307606, -0.00307599, 0.0498435, -1.49181e+35, 0.0650148, -1.09681, 0.0642006
277.051, 1.12944, -12563.3, 1.18538, -12563.5, 1.25581, -12566.1, -0.00303553, -0.00303548, -0.00303547, 0.0498435, -1.49181e+35, 0.0650147, -1.09684, 0.064253
277.102, 1.12938, -12566.6, 1.18532, -12566.7, 1.25574, -12569.4, -0.00303414, -0.00303414, -0.00303408, 0.0498435, -1.49181e+35, 0.0650121, -1.09671, 0.0643031
277.152, 1.12941, -12569.9, 1.18535, -12570, 1.25577, -12572.7, -0.00303565, -0.00303563, -0.00303567, 0.0498435, -1.49181e+35, 0.0650137, -1.09678, 0.0643509
277.202, 1.12943, -12573.1, 1.18537, -12573.3, 1.25579, -12575.9, -0.00299533, -0.00299526, -0.00299525, 0.0498435, -1.49181e+35, 0.0650139, -1.09681, 0.0643963
277.253, 1.12944, -12576.4, 1.18538, -12576.5, 1.2558, -12579.2, -0.00299508, -0.00299507, -0.00299503, 0.0498435, -1.49181e+35, 0.065015, -1.09683, 0.0644394
277.303, 1.12945, -12579.6, 1.1854, -12579.8, 1.25582, -12582.4, -0.00299507, -0.00299505, -0.00299502, 0.0498435, -1.49181e+35, 0.0650153, -1.09686, 0.0644803
277.353, 1.12941, -12582.8, 1.18535, -12583, 1.25577, -12585.6, -0.00299529, -0.00299531, -0.00299535, 0.0498435, -1.49181e+35, 0.0650138, -1.09678, 0.064519
277.404, 1.12942, -12586, 1.18536, -12586.2, 1.25578, -12588.8, -0.00295465, -0.00295463, -0.00295462, 0.0498435, -1.49181e+35, 0.065014, -1.0968, 0.0645556
277.454, 1.12943, -12589.2, 1.18538, -12589.4, 1.2558, -12592, -0.0029536, -0.00295358, -0.00295355, 0.0498435, -1.49181e+35, 0.0650146, -1.09682, 0.0645901
277.504, 1.12945, -12592.4, 1.18539, -12592.6, 1.25582, -12595.2, -0.0029546, -0.00295457, -0.00295453, 0.0498435, -1.49181e+35, 0.0650154, -1.09685, 0.0646227
277.555, 1.12941, -12595.6, 1.18535, -12595.7, 1.25577, -12598.4, -0.00291443, -0.00291446, -0.00291453, 0.0498435, -1.49181e+35, 0.0650133, -1.09677, 0.0646532
277.605, 1.12942, -12598.7, 1.18536, -12598.9, 1.25578, -12601.5, -0.00291419, -0.00291418, -0.00291417, 0.0498435, -1.49181e+35, 0.0650138, -1.09679, 0.0646818
277.655, 1.12943, -12601.9, 1.18537, -12602, 1.25579, -12604.7, -0.00291413, -0.00291412, -0.00291409, 0.0498435, -1.49181e+35, 0.0650144, -1.09682, 0.0647086
277.706, 1.12945, -12605, 1.18539, -12605.2, 1.25581, -12607.8, -0.00289071, -0.00289069, -0.00289064, 0.0498435, -1.49181e+35, 0.0650149, -1.09685, 0.0647335
277.756, 1.1294, -12608.1, 1.18534, -12608.3, 1.25576, -12610.9, -0.00287441, -0.00287455, -0.00287484, 0.0498435, -1.49181e+35, 0.0650132, -1.09676, 0.0647567
277.806, 1.12942, -12611.2, 1.18536, -12611.4, 1.25578, -12614, -0.00287367, -0.00287368, -0.00287369, 0.0498435, -1.49181e+35, 0.0650136, -1.09679, 0.0647781
277.857, 1.12943, -12614.3, 1.18537, -12614.5, 1.25579, -12617.1, -0.00287365, -0.00287363, -0.00287362, 0.0498435, -1.49181e+35, 0.0650142, -1.09681, 0.0647977
277.907, 1.12944, -12617.4, 1.18538, -12617.6, 1.25581, -12620.2, -0.00283317, -0.00283316, -0.00283311, 0.0498435, -1.49181e+35, 0.0650147, -1.09684, 0.0648158
277.958, 1.12938, -12620.5, 1.18532, -12620.6, 1.25573, -12623.3, -0.00283317, -0.00283314, -0.0028331, 0.0498435, -1.49181e+35, 0.0650116, -1.09671, 0.0648322
278.001, 1.12945, -12623.1, 1.18539, -12623.2, 1.25582, -12625.9, -0.00283314, -0.00283313, -0.00283309, 0.0498435, -1.49181e+35, 0.0650154, -1.09686, 0.064845
278.001, 1.12945, -12623.1, 1.18539, -12623.2, 1.25582, -12625.9, -0.00283314, -0.00283313, -0.00283309, 0.0509767, -1.49181e+35, 0.0650158, -1.09686, 0.0648452
278.051, 1.12941, -12626.1, 1.18535, -12626.3, 1.25577, -12628.9, -0.00280012, -0.00280016, -0.00280021, 0.0509767, -1.49181e+35, 0.0650137, -1.09677, 0.0648864
278.102, 1.12942, -12629.2, 1.18536, -12629.3, 1.25578, -12632, -0.00279279, -0.0027928, -0.0027928, 0.0509767, -1.49181e+35, 0.0650138, -1.0968, 0.0649254
278.152, 1.12943, -12632.2, 1.18537, -12632.3, 1.2558, -12635, -0.00279267, -0.00279262, -0.00279258, 0.0509767, -1.49181e+35, 0.065014, -1.09682, 0.0649622
278.202, 1.12945, -12635.2, 1.18539, -12635.3, 1.25581, -12638, -0.00279269, -0.00279267, -0.00279263, 0.0509767, -1.49181e+35, 0.065015, -1.09685, 0.0649968
278.253, 1.12941, -12638.2, 1.18535, -12638.3, 1.25577, -12641, -0.00275255, -0.0027526, -0.0027527, 0.0509767, -1.49181e+35, 0.0650132, -1.09677, 0.0650291
278.303, 1.12942, -12641.1, 1.18536, -12641.3, 1.25578, -12643.9, -0.0027523, -0.00275228, -0.00275228, 0.0509767, -1.49181e+35, 0.0650135, -1.09679, 0.0650594
278.353, 1.12943, -12644.1, 1.18537, -12644.3, 1.25579, -12646.9, -0.00275229, -0.00275227, -0.00275225, 0.0509767, -1.49181e+35, 0.0650142, -1.09681, 0.0650876
278.404, 1.12944, -12647.1, 1.18539, -12647.2, 1.25581, -12649.9, -0.00271184, -0.00271181, -0.00271178, 0.0509767, -1.49181e+35, 0.0650145, -1.09684, 0.0651138
278.454, 1.12938, -12650, 1.18532, -12650.2, 1.25574, -12652.8, -0.00271173, -0.00271168, -0.00271165, 0.0509767, -1.49181e+35, 0.0650123, -1.09671, 0.065138
278.504, 1.12941, -12652.9, 1.18535, -12653.1, 1.25577, -12655.7, -0.00271181, -0.00271187, -0.00271183, 0.0509767, -1.49181e+35, 0.0650133, -1.09678, 0.0651604
278.555, 1.12942, -12655.8, 1.18537, -12656, 1.25579, -12658.7, -0.0026809, -0.00268092, -0.0026809, 0.0509767, -1.49181e+35, 0.0650139, -1.0968, 0.0651808
278.605, 1.12944, -12658.7, 1.18538, -12658.9, 1.2558, -12661.5, -0.00267124, -0.0026713, -0.00267123, 0.0509767, -1.49181e+35, 0.0650147, -1.09683, 0.0651996
278.655, 1.12945, -12661.6, 1.1854, -12661.8, 1.25582, -12664.4, -0.00267129, -0.0026712, -0.00267121, 0.0509767, -1.49181e+35, 0.0650154, -1.09686, 0.0652165
278.706, 1.12941, -12664.5, 1.18535, -12664.7, 1.25577, -12667.3, -0.00267139, -0.00267142, -0.00267148, 0.0509767, -1.49181e+35, 0.0650134, -1.09678, 0.0652317
278.756, 1.12942, -12667.4, 1.18536, -12667.5, 1.25578, -12670.2, -0.0026308, -0.00263083, -0.0026308, 0.0509767, -1.49181e+35, 0.0650143, -1.0968, 0.0652453
278.806, 1.12943, -12670.2, 1.18538, -12670.4, 1.2558, -12673, -0.00262842, -0.00262834, -0.00262837, 0.0509767, -1.49181e+35, 0.0650144, -1.09682, 0.0652572
278.857, 1.12945, -12673, 1.18539, -12673.2, 1.25582, -12675.8, -0.00263075, -0.00263074, -0.00263074, 0.0509767, -1.49181e+35, 0.0650152, -1.09685, 0.0652675
278.907, 1.12941, -12675.9, 1.18535, -12676, 1.25577, -12678.7, -0.00259061, -0.00259068, -0.00259072, 0.0509767, -1.49181e+35, 0.0650133, -1.09677, 0.0652763
278.958, 1.12942, -12678.7, 1.18536, -12678.8, 1.25578, -12681.5, -0.00259038, -0.0025904, -0.00259036, 0.0509767, -1.49181e+35, 0.0650138, -1.09679, 0.0652835
279.001, 1.12941, -12681.1, 1.18536, -12681.2, 1.25578, -12683.9, -0.0025904, -0.00259042, -0.00259047, 0.0509767, -1.49181e+35, 0.0650136, -1.09678, 0.0652886
279.001, 1.12941, -12681.1, 1.18536, -12681.2, 1.25578, -12683.9, -0.0025904, -0.00259042, -0.00259047, 0.0520129, -1.49181e+35, 0.065014, -1.09678, 0.0652887
279.051, 1.12943, -12683.9, 1.18537, -12684, 1.25579, -12686.7, -0.00259036, -0.00259037, -0.00259028, 0.0520129, -1.49181e+35, 0.0650142, -1.09681, 0.0653187
279.102, 1.12944, -12686.6, 1.18538, -12686.8, 1.2558, -12689.4, -0.00254981, -0.00254986, -0.00254981, 0.0520129, -1.49181e+35, 0.0650148, -1.09683, 0.0653466
279.152, 1.12946, -12689.4, 1.1854, -12689.5, 1.25582, -12692.2, -0.00254954, -0.00254945, -0.00254946, 0.0520129, -1.49181e+35, 0.0650155, -1.09686, 0.0653724
279.202, 1.12941, -12692.1, 1.18535, -12692.3, 1.25577, -12694.9, -0.00255001, -0.00255003, -0.00255007, 0.0520129, -1.49181e+35, 0.0650135, -1.09678, 0.0653962
279.253, 1.12942, -12694.8, 1.18536, -12695, 1.25579, -12697.7, -0.00250946, -0.00250941, -0.00250936, 0.0520129, -1.49181e+35, 0.065014, -1.0968, 0.0654179
279.303, 1.12944, -12697.6, 1.18538, -12697.7, 1.2558, -12700.4, -0.0025094, -0.00250936, -0.00250929, 0.0520129, -1.49181e+35, 0.0650147, -1.09683, 0.0654377
279.353, 1.12945, -12700.3, 1.18539, -12700.4, 1.25582, -12703.1, -0.00250936, -0.00250934, -0.00250933, 0.0520129, -1.49181e+35, 0.0650153, -1.09686, 0.0654556
279.404, 1.12941, -12703, 1.18535, -12703.1, 1.25577, -12705.8, -0.00247043, -0.00247048, -0.00247055, 0.0520129, -1.49181e+35, 0.0650132, -1.09677, 0.0654717
279.454, 1.12942, -12705.6, 1.18536, -12705.8, 1.25578, -12708.4, -0.00246898, -0.00246901, -0.00246897, 0.0520129, -1.49181e+35, 0.0650141, -1.09679, 0.065486
279.504, 1.12943, -12708.3, 1.18537, -12708.5, 1.2558, -12711.1, -0.00246886, -0.00246883, -0.0024688, 0.0520129, -1.49181e+35, 0.0650145, -1.09682, 0.0654986
279.555, 1.12945, -12711, 1.18539, -12711.1, 1.25581, -12713.8, -0.00246883, -0.00246883, -0.00246877, 0.0520129, -1.49181e+35, 0.0650151, -1.09685, 0.0655095
279.605, 1.12941, -12713.6, 1.18535, -12713.8, 1.25577, -12716.4, -0.00242877, -0.00242877, -0.00242895, 0.0520129, -1.49181e+35, 0.0650129, -1.09677, 0.0655188
279.655, 1.12942, -12716.2, 1.18536, -12716.4, 1.25578, -12719, -0.0024285, -0.00242857, -0.00242854, 0.0520129, -1.49181e+35, 0.065013, -1.09679, 0.0655264
279.706, 1.12943, -12718.8, 1.18537, -12719, 1.25579, -12721.6, -0.00242839, -0.0024285, -0.00242849, 0.0520129, -1.49181e+35, 0.0650144, -1.09681, 0.0655326
279.756, 1.12944, -12721.4, 1.18538, -12721.6, 1.25581, -12724.2, -0.00238804, -0.00238803, -0.00238791, 0.0520129, -1.49181e+35, 0.0650156, -1.09684, 0.0655371
279.807, 1.12938, -12724, 1.18532, -12724.2, 1.25573, -12726.8, -0.00238798, -0.00238781, -0.00238789, 0.0520129, -1.49181e+35, 0.0650122, -1.09671, 0.0655403
279.857, 1.12941, -12726.6, 1.18535, -12726.8, 1.25577, -12729.4, -0.00238802, -0.00238812, -0.00238808, 0.0520129, -1.49181e+35, 0.0650134, -1.09678, 0.0655419
279.907, 1.12942, -12729.2, 1.18537, -12729.3, 1.25579, -12732, -0.00236462, -0.00236458, -0.00236455, 0.0520129, -1.49181e+35, 0.0650144, -1.0968, 0.0655422
279.958, 1.12944, -12731.7, 1.18538, -12731.9, 1.2558, -12734.5, -0.00234749, -0.00234746, -0.00234747, 0.0520129, -1.49181e+35, 0.0650142, -1.09683, 0.0655411
280.001, 1.12943, -12733.9, 1.18538, -12734, 1.2558, -12736.7, -0.00234747, -0.00234757, -0.00234745, 0.0520129, -1.49181e+35, 0.0650145, -1.09682, 0.0655391
280.001, 1.12943, -12733.9, 1.18538, -12734, 1.2558, -12736.7, -0.00234747, -0.00234757, -0.00234745, 0.0529519, -1.49181e+35, 0.0650153, -1.09682, 0.0655392
280.051, 1.12945, -12736.4, 1.18539, -12736.6, 1.25581, -12739.2, -0.00234741, -0.00234736, -0.00234747, 0.0529519, -1.49181e+35, 0.0650151, -1.09685, 0.0655587
280.102, 1.12941, -12738.9, 1.18535, -12739.1, 1.25577, -12741.7, -0.00230745, -0.0023074, -0.00230761, 0.0529519, -1.49181e+35, 0.0650136, -1.09677, 0.0655763
280.152, 1.12942, -12741.4, 1.18536, -12741.6, 1.25578, -12744.2, -0.00230708, -0.00230699, -0.00230714, 0.0529519, -1.49181e+35, 0.0650138, -1.09679, 0.065592
280.202, 1.12943, -12743.9, 1.18537, -12744.1, 1.25579, -12746.7, -0.00230699, -0.0023069, -0.00230688, 0.0529519, -1.49181e+35, 0.0650143, -1.09681, 0.065606
280.253, 1.12944, -12746.4, 1.18539, -12746.6, 1.25581, -12749.2, -0.00230694, -0.00230688, -0.00230696, 0.0529519, -1.49181e+35, 0.0650155, -1.09684, 0.0656181
280.303, 1.1294, -12748.9, 1.18534, -12749, 1.25576, -12751.7, -0.00226737, -0.00226736, -0.00226779, 0.0529519, -1.49181e+35, 0.065013, -1.09676, 0.0656285
280.353, 1.12941, -12751.3, 1.18535, -12751.5, 1.25578, -12754.1, -0.00226663, -0.00226653, -0.00226666, 0.0529519, -1.49181e+35, 0.0650142, -1.09678, 0.0656373
280.404, 1.12943, -12753.8, 1.18537, -12753.9, 1.25579, -12756.6, -0.00226661, -0.00226656, -0.00226655, 0.0529519, -1.49181e+35, 0.065014, -1.09681, 0.0656444
280.454, 1.12944, -12756.2, 1.18538, -12756.3, 1.2558, -12759, -0.00222617, -0.00222613, -0.00222612, 0.0529519, -1.49181e+35, 0.0650147, -1.09683, 0.06565
280.504, 1.12945, -12758.6, 1.1854, -12758.8, 1.25582, -12761.4, -0.00222606, -0.00222603, -0.00222595, 0.0529519, -1.49181e+35, 0.0650152, -1.09686, 0.065654
280.555, 1.12941, -12761, 1.18535, -12761.2, 1.25577, -12763.8, -0.00222614, -0.00222629, -0.00222623, 0.0529519, -1.49181e+35, 0.0650139, -1.09678, 0.0656565
280.605, 1.12942, -12763.4, 1.18536, -12763.6, 1.25578, -12766.2, -0.00222613, -0.00222607, -0.00222603, 0.0529519, -1.49181e+35, 0.0650142, -1.0968, 0.0656575
280.655, 1.12944, -12765.8, 1.18538, -12765.9, 1.2558, -12768.6, -0.00218559, -0.00218556, -0.00218555, 0.0529519, -1.49181e+35, 0.0650148, -1.09683, 0.0656572
280.706, 1.12945, -12768.1, 1.18539, -12768.3, 1.25582, -12770.9, -0.00218553, -0.00218552, -0.00218541, 0.0529519, -1.49181e+35, 0.0650153, -1.09685, 0.0656555
280.756, 1.12941, -12770.5, 1.18535, -12770.6, 1.25577, -12773.3, -0.00218587, -0.00218586, -0.00218596, 0.0529519, -1.49181e+35, 0.0650136, -1.09677, 0.0656524
280.807, 1.12942, -12772.8, 1.18536, -12773, 1.25578, -12775.6, -0.00214571, -0.00214561, -0.00214575, 0.0529519, -1.49181e+35, 0.065014, -1.09679, 0.0656481
280.857, 1.12943, -12775.1, 1.18537, -12775.3, 1.2558, -12778, -0.0021451, -0.00214501, -0.00214504, 0.0529519, -1.49181e+35, 0.0650145, -1.09682, 0.0656425
280.907, 1.12945, -12777.5, 1.18539, -12777.6, 1.25581, -12780.3, -0.00214499, -0.00214497, -0.00214515, 0.0529519, -1.49181e+35, 0.0650152, -1.09685, 0.0656356
280.958, 1.1294, -12779.8, 1.18534, -12779.9, 1.25577, -12782.6, -0.00214547, -0.00214541, -0.00214564, 0.0529519, -1.49181e+35, 0.0650133, -1.09677, 0.0656276
281.001, 1.12938, -12781.7, 1.18531, -12781.9, 1.25573, -12784.6, -0.00210455, -0.00210455, -0.00210464, 0.0529519, -1.49181e+35, 0.065012, -1.09671, 0.0656198
281.001, 1.12938, -12781.7, 1.18531, -12781.9, 1.25573, -12784.6, -0.00210455, -0.00210455, -0.00210464, 0.0537937, -1.49181e+35, 0.0650124, -1.09671, 0.0656199
281.051, 1.12941, -12784, 1.18535, -12784.2, 1.25577, -12786.8, -0.00210476, -0.00210484, -0.00210483, 0.0537937, -1.49181e+35, 0.0650136, -1.09678, 0.0656304
281.102, 1.12942, -12786.3, 1.18536, -12786.5, 1.25579, -12789.1, -0.00210457, -0.00210469, -0.00210465, 0.0537937, -1.49181e+35, 0.0650141, -1.0968, 0.0656393
281.152, 1.12944, -12788.6, 1.18538, -12788.7, 1.2558, -12791.4, -0.00210468, -0.00210464, -0.00210448, 0.0537937, -1.49181e+35, 0.0650147, -1.09683, 0.0656466
281.202, 1.12945, -12790.8, 1.18539, -12791, 1.25582, -12793.6, -0.00206416, -0.00206415, -0.00206405, 0.0537937, -1.49181e+35, 0.0650156, -1.09686, 0.0656522
281.253, 1.12941, -12793, 1.18535, -12793.2, 1.25577, -12795.8, -0.00206438, -0.00206447, -0.00206449, 0.0537937, -1.49181e+35, 0.0650136, -1.09677, 0.0656563
281.303, 1.12942, -12795.3, 1.18536, -12795.4, 1.25578, -12798.1, -0.00206424, -0.00206419, -0.00206415, 0.0537937, -1.49181e+35, 0.065014, -1.0968, 0.0656589
281.353, 1.12943, -12797.5, 1.18537, -12797.7, 1.2558, -12800.3, -0.00206419, -0.00206414, -0.00206413, 0.0537937, -1.49181e+35, 0.0650147, -1.09682, 0.0656601
281.404, 1.12945, -12799.7, 1.18539, -12799.8, 1.25581, -12802.5, -0.00202366, -0.00202365, -0.00202351, 0.0537937, -1.49181e+35, 0.0650154, -1.09685, 0.0656598
281.454, 1.12941, -12801.9, 1.18535, -12802, 1.25577, -12804.7, -0.00202405, -0.00202404, -0.00202421, 0.0537937, -1.49181e+35, 0.0650133, -1.09677, 0.0656581
281.504, 1.12942, -12804.1, 1.18536, -12804.2, 1.25578, -12806.9, -0.0020238, -0.00202371, -0.00202368, 0.0537937, -1.49181e+35, 0.0650142, -1.09679, 0.0656552
281.555, 1.12943, -12806.2, 1.18537, -12806.4, 1.25579, -12809, -0.00199278, -0.00199277, -0.00199275, 0.0537937, -1.49181e+35, 0.065014, -1.09681, 0.0656509
281.605, 1.12944, -12808.4, 1.18539, -12808.5, 1.25581, -12811.2, -0.00198315, -0.00198313, -0.00198312, 0.0537937, -1.49181e+35, 0.0650151, -1.09684, 0.0656454
281.656, 1.1294, -12810.5, 1.18534, -12810.7, 1.25576, -12813.3, -0.00198254, -0.00198273, -0.00198296, 0.0537937, -1.49181e+35, 0.0650131, -1.09676, 0.0656387
281.706, 1.12941, -12812.7, 1.18535, -12812.8, 1.25578, -12815.5, -0.00198329, -0.00198336, -0.00198334, 0.0537937, -1.49181e+35, 0.0650141, -1.09678, 0.0656308
281.756, 1.12943, -12814.8, 1.18537, -12815, 1.25579, -12817.6, -0.00194574, -0.00194587, -0.00194565, 0.0537937, -1.49181e+35, 0.0650144, -1.09681, 0.0656218
281.807, 1.12944, -12816.9, 1.18538, -12817.1, 1.2558, -12819.7, -0.00194263, -0.00194261, -0.0019426, 0.0537937, -1.49181e+35, 0.0650147, -1.09683, 0.0656116
281.857, 1.12946, -12819, 1.1854, -12819.1, 1.25582, -12821.8, -0.00194275, -0.00194263, -0.00194267, 0.0537937, -1.49181e+35, 0.0650159, -1.09686, 0.0656005
281.907, 1.12941, -12821.1, 1.18535, -12821.2, 1.25577, -12823.9, -0.00194287, -0.00194297, -0.00194299, 0.0537937, -1.49181e+35, 0.0650136, -1.09678, 0.0655882
281.958, 1.12942, -12823.2, 1.18536, -12823.3, 1.25578, -12826, -0.00190774, -0.00190769, -0.00190767, 0.0537937, -1.49181e+35, 0.0650144, -1.0968, 0.065575
282.001, 1.12942, -12824.9, 1.18536, -12825.1, 1.25578, -12827.7, -0.00190234, -0.00190229, -0.00190221, 0.0537937, -1.49181e+35, 0.0650138, -1.09679, 0.0655628
282.001, 1.12942, -12824.9, 1.18536, -12825.1, 1.25578, -12827.7, -0.00190234, -0.00190229, -0.00190221, 0.0545546, -1.49181e+35, 0.0650142, -1.09679, 0.0655628
282.051, 1.12943, -12827, 1.18537, -12827.2, 1.25579, -12829.8, -0.00190228, -0.00190221, -0.00190219, 0.0545546, -1.49181e+35, 0.0650142, -1.09682, 0.0655666
282.102, 1.12945, -12829.1, 1.18539, -12829.2, 1.25581, -12831.9, -0.00190222, -0.00190221, -0.00190221, 0.0545546, -1.49181e+35, 0.0650148, -1.09684, 0.0655689
282.152, 1.1294, -12831.1, 1.18534, -12831.3, 1.25576, -12833.9, -0.00190298, -0.00190316, -0.00190341, 0.0545546, -1.49181e+35, 0.0650138, -1.09677, 0.0655698
282.202, 1.12942, -12833.1, 1.18536, -12833.3, 1.25578, -12835.9, -0.0018619, -0.00186184, -0.00186195, 0.0545546, -1.49181e+35, 0.0650135, -1.09679, 0.0655693
282.253, 1.12943, -12835.1, 1.18537, -12835.3, 1.25579, -12837.9, -0.00186177, -0.00186182, -0.00186181, 0.0545546, -1.49181e+35, 0.0650146, -1.09681, 0.0655674
282.303, 1.12944, -12837.1, 1.18538, -12837.3, 1.25581, -12839.9, -0.00186183, -0.00186182, -0.00186164, 0.0545546, -1.49181e+35, 0.0650146, -1.09684, 0.0655642
282.353, 1.12938, -12839.2, 1.18531, -12839.3, 1.25573, -12842, -0.00186182, -0.0018618, -0.00186174, 0.0545546, -1.49181e+35, 0.0650121, -1.09671, 0.0655598
282.404, 1.12941, -12841.1, 1.18535, -12841.3, 1.25577, -12843.9, -0.00182142, -0.00182151, -0.00182148, 0.0545546, -1.49181e+35, 0.0650133, -1.09678, 0.0655542
282.454, 1.12942, -12843.1, 1.18536, -12843.3, 1.25579, -12845.9, -0.0018214, -0.00182136, -0.00182133, 0.0545546, -1.49181e+35, 0.0650142, -1.0968, 0.0655475
282.504, 1.12944, -12845.1, 1.18538, -12845.2, 1.2558, -12847.9, -0.00182132, -0.0018213, -0.00182128, 0.0545546, -1.49181e+35, 0.0650149, -1.09683, 0.0655396
282.555, 1.12945, -12847, 1.18539, -12847.2, 1.25582, -12849.8, -0.00182129, -0.00182129, -0.00182125, 0.0545546, -1.49181e+35, 0.0650156, -1.09686, 0.0655306
282.605, 1.12941, -12849, 1.18535, -12849.2, 1.25577, -12851.8, -0.00178163, -0.00178166, -0.00178173, 0.0545546, -1.49181e+35, 0.0650139, -1.09677, 0.0655206
282.656, 1.12942, -12850.9, 1.18536, -12851.1, 1.25578, -12853.7, -0.00178091, -0.00178085, -0.00178088, 0.0545546, -1.49181e+35, 0.0650139, -1.09679, 0.0655096
282.706, 1.12943, -12852.8, 1.18537, -12853, 1.2558, -12855.6, -0.00178083, -0.00178077, -0.00178078, 0.0545546, -1.49181e+35, 0.0650148, -1.09682, 0.0654975
282.756, 1.12945, -12854.8, 1.18539, -12854.9, 1.25581, -12857.6, -0.00178081, -0.0017808, -0.00178073, 0.0545546, -1.49181e+35, 0.0650155, -1.09685, 0.0654846
282.807, 1.12941, -12856.7, 1.18535, -12856.8, 1.25577, -12859.5, -0.00178112, -0.00178119, -0.00178128, 0.0545546, -1.49181e+35, 0.0650136, -1.09677, 0.0654707
282.857, 1.12942, -12858.6, 1.18536, -12858.7, 1.25578, -12861.4, -0.00174044, -0.00174045, -0.0017404, 0.0545546, -1.49181e+35, 0.0650139, -1.09679, 0.0654559
282.907, 1.12943, -12860.5, 1.18537, -12860.6, 1.25579, -12863.3, -0.00174032, -0.00174036, -0.00174034, 0.0545546, -1.49181e+35, 0.0650144, -1.09681, 0.0654403
282.958, 1.12944, -12862.3, 1.18538, -12862.5, 1.25581, -12865.1, -0.00174036, -0.0017403, -0.00174025, 0.0545546, -1.49181e+35, 0.0650151, -1.09684, 0.0654238
283.001, 1.12944, -12863.9, 1.18538, -12864.1, 1.2558, -12866.8, -0.00174031, -0.00174028, -0.00174029, 0.0545546, -1.49181e+35, 0.0650148, -1.09683, 0.065409
283.001, 1.12944, -12863.9, 1.18538, -12864.1, 1.2558, -12866.8, -0.00174031, -0.00174028, -0.00174029, 0.0552507, -1.49181e+35, 0.065015, -1.09683, 0.065409
283.051, 1.12945, -12865.8, 1.1854, -12866, 1.25582, -12868.6, -0.00173018, -0.00173017, -0.00173016, 0.0552507, -1.49181e+35, 0.0650156, -1.09686, 0.0654083
283.102, 1.12941, -12867.7, 1.18535, -12867.8, 1.25577, -12870.5, -0.00170009, -0.00170011, -0.00170016, 0.0552507, -1.49181e+35, 0.0650136, -1.09678, 0.0654062
283.152, 1.12942, -12869.5, 1.18536, -12869.7, 1.25578, -12872.3, -0.00169989, -0.00169992, -0.00169987, 0.0552507, -1.49181e+35, 0.0650141, -1.0968, 0.0654029
283.202, 1.12943, -12871.3, 1.18538, -12871.5, 1.2558, -12874.1, -0.0016999, -0.00169986, -0.00169984, 0.0552507, -1.49181e+35, 0.0650147, -1.09682, 0.0653985
283.253, 1.12945, -12873.2, 1.18539, -12873.3, 1.25581, -12876, -0.00169986, -0.00169984, -0.0016998, 0.0552507, -1.49181e+35, 0.0650153, -1.09685, 0.0653929
283.303, 1.12941, -12875, 1.18535, -12875.2, 1.25577, -12877.8, -0.00166143, -0.00166149, -0.00166156, 0.0552507, -1.49181e+35, 0.0650134, -1.09677, 0.0653863
283.353, 1.12942, -12876.8, 1.18536, -12876.9, 1.25578, -12879.6, -0.00165949, -0.00165942, -0.00165943, 0.0552507, -1.49181e+35, 0.0650142, -1.09679, 0.0653786
283.404, 1.12943, -12878.6, 1.18537, -12878.7, 1.25579, -12881.4, -0.0016594, -0.00165942, -0.00165941, 0.0552507, -1.49181e+35, 0.0650145, -1.09682, 0.0653699
283.454, 1.12945, -12880.4, 1.18539, -12880.5, 1.25581, -12883.2, -0.00165935, -0.00165934, -0.00165928, 0.0552507, -1.49181e+35, 0.0650152, -1.09684, 0.0653602
283.505, 1.1294, -12882.2, 1.18534, -12882.3, 1.25576, -12885, -0.00166021, -0.00166027, -0.0016606, 0.0552507, -1.49181e+35, 0.0650133, -1.09676, 0.0653496
283.555, 1.12941, -12883.9, 1.18535, -12884.1, 1.25578, -12886.7, -0.00161976, -0.00161977, -0.00161979, 0.0552507, -1.49181e+35, 0.065014, -1.09678, 0.065338
283.605, 1.12943, -12885.7, 1.18537, -12885.9, 1.25579, -12888.5, -0.00161897, -0.00161892, -0.0016189, 0.0552507, -1.49181e+35, 0.0650142, -1.09681, 0.0653256
283.656, 1.12944, -12887.4, 1.18538, -12887.6, 1.2558, -12890.2, -0.00161889, -0.00161887, -0.00161886, 0.0552507, -1.49181e+35, 0.0650151, -1.09683, 0.0653124
283.706, 1.12946, -12889.2, 1.1854, -12889.3, 1.25582, -12892, -0.00161887, -0.00161886, -0.00161887, 0.0552507, -1.49181e+35, 0.0650156, -1.09686, 0.0652983
283.756, 1.12941, -12890.9, 1.18535, -12891.1, 1.25577, -12893.7, -0.0016191, -0.00161902, -0.00161907, 0.0552507, -1.49181e+35, 0.0650138, -1.09678, 0.0652834
283.807, 1.12942, -12892.7, 1.18536, -12892.8, 1.25579, -12895.5, -0.00158808, -0.00158809, -0.00158805, 0.0552507, -1.49181e+35, 0.0650139, -1.0968, 0.0652678
283.857, 1.12944, -12894.4, 1.18538, -12894.5, 1.2558, -12897.2, -0.00157851, -0.00157846, -0.00157844, 0.0552507, -1.49181e+35, 0.0650149, -1.09683, 0.0652515
283.907, 1.12945, -12896.1, 1.18539, -12896.2, 1.25582, -12898.9, -0.00157846, -0.00157844, -0.00157842, 0.0552507, -1.49181e+35, 0.0650159, -1.09686, 0.0652344
283.958, 1.12941, -12897.8, 1.18535, -12898, 1.25577, -12900.6, -0.00157868, -0.00157871, -0.00157878, 0.0552507, -1.49181e+35, 0.0650136, -1.09677, 0.0652167
284, 1.12938, -12899.2, 1.18532, -12899.4, 1.25574, -12902, -0.00157835, -0.00157834, -0.00157836, 0.0552507, -1.49181e+35, 0.0650119, -1.09671, 0.0652013
284, 1.12938, -12899.2, 1.18532, -12899.4, 1.25574, -12902, -0.00157835, -0.00157834, -0.00157836, 0.0558821, -1.49181e+35, 0.0650124, -1.09671, 0.0652013
284.05, 1.12941, -12900.9, 1.18535, -12901.1, 1.25577, -12903.7, -0.00157852, -0.00157856, -0.00157854, 0.0558821, -1.49181e+35, 0.065014, -1.09678, 0.065198
284.101, 1.12943, -12902.6, 1.18537, -12902.8, 1.25579, -12905.4, -0.00153811, -0.00153806, -0.00153802, 0.0558821, -1.49181e+35, 0.0650143, -1.09681, 0.0651935
284.151, 1.12944, -12904.3, 1.18538, -12904.4, 1.2558, -12907.1, -0.00153795, -0.00153793, -0.00153791, 0.0558821, -1.49181e+35, 0.0650151, -1.09683, 0.0651881
284.201, 1.12945, -12905.9, 1.1854, -12906.1, 1.25582, -12908.7, -0.00153796, -0.00153794, -0.00153785, 0.0558821, -1.49181e+35, 0.0650156, -1.09686, 0.0651817
284.252, 1.12941, -12907.6, 1.18535, -12907.8, 1.25577, -12910.4, -0.00153818, -0.0015382, -0.00153825, 0.0558821, -1.49181e+35, 0.0650141, -1.09678, 0.0651743
284.302, 1.12942, -12909.3, 1.18536, -12909.4, 1.25579, -12912.1, -0.00153804, -0.00153806, -0.00153802, 0.0558821, -1.49181e+35, 0.0650143, -1.0968, 0.065166
284.352, 1.12944, -12910.9, 1.18538, -12911.1, 1.2558, -12913.7, -0.00153796, -0.00153794, -0.0015379, 0.0558821, -1.49181e+35, 0.0650151, -1.09682, 0.0651568
284.403, 1.12945, -12912.5, 1.18539, -12912.7, 1.25582, -12915.3, -0.00149743, -0.00149742, -0.00149738, 0.0558821, -1.49181e+35, 0.0650152, -1.09685, 0.0651468
284.453, 1.12941, -12914.2, 1.18535, -12914.3, 1.25577, -12917, -0.00149772, -0.0014978, -0.00149786, 0.0558821, -1.49181e+35, 0.0650134, -1.09677, 0.0651359
284.504, 1.12942, -12915.8, 1.18536, -12915.9, 1.25578, -12918.6, -0.00149754, -0.00149755, -0.00149755, 0.0558821, -1.49181e+35, 0.0650141, -1.09679, 0.0651243
284.554, 1.12943, -12917.4, 1.18537, -12917.6, 1.25579, -12920.2, -0.00149755, -0.00149753, -0.0014975, 0.0558821, -1.49181e+35, 0.0650144, -1.09682, 0.0651119
284.604, 1.12945, -12919, 1.18539, -12919.2, 1.25581, -12921.8, -0.00149747, -0.00149748, -0.00149742, 0.0558821, -1.49181e+35, 0.0650156, -1.09685, 0.0650988
284.655, 1.1294, -12920.6, 1.18534, -12920.8, 1.25577, -12923.4, -0.00149827, -0.00149837, -0.00149867, 0.0558821, -1.49181e+35, 0.0650133, -1.09676, 0.065085
284.705, 1.12941, -12922.2, 1.18535, -12922.4, 1.25578, -12925, -0.00145706, -0.00145708, -0.00145709, 0.0558821, -1.49181e+35, 0.0650145, -1.09678, 0.0650705
284.755, 1.12943, -12923.8, 1.18537, -12923.9, 1.25579, -12926.6, -0.0014571, -0.00145708, -0.00145704, 0.0558821, -1.49181e+35, 0.0650146, -1.09681, 0.0650553
284.806, 1.12944, -12925.4, 1.18538, -12925.5, 1.25581, -12928.2, -0.00145698, -0.00145698, -0.0014569, 0.0558821, -1.49181e+35, 0.0650155, -1.09684, 0.0650396
284.856, 1.12938, -12926.9, 1.18532, -12927.1, 1.25573, -12929.7, -0.00145697, -0.00145692, -0.00145688, 0.0558821, -1.49181e+35, 0.0650126, -1.09671, 0.0650232
284.906, 1.12941, -12928.5, 1.18535, -12928.7, 1.25577, -12931.3, -0.00145716, -0.00145719, -0.00145721, 0.0558821, -1.49181e+35, 0.0650138, -1.09678, 0.0650063
284.957, 1.12942, -12930.1, 1.18537, -12930.2, 1.25579, -12932.9, -0.00145705, -0.00145707, -0.001457, 0.0558821, -1.49181e+35, 0.0650146, -1.0968, 0.0649888
285, 1.12942, -12931.4, 1.18536, -12931.6, 1.25578, -12934.2, -0.00141665, -0.00141664, -0.00141659, 0.0558821, -1.49181e+35, 0.0650142, -1.0968, 0.0649734
285, 1.12942, -12931.4, 1.18536, -12931.6, 1.25578, -12934.2, -0.00141665, -0.00141664, -0.00141659, 0.0564487, -1.49181e+35, 0.0650142, -1.0968, 0.0649733
285.05, 1.12943, -12932.9, 1.18537, -12933.1, 1.2558, -12935.7, -0.00141658, -0.00141652, -0.00141651, 0.0564487, -1.49181e+35, 0.0650145, -1.09682, 0.0649689
285.101, 1.12945, -12934.5, 1.18539, -12934.6, 1.25581, -12937.3, -0.00141651, -0.00141651, -0.00141647, 0.0564487, -1.49181e+35, 0.0650149, -1.09685, 0.0649635
285.151, 1.12941, -12936, 1.18535, -12936.2, 1.25577, -12938.8, -0.00141509, -0.00141514, -0.00141525, 0.0564487, -1.49181e+35, 0.0650136, -1.09677, 0.0649573
285.201, 1.12942, -12937.5, 1.18536, -12937.7, 1.25578, -12940.3, -0.00141664, -0.00141665, -0.00141664, 0.0564487, -1.49181e+35, 0.065014, -1.09679, 0.0649502
285.252, 1.12943, -12939.1, 1.18537, -12939.2, 1.25579, -12941.9, -0.00141656, -0.00141654, -0.00141652, 0.0564487, -1.49181e+35, 0.0650147, -1.09681, 0.0649424
285.302, 1.12944, -12940.6, 1.18539, -12940.7, 1.25581, -12943.4, -0.00141655, -0.00141651, -0.00141648, 0.0564487, -1.49181e+35, 0.0650151, -1.09684, 0.0649338
285.353, 1.12938, -12942.1, 1.18532, -12942.2, 1.25574, -12944.9, -0.00137603, -0.00137603, -0.00137596, 0.0564487, -1.49181e+35, 0.0650123, -1.09671, 0.0649244
285.403, 1.12941, -12943.6, 1.18535, -12943.7, 1.25577, -12946.4, -0.00137617, -0.00137616, -0.00137618, 0.0564487, -1.49181e+35, 0.065014, -1.09678, 0.0649144
285.453, 1.12943, -12945.1, 1.18537, -12945.2, 1.25579, -12947.9, -0.0013761, -0.00137608, -0.00137607, 0.0564487, -1.49181e+35, 0.0650147, -1.09681, 0.0649037
285.504, 1.12944, -12946.5, 1.18538, -12946.7, 1.2558, -12949.3, -0.00137608, -0.00137607, -0.00137603, 0.0564487, -1.49181e+35, 0.0650151, -1.09683, 0.0648924
285.554, 1.12945, -12948, 1.1854, -12948.2, 1.25582, -12950.8, -0.00137606, -0.00137603, -0.001376, 0.0564487, -1.49181e+35, 0.0650158, -1.09686, 0.0648803
285.604, 1.12941, -12949.5, 1.18535, -12949.7, 1.25577, -12952.3, -0.00137625, -0.00137627, -0.00137632, 0.0564487, -1.49181e+35, 0.0650136, -1.09678, 0.0648676
285.655, 1.12942, -12951, 1.18536, -12951.2, 1.25578, -12953.8, -0.00137612, -0.00137611, -0.00137609, 0.0564487, -1.49181e+35, 0.0650143, -1.0968, 0.0648544
285.705, 1.12943, -12952.5, 1.18538, -12952.6, 1.2558, -12955.3, -0.0013356, -0.00133559, -0.00133554, 0.0564487, -1.49181e+35, 0.0650147, -1.09682, 0.0648407
285.755, 1.12945, -12953.9, 1.18539, -12954.1, 1.25582, -12956.7, -0.00133558, -0.00133556, -0.00133552, 0.0564487, -1.49181e+35, 0.0650154, -1.09685, 0.0648264
285.806, 1.12941, -12955.3, 1.18535, -12955.5, 1.25577, -12958.1, -0.00133584, -0.00133588, -0.00133595, 0.0564487, -1.49181e+35, 0.0650136, -1.09677, 0.0648116
285.856, 1.12942, -12956.8, 1.18536, -12956.9, 1.25578, -12959.6, -0.00133566, -0.00133566, -0.00133565, 0.0564487, -1.49181e+35, 0.065014, -1.09679, 0.0647963
285.906, 1.12943, -12958.2, 1.18537, -12958.4, 1.2558, -12961, -0.00133561, -0.00133559, -0.00133556, 0.0564487, -1.49181e+35, 0.0650146, -1.09682, 0.0647806
285.957, 1.12945, -12959.7, 1.18539, -12959.8, 1.25581, -12962.5, -0.00133558, -0.00133556, -0.00133552, 0.0564487, -1.49181e+35, 0.0650153, -1.09685, 0.0647644
286, 1.12944, -12960.9, 1.18538, -12961.1, 1.2558, -12963.7, -0.00133559, -0.00133557, -0.00133553, 0.0564487, -1.49181e+35, 0.065015, -1.09683, 0.0647502
286, 1.12944, -12960.9, 1.18538, -12961.1, 1.2558, -12963.7, -0.00133559, -0.00133557, -0.00133553, 0.056983, -1.49181e+35, 0.0650152, -1.09683, 0.0647501
286.05, 1.12946, -12962.3, 1.1854, -12962.5, 1.25582, -12965.2, -0.00133557, -0.00133555, -0.0013355, 0.056983, -1.49181e+35, 0.0650157, -1.09686, 0.0647464
286.101, 1.12941, -12963.8, 1.18535, -12963.9, 1.25577, -12966.6, -0.00129527, -0.00129528, -0.00129531, 0.056983, -1.49181e+35, 0.0650137, -1.09678, 0.0647418
286.151, 1.12942, -12965.2, 1.18536, -12965.3, 1.25579, -12968, -0.00129514, -0.00129514, -0.00129511, 0.056983, -1.49181e+35, 0.0650142, -1.0968, 0.0647365
286.201, 1.12944, -12966.6, 1.18538, -12966.7, 1.2558, -12969.4, -0.00129513, -0.00129511, -0.00129507, 0.056983, -1.49181e+35, 0.0650148, -1.09683, 0.0647305
286.252, 1.12945, -12968, 1.18539, -12968.1, 1.25582, -12970.8, -0.0012951, -0.00129507, -0.00129503, 0.056983, -1.49181e+35, 0.0650155, -1.09686, 0.0647237
286.302, 1.12941, -12969.4, 1.18535, -12969.5, 1.25577, -12972.2, -0.00129537, -0.00129539, -0.00129548, 0.056983, -1.49181e+35, 0.0650134, -1.09677, 0.0647163
286.353, 1.12942, -12970.8, 1.18536, -12970.9, 1.25578, -12973.6, -0.00129519, -0.00129518, -0.00129517, 0.056983, -1.49181e+35, 0.0650142, -1.09679, 0.0647084
286.403, 1.12943, -12972.1, 1.18537, -12972.3, 1.2558, -12975, -0.00129511, -0.0012951, -0.00129506, 0.056983, -1.49181e+35, 0.0650149, -1.09682, 0.0646998
286.453, 1.12945, -12973.5, 1.18539, -12973.7, 1.25581, -12976.4, -0.00129509, -0.00129508, -0.00129505, 0.056983, -1.49181e+35, 0.0650153, -1.09685, 0.0646906
286.504, 1.12941, -12974.9, 1.18535, -12975.1, 1.25577, -12977.7, -0.00125502, -0.00125507, -0.00125518, 0.056983, -1.49181e+35, 0.0650134, -1.09677, 0.0646808
286.554, 1.12942, -12976.3, 1.18536, -12976.4, 1.25578, -12979.1, -0.00125471, -0.00125472, -0.00125473, 0.056983, -1.49181e+35, 0.0650138, -1.09679, 0.0646705
286.604, 1.12943, -12977.6, 1.18537, -12977.8, 1.25579, -12980.4, -0.00125466, -0.00125464, -0.00125461, 0.056983, -1.49181e+35, 0.0650141, -1.09681, 0.0646597
286.655, 1.12944, -12979, 1.18538, -12979.2, 1.25581, -12981.8, -0.00125463, -0.00125462, -0.00125457, 0.056983, -1.49181e+35, 0.0650153, -1.09684, 0.0646484
286.705, 1.12938, -12980.3, 1.18532, -12980.5, 1.25573, -12983.2, -0.00125038, -0.00125036, -0.00125031, 0.056983, -1.49181e+35, 0.0650123, -1.09671, 0.0646367
286.755, 1.12941, -12981.7, 1.18535, -12981.9, 1.25577, -12984.5, -0.00125478, -0.0012548, -0.00125481, 0.056983, -1.49181e+35, 0.0650131, -1.09678, 0.0646245
286.806, 1.12942, -12983.1, 1.18537, -12983.2, 1.25579, -12985.9, -0.00125468, -0.00125468, -0.00125465, 0.056983, -1.49181e+35, 0.0650145, -1.0968, 0.0646119
286.856, 1.12944, -12984.4, 1.18538, -12984.6, 1.2558, -12987.2, -0.00125467, -0.00125462, -0.0012546, 0.056983, -1.49181e+35, 0.0650146, -1.09683, 0.0645988
286.906, 1.12945, -12985.8, 1.1854, -12985.9, 1.25582, -12988.6, -0.00125459, -0.00125457, -0.00125452, 0.056983, -1.49181e+35, 0.0650157, -1.09686, 0.0645854
286.957, 1.12941, -12987.1, 1.18535, -12987.3, 1.25577, -12989.9, -0.00121447, -0.00121447, -0.0012145, 0.056983, -1.49181e+35, 0.0650141, -1.09678, 0.0645716
287, 1.12941, -12988.2, 1.18535, -12988.4, 1.25577, -12991, -0.0012145, -0.00121455, -0.00121465, 0.056983, -1.49181e+35, 0.0650135, -1.09677, 0.0645594
287, 1.12941, -12988.2, 1.18535, -12988.4, 1.25577, -12991, -0.0012145, -0.00121455, -0.00121465, 0.0574688, -1.49181e+35, 0.0650135, -1.09677, 0.0645594
287.05, 1.12942, -12989.5, 1.18536, -12989.7, 1.25578, -12992.3, -0.00121426, -0.00121424, -0.00121423, 0.0574688, -1.49181e+35, 0.0650138, -1.09679, 0.064557
287.101, 1.12943, -12990.8, 1.18537, -12991, 1.25579, -12993.7, -0.00121414, -0.00121415, -0.00121409, 0.0574688, -1.49181e+35, 0.0650147, -1.09681, 0.0645538
287.151, 1.12944, -12992.2, 1.18539, -12992.3, 1.25581, -12995, -0.00121413, -0.00121414, -0.00121412, 0.0574688, -1.49181e+35, 0.0650153, -1.09684, 0.06455
287.202, 1.1294, -12993.5, 1.18534, -12993.6, 1.25576, -12996.3, -0.00121494, -0.00121506, -0.00121538, 0.0574688, -1.49181e+35, 0.0650136, -1.09676, 0.0645456
287.252, 1.12941, -12994.8, 1.18535, -12994.9, 1.25578, -12997.6, -0.00121429, -0.00121427, -0.0012143, 0.0574688, -1.49181e+35, 0.0650141, -1.09678, 0.0645405
287.302, 1.12943, -12996.1, 1.18537, -12996.3, 1.25579, -12998.9, -0.00121419, -0.00121419, -0.00121415, 0.0574688, -1.49181e+35, 0.0650148, -1.09681, 0.0645349
287.353, 1.12944, -12997.4, 1.18538, -12997.6, 1.2558, -13000.2, -0.00121412, -0.00121413, -0.00121405, 0.0574688, -1.49181e+35, 0.0650153, -1.09683, 0.0645288
287.403, 1.12945, -12998.7, 1.1854, -12998.9, 1.25582, -13001.5, -0.00121417, -0.00121408, -0.00121406, 0.0574688, -1.49181e+35, 0.0650153, -1.09686, 0.0645221
287.453, 1.12941, -13000, 1.18535, -13000.2, 1.25577, -13002.8, -0.00117413, -0.00117417, -0.00117422, 0.0574688, -1.49181e+35, 0.0650135, -1.09678, 0.0645149
287.504, 1.12942, -13001.3, 1.18536, -13001.4, 1.25579, -13004.1, -0.00117377, -0.00117375, -0.0011737, 0.0574688, -1.49181e+35, 0.0650142, -1.0968, 0.0645073
287.554, 1.12944, -13002.5, 1.18538, -13002.7, 1.2558, -13005.4, -0.00117366, -0.00117369, -0.00117359, 0.0574688, -1.49181e+35, 0.0650151, -1.09683, 0.0644992
287.604, 1.12945, -13003.8, 1.18539, -13004, 1.25582, -13006.6, -0.00117369, -0.00117367, -0.00117363, 0.0574688, -1.49181e+35, 0.065016, -1.09685, 0.0644907
287.655, 1.12941, -13005.1, 1.18535, -13005.2, 1.25577, -13007.9, -0.00117393, -0.00117395, -0.00117401, 0.0574688, -1.49181e+35, 0.0650141, -1.09677, 0.0644817
287.705, 1.12942, -13006.4, 1.18536, -13006.5, 1.25578, -13009.2, -0.00116809, -0.00116807, -0.00116806, 0.0574688, -1.49181e+35, 0.065014, -1.09679, 0.0644723
287.755, 1.12943, -13007.6, 1.18537, -13007.8, 1.2558, -13010.4, -0.00117372, -0.00117372, -0.00117369, 0.0574688, -1.49181e+35, 0.0650149, -1.09682, 0.0644626
287.806, 1.12945, -13008.9, 1.18539, -13009, 1.25581, -13011.7, -0.00117368, -0.0011737, -0.00117361, 0.0574688, -1.49181e+35, 0.0650152, -1.09685, 0.0644525
287.856, 1.1294, -13010.2, 1.18534, -13010.3, 1.25577, -13013, -0.00117404, -0.00117407, -0.0011742, 0.0574688, -1.49181e+35, 0.0650134, -1.09677, 0.0644421
287.906, 1.12942, -13011.4, 1.18536, -13011.6, 1.25578, -13014.2, -0.00117378, -0.00117379, -0.00117377, 0.0574688, -1.49181e+35, 0.0650138, -1.09679, 0.0644311
287.957, 1.12943, -13012.7, 1.18537, -13012.8, 1.25579, -13015.5, -0.0011737, -0.0011737, -0.00117367, 0.0574688, -1.49181e+35, 0.0650145, -1.09681, 0.0644199
288, 1.12942, -13013.8, 1.18536, -13013.9, 1.25579, -13016.6, -0.0011342, -0.00113421, -0.00113416, 0.0574688, -1.49181e+35, 0.0650144, -1.0968, 0.0644101
288, 1.12942, -13013.8, 1.18536, -13013.9, 1.25579, -13016.6, -0.0011342, -0.00113421, -0.00113416, 0.0579224, -1.49181e+35, 0.0650144, -1.0968, 0.06441
288.05, 1.12944, -13015, 1.18538, -13015.2, 1.2558, -13017.8, -0.00113323, -0.00113323, -0.00113321, 0.0579224, -1.49181e+35, 0.065015, -1.09683, 0.0644095
288.101, 1.12945, -13016.2, 1.18539, -13016.4, 1.25582, -13019, -0.00113326, -0.00113325, -0.00113318, 0.0579224, -1.49181e+35, 0.0650156, -1.09686, 0.0644084
288.151, 1.12941, -13017.4, 1.18535, -13017.6, 1.25577, -13020.2, -0.00113343, -0.00113344, -0.0011335, 0.0579224, -1.49181e+35, 0.065014, -1.09677, 0.0644066
288.202, 1.12942, -13018.7, 1.18536, -13018.8, 1.25578, -13021.5, -0.00113333, -0.00113326, -0.00113327, 0.0579224, -1.49181e+35, 0.0650144, -1.09679, 0.0644044
288.252, 1.12943, -13019.9, 1.18538, -13020, 1.2558, -13022.7, -0.00113324, -0.00113327, -0.00113327, 0.0579224, -1.49181e+35, 0.0650144, -1.09682, 0.0644015
288.302, 1.12945, -13021.1, 1.18539, -13021.3, 1.25581, -13023.9, -0.00113318, -0.00113315, -0.00113312, 0.0579224, -1.49181e+35, 0.0650157, -1.09685, 0.0643982
288.353, 1.12941, -13022.3, 1.18535, -13022.5, 1.25577, -13025.1, -0.00113362, -0.00113359, -0.00113376, 0.0579224, -1.49181e+35, 0.0650134, -1.09677, 0.0643943
288.403, 1.12942, -13023.6, 1.18536, -13023.7, 1.25578, -13026.4, -0.00113333, -0.00113333, -0.0011333, 0.0579224, -1.49181e+35, 0.065014, -1.09679, 0.06439
288.453, 1.12943, -13024.8, 1.18537, -13024.9, 1.25579, -13027.6, -0.00113319, -0.00113323, -0.00113318, 0.0579224, -1.49181e+35, 0.0650147, -1.09681, 0.0643853
288.504, 1.12944, -13026, 1.18539, -13026.2, 1.25581, -13028.8, -0.0011332, -0.00113317, -0.00113311, 0.0579224, -1.49181e+35, 0.0650152, -1.09684, 0.06438
288.554, 1.1294, -13027.2, 1.18534, -13027.4, 1.25576, -13030, -0.00113399, -0.00113415, -0.00113448, 0.0579224, -1.49181e+35, 0.0650136, -1.09676, 0.0643744
288.604, 1.12941, -13028.5, 1.18535, -13028.6, 1.25578, -13031.3, -0.00110563, -0.00110564, -0.00110566, 0.0579224, -1.49181e+35, 0.065014, -1.09678, 0.0643684
288.655, 1.12943, -13029.6, 1.18537, -13029.8, 1.25579, -13032.4, -0.00109277, -0.00109272, -0.00109268, 0.0579224, -1.49181e+35, 0.0650144, -1.09681, 0.0643621
288.705, 1.12944, -13030.8, 1.18538, -13031, 1.2558, -13033.6, -0.00109271, -0.00109277, -0.00109268, 0.0579224, -1.49181e+35, 0.0650149, -1.09683, 0.0643554
288.755, 1.12946, -13032, 1.1854, -13032.2, 1.25582, -13034.8, -0.00109268, -0.00109269, -0.00109267, 0.0579224, -1.49181e+35, 0.0650158, -1.09686, 0.0643483
288.806, 1.12941, -13033.2, 1.18535, -13033.3, 1.25577, -13036, -0.00109287, -0.00109291, -0.00109296, 0.0579224, -1.49181e+35, 0.0650135, -1.09678, 0.0643409
288.856, 1.12942, -13034.4, 1.18536, -13034.5, 1.25578, -13037.2, -0.00109274, -0.00109277, -0.00109279, 0.0579224, -1.49181e+35, 0.0650141, -1.0968, 0.0643332
288.906, 1.12944, -13035.5, 1.18538, -13035.7, 1.2558, -13038.3, -0.00109277, -0.00109272, -0.00109271, 0.0579224, -1.49181e+35, 0.0650148, -1.09683, 0.0643251
288.957, 1.12945, -13036.7, 1.18539, -13036.9, 1.25582, -13039.5, -0.00109272, -0.0010927, -0.00109266, 0.0579224, -1.49181e+35, 0.0650153, -1.09686, 0.0643168
289, 1.12945, -13037.7, 1.18539, -13037.9, 1.25581, -13040.5, -0.00109276, -0.00109272, -0.00109269, 0.0579224, -1.49181e+35, 0.0650153, -1.09684, 0.0643093
289, 1.12945, -13037.7, 1.18539, -13037.9, 1.25581, -13040.5, -0.00109276, -0.00109272, -0.00109269, 0.0583596, -1.49181e+35, 0.0650153, -1.09684, 0.0643093
289.051, 1.1294, -13038.9, 1.18534, -13039.1, 1.25577, -13041.7, -0.00109354, -0.00109361, -0.00109395, 0.0583596, -1.49181e+35, 0.0650134, -1.09677, 0.0643112
289.101, 1.12942, -13040.1, 1.18536, -13040.2, 1.25578, -13042.9, -0.00109284, -0.00109286, -0.00109289, 0.0583596, -1.49181e+35, 0.065014, -1.09679, 0.0643126
289.151, 1.12943, -13041.3, 1.18537, -13041.4, 1.25579, -13044.1, -0.00109277, -0.00109279, -0.00109275, 0.0583596, -1.49181e+35, 0.0650145, -1.09681, 0.0643133
289.202, 1.12944, -13042.4, 1.18538, -13042.6, 1.25581, -13045.3, -0.00109274, -0.00109269, -0.0010927, 0.0583596, -1.49181e+35, 0.0650152, -1.09684, 0.0643136
289.252, 1.12938, -13043.6, 1.18531, -13043.8, 1.25573, -13046.4, -0.0010927, -0.00109269, -0.00109268, 0.0583596, -1.49181e+35, 0.0650121, -1.09671, 0.0643133
289.302, 1.12941, -13044.8, 1.18535, -13045, 1.25577, -13047.6, -0.00105285, -0.00105286, -0.00105282, 0.0583596, -1.49181e+35, 0.0650139, -1.09678, 0.0643125
289.353, 1.12942, -13045.9, 1.18537, -13046.1, 1.25579, -13048.7, -0.00105229, -0.0010523, -0.00105226, 0.0583596, -1.49181e+35, 0.0650143, -1.0968, 0.0643113
289.403, 1.12944, -13047.1, 1.18538, -13047.2, 1.2558, -13049.9, -0.0010523, -0.00105226, -0.00105226, 0.0583596, -1.49181e+35, 0.065015, -1.09683, 0.0643097
289.453, 1.12945, -13048.2, 1.18539, -13048.4, 1.25582, -13051, -0.00105226, -0.00105224, -0.00105221, 0.0583596, -1.49181e+35, 0.0650156, -1.09686, 0.0643076
289.504, 1.12941, -13049.3, 1.18535, -13049.5, 1.25577, -13052.1, -0.00105253, -0.00105256, -0.00105263, 0.0583596, -1.49181e+35, 0.0650137, -1.09677, 0.0643051
289.554, 1.12942, -13050.5, 1.18536, -13050.6, 1.25578, -13053.3, -0.00105235, -0.00105227, -0.0010523, 0.0583596, -1.49181e+35, 0.0650141, -1.09679, 0.0643021
289.604, 1.12943, -13051.6, 1.18537, -13051.8, 1.2558, -13054.4, -0.00105227, -0.00105229, -0.0010522, 0.0583596, -1.49181e+35, 0.0650147, -1.09682, 0.0642989
289.655, 1.12945, -13052.7, 1.18539, -13052.9, 1.25581, -13055.6, -0.00105222, -0.00105221, -0.00105216, 0.0583596, -1.49181e+35, 0.0650154, -1.09685, 0.0642953
289.705, 1.12941, -13053.9, 1.18535, -13054, 1.25577, -13056.7, -0.00105257, -0.00105262, -0.00105279, 0.0583596, -1.49181e+35, 0.0650136, -1.09677, 0.0642913
289.755, 1.12942, -13055, 1.18536, -13055.2, 1.25578, -13057.8, -0.00105235, -0.00105237, -0.00105239, 0.0583596, -1.49181e+35, 0.065014, -1.09679, 0.064287
289.806, 1.12943, -13056.2, 1.18537, -13056.3, 1.25579, -13059, -0.00105223, -0.00105227, -0.00105222, 0.0583596, -1.49181e+35, 0.0650147, -1.09681, 0.0642823
289.856, 1.12944, -13057.3, 1.18538, -13057.5, 1.25581, -13060.1, -0.00105228, -0.00105222, -0.00105216, 0.0583596, -1.49181e+35, 0.0650151, -1.09684, 0.0642774
289.907, 1.12938, -13058.4, 1.18532, -13058.6, 1.25574, -13061.2, -0.00105225, -0.00105224, -0.00105214, 0.0583596, -1.49181e+35, 0.0650122, -1.09671, 0.0642721
289.957, 1.12941, -13059.6, 1.18535, -13059.7, 1.25577, -13062.4, -0.00105234, -0.00105235, -0.00105239, 0.0583596, -1.49181e+35, 0.065014, -1.09678, 0.0642666
290, 1.12941, -13060.5, 1.18535, -13060.7, 1.25577, -13063.4, -0.00105248, -0.00105251, -0.00105254, 0.0583596, -1.49181e+35, 0.0650136, -1.09678, 0.0642616
290, 1.12941, -13060.5, 1.18535, -13060.7, 1.25577, -13063.4, -0.00105248, -0.00105251, -0.00105254, 0.0587805, -1.49181e+35, 0.0650139, -1.09678, 0.0642616
290.051, 1.12942, -13061.7, 1.18536, -13061.8, 1.25578, -13064.5, -0.00101586, -0.00101588, -0.00101583, 0.0587805, -1.49181e+35, 0.0650142, -1.0968, 0.0642659
290.101, 1.12943, -13062.8, 1.18538, -13062.9, 1.2558, -13065.6, -0.00101181, -0.00101175, -0.00101174, 0.0587805, -1.49181e+35, 0.0650146, -1.09682, 0.0642697
290.151, 1.12945, -13063.9, 1.18539, -13064, 1.25581, -13066.7, -0.00101175, -0.00101174, -0.00101169, 0.0587805, -1.49181e+35, 0.0650151, -1.09685, 0.0642729
290.202, 1.12941, -13065, 1.18535, -13065.1, 1.25577, -13067.8, -0.00101212, -0.00101215, -0.00101231, 0.0587805, -1.49181e+35, 0.0650133, -1.09677, 0.0642757
290.252, 1.12942, -13066, 1.18536, -13066.2, 1.25578, -13068.9, -0.00101185, -0.00101186, -0.00101181, 0.0587805, -1.49181e+35, 0.0650139, -1.09679, 0.0642779
290.302, 1.12943, -13067.1, 1.18537, -13067.3, 1.25579, -13069.9, -0.00101177, -0.00101181, -0.00101177, 0.0587805, -1.49181e+35, 0.0650145, -1.09682, 0.0642796
290.353, 1.12944, -13068.2, 1.18539, -13068.4, 1.25581, -13071, -0.00101181, -0.00101177, -0.00101171, 0.0587805, -1.49181e+35, 0.0650153, -1.09684, 0.064281
290.403, 1.1294, -13069.3, 1.18534, -13069.5, 1.25576, -13072.1, -0.00101259, -0.00101274, -0.00101298, 0.0587805, -1.49181e+35, 0.0650133, -1.09676, 0.0642818
290.453, 1.12941, -13070.4, 1.18535, -13070.6, 1.25578, -13073.2, -0.00101052, -0.00101054, -0.00101055, 0.0587805, -1.49181e+35, 0.065014, -1.09678, 0.0642822
290.504, 1.12943, -13071.5, 1.18537, -13071.7, 1.25579, -13074.3, -0.00101183, -0.00101176, -0.00101172, 0.0587805, -1.49181e+35, 0.0650149, -1.09681, 0.0642823
290.554, 1.12944, -13072.6, 1.18538, -13072.8, 1.25581, -13075.4, -0.00101175, -0.00101173, -0.00101165, 0.0587805, -1.49181e+35, 0.0650151, -1.09684, 0.0642819
290.604, 1.12946, -13073.7, 1.1854, -13073.9, 1.25582, -13076.5, -0.00101175, -0.00101172, -0.00101174, 0.0587805, -1.49181e+35, 0.0650153, -1.09687, 0.0642812
290.655, 1.12941, -13074.8, 1.18535, -13074.9, 1.25577, -13077.6, -0.00101193, -0.00101199, -0.00101193, 0.0587805, -1.49181e+35, 0.0650139, -1.09678, 0.06428
290.705, 1.12942, -13075.9, 1.18536, -13076, 1.25579, -13078.7, -0.00101189, -0.00101182, -0.00101177, 0.0587805, -1.49181e+35, 0.0650141, -1.0968, 0.0642785
290.755, 1.12944, -13077, 1.18538, -13077.1, 1.2558, -13079.8, -0.00101181, -0.00101178, -0.00101177, 0.0587805, -1.49181e+35, 0.0650145, -1.09683, 0.0642768
290.806, 1.12945, -13078.1, 1.18539, -13078.2, 1.25582, -13080.9, -0.00101182, -0.00101179, -0.00101165, 0.0587805, -1.49181e+35, 0.0650159, -1.09686, 0.0642748
290.856, 1.12941, -13079.2, 1.18535, -13079.3, 1.25577, -13082, -0.00101212, -0.00101209, -0.00101222, 0.0587805, -1.49181e+35, 0.0650139, -1.09677, 0.0642724
290.907, 1.12942, -13080.2, 1.18536, -13080.4, 1.25578, -13083, -0.00097142, -0.000971361, -0.00097129, 0.0587805, -1.49181e+35, 0.0650141, -1.0968, 0.0642698
290.957, 1.12943, -13081.3, 1.18537, -13081.4, 1.2558, -13084.1, -0.000971304, -0.000971267, -0.000971246, 0.0587805, -1.49181e+35, 0.0650147, -1.09682, 0.0642668
291, 1.12943, -13082.2, 1.18537, -13082.3, 1.25579, -13085, -0.000971281, -0.000971209, -0.000971338, 0.0587805, -1.49181e+35, 0.0650143, -1.09681, 0.064264
291, 1.12943, -13082.2, 1.18537, -13082.3, 1.25579, -13085, -0.000971281, -0.000971209, -0.000971338, 0.0591691, -1.49181e+35, 0.0650147, -1.09681, 0.0642639
291.051, 1.12944, -13083.2, 1.18538, -13083.4, 1.25581, -13086, -0.000971375, -0.000971359, -0.000971319, 0.0591691, -1.49181e+35, 0.0650147, -1.09684, 0.06427
291.101, 1.12938, -13084.3, 1.18532, -13084.4, 1.25573, -13087.1, -0.000971346, -0.000971337, -0.000971275, 0.0591691, -1.49181e+35, 0.0650125, -1.09671, 0.0642755
291.151, 1.12941, -13085.3, 1.18535, -13085.5, 1.25577, -13088.1, -0.000971402, -0.000971521, -0.000971449, 0.0591691, -1.49181e+35, 0.0650134, -1.09678, 0.0642805
291.202, 1.12942, -13086.4, 1.18537, -13086.5, 1.25579, -13089.2, -0.000971406, -0.000971379, -0.000971297, 0.0591691, -1.49181e+35, 0.0650138, -1.0968, 0.064285
291.252, 1.12944, -13087.4, 1.18538, -13087.6, 1.2558, -13090.2, -0.000971363, -0.000971316, -0.000971159, 0.0591691, -1.49181e+35, 0.0650154, -1.09683, 0.064289
291.302, 1.12945, -13088.5, 1.1854, -13088.6, 1.25582, -13091.3, -0.000971351, -0.000971298, -0.000971222, 0.0591691, -1.49181e+35, 0.0650156, -1.09686, 0.0642925
291.353, 1.12941, -13089.5, 1.18535, -13089.7, 1.25577, -13092.3, -0.00097156, -0.000971507, -0.000971626, 0.0591691, -1.49181e+35, 0.0650139, -1.09677, 0.0642957
291.403, 1.12942, -13090.6, 1.18536, -13090.7, 1.25578, -13093.4, -0.000971415, -0.000971352, -0.000971308, 0.0591691, -1.49181e+35, 0.0650143, -1.0968, 0.0642983
291.453, 1.12943, -13091.6, 1.18538, -13091.8, 1.2558, -13094.4, -0.000971329, -0.000971295, -0.000971293, 0.0591691, -1.49181e+35, 0.065015, -1.09682, 0.0643005
291.504, 1.12945, -13092.7, 1.18539, -13092.8, 1.25581, -13095.5, -0.0009713, -0.000971287, -0.00097115, 0.0591691, -1.49181e+35, 0.065015, -1.09685, 0.0643024
291.554, 1.12941, -13093.7, 1.18535, -13093.9, 1.25577, -13096.5, -0.000971541, -0.000971643, -0.000971657, 0.0591691, -1.49181e+35, 0.0650138, -1.09677, 0.0643039
291.604, 1.12942, -13094.8, 1.18536, -13094.9, 1.25578, -13097.6, -0.000971398, -0.000971289, -0.0009714, 0.0591691, -1.49181e+35, 0.0650142, -1.09679, 0.0643049
291.655, 1.12943, -13095.8, 1.18537, -13096, 1.25579, -13098.6, -0.000971276, -0.000971246, -0.000971224, 0.0591691, -1.49181e+35, 0.0650148, -1.09681, 0.0643056
291.705, 1.12944, -13096.9, 1.18539, -13097, 1.25581, -13099.7, -0.00097127, -0.000971205, -0.00097127, 0.0591691, -1.49181e+35, 0.0650153, -1.09684, 0.0643059
291.756, 1.1294, -13097.9, 1.18534, -13098, 1.25576, -13100.7, -0.000931853, -0.000931852, -0.000932224, 0.0591691, -1.49181e+35, 0.0650133, -1.09676, 0.0643059
291.806, 1.12941, -13098.9, 1.18536, -13099, 1.25578, -13101.7, -0.000930933, -0.00093086, -0.000930975, 0.0591691, -1.49181e+35, 0.0650137, -1.09678, 0.0643055
291.856, 1.12943, -13099.9, 1.18537, -13100.1, 1.25579, -13102.7, -0.000930778, -0.000930898, -0.000930856, 0.0591691, -1.49181e+35, 0.065015, -1.09681, 0.0643049
291.907, 1.12944, -13100.9, 1.18538, -13101.1, 1.2558, -13103.7, -0.000930742, -0.000930873, -0.000930682, 0.0591691, -1.49181e+35, 0.0650154, -1.09683, 0.0643039
291.957, 1.12946, -13101.9, 1.1854, -13102.1, 1.25582, -13104.7, -0.000930865, -0.000930846, -0.000930784, 0.0591691, -1.49181e+35, 0.0650156, -1.09686, 0.0643027
292, 1.12945, -13102.8, 1.18539, -13102.9, 1.25582, -13105.6, -0.000930829, -0.000930818, -0.000930858, 0.0591691, -1.49181e+35, 0.0650161, -1.09685, 0.0643014
292, 1.12945, -13102.8, 1.18539, -13102.9, 1.25582, -13105.6, -0.000930829, -0.000930818, -0.000930858, 0.0595414, -1.49181e+35, 0.0650161, -1.09685, 0.0643014
292.051, 1.12941, -13103.8, 1.18535, -13103.9, 1.25577, -13106.6, -0.00093117, -0.000931134, -0.000931229, 0.0595414, -1.49181e+35, 0.0650134, -1.09677, 0.0643088
292.101, 1.12942, -13104.8, 1.18536, -13104.9, 1.25578, -13107.6, -0.000930778, -0.000930841, -0.000930808, 0.0595414, -1.49181e+35, 0.0650139, -1.09679, 0.0643158
292.151, 1.12943, -13105.8, 1.18537, -13105.9, 1.2558, -13108.6, -0.00093086, -0.000930752, -0.000930723, 0.0595414, -1.49181e+35, 0.0650148, -1.09682, 0.0643222
292.202, 1.12945, -13106.8, 1.18539, -13106.9, 1.25581, -13109.6, -0.000930609, -0.000930558, -0.000930587, 0.0595414, -1.49181e+35, 0.065015, -1.09684, 0.0643281
292.252, 1.1294, -13107.8, 1.18534, -13108, 1.25577, -13110.6, -0.000931534, -0.000931744, -0.000931966, 0.0595414, -1.49181e+35, 0.0650133, -1.09677, 0.0643335
292.302, 1.12941, -13108.8, 1.18536, -13109, 1.25578, -13111.6, -0.000930928, -0.000930867, -0.000930944, 0.0595414, -1.49181e+35, 0.0650135, -1.09678, 0.0643385
292.353, 1.12943, -13109.8, 1.18537, -13110, 1.25579, -13112.6, -0.000930771, -0.000930749, -0.000930874, 0.0595414, -1.49181e+35, 0.0650144, -1.09681, 0.064343
292.403, 1.12944, -13110.8, 1.18538, -13111, 1.25581, -13113.6, -0.000930893, -0.000930877, -0.000930712, 0.0595414, -1.49181e+35, 0.0650146, -1.09684, 0.064347
292.453, 1.12938, -13111.8, 1.18532, -13112, 1.25573, -13114.6, -0.00093087, -0.000930866, -0.000930797, 0.0595414, -1.49181e+35, 0.065012, -1.09671, 0.0643508
292.504, 1.12941, -13112.8, 1.18535, -13113, 1.25577, -13115.6, -0.000930934, -0.000931044, -0.000930994, 0.0595414, -1.49181e+35, 0.0650143, -1.09678, 0.0643541
292.554, 1.12942, -13113.8, 1.18537, -13114, 1.25579, -13116.6, -0.000930937, -0.000930903, -0.000930828, 0.0595414, -1.49181e+35, 0.0650142, -1.0968, 0.0643569
292.604, 1.12944, -13114.8, 1.18538, -13115, 1.2558, -13117.6, -0.000930864, -0.000930851, -0.000930818, 0.0595414, -1.49181e+35, 0.0650148, -1.09683, 0.0643594
292.655, 1.12945, -13115.8, 1.18539, -13116, 1.25582, -13118.6, -0.000890604, -0.000890571, -0.00089045, 0.0595414, -1.49181e+35, 0.0650163, -1.09686, 0.0643615
292.705, 1.12941, -13116.8, 1.18535, -13116.9, 1.25577, -13119.6, -0.000890457, -0.000890608, -0.000890667, 0.0595414, -1.49181e+35, 0.0650134, -1.09677, 0.0643632
292.756, 1.12942, -13117.7, 1.18536, -13117.9, 1.25578, -13120.5, -0.000890439, -0.000890332, -0.0008903, 0.0595414, -1.49181e+35, 0.0650144, -1.0968, 0.0643646
292.806, 1.12943, -13118.7, 1.18538, -13118.9, 1.2558, -13121.5, -0.000890363, -0.000890313, -0.00089033, 0.0595414, -1.49181e+35, 0.0650149, -1.09682, 0.0643656
292.856, 1.12945, -13119.7, 1.18539, -13119.8, 1.25581, -13122.5, -0.000890345, -0.000890334, -0.000890331, 0.0595414, -1.49181e+35, 0.0650152, -1.09685, 0.0643664
292.907, 1.12941, -13120.6, 1.18535, -13120.8, 1.25577, -13123.4, -0.000890588, -0.000890725, -0.000890866, 0.0595414, -1.49181e+35, 0.0650134, -1.09677, 0.0643668
292.957, 1.12942, -13121.6, 1.18536, -13121.8, 1.25578, -13124.4, -0.000890467, -0.000890395, -0.000890492, 0.0595414, -1.49181e+35, 0.0650144, -1.09679, 0.064367
293, 1.12941, -13122.4, 1.18535, -13122.6, 1.25577, -13125.2, -0.000890448, -0.000890531, -0.000890473, 0.0595414, -1.49181e+35, 0.0650143, -1.09678, 0.064367
293, 1.12941, -13122.4, 1.18535, -13122.6, 1.25577, -13125.2, -0.000890448, -0.000890531, -0.000890473, 0.0598976, -1.49181e+35, 0.0650143, -1.09678, 0.064367
293.051, 1.12943, -13123.4, 1.18537, -13123.5, 1.25579, -13126.2, -0.000890303, -0.000890424, -0.000890367, 0.0598976, -1.49181e+35, 0.0650145, -1.09681, 0.0643753
293.101, 1.12944, -13124.3, 1.18538, -13124.5, 1.2558, -13127.1, -0.0008904, -0.00089038, -0.000890211, 0.0598976, -1.49181e+35, 0.0650152, -1.09683, 0.0643832
293.151, 1.12945, -13125.3, 1.1854, -13125.5, 1.25582, -13128.1, -0.000890393, -0.000890387, -0.00089028, 0.0598976, -1.49181e+35, 0.0650154, -1.09686, 0.0643906
293.202, 1.12941, -13126.3, 1.18535, -13126.4, 1.25577, -13129.1, -0.000890499, -0.00089059, -0.000890544, 0.0598976, -1.49181e+35, 0.0650137, -1.09678, 0.0643974
293.252, 1.12942, -13127.2, 1.18536, -13127.4, 1.25578, -13130, -0.000890456, -0.000890405, -0.000890312, 0.0598976, -1.49181e+35, 0.0650142, -1.0968, 0.0644038
293.302, 1.12943, -13128.2, 1.18538, -13128.3, 1.2558, -13131, -0.000890385, -0.000890321, -0.000890299, 0.0598976, -1.49181e+35, 0.0650149, -1.09682, 0.0644098
293.353, 1.12945, -13129.2, 1.18539, -13129.3, 1.25582, -13132, -0.00089035, -0.000890305, -0.00089036, 0.0598976, -1.49181e+35, 0.0650156, -1.09685, 0.0644152
293.403, 1.12941, -13130.1, 1.18535, -13130.3, 1.25577, -13132.9, -0.000890672, -0.000890635, -0.00089075, 0.0598976, -1.49181e+35, 0.0650137, -1.09677, 0.0644202
293.453, 1.12942, -13131.1, 1.18536, -13131.2, 1.25578, -13133.9, -0.000890455, -0.000890339, -0.000890475, 0.0598976, -1.49181e+35, 0.0650139, -1.09679, 0.0644248
293.504, 1.12943, -13132, 1.18537, -13132.2, 1.25579, -13134.8, -0.000890366, -0.000890279, -0.000890251, 0.0598976, -1.49181e+35, 0.0650147, -1.09682, 0.0644291
293.554, 1.12945, -13133, 1.18539, -13133.1, 1.25581, -13135.8, -0.000852119, -0.000852098, -0.000852095, 0.0598976, -1.49181e+35, 0.0650153, -1.09685, 0.0644329
293.605, 1.1294, -13133.9, 1.18534, -13134.1, 1.25576, -13136.7, -0.00085058, -0.000850762, -0.000851137, 0.0598976, -1.49181e+35, 0.0650134, -1.09676, 0.0644363
293.655, 1.12942, -13134.8, 1.18536, -13135, 1.25578, -13137.6, -0.000850014, -0.000849907, -0.000850029, 0.0598976, -1.49181e+35, 0.065014, -1.09679, 0.0644393
293.705, 1.12943, -13135.7, 1.18537, -13135.9, 1.25579, -13138.5, -0.000849821, -0.000849943, -0.000849891, 0.0598976, -1.49181e+35, 0.0650145, -1.09681, 0.064442
293.756, 1.12944, -13136.7, 1.18538, -13136.8, 1.25581, -13139.5, -0.000849942, -0.000849904, -0.000849757, 0.0598976, -1.49181e+35, 0.0650151, -1.09684, 0.0644443
293.806, 1.12938, -13137.6, 1.18531, -13137.7, 1.25573, -13140.4, -0.00084992, -0.000849916, -0.000849852, 0.0598976, -1.49181e+35, 0.0650122, -1.09671, 0.0644463
293.856, 1.12941, -13138.5, 1.18535, -13138.7, 1.25577, -13141.3, -0.000849983, -0.000850093, -0.000850094, 0.0598976, -1.49181e+35, 0.0650138, -1.09678, 0.064448
293.907, 1.12942, -13139.4, 1.18536, -13139.6, 1.25579, -13142.2, -0.00084998, -0.000849939, -0.000849917, 0.0598976, -1.49181e+35, 0.0650143, -1.0968, 0.0644494
293.957, 1.12944, -13140.3, 1.18538, -13140.5, 1.2558, -13143.1, -0.000849958, -0.000849927, -0.000849746, 0.0598976, -1.49181e+35, 0.065015, -1.09683, 0.0644504
294, 1.12943, -13141.1, 1.18537, -13141.3, 1.2558, -13143.9, -0.000845666, -0.000845615, -0.000845571, 0.0598976, -1.49181e+35, 0.0650147, -1.09682, 0.064451
294, 1.12943, -13141.1, 1.18537, -13141.3, 1.2558, -13143.9, -0.000845666, -0.000845615, -0.000845571, 0.0602358, -1.49181e+35, 0.0650148, -1.09682, 0.064451
294.051, 1.12945, -13142, 1.18539, -13142.2, 1.25581, -13144.8, -0.000849902, -0.000849868, -0.000849886, 0.0602358, -1.49181e+35, 0.0650154, -1.09685, 0.0644598
294.101, 1.12941, -13143, 1.18535, -13143.1, 1.25577, -13145.8, -0.000850148, -0.000850259, -0.000850421, 0.0602358, -1.49181e+35, 0.0650135, -1.09677, 0.0644681
294.151, 1.12942, -13143.9, 1.18536, -13144, 1.25578, -13146.7, -0.000850025, -0.000849932, -0.000850044, 0.0602358, -1.49181e+35, 0.065014, -1.09679, 0.0644758
294.202, 1.12943, -13144.8, 1.18537, -13145, 1.25579, -13147.6, -0.0008499, -0.000849856, -0.000849785, 0.0602358, -1.49181e+35, 0.0650145, -1.09681, 0.0644831
294.252, 1.12944, -13145.7, 1.18539, -13145.9, 1.25581, -13148.5, -0.000849847, -0.000849831, -0.000849848, 0.0602358, -1.49181e+35, 0.0650152, -1.09684, 0.0644899
294.302, 1.12938, -13146.6, 1.18532, -13146.8, 1.25574, -13149.4, -0.000849829, -0.000849825, -0.000849718, 0.0602358, -1.49181e+35, 0.0650124, -1.09671, 0.0644962
294.353, 1.12941, -13147.5, 1.18535, -13147.7, 1.25578, -13150.3, -0.000850062, -0.000849951, -0.000850123, 0.0602358, -1.49181e+35, 0.0650138, -1.09678, 0.0645021
294.403, 1.12942, -13148.5, 1.18537, -13148.6, 1.25579, -13151.3, -0.000849903, -0.000849972, -0.000849931, 0.0602358, -1.49181e+35, 0.0650145, -1.0968, 0.0645075
294.453, 1.12944, -13149.4, 1.18538, -13149.5, 1.2558, -13152.2, -0.000812367, -0.000812489, -0.000812324, 0.0602358, -1.49181e+35, 0.065015, -1.09683, 0.0645125
294.504, 1.12945, -13150.2, 1.1854, -13150.4, 1.25582, -13153.1, -0.000809291, -0.000809286, -0.000809333, 0.0602358, -1.49181e+35, 0.0650155, -1.09686, 0.064517
294.554, 1.12941, -13151.1, 1.18535, -13151.3, 1.25577, -13153.9, -0.000809614, -0.000809675, -0.00080966, 0.0602358, -1.49181e+35, 0.0650136, -1.09678, 0.0645213
294.605, 1.12942, -13152, 1.18536, -13152.2, 1.25578, -13154.8, -0.00080953, -0.000809494, -0.000809458, 0.0602358, -1.49181e+35, 0.0650141, -1.0968, 0.0645252
294.655, 1.12944, -13152.9, 1.18538, -13153, 1.2558, -13155.7, -0.000809473, -0.000809436, -0.000809427, 0.0602358, -1.49181e+35, 0.0650148, -1.09683, 0.0645286
294.705, 1.12945, -13153.7, 1.18539, -13153.9, 1.25582, -13156.5, -0.000809448, -0.000809399, -0.00080931, 0.0602358, -1.49181e+35, 0.0650157, -1.09685, 0.0645316
294.756, 1.12941, -13154.6, 1.18535, -13154.8, 1.25577, -13157.4, -0.000809591, -0.000809715, -0.000809677, 0.0602358, -1.49181e+35, 0.0650134, -1.09677, 0.0645343
294.806, 1.12942, -13155.5, 1.18536, -13155.7, 1.25578, -13158.3, -0.000809534, -0.000809465, -0.000809545, 0.0602358, -1.49181e+35, 0.0650139, -1.09679, 0.0645366
294.856, 1.12943, -13156.4, 1.18537, -13156.5, 1.25579, -13159.2, -0.000809461, -0.000809375, -0.00080932, 0.0602358, -1.49181e+35, 0.0650144, -1.09682, 0.0645387
294.907, 1.12945, -13157.2, 1.18539, -13157.4, 1.25581, -13160, -0.000809399, -0.000809363, -0.00080938, 0.0602358, -1.49181e+35, 0.0650158, -1.09684, 0.0645404
294.957, 1.1294, -13158.1, 1.18534, -13158.3, 1.25577, -13160.9, -0.000810152, -0.000810301, -0.000810531, 0.0602358, -1.49181e+35, 0.0650137, -1.09676, 0.0645419
295, 1.12946, -13158.9, 1.1854, -13159, 1.25582, -13161.7, -0.000809313, -0.000809299, -0.000809395, 0.0602358, -1.49181e+35, 0.0650159, -1.09686, 0.0645428
295, 1.12946, -13158.9, 1.1854, -13159, 1.25582, -13161.7, -0.000809313, -0.000809299, -0.000809395, 0.0605596, -1.49181e+35, 0.0650161, -1.09686, 0.0645428
295.051, 1.12941, -13159.7, 1.18535, -13159.9, 1.25577, -13162.5, -0.000809577, -0.000809622, -0.000809603, 0.0605596, -1.49181e+35, 0.0650137, -1.09678, 0.0645516
295.101, 1.12942, -13160.6, 1.18536, -13160.8, 1.25579, -13163.4, -0.000809357, -0.000809481, -0.000809439, 0.0605596, -1.49181e+35, 0.0650145, -1.0968, 0.0645599
295.151, 1.12944, -13161.5, 1.18538, -13161.7, 1.2558, -13164.3, -0.000809471, -0.000809433, -0.000809423, 0.0605596, -1.49181e+35, 0.0650145, -1.09683, 0.0645677
295.202, 1.12945, -13162.4, 1.18539, -13162.5, 1.25582, -13165.2, -0.000809461, -0.000809437, -0.000809328, 0.0605596, -1.49181e+35, 0.0650158, -1.09686, 0.064575
295.252, 1.12941, -13163.2, 1.18535, -13163.4, 1.25577, -13166, -0.000809635, -0.000809731, -0.00080987, 0.0605596, -1.49181e+35, 0.0650134, -1.09677, 0.0645818
295.302, 1.12942, -13164.1, 1.18536, -13164.3, 1.25578, -13166.9, -0.000809538, -0.000809494, -0.000809459, 0.0605596, -1.49181e+35, 0.0650143, -1.09679, 0.0645882
295.353, 1.12943, -13165, 1.18537, -13165.1, 1.2558, -13167.8, -0.00076902, -0.000768987, -0.000768973, 0.0605596, -1.49181e+35, 0.0650149, -1.09682, 0.0645941
295.403, 1.12945, -13165.8, 1.18539, -13166, 1.25581, -13168.6, -0.000768951, -0.000768917, -0.00076878, 0.0605596, -1.49181e+35, 0.0650153, -1.09685, 0.0645997
295.454, 1.12941, -13166.6, 1.18535, -13166.8, 1.25577, -13169.4, -0.000769378, -0.000769331, -0.000769513, 0.0605596, -1.49181e+35, 0.0650131, -1.09677, 0.0646047
295.504, 1.12942, -13167.5, 1.18536, -13167.6, 1.25578, -13170.3, -0.000769061, -0.000768977, -0.00076907, 0.0605596, -1.49181e+35, 0.0650137, -1.09679, 0.0646094
295.554, 1.12943, -13168.3, 1.18537, -13168.4, 1.25579, -13171.1, -0.000768971, -0.000768859, -0.000768839, 0.0605596, -1.49181e+35, 0.0650148, -1.09681, 0.0646136
295.605, 1.12944, -13169.1, 1.18538, -13169.3, 1.25581, -13171.9, -0.00076885, -0.000768818, -0.000768864, 0.0605596, -1.49181e+35, 0.0650151, -1.09684, 0.0646175
295.655, 1.12938, -13169.9, 1.18532, -13170.1, 1.25573, -13172.8, -0.000768859, -0.000768834, -0.000768742, 0.0605596, -1.49181e+35, 0.065012, -1.09671, 0.064621
295.705, 1.12941, -13170.8, 1.18535, -13170.9, 1.25577, -13173.6, -0.000769108, -0.000768988, -0.000769144, 0.0605596, -1.49181e+35, 0.0650145, -1.09678, 0.0646242
295.756, 1.12942, -13171.6, 1.18537, -13171.8, 1.25579, -13174.4, -0.000768946, -0.000768997, -0.000768973, 0.0605596, -1.49181e+35, 0.0650143, -1.0968, 0.064627
295.806, 1.12944, -13172.4, 1.18538, -13172.6, 1.2558, -13175.2, -0.000768852, -0.00076897, -0.000768792, 0.0605596, -1.49181e+35, 0.065015, -1.09683, 0.0646294
295.856, 1.12945, -13173.3, 1.1854, -13173.4, 1.25582, -13176.1, -0.000768828, -0.000768969, -0.000768861, 0.0605596, -1.49181e+35, 0.0650159, -1.09686, 0.0646314
295.907, 1.12941, -13174.1, 1.18535, -13174.3, 1.25577, -13176.9, -0.00076907, -0.000769195, -0.000769158, 0.0605596, -1.49181e+35, 0.065014, -1.09678, 0.0646332
295.957, 1.12942, -13174.9, 1.18536, -13175.1, 1.25578, -13177.7, -0.000769044, -0.000768999, -0.000768971, 0.0605596, -1.49181e+35, 0.0650137, -1.0968, 0.0646347
296, 1.12942, -13175.6, 1.18536, -13175.8, 1.25578, -13178.5, -0.000769037, -0.000769011, -0.00076907, 0.0605596, -1.49181e+35, 0.0650138, -1.09679, 0.0646357
296, 1.12942, -13175.6, 1.18536, -13175.8, 1.25578, -13178.5, -0.000769037, -0.000769011, -0.00076907, 0.0608672, -1.49181e+35, 0.0650138, -1.09679, 0.0646357
296.051, 1.12943, -13176.5, 1.18537, -13176.6, 1.25579, -13179.3, -0.000768934, -0.000768855, -0.000768827, 0.0608672, -1.49181e+35, 0.0650151, -1.09681, 0.0646442
296.101, 1.12944, -13177.3, 1.18539, -13177.5, 1.25581, -13180.1, -0.0007689, -0.000768872, -0.000768865, 0.0608672, -1.49181e+35, 0.0650147, -1.09684, 0.0646521
296.151, 1.1294, -13178.1, 1.18534, -13178.3, 1.25576, -13180.9, -0.000769695, -0.000769808, -0.000770212, 0.0608672, -1.49181e+35, 0.0650135, -1.09676, 0.0646595
296.202, 1.12941, -13179, 1.18535, -13179.1, 1.25578, -13181.8, -0.000769036, -0.000769119, -0.000769053, 0.0608672, -1.49181e+35, 0.0650142, -1.09678, 0.0646665
296.252, 1.12943, -13179.8, 1.18537, -13179.9, 1.25579, -13182.6, -0.000728456, -0.000728546, -0.000728528, 0.0608672, -1.49181e+35, 0.065015, -1.09681, 0.0646731
296.302, 1.12944, -13180.5, 1.18538, -13180.7, 1.2558, -13183.3, -0.000728581, -0.000728502, -0.000728378, 0.0608672, -1.49181e+35, 0.0650154, -1.09683, 0.0646791
296.353, 1.12945, -13181.3, 1.1854, -13181.5, 1.25582, -13184.1, -0.000728512, -0.000728499, -0.000728408, 0.0608672, -1.49181e+35, 0.0650159, -1.09686, 0.0646846
296.403, 1.12941, -13182.1, 1.18535, -13182.3, 1.25577, -13184.9, -0.000728671, -0.000728736, -0.000728707, 0.0608672, -1.49181e+35, 0.065014, -1.09678, 0.0646898
296.454, 1.12942, -13182.9, 1.18536, -13183.1, 1.25578, -13185.7, -0.00072841, -0.000728533, -0.000728441, 0.0608672, -1.49181e+35, 0.0650141, -1.0968, 0.0646944
296.504, 1.12944, -13183.7, 1.18538, -13183.8, 1.2558, -13186.5, -0.000728518, -0.000728481, -0.000728472, 0.0608672, -1.49181e+35, 0.0650151, -1.09683, 0.0646987
296.554, 1.12945, -13184.5, 1.18539, -13184.6, 1.25582, -13187.3, -0.00072851, -0.000728474, -0.000728344, 0.0608672, -1.49181e+35, 0.0650154, -1.09686, 0.0647026
296.605, 1.12941, -13185.3, 1.18535, -13185.4, 1.25577, -13188.1, -0.00072868, -0.00072878, -0.000728894, 0.0608672, -1.49181e+35, 0.0650136, -1.09677, 0.0647062
296.655, 1.12942, -13186, 1.18536, -13186.2, 1.25578, -13188.9, -0.000728578, -0.000728507, -0.000728637, 0.0608672, -1.49181e+35, 0.0650143, -1.09679, 0.0647094
296.705, 1.12943, -13186.8, 1.18537, -13187, 1.2558, -13189.6, -0.000728525, -0.000728461, -0.000728441, 0.0608672, -1.49181e+35, 0.065015, -1.09682, 0.0647122
296.756, 1.12945, -13187.6, 1.18539, -13187.8, 1.25581, -13190.4, -0.000728421, -0.000728412, -0.000728438, 0.0608672, -1.49181e+35, 0.0650154, -1.09685, 0.0647148
296.806, 1.12941, -13188.4, 1.18535, -13188.6, 1.25577, -13191.2, -0.000729232, -0.000729387, -0.000729621, 0.0608672, -1.49181e+35, 0.0650132, -1.09677, 0.064717
296.856, 1.12942, -13189.2, 1.18536, -13189.4, 1.25578, -13192, -0.000728594, -0.000728488, -0.000728611, 0.0608672, -1.49181e+35, 0.0650142, -1.09679, 0.0647188
296.907, 1.12943, -13190, 1.18537, -13190.1, 1.25579, -13192.8, -0.000728495, -0.000728554, -0.00072853, 0.0608672, -1.49181e+35, 0.0650149, -1.09681, 0.0647203
296.957, 1.12944, -13190.8, 1.18538, -13190.9, 1.25581, -13193.6, -0.000728416, -0.000728357, -0.000728389, 0.0608672, -1.49181e+35, 0.0650152, -1.09684, 0.0647216
297, 1.12944, -13191.4, 1.18538, -13191.6, 1.2558, -13194.3, -0.000728535, -0.000728501, -0.000728337, 0.0608672, -1.49181e+35, 0.0650148, -1.09683, 0.0647224
297, 1.12944, -13191.4, 1.18538, -13191.6, 1.2558, -13194.3, -0.000728535, -0.000728501, -0.000728337, 0.0611586, -1.49181e+35, 0.0650148, -1.09683, 0.0647224
297.051, 1.12945, -13192.2, 1.18539, -13192.4, 1.25582, -13195, -0.000728329, -0.000728468, -0.000728421, 0.0611586, -1.49181e+35, 0.0650152, -1.09686, 0.0647302
297.101, 1.12941, -13193, 1.18535, -13193.1, 1.25577, -13195.8, -0.000688221, -0.00068832, -0.000688313, 0.0611586, -1.49181e+35, 0.0650138, -1.09677, 0.0647376
297.151, 1.12942, -13193.7, 1.18536, -13193.9, 1.25578, -13196.5, -0.000688101, -0.000688053, -0.000687995, 0.0611586, -1.49181e+35, 0.065014, -1.09679, 0.0647444
297.202, 1.12943, -13194.5, 1.18537, -13194.6, 1.2558, -13197.3, -0.000688044, -0.000687985, -0.000687966, 0.0611586, -1.49181e+35, 0.0650143, -1.09682, 0.0647508
297.252, 1.12945, -13195.2, 1.18539, -13195.4, 1.25581, -13198, -0.000688004, -0.000687942, -0.000687825, 0.0611586, -1.49181e+35, 0.0650151, -1.09685, 0.0647568
297.303, 1.12941, -13196, 1.18535, -13196.1, 1.25577, -13198.8, -0.00068825, -0.000688392, -0.000688406, 0.0611586, -1.49181e+35, 0.0650137, -1.09677, 0.0647623
297.353, 1.12942, -13196.7, 1.18536, -13196.9, 1.25578, -13199.5, -0.000688119, -0.000688049, -0.00068814, 0.0611586, -1.49181e+35, 0.0650137, -1.09679, 0.0647674
297.403, 1.12943, -13197.4, 1.18537, -13197.6, 1.25579, -13200.2, -0.00068804, -0.000687957, -0.000687929, 0.0611586, -1.49181e+35, 0.0650149, -1.09681, 0.064772
297.454, 1.12944, -13198.2, 1.18539, -13198.3, 1.25581, -13201, -0.000687975, -0.000687959, -0.000687954, 0.0611586, -1.49181e+35, 0.0650153, -1.09684, 0.0647762
297.504, 1.1294, -13198.9, 1.18534, -13199.1, 1.25576, -13201.7, -0.000688122, -0.000688332, -0.00068852, 0.0611586, -1.49181e+35, 0.0650133, -1.09676, 0.0647801
297.554, 1.12941, -13199.7, 1.18535, -13199.8, 1.25577, -13202.5, -0.000688084, -0.000688195, -0.000688129, 0.0611586, -1.49181e+35, 0.0650144, -1.09678, 0.0647836
297.605, 1.12943, -13200.4, 1.18537, -13200.6, 1.25579, -13203.2, -0.000687999, -0.000687915, -0.000687869, 0.0611586, -1.49181e+35, 0.0650143, -1.09681, 0.0647867
297.655, 1.12944, -13201.2, 1.18538, -13201.3, 1.2558, -13204, -0.000687895, -0.000687864, -0.000687859, 0.0611586, -1.49181e+35, 0.0650152, -1.09683, 0.0647895
297.705, 1.12945, -13201.9, 1.1854, -13202.1, 1.25582, -13204.7, -0.000688037, -0.000688019, -0.000687939, 0.0611586, -1.49181e+35, 0.0650156, -1.09686, 0.0647919
297.756, 1.12941, -13202.6, 1.18535, -13202.8, 1.25577, -13205.5, -0.000688187, -0.000688251, -0.000688313, 0.0611586, -1.49181e+35, 0.0650141, -1.09678, 0.0647939
297.806, 1.12942, -13203.4, 1.18536, -13203.6, 1.25578, -13206.2, -0.000688085, -0.000688056, -0.000688056, 0.0611586, -1.49181e+35, 0.0650146, -1.0968, 0.0647956
297.856, 1.12943, -13204.1, 1.18538, -13204.3, 1.2558, -13206.9, -0.000688031, -0.000687983, -0.000687893, 0.0611586, -1.49181e+35, 0.0650148, -1.09682, 0.0647971
297.907, 1.12945, -13204.9, 1.18539, -13205, 1.25582, -13207.7, -0.000688023, -0.000687995, -0.000687961, 0.0611586, -1.49181e+35, 0.0650157, -1.09686, 0.0647981
297.957, 1.12941, -13205.6, 1.18535, -13205.7, 1.25577, -13208.4, -0.000647811, -0.000647808, -0.000647878, 0.0611586, -1.49181e+35, 0.0650133, -1.09677, 0.0647989
298, 1.1294, -13206.2, 1.18534, -13206.4, 1.25576, -13209, -0.000648244, -0.000648426, -0.000648729, 0.0611586, -1.49181e+35, 0.0650137, -1.09676, 0.0647994
298, 1.1294, -13206.2, 1.18534, -13206.4, 1.25576, -13209, -0.000648244, -0.000648426, -0.000648729, 0.0614179, -1.49181e+35, 0.0650137, -1.09676, 0.0647994
298.051, 1.12941, -13206.9, 1.18536, -13207, 1.25578, -13209.7, -0.000647637, -0.000647648, -0.000647596, 0.0614179, -1.49181e+35, 0.0650143, -1.09679, 0.064806
298.101, 1.12943, -13207.6, 1.18537, -13207.7, 1.25579, -13210.4, -0.000647497, -0.000647538, -0.000647491, 0.0614179, -1.49181e+35, 0.0650148, -1.09681, 0.0648122
298.151, 1.12944, -13208.3, 1.18538, -13208.4, 1.25581, -13211.1, -0.000647533, -0.000647501, -0.000647501, 0.0614179, -1.49181e+35, 0.065015, -1.09683, 0.0648178
298.202, 1.12938, -13209, 1.18531, -13209.1, 1.25573, -13211.8, -0.000647506, -0.000647501, -0.000647406, 0.0614179, -1.49181e+35, 0.065012, -1.09671, 0.0648231
298.252, 1.12941, -13209.7, 1.18535, -13209.8, 1.25577, -13212.5, -0.00064766, -0.000647644, -0.000647694, 0.0614179, -1.49181e+35, 0.0650134, -1.09678, 0.064828
298.303, 1.12942, -13210.4, 1.18536, -13210.5, 1.25579, -13213.2, -0.000647564, -0.000647585, -0.000647549, 0.0614179, -1.49181e+35, 0.0650143, -1.0968, 0.0648325
298.353, 1.12944, -13211.1, 1.18538, -13211.2, 1.2558, -13213.9, -0.000647526, -0.000647457, -0.000647462, 0.0614179, -1.49181e+35, 0.065015, -1.09683, 0.0648366
298.403, 1.12945, -13211.8, 1.18539, -13211.9, 1.25582, -13214.6, -0.00064747, -0.000647441, -0.000647417, 0.0614179, -1.49181e+35, 0.0650157, -1.09686, 0.0648403
298.454, 1.12941, -13212.5, 1.18535, -13212.6, 1.25577, -13215.3, -0.000647796, -0.000647821, -0.000647882, 0.0614179, -1.49181e+35, 0.0650139, -1.09677, 0.0648436
298.504, 1.12942, -13213.2, 1.18536, -13213.3, 1.25578, -13216, -0.000647551, -0.000647555, -0.00064757, 0.0614179, -1.49181e+35, 0.0650142, -1.09679, 0.0648465
298.554, 1.12943, -13213.9, 1.18537, -13214, 1.2558, -13216.7, -0.000647463, -0.000647485, -0.000647467, 0.0614179, -1.49181e+35, 0.0650149, -1.09682, 0.064849
298.605, 1.12945, -13214.6, 1.18539, -13214.7, 1.25581, -13217.4, -0.000647524, -0.000647489, -0.000647427, 0.0614179, -1.49181e+35, 0.0650156, -1.09685, 0.0648511
298.655, 1.12941, -13215.3, 1.18535, -13215.4, 1.25577, -13218.1, -0.000647852, -0.000647888, -0.000647971, 0.0614179, -1.49181e+35, 0.0650135, -1.09677, 0.064853
298.705, 1.12942, -13216, 1.18536, -13216.1, 1.25578, -13218.8, -0.000647655, -0.000647662, -0.000647603, 0.0614179, -1.49181e+35, 0.0650143, -1.09679, 0.0648545
298.756, 1.12943, -13216.7, 1.18537, -13216.8, 1.25579, -13219.5, -0.000647511, -0.000647545, -0.000647502, 0.0614179, -1.49181e+35, 0.0650145, -1.09681, 0.0648558
298.806, 1.12944, -13217.4, 1.18538, -13217.5, 1.25581, -13220.2, -0.000607615, -0.000607568, -0.000607495, 0.0614179, -1.49181e+35, 0.0650153, -1.09684, 0.0648566
298.856, 1.12938, -13218, 1.18532, -13218.2, 1.25574, -13220.8, -0.000606976, -0.000606967, -0.000606947, 0.0614179, -1.49181e+35, 0.0650126, -1.09671, 0.0648572
298.907, 1.12941, -13218.7, 1.18535, -13218.8, 1.25577, -13221.5, -0.000607162, -0.000607156, -0.000607176, 0.0614179, -1.49181e+35, 0.0650139, -1.09678, 0.0648576
298.957, 1.12943, -13219.3, 1.18537, -13219.5, 1.25579, -13222.1, -0.000607098, -0.000607024, -0.000606993, 0.0614179, -1.49181e+35, 0.0650144, -1.0968, 0.0648576
299, 1.12942, -13219.9, 1.18536, -13220.1, 1.25578, -13222.7, -0.000607088, -0.000607105, -0.000607034, 0.0614179, -1.49181e+35, 0.0650143, -1.0968, 0.0648573
299, 1.12942, -13219.9, 1.18536, -13220.1, 1.25578, -13222.7, -0.000607088, -0.000607105, -0.000607034, 0.0616607, -1.49181e+35, 0.0650143, -1.0968, 0.0648574
299.051, 1.12943, -13220.6, 1.18538, -13220.7, 1.2558, -13223.4, -0.000606995, -0.000607035, -0.000607013, 0.0616607, -1.49181e+35, 0.065015, -1.09682, 0.0648628
299.101, 1.12945, -13221.2, 1.18539, -13221.4, 1.25581, -13224, -0.000607037, -0.000607021, -0.000606971, 0.0616607, -1.49181e+35, 0.0650155, -1.09685, 0.0648678
299.152, 1.12941, -13221.9, 1.18535, -13222, 1.25577, -13224.7, -0.000607397, -0.00060742, -0.000607509, 0.0616607, -1.49181e+35, 0.0650136, -1.09677, 0.0648725
299.202, 1.12942, -13222.5, 1.18536, -13222.7, 1.25578, -13225.3, -0.00060706, -0.000607068, -0.000607075, 0.0616607, -1.49181e+35, 0.0650141, -1.09679, 0.0648768
299.252, 1.12943, -13223.2, 1.18537, -13223.3, 1.25579, -13226, -0.000606972, -0.000606999, -0.000606961, 0.0616607, -1.49181e+35, 0.0650147, -1.09681, 0.0648807
299.303, 1.12944, -13223.8, 1.18539, -13224, 1.25581, -13226.6, -0.000606998, -0.000606976, -0.000606999, 0.0616607, -1.49181e+35, 0.0650154, -1.09684, 0.0648842
299.353, 1.1294, -13224.5, 1.18534, -13224.6, 1.25576, -13227.3, -0.000607778, -0.000607928, -0.000608245, 0.0616607, -1.49181e+35, 0.0650134, -1.09676, 0.0648873
299.403, 1.12941, -13225.1, 1.18535, -13225.3, 1.25578, -13227.9, -0.000607162, -0.000607173, -0.0006072, 0.0616607, -1.49181e+35, 0.065014, -1.09678, 0.06489
299.454, 1.12943, -13225.8, 1.18537, -13226, 1.25579, -13228.6, -0.000607024, -0.000607056, -0.000607003, 0.0616607, -1.49181e+35, 0.0650145, -1.09681, 0.0648925
299.504, 1.12944, -13226.5, 1.18538, -13226.6, 1.2558, -13229.3, -0.000607043, -0.000607016, -0.000607002, 0.0616607, -1.49181e+35, 0.0650151, -1.09683, 0.0648945
299.554, 1.12946, -13227.1, 1.1854, -13227.3, 1.25582, -13229.9, -0.000607027, -0.000607011, -0.000606909, 0.0616607, -1.49181e+35, 0.0650158, -1.09686, 0.0648961
299.605, 1.12941, -13227.8, 1.18535, -13227.9, 1.25577, -13230.6, -0.000607154, -0.000607169, -0.000607202, 0.0616607, -1.49181e+35, 0.0650138, -1.09678, 0.0648974
299.655, 1.12942, -13228.4, 1.18536, -13228.6, 1.25579, -13231.2, -0.000607094, -0.000607098, -0.000607053, 0.0616607, -1.49181e+35, 0.0650143, -1.0968, 0.0648984
299.705, 1.12944, -13229.1, 1.18538, -13229.2, 1.2558, -13231.9, -0.000566573, -0.000566617, -0.000566527, 0.0616607, -1.49181e+35, 0.0650149, -1.09683, 0.0648992
299.756, 1.12945, -13229.7, 1.18539, -13229.8, 1.25582, -13232.5, -0.000566503, -0.000566488, -0.000566457, 0.0616607, -1.49181e+35, 0.0650156, -1.09686, 0.0648997
299.806, 1.12941, -13230.3, 1.18535, -13230.4, 1.25577, -13233.1, -0.000566839, -0.000566865, -0.000566928, 0.0616607, -1.49181e+35, 0.0650137, -1.09677, 0.0648998
299.856, 1.12942, -13230.9, 1.18536, -13231.1, 1.25578, -13233.7, -0.000566594, -0.000566622, -0.000566649, 0.0616607, -1.49181e+35, 0.0650142, -1.0968, 0.0648997
299.907, 1.12943, -13231.5, 1.18537, -13231.7, 1.2558, -13234.3, -0.000566591, -0.000566529, -0.000566499, 0.0616607, -1.49181e+35, 0.0650148, -1.09682, 0.0648993
299.957, 1.12945, -13232.1, 1.18539, -13232.3, 1.25581, -13234.9, -0.000566555, -0.000566511, -0.000566469, 0.0616607, -1.49181e+35, 0.0650154, -1.09685, 0.0648987
300, 1.12944, -13232.6, 1.18538, -13232.8, 1.25581, -13235.4, -0.00056659, -0.000566555, -0.000566481, 0.0616607, -1.49181e+35, 0.0650152, -1.09684, 0.0648979
300, 1.12944, -13232.6, 1.18538, -13232.8, 1.25581, -13235.4, -0.00056659, -0.000566555, -0.000566481, 0.0618874, -1.49181e+35, 0.0650152, -1.09684, 0.0648979
300.051, 1.12938, -13233.3, 1.18532, -13233.4, 1.25573, -13236.1, -0.000566568, -0.000566485, -0.000566455, 0.0618874, -1.49181e+35, 0.0650124, -1.09671, 0.0649023
300.101, 1.12941, -13233.9, 1.18535, -13234, 1.25577, -13236.7, -0.0005667, -0.000566713, -0.000566727, 0.0618874, -1.49181e+35, 0.0650138, -1.09678, 0.0649063
300.152, 1.12942, -13234.5, 1.18537, -13234.6, 1.25579, -13237.3, -0.000566619, -0.000566556, -0.000566593, 0.0618874, -1.49181e+35, 0.0650144, -1.0968, 0.0649099
300.202, 1.12944, -13235.1, 1.18538, -13235.2, 1.2558, -13237.9, -0.000566559, -0.000566504, -0.000566487, 0.0618874, -1.49181e+35, 0.065015, -1.09683, 0.0649133
300.252, 1.12945, -13235.7, 1.1854, -13235.9, 1.25582, -13238.5, -0.000566518, -0.000566497, -0.000566468, 0.0618874, -1.49181e+35, 0.0650158, -1.09686, 0.0649163
300.303, 1.12941, -13236.3, 1.18535, -13236.5, 1.25577, -13239.1, -0.000566794, -0.000566822, -0.00056686, 0.0618874, -1.49181e+35, 0.0650138, -1.09677, 0.0649189
300.353, 1.12942, -13236.9, 1.18536, -13237.1, 1.25578, -13239.7, -0.000566623, -0.00056663, -0.000566559, 0.0618874, -1.49181e+35, 0.0650142, -1.0968, 0.0649212
300.403, 1.12943, -13237.5, 1.18538, -13237.7, 1.2558, -13240.3, -0.000566602, -0.000566562, -0.000566529, 0.0618874, -1.49181e+35, 0.0650148, -1.09682, 0.0649231
300.454, 1.12945, -13238.1, 1.18539, -13238.3, 1.25581, -13241, -0.00056657, -0.000566539, -0.000566509, 0.0618874, -1.49181e+35, 0.0650154, -1.09685, 0.0649246
300.504, 1.12941, -13238.8, 1.18535, -13238.9, 1.25577, -13241.6, -0.000566908, -0.000566945, -0.00056704, 0.0618874, -1.49181e+35, 0.0650136, -1.09677, 0.0649258
300.554, 1.12942, -13239.4, 1.18536, -13239.5, 1.25578, -13242.2, -0.000566609, -0.000566621, -0.000566661, 0.0618874, -1.49181e+35, 0.0650141, -1.09679, 0.0649267
300.605, 1.12943, -13240, 1.18537, -13240.1, 1.25579, -13242.8, -0.000566588, -0.000566593, -0.000566488, 0.0618874, -1.49181e+35, 0.0650147, -1.09681, 0.0649273
300.655, 1.12944, -13240.6, 1.18539, -13240.7, 1.25581, -13243.4, -0.000526048, -0.000526008, -0.000526019, 0.0618874, -1.49181e+35, 0.0650152, -1.09684, 0.0649276
300.705, 1.1294, -13241.1, 1.18534, -13241.3, 1.25576, -13243.9, -0.000526903, -0.00052696, -0.000527283, 0.0618874, -1.49181e+35, 0.0650137, -1.09676, 0.0649277
300.756, 1.12941, -13241.7, 1.18535, -13241.9, 1.25578, -13244.5, -0.000526211, -0.000526228, -0.00052625, 0.0618874, -1.49181e+35, 0.065014, -1.09678, 0.0649275
300.806, 1.12943, -13242.3, 1.18537, -13242.4, 1.25579, -13245.1, -0.000526156, -0.000526087, -0.000526049, 0.0618874, -1.49181e+35, 0.0650145, -1.09681, 0.064927
300.857, 1.12944, -13242.8, 1.18538, -13243, 1.25581, -13245.6, -0.000526094, -0.000526077, -0.000526063, 0.0618874, -1.49181e+35, 0.0650151, -1.09684, 0.0649263
300.907, 1.12945, -13243.4, 1.1854, -13243.6, 1.25582, -13246.2, -0.000526073, -0.000526066, -0.000525951, 0.0618874, -1.49181e+35, 0.0650158, -1.09686, 0.0649254
300.957, 1.12941, -13244, 1.18535, -13244.1, 1.25577, -13246.8, -0.000526222, -0.000526214, -0.000526239, 0.0618874, -1.49181e+35, 0.065014, -1.09678, 0.0649241
301.001, 1.12941, -13244.5, 1.18535, -13244.6, 1.25577, -13247.3, -0.000526358, -0.000526384, -0.000526442, 0.0618874, -1.49181e+35, 0.0650136, -1.09677, 0.0649228
