time, 1, 2, 3, 4, 5, 6, 7, 8, 9, 10, 11, 12, 13, 14
Time(s), VOLT 1 [BUS1 16.500], ANGL 1 [BUS1 16.500], VOLT 2 [BUS2 230.00], ANGL 2 [BUS2 230.00], VOLT 3 [BUS3 230.00], ANGL 3 [BUS3 230.00], FREQ 1 [BUS1 16.500], FREQ 2 [BUS2 230.00], FREQ 3 [BUS3 230.00], GREFGEN1, VREFGEN1, PELECGEN1, QELECGEN1, PMECHGEN1
-0.002, 1.01015, 0.239552, 0, 0, 0, 0, 0, 0, 0, 0, 1.11168, 0, 0, 0
0.048, 1.01015, 0.239552, 0, 0, 0, 0, 0, 0, 0, 0, 1.11168, 0, 0, 0
0.098, 1.01015, 0.239552, 0, 0, 0, 0, 0, 0, 0, 0, 1.11168, 0, 0, 0
0.148, 1.01015, 0.239552, 0, 0, 0, 0, 0, 0, 0, 0, 1.11168, 0, 0, 0
0.198, 1.01015, 0.239552, 0, 0, 0, 0, 0, 0, 0, 0, 1.11168, 0, 0, 0
0.248, 1.01015, 0.239552, 0, 0, 0, 0, 0, 0, 0, 0, 1.11168, 0, 0, 0
0.298, 1.01015, 0.239552, 0, 0, 0, 0, 0, 0, 0, 0, 1.11168, 0, 0, 0
0.347999, 1.01015, 0.239552, 0, 0, 0, 0, 0, 0, 0, 0, 1.11168, 0, 0, 0
0.397998, 1.01015, 0.239552, 0, 0, 0, 0, 0, 0, 0, 0, 1.11168, 0, 0, 0
0.447998, 1.01015, 0.239552, 0, 0, 0, 0, 0, 0, 0, 0, 1.11168, 0, 0, 0
0.497997, 1.01015, 0.239552, 0, 0, 0, 0, 0, 0, 0, 0, 1.11168, 0, 0, 0
0.547997, 1.01015, 0.239552, 0, 0, 0, 0, 0, 0, 0, 0, 1.11168, 0, 0, 0
0.597996, 1.01015, 0.239552, 0, 0, 0, 0, 0, 0, 0, 0, 1.11168, 0, 0, 0
0.647995, 1.01015, 0.239552, 0, 0, 0, 0, 0, 0, 0, 0, 1.11168, 0, 0, 0
0.697995, 1.01015, 0.239552, 0, 0, 0, 0, 0, 0, 0, 0, 1.11168, 0, 0, 0
0.747994, 1.01015, 0.239552, 0, 0, 0, 0, 0, 0, 0, 0, 1.11168, 0, 0, 0
0.797993, 1.01015, 0.239552, 0, 0, 0, 0, 0, 0, 0, 0, 1.11168, 0, 0, 0
0.847993, 1.01015, 0.239552, 0, 0, 0, 0, 0, 0, 0, 0, 1.11168, 0, 0, 0
0.897992, 1.01015, 0.239552, 0, 0, 0, 0, 0, 0, 0, 0, 1.11168, 0, 0, 0
0.947991, 1.01015, 0.239552, 0, 0, 0, 0, 0, 0, 0, 0, 1.11168, 0, 0, 0
0.997991, 1.01015, 0.239552, 0, 0, 0, 0, 0, 0, 0, 0, 1.11168, 0, 0, 0
0.999991, 1.01015, 0.239552, 0, 0, 0, 0, 0, 0, 0, 0, 1.11168, 0, 0, 0
0.999991, 1.01015, 0.239552, 0, 0, 0, 0, 0, 0, 0, 0, 1.11168, 0, 0, 0
1.04999, 1.01015, 0.239552, 0, 0, 0, 0, 0, 0, 0, 0, 1.11168, 0, 0, 0
1.1, 1.01015, 0.239552, 0, 0, 0, 0, 0, 0, 0, 0, 1.11168, 0, 0, 0
1.15, 1.01015, 0.239552, 0, 0, 0, 0, 0, 0, 0, 0, 1.11168, 0, 0, 0
1.2, 1.01015, 0.239552, 0, 0, 0, 0, 0, 0, 0, 0, 1.11168, 0, 0, 0
1.25, 1.01015, 0.239552, 0, 0, 0, 0, 0, 0, 0, 0, 1.11168, 0, 0, 0
1.3, 1.01015, 0.239552, 0, 0, 0, 0, 0, 0, 0, 0, 1.11168, 0, 0, 0
1.35001, 1.01015, 0.239552, 0, 0, 0, 0, 0, 0, 0, 0, 1.11168, 0, 0, 0
1.40001, 1.01015, 0.239552, 0, 0, 0, 0, 0, 0, 0, 0, 1.11168, 0, 0, 0
1.45001, 1.01015, 0.239552, 0, 0, 0, 0, 0, 0, 0, 0, 1.11168, 0, 0, 0
1.50001, 1.01015, 0.239552, 0, 0, 0, 0, 0, 0, 0, 0, 1.11168, 0, 0, 0
1.55002, 1.01015, 0.239552, 0, 0, 0, 0, 0, 0, 0, 0, 1.11168, 0, 0, 0
1.60002, 1.01015, 0.239552, 0, 0, 0, 0, 0, 0, 0, 0, 1.11168, 0, 0, 0
1.65002, 1.01015, 0.239552, 0, 0, 0, 0, 0, 0, 0, 0, 1.11168, 0, 0, 0
1.70002, 1.01015, 0.239552, 0, 0, 0, 0, 0, 0, 0, 0, 1.11168, 0, 0, 0
1.75003, 1.01015, 0.239552, 0, 0, 0, 0, 0, 0, 0, 0, 1.11168, 0, 0, 0
1.80003, 1.01015, 0.239552, 0, 0, 0, 0, 0, 0, 0, 0, 1.11168, 0, 0, 0
1.85003, 1.01015, 0.239552, 0, 0, 0, 0, 0, 0, 0, 0, 1.11168, 0, 0, 0
1.90003, 1.01015, 0.239552, 0, 0, 0, 0, 0, 0, 0, 0, 1.11168, 0, 0, 0
1.95004, 1.01015, 0.239552, 0, 0, 0, 0, 0, 0, 0, 0, 1.11168, 0, 0, 0
2.00004, 1.01015, 0.239552, 0, 0, 0, 0, 0, 0, 0, 0, 1.11168, 0, 0, 0
2.00004, 1.01015, 0.239552, 0, 0, 0, 0, 0, 0, 0, 0, 1.11168, 0, 0, 0
2.05003, 1.01015, 0.239552, 0, 0, 0, 0, 0, 0, 0, 0, 1.11168, 0, 0, 0
2.10003, 1.01015, 0.239552, 0, 0, 0, 0, 0, 0, 0, 0, 1.11168, 0, 0, 0
2.15003, 1.01015, 0.239552, 0, 0, 0, 0, 0, 0, 0, 0, 1.11168, 0, 0, 0
2.20002, 1.01015, 0.239552, 0, 0, 0, 0, 0, 0, 0, 0, 1.11168, 0, 0, 0
2.25002, 1.01015, 0.239552, 0, 0, 0, 0, 0, 0, 0, 0, 1.11168, 0, 0, 0
2.30002, 1.01015, 0.239552, 0, 0, 0, 0, 0, 0, 0, 0, 1.11168, 0, 0, 0
2.35001, 1.01015, 0.239552, 0, 0, 0, 0, 0, 0, 0, 0, 1.11168, 0, 0, 0
2.40001, 1.01015, 0.239552, 0, 0, 0, 0, 0, 0, 0, 0, 1.11168, 0, 0, 0
2.45, 1.01015, 0.239552, 0, 0, 0, 0, 0, 0, 0, 0, 1.11168, 0, 0, 0
2.5, 1.01015, 0.239552, 0, 0, 0, 0, 0, 0, 0, 0, 1.11168, 0, 0, 0
2.55, 1.01015, 0.239552, 0, 0, 0, 0, 0, 0, 0, 0, 1.11168, 0, 0, 0
2.59999, 1.01015, 0.239552, 0, 0, 0, 0, 0, 0, 0, 0, 1.11168, 0, 0, 0
2.64999, 1.01015, 0.239552, 0, 0, 0, 0, 0, 0, 0, 0, 1.11168, 0, 0, 0
2.69999, 1.01015, 0.239552, 0, 0, 0, 0, 0, 0, 0, 0, 1.11168, 0, 0, 0
2.74998, 1.01015, 0.239552, 0, 0, 0, 0, 0, 0, 0, 0, 1.11168, 0, 0, 0
2.79998, 1.01015, 0.239552, 0, 0, 0, 0, 0, 0, 0, 0, 1.11168, 0, 0, 0
2.84998, 1.01015, 0.239552, 0, 0, 0, 0, 0, 0, 0, 0, 1.11168, 0, 0, 0
2.89997, 1.01015, 0.239552, 0, 0, 0, 0, 0, 0, 0, 0, 1.11168, 0, 0, 0
2.94997, 1.01015, 0.239552, 0, 0, 0, 0, 0, 0, 0, 0, 1.11168, 0, 0, 0
2.99996, 1.01015, 0.239552, 0, 0, 0, 0, 0, 0, 0, 0, 1.11168, 0, 0, 0
3.00096, 1.01015, 0.239552, 0, 0, 0, 0, 0, 0, 0, 0, 1.11168, 0, 0, 0
3.00096, 1.01015, 0.239552, 0, 0, 0, 0, 0, 0, 0, 0, 1.11168, 0, 0, 0
3.05096, 1.01015, 0.239552, 0, 0, 0, 0, 0, 0, 0, 0, 1.11168, 0, 0, 0
3.10096, 1.01015, 0.239552, 0, 0, 0, 0, 0, 0, 0, 0, 1.11168, 0, 0, 0
3.15095, 1.01015, 0.239552, 0, 0, 0, 0, 0, 0, 0, 0, 1.11168, 0, 0, 0
3.20095, 1.01015, 0.239552, 0, 0, 0, 0, 0, 0, 0, 0, 1.11168, 0, 0, 0
3.25095, 1.01015, 0.239552, 0, 0, 0, 0, 0, 0, 0, 0, 1.11168, 0, 0, 0
3.30094, 1.01015, 0.239552, 0, 0, 0, 0, 0, 0, 0, 0, 1.11168, 0, 0, 0
3.35094, 1.01015, 0.239552, 0, 0, 0, 0, 0, 0, 0, 0, 1.11168, 0, 0, 0
3.40094, 1.01015, 0.239552, 0, 0, 0, 0, 0, 0, 0, 0, 1.11168, 0, 0, 0
3.45093, 1.01015, 0.239552, 0, 0, 0, 0, 0, 0, 0, 0, 1.11168, 0, 0, 0
3.50093, 1.01015, 0.239552, 0, 0, 0, 0, 0, 0, 0, 0, 1.11168, 0, 0, 0
3.55093, 1.01015, 0.239552, 0, 0, 0, 0, 0, 0, 0, 0, 1.11168, 0, 0, 0
3.60092, 1.01015, 0.239552, 0, 0, 0, 0, 0, 0, 0, 0, 1.11168, 0, 0, 0
3.65092, 1.01015, 0.239552, 0, 0, 0, 0, 0, 0, 0, 0, 1.11168, 0, 0, 0
3.70091, 1.01015, 0.239552, 0, 0, 0, 0, 0, 0, 0, 0, 1.11168, 0, 0, 0
3.75091, 1.01015, 0.239552, 0, 0, 0, 0, 0, 0, 0, 0, 1.11168, 0, 0, 0
3.80091, 1.01015, 0.239552, 0, 0, 0, 0, 0, 0, 0, 0, 1.11168, 0, 0, 0
3.8509, 1.01015, 0.239552, 0, 0, 0, 0, 0, 0, 0, 0, 1.11168, 0, 0, 0
3.9009, 1.01015, 0.239552, 0, 0, 0, 0, 0, 0, 0, 0, 1.11168, 0, 0, 0
3.9509, 1.01015, 0.239552, 0, 0, 0, 0, 0, 0, 0, 0, 1.11168, 0, 0, 0
4.00089, 1.01015, 0.239552, 0, 0, 0, 0, 0, 0, 0, 0, 1.11168, 0, 0, 0
4.00089, 1.01015, 0.239552, 0, 0, 0, 0, 0, 0, 0, 0, 1.11168, 0, 0, 0
4.05089, 1.01015, 0.239552, 0, 0, 0, 0, 0, 0, 0, 0, 1.11168, 0, 0, 0
4.10089, 1.01015, 0.239552, 0, 0, 0, 0, 0, 0, 0, 0, 1.11168, 0, 0, 0
4.15088, 1.01015, 0.239552, 0, 0, 0, 0, 0, 0, 0, 0, 1.11168, 0, 0, 0
4.20088, 1.01015, 0.239552, 0, 0, 0, 0, 0, 0, 0, 0, 1.11168, 0, 0, 0
4.25087, 1.01015, 0.239552, 0, 0, 0, 0, 0, 0, 0, 0, 1.11168, 0, 0, 0
4.30087, 1.01015, 0.239552, 0, 0, 0, 0, 0, 0, 0, 0, 1.11168, 0, 0, 0
4.35087, 1.01015, 0.239552, 0, 0, 0, 0, 0, 0, 0, 0, 1.11168, 0, 0, 0
4.40086, 1.01015, 0.239552, 0, 0, 0, 0, 0, 0, 0, 0, 1.11168, 0, 0, 0
4.45086, 1.01015, 0.239552, 0, 0, 0, 0, 0, 0, 0, 0, 1.11168, 0, 0, 0
4.50086, 1.01015, 0.239552, 0, 0, 0, 0, 0, 0, 0, 0, 1.11168, 0, 0, 0
4.55085, 1.01015, 0.239552, 0, 0, 0, 0, 0, 0, 0, 0, 1.11168, 0, 0, 0
4.60085, 1.01015, 0.239552, 0, 0, 0, 0, 0, 0, 0, 0, 1.11168, 0, 0, 0
4.65085, 1.01015, 0.239552, 0, 0, 0, 0, 0, 0, 0, 0, 1.11168, 0, 0, 0
4.70084, 1.01015, 0.239552, 0, 0, 0, 0, 0, 0, 0, 0, 1.11168, 0, 0, 0
4.75084, 1.01015, 0.239552, 0, 0, 0, 0, 0, 0, 0, 0, 1.11168, 0, 0, 0
4.80083, 1.01015, 0.239552, 0, 0, 0, 0, 0, 0, 0, 0, 1.11168, 0, 0, 0
4.85083, 1.01015, 0.239552, 0, 0, 0, 0, 0, 0, 0, 0, 1.11168, 0, 0, 0
4.90083, 1.01015, 0.239552, 0, 0, 0, 0, 0, 0, 0, 0, 1.11168, 0, 0, 0
4.95082, 1.01015, 0.239552, 0, 0, 0, 0, 0, 0, 0, 0, 1.11168, 0, 0, 0
5.00082, 1.01015, 0.239552, 0, 0, 0, 0, 0, 0, 0, 0, 1.11168, 0, 0, 0
5.00082, 1.01015, 0.239552, 0, 0, 0, 0, 0, 0, 0, 0, 1.11168, 0, 0, 0
5.05082, 1.01015, 0.239552, 0, 0, 0, 0, 0, 0, 0, 0, 1.11168, 0, 0, 0
5.10081, 1.01015, 0.239552, 0, 0, 0, 0, 0, 0, 0, 0, 1.11168, 0, 0, 0
5.15081, 1.01015, 0.239552, 0, 0, 0, 0, 0, 0, 0, 0, 1.11168, 0, 0, 0
5.20081, 1.01015, 0.239552, 0, 0, 0, 0, 0, 0, 0, 0, 1.11168, 0, 0, 0
5.2508, 1.01015, 0.239552, 0, 0, 0, 0, 0, 0, 0, 0, 1.11168, 0, 0, 0
5.3008, 1.01015, 0.239552, 0, 0, 0, 0, 0, 0, 0, 0, 1.11168, 0, 0, 0
5.35079, 1.01015, 0.239552, 0, 0, 0, 0, 0, 0, 0, 0, 1.11168, 0, 0, 0
5.40079, 1.01015, 0.239552, 0, 0, 0, 0, 0, 0, 0, 0, 1.11168, 0, 0, 0
5.45079, 1.01015, 0.239552, 0, 0, 0, 0, 0, 0, 0, 0, 1.11168, 0, 0, 0
5.50078, 1.01015, 0.239552, 0, 0, 0, 0, 0, 0, 0, 0, 1.11168, 0, 0, 0
5.55078, 1.01015, 0.239552, 0, 0, 0, 0, 0, 0, 0, 0, 1.11168, 0, 0, 0
5.60078, 1.01015, 0.239552, 0, 0, 0, 0, 0, 0, 0, 0, 1.11168, 0, 0, 0
5.65077, 1.01015, 0.239552, 0, 0, 0, 0, 0, 0, 0, 0, 1.11168, 0, 0, 0
5.70077, 1.01015, 0.239552, 0, 0, 0, 0, 0, 0, 0, 0, 1.11168, 0, 0, 0
5.75077, 1.01015, 0.239552, 0, 0, 0, 0, 0, 0, 0, 0, 1.11168, 0, 0, 0
5.80076, 1.01015, 0.239552, 0, 0, 0, 0, 0, 0, 0, 0, 1.11168, 0, 0, 0
5.85076, 1.01015, 0.239552, 0, 0, 0, 0, 0, 0, 0, 0, 1.11168, 0, 0, 0
5.90075, 1.01015, 0.239552, 0, 0, 0, 0, 0, 0, 0, 0, 1.11168, 0, 0, 0
5.95075, 1.01015, 0.239552, 0, 0, 0, 0, 0, 0, 0, 0, 1.11168, 0, 0, 0
6.00075, 1.01015, 0.239552, 0, 0, 0, 0, 0, 0, 0, 0, 1.11168, 0, 0, 0
6.00075, 1.01015, 0.239552, 0, 0, 0, 0, 0, 0, 0, 0, 1.11168, 0, 0, 0
6.05074, 1.01015, 0.239552, 0, 0, 0, 0, 0, 0, 0, 0, 1.11168, 0, 0, 0
6.10074, 1.01015, 0.239552, 0, 0, 0, 0, 0, 0, 0, 0, 1.11168, 0, 0, 0
6.15074, 1.01015, 0.239552, 0, 0, 0, 0, 0, 0, 0, 0, 1.11168, 0, 0, 0
6.20073, 1.01015, 0.239552, 0, 0, 0, 0, 0, 0, 0, 0, 1.11168, 0, 0, 0
6.25073, 1.01015, 0.239552, 0, 0, 0, 0, 0, 0, 0, 0, 1.11168, 0, 0, 0
6.30073, 1.01015, 0.239552, 0, 0, 0, 0, 0, 0, 0, 0, 1.11168, 0, 0, 0
6.35072, 1.01015, 0.239552, 0, 0, 0, 0, 0, 0, 0, 0, 1.11168, 0, 0, 0
6.40072, 1.01015, 0.239552, 0, 0, 0, 0, 0, 0, 0, 0, 1.11168, 0, 0, 0
6.45072, 1.01015, 0.239552, 0, 0, 0, 0, 0, 0, 0, 0, 1.11168, 0, 0, 0
6.50071, 1.01015, 0.239552, 0, 0, 0, 0, 0, 0, 0, 0, 1.11168, 0, 0, 0
6.55071, 1.01015, 0.239552, 0, 0, 0, 0, 0, 0, 0, 0, 1.11168, 0, 0, 0
6.6007, 1.01015, 0.239552, 0, 0, 0, 0, 0, 0, 0, 0, 1.11168, 0, 0, 0
6.6507, 1.01015, 0.239552, 0, 0, 0, 0, 0, 0, 0, 0, 1.11168, 0, 0, 0
6.7007, 1.01015, 0.239552, 0, 0, 0, 0, 0, 0, 0, 0, 1.11168, 0, 0, 0
6.75069, 1.01015, 0.239552, 0, 0, 0, 0, 0, 0, 0, 0, 1.11168, 0, 0, 0
6.80069, 1.01015, 0.239552, 0, 0, 0, 0, 0, 0, 0, 0, 1.11168, 0, 0, 0
6.85069, 1.01015, 0.239552, 0, 0, 0, 0, 0, 0, 0, 0, 1.11168, 0, 0, 0
6.90068, 1.01015, 0.239552, 0, 0, 0, 0, 0, 0, 0, 0, 1.11168, 0, 0, 0
6.95068, 1.01015, 0.239552, 0, 0, 0, 0, 0, 0, 0, 0, 1.11168, 0, 0, 0
7.00068, 1.01015, 0.239552, 0, 0, 0, 0, 0, 0, 0, 0, 1.11168, 0, 0, 0
7.00068, 1.01015, 0.239552, 0, 0, 0, 0, 0, 0, 0, 0, 1.11168, 0, 0, 0
7.05067, 1.01015, 0.239552, 0, 0, 0, 0, 0, 0, 0, 0, 1.11168, 0, 0, 0
7.10067, 1.01015, 0.239552, 0, 0, 0, 0, 0, 0, 0, 0, 1.11168, 0, 0, 0
7.15066, 1.01015, 0.239552, 0, 0, 0, 0, 0, 0, 0, 0, 1.11168, 0, 0, 0
7.20066, 1.01015, 0.239552, 0, 0, 0, 0, 0, 0, 0, 0, 1.11168, 0, 0, 0
7.25066, 1.01015, 0.239552, 0, 0, 0, 0, 0, 0, 0, 0, 1.11168, 0, 0, 0
7.30065, 1.01015, 0.239552, 0, 0, 0, 0, 0, 0, 0, 0, 1.11168, 0, 0, 0
7.35065, 1.01015, 0.239552, 0, 0, 0, 0, 0, 0, 0, 0, 1.11168, 0, 0, 0
7.40065, 1.01015, 0.239552, 0, 0, 0, 0, 0, 0, 0, 0, 1.11168, 0, 0, 0
7.45064, 1.01015, 0.239552, 0, 0, 0, 0, 0, 0, 0, 0, 1.11168, 0, 0, 0
7.50064, 1.01015, 0.239552, 0, 0, 0, 0, 0, 0, 0, 0, 1.11168, 0, 0, 0
7.55064, 1.01015, 0.239552, 0, 0, 0, 0, 0, 0, 0, 0, 1.11168, 0, 0, 0
7.60063, 1.01015, 0.239552, 0, 0, 0, 0, 0, 0, 0, 0, 1.11168, 0, 0, 0
7.65063, 1.01015, 0.239552, 0, 0, 0, 0, 0, 0, 0, 0, 1.11168, 0, 0, 0
7.70062, 1.01015, 0.239552, 0, 0, 0, 0, 0, 0, 0, 0, 1.11168, 0, 0, 0
7.75062, 1.01015, 0.239552, 0, 0, 0, 0, 0, 0, 0, 0, 1.11168, 0, 0, 0
7.80062, 1.01015, 0.239552, 0, 0, 0, 0, 0, 0, 0, 0, 1.11168, 0, 0, 0
7.85061, 1.01015, 0.239552, 0, 0, 0, 0, 0, 0, 0, 0, 1.11168, 0, 0, 0
7.90061, 1.01015, 0.239552, 0, 0, 0, 0, 0, 0, 0, 0, 1.11168, 0, 0, 0
7.95061, 1.01015, 0.239552, 0, 0, 0, 0, 0, 0, 0, 0, 1.11168, 0, 0, 0
8.0006, 1.01015, 0.239552, 0, 0, 0, 0, 0, 0, 0, 0, 1.11168, 0, 0, 0
8.0006, 1.01015, 0.239552, 0, 0, 0, 0, 0, 0, 0, 0, 1.11168, 0, 0, 0
8.05062, 1.01015, 0.239552, 0, 0, 0, 0, 0, 0, 0, 0, 1.11168, 0, 0, 0
8.10064, 1.01015, 0.239552, 0, 0, 0, 0, 0, 0, 0, 0, 1.11168, 0, 0, 0
8.15066, 1.01015, 0.239552, 0, 0, 0, 0, 0, 0, 0, 0, 1.11168, 0, 0, 0
8.20068, 1.01015, 0.239552, 0, 0, 0, 0, 0, 0, 0, 0, 1.11168, 0, 0, 0
8.2507, 1.01015, 0.239552, 0, 0, 0, 0, 0, 0, 0, 0, 1.11168, 0, 0, 0
8.30072, 1.01015, 0.239552, 0, 0, 0, 0, 0, 0, 0, 0, 1.11168, 0, 0, 0
8.35074, 1.01015, 0.239552, 0, 0, 0, 0, 0, 0, 0, 0, 1.11168, 0, 0, 0
8.40076, 1.01015, 0.239552, 0, 0, 0, 0, 0, 0, 0, 0, 1.11168, 0, 0, 0
8.45078, 1.01015, 0.239552, 0, 0, 0, 0, 0, 0, 0, 0, 1.11168, 0, 0, 0
8.5008, 1.01015, 0.239552, 0, 0, 0, 0, 0, 0, 0, 0, 1.11168, 0, 0, 0
8.55083, 1.01015, 0.239552, 0, 0, 0, 0, 0, 0, 0, 0, 1.11168, 0, 0, 0
8.60085, 1.01015, 0.239552, 0, 0, 0, 0, 0, 0, 0, 0, 1.11168, 0, 0, 0
8.65087, 1.01015, 0.239552, 0, 0, 0, 0, 0, 0, 0, 0, 1.11168, 0, 0, 0
8.70089, 1.01015, 0.239552, 0, 0, 0, 0, 0, 0, 0, 0, 1.11168, 0, 0, 0
8.75091, 1.01015, 0.239552, 0, 0, 0, 0, 0, 0, 0, 0, 1.11168, 0, 0, 0
8.80093, 1.01015, 0.239552, 0, 0, 0, 0, 0, 0, 0, 0, 1.11168, 0, 0, 0
8.85095, 1.01015, 0.239552, 0, 0, 0, 0, 0, 0, 0, 0, 1.11168, 0, 0, 0
8.90097, 1.01015, 0.239552, 0, 0, 0, 0, 0, 0, 0, 0, 1.11168, 0, 0, 0
8.95099, 1.01015, 0.239552, 0, 0, 0, 0, 0, 0, 0, 0, 1.11168, 0, 0, 0
9.00001, 1.01015, 0.239552, 0, 0, 0, 0, 0, 0, 0, 0, 1.11168, 0, 0, 0
9.00001, 1.01015, 0.239552, 0, 0, 0, 0, 0, 0, 0, 0, 1.11168, 0, 0, 0
9.05003, 1.01015, 0.239552, 0, 0, 0, 0, 0, 0, 0, 0, 1.11168, 0, 0, 0
9.10005, 1.01015, 0.239552, 0, 0, 0, 0, 0, 0, 0, 0, 1.11168, 0, 0, 0
9.15007, 1.01015, 0.239552, 0, 0, 0, 0, 0, 0, 0, 0, 1.11168, 0, 0, 0
9.20009, 1.01015, 0.239552, 0, 0, 0, 0, 0, 0, 0, 0, 1.11168, 0, 0, 0
9.25011, 1.01015, 0.239552, 0, 0, 0, 0, 0, 0, 0, 0, 1.11168, 0, 0, 0
9.30013, 1.01015, 0.239552, 0, 0, 0, 0, 0, 0, 0, 0, 1.11168, 0, 0, 0
9.35015, 1.01015, 0.239552, 0, 0, 0, 0, 0, 0, 0, 0, 1.11168, 0, 0, 0
9.40017, 1.01015, 0.239552, 0, 0, 0, 0, 0, 0, 0, 0, 1.11168, 0, 0, 0
9.45019, 1.01015, 0.239552, 0, 0, 0, 0, 0, 0, 0, 0, 1.11168, 0, 0, 0
9.50021, 1.01015, 0.239552, 0, 0, 0, 0, 0, 0, 0, 0, 1.11168, 0, 0, 0
9.55023, 1.01015, 0.239552, 0, 0, 0, 0, 0, 0, 0, 0, 1.11168, 0, 0, 0
9.60025, 1.01015, 0.239552, 0, 0, 0, 0, 0, 0, 0, 0, 1.11168, 0, 0, 0
9.65027, 1.01015, 0.239552, 0, 0, 0, 0, 0, 0, 0, 0, 1.11168, 0, 0, 0
9.70029, 1.01015, 0.239552, 0, 0, 0, 0, 0, 0, 0, 0, 1.11168, 0, 0, 0
9.75031, 1.01015, 0.239552, 0, 0, 0, 0, 0, 0, 0, 0, 1.11168, 0, 0, 0
9.80033, 1.01015, 0.239552, 0, 0, 0, 0, 0, 0, 0, 0, 1.11168, 0, 0, 0
9.85035, 1.01015, 0.239552, 0, 0, 0, 0, 0, 0, 0, 0, 1.11168, 0, 0, 0
9.90037, 1.01015, 0.239552, 0, 0, 0, 0, 0, 0, 0, 0, 1.11168, 0, 0, 0
9.95039, 1.01015, 0.239552, 0, 0, 0, 0, 0, 0, 0, 0, 1.11168, 0, 0, 0
10.0004, 1.01015, 0.239552, 0, 0, 0, 0, 0, 0, 0, 0, 1.11168, 0, 0, 0
10.0004, 1.01015, 0.239552, 0, 0, 0, 0, 0, 0, 0, 0, 1.11168, 0, 0, 0
10.0504, 1.01015, 0.239552, 0, 0, 0, 0, 0, 0, 0, 0, 1.11168, 0, 0, 0
10.1005, 1.01015, 0.239552, 0, 0, 0, 0, 0, 0, 0, 0, 1.11168, 0, 0, 0
10.1505, 1.01015, 0.239552, 0, 0, 0, 0, 0, 0, 0, 0, 1.11168, 0, 0, 0
10.2005, 1.01015, 0.239552, 0, 0, 0, 0, 0, 0, 0, 0, 1.11168, 0, 0, 0
10.2505, 1.01015, 0.239552, 0, 0, 0, 0, 0, 0, 0, 0, 1.11168, 0, 0, 0
10.3005, 1.01015, 0.239552, 0, 0, 0, 0, 0, 0, 0, 0, 1.11168, 0, 0, 0
10.3506, 1.01015, 0.239552, 0, 0, 0, 0, 0, 0, 0, 0, 1.11168, 0, 0, 0
10.4006, 1.01015, 0.239552, 0, 0, 0, 0, 0, 0, 0, 0, 1.11168, 0, 0, 0
10.4506, 1.01015, 0.239552, 0, 0, 0, 0, 0, 0, 0, 0, 1.11168, 0, 0, 0
10.5006, 1.01015, 0.239552, 0, 0, 0, 0, 0, 0, 0, 0, 1.11168, 0, 0, 0
10.5506, 1.01015, 0.239552, 0, 0, 0, 0, 0, 0, 0, 0, 1.11168, 0, 0, 0
10.6007, 1.01015, 0.239552, 0, 0, 0, 0, 0, 0, 0, 0, 1.11168, 0, 0, 0
10.6507, 1.01015, 0.239552, 0, 0, 0, 0, 0, 0, 0, 0, 1.11168, 0, 0, 0
10.7007, 1.01015, 0.239552, 0, 0, 0, 0, 0, 0, 0, 0, 1.11168, 0, 0, 0
10.7507, 1.01015, 0.239552, 0, 0, 0, 0, 0, 0, 0, 0, 1.11168, 0, 0, 0
10.8007, 1.01015, 0.239552, 0, 0, 0, 0, 0, 0, 0, 0, 1.11168, 0, 0, 0
10.8508, 1.01015, 0.239552, 0, 0, 0, 0, 0, 0, 0, 0, 1.11168, 0, 0, 0
10.9008, 1.01015, 0.239552, 0, 0, 0, 0, 0, 0, 0, 0, 1.11168, 0, 0, 0
10.9508, 1.01015, 0.239552, 0, 0, 0, 0, 0, 0, 0, 0, 1.11168, 0, 0, 0
11.0008, 1.01015, 0.239552, 0, 0, 0, 0, 0, 0, 0, 0, 1.11168, 0, 0, 0
11.0008, 1.01015, 0.239552, 0, 0, 0, 0, 0, 0, 0, 0, 1.11168, 0, 0, 0
11.0508, 1.01015, 0.239552, 0, 0, 0, 0, 0, 0, 0, 0, 1.11168, 0, 0, 0
11.1009, 1.01015, 0.239552, 0, 0, 0, 0, 0, 0, 0, 0, 1.11168, 0, 0, 0
11.1509, 1.01015, 0.239552, 0, 0, 0, 0, 0, 0, 0, 0, 1.11168, 0, 0, 0
11.2009, 1.01015, 0.239552, 0, 0, 0, 0, 0, 0, 0, 0, 1.11168, 0, 0, 0
11.2509, 1.01015, 0.239552, 0, 0, 0, 0, 0, 0, 0, 0, 1.11168, 0, 0, 0
11.3009, 1.01015, 0.239552, 0, 0, 0, 0, 0, 0, 0, 0, 1.11168, 0, 0, 0
11.351, 1.01015, 0.239552, 0, 0, 0, 0, 0, 0, 0, 0, 1.11168, 0, 0, 0
11.401, 1.01015, 0.239552, 0, 0, 0, 0, 0, 0, 0, 0, 1.11168, 0, 0, 0
11.451, 1.01015, 0.239552, 0, 0, 0, 0, 0, 0, 0, 0, 1.11168, 0, 0, 0
11.501, 1.01015, 0.239552, 0, 0, 0, 0, 0, 0, 0, 0, 1.11168, 0, 0, 0
11.551, 1.01015, 0.239552, 0, 0, 0, 0, 0, 0, 0, 0, 1.11168, 0, 0, 0
11.6011, 1.01015, 0.239552, 0, 0, 0, 0, 0, 0, 0, 0, 1.11168, 0, 0, 0
11.6511, 1.01015, 0.239552, 0, 0, 0, 0, 0, 0, 0, 0, 1.11168, 0, 0, 0
11.7011, 1.01015, 0.239552, 0, 0, 0, 0, 0, 0, 0, 0, 1.11168, 0, 0, 0
11.7511, 1.01015, 0.239552, 0, 0, 0, 0, 0, 0, 0, 0, 1.11168, 0, 0, 0
11.8011, 1.01015, 0.239552, 0, 0, 0, 0, 0, 0, 0, 0, 1.11168, 0, 0, 0
11.8512, 1.01015, 0.239552, 0, 0, 0, 0, 0, 0, 0, 0, 1.11168, 0, 0, 0
11.9012, 1.01015, 0.239552, 0, 0, 0, 0, 0, 0, 0, 0, 1.11168, 0, 0, 0
11.9512, 1.01015, 0.239552, 0, 0, 0, 0, 0, 0, 0, 0, 1.11168, 0, 0, 0
12.0002, 1.01015, 0.239552, 0, 0, 0, 0, 0, 0, 0, 0, 1.11168, 0, 0, 0
12.0002, 1.01015, 0.239552, 0, 0, 0, 0, 0, 0, 0, 0, 1.11168, 0, 0, 0
12.0502, 1.01015, 0.239552, 0, 0, 0, 0, 0, 0, 0, 0, 1.11168, 0, 0, 0
12.1003, 1.01015, 0.239552, 0, 0, 0, 0, 0, 0, 0, 0, 1.11168, 0, 0, 0
12.1503, 1.01015, 0.239552, 0, 0, 0, 0, 0, 0, 0, 0, 1.11168, 0, 0, 0
12.2003, 1.01015, 0.239552, 0, 0, 0, 0, 0, 0, 0, 0, 1.11168, 0, 0, 0
12.2503, 1.01015, 0.239552, 0, 0, 0, 0, 0, 0, 0, 0, 1.11168, 0, 0, 0
12.3003, 1.01015, 0.239552, 0, 0, 0, 0, 0, 0, 0, 0, 1.11168, 0, 0, 0
12.3504, 1.01015, 0.239552, 0, 0, 0, 0, 0, 0, 0, 0, 1.11168, 0, 0, 0
12.4004, 1.01015, 0.239552, 0, 0, 0, 0, 0, 0, 0, 0, 1.11168, 0, 0, 0
12.4504, 1.01015, 0.239552, 0, 0, 0, 0, 0, 0, 0, 0, 1.11168, 0, 0, 0
12.5004, 1.01015, 0.239552, 0, 0, 0, 0, 0, 0, 0, 0, 1.11168, 0, 0, 0
12.5504, 1.01015, 0.239552, 0, 0, 0, 0, 0, 0, 0, 0, 1.11168, 0, 0, 0
12.6005, 1.01015, 0.239552, 0, 0, 0, 0, 0, 0, 0, 0, 1.11168, 0, 0, 0
12.6505, 1.01015, 0.239552, 0, 0, 0, 0, 0, 0, 0, 0, 1.11168, 0, 0, 0
12.7005, 1.01015, 0.239552, 0, 0, 0, 0, 0, 0, 0, 0, 1.11168, 0, 0, 0
12.7505, 1.01015, 0.239552, 0, 0, 0, 0, 0, 0, 0, 0, 1.11168, 0, 0, 0
12.8005, 1.01015, 0.239552, 0, 0, 0, 0, 0, 0, 0, 0, 1.11168, 0, 0, 0
12.8506, 1.01015, 0.239552, 0, 0, 0, 0, 0, 0, 0, 0, 1.11168, 0, 0, 0
12.9006, 1.01015, 0.239552, 0, 0, 0, 0, 0, 0, 0, 0, 1.11168, 0, 0, 0
12.9506, 1.01015, 0.239552, 0, 0, 0, 0, 0, 0, 0, 0, 1.11168, 0, 0, 0
13.0006, 1.01015, 0.239552, 0, 0, 0, 0, 0, 0, 0, 0, 1.11168, 0, 0, 0
13.0006, 1.01015, 0.239552, 0, 0, 0, 0, 0, 0, 0, 0, 1.11168, 0, 0, 0
13.0506, 1.01015, 0.239552, 0, 0, 0, 0, 0, 0, 0, 0, 1.11168, 0, 0, 0
13.1007, 1.01015, 0.239552, 0, 0, 0, 0, 0, 0, 0, 0, 1.11168, 0, 0, 0
13.1507, 1.01015, 0.239552, 0, 0, 0, 0, 0, 0, 0, 0, 1.11168, 0, 0, 0
13.2007, 1.01015, 0.239552, 0, 0, 0, 0, 0, 0, 0, 0, 1.11168, 0, 0, 0
13.2507, 1.01015, 0.239552, 0, 0, 0, 0, 0, 0, 0, 0, 1.11168, 0, 0, 0
13.3007, 1.01015, 0.239552, 0, 0, 0, 0, 0, 0, 0, 0, 1.11168, 0, 0, 0
13.3508, 1.01015, 0.239552, 0, 0, 0, 0, 0, 0, 0, 0, 1.11168, 0, 0, 0
13.4008, 1.01015, 0.239552, 0, 0, 0, 0, 0, 0, 0, 0, 1.11168, 0, 0, 0
13.4508, 1.01015, 0.239552, 0, 0, 0, 0, 0, 0, 0, 0, 1.11168, 0, 0, 0
13.5008, 1.01015, 0.239552, 0, 0, 0, 0, 0, 0, 0, 0, 1.11168, 0, 0, 0
13.5508, 1.01015, 0.239552, 0, 0, 0, 0, 0, 0, 0, 0, 1.11168, 0, 0, 0
13.6009, 1.01015, 0.239552, 0, 0, 0, 0, 0, 0, 0, 0, 1.11168, 0, 0, 0
13.6509, 1.01015, 0.239552, 0, 0, 0, 0, 0, 0, 0, 0, 1.11168, 0, 0, 0
13.7009, 1.01015, 0.239552, 0, 0, 0, 0, 0, 0, 0, 0, 1.11168, 0, 0, 0
13.7509, 1.01015, 0.239552, 0, 0, 0, 0, 0, 0, 0, 0, 1.11168, 0, 0, 0
13.8009, 1.01015, 0.239552, 0, 0, 0, 0, 0, 0, 0, 0, 1.11168, 0, 0, 0
13.851, 1.01015, 0.239552, 0, 0, 0, 0, 0, 0, 0, 0, 1.11168, 0, 0, 0
13.901, 1.01015, 0.239552, 0, 0, 0, 0, 0, 0, 0, 0, 1.11168, 0, 0, 0
13.951, 1.01015, 0.239552, 0, 0, 0, 0, 0, 0, 0, 0, 1.11168, 0, 0, 0
14, 1.01015, 0.239552, 0, 0, 0, 0, 0, 0, 0, 0, 1.11168, 0, 0, 0
14, 1.01015, 0.239552, 0, 0, 0, 0, 0, 0, 0, 0, 1.11168, 0, 0, 0
14.05, 1.01015, 0.239552, 0, 0, 0, 0, 0, 0, 0, 0, 1.11168, 0, 0, 0
14.1001, 1.01015, 0.239552, 0, 0, 0, 0, 0, 0, 0, 0, 1.11168, 0, 0, 0
14.1501, 1.01015, 0.239552, 0, 0, 0, 0, 0, 0, 0, 0, 1.11168, 0, 0, 0
14.2001, 1.01015, 0.239552, 0, 0, 0, 0, 0, 0, 0, 0, 1.11168, 0, 0, 0
14.2501, 1.01015, 0.239552, 0, 0, 0, 0, 0, 0, 0, 0, 1.11168, 0, 0, 0
14.3001, 1.01015, 0.239552, 0, 0, 0, 0, 0, 0, 0, 0, 1.11168, 0, 0, 0
14.3502, 1.01015, 0.239552, 0, 0, 0, 0, 0, 0, 0, 0, 1.11168, 0, 0, 0
14.4002, 1.01015, 0.239552, 0, 0, 0, 0, 0, 0, 0, 0, 1.11168, 0, 0, 0
14.4502, 1.01015, 0.239552, 0, 0, 0, 0, 0, 0, 0, 0, 1.11168, 0, 0, 0
14.5002, 1.01015, 0.239552, 0, 0, 0, 0, 0, 0, 0, 0, 1.11168, 0, 0, 0
14.5503, 1.01015, 0.239552, 0, 0, 0, 0, 0, 0, 0, 0, 1.11168, 0, 0, 0
14.6003, 1.01015, 0.239552, 0, 0, 0, 0, 0, 0, 0, 0, 1.11168, 0, 0, 0
14.6503, 1.01015, 0.239552, 0, 0, 0, 0, 0, 0, 0, 0, 1.11168, 0, 0, 0
14.7003, 1.01015, 0.239552, 0, 0, 0, 0, 0, 0, 0, 0, 1.11168, 0, 0, 0
14.7503, 1.01015, 0.239552, 0, 0, 0, 0, 0, 0, 0, 0, 1.11168, 0, 0, 0
14.8004, 1.01015, 0.239552, 0, 0, 0, 0, 0, 0, 0, 0, 1.11168, 0, 0, 0
14.8504, 1.01015, 0.239552, 0, 0, 0, 0, 0, 0, 0, 0, 1.11168, 0, 0, 0
14.9004, 1.01015, 0.239552, 0, 0, 0, 0, 0, 0, 0, 0, 1.11168, 0, 0, 0
14.9504, 1.01015, 0.239552, 0, 0, 0, 0, 0, 0, 0, 0, 1.11168, 0, 0, 0
15.0004, 1.01015, 0.239552, 0, 0, 0, 0, 0, 0, 0, 0, 1.11168, 0, 0, 0
15.0004, 1.01015, 0.239552, 0, 0, 0, 0, 0, 0, 0, 0, 1.11168, 0, 0, 0
15.0505, 1.01015, 0.239552, 0, 0, 0, 0, 0, 0, 0, 0, 1.11168, 0, 0, 0
15.1005, 1.01015, 0.239552, 0, 0, 0, 0, 0, 0, 0, 0, 1.11168, 0, 0, 0
15.1505, 1.01015, 0.239552, 0, 0, 0, 0, 0, 0, 0, 0, 1.11168, 0, 0, 0
15.2005, 1.01015, 0.239552, 0, 0, 0, 0, 0, 0, 0, 0, 1.11168, 0, 0, 0
15.2505, 1.01015, 0.239552, 0, 0, 0, 0, 0, 0, 0, 0, 1.11168, 0, 0, 0
15.3006, 1.01015, 0.239552, 0, 0, 0, 0, 0, 0, 0, 0, 1.11168, 0, 0, 0
15.3506, 1.01015, 0.239552, 0, 0, 0, 0, 0, 0, 0, 0, 1.11168, 0, 0, 0
15.4006, 1.01015, 0.239552, 0, 0, 0, 0, 0, 0, 0, 0, 1.11168, 0, 0, 0
15.4506, 1.01015, 0.239552, 0, 0, 0, 0, 0, 0, 0, 0, 1.11168, 0, 0, 0
15.5006, 1.01015, 0.239552, 0, 0, 0, 0, 0, 0, 0, 0, 1.11168, 0, 0, 0
15.5507, 1.01015, 0.239552, 0, 0, 0, 0, 0, 0, 0, 0, 1.11168, 0, 0, 0
15.6007, 1.01015, 0.239552, 0, 0, 0, 0, 0, 0, 0, 0, 1.11168, 0, 0, 0
15.6507, 1.01015, 0.239552, 0, 0, 0, 0, 0, 0, 0, 0, 1.11168, 0, 0, 0
15.7007, 1.01015, 0.239552, 0, 0, 0, 0, 0, 0, 0, 0, 1.11168, 0, 0, 0
15.7507, 1.01015, 0.239552, 0, 0, 0, 0, 0, 0, 0, 0, 1.11168, 0, 0, 0
15.8008, 1.01015, 0.239552, 0, 0, 0, 0, 0, 0, 0, 0, 1.11168, 0, 0, 0
15.8508, 1.01015, 0.239552, 0, 0, 0, 0, 0, 0, 0, 0, 1.11168, 0, 0, 0
15.9008, 1.01015, 0.239552, 0, 0, 0, 0, 0, 0, 0, 0, 1.11168, 0, 0, 0
15.9508, 1.01015, 0.239552, 0, 0, 0, 0, 0, 0, 0, 0, 1.11168, 0, 0, 0
16.0008, 1.01015, 0.239552, 0, 0, 0, 0, 0, 0, 0, 0, 1.11168, 0, 0, 0
16.0008, 1.01015, 0.239552, 0, 0, 0, 0, 0, 0, 0, 0, 1.11168, 0, 0, 0
16.0508, 1.01015, 0.239552, 0, 0, 0, 0, 0, 0, 0, 0, 1.11168, 0, 0, 0
16.1008, 1.01015, 0.239552, 0, 0, 0, 0, 0, 0, 0, 0, 1.11168, 0, 0, 0
16.1508, 1.01015, 0.239552, 0, 0, 0, 0, 0, 0, 0, 0, 1.11168, 0, 0, 0
16.2007, 1.01015, 0.239552, 0, 0, 0, 0, 0, 0, 0, 0, 1.11168, 0, 0, 0
16.2507, 1.01015, 0.239552, 0, 0, 0, 0, 0, 0, 0, 0, 1.11168, 0, 0, 0
16.3007, 1.01015, 0.239552, 0, 0, 0, 0, 0, 0, 0, 0, 1.11168, 0, 0, 0
16.3506, 1.01015, 0.239552, 0, 0, 0, 0, 0, 0, 0, 0, 1.11168, 0, 0, 0
16.4006, 1.01015, 0.239552, 0, 0, 0, 0, 0, 0, 0, 0, 1.11168, 0, 0, 0
16.4506, 1.01015, 0.239552, 0, 0, 0, 0, 0, 0, 0, 0, 1.11168, 0, 0, 0
16.5006, 1.01015, 0.239552, 0, 0, 0, 0, 0, 0, 0, 0, 1.11168, 0, 0, 0
16.5505, 1.01015, 0.239552, 0, 0, 0, 0, 0, 0, 0, 0, 1.11168, 0, 0, 0
16.6005, 1.01015, 0.239552, 0, 0, 0, 0, 0, 0, 0, 0, 1.11168, 0, 0, 0
16.6505, 1.01015, 0.239552, 0, 0, 0, 0, 0, 0, 0, 0, 1.11168, 0, 0, 0
16.7005, 1.01015, 0.239552, 0, 0, 0, 0, 0, 0, 0, 0, 1.11168, 0, 0, 0
16.7504, 1.01015, 0.239552, 0, 0, 0, 0, 0, 0, 0, 0, 1.11168, 0, 0, 0
16.8004, 1.01015, 0.239552, 0, 0, 0, 0, 0, 0, 0, 0, 1.11168, 0, 0, 0
16.8504, 1.01015, 0.239552, 0, 0, 0, 0, 0, 0, 0, 0, 1.11168, 0, 0, 0
16.9003, 1.01015, 0.239552, 0, 0, 0, 0, 0, 0, 0, 0, 1.11168, 0, 0, 0
16.9503, 1.01015, 0.239552, 0, 0, 0, 0, 0, 0, 0, 0, 1.11168, 0, 0, 0
17.0003, 1.01015, 0.239552, 0, 0, 0, 0, 0, 0, 0, 0, 1.11168, 0, 0, 0
17.0003, 1.01015, 0.239552, 0, 0, 0, 0, 0, 0, 0, 0, 1.11168, 0, 0, 0
17.0503, 1.01015, 0.239552, 0, 0, 0, 0, 0, 0, 0, 0, 1.11168, 0, 0, 0
17.1002, 1.01015, 0.239552, 0, 0, 0, 0, 0, 0, 0, 0, 1.11168, 0, 0, 0
17.1502, 1.01015, 0.239552, 0, 0, 0, 0, 0, 0, 0, 0, 1.11168, 0, 0, 0
17.2002, 1.01015, 0.239552, 0, 0, 0, 0, 0, 0, 0, 0, 1.11168, 0, 0, 0
17.2501, 1.01015, 0.239552, 0, 0, 0, 0, 0, 0, 0, 0, 1.11168, 0, 0, 0
17.3001, 1.01015, 0.239552, 0, 0, 0, 0, 0, 0, 0, 0, 1.11168, 0, 0, 0
17.3501, 1.01015, 0.239552, 0, 0, 0, 0, 0, 0, 0, 0, 1.11168, 0, 0, 0
17.4001, 1.01015, 0.239552, 0, 0, 0, 0, 0, 0, 0, 0, 1.11168, 0, 0, 0
17.45, 1.01015, 0.239552, 0, 0, 0, 0, 0, 0, 0, 0, 1.11168, 0, 0, 0
17.5, 1.01015, 0.239552, 0, 0, 0, 0, 0, 0, 0, 0, 1.11168, 0, 0, 0
17.55, 1.01015, 0.239552, 0, 0, 0, 0, 0, 0, 0, 0, 1.11168, 0, 0, 0
17.6, 1.01015, 0.239552, 0, 0, 0, 0, 0, 0, 0, 0, 1.11168, 0, 0, 0
17.6499, 1.01015, 0.239552, 0, 0, 0, 0, 0, 0, 0, 0, 1.11168, 0, 0, 0
17.6999, 1.01015, 0.239552, 0, 0, 0, 0, 0, 0, 0, 0, 1.11168, 0, 0, 0
17.7499, 1.01015, 0.239552, 0, 0, 0, 0, 0, 0, 0, 0, 1.11168, 0, 0, 0
17.7998, 1.01015, 0.239552, 0, 0, 0, 0, 0, 0, 0, 0, 1.11168, 0, 0, 0
17.8498, 1.01015, 0.239552, 0, 0, 0, 0, 0, 0, 0, 0, 1.11168, 0, 0, 0
17.8998, 1.01015, 0.239552, 0, 0, 0, 0, 0, 0, 0, 0, 1.11168, 0, 0, 0
17.9498, 1.01015, 0.239552, 0, 0, 0, 0, 0, 0, 0, 0, 1.11168, 0, 0, 0
17.9997, 1.01015, 0.239552, 0, 0, 0, 0, 0, 0, 0, 0, 1.11168, 0, 0, 0
18.0007, 1.01015, 0.239552, 0, 0, 0, 0, 0, 0, 0, 0, 1.11168, 0, 0, 0
18.0007, 1.01015, 0.239552, 0, 0, 0, 0, 0, 0, 0, 0, 1.11168, 0, 0, 0
18.0507, 1.01015, 0.239552, 0, 0, 0, 0, 0, 0, 0, 0, 1.11168, 0, 0, 0
18.1007, 1.01015, 0.239552, 0, 0, 0, 0, 0, 0, 0, 0, 1.11168, 0, 0, 0
18.1507, 1.01015, 0.239552, 0, 0, 0, 0, 0, 0, 0, 0, 1.11168, 0, 0, 0
18.2006, 1.01015, 0.239552, 0, 0, 0, 0, 0, 0, 0, 0, 1.11168, 0, 0, 0
18.2506, 1.01015, 0.239552, 0, 0, 0, 0, 0, 0, 0, 0, 1.11168, 0, 0, 0
18.3006, 1.01015, 0.239552, 0, 0, 0, 0, 0, 0, 0, 0, 1.11168, 0, 0, 0
18.3505, 1.01015, 0.239552, 0, 0, 0, 0, 0, 0, 0, 0, 1.11168, 0, 0, 0
18.4005, 1.01015, 0.239552, 0, 0, 0, 0, 0, 0, 0, 0, 1.11168, 0, 0, 0
18.4505, 1.01015, 0.239552, 0, 0, 0, 0, 0, 0, 0, 0, 1.11168, 0, 0, 0
18.5005, 1.01015, 0.239552, 0, 0, 0, 0, 0, 0, 0, 0, 1.11168, 0, 0, 0
18.5504, 1.01015, 0.239552, 0, 0, 0, 0, 0, 0, 0, 0, 1.11168, 0, 0, 0
18.6004, 1.01015, 0.239552, 0, 0, 0, 0, 0, 0, 0, 0, 1.11168, 0, 0, 0
18.6504, 1.01015, 0.239552, 0, 0, 0, 0, 0, 0, 0, 0, 1.11168, 0, 0, 0
18.7004, 1.01015, 0.239552, 0, 0, 0, 0, 0, 0, 0, 0, 1.11168, 0, 0, 0
18.7503, 1.01015, 0.239552, 0, 0, 0, 0, 0, 0, 0, 0, 1.11168, 0, 0, 0
18.8003, 1.01015, 0.239552, 0, 0, 0, 0, 0, 0, 0, 0, 1.11168, 0, 0, 0
18.8503, 1.01015, 0.239552, 0, 0, 0, 0, 0, 0, 0, 0, 1.11168, 0, 0, 0
18.9002, 1.01015, 0.239552, 0, 0, 0, 0, 0, 0, 0, 0, 1.11168, 0, 0, 0
18.9502, 1.01015, 0.239552, 0, 0, 0, 0, 0, 0, 0, 0, 1.11168, 0, 0, 0
19.0002, 1.01015, 0.239552, 0, 0, 0, 0, 0, 0, 0, 0, 1.11168, 0, 0, 0
19.0002, 1.01015, 0.239552, 0, 0, 0, 0, 0, 0, 0, 0, 1.11168, 0, 0, 0
19.0502, 1.01015, 0.239552, 0, 0, 0, 0, 0, 0, 0, 0, 1.11168, 0, 0, 0
19.1001, 1.01015, 0.239552, 0, 0, 0, 0, 0, 0, 0, 0, 1.11168, 0, 0, 0
19.1501, 1.01015, 0.239552, 0, 0, 0, 0, 0, 0, 0, 0, 1.11168, 0, 0, 0
19.2001, 1.01015, 0.239552, 0, 0, 0, 0, 0, 0, 0, 0, 1.11168, 0, 0, 0
19.25, 1.01015, 0.239552, 0, 0, 0, 0, 0, 0, 0, 0, 1.11168, 0, 0, 0
19.3, 1.01015, 0.239552, 0, 0, 0, 0, 0, 0, 0, 0, 1.11168, 0, 0, 0
19.35, 1.01015, 0.239552, 0, 0, 0, 0, 0, 0, 0, 0, 1.11168, 0, 0, 0
19.4, 1.01015, 0.239552, 0, 0, 0, 0, 0, 0, 0, 0, 1.11168, 0, 0, 0
19.4499, 1.01015, 0.239552, 0, 0, 0, 0, 0, 0, 0, 0, 1.11168, 0, 0, 0
19.4999, 1.01015, 0.239552, 0, 0, 0, 0, 0, 0, 0, 0, 1.11168, 0, 0, 0
19.5499, 1.01015, 0.239552, 0, 0, 0, 0, 0, 0, 0, 0, 1.11168, 0, 0, 0
19.5999, 1.01015, 0.239552, 0, 0, 0, 0, 0, 0, 0, 0, 1.11168, 0, 0, 0
19.6498, 1.01015, 0.239552, 0, 0, 0, 0, 0, 0, 0, 0, 1.11168, 0, 0, 0
19.6998, 1.01015, 0.239552, 0, 0, 0, 0, 0, 0, 0, 0, 1.11168, 0, 0, 0
19.7498, 1.01015, 0.239552, 0, 0, 0, 0, 0, 0, 0, 0, 1.11168, 0, 0, 0
19.7997, 1.01015, 0.239552, 0, 0, 0, 0, 0, 0, 0, 0, 1.11168, 0, 0, 0
19.8497, 1.01015, 0.239552, 0, 0, 0, 0, 0, 0, 0, 0, 1.11168, 0, 0, 0
19.8997, 1.01015, 0.239552, 0, 0, 0, 0, 0, 0, 0, 0, 1.11168, 0, 0, 0
19.9497, 1.01015, 0.239552, 0, 0, 0, 0, 0, 0, 0, 0, 1.11168, 0, 0, 0
19.9996, 1.01015, 0.239552, 0, 0, 0, 0, 0, 0, 0, 0, 1.11168, 0, 0, 0
20.0006, 1.01015, 0.239552, 0, 0, 0, 0, 0, 0, 0, 0, 1.11168, 0, 0, 0
20.0006, 1.01015, 0.239552, 0, 0, 0, 0, 0, 0, 0, 0, 1.11168, 0, 0, 0
20.0506, 1.01015, 0.239552, 0, 0, 0, 0, 0, 0, 0, 0, 1.11168, 0, 0, 0
20.1006, 1.01015, 0.239552, 0, 0, 0, 0, 0, 0, 0, 0, 1.11168, 0, 0, 0
20.1506, 1.01015, 0.239552, 0, 0, 0, 0, 0, 0, 0, 0, 1.11168, 0, 0, 0
20.2005, 1.01015, 0.239552, 0, 0, 0, 0, 0, 0, 0, 0, 1.11168, 0, 0, 0
20.2505, 1.01015, 0.239552, 0, 0, 0, 0, 0, 0, 0, 0, 1.11168, 0, 0, 0
20.3005, 1.01015, 0.239552, 0, 0, 0, 0, 0, 0, 0, 0, 1.11168, 0, 0, 0
20.3504, 1.01015, 0.239552, 0, 0, 0, 0, 0, 0, 0, 0, 1.11168, 0, 0, 0
20.4004, 1.01015, 0.239552, 0, 0, 0, 0, 0, 0, 0, 0, 1.11168, 0, 0, 0
20.4504, 1.01015, 0.239552, 0, 0, 0, 0, 0, 0, 0, 0, 1.11168, 0, 0, 0
20.5004, 1.01015, 0.239552, 0, 0, 0, 0, 0, 0, 0, 0, 1.11168, 0, 0, 0
20.5503, 1.01015, 0.239552, 0, 0, 0, 0, 0, 0, 0, 0, 1.11168, 0, 0, 0
20.6003, 1.01015, 0.239552, 0, 0, 0, 0, 0, 0, 0, 0, 1.11168, 0, 0, 0
20.6503, 1.01015, 0.239552, 0, 0, 0, 0, 0, 0, 0, 0, 1.11168, 0, 0, 0
20.7003, 1.01015, 0.239552, 0, 0, 0, 0, 0, 0, 0, 0, 1.11168, 0, 0, 0
20.7502, 1.01015, 0.239552, 0, 0, 0, 0, 0, 0, 0, 0, 1.11168, 0, 0, 0
20.8002, 1.01015, 0.239552, 0, 0, 0, 0, 0, 0, 0, 0, 1.11168, 0, 0, 0
20.8502, 1.01015, 0.239552, 0, 0, 0, 0, 0, 0, 0, 0, 1.11168, 0, 0, 0
20.9001, 1.01015, 0.239552, 0, 0, 0, 0, 0, 0, 0, 0, 1.11168, 0, 0, 0
20.9501, 1.01015, 0.239552, 0, 0, 0, 0, 0, 0, 0, 0, 1.11168, 0, 0, 0
21.0001, 1.01015, 0.239552, 0, 0, 0, 0, 0, 0, 0, 0, 1.11168, 0, 0, 0
21.0001, 1.01015, 0.239552, 0, 0, 0, 0, 0, 0, 0, 0, 1.11168, 0, 0, 0
21.0501, 1.01015, 0.239552, 0, 0, 0, 0, 0, 0, 0, 0, 1.11168, 0, 0, 0
21.1, 1.01015, 0.239552, 0, 0, 0, 0, 0, 0, 0, 0, 1.11168, 0, 0, 0
21.15, 1.01015, 0.239552, 0, 0, 0, 0, 0, 0, 0, 0, 1.11168, 0, 0, 0
21.2, 1.01015, 0.239552, 0, 0, 0, 0, 0, 0, 0, 0, 1.11168, 0, 0, 0
21.25, 1.01015, 0.239552, 0, 0, 0, 0, 0, 0, 0, 0, 1.11168, 0, 0, 0
21.2999, 1.01015, 0.239552, 0, 0, 0, 0, 0, 0, 0, 0, 1.11168, 0, 0, 0
21.3499, 1.01015, 0.239552, 0, 0, 0, 0, 0, 0, 0, 0, 1.11168, 0, 0, 0
21.3999, 1.01015, 0.239552, 0, 0, 0, 0, 0, 0, 0, 0, 1.11168, 0, 0, 0
21.4498, 1.01015, 0.239552, 0, 0, 0, 0, 0, 0, 0, 0, 1.11168, 0, 0, 0
21.4998, 1.01015, 0.239552, 0, 0, 0, 0, 0, 0, 0, 0, 1.11168, 0, 0, 0
21.5498, 1.01015, 0.239552, 0, 0, 0, 0, 0, 0, 0, 0, 1.11168, 0, 0, 0
21.5998, 1.01015, 0.239552, 0, 0, 0, 0, 0, 0, 0, 0, 1.11168, 0, 0, 0
21.6497, 1.01015, 0.239552, 0, 0, 0, 0, 0, 0, 0, 0, 1.11168, 0, 0, 0
21.6997, 1.01015, 0.239552, 0, 0, 0, 0, 0, 0, 0, 0, 1.11168, 0, 0, 0
21.7497, 1.01015, 0.239552, 0, 0, 0, 0, 0, 0, 0, 0, 1.11168, 0, 0, 0
21.7996, 1.01015, 0.239552, 0, 0, 0, 0, 0, 0, 0, 0, 1.11168, 0, 0, 0
21.8496, 1.01015, 0.239552, 0, 0, 0, 0, 0, 0, 0, 0, 1.11168, 0, 0, 0
21.8996, 1.01015, 0.239552, 0, 0, 0, 0, 0, 0, 0, 0, 1.11168, 0, 0, 0
21.9496, 1.01015, 0.239552, 0, 0, 0, 0, 0, 0, 0, 0, 1.11168, 0, 0, 0
21.9995, 1.01015, 0.239552, 0, 0, 0, 0, 0, 0, 0, 0, 1.11168, 0, 0, 0
22.0005, 1.01015, 0.239552, 0, 0, 0, 0, 0, 0, 0, 0, 1.11168, 0, 0, 0
22.0005, 1.01015, 0.239552, 0, 0, 0, 0, 0, 0, 0, 0, 1.11168, 0, 0, 0
22.0505, 1.01015, 0.239552, 0, 0, 0, 0, 0, 0, 0, 0, 1.11168, 0, 0, 0
22.1005, 1.01015, 0.239552, 0, 0, 0, 0, 0, 0, 0, 0, 1.11168, 0, 0, 0
22.1505, 1.01015, 0.239552, 0, 0, 0, 0, 0, 0, 0, 0, 1.11168, 0, 0, 0
22.2004, 1.01015, 0.239552, 0, 0, 0, 0, 0, 0, 0, 0, 1.11168, 0, 0, 0
22.2504, 1.01015, 0.239552, 0, 0, 0, 0, 0, 0, 0, 0, 1.11168, 0, 0, 0
22.3004, 1.01015, 0.239552, 0, 0, 0, 0, 0, 0, 0, 0, 1.11168, 0, 0, 0
22.3503, 1.01015, 0.239552, 0, 0, 0, 0, 0, 0, 0, 0, 1.11168, 0, 0, 0
22.4003, 1.01015, 0.239552, 0, 0, 0, 0, 0, 0, 0, 0, 1.11168, 0, 0, 0
22.4503, 1.01015, 0.239552, 0, 0, 0, 0, 0, 0, 0, 0, 1.11168, 0, 0, 0
22.5003, 1.01015, 0.239552, 0, 0, 0, 0, 0, 0, 0, 0, 1.11168, 0, 0, 0
22.5502, 1.01015, 0.239552, 0, 0, 0, 0, 0, 0, 0, 0, 1.11168, 0, 0, 0
22.6002, 1.01015, 0.239552, 0, 0, 0, 0, 0, 0, 0, 0, 1.11168, 0, 0, 0
22.6502, 1.01015, 0.239552, 0, 0, 0, 0, 0, 0, 0, 0, 1.11168, 0, 0, 0
22.7002, 1.01015, 0.239552, 0, 0, 0, 0, 0, 0, 0, 0, 1.11168, 0, 0, 0
22.7501, 1.01015, 0.239552, 0, 0, 0, 0, 0, 0, 0, 0, 1.11168, 0, 0, 0
22.8001, 1.01015, 0.239552, 0, 0, 0, 0, 0, 0, 0, 0, 1.11168, 0, 0, 0
22.8501, 1.01015, 0.239552, 0, 0, 0, 0, 0, 0, 0, 0, 1.11168, 0, 0, 0
22.9, 1.01015, 0.239552, 0, 0, 0, 0, 0, 0, 0, 0, 1.11168, 0, 0, 0
22.95, 1.01015, 0.239552, 0, 0, 0, 0, 0, 0, 0, 0, 1.11168, 0, 0, 0
23, 1.01015, 0.239552, 0, 0, 0, 0, 0, 0, 0, 0, 1.11168, 0, 0, 0
23.001, 1.01015, 0.239552, 0, 0, 0, 0, 0, 0, 0, 0, 1.11168, 0, 0, 0
23.001, 1.01015, 0.239552, 0, 0, 0, 0, 0, 0, 0, 0, 1.11168, 0, 0, 0
23.051, 1.01015, 0.239552, 0, 0, 0, 0, 0, 0, 0, 0, 1.11168, 0, 0, 0
23.1009, 1.01015, 0.239552, 0, 0, 0, 0, 0, 0, 0, 0, 1.11168, 0, 0, 0
23.1509, 1.01015, 0.239552, 0, 0, 0, 0, 0, 0, 0, 0, 1.11168, 0, 0, 0
23.2009, 1.01015, 0.239552, 0, 0, 0, 0, 0, 0, 0, 0, 1.11168, 0, 0, 0
23.2509, 1.01015, 0.239552, 0, 0, 0, 0, 0, 0, 0, 0, 1.11168, 0, 0, 0
23.3008, 1.01015, 0.239552, 0, 0, 0, 0, 0, 0, 0, 0, 1.11168, 0, 0, 0
23.3508, 1.01015, 0.239552, 0, 0, 0, 0, 0, 0, 0, 0, 1.11168, 0, 0, 0
23.4008, 1.01015, 0.239552, 0, 0, 0, 0, 0, 0, 0, 0, 1.11168, 0, 0, 0
23.4507, 1.01015, 0.239552, 0, 0, 0, 0, 0, 0, 0, 0, 1.11168, 0, 0, 0
23.5007, 1.01015, 0.239552, 0, 0, 0, 0, 0, 0, 0, 0, 1.11168, 0, 0, 0
23.5507, 1.01015, 0.239552, 0, 0, 0, 0, 0, 0, 0, 0, 1.11168, 0, 0, 0
23.6007, 1.01015, 0.239552, 0, 0, 0, 0, 0, 0, 0, 0, 1.11168, 0, 0, 0
23.6506, 1.01015, 0.239552, 0, 0, 0, 0, 0, 0, 0, 0, 1.11168, 0, 0, 0
23.7006, 1.01015, 0.239552, 0, 0, 0, 0, 0, 0, 0, 0, 1.11168, 0, 0, 0
23.7506, 1.01015, 0.239552, 0, 0, 0, 0, 0, 0, 0, 0, 1.11168, 0, 0, 0
23.8005, 1.01015, 0.239552, 0, 0, 0, 0, 0, 0, 0, 0, 1.11168, 0, 0, 0
23.8505, 1.01015, 0.239552, 0, 0, 0, 0, 0, 0, 0, 0, 1.11168, 0, 0, 0
23.9005, 1.01015, 0.239552, 0, 0, 0, 0, 0, 0, 0, 0, 1.11168, 0, 0, 0
23.9505, 1.01015, 0.239552, 0, 0, 0, 0, 0, 0, 0, 0, 1.11168, 0, 0, 0
24.0004, 1.01015, 0.239552, 0, 0, 0, 0, 0, 0, 0, 0, 1.11168, 0, 0, 0
24.0004, 1.01015, 0.239552, 0, 0, 0, 0, 0, 0, 0, 0, 1.11168, 0, 0, 0
24.0504, 1.01015, 0.239552, 0, 0, 0, 0, 0, 0, 0, 0, 1.11168, 0, 0, 0
24.1004, 1.01015, 0.239552, 0, 0, 0, 0, 0, 0, 0, 0, 1.11168, 0, 0, 0
24.1504, 1.01015, 0.239552, 0, 0, 0, 0, 0, 0, 0, 0, 1.11168, 0, 0, 0
24.2003, 1.01015, 0.239552, 0, 0, 0, 0, 0, 0, 0, 0, 1.11168, 0, 0, 0
24.2503, 1.01015, 0.239552, 0, 0, 0, 0, 0, 0, 0, 0, 1.11168, 0, 0, 0
24.3003, 1.01015, 0.239552, 0, 0, 0, 0, 0, 0, 0, 0, 1.11168, 0, 0, 0
24.3502, 1.01015, 0.239552, 0, 0, 0, 0, 0, 0, 0, 0, 1.11168, 0, 0, 0
24.4002, 1.01015, 0.239552, 0, 0, 0, 0, 0, 0, 0, 0, 1.11168, 0, 0, 0
24.4502, 1.01015, 0.239552, 0, 0, 0, 0, 0, 0, 0, 0, 1.11168, 0, 0, 0
24.5002, 1.01015, 0.239552, 0, 0, 0, 0, 0, 0, 0, 0, 1.11168, 0, 0, 0
24.5501, 1.01015, 0.239552, 0, 0, 0, 0, 0, 0, 0, 0, 1.11168, 0, 0, 0
24.6001, 1.01015, 0.239552, 0, 0, 0, 0, 0, 0, 0, 0, 1.11168, 0, 0, 0
24.6501, 1.01015, 0.239552, 0, 0, 0, 0, 0, 0, 0, 0, 1.11168, 0, 0, 0
24.7001, 1.01015, 0.239552, 0, 0, 0, 0, 0, 0, 0, 0, 1.11168, 0, 0, 0
24.75, 1.01015, 0.239552, 0, 0, 0, 0, 0, 0, 0, 0, 1.11168, 0, 0, 0
24.8, 1.01015, 0.239552, 0, 0, 0, 0, 0, 0, 0, 0, 1.11168, 0, 0, 0
24.85, 1.01015, 0.239552, 0, 0, 0, 0, 0, 0, 0, 0, 1.11168, 0, 0, 0
24.8999, 1.01015, 0.239552, 0, 0, 0, 0, 0, 0, 0, 0, 1.11168, 0, 0, 0
24.9499, 1.01015, 0.239552, 0, 0, 0, 0, 0, 0, 0, 0, 1.11168, 0, 0, 0
24.9999, 1.01015, 0.239552, 0, 0, 0, 0, 0, 0, 0, 0, 1.11168, 0, 0, 0
25.0009, 1.01015, 0.239552, 0, 0, 0, 0, 0, 0, 0, 0, 1.11168, 0, 0, 0
25.0009, 1.01015, 0.239552, 0, 0, 0, 0, 0, 0, 0, 0, 1.11168, 0, 0, 0
25.0509, 1.01015, 0.239552, 0, 0, 0, 0, 0, 0, 0, 0, 1.11168, 0, 0, 0
25.1008, 1.01015, 0.239552, 0, 0, 0, 0, 0, 0, 0, 0, 1.11168, 0, 0, 0
25.1508, 1.01015, 0.239552, 0, 0, 0, 0, 0, 0, 0, 0, 1.11168, 0, 0, 0
25.2008, 1.01015, 0.239552, 0, 0, 0, 0, 0, 0, 0, 0, 1.11168, 0, 0, 0
25.2508, 1.01015, 0.239552, 0, 0, 0, 0, 0, 0, 0, 0, 1.11168, 0, 0, 0
25.3007, 1.01015, 0.239552, 0, 0, 0, 0, 0, 0, 0, 0, 1.11168, 0, 0, 0
25.3507, 1.01015, 0.239552, 0, 0, 0, 0, 0, 0, 0, 0, 1.11168, 0, 0, 0
25.4007, 1.01015, 0.239552, 0, 0, 0, 0, 0, 0, 0, 0, 1.11168, 0, 0, 0
25.4506, 1.01015, 0.239552, 0, 0, 0, 0, 0, 0, 0, 0, 1.11168, 0, 0, 0
25.5006, 1.01015, 0.239552, 0, 0, 0, 0, 0, 0, 0, 0, 1.11168, 0, 0, 0
25.5506, 1.01015, 0.239552, 0, 0, 0, 0, 0, 0, 0, 0, 1.11168, 0, 0, 0
25.6006, 1.01015, 0.239552, 0, 0, 0, 0, 0, 0, 0, 0, 1.11168, 0, 0, 0
25.6505, 1.01015, 0.239552, 0, 0, 0, 0, 0, 0, 0, 0, 1.11168, 0, 0, 0
25.7005, 1.01015, 0.239552, 0, 0, 0, 0, 0, 0, 0, 0, 1.11168, 0, 0, 0
25.7505, 1.01015, 0.239552, 0, 0, 0, 0, 0, 0, 0, 0, 1.11168, 0, 0, 0
25.8004, 1.01015, 0.239552, 0, 0, 0, 0, 0, 0, 0, 0, 1.11168, 0, 0, 0
25.8504, 1.01015, 0.239552, 0, 0, 0, 0, 0, 0, 0, 0, 1.11168, 0, 0, 0
25.9004, 1.01015, 0.239552, 0, 0, 0, 0, 0, 0, 0, 0, 1.11168, 0, 0, 0
25.9504, 1.01015, 0.239552, 0, 0, 0, 0, 0, 0, 0, 0, 1.11168, 0, 0, 0
26.0003, 1.01015, 0.239552, 0, 0, 0, 0, 0, 0, 0, 0, 1.11168, 0, 0, 0
26.0003, 1.01015, 0.239552, 0, 0, 0, 0, 0, 0, 0, 0, 1.11168, 0, 0, 0
26.0503, 1.01015, 0.239552, 0, 0, 0, 0, 0, 0, 0, 0, 1.11168, 0, 0, 0
26.1003, 1.01015, 0.239552, 0, 0, 0, 0, 0, 0, 0, 0, 1.11168, 0, 0, 0
26.1503, 1.01015, 0.239552, 0, 0, 0, 0, 0, 0, 0, 0, 1.11168, 0, 0, 0
26.2002, 1.01015, 0.239552, 0, 0, 0, 0, 0, 0, 0, 0, 1.11168, 0, 0, 0
26.2502, 1.01015, 0.239552, 0, 0, 0, 0, 0, 0, 0, 0, 1.11168, 0, 0, 0
26.3002, 1.01015, 0.239552, 0, 0, 0, 0, 0, 0, 0, 0, 1.11168, 0, 0, 0
26.3501, 1.01015, 0.239552, 0, 0, 0, 0, 0, 0, 0, 0, 1.11168, 0, 0, 0
26.4001, 1.01015, 0.239552, 0, 0, 0, 0, 0, 0, 0, 0, 1.11168, 0, 0, 0
26.4501, 1.01015, 0.239552, 0, 0, 0, 0, 0, 0, 0, 0, 1.11168, 0, 0, 0
26.5001, 1.01015, 0.239552, 0, 0, 0, 0, 0, 0, 0, 0, 1.11168, 0, 0, 0
26.55, 1.01015, 0.239552, 0, 0, 0, 0, 0, 0, 0, 0, 1.11168, 0, 0, 0
26.6, 1.01015, 0.239552, 0, 0, 0, 0, 0, 0, 0, 0, 1.11168, 0, 0, 0
26.65, 1.01015, 0.239552, 0, 0, 0, 0, 0, 0, 0, 0, 1.11168, 0, 0, 0
26.7, 1.01015, 0.239552, 0, 0, 0, 0, 0, 0, 0, 0, 1.11168, 0, 0, 0
26.7499, 1.01015, 0.239552, 0, 0, 0, 0, 0, 0, 0, 0, 1.11168, 0, 0, 0
26.7999, 1.01015, 0.239552, 0, 0, 0, 0, 0, 0, 0, 0, 1.11168, 0, 0, 0
26.8499, 1.01015, 0.239552, 0, 0, 0, 0, 0, 0, 0, 0, 1.11168, 0, 0, 0
26.8998, 1.01015, 0.239552, 0, 0, 0, 0, 0, 0, 0, 0, 1.11168, 0, 0, 0
26.9498, 1.01015, 0.239552, 0, 0, 0, 0, 0, 0, 0, 0, 1.11168, 0, 0, 0
26.9998, 1.01015, 0.239552, 0, 0, 0, 0, 0, 0, 0, 0, 1.11168, 0, 0, 0
27.0008, 1.01015, 0.239552, 0, 0, 0, 0, 0, 0, 0, 0, 1.11168, 0, 0, 0
27.0008, 1.01015, 0.239552, 0, 0, 0, 0, 0, 0, 0, 0, 1.11168, 0, 0, 0
27.0508, 1.01015, 0.239552, 0, 0, 0, 0, 0, 0, 0, 0, 1.11168, 0, 0, 0
27.1007, 1.01015, 0.239552, 0, 0, 0, 0, 0, 0, 0, 0, 1.11168, 0, 0, 0
27.1507, 1.01015, 0.239552, 0, 0, 0, 0, 0, 0, 0, 0, 1.11168, 0, 0, 0
27.2007, 1.01015, 0.239552, 0, 0, 0, 0, 0, 0, 0, 0, 1.11168, 0, 0, 0
27.2507, 1.01015, 0.239552, 0, 0, 0, 0, 0, 0, 0, 0, 1.11168, 0, 0, 0
27.3006, 1.01015, 0.239552, 0, 0, 0, 0, 0, 0, 0, 0, 1.11168, 0, 0, 0
27.3506, 1.01015, 0.239552, 0, 0, 0, 0, 0, 0, 0, 0, 1.11168, 0, 0, 0
27.4006, 1.01015, 0.239552, 0, 0, 0, 0, 0, 0, 0, 0, 1.11168, 0, 0, 0
27.4505, 1.01015, 0.239552, 0, 0, 0, 0, 0, 0, 0, 0, 1.11168, 0, 0, 0
27.5005, 1.01015, 0.239552, 0, 0, 0, 0, 0, 0, 0, 0, 1.11168, 0, 0, 0
27.5505, 1.01015, 0.239552, 0, 0, 0, 0, 0, 0, 0, 0, 1.11168, 0, 0, 0
27.6005, 1.01015, 0.239552, 0, 0, 0, 0, 0, 0, 0, 0, 1.11168, 0, 0, 0
27.6504, 1.01015, 0.239552, 0, 0, 0, 0, 0, 0, 0, 0, 1.11168, 0, 0, 0
27.7004, 1.01015, 0.239552, 0, 0, 0, 0, 0, 0, 0, 0, 1.11168, 0, 0, 0
27.7504, 1.01015, 0.239552, 0, 0, 0, 0, 0, 0, 0, 0, 1.11168, 0, 0, 0
27.8004, 1.01015, 0.239552, 0, 0, 0, 0, 0, 0, 0, 0, 1.11168, 0, 0, 0
27.8503, 1.01015, 0.239552, 0, 0, 0, 0, 0, 0, 0, 0, 1.11168, 0, 0, 0
27.9003, 1.01015, 0.239552, 0, 0, 0, 0, 0, 0, 0, 0, 1.11168, 0, 0, 0
27.9503, 1.01015, 0.239552, 0, 0, 0, 0, 0, 0, 0, 0, 1.11168, 0, 0, 0
28.0002, 1.01015, 0.239552, 0, 0, 0, 0, 0, 0, 0, 0, 1.11168, 0, 0, 0
28.0002, 1.01015, 0.239552, 0, 0, 0, 0, 0, 0, 0, 0, 1.11168, 0, 0, 0
28.0502, 1.01015, 0.239552, 0, 0, 0, 0, 0, 0, 0, 0, 1.11168, 0, 0, 0
28.1002, 1.01015, 0.239552, 0, 0, 0, 0, 0, 0, 0, 0, 1.11168, 0, 0, 0
28.1502, 1.01015, 0.239552, 0, 0, 0, 0, 0, 0, 0, 0, 1.11168, 0, 0, 0
28.2001, 1.01015, 0.239552, 0, 0, 0, 0, 0, 0, 0, 0, 1.11168, 0, 0, 0
28.2501, 1.01015, 0.239552, 0, 0, 0, 0, 0, 0, 0, 0, 1.11168, 0, 0, 0
28.3001, 1.01015, 0.239552, 0, 0, 0, 0, 0, 0, 0, 0, 1.11168, 0, 0, 0
28.35, 1.01015, 0.239552, 0, 0, 0, 0, 0, 0, 0, 0, 1.11168, 0, 0, 0
28.4, 1.01015, 0.239552, 0, 0, 0, 0, 0, 0, 0, 0, 1.11168, 0, 0, 0
28.45, 1.01015, 0.239552, 0, 0, 0, 0, 0, 0, 0, 0, 1.11168, 0, 0, 0
28.5, 1.01015, 0.239552, 0, 0, 0, 0, 0, 0, 0, 0, 1.11168, 0, 0, 0
28.5499, 1.01015, 0.239552, 0, 0, 0, 0, 0, 0, 0, 0, 1.11168, 0, 0, 0
28.5999, 1.01015, 0.239552, 0, 0, 0, 0, 0, 0, 0, 0, 1.11168, 0, 0, 0
28.6499, 1.01015, 0.239552, 0, 0, 0, 0, 0, 0, 0, 0, 1.11168, 0, 0, 0
28.6999, 1.01015, 0.239552, 0, 0, 0, 0, 0, 0, 0, 0, 1.11168, 0, 0, 0
28.7498, 1.01015, 0.239552, 0, 0, 0, 0, 0, 0, 0, 0, 1.11168, 0, 0, 0
28.7998, 1.01015, 0.239552, 0, 0, 0, 0, 0, 0, 0, 0, 1.11168, 0, 0, 0
28.8498, 1.01015, 0.239552, 0, 0, 0, 0, 0, 0, 0, 0, 1.11168, 0, 0, 0
28.8997, 1.01015, 0.239552, 0, 0, 0, 0, 0, 0, 0, 0, 1.11168, 0, 0, 0
28.9497, 1.01015, 0.239552, 0, 0, 0, 0, 0, 0, 0, 0, 1.11168, 0, 0, 0
28.9997, 1.01015, 0.239552, 0, 0, 0, 0, 0, 0, 0, 0, 1.11168, 0, 0, 0
29.0007, 1.01015, 0.239552, 0, 0, 0, 0, 0, 0, 0, 0, 1.11168, 0, 0, 0
29.0007, 1.01015, 0.239552, 0, 0, 0, 0, 0, 0, 0, 0, 1.11168, 0, 0, 0
29.0507, 1.01015, 0.239552, 0, 0, 0, 0, 0, 0, 0, 0, 1.11168, 0, 0, 0
29.1006, 1.01015, 0.239552, 0, 0, 0, 0, 0, 0, 0, 0, 1.11168, 0, 0, 0
29.1506, 1.01015, 0.239552, 0, 0, 0, 0, 0, 0, 0, 0, 1.11168, 0, 0, 0
29.2006, 1.01015, 0.239552, 0, 0, 0, 0, 0, 0, 0, 0, 1.11168, 0, 0, 0
29.2506, 1.01015, 0.239552, 0, 0, 0, 0, 0, 0, 0, 0, 1.11168, 0, 0, 0
29.3005, 1.01015, 0.239552, 0, 0, 0, 0, 0, 0, 0, 0, 1.11168, 0, 0, 0
29.3505, 1.01015, 0.239552, 0, 0, 0, 0, 0, 0, 0, 0, 1.11168, 0, 0, 0
29.4005, 1.01015, 0.239552, 0, 0, 0, 0, 0, 0, 0, 0, 1.11168, 0, 0, 0
29.4504, 1.01015, 0.239552, 0, 0, 0, 0, 0, 0, 0, 0, 1.11168, 0, 0, 0
29.5004, 1.01015, 0.239552, 0, 0, 0, 0, 0, 0, 0, 0, 1.11168, 0, 0, 0
29.5504, 1.01015, 0.239552, 0, 0, 0, 0, 0, 0, 0, 0, 1.11168, 0, 0, 0
29.6004, 1.01015, 0.239552, 0, 0, 0, 0, 0, 0, 0, 0, 1.11168, 0, 0, 0
29.6503, 1.01015, 0.239552, 0, 0, 0, 0, 0, 0, 0, 0, 1.11168, 0, 0, 0
29.7003, 1.01015, 0.239552, 0, 0, 0, 0, 0, 0, 0, 0, 1.11168, 0, 0, 0
29.7503, 1.01015, 0.239552, 0, 0, 0, 0, 0, 0, 0, 0, 1.11168, 0, 0, 0
29.8003, 1.01015, 0.239552, 0, 0, 0, 0, 0, 0, 0, 0, 1.11168, 0, 0, 0
29.8502, 1.01015, 0.239552, 0, 0, 0, 0, 0, 0, 0, 0, 1.11168, 0, 0, 0
29.9002, 1.01015, 0.239552, 0, 0, 0, 0, 0, 0, 0, 0, 1.11168, 0, 0, 0
29.9502, 1.01015, 0.239552, 0, 0, 0, 0, 0, 0, 0, 0, 1.11168, 0, 0, 0
30.0001, 1.01015, 0.239552, 0, 0, 0, 0, 0, 0, 0, 0, 1.11168, 0, 0, 0
30.0001, 1.01015, 0.239552, 0, 0, 0, 0, 0, 0, 0, 0, 1.11168, 0, 0, 0
30.0501, 1.01015, 0.239552, 0, 0, 0, 0, 0, 0, 0, 0, 1.11168, 0, 0, 0
30.1001, 1.01015, 0.239552, 0, 0, 0, 0, 0, 0, 0, 0, 1.11168, 0, 0, 0
30.1501, 1.01015, 0.239552, 0, 0, 0, 0, 0, 0, 0, 0, 1.11168, 0, 0, 0
30.2, 1.01015, 0.239552, 0, 0, 0, 0, 0, 0, 0, 0, 1.11168, 0, 0, 0
30.25, 1.01015, 0.239552, 0, 0, 0, 0, 0, 0, 0, 0, 1.11168, 0, 0, 0
30.3, 1.01015, 0.239552, 0, 0, 0, 0, 0, 0, 0, 0, 1.11168, 0, 0, 0
30.3499, 1.01015, 0.239552, 0, 0, 0, 0, 0, 0, 0, 0, 1.11168, 0, 0, 0
30.3999, 1.01015, 0.239552, 0, 0, 0, 0, 0, 0, 0, 0, 1.11168, 0, 0, 0
30.4499, 1.01015, 0.239552, 0, 0, 0, 0, 0, 0, 0, 0, 1.11168, 0, 0, 0
30.4999, 1.01015, 0.239552, 0, 0, 0, 0, 0, 0, 0, 0, 1.11168, 0, 0, 0
30.5498, 1.01015, 0.239552, 0, 0, 0, 0, 0, 0, 0, 0, 1.11168, 0, 0, 0
30.5998, 1.01015, 0.239552, 0, 0, 0, 0, 0, 0, 0, 0, 1.11168, 0, 0, 0
30.6498, 1.01015, 0.239552, 0, 0, 0, 0, 0, 0, 0, 0, 1.11168, 0, 0, 0
30.6998, 1.01015, 0.239552, 0, 0, 0, 0, 0, 0, 0, 0, 1.11168, 0, 0, 0
30.7497, 1.01015, 0.239552, 0, 0, 0, 0, 0, 0, 0, 0, 1.11168, 0, 0, 0
30.7997, 1.01015, 0.239552, 0, 0, 0, 0, 0, 0, 0, 0, 1.11168, 0, 0, 0
30.8497, 1.01015, 0.239552, 0, 0, 0, 0, 0, 0, 0, 0, 1.11168, 0, 0, 0
30.8996, 1.01015, 0.239552, 0, 0, 0, 0, 0, 0, 0, 0, 1.11168, 0, 0, 0
30.9496, 1.01015, 0.239552, 0, 0, 0, 0, 0, 0, 0, 0, 1.11168, 0, 0, 0
30.9996, 1.01015, 0.239552, 0, 0, 0, 0, 0, 0, 0, 0, 1.11168, 0, 0, 0
31.0006, 1.01015, 0.239552, 0, 0, 0, 0, 0, 0, 0, 0, 1.11168, 0, 0, 0
31.0006, 1.01015, 0.239552, 0, 0, 0, 0, 0, 0, 0, 0, 1.11168, 0, 0, 0
31.0506, 1.01015, 0.239552, 0, 0, 0, 0, 0, 0, 0, 0, 1.11168, 0, 0, 0
31.1005, 1.01015, 0.239552, 0, 0, 0, 0, 0, 0, 0, 0, 1.11168, 0, 0, 0
31.1505, 1.01015, 0.239552, 0, 0, 0, 0, 0, 0, 0, 0, 1.11168, 0, 0, 0
31.2005, 1.01015, 0.239552, 0, 0, 0, 0, 0, 0, 0, 0, 1.11168, 0, 0, 0
31.2505, 1.01015, 0.239552, 0, 0, 0, 0, 0, 0, 0, 0, 1.11168, 0, 0, 0
31.3004, 1.01015, 0.239552, 0, 0, 0, 0, 0, 0, 0, 0, 1.11168, 0, 0, 0
31.3504, 1.01015, 0.239552, 0, 0, 0, 0, 0, 0, 0, 0, 1.11168, 0, 0, 0
31.4004, 1.01015, 0.239552, 0, 0, 0, 0, 0, 0, 0, 0, 1.11168, 0, 0, 0
31.4503, 1.01015, 0.239552, 0, 0, 0, 0, 0, 0, 0, 0, 1.11168, 0, 0, 0
31.5003, 1.01015, 0.239552, 0, 0, 0, 0, 0, 0, 0, 0, 1.11168, 0, 0, 0
31.5503, 1.01015, 0.239552, 0, 0, 0, 0, 0, 0, 0, 0, 1.11168, 0, 0, 0
31.6003, 1.01015, 0.239552, 0, 0, 0, 0, 0, 0, 0, 0, 1.11168, 0, 0, 0
31.6502, 1.01015, 0.239552, 0, 0, 0, 0, 0, 0, 0, 0, 1.11168, 0, 0, 0
31.7002, 1.01015, 0.239552, 0, 0, 0, 0, 0, 0, 0, 0, 1.11168, 0, 0, 0
31.7502, 1.01015, 0.239552, 0, 0, 0, 0, 0, 0, 0, 0, 1.11168, 0, 0, 0
31.8002, 1.01015, 0.239552, 0, 0, 0, 0, 0, 0, 0, 0, 1.11168, 0, 0, 0
31.8501, 1.01015, 0.239552, 0, 0, 0, 0, 0, 0, 0, 0, 1.11168, 0, 0, 0
31.9001, 1.01015, 0.239552, 0, 0, 0, 0, 0, 0, 0, 0, 1.11168, 0, 0, 0
31.9501, 1.01015, 0.239552, 0, 0, 0, 0, 0, 0, 0, 0, 1.11168, 0, 0, 0
32, 1.01015, 0.239552, 0, 0, 0, 0, 0, 0, 0, 0, 1.11168, 0, 0, 0
32, 1.01015, 0.239552, 0, 0, 0, 0, 0, 0, 0, 0, 1.11168, 0, 0, 0
32.05, 1.01015, 0.239552, 0, 0, 0, 0, 0, 0, 0, 0, 1.11168, 0, 0, 0
32.1, 1.01015, 0.239552, 0, 0, 0, 0, 0, 0, 0, 0, 1.11168, 0, 0, 0
32.15, 1.01015, 0.239552, 0, 0, 0, 0, 0, 0, 0, 0, 1.11168, 0, 0, 0
32.1999, 1.01015, 0.239552, 0, 0, 0, 0, 0, 0, 0, 0, 1.11168, 0, 0, 0
32.2499, 1.01015, 0.239552, 0, 0, 0, 0, 0, 0, 0, 0, 1.11168, 0, 0, 0
32.2999, 1.01015, 0.239552, 0, 0, 0, 0, 0, 0, 0, 0, 1.11168, 0, 0, 0
32.3498, 1.01015, 0.239552, 0, 0, 0, 0, 0, 0, 0, 0, 1.11168, 0, 0, 0
32.3998, 1.01015, 0.239552, 0, 0, 0, 0, 0, 0, 0, 0, 1.11168, 0, 0, 0
32.4498, 1.01015, 0.239552, 0, 0, 0, 0, 0, 0, 0, 0, 1.11168, 0, 0, 0
32.4998, 1.01015, 0.239552, 0, 0, 0, 0, 0, 0, 0, 0, 1.11168, 0, 0, 0
32.5497, 1.01015, 0.239552, 0, 0, 0, 0, 0, 0, 0, 0, 1.11168, 0, 0, 0
32.5997, 1.01015, 0.239552, 0, 0, 0, 0, 0, 0, 0, 0, 1.11168, 0, 0, 0
32.6497, 1.01015, 0.239552, 0, 0, 0, 0, 0, 0, 0, 0, 1.11168, 0, 0, 0
32.6997, 1.01015, 0.239552, 0, 0, 0, 0, 0, 0, 0, 0, 1.11168, 0, 0, 0
32.7496, 1.01015, 0.239552, 0, 0, 0, 0, 0, 0, 0, 0, 1.11168, 0, 0, 0
32.7996, 1.01015, 0.239552, 0, 0, 0, 0, 0, 0, 0, 0, 1.11168, 0, 0, 0
32.8496, 1.01015, 0.239552, 0, 0, 0, 0, 0, 0, 0, 0, 1.11168, 0, 0, 0
32.8995, 1.01015, 0.239552, 0, 0, 0, 0, 0, 0, 0, 0, 1.11168, 0, 0, 0
32.9495, 1.01015, 0.239552, 0, 0, 0, 0, 0, 0, 0, 0, 1.11168, 0, 0, 0
32.9995, 1.01015, 0.239552, 0, 0, 0, 0, 0, 0, 0, 0, 1.11168, 0, 0, 0
33.0005, 1.01015, 0.239552, 0, 0, 0, 0, 0, 0, 0, 0, 1.11168, 0, 0, 0
33.0005, 1.01015, 0.239552, 0, 0, 0, 0, 0, 0, 0, 0, 1.11168, 0, 0, 0
33.0505, 1.01015, 0.239552, 0, 0, 0, 0, 0, 0, 0, 0, 1.11168, 0, 0, 0
33.1004, 1.01015, 0.239552, 0, 0, 0, 0, 0, 0, 0, 0, 1.11168, 0, 0, 0
33.1504, 1.01015, 0.239552, 0, 0, 0, 0, 0, 0, 0, 0, 1.11168, 0, 0, 0
33.2004, 1.01015, 0.239552, 0, 0, 0, 0, 0, 0, 0, 0, 1.11168, 0, 0, 0
33.2504, 1.01015, 0.239552, 0, 0, 0, 0, 0, 0, 0, 0, 1.11168, 0, 0, 0
33.3003, 1.01015, 0.239552, 0, 0, 0, 0, 0, 0, 0, 0, 1.11168, 0, 0, 0
33.3503, 1.01015, 0.239552, 0, 0, 0, 0, 0, 0, 0, 0, 1.11168, 0, 0, 0
33.4003, 1.01015, 0.239552, 0, 0, 0, 0, 0, 0, 0, 0, 1.11168, 0, 0, 0
33.4502, 1.01015, 0.239552, 0, 0, 0, 0, 0, 0, 0, 0, 1.11168, 0, 0, 0
33.5002, 1.01015, 0.239552, 0, 0, 0, 0, 0, 0, 0, 0, 1.11168, 0, 0, 0
33.5502, 1.01015, 0.239552, 0, 0, 0, 0, 0, 0, 0, 0, 1.11168, 0, 0, 0
33.6002, 1.01015, 0.239552, 0, 0, 0, 0, 0, 0, 0, 0, 1.11168, 0, 0, 0
33.6501, 1.01015, 0.239552, 0, 0, 0, 0, 0, 0, 0, 0, 1.11168, 0, 0, 0
33.7001, 1.01015, 0.239552, 0, 0, 0, 0, 0, 0, 0, 0, 1.11168, 0, 0, 0
33.7501, 1.01015, 0.239552, 0, 0, 0, 0, 0, 0, 0, 0, 1.11168, 0, 0, 0
33.8001, 1.01015, 0.239552, 0, 0, 0, 0, 0, 0, 0, 0, 1.11168, 0, 0, 0
33.85, 1.01015, 0.239552, 0, 0, 0, 0, 0, 0, 0, 0, 1.11168, 0, 0, 0
33.9, 1.01015, 0.239552, 0, 0, 0, 0, 0, 0, 0, 0, 1.11168, 0, 0, 0
33.95, 1.01015, 0.239552, 0, 0, 0, 0, 0, 0, 0, 0, 1.11168, 0, 0, 0
33.9999, 1.01015, 0.239552, 0, 0, 0, 0, 0, 0, 0, 0, 1.11168, 0, 0, 0
34.0009, 1.01015, 0.239552, 0, 0, 0, 0, 0, 0, 0, 0, 1.11168, 0, 0, 0
34.0009, 1.01015, 0.239552, 0, 0, 0, 0, 0, 0, 0, 0, 1.11168, 0, 0, 0
34.0509, 1.01015, 0.239552, 0, 0, 0, 0, 0, 0, 0, 0, 1.11168, 0, 0, 0
34.1009, 1.01015, 0.239552, 0, 0, 0, 0, 0, 0, 0, 0, 1.11168, 0, 0, 0
34.1509, 1.01015, 0.239552, 0, 0, 0, 0, 0, 0, 0, 0, 1.11168, 0, 0, 0
34.2008, 1.01015, 0.239552, 0, 0, 0, 0, 0, 0, 0, 0, 1.11168, 0, 0, 0
34.2508, 1.01015, 0.239552, 0, 0, 0, 0, 0, 0, 0, 0, 1.11168, 0, 0, 0
34.3008, 1.01015, 0.239552, 0, 0, 0, 0, 0, 0, 0, 0, 1.11168, 0, 0, 0
34.3507, 1.01015, 0.239552, 0, 0, 0, 0, 0, 0, 0, 0, 1.11168, 0, 0, 0
34.4007, 1.01015, 0.239552, 0, 0, 0, 0, 0, 0, 0, 0, 1.11168, 0, 0, 0
34.4507, 1.01015, 0.239552, 0, 0, 0, 0, 0, 0, 0, 0, 1.11168, 0, 0, 0
34.5007, 1.01015, 0.239552, 0, 0, 0, 0, 0, 0, 0, 0, 1.11168, 0, 0, 0
34.5506, 1.01015, 0.239552, 0, 0, 0, 0, 0, 0, 0, 0, 1.11168, 0, 0, 0
34.6006, 1.01015, 0.239552, 0, 0, 0, 0, 0, 0, 0, 0, 1.11168, 0, 0, 0
34.6506, 1.01015, 0.239552, 0, 0, 0, 0, 0, 0, 0, 0, 1.11168, 0, 0, 0
34.7006, 1.01015, 0.239552, 0, 0, 0, 0, 0, 0, 0, 0, 1.11168, 0, 0, 0
34.7505, 1.01015, 0.239552, 0, 0, 0, 0, 0, 0, 0, 0, 1.11168, 0, 0, 0
34.8005, 1.01015, 0.239552, 0, 0, 0, 0, 0, 0, 0, 0, 1.11168, 0, 0, 0
34.8505, 1.01015, 0.239552, 0, 0, 0, 0, 0, 0, 0, 0, 1.11168, 0, 0, 0
34.9004, 1.01015, 0.239552, 0, 0, 0, 0, 0, 0, 0, 0, 1.11168, 0, 0, 0
34.9504, 1.01015, 0.239552, 0, 0, 0, 0, 0, 0, 0, 0, 1.11168, 0, 0, 0
35.0004, 1.01015, 0.239552, 0, 0, 0, 0, 0, 0, 0, 0, 1.11168, 0, 0, 0
35.0004, 1.01015, 0.239552, 0, 0, 0, 0, 0, 0, 0, 0, 1.11168, 0, 0, 0
35.0504, 1.01015, 0.239552, 0, 0, 0, 0, 0, 0, 0, 0, 1.11168, 0, 0, 0
35.1003, 1.01015, 0.239552, 0, 0, 0, 0, 0, 0, 0, 0, 1.11168, 0, 0, 0
35.1503, 1.01015, 0.239552, 0, 0, 0, 0, 0, 0, 0, 0, 1.11168, 0, 0, 0
35.2003, 1.01015, 0.239552, 0, 0, 0, 0, 0, 0, 0, 0, 1.11168, 0, 0, 0
35.2503, 1.01015, 0.239552, 0, 0, 0, 0, 0, 0, 0, 0, 1.11168, 0, 0, 0
35.3002, 1.01015, 0.239552, 0, 0, 0, 0, 0, 0, 0, 0, 1.11168, 0, 0, 0
35.3502, 1.01015, 0.239552, 0, 0, 0, 0, 0, 0, 0, 0, 1.11168, 0, 0, 0
35.4002, 1.01015, 0.239552, 0, 0, 0, 0, 0, 0, 0, 0, 1.11168, 0, 0, 0
35.4501, 1.01015, 0.239552, 0, 0, 0, 0, 0, 0, 0, 0, 1.11168, 0, 0, 0
35.5001, 1.01015, 0.239552, 0, 0, 0, 0, 0, 0, 0, 0, 1.11168, 0, 0, 0
35.5501, 1.01015, 0.239552, 0, 0, 0, 0, 0, 0, 0, 0, 1.11168, 0, 0, 0
35.6001, 1.01015, 0.239552, 0, 0, 0, 0, 0, 0, 0, 0, 1.11168, 0, 0, 0
35.65, 1.01015, 0.239552, 0, 0, 0, 0, 0, 0, 0, 0, 1.11168, 0, 0, 0
35.7, 1.01015, 0.239552, 0, 0, 0, 0, 0, 0, 0, 0, 1.11168, 0, 0, 0
35.75, 1.01015, 0.239552, 0, 0, 0, 0, 0, 0, 0, 0, 1.11168, 0, 0, 0
35.8, 1.01015, 0.239552, 0, 0, 0, 0, 0, 0, 0, 0, 1.11168, 0, 0, 0
35.8499, 1.01015, 0.239552, 0, 0, 0, 0, 0, 0, 0, 0, 1.11168, 0, 0, 0
35.8999, 1.01015, 0.239552, 0, 0, 0, 0, 0, 0, 0, 0, 1.11168, 0, 0, 0
35.9499, 1.01015, 0.239552, 0, 0, 0, 0, 0, 0, 0, 0, 1.11168, 0, 0, 0
35.9998, 1.01015, 0.239552, 0, 0, 0, 0, 0, 0, 0, 0, 1.11168, 0, 0, 0
36.0008, 1.01015, 0.239552, 0, 0, 0, 0, 0, 0, 0, 0, 1.11168, 0, 0, 0
36.0008, 1.01015, 0.239552, 0, 0, 0, 0, 0, 0, 0, 0, 1.11168, 0, 0, 0
36.0508, 1.01015, 0.239552, 0, 0, 0, 0, 0, 0, 0, 0, 1.11168, 0, 0, 0
36.1008, 1.01015, 0.239552, 0, 0, 0, 0, 0, 0, 0, 0, 1.11168, 0, 0, 0
36.1508, 1.01015, 0.239552, 0, 0, 0, 0, 0, 0, 0, 0, 1.11168, 0, 0, 0
36.2007, 1.01015, 0.239552, 0, 0, 0, 0, 0, 0, 0, 0, 1.11168, 0, 0, 0
36.2507, 1.01015, 0.239552, 0, 0, 0, 0, 0, 0, 0, 0, 1.11168, 0, 0, 0
36.3007, 1.01015, 0.239552, 0, 0, 0, 0, 0, 0, 0, 0, 1.11168, 0, 0, 0
36.3507, 1.01015, 0.239552, 0, 0, 0, 0, 0, 0, 0, 0, 1.11168, 0, 0, 0
36.4006, 1.01015, 0.239552, 0, 0, 0, 0, 0, 0, 0, 0, 1.11168, 0, 0, 0
36.4506, 1.01015, 0.239552, 0, 0, 0, 0, 0, 0, 0, 0, 1.11168, 0, 0, 0
36.5006, 1.01015, 0.239552, 0, 0, 0, 0, 0, 0, 0, 0, 1.11168, 0, 0, 0
36.5505, 1.01015, 0.239552, 0, 0, 0, 0, 0, 0, 0, 0, 1.11168, 0, 0, 0
36.6005, 1.01015, 0.239552, 0, 0, 0, 0, 0, 0, 0, 0, 1.11168, 0, 0, 0
36.6505, 1.01015, 0.239552, 0, 0, 0, 0, 0, 0, 0, 0, 1.11168, 0, 0, 0
36.7005, 1.01015, 0.239552, 0, 0, 0, 0, 0, 0, 0, 0, 1.11168, 0, 0, 0
36.7504, 1.01015, 0.239552, 0, 0, 0, 0, 0, 0, 0, 0, 1.11168, 0, 0, 0
36.8004, 1.01015, 0.239552, 0, 0, 0, 0, 0, 0, 0, 0, 1.11168, 0, 0, 0
36.8504, 1.01015, 0.239552, 0, 0, 0, 0, 0, 0, 0, 0, 1.11168, 0, 0, 0
36.9003, 1.01015, 0.239552, 0, 0, 0, 0, 0, 0, 0, 0, 1.11168, 0, 0, 0
36.9503, 1.01015, 0.239552, 0, 0, 0, 0, 0, 0, 0, 0, 1.11168, 0, 0, 0
37.0003, 1.01015, 0.239552, 0, 0, 0, 0, 0, 0, 0, 0, 1.11168, 0, 0, 0
37.0003, 1.01015, 0.239552, 0, 0, 0, 0, 0, 0, 0, 0, 1.11168, 0, 0, 0
37.0503, 1.01015, 0.239552, 0, 0, 0, 0, 0, 0, 0, 0, 1.11168, 0, 0, 0
37.1002, 1.01015, 0.239552, 0, 0, 0, 0, 0, 0, 0, 0, 1.11168, 0, 0, 0
37.1502, 1.01015, 0.239552, 0, 0, 0, 0, 0, 0, 0, 0, 1.11168, 0, 0, 0
37.2002, 1.01015, 0.239552, 0, 0, 0, 0, 0, 0, 0, 0, 1.11168, 0, 0, 0
37.2502, 1.01015, 0.239552, 0, 0, 0, 0, 0, 0, 0, 0, 1.11168, 0, 0, 0
37.3001, 1.01015, 0.239552, 0, 0, 0, 0, 0, 0, 0, 0, 1.11168, 0, 0, 0
37.3501, 1.01015, 0.239552, 0, 0, 0, 0, 0, 0, 0, 0, 1.11168, 0, 0, 0
37.4001, 1.01015, 0.239552, 0, 0, 0, 0, 0, 0, 0, 0, 1.11168, 0, 0, 0
37.45, 1.01015, 0.239552, 0, 0, 0, 0, 0, 0, 0, 0, 1.11168, 0, 0, 0
37.5, 1.01015, 0.239552, 0, 0, 0, 0, 0, 0, 0, 0, 1.11168, 0, 0, 0
37.55, 1.01015, 0.239552, 0, 0, 0, 0, 0, 0, 0, 0, 1.11168, 0, 0, 0
37.6, 1.01015, 0.239552, 0, 0, 0, 0, 0, 0, 0, 0, 1.11168, 0, 0, 0
37.6499, 1.01015, 0.239552, 0, 0, 0, 0, 0, 0, 0, 0, 1.11168, 0, 0, 0
37.6999, 1.01015, 0.239552, 0, 0, 0, 0, 0, 0, 0, 0, 1.11168, 0, 0, 0
37.7499, 1.01015, 0.239552, 0, 0, 0, 0, 0, 0, 0, 0, 1.11168, 0, 0, 0
37.7999, 1.01015, 0.239552, 0, 0, 0, 0, 0, 0, 0, 0, 1.11168, 0, 0, 0
37.8498, 1.01015, 0.239552, 0, 0, 0, 0, 0, 0, 0, 0, 1.11168, 0, 0, 0
37.8998, 1.01015, 0.239552, 0, 0, 0, 0, 0, 0, 0, 0, 1.11168, 0, 0, 0
37.9498, 1.01015, 0.239552, 0, 0, 0, 0, 0, 0, 0, 0, 1.11168, 0, 0, 0
37.9997, 1.01015, 0.239552, 0, 0, 0, 0, 0, 0, 0, 0, 1.11168, 0, 0, 0
38.0007, 1.01015, 0.239552, 0, 0, 0, 0, 0, 0, 0, 0, 1.11168, 0, 0, 0
38.0007, 1.01015, 0.239552, 0, 0, 0, 0, 0, 0, 0, 0, 1.11168, 0, 0, 0
38.0507, 1.01015, 0.239552, 0, 0, 0, 0, 0, 0, 0, 0, 1.11168, 0, 0, 0
38.1007, 1.01015, 0.239552, 0, 0, 0, 0, 0, 0, 0, 0, 1.11168, 0, 0, 0
38.1507, 1.01015, 0.239552, 0, 0, 0, 0, 0, 0, 0, 0, 1.11168, 0, 0, 0
38.2006, 1.01015, 0.239552, 0, 0, 0, 0, 0, 0, 0, 0, 1.11168, 0, 0, 0
38.2506, 1.01015, 0.239552, 0, 0, 0, 0, 0, 0, 0, 0, 1.11168, 0, 0, 0
38.3006, 1.01015, 0.239552, 0, 0, 0, 0, 0, 0, 0, 0, 1.11168, 0, 0, 0
38.3506, 1.01015, 0.239552, 0, 0, 0, 0, 0, 0, 0, 0, 1.11168, 0, 0, 0
38.4005, 1.01015, 0.239552, 0, 0, 0, 0, 0, 0, 0, 0, 1.11168, 0, 0, 0
38.4505, 1.01015, 0.239552, 0, 0, 0, 0, 0, 0, 0, 0, 1.11168, 0, 0, 0
38.5005, 1.01015, 0.239552, 0, 0, 0, 0, 0, 0, 0, 0, 1.11168, 0, 0, 0
38.5504, 1.01015, 0.239552, 0, 0, 0, 0, 0, 0, 0, 0, 1.11168, 0, 0, 0
38.6004, 1.01015, 0.239552, 0, 0, 0, 0, 0, 0, 0, 0, 1.11168, 0, 0, 0
38.6504, 1.01015, 0.239552, 0, 0, 0, 0, 0, 0, 0, 0, 1.11168, 0, 0, 0
38.7004, 1.01015, 0.239552, 0, 0, 0, 0, 0, 0, 0, 0, 1.11168, 0, 0, 0
38.7503, 1.01015, 0.239552, 0, 0, 0, 0, 0, 0, 0, 0, 1.11168, 0, 0, 0
38.8003, 1.01015, 0.239552, 0, 0, 0, 0, 0, 0, 0, 0, 1.11168, 0, 0, 0
38.8503, 1.01015, 0.239552, 0, 0, 0, 0, 0, 0, 0, 0, 1.11168, 0, 0, 0
38.9002, 1.01015, 0.239552, 0, 0, 0, 0, 0, 0, 0, 0, 1.11168, 0, 0, 0
38.9502, 1.01015, 0.239552, 0, 0, 0, 0, 0, 0, 0, 0, 1.11168, 0, 0, 0
39.0002, 1.01015, 0.239552, 0, 0, 0, 0, 0, 0, 0, 0, 1.11168, 0, 0, 0
39.0002, 1.01015, 0.239552, 0, 0, 0, 0, 0, 0, 0, 0, 1.11168, 0, 0, 0
39.0502, 1.01015, 0.239552, 0, 0, 0, 0, 0, 0, 0, 0, 1.11168, 0, 0, 0
39.1001, 1.01015, 0.239552, 0, 0, 0, 0, 0, 0, 0, 0, 1.11168, 0, 0, 0
39.1501, 1.01015, 0.239552, 0, 0, 0, 0, 0, 0, 0, 0, 1.11168, 0, 0, 0
39.2001, 1.01015, 0.239552, 0, 0, 0, 0, 0, 0, 0, 0, 1.11168, 0, 0, 0
39.2501, 1.01015, 0.239552, 0, 0, 0, 0, 0, 0, 0, 0, 1.11168, 0, 0, 0
39.3, 1.01015, 0.239552, 0, 0, 0, 0, 0, 0, 0, 0, 1.11168, 0, 0, 0
39.35, 1.01015, 0.239552, 0, 0, 0, 0, 0, 0, 0, 0, 1.11168, 0, 0, 0
39.4, 1.01015, 0.239552, 0, 0, 0, 0, 0, 0, 0, 0, 1.11168, 0, 0, 0
39.4499, 1.01015, 0.239552, 0, 0, 0, 0, 0, 0, 0, 0, 1.11168, 0, 0, 0
39.4999, 1.01015, 0.239552, 0, 0, 0, 0, 0, 0, 0, 0, 1.11168, 0, 0, 0
39.5499, 1.01015, 0.239552, 0, 0, 0, 0, 0, 0, 0, 0, 1.11168, 0, 0, 0
39.5999, 1.01015, 0.239552, 0, 0, 0, 0, 0, 0, 0, 0, 1.11168, 0, 0, 0
39.6498, 1.01015, 0.239552, 0, 0, 0, 0, 0, 0, 0, 0, 1.11168, 0, 0, 0
39.6998, 1.01015, 0.239552, 0, 0, 0, 0, 0, 0, 0, 0, 1.11168, 0, 0, 0
39.7498, 1.01015, 0.239552, 0, 0, 0, 0, 0, 0, 0, 0, 1.11168, 0, 0, 0
39.7998, 1.01015, 0.239552, 0, 0, 0, 0, 0, 0, 0, 0, 1.11168, 0, 0, 0
39.8497, 1.01015, 0.239552, 0, 0, 0, 0, 0, 0, 0, 0, 1.11168, 0, 0, 0
39.8997, 1.01015, 0.239552, 0, 0, 0, 0, 0, 0, 0, 0, 1.11168, 0, 0, 0
39.9497, 1.01015, 0.239552, 0, 0, 0, 0, 0, 0, 0, 0, 1.11168, 0, 0, 0
39.9996, 1.01015, 0.239552, 0, 0, 0, 0, 0, 0, 0, 0, 1.11168, 0, 0, 0
40.0006, 1.01015, 0.239552, 0, 0, 0, 0, 0, 0, 0, 0, 1.11168, 0, 0, 0
40.0006, 1.01015, 0.239552, 0, 0, 0, 0, 0, 0, 0, 0, 1.11168, 0, 0, 0
40.0506, 1.01015, 0.239552, 0, 0, 0, 0, 0, 0, 0, 0, 1.11168, 0, 0, 0
40.1006, 1.01015, 0.239552, 0, 0, 0, 0, 0, 0, 0, 0, 1.11168, 0, 0, 0
40.1506, 1.01015, 0.239552, 0, 0, 0, 0, 0, 0, 0, 0, 1.11168, 0, 0, 0
40.2005, 1.01015, 0.239552, 0, 0, 0, 0, 0, 0, 0, 0, 1.11168, 0, 0, 0
40.2505, 1.01015, 0.239552, 0, 0, 0, 0, 0, 0, 0, 0, 1.11168, 0, 0, 0
40.3005, 1.01015, 0.239552, 0, 0, 0, 0, 0, 0, 0, 0, 1.11168, 0, 0, 0
40.3505, 1.01015, 0.239552, 0, 0, 0, 0, 0, 0, 0, 0, 1.11168, 0, 0, 0
40.4004, 1.01015, 0.239552, 0, 0, 0, 0, 0, 0, 0, 0, 1.11168, 0, 0, 0
40.4504, 1.01015, 0.239552, 0, 0, 0, 0, 0, 0, 0, 0, 1.11168, 0, 0, 0
40.5004, 1.01015, 0.239552, 0, 0, 0, 0, 0, 0, 0, 0, 1.11168, 0, 0, 0
40.5503, 1.01015, 0.239552, 0, 0, 0, 0, 0, 0, 0, 0, 1.11168, 0, 0, 0
40.6003, 1.01015, 0.239552, 0, 0, 0, 0, 0, 0, 0, 0, 1.11168, 0, 0, 0
40.6503, 1.01015, 0.239552, 0, 0, 0, 0, 0, 0, 0, 0, 1.11168, 0, 0, 0
40.7003, 1.01015, 0.239552, 0, 0, 0, 0, 0, 0, 0, 0, 1.11168, 0, 0, 0
40.7502, 1.01015, 0.239552, 0, 0, 0, 0, 0, 0, 0, 0, 1.11168, 0, 0, 0
40.8002, 1.01015, 0.239552, 0, 0, 0, 0, 0, 0, 0, 0, 1.11168, 0, 0, 0
40.8502, 1.01015, 0.239552, 0, 0, 0, 0, 0, 0, 0, 0, 1.11168, 0, 0, 0
40.9002, 1.01015, 0.239552, 0, 0, 0, 0, 0, 0, 0, 0, 1.11168, 0, 0, 0
40.9501, 1.01015, 0.239552, 0, 0, 0, 0, 0, 0, 0, 0, 1.11168, 0, 0, 0
41.0001, 1.01015, 0.239552, 0, 0, 0, 0, 0, 0, 0, 0, 1.11168, 0, 0, 0
41.0001, 1.01015, 0.239552, 0, 0, 0, 0, 0, 0, 0, 0, 1.11168, 0, 0, 0
41.0501, 1.01015, 0.239552, 0, 0, 0, 0, 0, 0, 0, 0, 1.11168, 0, 0, 0
41.1, 1.01015, 0.239552, 0, 0, 0, 0, 0, 0, 0, 0, 1.11168, 0, 0, 0
41.15, 1.01015, 0.239552, 0, 0, 0, 0, 0, 0, 0, 0, 1.11168, 0, 0, 0
41.2, 1.01015, 0.239552, 0, 0, 0, 0, 0, 0, 0, 0, 1.11168, 0, 0, 0
41.25, 1.01015, 0.239552, 0, 0, 0, 0, 0, 0, 0, 0, 1.11168, 0, 0, 0
41.2999, 1.01015, 0.239552, 0, 0, 0, 0, 0, 0, 0, 0, 1.11168, 0, 0, 0
41.3499, 1.01015, 0.239552, 0, 0, 0, 0, 0, 0, 0, 0, 1.11168, 0, 0, 0
41.3999, 1.01015, 0.239552, 0, 0, 0, 0, 0, 0, 0, 0, 1.11168, 0, 0, 0
41.4498, 1.01015, 0.239552, 0, 0, 0, 0, 0, 0, 0, 0, 1.11168, 0, 0, 0
41.4998, 1.01015, 0.239552, 0, 0, 0, 0, 0, 0, 0, 0, 1.11168, 0, 0, 0
41.5498, 1.01015, 0.239552, 0, 0, 0, 0, 0, 0, 0, 0, 1.11168, 0, 0, 0
41.5998, 1.01015, 0.239552, 0, 0, 0, 0, 0, 0, 0, 0, 1.11168, 0, 0, 0
41.6497, 1.01015, 0.239552, 0, 0, 0, 0, 0, 0, 0, 0, 1.11168, 0, 0, 0
41.6997, 1.01015, 0.239552, 0, 0, 0, 0, 0, 0, 0, 0, 1.11168, 0, 0, 0
41.7497, 1.01015, 0.239552, 0, 0, 0, 0, 0, 0, 0, 0, 1.11168, 0, 0, 0
41.7997, 1.01015, 0.239552, 0, 0, 0, 0, 0, 0, 0, 0, 1.11168, 0, 0, 0
41.8496, 1.01015, 0.239552, 0, 0, 0, 0, 0, 0, 0, 0, 1.11168, 0, 0, 0
41.8996, 1.01015, 0.239552, 0, 0, 0, 0, 0, 0, 0, 0, 1.11168, 0, 0, 0
41.9496, 1.01015, 0.239552, 0, 0, 0, 0, 0, 0, 0, 0, 1.11168, 0, 0, 0
41.9995, 1.01015, 0.239552, 0, 0, 0, 0, 0, 0, 0, 0, 1.11168, 0, 0, 0
42.0005, 1.01015, 0.239552, 0, 0, 0, 0, 0, 0, 0, 0, 1.11168, 0, 0, 0
42.0005, 1.01015, 0.239552, 0, 0, 0, 0, 0, 0, 0, 0, 1.11168, 0, 0, 0
42.0505, 1.01015, 0.239552, 0, 0, 0, 0, 0, 0, 0, 0, 1.11168, 0, 0, 0
42.1005, 1.01015, 0.239552, 0, 0, 0, 0, 0, 0, 0, 0, 1.11168, 0, 0, 0
42.1505, 1.01015, 0.239552, 0, 0, 0, 0, 0, 0, 0, 0, 1.11168, 0, 0, 0
42.2004, 1.01015, 0.239552, 0, 0, 0, 0, 0, 0, 0, 0, 1.11168, 0, 0, 0
42.2504, 1.01015, 0.239552, 0, 0, 0, 0, 0, 0, 0, 0, 1.11168, 0, 0, 0
42.3004, 1.01015, 0.239552, 0, 0, 0, 0, 0, 0, 0, 0, 1.11168, 0, 0, 0
42.3504, 1.01015, 0.239552, 0, 0, 0, 0, 0, 0, 0, 0, 1.11168, 0, 0, 0
42.4003, 1.01015, 0.239552, 0, 0, 0, 0, 0, 0, 0, 0, 1.11168, 0, 0, 0
42.4503, 1.01015, 0.239552, 0, 0, 0, 0, 0, 0, 0, 0, 1.11168, 0, 0, 0
42.5003, 1.01015, 0.239552, 0, 0, 0, 0, 0, 0, 0, 0, 1.11168, 0, 0, 0
42.5502, 1.01015, 0.239552, 0, 0, 0, 0, 0, 0, 0, 0, 1.11168, 0, 0, 0
42.6002, 1.01015, 0.239552, 0, 0, 0, 0, 0, 0, 0, 0, 1.11168, 0, 0, 0
42.6502, 1.01015, 0.239552, 0, 0, 0, 0, 0, 0, 0, 0, 1.11168, 0, 0, 0
42.7002, 1.01015, 0.239552, 0, 0, 0, 0, 0, 0, 0, 0, 1.11168, 0, 0, 0
42.7501, 1.01015, 0.239552, 0, 0, 0, 0, 0, 0, 0, 0, 1.11168, 0, 0, 0
42.8001, 1.01015, 0.239552, 0, 0, 0, 0, 0, 0, 0, 0, 1.11168, 0, 0, 0
42.8501, 1.01015, 0.239552, 0, 0, 0, 0, 0, 0, 0, 0, 1.11168, 0, 0, 0
42.9001, 1.01015, 0.239552, 0, 0, 0, 0, 0, 0, 0, 0, 1.11168, 0, 0, 0
42.95, 1.01015, 0.239552, 0, 0, 0, 0, 0, 0, 0, 0, 1.11168, 0, 0, 0
43, 1.01015, 0.239552, 0, 0, 0, 0, 0, 0, 0, 0, 1.11168, 0, 0, 0
43, 1.01015, 0.239552, 0, 0, 0, 0, 0, 0, 0, 0, 1.11168, 0, 0, 0
43.05, 1.01015, 0.239552, 0, 0, 0, 0, 0, 0, 0, 0, 1.11168, 0, 0, 0
43.0999, 1.01015, 0.239552, 0, 0, 0, 0, 0, 0, 0, 0, 1.11168, 0, 0, 0
43.1499, 1.01015, 0.239552, 0, 0, 0, 0, 0, 0, 0, 0, 1.11168, 0, 0, 0
43.1999, 1.01015, 0.239552, 0, 0, 0, 0, 0, 0, 0, 0, 1.11168, 0, 0, 0
43.2499, 1.01015, 0.239552, 0, 0, 0, 0, 0, 0, 0, 0, 1.11168, 0, 0, 0
43.2998, 1.01015, 0.239552, 0, 0, 0, 0, 0, 0, 0, 0, 1.11168, 0, 0, 0
43.3498, 1.01015, 0.239552, 0, 0, 0, 0, 0, 0, 0, 0, 1.11168, 0, 0, 0
43.3998, 1.01015, 0.239552, 0, 0, 0, 0, 0, 0, 0, 0, 1.11168, 0, 0, 0
43.4497, 1.01015, 0.239552, 0, 0, 0, 0, 0, 0, 0, 0, 1.11168, 0, 0, 0
43.4997, 1.01015, 0.239552, 0, 0, 0, 0, 0, 0, 0, 0, 1.11168, 0, 0, 0
43.5497, 1.01015, 0.239552, 0, 0, 0, 0, 0, 0, 0, 0, 1.11168, 0, 0, 0
43.5997, 1.01015, 0.239552, 0, 0, 0, 0, 0, 0, 0, 0, 1.11168, 0, 0, 0
43.6496, 1.01015, 0.239552, 0, 0, 0, 0, 0, 0, 0, 0, 1.11168, 0, 0, 0
43.6996, 1.01015, 0.239552, 0, 0, 0, 0, 0, 0, 0, 0, 1.11168, 0, 0, 0
43.7496, 1.01015, 0.239552, 0, 0, 0, 0, 0, 0, 0, 0, 1.11168, 0, 0, 0
43.7996, 1.01015, 0.239552, 0, 0, 0, 0, 0, 0, 0, 0, 1.11168, 0, 0, 0
43.8495, 1.01015, 0.239552, 0, 0, 0, 0, 0, 0, 0, 0, 1.11168, 0, 0, 0
43.8995, 1.01015, 0.239552, 0, 0, 0, 0, 0, 0, 0, 0, 1.11168, 0, 0, 0
43.9495, 1.01015, 0.239552, 0, 0, 0, 0, 0, 0, 0, 0, 1.11168, 0, 0, 0
43.9994, 1.01015, 0.239552, 0, 0, 0, 0, 0, 0, 0, 0, 1.11168, 0, 0, 0
44.0004, 1.01015, 0.239552, 0, 0, 0, 0, 0, 0, 0, 0, 1.11168, 0, 0, 0
44.0004, 1.01015, 0.239552, 0, 0, 0, 0, 0, 0, 0, 0, 1.11168, 0, 0, 0
44.0504, 1.01015, 0.239552, 0, 0, 0, 0, 0, 0, 0, 0, 1.11168, 0, 0, 0
44.1004, 1.01015, 0.239552, 0, 0, 0, 0, 0, 0, 0, 0, 1.11168, 0, 0, 0
44.1504, 1.01015, 0.239552, 0, 0, 0, 0, 0, 0, 0, 0, 1.11168, 0, 0, 0
44.2003, 1.01015, 0.239552, 0, 0, 0, 0, 0, 0, 0, 0, 1.11168, 0, 0, 0
44.2503, 1.01015, 0.239552, 0, 0, 0, 0, 0, 0, 0, 0, 1.11168, 0, 0, 0
44.3003, 1.01015, 0.239552, 0, 0, 0, 0, 0, 0, 0, 0, 1.11168, 0, 0, 0
44.3503, 1.01015, 0.239552, 0, 0, 0, 0, 0, 0, 0, 0, 1.11168, 0, 0, 0
44.4002, 1.01015, 0.239552, 0, 0, 0, 0, 0, 0, 0, 0, 1.11168, 0, 0, 0
44.4502, 1.01015, 0.239552, 0, 0, 0, 0, 0, 0, 0, 0, 1.11168, 0, 0, 0
44.5002, 1.01015, 0.239552, 0, 0, 0, 0, 0, 0, 0, 0, 1.11168, 0, 0, 0
44.5501, 1.01015, 0.239552, 0, 0, 0, 0, 0, 0, 0, 0, 1.11168, 0, 0, 0
44.6001, 1.01015, 0.239552, 0, 0, 0, 0, 0, 0, 0, 0, 1.11168, 0, 0, 0
44.6501, 1.01015, 0.239552, 0, 0, 0, 0, 0, 0, 0, 0, 1.11168, 0, 0, 0
44.7001, 1.01015, 0.239552, 0, 0, 0, 0, 0, 0, 0, 0, 1.11168, 0, 0, 0
44.75, 1.01015, 0.239552, 0, 0, 0, 0, 0, 0, 0, 0, 1.11168, 0, 0, 0
44.8, 1.01015, 0.239552, 0, 0, 0, 0, 0, 0, 0, 0, 1.11168, 0, 0, 0
44.85, 1.01015, 0.239552, 0, 0, 0, 0, 0, 0, 0, 0, 1.11168, 0, 0, 0
44.9, 1.01015, 0.239552, 0, 0, 0, 0, 0, 0, 0, 0, 1.11168, 0, 0, 0
44.9499, 1.01015, 0.239552, 0, 0, 0, 0, 0, 0, 0, 0, 1.11168, 0, 0, 0
44.9999, 1.01015, 0.239552, 0, 0, 0, 0, 0, 0, 0, 0, 1.11168, 0, 0, 0
45.0009, 1.01015, 0.239552, 0, 0, 0, 0, 0, 0, 0, 0, 1.11168, 0, 0, 0
45.0009, 1.01015, 0.239552, 0, 0, 0, 0, 0, 0, 0, 0, 1.11168, 0, 0, 0
45.0509, 1.01015, 0.239552, 0, 0, 0, 0, 0, 0, 0, 0, 1.11168, 0, 0, 0
45.1008, 1.01015, 0.239552, 0, 0, 0, 0, 0, 0, 0, 0, 1.11168, 0, 0, 0
45.1508, 1.01015, 0.239552, 0, 0, 0, 0, 0, 0, 0, 0, 1.11168, 0, 0, 0
45.2008, 1.01015, 0.239552, 0, 0, 0, 0, 0, 0, 0, 0, 1.11168, 0, 0, 0
45.2508, 1.01015, 0.239552, 0, 0, 0, 0, 0, 0, 0, 0, 1.11168, 0, 0, 0
45.3007, 1.01015, 0.239552, 0, 0, 0, 0, 0, 0, 0, 0, 1.11168, 0, 0, 0
45.3507, 1.01015, 0.239552, 0, 0, 0, 0, 0, 0, 0, 0, 1.11168, 0, 0, 0
45.4007, 1.01015, 0.239552, 0, 0, 0, 0, 0, 0, 0, 0, 1.11168, 0, 0, 0
45.4506, 1.01015, 0.239552, 0, 0, 0, 0, 0, 0, 0, 0, 1.11168, 0, 0, 0
45.5006, 1.01015, 0.239552, 0, 0, 0, 0, 0, 0, 0, 0, 1.11168, 0, 0, 0
45.5506, 1.01015, 0.239552, 0, 0, 0, 0, 0, 0, 0, 0, 1.11168, 0, 0, 0
45.6006, 1.01015, 0.239552, 0, 0, 0, 0, 0, 0, 0, 0, 1.11168, 0, 0, 0
45.6505, 1.01015, 0.239552, 0, 0, 0, 0, 0, 0, 0, 0, 1.11168, 0, 0, 0
45.7005, 1.01015, 0.239552, 0, 0, 0, 0, 0, 0, 0, 0, 1.11168, 0, 0, 0
45.7505, 1.01015, 0.239552, 0, 0, 0, 0, 0, 0, 0, 0, 1.11168, 0, 0, 0
45.8005, 1.01015, 0.239552, 0, 0, 0, 0, 0, 0, 0, 0, 1.11168, 0, 0, 0
45.8504, 1.01015, 0.239552, 0, 0, 0, 0, 0, 0, 0, 0, 1.11168, 0, 0, 0
45.9004, 1.01015, 0.239552, 0, 0, 0, 0, 0, 0, 0, 0, 1.11168, 0, 0, 0
45.9504, 1.01015, 0.239552, 0, 0, 0, 0, 0, 0, 0, 0, 1.11168, 0, 0, 0
46.0003, 1.01015, 0.239552, 0, 0, 0, 0, 0, 0, 0, 0, 1.11168, 0, 0, 0
46.0003, 1.01015, 0.239552, 0, 0, 0, 0, 0, 0, 0, 0, 1.11168, 0, 0, 0
46.0503, 1.01015, 0.239552, 0, 0, 0, 0, 0, 0, 0, 0, 1.11168, 0, 0, 0
46.1003, 1.01015, 0.239552, 0, 0, 0, 0, 0, 0, 0, 0, 1.11168, 0, 0, 0
46.1503, 1.01015, 0.239552, 0, 0, 0, 0, 0, 0, 0, 0, 1.11168, 0, 0, 0
46.2002, 1.01015, 0.239552, 0, 0, 0, 0, 0, 0, 0, 0, 1.11168, 0, 0, 0
46.2502, 1.01015, 0.239552, 0, 0, 0, 0, 0, 0, 0, 0, 1.11168, 0, 0, 0
46.3002, 1.01015, 0.239552, 0, 0, 0, 0, 0, 0, 0, 0, 1.11168, 0, 0, 0
46.3502, 1.01015, 0.239552, 0, 0, 0, 0, 0, 0, 0, 0, 1.11168, 0, 0, 0
46.4001, 1.01015, 0.239552, 0, 0, 0, 0, 0, 0, 0, 0, 1.11168, 0, 0, 0
46.4501, 1.01015, 0.239552, 0, 0, 0, 0, 0, 0, 0, 0, 1.11168, 0, 0, 0
46.5001, 1.01015, 0.239552, 0, 0, 0, 0, 0, 0, 0, 0, 1.11168, 0, 0, 0
46.55, 1.01015, 0.239552, 0, 0, 0, 0, 0, 0, 0, 0, 1.11168, 0, 0, 0
46.6, 1.01015, 0.239552, 0, 0, 0, 0, 0, 0, 0, 0, 1.11168, 0, 0, 0
46.65, 1.01015, 0.239552, 0, 0, 0, 0, 0, 0, 0, 0, 1.11168, 0, 0, 0
46.7, 1.01015, 0.239552, 0, 0, 0, 0, 0, 0, 0, 0, 1.11168, 0, 0, 0
46.7499, 1.01015, 0.239552, 0, 0, 0, 0, 0, 0, 0, 0, 1.11168, 0, 0, 0
46.7999, 1.01015, 0.239552, 0, 0, 0, 0, 0, 0, 0, 0, 1.11168, 0, 0, 0
46.8499, 1.01015, 0.239552, 0, 0, 0, 0, 0, 0, 0, 0, 1.11168, 0, 0, 0
46.8999, 1.01015, 0.239552, 0, 0, 0, 0, 0, 0, 0, 0, 1.11168, 0, 0, 0
46.9498, 1.01015, 0.239552, 0, 0, 0, 0, 0, 0, 0, 0, 1.11168, 0, 0, 0
46.9998, 1.01015, 0.239552, 0, 0, 0, 0, 0, 0, 0, 0, 1.11168, 0, 0, 0
47.0008, 1.01015, 0.239552, 0, 0, 0, 0, 0, 0, 0, 0, 1.11168, 0, 0, 0
47.0008, 1.01015, 0.239552, 0, 0, 0, 0, 0, 0, 0, 0, 1.11168, 0, 0, 0
47.0508, 1.01015, 0.239552, 0, 0, 0, 0, 0, 0, 0, 0, 1.11168, 0, 0, 0
47.1007, 1.01015, 0.239552, 0, 0, 0, 0, 0, 0, 0, 0, 1.11168, 0, 0, 0
47.1507, 1.01015, 0.239552, 0, 0, 0, 0, 0, 0, 0, 0, 1.11168, 0, 0, 0
47.2007, 1.01015, 0.239552, 0, 0, 0, 0, 0, 0, 0, 0, 1.11168, 0, 0, 0
47.2507, 1.01015, 0.239552, 0, 0, 0, 0, 0, 0, 0, 0, 1.11168, 0, 0, 0
47.3006, 1.01015, 0.239552, 0, 0, 0, 0, 0, 0, 0, 0, 1.11168, 0, 0, 0
47.3506, 1.01015, 0.239552, 0, 0, 0, 0, 0, 0, 0, 0, 1.11168, 0, 0, 0
47.4006, 1.01015, 0.239552, 0, 0, 0, 0, 0, 0, 0, 0, 1.11168, 0, 0, 0
47.4506, 1.01015, 0.239552, 0, 0, 0, 0, 0, 0, 0, 0, 1.11168, 0, 0, 0
47.5005, 1.01015, 0.239552, 0, 0, 0, 0, 0, 0, 0, 0, 1.11168, 0, 0, 0
47.5505, 1.01015, 0.239552, 0, 0, 0, 0, 0, 0, 0, 0, 1.11168, 0, 0, 0
47.6005, 1.01015, 0.239552, 0, 0, 0, 0, 0, 0, 0, 0, 1.11168, 0, 0, 0
47.6504, 1.01015, 0.239552, 0, 0, 0, 0, 0, 0, 0, 0, 1.11168, 0, 0, 0
47.7004, 1.01015, 0.239552, 0, 0, 0, 0, 0, 0, 0, 0, 1.11168, 0, 0, 0
47.7504, 1.01015, 0.239552, 0, 0, 0, 0, 0, 0, 0, 0, 1.11168, 0, 0, 0
47.8004, 1.01015, 0.239552, 0, 0, 0, 0, 0, 0, 0, 0, 1.11168, 0, 0, 0
47.8503, 1.01015, 0.239552, 0, 0, 0, 0, 0, 0, 0, 0, 1.11168, 0, 0, 0
47.9003, 1.01015, 0.239552, 0, 0, 0, 0, 0, 0, 0, 0, 1.11168, 0, 0, 0
47.9503, 1.01015, 0.239552, 0, 0, 0, 0, 0, 0, 0, 0, 1.11168, 0, 0, 0
48.0002, 1.01015, 0.239552, 0, 0, 0, 0, 0, 0, 0, 0, 1.11168, 0, 0, 0
48.0002, 1.01015, 0.239552, 0, 0, 0, 0, 0, 0, 0, 0, 1.11168, 0, 0, 0
48.0502, 1.01015, 0.239552, 0, 0, 0, 0, 0, 0, 0, 0, 1.11168, 0, 0, 0
48.1002, 1.01015, 0.239552, 0, 0, 0, 0, 0, 0, 0, 0, 1.11168, 0, 0, 0
48.1502, 1.01015, 0.239552, 0, 0, 0, 0, 0, 0, 0, 0, 1.11168, 0, 0, 0
48.2001, 1.01015, 0.239552, 0, 0, 0, 0, 0, 0, 0, 0, 1.11168, 0, 0, 0
48.2501, 1.01015, 0.239552, 0, 0, 0, 0, 0, 0, 0, 0, 1.11168, 0, 0, 0
48.3001, 1.01015, 0.239552, 0, 0, 0, 0, 0, 0, 0, 0, 1.11168, 0, 0, 0
48.3501, 1.01015, 0.239552, 0, 0, 0, 0, 0, 0, 0, 0, 1.11168, 0, 0, 0
48.4, 1.01015, 0.239552, 0, 0, 0, 0, 0, 0, 0, 0, 1.11168, 0, 0, 0
48.45, 1.01015, 0.239552, 0, 0, 0, 0, 0, 0, 0, 0, 1.11168, 0, 0, 0
48.5, 1.01015, 0.239552, 0, 0, 0, 0, 0, 0, 0, 0, 1.11168, 0, 0, 0
48.5499, 1.01015, 0.239552, 0, 0, 0, 0, 0, 0, 0, 0, 1.11168, 0, 0, 0
48.5999, 1.01015, 0.239552, 0, 0, 0, 0, 0, 0, 0, 0, 1.11168, 0, 0, 0
48.6499, 1.01015, 0.239552, 0, 0, 0, 0, 0, 0, 0, 0, 1.11168, 0, 0, 0
48.6999, 1.01015, 0.239552, 0, 0, 0, 0, 0, 0, 0, 0, 1.11168, 0, 0, 0
48.7498, 1.01015, 0.239552, 0, 0, 0, 0, 0, 0, 0, 0, 1.11168, 0, 0, 0
48.7998, 1.01015, 0.239552, 0, 0, 0, 0, 0, 0, 0, 0, 1.11168, 0, 0, 0
48.8498, 1.01015, 0.239552, 0, 0, 0, 0, 0, 0, 0, 0, 1.11168, 0, 0, 0
48.8998, 1.01015, 0.239552, 0, 0, 0, 0, 0, 0, 0, 0, 1.11168, 0, 0, 0
48.9497, 1.01015, 0.239552, 0, 0, 0, 0, 0, 0, 0, 0, 1.11168, 0, 0, 0
48.9997, 1.01015, 0.239552, 0, 0, 0, 0, 0, 0, 0, 0, 1.11168, 0, 0, 0
49.0007, 1.01015, 0.239552, 0, 0, 0, 0, 0, 0, 0, 0, 1.11168, 0, 0, 0
49.0007, 1.01015, 0.239552, 0, 0, 0, 0, 0, 0, 0, 0, 1.11168, 0, 0, 0
49.0507, 1.01015, 0.239552, 0, 0, 0, 0, 0, 0, 0, 0, 1.11168, 0, 0, 0
49.1006, 1.01015, 0.239552, 0, 0, 0, 0, 0, 0, 0, 0, 1.11168, 0, 0, 0
49.1506, 1.01015, 0.239552, 0, 0, 0, 0, 0, 0, 0, 0, 1.11168, 0, 0, 0
49.2006, 1.01015, 0.239552, 0, 0, 0, 0, 0, 0, 0, 0, 1.11168, 0, 0, 0
49.2506, 1.01015, 0.239552, 0, 0, 0, 0, 0, 0, 0, 0, 1.11168, 0, 0, 0
49.3005, 1.01015, 0.239552, 0, 0, 0, 0, 0, 0, 0, 0, 1.11168, 0, 0, 0
49.3505, 1.01015, 0.239552, 0, 0, 0, 0, 0, 0, 0, 0, 1.11168, 0, 0, 0
49.4005, 1.01015, 0.239552, 0, 0, 0, 0, 0, 0, 0, 0, 1.11168, 0, 0, 0
49.4505, 1.01015, 0.239552, 0, 0, 0, 0, 0, 0, 0, 0, 1.11168, 0, 0, 0
49.5004, 1.01015, 0.239552, 0, 0, 0, 0, 0, 0, 0, 0, 1.11168, 0, 0, 0
49.5504, 1.01015, 0.239552, 0, 0, 0, 0, 0, 0, 0, 0, 1.11168, 0, 0, 0
49.6004, 1.01015, 0.239552, 0, 0, 0, 0, 0, 0, 0, 0, 1.11168, 0, 0, 0
49.6503, 1.01015, 0.239552, 0, 0, 0, 0, 0, 0, 0, 0, 1.11168, 0, 0, 0
49.7003, 1.01015, 0.239552, 0, 0, 0, 0, 0, 0, 0, 0, 1.11168, 0, 0, 0
49.7503, 1.01015, 0.239552, 0, 0, 0, 0, 0, 0, 0, 0, 1.11168, 0, 0, 0
49.8003, 1.01015, 0.239552, 0, 0, 0, 0, 0, 0, 0, 0, 1.11168, 0, 0, 0
49.8502, 1.01015, 0.239552, 0, 0, 0, 0, 0, 0, 0, 0, 1.11168, 0, 0, 0
49.9002, 1.01015, 0.239552, 0, 0, 0, 0, 0, 0, 0, 0, 1.11168, 0, 0, 0
49.9502, 1.01015, 0.239552, 0, 0, 0, 0, 0, 0, 0, 0, 1.11168, 0, 0, 0
50.0001, 1.01015, 0.239552, 0, 0, 0, 0, 0, 0, 0, 0, 1.11168, 0, 0, 0
50.0001, 1.01015, 0.239552, 0, 0, 0, 0, 0, 0, 0, 0, 1.11168, 0, 0, 0
50.0501, 1.01015, 0.239552, 0, 0, 0, 0, 0, 0, 0, 0, 1.11168, 0, 0, 0
50.1001, 1.01015, 0.239552, 0, 0, 0, 0, 0, 0, 0, 0, 1.11168, 0, 0, 0
50.1501, 1.01015, 0.239552, 0, 0, 0, 0, 0, 0, 0, 0, 1.11168, 0, 0, 0
50.2, 1.01015, 0.239552, 0, 0, 0, 0, 0, 0, 0, 0, 1.11168, 0, 0, 0
50.25, 1.01015, 0.239552, 0, 0, 0, 0, 0, 0, 0, 0, 1.11168, 0, 0, 0
50.3, 1.01015, 0.239552, 0, 0, 0, 0, 0, 0, 0, 0, 1.11168, 0, 0, 0
50.35, 1.01015, 0.239552, 0, 0, 0, 0, 0, 0, 0, 0, 1.11168, 0, 0, 0
50.3999, 1.01015, 0.239552, 0, 0, 0, 0, 0, 0, 0, 0, 1.11168, 0, 0, 0
50.4499, 1.01015, 0.239552, 0, 0, 0, 0, 0, 0, 0, 0, 1.11168, 0, 0, 0
50.4999, 1.01015, 0.239552, 0, 0, 0, 0, 0, 0, 0, 0, 1.11168, 0, 0, 0
50.5498, 1.01015, 0.239552, 0, 0, 0, 0, 0, 0, 0, 0, 1.11168, 0, 0, 0
50.5998, 1.01015, 0.239552, 0, 0, 0, 0, 0, 0, 0, 0, 1.11168, 0, 0, 0
50.6498, 1.01015, 0.239552, 0, 0, 0, 0, 0, 0, 0, 0, 1.11168, 0, 0, 0
50.6998, 1.01015, 0.239552, 0, 0, 0, 0, 0, 0, 0, 0, 1.11168, 0, 0, 0
50.7497, 1.01015, 0.239552, 0, 0, 0, 0, 0, 0, 0, 0, 1.11168, 0, 0, 0
50.7997, 1.01015, 0.239552, 0, 0, 0, 0, 0, 0, 0, 0, 1.11168, 0, 0, 0
50.8497, 1.01015, 0.239552, 0, 0, 0, 0, 0, 0, 0, 0, 1.11168, 0, 0, 0
50.8997, 1.01015, 0.239552, 0, 0, 0, 0, 0, 0, 0, 0, 1.11168, 0, 0, 0
50.9496, 1.01015, 0.239552, 0, 0, 0, 0, 0, 0, 0, 0, 1.11168, 0, 0, 0
50.9996, 1.01015, 0.239552, 0, 0, 0, 0, 0, 0, 0, 0, 1.11168, 0, 0, 0
51.0006, 1.01015, 0.239552, 0, 0, 0, 0, 0, 0, 0, 0, 1.11168, 0, 0, 0
51.0006, 1.01015, 0.239552, 0, 0, 0, 0, 0, 0, 0, 0, 1.11168, 0, 0, 0
51.0506, 1.01015, 0.239552, 0, 0, 0, 0, 0, 0, 0, 0, 1.11168, 0, 0, 0
51.1005, 1.01015, 0.239552, 0, 0, 0, 0, 0, 0, 0, 0, 1.11168, 0, 0, 0
51.1505, 1.01015, 0.239552, 0, 0, 0, 0, 0, 0, 0, 0, 1.11168, 0, 0, 0
51.2005, 1.01015, 0.239552, 0, 0, 0, 0, 0, 0, 0, 0, 1.11168, 0, 0, 0
51.2505, 1.01015, 0.239552, 0, 0, 0, 0, 0, 0, 0, 0, 1.11168, 0, 0, 0
51.3004, 1.01015, 0.239552, 0, 0, 0, 0, 0, 0, 0, 0, 1.11168, 0, 0, 0
51.3504, 1.01015, 0.239552, 0, 0, 0, 0, 0, 0, 0, 0, 1.11168, 0, 0, 0
51.4004, 1.01015, 0.239552, 0, 0, 0, 0, 0, 0, 0, 0, 1.11168, 0, 0, 0
51.4504, 1.01015, 0.239552, 0, 0, 0, 0, 0, 0, 0, 0, 1.11168, 0, 0, 0
51.5003, 1.01015, 0.239552, 0, 0, 0, 0, 0, 0, 0, 0, 1.11168, 0, 0, 0
51.5503, 1.01015, 0.239552, 0, 0, 0, 0, 0, 0, 0, 0, 1.11168, 0, 0, 0
51.6003, 1.01015, 0.239552, 0, 0, 0, 0, 0, 0, 0, 0, 1.11168, 0, 0, 0
51.6502, 1.01015, 0.239552, 0, 0, 0, 0, 0, 0, 0, 0, 1.11168, 0, 0, 0
51.7002, 1.01015, 0.239552, 0, 0, 0, 0, 0, 0, 0, 0, 1.11168, 0, 0, 0
51.7502, 1.01015, 0.239552, 0, 0, 0, 0, 0, 0, 0, 0, 1.11168, 0, 0, 0
51.8002, 1.01015, 0.239552, 0, 0, 0, 0, 0, 0, 0, 0, 1.11168, 0, 0, 0
51.8501, 1.01015, 0.239552, 0, 0, 0, 0, 0, 0, 0, 0, 1.11168, 0, 0, 0
51.9001, 1.01015, 0.239552, 0, 0, 0, 0, 0, 0, 0, 0, 1.11168, 0, 0, 0
51.9501, 1.01015, 0.239552, 0, 0, 0, 0, 0, 0, 0, 0, 1.11168, 0, 0, 0
52, 1.01015, 0.239552, 0, 0, 0, 0, 0, 0, 0, 0, 1.11168, 0, 0, 0
52, 1.01015, 0.239552, 0, 0, 0, 0, 0, 0, 0, 0, 1.11168, 0, 0, 0
52.05, 1.01015, 0.239552, 0, 0, 0, 0, 0, 0, 0, 0, 1.11168, 0, 0, 0
52.1, 1.01015, 0.239552, 0, 0, 0, 0, 0, 0, 0, 0, 1.11168, 0, 0, 0
52.15, 1.01015, 0.239552, 0, 0, 0, 0, 0, 0, 0, 0, 1.11168, 0, 0, 0
52.1999, 1.01015, 0.239552, 0, 0, 0, 0, 0, 0, 0, 0, 1.11168, 0, 0, 0
52.2499, 1.01015, 0.239552, 0, 0, 0, 0, 0, 0, 0, 0, 1.11168, 0, 0, 0
52.2999, 1.01015, 0.239552, 0, 0, 0, 0, 0, 0, 0, 0, 1.11168, 0, 0, 0
52.3499, 1.01015, 0.239552, 0, 0, 0, 0, 0, 0, 0, 0, 1.11168, 0, 0, 0
52.3998, 1.01015, 0.239552, 0, 0, 0, 0, 0, 0, 0, 0, 1.11168, 0, 0, 0
52.4498, 1.01015, 0.239552, 0, 0, 0, 0, 0, 0, 0, 0, 1.11168, 0, 0, 0
52.4998, 1.01015, 0.239552, 0, 0, 0, 0, 0, 0, 0, 0, 1.11168, 0, 0, 0
52.5497, 1.01015, 0.239552, 0, 0, 0, 0, 0, 0, 0, 0, 1.11168, 0, 0, 0
52.5997, 1.01015, 0.239552, 0, 0, 0, 0, 0, 0, 0, 0, 1.11168, 0, 0, 0
52.6497, 1.01015, 0.239552, 0, 0, 0, 0, 0, 0, 0, 0, 1.11168, 0, 0, 0
52.6997, 1.01015, 0.239552, 0, 0, 0, 0, 0, 0, 0, 0, 1.11168, 0, 0, 0
52.7496, 1.01015, 0.239552, 0, 0, 0, 0, 0, 0, 0, 0, 1.11168, 0, 0, 0
52.7996, 1.01015, 0.239552, 0, 0, 0, 0, 0, 0, 0, 0, 1.11168, 0, 0, 0
52.8496, 1.01015, 0.239552, 0, 0, 0, 0, 0, 0, 0, 0, 1.11168, 0, 0, 0
52.8996, 1.01015, 0.239552, 0, 0, 0, 0, 0, 0, 0, 0, 1.11168, 0, 0, 0
52.9495, 1.01015, 0.239552, 0, 0, 0, 0, 0, 0, 0, 0, 1.11168, 0, 0, 0
52.9995, 1.01015, 0.239552, 0, 0, 0, 0, 0, 0, 0, 0, 1.11168, 0, 0, 0
53.0005, 1.01015, 0.239552, 0, 0, 0, 0, 0, 0, 0, 0, 1.11168, 0, 0, 0
53.0005, 1.01015, 0.239552, 0, 0, 0, 0, 0, 0, 0, 0, 1.11168, 0, 0, 0
53.0505, 1.01015, 0.239552, 0, 0, 0, 0, 0, 0, 0, 0, 1.11168, 0, 0, 0
53.1004, 1.01015, 0.239552, 0, 0, 0, 0, 0, 0, 0, 0, 1.11168, 0, 0, 0
53.1504, 1.01015, 0.239552, 0, 0, 0, 0, 0, 0, 0, 0, 1.11168, 0, 0, 0
53.2004, 1.01015, 0.239552, 0, 0, 0, 0, 0, 0, 0, 0, 1.11168, 0, 0, 0
53.2504, 1.01015, 0.239552, 0, 0, 0, 0, 0, 0, 0, 0, 1.11168, 0, 0, 0
53.3003, 1.01015, 0.239552, 0, 0, 0, 0, 0, 0, 0, 0, 1.11168, 0, 0, 0
53.3503, 1.01015, 0.239552, 0, 0, 0, 0, 0, 0, 0, 0, 1.11168, 0, 0, 0
53.4003, 1.01015, 0.239552, 0, 0, 0, 0, 0, 0, 0, 0, 1.11168, 0, 0, 0
53.4503, 1.01015, 0.239552, 0, 0, 0, 0, 0, 0, 0, 0, 1.11168, 0, 0, 0
53.5002, 1.01015, 0.239552, 0, 0, 0, 0, 0, 0, 0, 0, 1.11168, 0, 0, 0
53.5502, 1.01015, 0.239552, 0, 0, 0, 0, 0, 0, 0, 0, 1.11168, 0, 0, 0
53.6002, 1.01015, 0.239552, 0, 0, 0, 0, 0, 0, 0, 0, 1.11168, 0, 0, 0
53.6501, 1.01015, 0.239552, 0, 0, 0, 0, 0, 0, 0, 0, 1.11168, 0, 0, 0
53.7001, 1.01015, 0.239552, 0, 0, 0, 0, 0, 0, 0, 0, 1.11168, 0, 0, 0
53.7501, 1.01015, 0.239552, 0, 0, 0, 0, 0, 0, 0, 0, 1.11168, 0, 0, 0
53.8001, 1.01015, 0.239552, 0, 0, 0, 0, 0, 0, 0, 0, 1.11168, 0, 0, 0
53.85, 1.01015, 0.239552, 0, 0, 0, 0, 0, 0, 0, 0, 1.11168, 0, 0, 0
53.9, 1.01015, 0.239552, 0, 0, 0, 0, 0, 0, 0, 0, 1.11168, 0, 0, 0
53.95, 1.01015, 0.239552, 0, 0, 0, 0, 0, 0, 0, 0, 1.11168, 0, 0, 0
54, 1.01015, 0.239552, 0, 0, 0, 0, 0, 0, 0, 0, 1.11168, 0, 0, 0
54.0009, 1.01015, 0.239552, 0, 0, 0, 0, 0, 0, 0, 0, 1.11168, 0, 0, 0
54.0009, 1.01015, 0.239552, 0, 0, 0, 0, 0, 0, 0, 0, 1.11168, 0, 0, 0
54.0509, 1.01015, 0.239552, 0, 0, 0, 0, 0, 0, 0, 0, 1.11168, 0, 0, 0
54.1009, 1.01015, 0.239552, 0, 0, 0, 0, 0, 0, 0, 0, 1.11168, 0, 0, 0
54.1509, 1.01015, 0.239552, 0, 0, 0, 0, 0, 0, 0, 0, 1.11168, 0, 0, 0
54.2008, 1.01015, 0.239552, 0, 0, 0, 0, 0, 0, 0, 0, 1.11168, 0, 0, 0
54.2508, 1.01015, 0.239552, 0, 0, 0, 0, 0, 0, 0, 0, 1.11168, 0, 0, 0
54.3008, 1.01015, 0.239552, 0, 0, 0, 0, 0, 0, 0, 0, 1.11168, 0, 0, 0
54.3508, 1.01015, 0.239552, 0, 0, 0, 0, 0, 0, 0, 0, 1.11168, 0, 0, 0
54.4007, 1.01015, 0.239552, 0, 0, 0, 0, 0, 0, 0, 0, 1.11168, 0, 0, 0
54.4507, 1.01015, 0.239552, 0, 0, 0, 0, 0, 0, 0, 0, 1.11168, 0, 0, 0
54.5007, 1.01015, 0.239552, 0, 0, 0, 0, 0, 0, 0, 0, 1.11168, 0, 0, 0
54.5506, 1.01015, 0.239552, 0, 0, 0, 0, 0, 0, 0, 0, 1.11168, 0, 0, 0
54.6006, 1.01015, 0.239552, 0, 0, 0, 0, 0, 0, 0, 0, 1.11168, 0, 0, 0
54.6506, 1.01015, 0.239552, 0, 0, 0, 0, 0, 0, 0, 0, 1.11168, 0, 0, 0
54.7006, 1.01015, 0.239552, 0, 0, 0, 0, 0, 0, 0, 0, 1.11168, 0, 0, 0
54.7505, 1.01015, 0.239552, 0, 0, 0, 0, 0, 0, 0, 0, 1.11168, 0, 0, 0
54.8005, 1.01015, 0.239552, 0, 0, 0, 0, 0, 0, 0, 0, 1.11168, 0, 0, 0
54.8505, 1.01015, 0.239552, 0, 0, 0, 0, 0, 0, 0, 0, 1.11168, 0, 0, 0
54.9005, 1.01015, 0.239552, 0, 0, 0, 0, 0, 0, 0, 0, 1.11168, 0, 0, 0
54.9504, 1.01015, 0.239552, 0, 0, 0, 0, 0, 0, 0, 0, 1.11168, 0, 0, 0
55.0004, 1.01015, 0.239552, 0, 0, 0, 0, 0, 0, 0, 0, 1.11168, 0, 0, 0
55.0004, 1.01015, 0.239552, 0, 0, 0, 0, 0, 0, 0, 0, 1.11168, 0, 0, 0
55.0504, 1.01015, 0.239552, 0, 0, 0, 0, 0, 0, 0, 0, 1.11168, 0, 0, 0
55.1003, 1.01015, 0.239552, 0, 0, 0, 0, 0, 0, 0, 0, 1.11168, 0, 0, 0
55.1503, 1.01015, 0.239552, 0, 0, 0, 0, 0, 0, 0, 0, 1.11168, 0, 0, 0
55.2003, 1.01015, 0.239552, 0, 0, 0, 0, 0, 0, 0, 0, 1.11168, 0, 0, 0
55.2503, 1.01015, 0.239552, 0, 0, 0, 0, 0, 0, 0, 0, 1.11168, 0, 0, 0
55.3002, 1.01015, 0.239552, 0, 0, 0, 0, 0, 0, 0, 0, 1.11168, 0, 0, 0
55.3502, 1.01015, 0.239552, 0, 0, 0, 0, 0, 0, 0, 0, 1.11168, 0, 0, 0
55.4002, 1.01015, 0.239552, 0, 0, 0, 0, 0, 0, 0, 0, 1.11168, 0, 0, 0
55.4502, 1.01015, 0.239552, 0, 0, 0, 0, 0, 0, 0, 0, 1.11168, 0, 0, 0
55.5001, 1.01015, 0.239552, 0, 0, 0, 0, 0, 0, 0, 0, 1.11168, 0, 0, 0
55.5501, 1.01015, 0.239552, 0, 0, 0, 0, 0, 0, 0, 0, 1.11168, 0, 0, 0
55.6001, 1.01015, 0.239552, 0, 0, 0, 0, 0, 0, 0, 0, 1.11168, 0, 0, 0
55.65, 1.01015, 0.239552, 0, 0, 0, 0, 0, 0, 0, 0, 1.11168, 0, 0, 0
55.7, 1.01015, 0.239552, 0, 0, 0, 0, 0, 0, 0, 0, 1.11168, 0, 0, 0
55.75, 1.01015, 0.239552, 0, 0, 0, 0, 0, 0, 0, 0, 1.11168, 0, 0, 0
55.8, 1.01015, 0.239552, 0, 0, 0, 0, 0, 0, 0, 0, 1.11168, 0, 0, 0
55.8499, 1.01015, 0.239552, 0, 0, 0, 0, 0, 0, 0, 0, 1.11168, 0, 0, 0
55.8999, 1.01015, 0.239552, 0, 0, 0, 0, 0, 0, 0, 0, 1.11168, 0, 0, 0
55.9499, 1.01015, 0.239552, 0, 0, 0, 0, 0, 0, 0, 0, 1.11168, 0, 0, 0
55.9999, 1.01015, 0.239552, 0, 0, 0, 0, 0, 0, 0, 0, 1.11168, 0, 0, 0
56.0009, 1.01015, 0.239552, 0, 0, 0, 0, 0, 0, 0, 0, 1.11168, 0, 0, 0
56.0009, 1.01015, 0.239552, 0, 0, 0, 0, 0, 0, 0, 0, 1.11168, 0, 0, 0
56.0508, 1.01015, 0.239552, 0, 0, 0, 0, 0, 0, 0, 0, 1.11168, 0, 0, 0
56.1008, 1.01015, 0.239552, 0, 0, 0, 0, 0, 0, 0, 0, 1.11168, 0, 0, 0
56.1508, 1.01015, 0.239552, 0, 0, 0, 0, 0, 0, 0, 0, 1.11168, 0, 0, 0
56.2007, 1.01015, 0.239552, 0, 0, 0, 0, 0, 0, 0, 0, 1.11168, 0, 0, 0
56.2507, 1.01015, 0.239552, 0, 0, 0, 0, 0, 0, 0, 0, 1.11168, 0, 0, 0
56.3007, 1.01015, 0.239552, 0, 0, 0, 0, 0, 0, 0, 0, 1.11168, 0, 0, 0
56.3507, 1.01015, 0.239552, 0, 0, 0, 0, 0, 0, 0, 0, 1.11168, 0, 0, 0
56.4006, 1.01015, 0.239552, 0, 0, 0, 0, 0, 0, 0, 0, 1.11168, 0, 0, 0
56.4506, 1.01015, 0.239552, 0, 0, 0, 0, 0, 0, 0, 0, 1.11168, 0, 0, 0
56.5006, 1.01015, 0.239552, 0, 0, 0, 0, 0, 0, 0, 0, 1.11168, 0, 0, 0
56.5505, 1.01015, 0.239552, 0, 0, 0, 0, 0, 0, 0, 0, 1.11168, 0, 0, 0
56.6005, 1.01015, 0.239552, 0, 0, 0, 0, 0, 0, 0, 0, 1.11168, 0, 0, 0
56.6505, 1.01015, 0.239552, 0, 0, 0, 0, 0, 0, 0, 0, 1.11168, 0, 0, 0
56.7005, 1.01015, 0.239552, 0, 0, 0, 0, 0, 0, 0, 0, 1.11168, 0, 0, 0
56.7504, 1.01015, 0.239552, 0, 0, 0, 0, 0, 0, 0, 0, 1.11168, 0, 0, 0
56.8004, 1.01015, 0.239552, 0, 0, 0, 0, 0, 0, 0, 0, 1.11168, 0, 0, 0
56.8504, 1.01015, 0.239552, 0, 0, 0, 0, 0, 0, 0, 0, 1.11168, 0, 0, 0
56.9004, 1.01015, 0.239552, 0, 0, 0, 0, 0, 0, 0, 0, 1.11168, 0, 0, 0
56.9503, 1.01015, 0.239552, 0, 0, 0, 0, 0, 0, 0, 0, 1.11168, 0, 0, 0
57.0003, 1.01015, 0.239552, 0, 0, 0, 0, 0, 0, 0, 0, 1.11168, 0, 0, 0
57.0003, 1.01015, 0.239552, 0, 0, 0, 0, 0, 0, 0, 0, 1.11168, 0, 0, 0
57.0503, 1.01015, 0.239552, 0, 0, 0, 0, 0, 0, 0, 0, 1.11168, 0, 0, 0
57.1002, 1.01015, 0.239552, 0, 0, 0, 0, 0, 0, 0, 0, 1.11168, 0, 0, 0
57.1502, 1.01015, 0.239552, 0, 0, 0, 0, 0, 0, 0, 0, 1.11168, 0, 0, 0
57.2002, 1.01015, 0.239552, 0, 0, 0, 0, 0, 0, 0, 0, 1.11168, 0, 0, 0
57.2502, 1.01015, 0.239552, 0, 0, 0, 0, 0, 0, 0, 0, 1.11168, 0, 0, 0
57.3001, 1.01015, 0.239552, 0, 0, 0, 0, 0, 0, 0, 0, 1.11168, 0, 0, 0
57.3501, 1.01015, 0.239552, 0, 0, 0, 0, 0, 0, 0, 0, 1.11168, 0, 0, 0
57.4001, 1.01015, 0.239552, 0, 0, 0, 0, 0, 0, 0, 0, 1.11168, 0, 0, 0
57.4501, 1.01015, 0.239552, 0, 0, 0, 0, 0, 0, 0, 0, 1.11168, 0, 0, 0
57.5, 1.01015, 0.239552, 0, 0, 0, 0, 0, 0, 0, 0, 1.11168, 0, 0, 0
57.55, 1.01015, 0.239552, 0, 0, 0, 0, 0, 0, 0, 0, 1.11168, 0, 0, 0
57.6, 1.01015, 0.239552, 0, 0, 0, 0, 0, 0, 0, 0, 1.11168, 0, 0, 0
57.6499, 1.01015, 0.239552, 0, 0, 0, 0, 0, 0, 0, 0, 1.11168, 0, 0, 0
57.6999, 1.01015, 0.239552, 0, 0, 0, 0, 0, 0, 0, 0, 1.11168, 0, 0, 0
57.7499, 1.01015, 0.239552, 0, 0, 0, 0, 0, 0, 0, 0, 1.11168, 0, 0, 0
57.7999, 1.01015, 0.239552, 0, 0, 0, 0, 0, 0, 0, 0, 1.11168, 0, 0, 0
57.8498, 1.01015, 0.239552, 0, 0, 0, 0, 0, 0, 0, 0, 1.11168, 0, 0, 0
57.8998, 1.01015, 0.239552, 0, 0, 0, 0, 0, 0, 0, 0, 1.11168, 0, 0, 0
57.9498, 1.01015, 0.239552, 0, 0, 0, 0, 0, 0, 0, 0, 1.11168, 0, 0, 0
57.9998, 1.01015, 0.239552, 0, 0, 0, 0, 0, 0, 0, 0, 1.11168, 0, 0, 0
58.0008, 1.01015, 0.239552, 0, 0, 0, 0, 0, 0, 0, 0, 1.11168, 0, 0, 0
58.0008, 1.01015, 0.239552, 0, 0, 0, 0, 0, 0, 0, 0, 1.11168, 0, 0, 0
58.0507, 1.01015, 0.239552, 0, 0, 0, 0, 0, 0, 0, 0, 1.11168, 0, 0, 0
58.1007, 1.01015, 0.239552, 0, 0, 0, 0, 0, 0, 0, 0, 1.11168, 0, 0, 0
58.1507, 1.01015, 0.239552, 0, 0, 0, 0, 0, 0, 0, 0, 1.11168, 0, 0, 0
58.2006, 1.01015, 0.239552, 0, 0, 0, 0, 0, 0, 0, 0, 1.11168, 0, 0, 0
58.2506, 1.01015, 0.239552, 0, 0, 0, 0, 0, 0, 0, 0, 1.11168, 0, 0, 0
58.3006, 1.01015, 0.239552, 0, 0, 0, 0, 0, 0, 0, 0, 1.11168, 0, 0, 0
58.3506, 1.01015, 0.239552, 0, 0, 0, 0, 0, 0, 0, 0, 1.11168, 0, 0, 0
58.4005, 1.01015, 0.239552, 0, 0, 0, 0, 0, 0, 0, 0, 1.11168, 0, 0, 0
58.4505, 1.01015, 0.239552, 0, 0, 0, 0, 0, 0, 0, 0, 1.11168, 0, 0, 0
58.5005, 1.01015, 0.239552, 0, 0, 0, 0, 0, 0, 0, 0, 1.11168, 0, 0, 0
58.5504, 1.01015, 0.239552, 0, 0, 0, 0, 0, 0, 0, 0, 1.11168, 0, 0, 0
58.6004, 1.01015, 0.239552, 0, 0, 0, 0, 0, 0, 0, 0, 1.11168, 0, 0, 0
58.6504, 1.01015, 0.239552, 0, 0, 0, 0, 0, 0, 0, 0, 1.11168, 0, 0, 0
58.7004, 1.01015, 0.239552, 0, 0, 0, 0, 0, 0, 0, 0, 1.11168, 0, 0, 0
58.7503, 1.01015, 0.239552, 0, 0, 0, 0, 0, 0, 0, 0, 1.11168, 0, 0, 0
58.8003, 1.01015, 0.239552, 0, 0, 0, 0, 0, 0, 0, 0, 1.11168, 0, 0, 0
58.8503, 1.01015, 0.239552, 0, 0, 0, 0, 0, 0, 0, 0, 1.11168, 0, 0, 0
58.9003, 1.01015, 0.239552, 0, 0, 0, 0, 0, 0, 0, 0, 1.11168, 0, 0, 0
58.9502, 1.01015, 0.239552, 0, 0, 0, 0, 0, 0, 0, 0, 1.11168, 0, 0, 0
59.0002, 1.01015, 0.239552, 0, 0, 0, 0, 0, 0, 0, 0, 1.11168, 0, 0, 0
59.0002, 1.01015, 0.239552, 0, 0, 0, 0, 0, 0, 0, 0, 1.11168, 0, 0, 0
59.0502, 1.01015, 0.239552, 0, 0, 0, 0, 0, 0, 0, 0, 1.11168, 0, 0, 0
59.1001, 1.01015, 0.239552, 0, 0, 0, 0, 0, 0, 0, 0, 1.11168, 0, 0, 0
59.1501, 1.01015, 0.239552, 0, 0, 0, 0, 0, 0, 0, 0, 1.11168, 0, 0, 0
59.2001, 1.01015, 0.239552, 0, 0, 0, 0, 0, 0, 0, 0, 1.11168, 0, 0, 0
59.2501, 1.01015, 0.239552, 0, 0, 0, 0, 0, 0, 0, 0, 1.11168, 0, 0, 0
59.3, 1.01015, 0.239552, 0, 0, 0, 0, 0, 0, 0, 0, 1.11168, 0, 0, 0
59.35, 1.01015, 0.239552, 0, 0, 0, 0, 0, 0, 0, 0, 1.11168, 0, 0, 0
59.4, 1.01015, 0.239552, 0, 0, 0, 0, 0, 0, 0, 0, 1.11168, 0, 0, 0
59.45, 1.01015, 0.239552, 0, 0, 0, 0, 0, 0, 0, 0, 1.11168, 0, 0, 0
59.4999, 1.01015, 0.239552, 0, 0, 0, 0, 0, 0, 0, 0, 1.11168, 0, 0, 0
59.5499, 1.01015, 0.239552, 0, 0, 0, 0, 0, 0, 0, 0, 1.11168, 0, 0, 0
59.5999, 1.01015, 0.239552, 0, 0, 0, 0, 0, 0, 0, 0, 1.11168, 0, 0, 0
59.6498, 1.01015, 0.239552, 0, 0, 0, 0, 0, 0, 0, 0, 1.11168, 0, 0, 0
59.6998, 1.01015, 0.239552, 0, 0, 0, 0, 0, 0, 0, 0, 1.11168, 0, 0, 0
59.7498, 1.01015, 0.239552, 0, 0, 0, 0, 0, 0, 0, 0, 1.11168, 0, 0, 0
59.7998, 1.01015, 0.239552, 0, 0, 0, 0, 0, 0, 0, 0, 1.11168, 0, 0, 0
59.8497, 1.01015, 0.239552, 0, 0, 0, 0, 0, 0, 0, 0, 1.11168, 0, 0, 0
59.8997, 1.01015, 0.239552, 0, 0, 0, 0, 0, 0, 0, 0, 1.11168, 0, 0, 0
59.9497, 1.01015, 0.239552, 0, 0, 0, 0, 0, 0, 0, 0, 1.11168, 0, 0, 0
59.9997, 1.01015, 0.239552, 0, 0, 0, 0, 0, 0, 0, 0, 1.11168, 0, 0, 0
60.0007, 1.01015, 0.239552, 0, 0, 0, 0, 0, 0, 0, 0, 1.11168, 0, 0, 0
60.0007, 1.01015, 0.239552, 1.01015, 0.239552, 0, 0, 0, 0, 0, 0, 1.11168, 0, 0, 0
60.0506, 1.01015, 0.239552, 1.01015, 0.239552, 0, 0, 0, 0, 0, 0, 1.11168, 0, 0, 0
60.1006, 1.01015, 0.239552, 1.01015, 0.239552, 0, 0, 0, 0, 0, 0, 1.11168, 0, 0, 0
60.1506, 1.01015, 0.239552, 1.01015, 0.239552, 0, 0, 0, 0, 0, 0, 1.11168, 0, 0, 0
60.2005, 1.01015, 0.239552, 1.01015, 0.239552, 0, 0, 0, 0, 0, 0, 1.11168, 0, 0, 0
60.2505, 1.01015, 0.239552, 1.01015, 0.239552, 0, 0, 0, 0, 0, 0, 1.11168, 0, 0, 0
60.3005, 1.01015, 0.239552, 1.01015, 0.239552, 0, 0, 0, 0, 0, 0, 1.11168, 0, 0, 0
60.3505, 1.01015, 0.239552, 1.01015, 0.239552, 0, 0, 0, 0, 0, 0, 1.11168, 0, 0, 0
60.4004, 1.01015, 0.239552, 1.01015, 0.239552, 0, 0, 0, 0, 0, 0, 1.11168, 0, 0, 0
60.4504, 1.01015, 0.239552, 1.01015, 0.239552, 0, 0, 0, 0, 0, 0, 1.11168, 0, 0, 0
60.5004, 1.01015, 0.239552, 1.01015, 0.239552, 0, 0, 0, 0, 0, 0, 1.11168, 0, 0, 0
60.5504, 1.01015, 0.239552, 1.01015, 0.239552, 0, 0, 0, 0, 0, 0, 1.11168, 0, 0, 0
60.6003, 1.01015, 0.239552, 1.01015, 0.239552, 0, 0, 0, 0, 0, 0, 1.11168, 0, 0, 0
60.6503, 1.01015, 0.239552, 1.01015, 0.239552, 0, 0, 0, 0, 0, 0, 1.11168, 0, 0, 0
60.7003, 1.01015, 0.239552, 1.01015, 0.239552, 0, 0, 0, 0, 0, 0, 1.11168, 0, 0, 0
60.7502, 1.01015, 0.239552, 1.01015, 0.239552, 0, 0, 0, 0, 0, 0, 1.11168, 0, 0, 0
60.8002, 1.01015, 0.239552, 1.01015, 0.239552, 0, 0, 0, 0, 0, 0, 1.11168, 0, 0, 0
60.8502, 1.01015, 0.239552, 1.01015, 0.239552, 0, 0, 0, 0, 0, 0, 1.11168, 0, 0, 0
60.9002, 1.01015, 0.239552, 1.01015, 0.239552, 0, 0, 0, 0, 0, 0, 1.11168, 0, 0, 0
60.9501, 1.01015, 0.239552, 1.01015, 0.239552, 0, 0, 0, 0, 0, 0, 1.11168, 0, 0, 0
61.0001, 1.01015, 0.239552, 1.01015, 0.239552, 0, 0, 0, 0, 0, 0, 1.11168, 0, 0, 0
61.0001, 1.01015, 0.239552, 1.01015, 0.239552, 0, 0, 0, 0, 0, 0, 1.11168, 0, 0, 0
61.0501, 1.01015, 0.239552, 1.01015, 0.239552, 0, 0, 0, 0, 0, 0, 1.11168, 0, 0, 0
61.1, 1.01015, 0.239552, 1.01015, 0.239552, 0, 0, 0, 0, 0, 0, 1.11168, 0, 0, 0
61.15, 1.01015, 0.239552, 1.01015, 0.239552, 0, 0, 0, 0, 0, 0, 1.11168, 0, 0, 0
61.2, 1.01015, 0.239552, 1.01015, 0.239552, 0, 0, 0, 0, 0, 0, 1.11168, 0, 0, 0
61.25, 1.01015, 0.239552, 1.01015, 0.239552, 0, 0, 0, 0, 0, 0, 1.11168, 0, 0, 0
61.2999, 1.01015, 0.239552, 1.01015, 0.239552, 0, 0, 0, 0, 0, 0, 1.11168, 0, 0, 0
61.3499, 1.01015, 0.239552, 1.01015, 0.239552, 0, 0, 0, 0, 0, 0, 1.11168, 0, 0, 0
61.3999, 1.01015, 0.239552, 1.01015, 0.239552, 0, 0, 0, 0, 0, 0, 1.11168, 0, 0, 0
61.4499, 1.01015, 0.239552, 1.01015, 0.239552, 0, 0, 0, 0, 0, 0, 1.11168, 0, 0, 0
61.4998, 1.01015, 0.239552, 1.01015, 0.239552, 0, 0, 0, 0, 0, 0, 1.11168, 0, 0, 0
61.5498, 1.01015, 0.239552, 1.01015, 0.239552, 0, 0, 0, 0, 0, 0, 1.11168, 0, 0, 0
61.5998, 1.01015, 0.239552, 1.01015, 0.239552, 0, 0, 0, 0, 0, 0, 1.11168, 0, 0, 0
61.6497, 1.01015, 0.239552, 1.01015, 0.239552, 0, 0, 0, 0, 0, 0, 1.11168, 0, 0, 0
61.6997, 1.01015, 0.239552, 1.01015, 0.239552, 0, 0, 0, 0, 0, 0, 1.11168, 0, 0, 0
61.7497, 1.01015, 0.239552, 1.01015, 0.239552, 0, 0, 0, 0, 0, 0, 1.11168, 0, 0, 0
61.7997, 1.01015, 0.239552, 1.01015, 0.239552, 0, 0, 0, 0, 0, 0, 1.11168, 0, 0, 0
61.8496, 1.01015, 0.239552, 1.01015, 0.239552, 0, 0, 0, 0, 0, 0, 1.11168, 0, 0, 0
61.8996, 1.01015, 0.239552, 1.01015, 0.239552, 0, 0, 0, 0, 0, 0, 1.11168, 0, 0, 0
61.9496, 1.01015, 0.239552, 1.01015, 0.239552, 0, 0, 0, 0, 0, 0, 1.11168, 0, 0, 0
61.9996, 1.01015, 0.239552, 1.01015, 0.239552, 0, 0, 0, 0, 0, 0, 1.11168, 0, 0, 0
62.0006, 1.01015, 0.239552, 1.01015, 0.239552, 0, 0, 0, 0, 0, 0, 1.11168, 0, 0, 0
62.0006, 1.01015, 0.239552, 1.01015, 0.239552, 0, 0, 0, 0, 0, 0, 1.11168, 0, 0, 0
62.0505, 1.01015, 0.239552, 1.01015, 0.239552, 0, 0, 0, 0, 0, 0, 1.11168, 0, 0, 0
62.1005, 1.01015, 0.239552, 1.01015, 0.239552, 0, 0, 0, 0, 0, 0, 1.11168, 0, 0, 0
62.1505, 1.01015, 0.239552, 1.01015, 0.239552, 0, 0, 0, 0, 0, 0, 1.11168, 0, 0, 0
62.2004, 1.01015, 0.239552, 1.01015, 0.239552, 0, 0, 0, 0, 0, 0, 1.11168, 0, 0, 0
62.2504, 1.01015, 0.239552, 1.01015, 0.239552, 0, 0, 0, 0, 0, 0, 1.11168, 0, 0, 0
62.3004, 1.01015, 0.239552, 1.01015, 0.239552, 0, 0, 0, 0, 0, 0, 1.11168, 0, 0, 0
62.3504, 1.01015, 0.239552, 1.01015, 0.239552, 0, 0, 0, 0, 0, 0, 1.11168, 0, 0, 0
62.4003, 1.01015, 0.239552, 1.01015, 0.239552, 0, 0, 0, 0, 0, 0, 1.11168, 0, 0, 0
62.4503, 1.01015, 0.239552, 1.01015, 0.239552, 0, 0, 0, 0, 0, 0, 1.11168, 0, 0, 0
62.5003, 1.01015, 0.239552, 1.01015, 0.239552, 0, 0, 0, 0, 0, 0, 1.11168, 0, 0, 0
62.5503, 1.01015, 0.239552, 1.01015, 0.239552, 0, 0, 0, 0, 0, 0, 1.11168, 0, 0, 0
62.6002, 1.01015, 0.239552, 1.01015, 0.239552, 0, 0, 0, 0, 0, 0, 1.11168, 0, 0, 0
62.6502, 1.01015, 0.239552, 1.01015, 0.239552, 0, 0, 0, 0, 0, 0, 1.11168, 0, 0, 0
62.7002, 1.01015, 0.239552, 1.01015, 0.239552, 0, 0, 0, 0, 0, 0, 1.11168, 0, 0, 0
62.7501, 1.01015, 0.239552, 1.01015, 0.239552, 0, 0, 0, 0, 0, 0, 1.11168, 0, 0, 0
62.8001, 1.01015, 0.239552, 1.01015, 0.239552, 0, 0, 0, 0, 0, 0, 1.11168, 0, 0, 0
62.8501, 1.01015, 0.239552, 1.01015, 0.239552, 0, 0, 0, 0, 0, 0, 1.11168, 0, 0, 0
62.9001, 1.01015, 0.239552, 1.01015, 0.239552, 0, 0, 0, 0, 0, 0, 1.11168, 0, 0, 0
62.95, 1.01015, 0.239552, 1.01015, 0.239552, 0, 0, 0, 0, 0, 0, 1.11168, 0, 0, 0
63, 1.01015, 0.239552, 1.01015, 0.239552, 0, 0, 0, 0, 0, 0, 1.11168, 0, 0, 0
63, 1.01015, 0.239552, 1.01015, 0.239552, 0, 0, 0, 0, 0, 0, 1.11168, 0, 0, 0
63.05, 1.01015, 0.239552, 1.01015, 0.239552, 0, 0, 0, 0, 0, 0, 1.11168, 0, 0, 0
63.0999, 1.01015, 0.239552, 1.01015, 0.239552, 0, 0, 0, 0, 0, 0, 1.11168, 0, 0, 0
63.1499, 1.01015, 0.239552, 1.01015, 0.239552, 0, 0, 0, 0, 0, 0, 1.11168, 0, 0, 0
63.1999, 1.01015, 0.239552, 1.01015, 0.239552, 0, 0, 0, 0, 0, 0, 1.11168, 0, 0, 0
63.2499, 1.01015, 0.239552, 1.01015, 0.239552, 0, 0, 0, 0, 0, 0, 1.11168, 0, 0, 0
63.2998, 1.01015, 0.239552, 1.01015, 0.239552, 0, 0, 0, 0, 0, 0, 1.11168, 0, 0, 0
63.3498, 1.01015, 0.239552, 1.01015, 0.239552, 0, 0, 0, 0, 0, 0, 1.11168, 0, 0, 0
63.3998, 1.01015, 0.239552, 1.01015, 0.239552, 0, 0, 0, 0, 0, 0, 1.11168, 0, 0, 0
63.4498, 1.01015, 0.239552, 1.01015, 0.239552, 0, 0, 0, 0, 0, 0, 1.11168, 0, 0, 0
63.4997, 1.01015, 0.239552, 1.01015, 0.239552, 0, 0, 0, 0, 0, 0, 1.11168, 0, 0, 0
63.5497, 1.01015, 0.239552, 1.01015, 0.239552, 0, 0, 0, 0, 0, 0, 1.11168, 0, 0, 0
63.5997, 1.01015, 0.239552, 1.01015, 0.239552, 0, 0, 0, 0, 0, 0, 1.11168, 0, 0, 0
63.6496, 1.01015, 0.239552, 1.01015, 0.239552, 0, 0, 0, 0, 0, 0, 1.11168, 0, 0, 0
63.6996, 1.01015, 0.239552, 1.01015, 0.239552, 0, 0, 0, 0, 0, 0, 1.11168, 0, 0, 0
63.7496, 1.01015, 0.239552, 1.01015, 0.239552, 0, 0, 0, 0, 0, 0, 1.11168, 0, 0, 0
63.7996, 1.01015, 0.239552, 1.01015, 0.239552, 0, 0, 0, 0, 0, 0, 1.11168, 0, 0, 0
63.8495, 1.01015, 0.239552, 1.01015, 0.239552, 0, 0, 0, 0, 0, 0, 1.11168, 0, 0, 0
63.8995, 1.01015, 0.239552, 1.01015, 0.239552, 0, 0, 0, 0, 0, 0, 1.11168, 0, 0, 0
63.9495, 1.01015, 0.239552, 1.01015, 0.239552, 0, 0, 0, 0, 0, 0, 1.11168, 0, 0, 0
63.9995, 1.01015, 0.239552, 1.01015, 0.239552, 0, 0, 0, 0, 0, 0, 1.11168, 0, 0, 0
64.0005, 1.01015, 0.239552, 1.01015, 0.239552, 0, 0, 0, 0, 0, 0, 1.11168, 0, 0, 0
64.0005, 1.01015, 0.239552, 1.01015, 0.239552, 0, 0, 0, 0, 0, 0, 1.11168, 0, 0, 0
64.0504, 1.01015, 0.239552, 1.01015, 0.239552, 0, 0, 0, 0, 0, 0, 1.11168, 0, 0, 0
64.1004, 1.01015, 0.239552, 1.01015, 0.239552, 0, 0, 0, 0, 0, 0, 1.11168, 0, 0, 0
64.1504, 1.01015, 0.239552, 1.01015, 0.239552, 0, 0, 0, 0, 0, 0, 1.11168, 0, 0, 0
64.2003, 1.01015, 0.239552, 1.01015, 0.239552, 0, 0, 0, 0, 0, 0, 1.11168, 0, 0, 0
64.2503, 1.01015, 0.239552, 1.01015, 0.239552, 0, 0, 0, 0, 0, 0, 1.11168, 0, 0, 0
64.3003, 1.01015, 0.239552, 1.01015, 0.239552, 0, 0, 0, 0, 0, 0, 1.11168, 0, 0, 0
64.3503, 1.01015, 0.239552, 1.01015, 0.239552, 0, 0, 0, 0, 0, 0, 1.11168, 0, 0, 0
64.4002, 1.01015, 0.239552, 1.01015, 0.239552, 0, 0, 0, 0, 0, 0, 1.11168, 0, 0, 0
64.4502, 1.01015, 0.239552, 1.01015, 0.239552, 0, 0, 0, 0, 0, 0, 1.11168, 0, 0, 0
64.5002, 1.01015, 0.239552, 1.01015, 0.239552, 0, 0, 0, 0, 0, 0, 1.11168, 0, 0, 0
64.5502, 1.01015, 0.239552, 1.01015, 0.239552, 0, 0, 0, 0, 0, 0, 1.11168, 0, 0, 0
64.6001, 1.01015, 0.239552, 1.01015, 0.239552, 0, 0, 0, 0, 0, 0, 1.11168, 0, 0, 0
64.6501, 1.01015, 0.239552, 1.01015, 0.239552, 0, 0, 0, 0, 0, 0, 1.11168, 0, 0, 0
64.7001, 1.01015, 0.239552, 1.01015, 0.239552, 0, 0, 0, 0, 0, 0, 1.11168, 0, 0, 0
64.75, 1.01015, 0.239552, 1.01015, 0.239552, 0, 0, 0, 0, 0, 0, 1.11168, 0, 0, 0
64.8, 1.01015, 0.239552, 1.01015, 0.239552, 0, 0, 0, 0, 0, 0, 1.11168, 0, 0, 0
64.85, 1.01015, 0.239552, 1.01015, 0.239552, 0, 0, 0, 0, 0, 0, 1.11168, 0, 0, 0
64.9, 1.01015, 0.239552, 1.01015, 0.239552, 0, 0, 0, 0, 0, 0, 1.11168, 0, 0, 0
64.9499, 1.01015, 0.239552, 1.01015, 0.239552, 0, 0, 0, 0, 0, 0, 1.11168, 0, 0, 0
64.9999, 1.01015, 0.239552, 1.01015, 0.239552, 0, 0, 0, 0, 0, 0, 1.11168, 0, 0, 0
65.0009, 1.01015, 0.239552, 1.01015, 0.239552, 0, 0, 0, 0, 0, 0, 1.11168, 0, 0, 0
65.0009, 1.01015, 0.239552, 1.01015, 0.239552, 0, 0, 0, 0, 0, 0, 1.11168, 0, 0, 0
65.0509, 1.01015, 0.239552, 1.01015, 0.239552, 0, 0, 0, 0, 0, 0, 1.11168, 0, 0, 0
65.1009, 1.01015, 0.239552, 1.01015, 0.239552, 0, 0, 0, 0, 0, 0, 1.11168, 0, 0, 0
65.1508, 1.01015, 0.239552, 1.01015, 0.239552, 0, 0, 0, 0, 0, 0, 1.11168, 0, 0, 0
65.2008, 1.01015, 0.239552, 1.01015, 0.239552, 0, 0, 0, 0, 0, 0, 1.11168, 0, 0, 0
65.2508, 1.01015, 0.239552, 1.01015, 0.239552, 0, 0, 0, 0, 0, 0, 1.11168, 0, 0, 0
65.3007, 1.01015, 0.239552, 1.01015, 0.239552, 0, 0, 0, 0, 0, 0, 1.11168, 0, 0, 0
65.3507, 1.01015, 0.239552, 1.01015, 0.239552, 0, 0, 0, 0, 0, 0, 1.11168, 0, 0, 0
65.4007, 1.01015, 0.239552, 1.01015, 0.239552, 0, 0, 0, 0, 0, 0, 1.11168, 0, 0, 0
65.4507, 1.01015, 0.239552, 1.01015, 0.239552, 0, 0, 0, 0, 0, 0, 1.11168, 0, 0, 0
65.5006, 1.01015, 0.239552, 1.01015, 0.239552, 0, 0, 0, 0, 0, 0, 1.11168, 0, 0, 0
65.5506, 1.01015, 0.239552, 1.01015, 0.239552, 0, 0, 0, 0, 0, 0, 1.11168, 0, 0, 0
65.6006, 1.01015, 0.239552, 1.01015, 0.239552, 0, 0, 0, 0, 0, 0, 1.11168, 0, 0, 0
65.6506, 1.01015, 0.239552, 1.01015, 0.239552, 0, 0, 0, 0, 0, 0, 1.11168, 0, 0, 0
65.7005, 1.01015, 0.239552, 1.01015, 0.239552, 0, 0, 0, 0, 0, 0, 1.11168, 0, 0, 0
65.7505, 1.01015, 0.239552, 1.01015, 0.239552, 0, 0, 0, 0, 0, 0, 1.11168, 0, 0, 0
65.8005, 1.01015, 0.239552, 1.01015, 0.239552, 0, 0, 0, 0, 0, 0, 1.11168, 0, 0, 0
65.8504, 1.01015, 0.239552, 1.01015, 0.239552, 0, 0, 0, 0, 0, 0, 1.11168, 0, 0, 0
65.9004, 1.01015, 0.239552, 1.01015, 0.239552, 0, 0, 0, 0, 0, 0, 1.11168, 0, 0, 0
65.9504, 1.01015, 0.239552, 1.01015, 0.239552, 0, 0, 0, 0, 0, 0, 1.11168, 0, 0, 0
66.0004, 1.01015, 0.239552, 1.01015, 0.239552, 0, 0, 0, 0, 0, 0, 1.11168, 0, 0, 0
66.0004, 1.01015, 0.239552, 1.01015, 0.239552, 0, 0, 0, 0, 0, 0, 1.11168, 0, 0, 0
66.0503, 1.01015, 0.239552, 1.01015, 0.239552, 0, 0, 0, 0, 0, 0, 1.11168, 0, 0, 0
66.1003, 1.01015, 0.239552, 1.01015, 0.239552, 0, 0, 0, 0, 0, 0, 1.11168, 0, 0, 0
66.1503, 1.01015, 0.239552, 1.01015, 0.239552, 0, 0, 0, 0, 0, 0, 1.11168, 0, 0, 0
66.2002, 1.01015, 0.239552, 1.01015, 0.239552, 0, 0, 0, 0, 0, 0, 1.11168, 0, 0, 0
66.2502, 1.01015, 0.239552, 1.01015, 0.239552, 0, 0, 0, 0, 0, 0, 1.11168, 0, 0, 0
66.3002, 1.01015, 0.239552, 1.01015, 0.239552, 0, 0, 0, 0, 0, 0, 1.11168, 0, 0, 0
66.3502, 1.01015, 0.239552, 1.01015, 0.239552, 0, 0, 0, 0, 0, 0, 1.11168, 0, 0, 0
66.4001, 1.01015, 0.239552, 1.01015, 0.239552, 0, 0, 0, 0, 0, 0, 1.11168, 0, 0, 0
66.4501, 1.01015, 0.239552, 1.01015, 0.239552, 0, 0, 0, 0, 0, 0, 1.11168, 0, 0, 0
66.5001, 1.01015, 0.239552, 1.01015, 0.239552, 0, 0, 0, 0, 0, 0, 1.11168, 0, 0, 0
66.5501, 1.01015, 0.239552, 1.01015, 0.239552, 0, 0, 0, 0, 0, 0, 1.11168, 0, 0, 0
66.6, 1.01015, 0.239552, 1.01015, 0.239552, 0, 0, 0, 0, 0, 0, 1.11168, 0, 0, 0
66.65, 1.01015, 0.239552, 1.01015, 0.239552, 0, 0, 0, 0, 0, 0, 1.11168, 0, 0, 0
66.7, 1.01015, 0.239552, 1.01015, 0.239552, 0, 0, 0, 0, 0, 0, 1.11168, 0, 0, 0
66.7499, 1.01015, 0.239552, 1.01015, 0.239552, 0, 0, 0, 0, 0, 0, 1.11168, 0, 0, 0
66.7999, 1.01015, 0.239552, 1.01015, 0.239552, 0, 0, 0, 0, 0, 0, 1.11168, 0, 0, 0
66.8499, 1.01015, 0.239552, 1.01015, 0.239552, 0, 0, 0, 0, 0, 0, 1.11168, 0, 0, 0
66.8999, 1.01015, 0.239552, 1.01015, 0.239552, 0, 0, 0, 0, 0, 0, 1.11168, 0, 0, 0
66.9498, 1.01015, 0.239552, 1.01015, 0.239552, 0, 0, 0, 0, 0, 0, 1.11168, 0, 0, 0
66.9998, 1.01015, 0.239552, 1.01015, 0.239552, 0, 0, 0, 0, 0, 0, 1.11168, 0, 0, 0
67.0008, 1.01015, 0.239552, 1.01015, 0.239552, 0, 0, 0, 0, 0, 0, 1.11168, 0, 0, 0
67.0008, 1.01015, 0.239552, 1.01015, 0.239552, 0, 0, 0, 0, 0, 0, 1.11168, 0, 0, 0
67.0508, 1.01015, 0.239552, 1.01015, 0.239552, 0, 0, 0, 0, 0, 0, 1.11168, 0, 0, 0
67.1008, 1.01015, 0.239552, 1.01015, 0.239552, 0, 0, 0, 0, 0, 0, 1.11168, 0, 0, 0
67.1507, 1.01015, 0.239552, 1.01015, 0.239552, 0, 0, 0, 0, 0, 0, 1.11168, 0, 0, 0
67.2007, 1.01015, 0.239552, 1.01015, 0.239552, 0, 0, 0, 0, 0, 0, 1.11168, 0, 0, 0
67.2507, 1.01015, 0.239552, 1.01015, 0.239552, 0, 0, 0, 0, 0, 0, 1.11168, 0, 0, 0
67.3006, 1.01015, 0.239552, 1.01015, 0.239552, 0, 0, 0, 0, 0, 0, 1.11168, 0, 0, 0
67.3506, 1.01015, 0.239552, 1.01015, 0.239552, 0, 0, 0, 0, 0, 0, 1.11168, 0, 0, 0
67.4006, 1.01015, 0.239552, 1.01015, 0.239552, 0, 0, 0, 0, 0, 0, 1.11168, 0, 0, 0
67.4506, 1.01015, 0.239552, 1.01015, 0.239552, 0, 0, 0, 0, 0, 0, 1.11168, 0, 0, 0
67.5005, 1.01015, 0.239552, 1.01015, 0.239552, 0, 0, 0, 0, 0, 0, 1.11168, 0, 0, 0
67.5505, 1.01015, 0.239552, 1.01015, 0.239552, 0, 0, 0, 0, 0, 0, 1.11168, 0, 0, 0
67.6005, 1.01015, 0.239552, 1.01015, 0.239552, 0, 0, 0, 0, 0, 0, 1.11168, 0, 0, 0
67.6505, 1.01015, 0.239552, 1.01015, 0.239552, 0, 0, 0, 0, 0, 0, 1.11168, 0, 0, 0
67.7004, 1.01015, 0.239552, 1.01015, 0.239552, 0, 0, 0, 0, 0, 0, 1.11168, 0, 0, 0
67.7504, 1.01015, 0.239552, 1.01015, 0.239552, 0, 0, 0, 0, 0, 0, 1.11168, 0, 0, 0
67.8004, 1.01015, 0.239552, 1.01015, 0.239552, 0, 0, 0, 0, 0, 0, 1.11168, 0, 0, 0
67.8503, 1.01015, 0.239552, 1.01015, 0.239552, 0, 0, 0, 0, 0, 0, 1.11168, 0, 0, 0
67.9003, 1.01015, 0.239552, 1.01015, 0.239552, 0, 0, 0, 0, 0, 0, 1.11168, 0, 0, 0
67.9503, 1.01015, 0.239552, 1.01015, 0.239552, 0, 0, 0, 0, 0, 0, 1.11168, 0, 0, 0
68.0003, 1.01015, 0.239552, 1.01015, 0.239552, 0, 0, 0, 0, 0, 0, 1.11168, 0, 0, 0
68.0003, 1.01015, 0.239552, 1.01015, 0.239552, 0, 0, 0, 0, 0, 0, 1.11168, 0, 0, 0
68.0502, 1.01015, 0.239552, 1.01015, 0.239552, 0, 0, 0, 0, 0, 0, 1.11168, 0, 0, 0
68.1002, 1.01015, 0.239552, 1.01015, 0.239552, 0, 0, 0, 0, 0, 0, 1.11168, 0, 0, 0
68.1502, 1.01015, 0.239552, 1.01015, 0.239552, 0, 0, 0, 0, 0, 0, 1.11168, 0, 0, 0
68.2001, 1.01015, 0.239552, 1.01015, 0.239552, 0, 0, 0, 0, 0, 0, 1.11168, 0, 0, 0
68.2501, 1.01015, 0.239552, 1.01015, 0.239552, 0, 0, 0, 0, 0, 0, 1.11168, 0, 0, 0
68.3001, 1.01015, 0.239552, 1.01015, 0.239552, 0, 0, 0, 0, 0, 0, 1.11168, 0, 0, 0
68.3501, 1.01015, 0.239552, 1.01015, 0.239552, 0, 0, 0, 0, 0, 0, 1.11168, 0, 0, 0
68.4, 1.01015, 0.239552, 1.01015, 0.239552, 0, 0, 0, 0, 0, 0, 1.11168, 0, 0, 0
68.45, 1.01015, 0.239552, 1.01015, 0.239552, 0, 0, 0, 0, 0, 0, 1.11168, 0, 0, 0
68.5, 1.01015, 0.239552, 1.01015, 0.239552, 0, 0, 0, 0, 0, 0, 1.11168, 0, 0, 0
68.55, 1.01015, 0.239552, 1.01015, 0.239552, 0, 0, 0, 0, 0, 0, 1.11168, 0, 0, 0
68.5999, 1.01015, 0.239552, 1.01015, 0.239552, 0, 0, 0, 0, 0, 0, 1.11168, 0, 0, 0
68.6499, 1.01015, 0.239552, 1.01015, 0.239552, 0, 0, 0, 0, 0, 0, 1.11168, 0, 0, 0
68.6999, 1.01015, 0.239552, 1.01015, 0.239552, 0, 0, 0, 0, 0, 0, 1.11168, 0, 0, 0
68.7498, 1.01015, 0.239552, 1.01015, 0.239552, 0, 0, 0, 0, 0, 0, 1.11168, 0, 0, 0
68.7998, 1.01015, 0.239552, 1.01015, 0.239552, 0, 0, 0, 0, 0, 0, 1.11168, 0, 0, 0
68.8498, 1.01015, 0.239552, 1.01015, 0.239552, 0, 0, 0, 0, 0, 0, 1.11168, 0, 0, 0
68.8998, 1.01015, 0.239552, 1.01015, 0.239552, 0, 0, 0, 0, 0, 0, 1.11168, 0, 0, 0
68.9497, 1.01015, 0.239552, 1.01015, 0.239552, 0, 0, 0, 0, 0, 0, 1.11168, 0, 0, 0
68.9997, 1.01015, 0.239552, 1.01015, 0.239552, 0, 0, 0, 0, 0, 0, 1.11168, 0, 0, 0
69.0007, 1.01015, 0.239552, 1.01015, 0.239552, 0, 0, 0, 0, 0, 0, 1.11168, 0, 0, 0
69.0007, 1.01015, 0.239552, 1.01015, 0.239552, 0, 0, 0, 0, 0, 0, 1.11168, 0, 0, 0
69.0507, 1.01015, 0.239552, 1.01015, 0.239552, 0, 0, 0, 0, 0, 0, 1.11168, 0, 0, 0
69.1007, 1.01015, 0.239552, 1.01015, 0.239552, 0, 0, 0, 0, 0, 0, 1.11168, 0, 0, 0
69.1506, 1.01015, 0.239552, 1.01015, 0.239552, 0, 0, 0, 0, 0, 0, 1.11168, 0, 0, 0
69.2006, 1.01015, 0.239552, 1.01015, 0.239552, 0, 0, 0, 0, 0, 0, 1.11168, 0, 0, 0
69.2506, 1.01015, 0.239552, 1.01015, 0.239552, 0, 0, 0, 0, 0, 0, 1.11168, 0, 0, 0
69.3005, 1.01015, 0.239552, 1.01015, 0.239552, 0, 0, 0, 0, 0, 0, 1.11168, 0, 0, 0
69.3505, 1.01015, 0.239552, 1.01015, 0.239552, 0, 0, 0, 0, 0, 0, 1.11168, 0, 0, 0
69.4005, 1.01015, 0.239552, 1.01015, 0.239552, 0, 0, 0, 0, 0, 0, 1.11168, 0, 0, 0
69.4505, 1.01015, 0.239552, 1.01015, 0.239552, 0, 0, 0, 0, 0, 0, 1.11168, 0, 0, 0
69.5004, 1.01015, 0.239552, 1.01015, 0.239552, 0, 0, 0, 0, 0, 0, 1.11168, 0, 0, 0
69.5504, 1.01015, 0.239552, 1.01015, 0.239552, 0, 0, 0, 0, 0, 0, 1.11168, 0, 0, 0
69.6004, 1.01015, 0.239552, 1.01015, 0.239552, 0, 0, 0, 0, 0, 0, 1.11168, 0, 0, 0
69.6504, 1.01015, 0.239552, 1.01015, 0.239552, 0, 0, 0, 0, 0, 0, 1.11168, 0, 0, 0
69.7003, 1.01015, 0.239552, 1.01015, 0.239552, 0, 0, 0, 0, 0, 0, 1.11168, 0, 0, 0
69.7503, 1.01015, 0.239552, 1.01015, 0.239552, 0, 0, 0, 0, 0, 0, 1.11168, 0, 0, 0
69.8003, 1.01015, 0.239552, 1.01015, 0.239552, 0, 0, 0, 0, 0, 0, 1.11168, 0, 0, 0
69.8502, 1.01015, 0.239552, 1.01015, 0.239552, 0, 0, 0, 0, 0, 0, 1.11168, 0, 0, 0
69.9002, 1.01015, 0.239552, 1.01015, 0.239552, 0, 0, 0, 0, 0, 0, 1.11168, 0, 0, 0
69.9502, 1.01015, 0.239552, 1.01015, 0.239552, 0, 0, 0, 0, 0, 0, 1.11168, 0, 0, 0
70.0002, 1.01015, 0.239552, 1.01015, 0.239552, 0, 0, 0, 0, 0, 0, 1.11168, 0, 0, 0
70.0002, 1.01015, 0.239552, 1.01015, 0.239552, 0, 0, 0, 0, 0, 0, 1.11168, 0, 0, 0
70.0501, 1.01015, 0.239552, 1.01015, 0.239552, 0, 0, 0, 0, 0, 0, 1.11168, 0, 0, 0
70.1001, 1.01015, 0.239552, 1.01015, 0.239552, 0, 0, 0, 0, 0, 0, 1.11168, 0, 0, 0
70.1501, 1.01015, 0.239552, 1.01015, 0.239552, 0, 0, 0, 0, 0, 0, 1.11168, 0, 0, 0
70.2001, 1.01015, 0.239552, 1.01015, 0.239552, 0, 0, 0, 0, 0, 0, 1.11168, 0, 0, 0
70.25, 1.01015, 0.239552, 1.01015, 0.239552, 0, 0, 0, 0, 0, 0, 1.11168, 0, 0, 0
70.3, 1.01015, 0.239552, 1.01015, 0.239552, 0, 0, 0, 0, 0, 0, 1.11168, 0, 0, 0
70.35, 1.01015, 0.239552, 1.01015, 0.239552, 0, 0, 0, 0, 0, 0, 1.11168, 0, 0, 0
70.3999, 1.01015, 0.239552, 1.01015, 0.239552, 0, 0, 0, 0, 0, 0, 1.11168, 0, 0, 0
70.4499, 1.01015, 0.239552, 1.01015, 0.239552, 0, 0, 0, 0, 0, 0, 1.11168, 0, 0, 0
70.4999, 1.01015, 0.239552, 1.01015, 0.239552, 0, 0, 0, 0, 0, 0, 1.11168, 0, 0, 0
70.5499, 1.01015, 0.239552, 1.01015, 0.239552, 0, 0, 0, 0, 0, 0, 1.11168, 0, 0, 0
70.5998, 1.01015, 0.239552, 1.01015, 0.239552, 0, 0, 0, 0, 0, 0, 1.11168, 0, 0, 0
70.6498, 1.01015, 0.239552, 1.01015, 0.239552, 0, 0, 0, 0, 0, 0, 1.11168, 0, 0, 0
70.6998, 1.01015, 0.239552, 1.01015, 0.239552, 0, 0, 0, 0, 0, 0, 1.11168, 0, 0, 0
70.7497, 1.01015, 0.239552, 1.01015, 0.239552, 0, 0, 0, 0, 0, 0, 1.11168, 0, 0, 0
70.7997, 1.01015, 0.239552, 1.01015, 0.239552, 0, 0, 0, 0, 0, 0, 1.11168, 0, 0, 0
70.8497, 1.01015, 0.239552, 1.01015, 0.239552, 0, 0, 0, 0, 0, 0, 1.11168, 0, 0, 0
70.8997, 1.01015, 0.239552, 1.01015, 0.239552, 0, 0, 0, 0, 0, 0, 1.11168, 0, 0, 0
70.9496, 1.01015, 0.239552, 1.01015, 0.239552, 0, 0, 0, 0, 0, 0, 1.11168, 0, 0, 0
70.9996, 1.01015, 0.239552, 1.01015, 0.239552, 0, 0, 0, 0, 0, 0, 1.11168, 0, 0, 0
71.0006, 1.01015, 0.239552, 1.01015, 0.239552, 0, 0, 0, 0, 0, 0, 1.11168, 0, 0, 0
71.0006, 1.01015, 0.239552, 1.01015, 0.239552, 0, 0, 0, 0, 0, 0, 1.11168, 0, 0, 0
71.0506, 1.01015, 0.239552, 1.01015, 0.239552, 0, 0, 0, 0, 0, 0, 1.11168, 0, 0, 0
71.1006, 1.01015, 0.239552, 1.01015, 0.239552, 0, 0, 0, 0, 0, 0, 1.11168, 0, 0, 0
71.1505, 1.01015, 0.239552, 1.01015, 0.239552, 0, 0, 0, 0, 0, 0, 1.11168, 0, 0, 0
71.2005, 1.01015, 0.239552, 1.01015, 0.239552, 0, 0, 0, 0, 0, 0, 1.11168, 0, 0, 0
71.2505, 1.01015, 0.239552, 1.01015, 0.239552, 0, 0, 0, 0, 0, 0, 1.11168, 0, 0, 0
71.3004, 1.01015, 0.239552, 1.01015, 0.239552, 0, 0, 0, 0, 0, 0, 1.11168, 0, 0, 0
71.3504, 1.01015, 0.239552, 1.01015, 0.239552, 0, 0, 0, 0, 0, 0, 1.11168, 0, 0, 0
71.4004, 1.01015, 0.239552, 1.01015, 0.239552, 0, 0, 0, 0, 0, 0, 1.11168, 0, 0, 0
71.4504, 1.01015, 0.239552, 1.01015, 0.239552, 0, 0, 0, 0, 0, 0, 1.11168, 0, 0, 0
71.5003, 1.01015, 0.239552, 1.01015, 0.239552, 0, 0, 0, 0, 0, 0, 1.11168, 0, 0, 0
71.5503, 1.01015, 0.239552, 1.01015, 0.239552, 0, 0, 0, 0, 0, 0, 1.11168, 0, 0, 0
71.6003, 1.01015, 0.239552, 1.01015, 0.239552, 0, 0, 0, 0, 0, 0, 1.11168, 0, 0, 0
71.6503, 1.01015, 0.239552, 1.01015, 0.239552, 0, 0, 0, 0, 0, 0, 1.11168, 0, 0, 0
71.7002, 1.01015, 0.239552, 1.01015, 0.239552, 0, 0, 0, 0, 0, 0, 1.11168, 0, 0, 0
71.7502, 1.01015, 0.239552, 1.01015, 0.239552, 0, 0, 0, 0, 0, 0, 1.11168, 0, 0, 0
71.8002, 1.01015, 0.239552, 1.01015, 0.239552, 0, 0, 0, 0, 0, 0, 1.11168, 0, 0, 0
71.8501, 1.01015, 0.239552, 1.01015, 0.239552, 0, 0, 0, 0, 0, 0, 1.11168, 0, 0, 0
71.9001, 1.01015, 0.239552, 1.01015, 0.239552, 0, 0, 0, 0, 0, 0, 1.11168, 0, 0, 0
71.9501, 1.01015, 0.239552, 1.01015, 0.239552, 0, 0, 0, 0, 0, 0, 1.11168, 0, 0, 0
72.0001, 1.01015, 0.239552, 1.01015, 0.239552, 0, 0, 0, 0, 0, 0, 1.11168, 0, 0, 0
72.0001, 1.01015, 0.239552, 1.01015, 0.239552, 0, 0, 0, 0, 0, 0, 1.11168, 0, 0, 0
72.05, 1.01015, 0.239552, 1.01015, 0.239552, 0, 0, 0, 0, 0, 0, 1.11168, 0, 0, 0
72.1, 1.01015, 0.239552, 1.01015, 0.239552, 0, 0, 0, 0, 0, 0, 1.11168, 0, 0, 0
72.15, 1.01015, 0.239552, 1.01015, 0.239552, 0, 0, 0, 0, 0, 0, 1.11168, 0, 0, 0
72.2, 1.01015, 0.239552, 1.01015, 0.239552, 0, 0, 0, 0, 0, 0, 1.11168, 0, 0, 0
72.2499, 1.01015, 0.239552, 1.01015, 0.239552, 0, 0, 0, 0, 0, 0, 1.11168, 0, 0, 0
72.2999, 1.01015, 0.239552, 1.01015, 0.239552, 0, 0, 0, 0, 0, 0, 1.11168, 0, 0, 0
72.3499, 1.01015, 0.239552, 1.01015, 0.239552, 0, 0, 0, 0, 0, 0, 1.11168, 0, 0, 0
72.3998, 1.01015, 0.239552, 1.01015, 0.239552, 0, 0, 0, 0, 0, 0, 1.11168, 0, 0, 0
72.4498, 1.01015, 0.239552, 1.01015, 0.239552, 0, 0, 0, 0, 0, 0, 1.11168, 0, 0, 0
72.4998, 1.01015, 0.239552, 1.01015, 0.239552, 0, 0, 0, 0, 0, 0, 1.11168, 0, 0, 0
72.5498, 1.01015, 0.239552, 1.01015, 0.239552, 0, 0, 0, 0, 0, 0, 1.11168, 0, 0, 0
72.5997, 1.01015, 0.239552, 1.01015, 0.239552, 0, 0, 0, 0, 0, 0, 1.11168, 0, 0, 0
72.6497, 1.01015, 0.239552, 1.01015, 0.239552, 0, 0, 0, 0, 0, 0, 1.11168, 0, 0, 0
72.6997, 1.01015, 0.239552, 1.01015, 0.239552, 0, 0, 0, 0, 0, 0, 1.11168, 0, 0, 0
72.7496, 1.01015, 0.239552, 1.01015, 0.239552, 0, 0, 0, 0, 0, 0, 1.11168, 0, 0, 0
72.7996, 1.01015, 0.239552, 1.01015, 0.239552, 0, 0, 0, 0, 0, 0, 1.11168, 0, 0, 0
72.8496, 1.01015, 0.239552, 1.01015, 0.239552, 0, 0, 0, 0, 0, 0, 1.11168, 0, 0, 0
72.8996, 1.01015, 0.239552, 1.01015, 0.239552, 0, 0, 0, 0, 0, 0, 1.11168, 0, 0, 0
72.9495, 1.01015, 0.239552, 1.01015, 0.239552, 0, 0, 0, 0, 0, 0, 1.11168, 0, 0, 0
72.9995, 1.01015, 0.239552, 1.01015, 0.239552, 0, 0, 0, 0, 0, 0, 1.11168, 0, 0, 0
73.0005, 1.01015, 0.239552, 1.01015, 0.239552, 0, 0, 0, 0, 0, 0, 1.11168, 0, 0, 0
73.0005, 1.01015, 0.239552, 1.01015, 0.239552, 0, 0, 0, 0, 0, 0, 1.11168, 0, 0, 0
73.0505, 1.01015, 0.239552, 1.01015, 0.239552, 0, 0, 0, 0, 0, 0, 1.11168, 0, 0, 0
73.1005, 1.01015, 0.239552, 1.01015, 0.239552, 0, 0, 0, 0, 0, 0, 1.11168, 0, 0, 0
73.1504, 1.01015, 0.239552, 1.01015, 0.239552, 0, 0, 0, 0, 0, 0, 1.11168, 0, 0, 0
73.2004, 1.01015, 0.239552, 1.01015, 0.239552, 0, 0, 0, 0, 0, 0, 1.11168, 0, 0, 0
73.2504, 1.01015, 0.239552, 1.01015, 0.239552, 0, 0, 0, 0, 0, 0, 1.11168, 0, 0, 0
73.3003, 1.01015, 0.239552, 1.01015, 0.239552, 0, 0, 0, 0, 0, 0, 1.11168, 0, 0, 0
73.3503, 1.01015, 0.239552, 1.01015, 0.239552, 0, 0, 0, 0, 0, 0, 1.11168, 0, 0, 0
73.4003, 1.01015, 0.239552, 1.01015, 0.239552, 0, 0, 0, 0, 0, 0, 1.11168, 0, 0, 0
73.4503, 1.01015, 0.239552, 1.01015, 0.239552, 0, 0, 0, 0, 0, 0, 1.11168, 0, 0, 0
73.5002, 1.01015, 0.239552, 1.01015, 0.239552, 0, 0, 0, 0, 0, 0, 1.11168, 0, 0, 0
73.5502, 1.01015, 0.239552, 1.01015, 0.239552, 0, 0, 0, 0, 0, 0, 1.11168, 0, 0, 0
73.6002, 1.01015, 0.239552, 1.01015, 0.239552, 0, 0, 0, 0, 0, 0, 1.11168, 0, 0, 0
73.6502, 1.01015, 0.239552, 1.01015, 0.239552, 0, 0, 0, 0, 0, 0, 1.11168, 0, 0, 0
73.7001, 1.01015, 0.239552, 1.01015, 0.239552, 0, 0, 0, 0, 0, 0, 1.11168, 0, 0, 0
73.7501, 1.01015, 0.239552, 1.01015, 0.239552, 0, 0, 0, 0, 0, 0, 1.11168, 0, 0, 0
73.8001, 1.01015, 0.239552, 1.01015, 0.239552, 0, 0, 0, 0, 0, 0, 1.11168, 0, 0, 0
73.85, 1.01015, 0.239552, 1.01015, 0.239552, 0, 0, 0, 0, 0, 0, 1.11168, 0, 0, 0
73.9, 1.01015, 0.239552, 1.01015, 0.239552, 0, 0, 0, 0, 0, 0, 1.11168, 0, 0, 0
73.95, 1.01015, 0.239552, 1.01015, 0.239552, 0, 0, 0, 0, 0, 0, 1.11168, 0, 0, 0
74, 1.01015, 0.239552, 1.01015, 0.239552, 0, 0, 0, 0, 0, 0, 1.11168, 0, 0, 0
74.001, 1.01015, 0.239552, 1.01015, 0.239552, 0, 0, 0, 0, 0, 0, 1.11168, 0, 0, 0
74.001, 1.01015, 0.239552, 1.01015, 0.239552, 0, 0, 0, 0, 0, 0, 1.11168, 0, 0, 0
74.0509, 1.01015, 0.239552, 1.01015, 0.239552, 0, 0, 0, 0, 0, 0, 1.11168, 0, 0, 0
74.1009, 1.01015, 0.239552, 1.01015, 0.239552, 0, 0, 0, 0, 0, 0, 1.11168, 0, 0, 0
74.1509, 1.01015, 0.239552, 1.01015, 0.239552, 0, 0, 0, 0, 0, 0, 1.11168, 0, 0, 0
74.2009, 1.01015, 0.239552, 1.01015, 0.239552, 0, 0, 0, 0, 0, 0, 1.11168, 0, 0, 0
74.2508, 1.01015, 0.239552, 1.01015, 0.239552, 0, 0, 0, 0, 0, 0, 1.11168, 0, 0, 0
74.3008, 1.01015, 0.239552, 1.01015, 0.239552, 0, 0, 0, 0, 0, 0, 1.11168, 0, 0, 0
74.3508, 1.01015, 0.239552, 1.01015, 0.239552, 0, 0, 0, 0, 0, 0, 1.11168, 0, 0, 0
74.4007, 1.01015, 0.239552, 1.01015, 0.239552, 0, 0, 0, 0, 0, 0, 1.11168, 0, 0, 0
74.4507, 1.01015, 0.239552, 1.01015, 0.239552, 0, 0, 0, 0, 0, 0, 1.11168, 0, 0, 0
74.5007, 1.01015, 0.239552, 1.01015, 0.239552, 0, 0, 0, 0, 0, 0, 1.11168, 0, 0, 0
74.5507, 1.01015, 0.239552, 1.01015, 0.239552, 0, 0, 0, 0, 0, 0, 1.11168, 0, 0, 0
74.6006, 1.01015, 0.239552, 1.01015, 0.239552, 0, 0, 0, 0, 0, 0, 1.11168, 0, 0, 0
74.6506, 1.01015, 0.239552, 1.01015, 0.239552, 0, 0, 0, 0, 0, 0, 1.11168, 0, 0, 0
74.7006, 1.01015, 0.239552, 1.01015, 0.239552, 0, 0, 0, 0, 0, 0, 1.11168, 0, 0, 0
74.7505, 1.01015, 0.239552, 1.01015, 0.239552, 0, 0, 0, 0, 0, 0, 1.11168, 0, 0, 0
74.8005, 1.01015, 0.239552, 1.01015, 0.239552, 0, 0, 0, 0, 0, 0, 1.11168, 0, 0, 0
74.8505, 1.01015, 0.239552, 1.01015, 0.239552, 0, 0, 0, 0, 0, 0, 1.11168, 0, 0, 0
74.9005, 1.01015, 0.239552, 1.01015, 0.239552, 0, 0, 0, 0, 0, 0, 1.11168, 0, 0, 0
74.9504, 1.01015, 0.239552, 1.01015, 0.239552, 0, 0, 0, 0, 0, 0, 1.11168, 0, 0, 0
75.0004, 1.01015, 0.239552, 1.01015, 0.239552, 0, 0, 0, 0, 0, 0, 1.11168, 0, 0, 0
75.0004, 1.01015, 0.239552, 1.01015, 0.239552, 0, 0, 0, 0, 0, 0, 1.11168, 0, 0, 0
75.0504, 1.01015, 0.239552, 1.01015, 0.239552, 0, 0, 0, 0, 0, 0, 1.11168, 0, 0, 0
75.1004, 1.01015, 0.239552, 1.01015, 0.239552, 0, 0, 0, 0, 0, 0, 1.11168, 0, 0, 0
75.1503, 1.01015, 0.239552, 1.01015, 0.239552, 0, 0, 0, 0, 0, 0, 1.11168, 0, 0, 0
75.2003, 1.01015, 0.239552, 1.01015, 0.239552, 0, 0, 0, 0, 0, 0, 1.11168, 0, 0, 0
75.2503, 1.01015, 0.239552, 1.01015, 0.239552, 0, 0, 0, 0, 0, 0, 1.11168, 0, 0, 0
75.3002, 1.01015, 0.239552, 1.01015, 0.239552, 0, 0, 0, 0, 0, 0, 1.11168, 0, 0, 0
75.3502, 1.01015, 0.239552, 1.01015, 0.239552, 0, 0, 0, 0, 0, 0, 1.11168, 0, 0, 0
75.4002, 1.01015, 0.239552, 1.01015, 0.239552, 0, 0, 0, 0, 0, 0, 1.11168, 0, 0, 0
75.4502, 1.01015, 0.239552, 1.01015, 0.239552, 0, 0, 0, 0, 0, 0, 1.11168, 0, 0, 0
75.5001, 1.01015, 0.239552, 1.01015, 0.239552, 0, 0, 0, 0, 0, 0, 1.11168, 0, 0, 0
75.5501, 1.01015, 0.239552, 1.01015, 0.239552, 0, 0, 0, 0, 0, 0, 1.11168, 0, 0, 0
75.6001, 1.01015, 0.239552, 1.01015, 0.239552, 0, 0, 0, 0, 0, 0, 1.11168, 0, 0, 0
75.6501, 1.01015, 0.239552, 1.01015, 0.239552, 0, 0, 0, 0, 0, 0, 1.11168, 0, 0, 0
75.7, 1.01015, 0.239552, 1.01015, 0.239552, 0, 0, 0, 0, 0, 0, 1.11168, 0, 0, 0
75.75, 1.01015, 0.239552, 1.01015, 0.239552, 0, 0, 0, 0, 0, 0, 1.11168, 0, 0, 0
75.8, 1.01015, 0.239552, 1.01015, 0.239552, 0, 0, 0, 0, 0, 0, 1.11168, 0, 0, 0
75.8499, 1.01015, 0.239552, 1.01015, 0.239552, 0, 0, 0, 0, 0, 0, 1.11168, 0, 0, 0
75.8999, 1.01015, 0.239552, 1.01015, 0.239552, 0, 0, 0, 0, 0, 0, 1.11168, 0, 0, 0
75.9499, 1.01015, 0.239552, 1.01015, 0.239552, 0, 0, 0, 0, 0, 0, 1.11168, 0, 0, 0
75.9999, 1.01015, 0.239552, 1.01015, 0.239552, 0, 0, 0, 0, 0, 0, 1.11168, 0, 0, 0
76.0009, 1.01015, 0.239552, 1.01015, 0.239552, 0, 0, 0, 0, 0, 0, 1.11168, 0, 0, 0
76.0009, 1.01015, 0.239552, 1.01015, 0.239552, 0, 0, 0, 0, 0, 0, 1.11168, 0, 0, 0
76.0508, 1.01015, 0.239552, 1.01015, 0.239552, 0, 0, 0, 0, 0, 0, 1.11168, 0, 0, 0
76.1008, 1.01015, 0.239552, 1.01015, 0.239552, 0, 0, 0, 0, 0, 0, 1.11168, 0, 0, 0
76.1508, 1.01015, 0.239552, 1.01015, 0.239552, 0, 0, 0, 0, 0, 0, 1.11168, 0, 0, 0
76.2008, 1.01015, 0.239552, 1.01015, 0.239552, 0, 0, 0, 0, 0, 0, 1.11168, 0, 0, 0
76.2507, 1.01015, 0.239552, 1.01015, 0.239552, 0, 0, 0, 0, 0, 0, 1.11168, 0, 0, 0
76.3007, 1.01015, 0.239552, 1.01015, 0.239552, 0, 0, 0, 0, 0, 0, 1.11168, 0, 0, 0
76.3507, 1.01015, 0.239552, 1.01015, 0.239552, 0, 0, 0, 0, 0, 0, 1.11168, 0, 0, 0
76.4006, 1.01015, 0.239552, 1.01015, 0.239552, 0, 0, 0, 0, 0, 0, 1.11168, 0, 0, 0
76.4506, 1.01015, 0.239552, 1.01015, 0.239552, 0, 0, 0, 0, 0, 0, 1.11168, 0, 0, 0
76.5006, 1.01015, 0.239552, 1.01015, 0.239552, 0, 0, 0, 0, 0, 0, 1.11168, 0, 0, 0
76.5506, 1.01015, 0.239552, 1.01015, 0.239552, 0, 0, 0, 0, 0, 0, 1.11168, 0, 0, 0
76.6005, 1.01015, 0.239552, 1.01015, 0.239552, 0, 0, 0, 0, 0, 0, 1.11168, 0, 0, 0
76.6505, 1.01015, 0.239552, 1.01015, 0.239552, 0, 0, 0, 0, 0, 0, 1.11168, 0, 0, 0
76.7005, 1.01015, 0.239552, 1.01015, 0.239552, 0, 0, 0, 0, 0, 0, 1.11168, 0, 0, 0
76.7505, 1.01015, 0.239552, 1.01015, 0.239552, 0, 0, 0, 0, 0, 0, 1.11168, 0, 0, 0
76.8004, 1.01015, 0.239552, 1.01015, 0.239552, 0, 0, 0, 0, 0, 0, 1.11168, 0, 0, 0
76.8504, 1.01015, 0.239552, 1.01015, 0.239552, 0, 0, 0, 0, 0, 0, 1.11168, 0, 0, 0
76.9004, 1.01015, 0.239552, 1.01015, 0.239552, 0, 0, 0, 0, 0, 0, 1.11168, 0, 0, 0
76.9503, 1.01015, 0.239552, 1.01015, 0.239552, 0, 0, 0, 0, 0, 0, 1.11168, 0, 0, 0
77.0003, 1.01015, 0.239552, 1.01015, 0.239552, 0, 0, 0, 0, 0, 0, 1.11168, 0, 0, 0
77.0003, 1.01015, 0.239552, 1.01015, 0.239552, 0, 0, 0, 0, 0, 0, 1.11168, 0, 0, 0
77.0503, 1.01015, 0.239552, 1.01015, 0.239552, 0, 0, 0, 0, 0, 0, 1.11168, 0, 0, 0
77.1003, 1.01015, 0.239552, 1.01015, 0.239552, 0, 0, 0, 0, 0, 0, 1.11168, 0, 0, 0
77.1502, 1.01015, 0.239552, 1.01015, 0.239552, 0, 0, 0, 0, 0, 0, 1.11168, 0, 0, 0
77.2002, 1.01015, 0.239552, 1.01015, 0.239552, 0, 0, 0, 0, 0, 0, 1.11168, 0, 0, 0
77.2502, 1.01015, 0.239552, 1.01015, 0.239552, 0, 0, 0, 0, 0, 0, 1.11168, 0, 0, 0
77.3001, 1.01015, 0.239552, 1.01015, 0.239552, 0, 0, 0, 0, 0, 0, 1.11168, 0, 0, 0
77.3501, 1.01015, 0.239552, 1.01015, 0.239552, 0, 0, 0, 0, 0, 0, 1.11168, 0, 0, 0
77.4001, 1.01015, 0.239552, 1.01015, 0.239552, 0, 0, 0, 0, 0, 0, 1.11168, 0, 0, 0
77.4501, 1.01015, 0.239552, 1.01015, 0.239552, 0, 0, 0, 0, 0, 0, 1.11168, 0, 0, 0
77.5, 1.01015, 0.239552, 1.01015, 0.239552, 0, 0, 0, 0, 0, 0, 1.11168, 0, 0, 0
77.55, 1.01015, 0.239552, 1.01015, 0.239552, 0, 0, 0, 0, 0, 0, 1.11168, 0, 0, 0
77.6, 1.01015, 0.239552, 1.01015, 0.239552, 0, 0, 0, 0, 0, 0, 1.11168, 0, 0, 0
77.65, 1.01015, 0.239552, 1.01015, 0.239552, 0, 0, 0, 0, 0, 0, 1.11168, 0, 0, 0
77.6999, 1.01015, 0.239552, 1.01015, 0.239552, 0, 0, 0, 0, 0, 0, 1.11168, 0, 0, 0
77.7499, 1.01015, 0.239552, 1.01015, 0.239552, 0, 0, 0, 0, 0, 0, 1.11168, 0, 0, 0
77.7999, 1.01015, 0.239552, 1.01015, 0.239552, 0, 0, 0, 0, 0, 0, 1.11168, 0, 0, 0
77.8498, 1.01015, 0.239552, 1.01015, 0.239552, 0, 0, 0, 0, 0, 0, 1.11168, 0, 0, 0
77.8998, 1.01015, 0.239552, 1.01015, 0.239552, 0, 0, 0, 0, 0, 0, 1.11168, 0, 0, 0
77.9498, 1.01015, 0.239552, 1.01015, 0.239552, 0, 0, 0, 0, 0, 0, 1.11168, 0, 0, 0
77.9998, 1.01015, 0.239552, 1.01015, 0.239552, 0, 0, 0, 0, 0, 0, 1.11168, 0, 0, 0
78.0008, 1.01015, 0.239552, 1.01015, 0.239552, 0, 0, 0, 0, 0, 0, 1.11168, 0, 0, 0
78.0008, 1.01015, 0.239552, 1.01015, 0.239552, 0, 0, 0, 0, 0, 0, 1.11168, 0, 0, 0
78.0507, 1.01015, 0.239552, 1.01015, 0.239552, 0, 0, 0, 0, 0, 0, 1.11168, 0, 0, 0
78.1007, 1.01015, 0.239552, 1.01015, 0.239552, 0, 0, 0, 0, 0, 0, 1.11168, 0, 0, 0
78.1507, 1.01015, 0.239552, 1.01015, 0.239552, 0, 0, 0, 0, 0, 0, 1.11168, 0, 0, 0
78.2007, 1.01015, 0.239552, 1.01015, 0.239552, 0, 0, 0, 0, 0, 0, 1.11168, 0, 0, 0
78.2506, 1.01015, 0.239552, 1.01015, 0.239552, 0, 0, 0, 0, 0, 0, 1.11168, 0, 0, 0
78.3006, 1.01015, 0.239552, 1.01015, 0.239552, 0, 0, 0, 0, 0, 0, 1.11168, 0, 0, 0
78.3506, 1.01015, 0.239552, 1.01015, 0.239552, 0, 0, 0, 0, 0, 0, 1.11168, 0, 0, 0
78.4005, 1.01015, 0.239552, 1.01015, 0.239552, 0, 0, 0, 0, 0, 0, 1.11168, 0, 0, 0
78.4505, 1.01015, 0.239552, 1.01015, 0.239552, 0, 0, 0, 0, 0, 0, 1.11168, 0, 0, 0
78.5005, 1.01015, 0.239552, 1.01015, 0.239552, 0, 0, 0, 0, 0, 0, 1.11168, 0, 0, 0
78.5505, 1.01015, 0.239552, 1.01015, 0.239552, 0, 0, 0, 0, 0, 0, 1.11168, 0, 0, 0
78.6004, 1.01015, 0.239552, 1.01015, 0.239552, 0, 0, 0, 0, 0, 0, 1.11168, 0, 0, 0
78.6504, 1.01015, 0.239552, 1.01015, 0.239552, 0, 0, 0, 0, 0, 0, 1.11168, 0, 0, 0
78.7004, 1.01015, 0.239552, 1.01015, 0.239552, 0, 0, 0, 0, 0, 0, 1.11168, 0, 0, 0
78.7504, 1.01015, 0.239552, 1.01015, 0.239552, 0, 0, 0, 0, 0, 0, 1.11168, 0, 0, 0
78.8003, 1.01015, 0.239552, 1.01015, 0.239552, 0, 0, 0, 0, 0, 0, 1.11168, 0, 0, 0
78.8503, 1.01015, 0.239552, 1.01015, 0.239552, 0, 0, 0, 0, 0, 0, 1.11168, 0, 0, 0
78.9003, 1.01015, 0.239552, 1.01015, 0.239552, 0, 0, 0, 0, 0, 0, 1.11168, 0, 0, 0
78.9502, 1.01015, 0.239552, 1.01015, 0.239552, 0, 0, 0, 0, 0, 0, 1.11168, 0, 0, 0
79.0002, 1.01015, 0.239552, 1.01015, 0.239552, 0, 0, 0, 0, 0, 0, 1.11168, 0, 0, 0
79.0002, 1.01015, 0.239552, 1.01015, 0.239552, 0, 0, 0, 0, 0, 0, 1.11168, 0, 0, 0
79.0502, 1.01015, 0.239552, 1.01015, 0.239552, 0, 0, 0, 0, 0, 0, 1.11168, 0, 0, 0
79.1002, 1.01015, 0.239552, 1.01015, 0.239552, 0, 0, 0, 0, 0, 0, 1.11168, 0, 0, 0
79.1501, 1.01015, 0.239552, 1.01015, 0.239552, 0, 0, 0, 0, 0, 0, 1.11168, 0, 0, 0
79.2001, 1.01015, 0.239552, 1.01015, 0.239552, 0, 0, 0, 0, 0, 0, 1.11168, 0, 0, 0
79.2501, 1.01015, 0.239552, 1.01015, 0.239552, 0, 0, 0, 0, 0, 0, 1.11168, 0, 0, 0
79.3, 1.01015, 0.239552, 1.01015, 0.239552, 0, 0, 0, 0, 0, 0, 1.11168, 0, 0, 0
79.35, 1.01015, 0.239552, 1.01015, 0.239552, 0, 0, 0, 0, 0, 0, 1.11168, 0, 0, 0
79.4, 1.01015, 0.239552, 1.01015, 0.239552, 0, 0, 0, 0, 0, 0, 1.11168, 0, 0, 0
79.45, 1.01015, 0.239552, 1.01015, 0.239552, 0, 0, 0, 0, 0, 0, 1.11168, 0, 0, 0
79.4999, 1.01015, 0.239552, 1.01015, 0.239552, 0, 0, 0, 0, 0, 0, 1.11168, 0, 0, 0
79.5499, 1.01015, 0.239552, 1.01015, 0.239552, 0, 0, 0, 0, 0, 0, 1.11168, 0, 0, 0
79.5999, 1.01015, 0.239552, 1.01015, 0.239552, 0, 0, 0, 0, 0, 0, 1.11168, 0, 0, 0
79.6499, 1.01015, 0.239552, 1.01015, 0.239552, 0, 0, 0, 0, 0, 0, 1.11168, 0, 0, 0
79.6998, 1.01015, 0.239552, 1.01015, 0.239552, 0, 0, 0, 0, 0, 0, 1.11168, 0, 0, 0
79.7498, 1.01015, 0.239552, 1.01015, 0.239552, 0, 0, 0, 0, 0, 0, 1.11168, 0, 0, 0
79.7998, 1.01015, 0.239552, 1.01015, 0.239552, 0, 0, 0, 0, 0, 0, 1.11168, 0, 0, 0
79.8497, 1.01015, 0.239552, 1.01015, 0.239552, 0, 0, 0, 0, 0, 0, 1.11168, 0, 0, 0
79.8997, 1.01015, 0.239552, 1.01015, 0.239552, 0, 0, 0, 0, 0, 0, 1.11168, 0, 0, 0
79.9497, 1.01015, 0.239552, 1.01015, 0.239552, 0, 0, 0, 0, 0, 0, 1.11168, 0, 0, 0
79.9997, 1.01015, 0.239552, 1.01015, 0.239552, 0, 0, 0, 0, 0, 0, 1.11168, 0, 0, 0
80.0007, 1.01015, 0.239552, 1.01015, 0.239552, 0, 0, 0, 0, 0, 0, 1.11168, 0, 0, 0
80.0007, 1.01015, 0.239552, 1.01015, 0.239552, 0, 0, 0, 0, 0, 0, 1.11168, 0, 0, 0
80.0506, 1.01015, 0.239552, 1.01015, 0.239552, 0, 0, 0, 0, 0, 0, 1.11168, 0, 0, 0
80.1006, 1.01015, 0.239552, 1.01015, 0.239552, 0, 0, 0, 0, 0, 0, 1.11168, 0, 0, 0
80.1506, 1.01015, 0.239552, 1.01015, 0.239552, 0, 0, 0, 0, 0, 0, 1.11168, 0, 0, 0
80.2006, 1.01015, 0.239552, 1.01015, 0.239552, 0, 0, 0, 0, 0, 0, 1.11168, 0, 0, 0
80.2505, 1.01015, 0.239552, 1.01015, 0.239552, 0, 0, 0, 0, 0, 0, 1.11168, 0, 0, 0
80.3005, 1.01015, 0.239552, 1.01015, 0.239552, 0, 0, 0, 0, 0, 0, 1.11168, 0, 0, 0
80.3505, 1.01015, 0.239552, 1.01015, 0.239552, 0, 0, 0, 0, 0, 0, 1.11168, 0, 0, 0
80.4004, 1.01015, 0.239552, 1.01015, 0.239552, 0, 0, 0, 0, 0, 0, 1.11168, 0, 0, 0
80.4504, 1.01015, 0.239552, 1.01015, 0.239552, 0, 0, 0, 0, 0, 0, 1.11168, 0, 0, 0
80.5004, 1.01015, 0.239552, 1.01015, 0.239552, 0, 0, 0, 0, 0, 0, 1.11168, 0, 0, 0
80.5504, 1.01015, 0.239552, 1.01015, 0.239552, 0, 0, 0, 0, 0, 0, 1.11168, 0, 0, 0
80.6003, 1.01015, 0.239552, 1.01015, 0.239552, 0, 0, 0, 0, 0, 0, 1.11168, 0, 0, 0
80.6503, 1.01015, 0.239552, 1.01015, 0.239552, 0, 0, 0, 0, 0, 0, 1.11168, 0, 0, 0
80.7003, 1.01015, 0.239552, 1.01015, 0.239552, 0, 0, 0, 0, 0, 0, 1.11168, 0, 0, 0
80.7503, 1.01015, 0.239552, 1.01015, 0.239552, 0, 0, 0, 0, 0, 0, 1.11168, 0, 0, 0
80.8002, 1.01015, 0.239552, 1.01015, 0.239552, 0, 0, 0, 0, 0, 0, 1.11168, 0, 0, 0
80.8502, 1.01015, 0.239552, 1.01015, 0.239552, 0, 0, 0, 0, 0, 0, 1.11168, 0, 0, 0
80.9002, 1.01015, 0.239552, 1.01015, 0.239552, 0, 0, 0, 0, 0, 0, 1.11168, 0, 0, 0
80.9501, 1.01015, 0.239552, 1.01015, 0.239552, 0, 0, 0, 0, 0, 0, 1.11168, 0, 0, 0
81.0001, 1.01015, 0.239552, 1.01015, 0.239552, 0, 0, 0, 0, 0, 0, 1.11168, 0, 0, 0
81.0001, 1.01015, 0.239552, 1.01015, 0.239552, 0, 0, 0, 0, 0, 0, 1.11168, 0, 0, 0
81.0501, 1.01015, 0.239552, 1.01015, 0.239552, 0, 0, 0, 0, 0, 0, 1.11168, 0, 0, 0
81.1001, 1.01015, 0.239552, 1.01015, 0.239552, 0, 0, 0, 0, 0, 0, 1.11168, 0, 0, 0
81.15, 1.01015, 0.239552, 1.01015, 0.239552, 0, 0, 0, 0, 0, 0, 1.11168, 0, 0, 0
81.2, 1.01015, 0.239552, 1.01015, 0.239552, 0, 0, 0, 0, 0, 0, 1.11168, 0, 0, 0
81.25, 1.01015, 0.239552, 1.01015, 0.239552, 0, 0, 0, 0, 0, 0, 1.11168, 0, 0, 0
81.2999, 1.01015, 0.239552, 1.01015, 0.239552, 0, 0, 0, 0, 0, 0, 1.11168, 0, 0, 0
81.3499, 1.01015, 0.239552, 1.01015, 0.239552, 0, 0, 0, 0, 0, 0, 1.11168, 0, 0, 0
81.3999, 1.01015, 0.239552, 1.01015, 0.239552, 0, 0, 0, 0, 0, 0, 1.11168, 0, 0, 0
81.4499, 1.01015, 0.239552, 1.01015, 0.239552, 0, 0, 0, 0, 0, 0, 1.11168, 0, 0, 0
81.4998, 1.01015, 0.239552, 1.01015, 0.239552, 0, 0, 0, 0, 0, 0, 1.11168, 0, 0, 0
81.5498, 1.01015, 0.239552, 1.01015, 0.239552, 0, 0, 0, 0, 0, 0, 1.11168, 0, 0, 0
81.5998, 1.01015, 0.239552, 1.01015, 0.239552, 0, 0, 0, 0, 0, 0, 1.11168, 0, 0, 0
81.6498, 1.01015, 0.239552, 1.01015, 0.239552, 0, 0, 0, 0, 0, 0, 1.11168, 0, 0, 0
81.6997, 1.01015, 0.239552, 1.01015, 0.239552, 0, 0, 0, 0, 0, 0, 1.11168, 0, 0, 0
81.7497, 1.01015, 0.239552, 1.01015, 0.239552, 0, 0, 0, 0, 0, 0, 1.11168, 0, 0, 0
81.7997, 1.01015, 0.239552, 1.01015, 0.239552, 0, 0, 0, 0, 0, 0, 1.11168, 0, 0, 0
81.8496, 1.01015, 0.239552, 1.01015, 0.239552, 0, 0, 0, 0, 0, 0, 1.11168, 0, 0, 0
81.8996, 1.01015, 0.239552, 1.01015, 0.239552, 0, 0, 0, 0, 0, 0, 1.11168, 0, 0, 0
81.9496, 1.01015, 0.239552, 1.01015, 0.239552, 0, 0, 0, 0, 0, 0, 1.11168, 0, 0, 0
81.9996, 1.01015, 0.239552, 1.01015, 0.239552, 0, 0, 0, 0, 0, 0, 1.11168, 0, 0, 0
82.0006, 1.01015, 0.239552, 1.01015, 0.239552, 0, 0, 0, 0, 0, 0, 1.11168, 0, 0, 0
82.0006, 1.01015, 0.239552, 1.01015, 0.239552, 0, 0, 0, 0, 0, 0, 1.11168, 0, 0, 0
82.0505, 1.01015, 0.239552, 1.01015, 0.239552, 0, 0, 0, 0, 0, 0, 1.11168, 0, 0, 0
82.1005, 1.01015, 0.239552, 1.01015, 0.239552, 0, 0, 0, 0, 0, 0, 1.11168, 0, 0, 0
82.1505, 1.01015, 0.239552, 1.01015, 0.239552, 0, 0, 0, 0, 0, 0, 1.11168, 0, 0, 0
82.2005, 1.01015, 0.239552, 1.01015, 0.239552, 0, 0, 0, 0, 0, 0, 1.11168, 0, 0, 0
82.2504, 1.01015, 0.239552, 1.01015, 0.239552, 0, 0, 0, 0, 0, 0, 1.11168, 0, 0, 0
82.3004, 1.01015, 0.239552, 1.01015, 0.239552, 0, 0, 0, 0, 0, 0, 1.11168, 0, 0, 0
82.3504, 1.01015, 0.239552, 1.01015, 0.239552, 0, 0, 0, 0, 0, 0, 1.11168, 0, 0, 0
82.4003, 1.01015, 0.239552, 1.01015, 0.239552, 0, 0, 0, 0, 0, 0, 1.11168, 0, 0, 0
82.4503, 1.01015, 0.239552, 1.01015, 0.239552, 0, 0, 0, 0, 0, 0, 1.11168, 0, 0, 0
82.5003, 1.01015, 0.239552, 1.01015, 0.239552, 0, 0, 0, 0, 0, 0, 1.11168, 0, 0, 0
82.5503, 1.01015, 0.239552, 1.01015, 0.239552, 0, 0, 0, 0, 0, 0, 1.11168, 0, 0, 0
82.6002, 1.01015, 0.239552, 1.01015, 0.239552, 0, 0, 0, 0, 0, 0, 1.11168, 0, 0, 0
82.6502, 1.01015, 0.239552, 1.01015, 0.239552, 0, 0, 0, 0, 0, 0, 1.11168, 0, 0, 0
82.7002, 1.01015, 0.239552, 1.01015, 0.239552, 0, 0, 0, 0, 0, 0, 1.11168, 0, 0, 0
82.7502, 1.01015, 0.239552, 1.01015, 0.239552, 0, 0, 0, 0, 0, 0, 1.11168, 0, 0, 0
82.8001, 1.01015, 0.239552, 1.01015, 0.239552, 0, 0, 0, 0, 0, 0, 1.11168, 0, 0, 0
82.8501, 1.01015, 0.239552, 1.01015, 0.239552, 0, 0, 0, 0, 0, 0, 1.11168, 0, 0, 0
82.9001, 1.01015, 0.239552, 1.01015, 0.239552, 0, 0, 0, 0, 0, 0, 1.11168, 0, 0, 0
82.95, 1.01015, 0.239552, 1.01015, 0.239552, 0, 0, 0, 0, 0, 0, 1.11168, 0, 0, 0
83, 1.01015, 0.239552, 1.01015, 0.239552, 0, 0, 0, 0, 0, 0, 1.11168, 0, 0, 0
83, 1.01015, 0.239552, 1.01015, 0.239552, 0, 0, 0, 0, 0, 0, 1.11168, 0, 0, 0
83.05, 1.01015, 0.239552, 1.01015, 0.239552, 0, 0, 0, 0, 0, 0, 1.11168, 0, 0, 0
83.1, 1.01015, 0.239552, 1.01015, 0.239552, 0, 0, 0, 0, 0, 0, 1.11168, 0, 0, 0
83.1499, 1.01015, 0.239552, 1.01015, 0.239552, 0, 0, 0, 0, 0, 0, 1.11168, 0, 0, 0
83.1999, 1.01015, 0.239552, 1.01015, 0.239552, 0, 0, 0, 0, 0, 0, 1.11168, 0, 0, 0
83.2499, 1.01015, 0.239552, 1.01015, 0.239552, 0, 0, 0, 0, 0, 0, 1.11168, 0, 0, 0
83.2999, 1.01015, 0.239552, 1.01015, 0.239552, 0, 0, 0, 0, 0, 0, 1.11168, 0, 0, 0
83.3498, 1.01015, 0.239552, 1.01015, 0.239552, 0, 0, 0, 0, 0, 0, 1.11168, 0, 0, 0
83.3998, 1.01015, 0.239552, 1.01015, 0.239552, 0, 0, 0, 0, 0, 0, 1.11168, 0, 0, 0
83.4498, 1.01015, 0.239552, 1.01015, 0.239552, 0, 0, 0, 0, 0, 0, 1.11168, 0, 0, 0
83.4997, 1.01015, 0.239552, 1.01015, 0.239552, 0, 0, 0, 0, 0, 0, 1.11168, 0, 0, 0
83.5497, 1.01015, 0.239552, 1.01015, 0.239552, 0, 0, 0, 0, 0, 0, 1.11168, 0, 0, 0
83.5997, 1.01015, 0.239552, 1.01015, 0.239552, 0, 0, 0, 0, 0, 0, 1.11168, 0, 0, 0
83.6497, 1.01015, 0.239552, 1.01015, 0.239552, 0, 0, 0, 0, 0, 0, 1.11168, 0, 0, 0
83.6996, 1.01015, 0.239552, 1.01015, 0.239552, 0, 0, 0, 0, 0, 0, 1.11168, 0, 0, 0
83.7496, 1.01015, 0.239552, 1.01015, 0.239552, 0, 0, 0, 0, 0, 0, 1.11168, 0, 0, 0
83.7996, 1.01015, 0.239552, 1.01015, 0.239552, 0, 0, 0, 0, 0, 0, 1.11168, 0, 0, 0
83.8495, 1.01015, 0.239552, 1.01015, 0.239552, 0, 0, 0, 0, 0, 0, 1.11168, 0, 0, 0
83.8995, 1.01015, 0.239552, 1.01015, 0.239552, 0, 0, 0, 0, 0, 0, 1.11168, 0, 0, 0
83.9495, 1.01015, 0.239552, 1.01015, 0.239552, 0, 0, 0, 0, 0, 0, 1.11168, 0, 0, 0
83.9995, 1.01015, 0.239552, 1.01015, 0.239552, 0, 0, 0, 0, 0, 0, 1.11168, 0, 0, 0
84.0005, 1.01015, 0.239552, 1.01015, 0.239552, 0, 0, 0, 0, 0, 0, 1.11168, 0, 0, 0
84.0005, 1.01015, 0.239552, 1.01015, 0.239552, 0, 0, 0, 0, 0, 0, 1.11168, 0, 0, 0
84.0504, 1.01015, 0.239552, 1.01015, 0.239552, 0, 0, 0, 0, 0, 0, 1.11168, 0, 0, 0
84.1004, 1.01015, 0.239552, 1.01015, 0.239552, 0, 0, 0, 0, 0, 0, 1.11168, 0, 0, 0
84.1504, 1.01015, 0.239552, 1.01015, 0.239552, 0, 0, 0, 0, 0, 0, 1.11168, 0, 0, 0
84.2004, 1.01015, 0.239552, 1.01015, 0.239552, 0, 0, 0, 0, 0, 0, 1.11168, 0, 0, 0
84.2503, 1.01015, 0.239552, 1.01015, 0.239552, 0, 0, 0, 0, 0, 0, 1.11168, 0, 0, 0
84.3003, 1.01015, 0.239552, 1.01015, 0.239552, 0, 0, 0, 0, 0, 0, 1.11168, 0, 0, 0
84.3503, 1.01015, 0.239552, 1.01015, 0.239552, 0, 0, 0, 0, 0, 0, 1.11168, 0, 0, 0
84.4002, 1.01015, 0.239552, 1.01015, 0.239552, 0, 0, 0, 0, 0, 0, 1.11168, 0, 0, 0
84.4502, 1.01015, 0.239552, 1.01015, 0.239552, 0, 0, 0, 0, 0, 0, 1.11168, 0, 0, 0
84.5002, 1.01015, 0.239552, 1.01015, 0.239552, 0, 0, 0, 0, 0, 0, 1.11168, 0, 0, 0
84.5502, 1.01015, 0.239552, 1.01015, 0.239552, 0, 0, 0, 0, 0, 0, 1.11168, 0, 0, 0
84.6001, 1.01015, 0.239552, 1.01015, 0.239552, 0, 0, 0, 0, 0, 0, 1.11168, 0, 0, 0
84.6501, 1.01015, 0.239552, 1.01015, 0.239552, 0, 0, 0, 0, 0, 0, 1.11168, 0, 0, 0
84.7001, 1.01015, 0.239552, 1.01015, 0.239552, 0, 0, 0, 0, 0, 0, 1.11168, 0, 0, 0
84.7501, 1.01015, 0.239552, 1.01015, 0.239552, 0, 0, 0, 0, 0, 0, 1.11168, 0, 0, 0
84.8, 1.01015, 0.239552, 1.01015, 0.239552, 0, 0, 0, 0, 0, 0, 1.11168, 0, 0, 0
84.85, 1.01015, 0.239552, 1.01015, 0.239552, 0, 0, 0, 0, 0, 0, 1.11168, 0, 0, 0
84.9, 1.01015, 0.239552, 1.01015, 0.239552, 0, 0, 0, 0, 0, 0, 1.11168, 0, 0, 0
84.9499, 1.01015, 0.239552, 1.01015, 0.239552, 0, 0, 0, 0, 0, 0, 1.11168, 0, 0, 0
84.9999, 1.01015, 0.239552, 1.01015, 0.239552, 0, 0, 0, 0, 0, 0, 1.11168, 0, 0, 0
85.0009, 1.01015, 0.239552, 1.01015, 0.239552, 0, 0, 0, 0, 0, 0, 1.11168, 0, 0, 0
85.0009, 1.01015, 0.239552, 1.01015, 0.239552, 0, 0, 0, 0, 0, 0, 1.11168, 0, 0, 0
85.0509, 1.01015, 0.239552, 1.01015, 0.239552, 0, 0, 0, 0, 0, 0, 1.11168, 0, 0, 0
85.1009, 1.01015, 0.239552, 1.01015, 0.239552, 0, 0, 0, 0, 0, 0, 1.11168, 0, 0, 0
85.1508, 1.01015, 0.239552, 1.01015, 0.239552, 0, 0, 0, 0, 0, 0, 1.11168, 0, 0, 0
85.2008, 1.01015, 0.239552, 1.01015, 0.239552, 0, 0, 0, 0, 0, 0, 1.11168, 0, 0, 0
85.2508, 1.01015, 0.239552, 1.01015, 0.239552, 0, 0, 0, 0, 0, 0, 1.11168, 0, 0, 0
85.3008, 1.01015, 0.239552, 1.01015, 0.239552, 0, 0, 0, 0, 0, 0, 1.11168, 0, 0, 0
85.3507, 1.01015, 0.239552, 1.01015, 0.239552, 0, 0, 0, 0, 0, 0, 1.11168, 0, 0, 0
85.4007, 1.01015, 0.239552, 1.01015, 0.239552, 0, 0, 0, 0, 0, 0, 1.11168, 0, 0, 0
85.4507, 1.01015, 0.239552, 1.01015, 0.239552, 0, 0, 0, 0, 0, 0, 1.11168, 0, 0, 0
85.5006, 1.01015, 0.239552, 1.01015, 0.239552, 0, 0, 0, 0, 0, 0, 1.11168, 0, 0, 0
85.5506, 1.01015, 0.239552, 1.01015, 0.239552, 0, 0, 0, 0, 0, 0, 1.11168, 0, 0, 0
85.6006, 1.01015, 0.239552, 1.01015, 0.239552, 0, 0, 0, 0, 0, 0, 1.11168, 0, 0, 0
85.6506, 1.01015, 0.239552, 1.01015, 0.239552, 0, 0, 0, 0, 0, 0, 1.11168, 0, 0, 0
85.7005, 1.01015, 0.239552, 1.01015, 0.239552, 0, 0, 0, 0, 0, 0, 1.11168, 0, 0, 0
85.7505, 1.01015, 0.239552, 1.01015, 0.239552, 0, 0, 0, 0, 0, 0, 1.11168, 0, 0, 0
85.8005, 1.01015, 0.239552, 1.01015, 0.239552, 0, 0, 0, 0, 0, 0, 1.11168, 0, 0, 0
85.8504, 1.01015, 0.239552, 1.01015, 0.239552, 0, 0, 0, 0, 0, 0, 1.11168, 0, 0, 0
85.9004, 1.01015, 0.239552, 1.01015, 0.239552, 0, 0, 0, 0, 0, 0, 1.11168, 0, 0, 0
85.9504, 1.01015, 0.239552, 1.01015, 0.239552, 0, 0, 0, 0, 0, 0, 1.11168, 0, 0, 0
86.0004, 1.01015, 0.239552, 1.01015, 0.239552, 0, 0, 0, 0, 0, 0, 1.11168, 0, 0, 0
86.0004, 1.01015, 0.239552, 1.01015, 0.239552, 0, 0, 0, 0, 0, 0, 1.11168, 0, 0, 0
86.0503, 1.01015, 0.239552, 1.01015, 0.239552, 0, 0, 0, 0, 0, 0, 1.11168, 0, 0, 0
86.1003, 1.01015, 0.239552, 1.01015, 0.239552, 0, 0, 0, 0, 0, 0, 1.11168, 0, 0, 0
86.1503, 1.01015, 0.239552, 1.01015, 0.239552, 0, 0, 0, 0, 0, 0, 1.11168, 0, 0, 0
86.2003, 1.01015, 0.239552, 1.01015, 0.239552, 0, 0, 0, 0, 0, 0, 1.11168, 0, 0, 0
86.2502, 1.01015, 0.239552, 1.01015, 0.239552, 0, 0, 0, 0, 0, 0, 1.11168, 0, 0, 0
86.3002, 1.01015, 0.239552, 1.01015, 0.239552, 0, 0, 0, 0, 0, 0, 1.11168, 0, 0, 0
86.3502, 1.01015, 0.239552, 1.01015, 0.239552, 0, 0, 0, 0, 0, 0, 1.11168, 0, 0, 0
86.4001, 1.01015, 0.239552, 1.01015, 0.239552, 0, 0, 0, 0, 0, 0, 1.11168, 0, 0, 0
86.4501, 1.01015, 0.239552, 1.01015, 0.239552, 0, 0, 0, 0, 0, 0, 1.11168, 0, 0, 0
86.5001, 1.01015, 0.239552, 1.01015, 0.239552, 0, 0, 0, 0, 0, 0, 1.11168, 0, 0, 0
86.5501, 1.01015, 0.239552, 1.01015, 0.239552, 0, 0, 0, 0, 0, 0, 1.11168, 0, 0, 0
86.6, 1.01015, 0.239552, 1.01015, 0.239552, 0, 0, 0, 0, 0, 0, 1.11168, 0, 0, 0
86.65, 1.01015, 0.239552, 1.01015, 0.239552, 0, 0, 0, 0, 0, 0, 1.11168, 0, 0, 0
86.7, 1.01015, 0.239552, 1.01015, 0.239552, 0, 0, 0, 0, 0, 0, 1.11168, 0, 0, 0
86.75, 1.01015, 0.239552, 1.01015, 0.239552, 0, 0, 0, 0, 0, 0, 1.11168, 0, 0, 0
86.7999, 1.01015, 0.239552, 1.01015, 0.239552, 0, 0, 0, 0, 0, 0, 1.11168, 0, 0, 0
86.8499, 1.01015, 0.239552, 1.01015, 0.239552, 0, 0, 0, 0, 0, 0, 1.11168, 0, 0, 0
86.8999, 1.01015, 0.239552, 1.01015, 0.239552, 0, 0, 0, 0, 0, 0, 1.11168, 0, 0, 0
86.9498, 1.01015, 0.239552, 1.01015, 0.239552, 0, 0, 0, 0, 0, 0, 1.11168, 0, 0, 0
86.9998, 1.01015, 0.239552, 1.01015, 0.239552, 0, 0, 0, 0, 0, 0, 1.11168, 0, 0, 0
87.0008, 1.01015, 0.239552, 1.01015, 0.239552, 0, 0, 0, 0, 0, 0, 1.11168, 0, 0, 0
87.0008, 1.01015, 0.239552, 1.01015, 0.239552, 0, 0, 0, 0, 0, 0, 1.11168, 0, 0, 0
87.0508, 1.01015, 0.239552, 1.01015, 0.239552, 0, 0, 0, 0, 0, 0, 1.11168, 0, 0, 0
87.1008, 1.01015, 0.239552, 1.01015, 0.239552, 0, 0, 0, 0, 0, 0, 1.11168, 0, 0, 0
87.1507, 1.01015, 0.239552, 1.01015, 0.239552, 0, 0, 0, 0, 0, 0, 1.11168, 0, 0, 0
87.2007, 1.01015, 0.239552, 1.01015, 0.239552, 0, 0, 0, 0, 0, 0, 1.11168, 0, 0, 0
87.2507, 1.01015, 0.239552, 1.01015, 0.239552, 0, 0, 0, 0, 0, 0, 1.11168, 0, 0, 0
87.3007, 1.01015, 0.239552, 1.01015, 0.239552, 0, 0, 0, 0, 0, 0, 1.11168, 0, 0, 0
87.3506, 1.01015, 0.239552, 1.01015, 0.239552, 0, 0, 0, 0, 0, 0, 1.11168, 0, 0, 0
87.4006, 1.01015, 0.239552, 1.01015, 0.239552, 0, 0, 0, 0, 0, 0, 1.11168, 0, 0, 0
87.4506, 1.01015, 0.239552, 1.01015, 0.239552, 0, 0, 0, 0, 0, 0, 1.11168, 0, 0, 0
87.5005, 1.01015, 0.239552, 1.01015, 0.239552, 0, 0, 0, 0, 0, 0, 1.11168, 0, 0, 0
87.5505, 1.01015, 0.239552, 1.01015, 0.239552, 0, 0, 0, 0, 0, 0, 1.11168, 0, 0, 0
87.6005, 1.01015, 0.239552, 1.01015, 0.239552, 0, 0, 0, 0, 0, 0, 1.11168, 0, 0, 0
87.6505, 1.01015, 0.239552, 1.01015, 0.239552, 0, 0, 0, 0, 0, 0, 1.11168, 0, 0, 0
87.7004, 1.01015, 0.239552, 1.01015, 0.239552, 0, 0, 0, 0, 0, 0, 1.11168, 0, 0, 0
87.7504, 1.01015, 0.239552, 1.01015, 0.239552, 0, 0, 0, 0, 0, 0, 1.11168, 0, 0, 0
87.8004, 1.01015, 0.239552, 1.01015, 0.239552, 0, 0, 0, 0, 0, 0, 1.11168, 0, 0, 0
87.8503, 1.01015, 0.239552, 1.01015, 0.239552, 0, 0, 0, 0, 0, 0, 1.11168, 0, 0, 0
87.9003, 1.01015, 0.239552, 1.01015, 0.239552, 0, 0, 0, 0, 0, 0, 1.11168, 0, 0, 0
87.9503, 1.01015, 0.239552, 1.01015, 0.239552, 0, 0, 0, 0, 0, 0, 1.11168, 0, 0, 0
88.0003, 1.01015, 0.239552, 1.01015, 0.239552, 0, 0, 0, 0, 0, 0, 1.11168, 0, 0, 0
88.0003, 1.01015, 0.239552, 1.01015, 0.239552, 0, 0, 0, 0, 0, 0, 1.11168, 0, 0, 0
88.0502, 1.01015, 0.239552, 1.01015, 0.239552, 0, 0, 0, 0, 0, 0, 1.11168, 0, 0, 0
88.1002, 1.01015, 0.239552, 1.01015, 0.239552, 0, 0, 0, 0, 0, 0, 1.11168, 0, 0, 0
88.1502, 1.01015, 0.239552, 1.01015, 0.239552, 0, 0, 0, 0, 0, 0, 1.11168, 0, 0, 0
88.2002, 1.01015, 0.239552, 1.01015, 0.239552, 0, 0, 0, 0, 0, 0, 1.11168, 0, 0, 0
88.2501, 1.01015, 0.239552, 1.01015, 0.239552, 0, 0, 0, 0, 0, 0, 1.11168, 0, 0, 0
88.3001, 1.01015, 0.239552, 1.01015, 0.239552, 0, 0, 0, 0, 0, 0, 1.11168, 0, 0, 0
88.3501, 1.01015, 0.239552, 1.01015, 0.239552, 0, 0, 0, 0, 0, 0, 1.11168, 0, 0, 0
88.4, 1.01015, 0.239552, 1.01015, 0.239552, 0, 0, 0, 0, 0, 0, 1.11168, 0, 0, 0
88.45, 1.01015, 0.239552, 1.01015, 0.239552, 0, 0, 0, 0, 0, 0, 1.11168, 0, 0, 0
88.5, 1.01015, 0.239552, 1.01015, 0.239552, 0, 0, 0, 0, 0, 0, 1.11168, 0, 0, 0
88.55, 1.01015, 0.239552, 1.01015, 0.239552, 0, 0, 0, 0, 0, 0, 1.11168, 0, 0, 0
88.5999, 1.01015, 0.239552, 1.01015, 0.239552, 0, 0, 0, 0, 0, 0, 1.11168, 0, 0, 0
88.6499, 1.01015, 0.239552, 1.01015, 0.239552, 0, 0, 0, 0, 0, 0, 1.11168, 0, 0, 0
88.6999, 1.01015, 0.239552, 1.01015, 0.239552, 0, 0, 0, 0, 0, 0, 1.11168, 0, 0, 0
88.7499, 1.01015, 0.239552, 1.01015, 0.239552, 0, 0, 0, 0, 0, 0, 1.11168, 0, 0, 0
88.7998, 1.01015, 0.239552, 1.01015, 0.239552, 0, 0, 0, 0, 0, 0, 1.11168, 0, 0, 0
88.8498, 1.01015, 0.239552, 1.01015, 0.239552, 0, 0, 0, 0, 0, 0, 1.11168, 0, 0, 0
88.8998, 1.01015, 0.239552, 1.01015, 0.239552, 0, 0, 0, 0, 0, 0, 1.11168, 0, 0, 0
88.9497, 1.01015, 0.239552, 1.01015, 0.239552, 0, 0, 0, 0, 0, 0, 1.11168, 0, 0, 0
88.9997, 1.01015, 0.239552, 1.01015, 0.239552, 0, 0, 0, 0, 0, 0, 1.11168, 0, 0, 0
89.0007, 1.01015, 0.239552, 1.01015, 0.239552, 0, 0, 0, 0, 0, 0, 1.11168, 0, 0, 0
89.0007, 1.01015, 0.239552, 1.01015, 0.239552, 0, 0, 0, 0, 0, 0, 1.11168, 0, 0, 0
89.0507, 1.01015, 0.239552, 1.01015, 0.239552, 0, 0, 0, 0, 0, 0, 1.11168, 0, 0, 0
89.1007, 1.01015, 0.239552, 1.01015, 0.239552, 0, 0, 0, 0, 0, 0, 1.11168, 0, 0, 0
89.1506, 1.01015, 0.239552, 1.01015, 0.239552, 0, 0, 0, 0, 0, 0, 1.11168, 0, 0, 0
89.2006, 1.01015, 0.239552, 1.01015, 0.239552, 0, 0, 0, 0, 0, 0, 1.11168, 0, 0, 0
89.2506, 1.01015, 0.239552, 1.01015, 0.239552, 0, 0, 0, 0, 0, 0, 1.11168, 0, 0, 0
89.3006, 1.01015, 0.239552, 1.01015, 0.239552, 0, 0, 0, 0, 0, 0, 1.11168, 0, 0, 0
89.3505, 1.01015, 0.239552, 1.01015, 0.239552, 0, 0, 0, 0, 0, 0, 1.11168, 0, 0, 0
89.4005, 1.01015, 0.239552, 1.01015, 0.239552, 0, 0, 0, 0, 0, 0, 1.11168, 0, 0, 0
89.4505, 1.01015, 0.239552, 1.01015, 0.239552, 0, 0, 0, 0, 0, 0, 1.11168, 0, 0, 0
89.5004, 1.01015, 0.239552, 1.01015, 0.239552, 0, 0, 0, 0, 0, 0, 1.11168, 0, 0, 0
89.5504, 1.01015, 0.239552, 1.01015, 0.239552, 0, 0, 0, 0, 0, 0, 1.11168, 0, 0, 0
89.6004, 1.01015, 0.239552, 1.01015, 0.239552, 0, 0, 0, 0, 0, 0, 1.11168, 0, 0, 0
89.6504, 1.01015, 0.239552, 1.01015, 0.239552, 0, 0, 0, 0, 0, 0, 1.11168, 0, 0, 0
89.7003, 1.01015, 0.239552, 1.01015, 0.239552, 0, 0, 0, 0, 0, 0, 1.11168, 0, 0, 0
89.7503, 1.01015, 0.239552, 1.01015, 0.239552, 0, 0, 0, 0, 0, 0, 1.11168, 0, 0, 0
89.8003, 1.01015, 0.239552, 1.01015, 0.239552, 0, 0, 0, 0, 0, 0, 1.11168, 0, 0, 0
89.8503, 1.01015, 0.239552, 1.01015, 0.239552, 0, 0, 0, 0, 0, 0, 1.11168, 0, 0, 0
89.9002, 1.01015, 0.239552, 1.01015, 0.239552, 0, 0, 0, 0, 0, 0, 1.11168, 0, 0, 0
89.9502, 1.01015, 0.239552, 1.01015, 0.239552, 0, 0, 0, 0, 0, 0, 1.11168, 0, 0, 0
90.0002, 1.01015, 0.239552, 1.01015, 0.239552, 0, 0, 0, 0, 0, 0, 1.11168, 0, 0, 0
90.0002, 1.01015, 0.239552, 1.01015, 0.239552, 0, 0, 0, 0, 0, 0, 1.11168, 0, 0, 0
90.0501, 1.01015, 0.239552, 1.01015, 0.239552, 0, 0, 0, 0, 0, 0, 1.11168, 0, 0, 0
90.1001, 1.01015, 0.239552, 1.01015, 0.239552, 0, 0, 0, 0, 0, 0, 1.11168, 0, 0, 0
90.1501, 1.01015, 0.239552, 1.01015, 0.239552, 0, 0, 0, 0, 0, 0, 1.11168, 0, 0, 0
90.2001, 1.01015, 0.239552, 1.01015, 0.239552, 0, 0, 0, 0, 0, 0, 1.11168, 0, 0, 0
90.25, 1.01015, 0.239552, 1.01015, 0.239552, 0, 0, 0, 0, 0, 0, 1.11168, 0, 0, 0
90.3, 1.01015, 0.239552, 1.01015, 0.239552, 0, 0, 0, 0, 0, 0, 1.11168, 0, 0, 0
90.35, 1.01015, 0.239552, 1.01015, 0.239552, 0, 0, 0, 0, 0, 0, 1.11168, 0, 0, 0
90.3999, 1.01015, 0.239552, 1.01015, 0.239552, 0, 0, 0, 0, 0, 0, 1.11168, 0, 0, 0
90.4499, 1.01015, 0.239552, 1.01015, 0.239552, 0, 0, 0, 0, 0, 0, 1.11168, 0, 0, 0
90.4999, 1.01015, 0.239552, 1.01015, 0.239552, 0, 0, 0, 0, 0, 0, 1.11168, 0, 0, 0
90.5499, 1.01015, 0.239552, 1.01015, 0.239552, 0, 0, 0, 0, 0, 0, 1.11168, 0, 0, 0
90.5998, 1.01015, 0.239552, 1.01015, 0.239552, 0, 0, 0, 0, 0, 0, 1.11168, 0, 0, 0
90.6498, 1.01015, 0.239552, 1.01015, 0.239552, 0, 0, 0, 0, 0, 0, 1.11168, 0, 0, 0
90.6998, 1.01015, 0.239552, 1.01015, 0.239552, 0, 0, 0, 0, 0, 0, 1.11168, 0, 0, 0
90.7498, 1.01015, 0.239552, 1.01015, 0.239552, 0, 0, 0, 0, 0, 0, 1.11168, 0, 0, 0
90.7997, 1.01015, 0.239552, 1.01015, 0.239552, 0, 0, 0, 0, 0, 0, 1.11168, 0, 0, 0
90.8497, 1.01015, 0.239552, 1.01015, 0.239552, 0, 0, 0, 0, 0, 0, 1.11168, 0, 0, 0
90.8997, 1.01015, 0.239552, 1.01015, 0.239552, 0, 0, 0, 0, 0, 0, 1.11168, 0, 0, 0
90.9496, 1.01015, 0.239552, 1.01015, 0.239552, 0, 0, 0, 0, 0, 0, 1.11168, 0, 0, 0
90.9996, 1.01015, 0.239552, 1.01015, 0.239552, 0, 0, 0, 0, 0, 0, 1.11168, 0, 0, 0
91.0006, 1.01015, 0.239552, 1.01015, 0.239552, 0, 0, 0, 0, 0, 0, 1.11168, 0, 0, 0
91.0006, 1.01015, 0.239552, 1.01015, 0.239552, 0, 0, 0, 0, 0, 0, 1.11168, 0, 0, 0
91.0506, 1.01015, 0.239552, 1.01015, 0.239552, 0, 0, 0, 0, 0, 0, 1.11168, 0, 0, 0
91.1006, 1.01015, 0.239552, 1.01015, 0.239552, 0, 0, 0, 0, 0, 0, 1.11168, 0, 0, 0
91.1505, 1.01015, 0.239552, 1.01015, 0.239552, 0, 0, 0, 0, 0, 0, 1.11168, 0, 0, 0
91.2005, 1.01015, 0.239552, 1.01015, 0.239552, 0, 0, 0, 0, 0, 0, 1.11168, 0, 0, 0
91.2505, 1.01015, 0.239552, 1.01015, 0.239552, 0, 0, 0, 0, 0, 0, 1.11168, 0, 0, 0
91.3005, 1.01015, 0.239552, 1.01015, 0.239552, 0, 0, 0, 0, 0, 0, 1.11168, 0, 0, 0
91.3504, 1.01015, 0.239552, 1.01015, 0.239552, 0, 0, 0, 0, 0, 0, 1.11168, 0, 0, 0
91.4004, 1.01015, 0.239552, 1.01015, 0.239552, 0, 0, 0, 0, 0, 0, 1.11168, 0, 0, 0
91.4504, 1.01015, 0.239552, 1.01015, 0.239552, 0, 0, 0, 0, 0, 0, 1.11168, 0, 0, 0
91.5003, 1.01015, 0.239552, 1.01015, 0.239552, 0, 0, 0, 0, 0, 0, 1.11168, 0, 0, 0
91.5503, 1.01015, 0.239552, 1.01015, 0.239552, 0, 0, 0, 0, 0, 0, 1.11168, 0, 0, 0
91.6003, 1.01015, 0.239552, 1.01015, 0.239552, 0, 0, 0, 0, 0, 0, 1.11168, 0, 0, 0
91.6503, 1.01015, 0.239552, 1.01015, 0.239552, 0, 0, 0, 0, 0, 0, 1.11168, 0, 0, 0
91.7002, 1.01015, 0.239552, 1.01015, 0.239552, 0, 0, 0, 0, 0, 0, 1.11168, 0, 0, 0
91.7502, 1.01015, 0.239552, 1.01015, 0.239552, 0, 0, 0, 0, 0, 0, 1.11168, 0, 0, 0
91.8002, 1.01015, 0.239552, 1.01015, 0.239552, 0, 0, 0, 0, 0, 0, 1.11168, 0, 0, 0
91.8502, 1.01015, 0.239552, 1.01015, 0.239552, 0, 0, 0, 0, 0, 0, 1.11168, 0, 0, 0
91.9001, 1.01015, 0.239552, 1.01015, 0.239552, 0, 0, 0, 0, 0, 0, 1.11168, 0, 0, 0
91.9501, 1.01015, 0.239552, 1.01015, 0.239552, 0, 0, 0, 0, 0, 0, 1.11168, 0, 0, 0
92.0001, 1.01015, 0.239552, 1.01015, 0.239552, 0, 0, 0, 0, 0, 0, 1.11168, 0, 0, 0
92.0001, 1.01015, 0.239552, 1.01015, 0.239552, 0, 0, 0, 0, 0, 0, 1.11168, 0, 0, 0
92.05, 1.01015, 0.239552, 1.01015, 0.239552, 0, 0, 0, 0, 0, 0, 1.11168, 0, 0, 0
92.1, 1.01015, 0.239552, 1.01015, 0.239552, 0, 0, 0, 0, 0, 0, 1.11168, 0, 0, 0
92.15, 1.01015, 0.239552, 1.01015, 0.239552, 0, 0, 0, 0, 0, 0, 1.11168, 0, 0, 0
92.2, 1.01015, 0.239552, 1.01015, 0.239552, 0, 0, 0, 0, 0, 0, 1.11168, 0, 0, 0
92.2499, 1.01015, 0.239552, 1.01015, 0.239552, 0, 0, 0, 0, 0, 0, 1.11168, 0, 0, 0
92.2999, 1.01015, 0.239552, 1.01015, 0.239552, 0, 0, 0, 0, 0, 0, 1.11168, 0, 0, 0
92.3499, 1.01015, 0.239552, 1.01015, 0.239552, 0, 0, 0, 0, 0, 0, 1.11168, 0, 0, 0
92.3998, 1.01015, 0.239552, 1.01015, 0.239552, 0, 0, 0, 0, 0, 0, 1.11168, 0, 0, 0
92.4498, 1.01015, 0.239552, 1.01015, 0.239552, 0, 0, 0, 0, 0, 0, 1.11168, 0, 0, 0
92.4998, 1.01015, 0.239552, 1.01015, 0.239552, 0, 0, 0, 0, 0, 0, 1.11168, 0, 0, 0
92.5498, 1.01015, 0.239552, 1.01015, 0.239552, 0, 0, 0, 0, 0, 0, 1.11168, 0, 0, 0
92.5997, 1.01015, 0.239552, 1.01015, 0.239552, 0, 0, 0, 0, 0, 0, 1.11168, 0, 0, 0
92.6497, 1.01015, 0.239552, 1.01015, 0.239552, 0, 0, 0, 0, 0, 0, 1.11168, 0, 0, 0
92.6997, 1.01015, 0.239552, 1.01015, 0.239552, 0, 0, 0, 0, 0, 0, 1.11168, 0, 0, 0
92.7497, 1.01015, 0.239552, 1.01015, 0.239552, 0, 0, 0, 0, 0, 0, 1.11168, 0, 0, 0
92.7996, 1.01015, 0.239552, 1.01015, 0.239552, 0, 0, 0, 0, 0, 0, 1.11168, 0, 0, 0
92.8496, 1.01015, 0.239552, 1.01015, 0.239552, 0, 0, 0, 0, 0, 0, 1.11168, 0, 0, 0
92.8996, 1.01015, 0.239552, 1.01015, 0.239552, 0, 0, 0, 0, 0, 0, 1.11168, 0, 0, 0
92.9495, 1.01015, 0.239552, 1.01015, 0.239552, 0, 0, 0, 0, 0, 0, 1.11168, 0, 0, 0
92.9995, 1.01015, 0.239552, 1.01015, 0.239552, 0, 0, 0, 0, 0, 0, 1.11168, 0, 0, 0
93.0005, 1.01015, 0.239552, 1.01015, 0.239552, 0, 0, 0, 0, 0, 0, 1.11168, 0, 0, 0
93.0005, 1.01015, 0.239552, 1.01015, 0.239552, 0, 0, 0, 0, 0, 0, 1.11168, 0, 0, 0
93.0505, 1.01015, 0.239552, 1.01015, 0.239552, 0, 0, 0, 0, 0, 0, 1.11168, 0, 0, 0
93.1005, 1.01015, 0.239552, 1.01015, 0.239552, 0, 0, 0, 0, 0, 0, 1.11168, 0, 0, 0
93.1504, 1.01015, 0.239552, 1.01015, 0.239552, 0, 0, 0, 0, 0, 0, 1.11168, 0, 0, 0
93.2004, 1.01015, 0.239552, 1.01015, 0.239552, 0, 0, 0, 0, 0, 0, 1.11168, 0, 0, 0
93.2504, 1.01015, 0.239552, 1.01015, 0.239552, 0, 0, 0, 0, 0, 0, 1.11168, 0, 0, 0
93.3004, 1.01015, 0.239552, 1.01015, 0.239552, 0, 0, 0, 0, 0, 0, 1.11168, 0, 0, 0
93.3503, 1.01015, 0.239552, 1.01015, 0.239552, 0, 0, 0, 0, 0, 0, 1.11168, 0, 0, 0
93.4003, 1.01015, 0.239552, 1.01015, 0.239552, 0, 0, 0, 0, 0, 0, 1.11168, 0, 0, 0
93.4503, 1.01015, 0.239552, 1.01015, 0.239552, 0, 0, 0, 0, 0, 0, 1.11168, 0, 0, 0
93.5002, 1.01015, 0.239552, 1.01015, 0.239552, 0, 0, 0, 0, 0, 0, 1.11168, 0, 0, 0
93.5502, 1.01015, 0.239552, 1.01015, 0.239552, 0, 0, 0, 0, 0, 0, 1.11168, 0, 0, 0
93.6002, 1.01015, 0.239552, 1.01015, 0.239552, 0, 0, 0, 0, 0, 0, 1.11168, 0, 0, 0
93.6502, 1.01015, 0.239552, 1.01015, 0.239552, 0, 0, 0, 0, 0, 0, 1.11168, 0, 0, 0
93.7001, 1.01015, 0.239552, 1.01015, 0.239552, 0, 0, 0, 0, 0, 0, 1.11168, 0, 0, 0
93.7501, 1.01015, 0.239552, 1.01015, 0.239552, 0, 0, 0, 0, 0, 0, 1.11168, 0, 0, 0
93.8001, 1.01015, 0.239552, 1.01015, 0.239552, 0, 0, 0, 0, 0, 0, 1.11168, 0, 0, 0
93.8501, 1.01015, 0.239552, 1.01015, 0.239552, 0, 0, 0, 0, 0, 0, 1.11168, 0, 0, 0
93.9, 1.01015, 0.239552, 1.01015, 0.239552, 0, 0, 0, 0, 0, 0, 1.11168, 0, 0, 0
93.95, 1.01015, 0.239552, 1.01015, 0.239552, 0, 0, 0, 0, 0, 0, 1.11168, 0, 0, 0
94, 1.01015, 0.239552, 1.01015, 0.239552, 0, 0, 0, 0, 0, 0, 1.11168, 0, 0, 0
94.001, 1.01015, 0.239552, 1.01015, 0.239552, 0, 0, 0, 0, 0, 0, 1.11168, 0, 0, 0
94.001, 1.01015, 0.239552, 1.01015, 0.239552, 0, 0, 0, 0, 0, 0, 1.11168, 0, 0, 0
94.0509, 1.01015, 0.239552, 1.01015, 0.239552, 0, 0, 0, 0, 0, 0, 1.11168, 0, 0, 0
94.1009, 1.01015, 0.239552, 1.01015, 0.239552, 0, 0, 0, 0, 0, 0, 1.11168, 0, 0, 0
94.1509, 1.01015, 0.239552, 1.01015, 0.239552, 0, 0, 0, 0, 0, 0, 1.11168, 0, 0, 0
94.2009, 1.01015, 0.239552, 1.01015, 0.239552, 0, 0, 0, 0, 0, 0, 1.11168, 0, 0, 0
94.2508, 1.01015, 0.239552, 1.01015, 0.239552, 0, 0, 0, 0, 0, 0, 1.11168, 0, 0, 0
94.3008, 1.01015, 0.239552, 1.01015, 0.239552, 0, 0, 0, 0, 0, 0, 1.11168, 0, 0, 0
94.3508, 1.01015, 0.239552, 1.01015, 0.239552, 0, 0, 0, 0, 0, 0, 1.11168, 0, 0, 0
94.4007, 1.01015, 0.239552, 1.01015, 0.239552, 0, 0, 0, 0, 0, 0, 1.11168, 0, 0, 0
94.4507, 1.01015, 0.239552, 1.01015, 0.239552, 0, 0, 0, 0, 0, 0, 1.11168, 0, 0, 0
94.5007, 1.01015, 0.239552, 1.01015, 0.239552, 0, 0, 0, 0, 0, 0, 1.11168, 0, 0, 0
94.5507, 1.01015, 0.239552, 1.01015, 0.239552, 0, 0, 0, 0, 0, 0, 1.11168, 0, 0, 0
94.6006, 1.01015, 0.239552, 1.01015, 0.239552, 0, 0, 0, 0, 0, 0, 1.11168, 0, 0, 0
94.6506, 1.01015, 0.239552, 1.01015, 0.239552, 0, 0, 0, 0, 0, 0, 1.11168, 0, 0, 0
94.7006, 1.01015, 0.239552, 1.01015, 0.239552, 0, 0, 0, 0, 0, 0, 1.11168, 0, 0, 0
94.7506, 1.01015, 0.239552, 1.01015, 0.239552, 0, 0, 0, 0, 0, 0, 1.11168, 0, 0, 0
94.8005, 1.01015, 0.239552, 1.01015, 0.239552, 0, 0, 0, 0, 0, 0, 1.11168, 0, 0, 0
94.8505, 1.01015, 0.239552, 1.01015, 0.239552, 0, 0, 0, 0, 0, 0, 1.11168, 0, 0, 0
94.9005, 1.01015, 0.239552, 1.01015, 0.239552, 0, 0, 0, 0, 0, 0, 1.11168, 0, 0, 0
94.9504, 1.01015, 0.239552, 1.01015, 0.239552, 0, 0, 0, 0, 0, 0, 1.11168, 0, 0, 0
95.0004, 1.01015, 0.239552, 1.01015, 0.239552, 0, 0, 0, 0, 0, 0, 1.11168, 0, 0, 0
95.0004, 1.01015, 0.239552, 1.01015, 0.239552, 0, 0, 0, 0, 0, 0, 1.11168, 0, 0, 0
95.0504, 1.01015, 0.239552, 1.01015, 0.239552, 0, 0, 0, 0, 0, 0, 1.11168, 0, 0, 0
95.1004, 1.01015, 0.239552, 1.01015, 0.239552, 0, 0, 0, 0, 0, 0, 1.11168, 0, 0, 0
95.1503, 1.01015, 0.239552, 1.01015, 0.239552, 0, 0, 0, 0, 0, 0, 1.11168, 0, 0, 0
95.2003, 1.01015, 0.239552, 1.01015, 0.239552, 0, 0, 0, 0, 0, 0, 1.11168, 0, 0, 0
95.2503, 1.01015, 0.239552, 1.01015, 0.239552, 0, 0, 0, 0, 0, 0, 1.11168, 0, 0, 0
95.3003, 1.01015, 0.239552, 1.01015, 0.239552, 0, 0, 0, 0, 0, 0, 1.11168, 0, 0, 0
95.3502, 1.01015, 0.239552, 1.01015, 0.239552, 0, 0, 0, 0, 0, 0, 1.11168, 0, 0, 0
95.4002, 1.01015, 0.239552, 1.01015, 0.239552, 0, 0, 0, 0, 0, 0, 1.11168, 0, 0, 0
95.4502, 1.01015, 0.239552, 1.01015, 0.239552, 0, 0, 0, 0, 0, 0, 1.11168, 0, 0, 0
95.5001, 1.01015, 0.239552, 1.01015, 0.239552, 0, 0, 0, 0, 0, 0, 1.11168, 0, 0, 0
95.5501, 1.01015, 0.239552, 1.01015, 0.239552, 0, 0, 0, 0, 0, 0, 1.11168, 0, 0, 0
95.6001, 1.01015, 0.239552, 1.01015, 0.239552, 0, 0, 0, 0, 0, 0, 1.11168, 0, 0, 0
95.6501, 1.01015, 0.239552, 1.01015, 0.239552, 0, 0, 0, 0, 0, 0, 1.11168, 0, 0, 0
95.7, 1.01015, 0.239552, 1.01015, 0.239552, 0, 0, 0, 0, 0, 0, 1.11168, 0, 0, 0
95.75, 1.01015, 0.239552, 1.01015, 0.239552, 0, 0, 0, 0, 0, 0, 1.11168, 0, 0, 0
95.8, 1.01015, 0.239552, 1.01015, 0.239552, 0, 0, 0, 0, 0, 0, 1.11168, 0, 0, 0
95.85, 1.01015, 0.239552, 1.01015, 0.239552, 0, 0, 0, 0, 0, 0, 1.11168, 0, 0, 0
95.8999, 1.01015, 0.239552, 1.01015, 0.239552, 0, 0, 0, 0, 0, 0, 1.11168, 0, 0, 0
95.9499, 1.01015, 0.239552, 1.01015, 0.239552, 0, 0, 0, 0, 0, 0, 1.11168, 0, 0, 0
95.9999, 1.01015, 0.239552, 1.01015, 0.239552, 0, 0, 0, 0, 0, 0, 1.11168, 0, 0, 0
96.0009, 1.01015, 0.239552, 1.01015, 0.239552, 0, 0, 0, 0, 0, 0, 1.11168, 0, 0, 0
96.0009, 1.01015, 0.239552, 1.01015, 0.239552, 0, 0, 0, 0, 0, 0, 1.11168, 0, 0, 0
96.0508, 1.01015, 0.239552, 1.01015, 0.239552, 0, 0, 0, 0, 0, 0, 1.11168, 0, 0, 0
96.1008, 1.01015, 0.239552, 1.01015, 0.239552, 0, 0, 0, 0, 0, 0, 1.11168, 0, 0, 0
96.1508, 1.01015, 0.239552, 1.01015, 0.239552, 0, 0, 0, 0, 0, 0, 1.11168, 0, 0, 0
96.2008, 1.01015, 0.239552, 1.01015, 0.239552, 0, 0, 0, 0, 0, 0, 1.11168, 0, 0, 0
96.2507, 1.01015, 0.239552, 1.01015, 0.239552, 0, 0, 0, 0, 0, 0, 1.11168, 0, 0, 0
96.3007, 1.01015, 0.239552, 1.01015, 0.239552, 0, 0, 0, 0, 0, 0, 1.11168, 0, 0, 0
96.3507, 1.01015, 0.239552, 1.01015, 0.239552, 0, 0, 0, 0, 0, 0, 1.11168, 0, 0, 0
96.4007, 1.01015, 0.239552, 1.01015, 0.239552, 0, 0, 0, 0, 0, 0, 1.11168, 0, 0, 0
96.4506, 1.01015, 0.239552, 1.01015, 0.239552, 0, 0, 0, 0, 0, 0, 1.11168, 0, 0, 0
96.5006, 1.01015, 0.239552, 1.01015, 0.239552, 0, 0, 0, 0, 0, 0, 1.11168, 0, 0, 0
96.5506, 1.01015, 0.239552, 1.01015, 0.239552, 0, 0, 0, 0, 0, 0, 1.11168, 0, 0, 0
96.6005, 1.01015, 0.239552, 1.01015, 0.239552, 0, 0, 0, 0, 0, 0, 1.11168, 0, 0, 0
96.6505, 1.01015, 0.239552, 1.01015, 0.239552, 0, 0, 0, 0, 0, 0, 1.11168, 0, 0, 0
96.7005, 1.01015, 0.239552, 1.01015, 0.239552, 0, 0, 0, 0, 0, 0, 1.11168, 0, 0, 0
96.7505, 1.01015, 0.239552, 1.01015, 0.239552, 0, 0, 0, 0, 0, 0, 1.11168, 0, 0, 0
96.8004, 1.01015, 0.239552, 1.01015, 0.239552, 0, 0, 0, 0, 0, 0, 1.11168, 0, 0, 0
96.8504, 1.01015, 0.239552, 1.01015, 0.239552, 0, 0, 0, 0, 0, 0, 1.11168, 0, 0, 0
96.9004, 1.01015, 0.239552, 1.01015, 0.239552, 0, 0, 0, 0, 0, 0, 1.11168, 0, 0, 0
96.9503, 1.01015, 0.239552, 1.01015, 0.239552, 0, 0, 0, 0, 0, 0, 1.11168, 0, 0, 0
97.0003, 1.01015, 0.239552, 1.01015, 0.239552, 0, 0, 0, 0, 0, 0, 1.11168, 0, 0, 0
97.0003, 1.01015, 0.239552, 1.01015, 0.239552, 0, 0, 0, 0, 0, 0, 1.11168, 0, 0, 0
97.0503, 1.01015, 0.239552, 1.01015, 0.239552, 0, 0, 0, 0, 0, 0, 1.11168, 0, 0, 0
97.1003, 1.01015, 0.239552, 1.01015, 0.239552, 0, 0, 0, 0, 0, 0, 1.11168, 0, 0, 0
97.1502, 1.01015, 0.239552, 1.01015, 0.239552, 0, 0, 0, 0, 0, 0, 1.11168, 0, 0, 0
97.2002, 1.01015, 0.239552, 1.01015, 0.239552, 0, 0, 0, 0, 0, 0, 1.11168, 0, 0, 0
97.2502, 1.01015, 0.239552, 1.01015, 0.239552, 0, 0, 0, 0, 0, 0, 1.11168, 0, 0, 0
97.3002, 1.01015, 0.239552, 1.01015, 0.239552, 0, 0, 0, 0, 0, 0, 1.11168, 0, 0, 0
97.3501, 1.01015, 0.239552, 1.01015, 0.239552, 0, 0, 0, 0, 0, 0, 1.11168, 0, 0, 0
97.4001, 1.01015, 0.239552, 1.01015, 0.239552, 0, 0, 0, 0, 0, 0, 1.11168, 0, 0, 0
97.4501, 1.01015, 0.239552, 1.01015, 0.239552, 0, 0, 0, 0, 0, 0, 1.11168, 0, 0, 0
97.5, 1.01015, 0.239552, 1.01015, 0.239552, 0, 0, 0, 0, 0, 0, 1.11168, 0, 0, 0
97.55, 1.01015, 0.239552, 1.01015, 0.239552, 0, 0, 0, 0, 0, 0, 1.11168, 0, 0, 0
97.6, 1.01015, 0.239552, 1.01015, 0.239552, 0, 0, 0, 0, 0, 0, 1.11168, 0, 0, 0
97.65, 1.01015, 0.239552, 1.01015, 0.239552, 0, 0, 0, 0, 0, 0, 1.11168, 0, 0, 0
97.6999, 1.01015, 0.239552, 1.01015, 0.239552, 0, 0, 0, 0, 0, 0, 1.11168, 0, 0, 0
97.7499, 1.01015, 0.239552, 1.01015, 0.239552, 0, 0, 0, 0, 0, 0, 1.11168, 0, 0, 0
97.7999, 1.01015, 0.239552, 1.01015, 0.239552, 0, 0, 0, 0, 0, 0, 1.11168, 0, 0, 0
97.8499, 1.01015, 0.239552, 1.01015, 0.239552, 0, 0, 0, 0, 0, 0, 1.11168, 0, 0, 0
97.8998, 1.01015, 0.239552, 1.01015, 0.239552, 0, 0, 0, 0, 0, 0, 1.11168, 0, 0, 0
97.9498, 1.01015, 0.239552, 1.01015, 0.239552, 0, 0, 0, 0, 0, 0, 1.11168, 0, 0, 0
97.9998, 1.01015, 0.239552, 1.01015, 0.239552, 0, 0, 0, 0, 0, 0, 1.11168, 0, 0, 0
98.0008, 1.01015, 0.239552, 1.01015, 0.239552, 0, 0, 0, 0, 0, 0, 1.11168, 0, 0, 0
98.0008, 1.01015, 0.239552, 1.01015, 0.239552, 0, 0, 0, 0, 0, 0, 1.11168, 0, 0, 0
98.0507, 1.01015, 0.239552, 1.01015, 0.239552, 0, 0, 0, 0, 0, 0, 1.11168, 0, 0, 0
98.1007, 1.01015, 0.239552, 1.01015, 0.239552, 0, 0, 0, 0, 0, 0, 1.11168, 0, 0, 0
98.1507, 1.01015, 0.239552, 1.01015, 0.239552, 0, 0, 0, 0, 0, 0, 1.11168, 0, 0, 0
98.2007, 1.01015, 0.239552, 1.01015, 0.239552, 0, 0, 0, 0, 0, 0, 1.11168, 0, 0, 0
98.2506, 1.01015, 0.239552, 1.01015, 0.239552, 0, 0, 0, 0, 0, 0, 1.11168, 0, 0, 0
98.3006, 1.01015, 0.239552, 1.01015, 0.239552, 0, 0, 0, 0, 0, 0, 1.11168, 0, 0, 0
98.3506, 1.01015, 0.239552, 1.01015, 0.239552, 0, 0, 0, 0, 0, 0, 1.11168, 0, 0, 0
98.4006, 1.01015, 0.239552, 1.01015, 0.239552, 0, 0, 0, 0, 0, 0, 1.11168, 0, 0, 0
98.4505, 1.01015, 0.239552, 1.01015, 0.239552, 0, 0, 0, 0, 0, 0, 1.11168, 0, 0, 0
98.5005, 1.01015, 0.239552, 1.01015, 0.239552, 0, 0, 0, 0, 0, 0, 1.11168, 0, 0, 0
98.5505, 1.01015, 0.239552, 1.01015, 0.239552, 0, 0, 0, 0, 0, 0, 1.11168, 0, 0, 0
98.6004, 1.01015, 0.239552, 1.01015, 0.239552, 0, 0, 0, 0, 0, 0, 1.11168, 0, 0, 0
98.6504, 1.01015, 0.239552, 1.01015, 0.239552, 0, 0, 0, 0, 0, 0, 1.11168, 0, 0, 0
98.7004, 1.01015, 0.239552, 1.01015, 0.239552, 0, 0, 0, 0, 0, 0, 1.11168, 0, 0, 0
98.7504, 1.01015, 0.239552, 1.01015, 0.239552, 0, 0, 0, 0, 0, 0, 1.11168, 0, 0, 0
98.8003, 1.01015, 0.239552, 1.01015, 0.239552, 0, 0, 0, 0, 0, 0, 1.11168, 0, 0, 0
98.8503, 1.01015, 0.239552, 1.01015, 0.239552, 0, 0, 0, 0, 0, 0, 1.11168, 0, 0, 0
98.9003, 1.01015, 0.239552, 1.01015, 0.239552, 0, 0, 0, 0, 0, 0, 1.11168, 0, 0, 0
98.9502, 1.01015, 0.239552, 1.01015, 0.239552, 0, 0, 0, 0, 0, 0, 1.11168, 0, 0, 0
99.0002, 1.01015, 0.239552, 1.01015, 0.239552, 0, 0, 0, 0, 0, 0, 1.11168, 0, 0, 0
99.0002, 1.01015, 0.239552, 1.01015, 0.239552, 0, 0, 0, 0, 0, 0, 1.11168, 0, 0, 0
99.0502, 1.01015, 0.239552, 1.01015, 0.239552, 0, 0, 0, 0, 0, 0, 1.11168, 0, 0, 0
99.1002, 1.01015, 0.239552, 1.01015, 0.239552, 0, 0, 0, 0, 0, 0, 1.11168, 0, 0, 0
99.1501, 1.01015, 0.239552, 1.01015, 0.239552, 0, 0, 0, 0, 0, 0, 1.11168, 0, 0, 0
99.2001, 1.01015, 0.239552, 1.01015, 0.239552, 0, 0, 0, 0, 0, 0, 1.11168, 0, 0, 0
99.2501, 1.01015, 0.239552, 1.01015, 0.239552, 0, 0, 0, 0, 0, 0, 1.11168, 0, 0, 0
99.3001, 1.01015, 0.239552, 1.01015, 0.239552, 0, 0, 0, 0, 0, 0, 1.11168, 0, 0, 0
99.35, 1.01015, 0.239552, 1.01015, 0.239552, 0, 0, 0, 0, 0, 0, 1.11168, 0, 0, 0
99.4, 1.01015, 0.239552, 1.01015, 0.239552, 0, 0, 0, 0, 0, 0, 1.11168, 0, 0, 0
99.45, 1.01015, 0.239552, 1.01015, 0.239552, 0, 0, 0, 0, 0, 0, 1.11168, 0, 0, 0
99.4999, 1.01015, 0.239552, 1.01015, 0.239552, 0, 0, 0, 0, 0, 0, 1.11168, 0, 0, 0
99.5499, 1.01015, 0.239552, 1.01015, 0.239552, 0, 0, 0, 0, 0, 0, 1.11168, 0, 0, 0
99.5999, 1.01015, 0.239552, 1.01015, 0.239552, 0, 0, 0, 0, 0, 0, 1.11168, 0, 0, 0
99.6499, 1.01015, 0.239552, 1.01015, 0.239552, 0, 0, 0, 0, 0, 0, 1.11168, 0, 0, 0
99.6998, 1.01015, 0.239552, 1.01015, 0.239552, 0, 0, 0, 0, 0, 0, 1.11168, 0, 0, 0
99.7498, 1.01015, 0.239552, 1.01015, 0.239552, 0, 0, 0, 0, 0, 0, 1.11168, 0, 0, 0
99.7998, 1.01015, 0.239552, 1.01015, 0.239552, 0, 0, 0, 0, 0, 0, 1.11168, 0, 0, 0
99.8498, 1.01015, 0.239552, 1.01015, 0.239552, 0, 0, 0, 0, 0, 0, 1.11168, 0, 0, 0
99.8997, 1.01015, 0.239552, 1.01015, 0.239552, 0, 0, 0, 0, 0, 0, 1.11168, 0, 0, 0
99.9497, 1.01015, 0.239552, 1.01015, 0.239552, 0, 0, 0, 0, 0, 0, 1.11168, 0, 0, 0
99.9997, 1.01015, 0.239552, 1.01015, 0.239552, 0, 0, 0, 0, 0, 0, 1.11168, 0, 0, 0
100.001, 1.01015, 0.239552, 1.01015, 0.239552, 0, 0, 0, 0, 0, 0, 1.11168, 0, 0, 0
100.001, 1.01015, 0.239552, 1.01015, 0.239552, 0, 0, 0, 0, 0, 0, 1.11168, 0, 0, 0
100.051, 1.01015, 0.239552, 1.01015, 0.239552, 0, 0, 0, 0, 0, 0, 1.11168, 0, 0, 0
100.101, 1.01015, 0.239552, 1.01015, 0.239552, 0, 0, 0, 0, 0, 0, 1.11168, 0, 0, 0
100.151, 1.01015, 0.239552, 1.01015, 0.239552, 0, 0, 0, 0, 0, 0, 1.11168, 0, 0, 0
100.201, 1.01015, 0.239552, 1.01015, 0.239552, 0, 0, 0, 0, 0, 0, 1.11168, 0, 0, 0
100.251, 1.01015, 0.239552, 1.01015, 0.239552, 0, 0, 0, 0, 0, 0, 1.11168, 0, 0, 0
100.301, 1.01015, 0.239552, 1.01015, 0.239552, 0, 0, 0, 0, 0, 0, 1.11168, 0, 0, 0
100.35, 1.01015, 0.239552, 1.01015, 0.239552, 0, 0, 0, 0, 0, 0, 1.11168, 0, 0, 0
100.4, 1.01015, 0.239552, 1.01015, 0.239552, 0, 0, 0, 0, 0, 0, 1.11168, 0, 0, 0
100.45, 1.01015, 0.239552, 1.01015, 0.239552, 0, 0, 0, 0, 0, 0, 1.11168, 0, 0, 0
100.5, 1.01015, 0.239552, 1.01015, 0.239552, 0, 0, 0, 0, 0, 0, 1.11168, 0, 0, 0
100.55, 1.01015, 0.239552, 1.01015, 0.239552, 0, 0, 0, 0, 0, 0, 1.11168, 0, 0, 0
100.6, 1.01015, 0.239552, 1.01015, 0.239552, 0, 0, 0, 0, 0, 0, 1.11168, 0, 0, 0
100.65, 1.01015, 0.239552, 1.01015, 0.239552, 0, 0, 0, 0, 0, 0, 1.11168, 0, 0, 0
100.7, 1.01015, 0.239552, 1.01015, 0.239552, 0, 0, 0, 0, 0, 0, 1.11168, 0, 0, 0
100.75, 1.01015, 0.239552, 1.01015, 0.239552, 0, 0, 0, 0, 0, 0, 1.11168, 0, 0, 0
100.8, 1.01015, 0.239552, 1.01015, 0.239552, 0, 0, 0, 0, 0, 0, 1.11168, 0, 0, 0
100.85, 1.01015, 0.239552, 1.01015, 0.239552, 0, 0, 0, 0, 0, 0, 1.11168, 0, 0, 0
100.9, 1.01015, 0.239552, 1.01015, 0.239552, 0, 0, 0, 0, 0, 0, 1.11168, 0, 0, 0
100.95, 1.01015, 0.239552, 1.01015, 0.239552, 0, 0, 0, 0, 0, 0, 1.11168, 0, 0, 0
101, 1.01015, 0.239552, 1.01015, 0.239552, 0, 0, 0, 0, 0, 0, 1.11168, 0, 0, 0
101, 1.01015, 0.239552, 1.01015, 0.239552, 0, 0, 0, 0, 0, 0, 1.11168, 0, 0, 0
101.05, 1.01015, 0.239552, 1.01015, 0.239552, 0, 0, 0, 0, 0, 0, 1.11168, 0, 0, 0
101.1, 1.01015, 0.239552, 1.01015, 0.239552, 0, 0, 0, 0, 0, 0, 1.11168, 0, 0, 0
101.15, 1.01015, 0.239552, 1.01015, 0.239552, 0, 0, 0, 0, 0, 0, 1.11168, 0, 0, 0
101.2, 1.01015, 0.239552, 1.01015, 0.239552, 0, 0, 0, 0, 0, 0, 1.11168, 0, 0, 0
101.25, 1.01015, 0.239552, 1.01015, 0.239552, 0, 0, 0, 0, 0, 0, 1.11168, 0, 0, 0
101.3, 1.01015, 0.239552, 1.01015, 0.239552, 0, 0, 0, 0, 0, 0, 1.11168, 0, 0, 0
101.35, 1.01015, 0.239552, 1.01015, 0.239552, 0, 0, 0, 0, 0, 0, 1.11168, 0, 0, 0
101.4, 1.01015, 0.239552, 1.01015, 0.239552, 0, 0, 0, 0, 0, 0, 1.11168, 0, 0, 0
101.45, 1.01015, 0.239552, 1.01015, 0.239552, 0, 0, 0, 0, 0, 0, 1.11168, 0, 0, 0
101.5, 1.01015, 0.239552, 1.01015, 0.239552, 0, 0, 0, 0, 0, 0, 1.11168, 0, 0, 0
101.55, 1.01015, 0.239552, 1.01015, 0.239552, 0, 0, 0, 0, 0, 0, 1.11168, 0, 0, 0
101.6, 1.01015, 0.239552, 1.01015, 0.239552, 0, 0, 0, 0, 0, 0, 1.11168, 0, 0, 0
101.65, 1.01015, 0.239552, 1.01015, 0.239552, 0, 0, 0, 0, 0, 0, 1.11168, 0, 0, 0
101.7, 1.01015, 0.239552, 1.01015, 0.239552, 0, 0, 0, 0, 0, 0, 1.11168, 0, 0, 0
101.75, 1.01015, 0.239552, 1.01015, 0.239552, 0, 0, 0, 0, 0, 0, 1.11168, 0, 0, 0
101.8, 1.01015, 0.239552, 1.01015, 0.239552, 0, 0, 0, 0, 0, 0, 1.11168, 0, 0, 0
101.85, 1.01015, 0.239552, 1.01015, 0.239552, 0, 0, 0, 0, 0, 0, 1.11168, 0, 0, 0
101.9, 1.01015, 0.239552, 1.01015, 0.239552, 0, 0, 0, 0, 0, 0, 1.11168, 0, 0, 0
101.95, 1.01015, 0.239552, 1.01015, 0.239552, 0, 0, 0, 0, 0, 0, 1.11168, 0, 0, 0
102, 1.01015, 0.239552, 1.01015, 0.239552, 0, 0, 0, 0, 0, 0, 1.11168, 0, 0, 0
102.001, 1.01015, 0.239552, 1.01015, 0.239552, 0, 0, 0, 0, 0, 0, 1.11168, 0, 0, 0
102.001, 1.01015, 0.239552, 1.01015, 0.239552, 0, 0, 0, 0, 0, 0, 1.11168, 0, 0, 0
102.051, 1.01015, 0.239552, 1.01015, 0.239552, 0, 0, 0, 0, 0, 0, 1.11168, 0, 0, 0
102.101, 1.01015, 0.239552, 1.01015, 0.239552, 0, 0, 0, 0, 0, 0, 1.11168, 0, 0, 0
102.15, 1.01015, 0.239552, 1.01015, 0.239552, 0, 0, 0, 0, 0, 0, 1.11168, 0, 0, 0
102.2, 1.01015, 0.239552, 1.01015, 0.239552, 0, 0, 0, 0, 0, 0, 1.11168, 0, 0, 0
102.25, 1.01015, 0.239552, 1.01015, 0.239552, 0, 0, 0, 0, 0, 0, 1.11168, 0, 0, 0
102.3, 1.01015, 0.239552, 1.01015, 0.239552, 0, 0, 0, 0, 0, 0, 1.11168, 0, 0, 0
102.35, 1.01015, 0.239552, 1.01015, 0.239552, 0, 0, 0, 0, 0, 0, 1.11168, 0, 0, 0
102.4, 1.01015, 0.239552, 1.01015, 0.239552, 0, 0, 0, 0, 0, 0, 1.11168, 0, 0, 0
102.45, 1.01015, 0.239552, 1.01015, 0.239552, 0, 0, 0, 0, 0, 0, 1.11168, 0, 0, 0
102.5, 1.01015, 0.239552, 1.01015, 0.239552, 0, 0, 0, 0, 0, 0, 1.11168, 0, 0, 0
102.55, 1.01015, 0.239552, 1.01015, 0.239552, 0, 0, 0, 0, 0, 0, 1.11168, 0, 0, 0
102.6, 1.01015, 0.239552, 1.01015, 0.239552, 0, 0, 0, 0, 0, 0, 1.11168, 0, 0, 0
102.65, 1.01015, 0.239552, 1.01015, 0.239552, 0, 0, 0, 0, 0, 0, 1.11168, 0, 0, 0
102.7, 1.01015, 0.239552, 1.01015, 0.239552, 0, 0, 0, 0, 0, 0, 1.11168, 0, 0, 0
102.75, 1.01015, 0.239552, 1.01015, 0.239552, 0, 0, 0, 0, 0, 0, 1.11168, 0, 0, 0
102.8, 1.01015, 0.239552, 1.01015, 0.239552, 0, 0, 0, 0, 0, 0, 1.11168, 0, 0, 0
102.85, 1.01015, 0.239552, 1.01015, 0.239552, 0, 0, 0, 0, 0, 0, 1.11168, 0, 0, 0
102.9, 1.01015, 0.239552, 1.01015, 0.239552, 0, 0, 0, 0, 0, 0, 1.11168, 0, 0, 0
102.95, 1.01015, 0.239552, 1.01015, 0.239552, 0, 0, 0, 0, 0, 0, 1.11168, 0, 0, 0
103, 1.01015, 0.239552, 1.01015, 0.239552, 0, 0, 0, 0, 0, 0, 1.11168, 0, 0, 0
103, 1.01015, 0.239552, 1.01015, 0.239552, 0, 0, 0, 0, 0, 0, 1.11168, 0, 0, 0
103.05, 1.01015, 0.239552, 1.01015, 0.239552, 0, 0, 0, 0, 0, 0, 1.11168, 0, 0, 0
103.1, 1.01015, 0.239552, 1.01015, 0.239552, 0, 0, 0, 0, 0, 0, 1.11168, 0, 0, 0
103.15, 1.01015, 0.239552, 1.01015, 0.239552, 0, 0, 0, 0, 0, 0, 1.11168, 0, 0, 0
103.2, 1.01015, 0.239552, 1.01015, 0.239552, 0, 0, 0, 0, 0, 0, 1.11168, 0, 0, 0
103.25, 1.01015, 0.239552, 1.01015, 0.239552, 0, 0, 0, 0, 0, 0, 1.11168, 0, 0, 0
103.3, 1.01015, 0.239552, 1.01015, 0.239552, 0, 0, 0, 0, 0, 0, 1.11168, 0, 0, 0
103.35, 1.01015, 0.239552, 1.01015, 0.239552, 0, 0, 0, 0, 0, 0, 1.11168, 0, 0, 0
103.4, 1.01015, 0.239552, 1.01015, 0.239552, 0, 0, 0, 0, 0, 0, 1.11168, 0, 0, 0
103.45, 1.01015, 0.239552, 1.01015, 0.239552, 0, 0, 0, 0, 0, 0, 1.11168, 0, 0, 0
103.5, 1.01015, 0.239552, 1.01015, 0.239552, 0, 0, 0, 0, 0, 0, 1.11168, 0, 0, 0
103.55, 1.01015, 0.239552, 1.01015, 0.239552, 0, 0, 0, 0, 0, 0, 1.11168, 0, 0, 0
103.6, 1.01015, 0.239552, 1.01015, 0.239552, 0, 0, 0, 0, 0, 0, 1.11168, 0, 0, 0
103.65, 1.01015, 0.239552, 1.01015, 0.239552, 0, 0, 0, 0, 0, 0, 1.11168, 0, 0, 0
103.7, 1.01015, 0.239552, 1.01015, 0.239552, 0, 0, 0, 0, 0, 0, 1.11168, 0, 0, 0
103.75, 1.01015, 0.239552, 1.01015, 0.239552, 0, 0, 0, 0, 0, 0, 1.11168, 0, 0, 0
103.8, 1.01015, 0.239552, 1.01015, 0.239552, 0, 0, 0, 0, 0, 0, 1.11168, 0, 0, 0
103.85, 1.01015, 0.239552, 1.01015, 0.239552, 0, 0, 0, 0, 0, 0, 1.11168, 0, 0, 0
103.9, 1.01015, 0.239552, 1.01015, 0.239552, 0, 0, 0, 0, 0, 0, 1.11168, 0, 0, 0
103.95, 1.01015, 0.239552, 1.01015, 0.239552, 0, 0, 0, 0, 0, 0, 1.11168, 0, 0, 0
103.999, 1.01015, 0.239552, 1.01015, 0.239552, 0, 0, 0, 0, 0, 0, 1.11168, 0, 0, 0
104, 1.01015, 0.239552, 1.01015, 0.239552, 0, 0, 0, 0, 0, 0, 1.11168, 0, 0, 0
104, 1.01015, 0.239552, 1.01015, 0.239552, 0, 0, 0, 0, 0, 0, 1.11168, 0, 0, 0
104.05, 1.01015, 0.239552, 1.01015, 0.239552, 0, 0, 0, 0, 0, 0, 1.11168, 0, 0, 0
104.1, 1.01015, 0.239552, 1.01015, 0.239552, 0, 0, 0, 0, 0, 0, 1.11168, 0, 0, 0
104.15, 1.01015, 0.239552, 1.01015, 0.239552, 0, 0, 0, 0, 0, 0, 1.11168, 0, 0, 0
104.2, 1.01015, 0.239552, 1.01015, 0.239552, 0, 0, 0, 0, 0, 0, 1.11168, 0, 0, 0
104.25, 1.01015, 0.239552, 1.01015, 0.239552, 0, 0, 0, 0, 0, 0, 1.11168, 0, 0, 0
104.3, 1.01015, 0.239552, 1.01015, 0.239552, 0, 0, 0, 0, 0, 0, 1.11168, 0, 0, 0
104.35, 1.01015, 0.239552, 1.01015, 0.239552, 0, 0, 0, 0, 0, 0, 1.11168, 0, 0, 0
104.4, 1.01015, 0.239552, 1.01015, 0.239552, 0, 0, 0, 0, 0, 0, 1.11168, 0, 0, 0
104.45, 1.01015, 0.239552, 1.01015, 0.239552, 0, 0, 0, 0, 0, 0, 1.11168, 0, 0, 0
104.5, 1.01015, 0.239552, 1.01015, 0.239552, 0, 0, 0, 0, 0, 0, 1.11168, 0, 0, 0
104.55, 1.01015, 0.239552, 1.01015, 0.239552, 0, 0, 0, 0, 0, 0, 1.11168, 0, 0, 0
104.6, 1.01015, 0.239552, 1.01015, 0.239552, 0, 0, 0, 0, 0, 0, 1.11168, 0, 0, 0
104.65, 1.01015, 0.239552, 1.01015, 0.239552, 0, 0, 0, 0, 0, 0, 1.11168, 0, 0, 0
104.7, 1.01015, 0.239552, 1.01015, 0.239552, 0, 0, 0, 0, 0, 0, 1.11168, 0, 0, 0
104.75, 1.01015, 0.239552, 1.01015, 0.239552, 0, 0, 0, 0, 0, 0, 1.11168, 0, 0, 0
104.8, 1.01015, 0.239552, 1.01015, 0.239552, 0, 0, 0, 0, 0, 0, 1.11168, 0, 0, 0
104.85, 1.01015, 0.239552, 1.01015, 0.239552, 0, 0, 0, 0, 0, 0, 1.11168, 0, 0, 0
104.9, 1.01015, 0.239552, 1.01015, 0.239552, 0, 0, 0, 0, 0, 0, 1.11168, 0, 0, 0
104.95, 1.01015, 0.239552, 1.01015, 0.239552, 0, 0, 0, 0, 0, 0, 1.11168, 0, 0, 0
105, 1.01015, 0.239552, 1.01015, 0.239552, 0, 0, 0, 0, 0, 0, 1.11168, 0, 0, 0
105.001, 1.01015, 0.239552, 1.01015, 0.239552, 0, 0, 0, 0, 0, 0, 1.11168, 0, 0, 0
105.001, 1.01015, 0.239552, 1.01015, 0.239552, 0, 0, 0, 0, 0, 0, 1.11168, 0, 0, 0
105.051, 1.01015, 0.239552, 1.01015, 0.239552, 0, 0, 0, 0, 0, 0, 1.11168, 0, 0, 0
105.101, 1.01015, 0.239552, 1.01015, 0.239552, 0, 0, 0, 0, 0, 0, 1.11168, 0, 0, 0
105.151, 1.01015, 0.239552, 1.01015, 0.239552, 0, 0, 0, 0, 0, 0, 1.11168, 0, 0, 0
105.201, 1.01015, 0.239552, 1.01015, 0.239552, 0, 0, 0, 0, 0, 0, 1.11168, 0, 0, 0
105.251, 1.01015, 0.239552, 1.01015, 0.239552, 0, 0, 0, 0, 0, 0, 1.11168, 0, 0, 0
105.301, 1.01015, 0.239552, 1.01015, 0.239552, 0, 0, 0, 0, 0, 0, 1.11168, 0, 0, 0
105.351, 1.01015, 0.239552, 1.01015, 0.239552, 0, 0, 0, 0, 0, 0, 1.11168, 0, 0, 0
105.401, 1.01015, 0.239552, 1.01015, 0.239552, 0, 0, 0, 0, 0, 0, 1.11168, 0, 0, 0
105.451, 1.01015, 0.239552, 1.01015, 0.239552, 0, 0, 0, 0, 0, 0, 1.11168, 0, 0, 0
105.501, 1.01015, 0.239552, 1.01015, 0.239552, 0, 0, 0, 0, 0, 0, 1.11168, 0, 0, 0
105.551, 1.01015, 0.239552, 1.01015, 0.239552, 0, 0, 0, 0, 0, 0, 1.11168, 0, 0, 0
105.601, 1.01015, 0.239552, 1.01015, 0.239552, 0, 0, 0, 0, 0, 0, 1.11168, 0, 0, 0
105.651, 1.01015, 0.239552, 1.01015, 0.239552, 0, 0, 0, 0, 0, 0, 1.11168, 0, 0, 0
105.701, 1.01015, 0.239552, 1.01015, 0.239552, 0, 0, 0, 0, 0, 0, 1.11168, 0, 0, 0
105.751, 1.01015, 0.239552, 1.01015, 0.239552, 0, 0, 0, 0, 0, 0, 1.11168, 0, 0, 0
105.8, 1.01015, 0.239552, 1.01015, 0.239552, 0, 0, 0, 0, 0, 0, 1.11168, 0, 0, 0
105.85, 1.01015, 0.239552, 1.01015, 0.239552, 0, 0, 0, 0, 0, 0, 1.11168, 0, 0, 0
105.9, 1.01015, 0.239552, 1.01015, 0.239552, 0, 0, 0, 0, 0, 0, 1.11168, 0, 0, 0
105.95, 1.01015, 0.239552, 1.01015, 0.239552, 0, 0, 0, 0, 0, 0, 1.11168, 0, 0, 0
106, 1.01015, 0.239552, 1.01015, 0.239552, 0, 0, 0, 0, 0, 0, 1.11168, 0, 0, 0
106, 1.01015, 0.239552, 1.01015, 0.239552, 0, 0, 0, 0, 0, 0, 1.11168, 0, 0, 0
106.05, 1.01015, 0.239552, 1.01015, 0.239552, 0, 0, 0, 0, 0, 0, 1.11168, 0, 0, 0
106.1, 1.01015, 0.239552, 1.01015, 0.239552, 0, 0, 0, 0, 0, 0, 1.11168, 0, 0, 0
106.15, 1.01015, 0.239552, 1.01015, 0.239552, 0, 0, 0, 0, 0, 0, 1.11168, 0, 0, 0
106.2, 1.01015, 0.239552, 1.01015, 0.239552, 0, 0, 0, 0, 0, 0, 1.11168, 0, 0, 0
106.25, 1.01015, 0.239552, 1.01015, 0.239552, 0, 0, 0, 0, 0, 0, 1.11168, 0, 0, 0
106.3, 1.01015, 0.239552, 1.01015, 0.239552, 0, 0, 0, 0, 0, 0, 1.11168, 0, 0, 0
106.35, 1.01015, 0.239552, 1.01015, 0.239552, 0, 0, 0, 0, 0, 0, 1.11168, 0, 0, 0
106.4, 1.01015, 0.239552, 1.01015, 0.239552, 0, 0, 0, 0, 0, 0, 1.11168, 0, 0, 0
106.45, 1.01015, 0.239552, 1.01015, 0.239552, 0, 0, 0, 0, 0, 0, 1.11168, 0, 0, 0
106.5, 1.01015, 0.239552, 1.01015, 0.239552, 0, 0, 0, 0, 0, 0, 1.11168, 0, 0, 0
106.55, 1.01015, 0.239552, 1.01015, 0.239552, 0, 0, 0, 0, 0, 0, 1.11168, 0, 0, 0
106.6, 1.01015, 0.239552, 1.01015, 0.239552, 0, 0, 0, 0, 0, 0, 1.11168, 0, 0, 0
106.65, 1.01015, 0.239552, 1.01015, 0.239552, 0, 0, 0, 0, 0, 0, 1.11168, 0, 0, 0
106.7, 1.01015, 0.239552, 1.01015, 0.239552, 0, 0, 0, 0, 0, 0, 1.11168, 0, 0, 0
106.75, 1.01015, 0.239552, 1.01015, 0.239552, 0, 0, 0, 0, 0, 0, 1.11168, 0, 0, 0
106.8, 1.01015, 0.239552, 1.01015, 0.239552, 0, 0, 0, 0, 0, 0, 1.11168, 0, 0, 0
106.85, 1.01015, 0.239552, 1.01015, 0.239552, 0, 0, 0, 0, 0, 0, 1.11168, 0, 0, 0
106.9, 1.01015, 0.239552, 1.01015, 0.239552, 0, 0, 0, 0, 0, 0, 1.11168, 0, 0, 0
106.95, 1.01015, 0.239552, 1.01015, 0.239552, 0, 0, 0, 0, 0, 0, 1.11168, 0, 0, 0
107, 1.01015, 0.239552, 1.01015, 0.239552, 0, 0, 0, 0, 0, 0, 1.11168, 0, 0, 0
107.001, 1.01015, 0.239552, 1.01015, 0.239552, 0, 0, 0, 0, 0, 0, 1.11168, 0, 0, 0
107.001, 1.01015, 0.239552, 1.01015, 0.239552, 0, 0, 0, 0, 0, 0, 1.11168, 0, 0, 0
107.051, 1.01015, 0.239552, 1.01015, 0.239552, 0, 0, 0, 0, 0, 0, 1.11168, 0, 0, 0
107.101, 1.01015, 0.239552, 1.01015, 0.239552, 0, 0, 0, 0, 0, 0, 1.11168, 0, 0, 0
107.151, 1.01015, 0.239552, 1.01015, 0.239552, 0, 0, 0, 0, 0, 0, 1.11168, 0, 0, 0
107.201, 1.01015, 0.239552, 1.01015, 0.239552, 0, 0, 0, 0, 0, 0, 1.11168, 0, 0, 0
107.251, 1.01015, 0.239552, 1.01015, 0.239552, 0, 0, 0, 0, 0, 0, 1.11168, 0, 0, 0
107.301, 1.01015, 0.239552, 1.01015, 0.239552, 0, 0, 0, 0, 0, 0, 1.11168, 0, 0, 0
107.351, 1.01015, 0.239552, 1.01015, 0.239552, 0, 0, 0, 0, 0, 0, 1.11168, 0, 0, 0
107.401, 1.01015, 0.239552, 1.01015, 0.239552, 0, 0, 0, 0, 0, 0, 1.11168, 0, 0, 0
107.451, 1.01015, 0.239552, 1.01015, 0.239552, 0, 0, 0, 0, 0, 0, 1.11168, 0, 0, 0
107.501, 1.01015, 0.239552, 1.01015, 0.239552, 0, 0, 0, 0, 0, 0, 1.11168, 0, 0, 0
107.551, 1.01015, 0.239552, 1.01015, 0.239552, 0, 0, 0, 0, 0, 0, 1.11168, 0, 0, 0
107.6, 1.01015, 0.239552, 1.01015, 0.239552, 0, 0, 0, 0, 0, 0, 1.11168, 0, 0, 0
107.65, 1.01015, 0.239552, 1.01015, 0.239552, 0, 0, 0, 0, 0, 0, 1.11168, 0, 0, 0
107.7, 1.01015, 0.239552, 1.01015, 0.239552, 0, 0, 0, 0, 0, 0, 1.11168, 0, 0, 0
107.75, 1.01015, 0.239552, 1.01015, 0.239552, 0, 0, 0, 0, 0, 0, 1.11168, 0, 0, 0
107.8, 1.01015, 0.239552, 1.01015, 0.239552, 0, 0, 0, 0, 0, 0, 1.11168, 0, 0, 0
107.85, 1.01015, 0.239552, 1.01015, 0.239552, 0, 0, 0, 0, 0, 0, 1.11168, 0, 0, 0
107.9, 1.01015, 0.239552, 1.01015, 0.239552, 0, 0, 0, 0, 0, 0, 1.11168, 0, 0, 0
107.95, 1.01015, 0.239552, 1.01015, 0.239552, 0, 0, 0, 0, 0, 0, 1.11168, 0, 0, 0
108, 1.01015, 0.239552, 1.01015, 0.239552, 0, 0, 0, 0, 0, 0, 1.11168, 0, 0, 0
108, 1.01015, 0.239552, 1.01015, 0.239552, 0, 0, 0, 0, 0, 0, 1.11168, 0, 0, 0
108.05, 1.01015, 0.239552, 1.01015, 0.239552, 0, 0, 0, 0, 0, 0, 1.11168, 0, 0, 0
108.1, 1.01015, 0.239552, 1.01015, 0.239552, 0, 0, 0, 0, 0, 0, 1.11168, 0, 0, 0
108.15, 1.01015, 0.239552, 1.01015, 0.239552, 0, 0, 0, 0, 0, 0, 1.11168, 0, 0, 0
108.2, 1.01015, 0.239552, 1.01015, 0.239552, 0, 0, 0, 0, 0, 0, 1.11168, 0, 0, 0
108.25, 1.01015, 0.239552, 1.01015, 0.239552, 0, 0, 0, 0, 0, 0, 1.11168, 0, 0, 0
108.3, 1.01015, 0.239552, 1.01015, 0.239552, 0, 0, 0, 0, 0, 0, 1.11168, 0, 0, 0
108.35, 1.01015, 0.239552, 1.01015, 0.239552, 0, 0, 0, 0, 0, 0, 1.11168, 0, 0, 0
108.4, 1.01015, 0.239552, 1.01015, 0.239552, 0, 0, 0, 0, 0, 0, 1.11168, 0, 0, 0
108.45, 1.01015, 0.239552, 1.01015, 0.239552, 0, 0, 0, 0, 0, 0, 1.11168, 0, 0, 0
108.5, 1.01015, 0.239552, 1.01015, 0.239552, 0, 0, 0, 0, 0, 0, 1.11168, 0, 0, 0
108.55, 1.01015, 0.239552, 1.01015, 0.239552, 0, 0, 0, 0, 0, 0, 1.11168, 0, 0, 0
108.6, 1.01015, 0.239552, 1.01015, 0.239552, 0, 0, 0, 0, 0, 0, 1.11168, 0, 0, 0
108.65, 1.01015, 0.239552, 1.01015, 0.239552, 0, 0, 0, 0, 0, 0, 1.11168, 0, 0, 0
108.7, 1.01015, 0.239552, 1.01015, 0.239552, 0, 0, 0, 0, 0, 0, 1.11168, 0, 0, 0
108.75, 1.01015, 0.239552, 1.01015, 0.239552, 0, 0, 0, 0, 0, 0, 1.11168, 0, 0, 0
108.8, 1.01015, 0.239552, 1.01015, 0.239552, 0, 0, 0, 0, 0, 0, 1.11168, 0, 0, 0
108.85, 1.01015, 0.239552, 1.01015, 0.239552, 0, 0, 0, 0, 0, 0, 1.11168, 0, 0, 0
108.9, 1.01015, 0.239552, 1.01015, 0.239552, 0, 0, 0, 0, 0, 0, 1.11168, 0, 0, 0
108.95, 1.01015, 0.239552, 1.01015, 0.239552, 0, 0, 0, 0, 0, 0, 1.11168, 0, 0, 0
109, 1.01015, 0.239552, 1.01015, 0.239552, 0, 0, 0, 0, 0, 0, 1.11168, 0, 0, 0
109.001, 1.01015, 0.239552, 1.01015, 0.239552, 0, 0, 0, 0, 0, 0, 1.11168, 0, 0, 0
109.001, 1.01015, 0.239552, 1.01015, 0.239552, 0, 0, 0, 0, 0, 0, 1.11168, 0, 0, 0
109.051, 1.01015, 0.239552, 1.01015, 0.239552, 0, 0, 0, 0, 0, 0, 1.11168, 0, 0, 0
109.101, 1.01015, 0.239552, 1.01015, 0.239552, 0, 0, 0, 0, 0, 0, 1.11168, 0, 0, 0
109.151, 1.01015, 0.239552, 1.01015, 0.239552, 0, 0, 0, 0, 0, 0, 1.11168, 0, 0, 0
109.201, 1.01015, 0.239552, 1.01015, 0.239552, 0, 0, 0, 0, 0, 0, 1.11168, 0, 0, 0
109.251, 1.01015, 0.239552, 1.01015, 0.239552, 0, 0, 0, 0, 0, 0, 1.11168, 0, 0, 0
109.301, 1.01015, 0.239552, 1.01015, 0.239552, 0, 0, 0, 0, 0, 0, 1.11168, 0, 0, 0
109.351, 1.01015, 0.239552, 1.01015, 0.239552, 0, 0, 0, 0, 0, 0, 1.11168, 0, 0, 0
109.401, 1.01015, 0.239552, 1.01015, 0.239552, 0, 0, 0, 0, 0, 0, 1.11168, 0, 0, 0
109.45, 1.01015, 0.239552, 1.01015, 0.239552, 0, 0, 0, 0, 0, 0, 1.11168, 0, 0, 0
109.5, 1.01015, 0.239552, 1.01015, 0.239552, 0, 0, 0, 0, 0, 0, 1.11168, 0, 0, 0
109.55, 1.01015, 0.239552, 1.01015, 0.239552, 0, 0, 0, 0, 0, 0, 1.11168, 0, 0, 0
109.6, 1.01015, 0.239552, 1.01015, 0.239552, 0, 0, 0, 0, 0, 0, 1.11168, 0, 0, 0
109.65, 1.01015, 0.239552, 1.01015, 0.239552, 0, 0, 0, 0, 0, 0, 1.11168, 0, 0, 0
109.7, 1.01015, 0.239552, 1.01015, 0.239552, 0, 0, 0, 0, 0, 0, 1.11168, 0, 0, 0
109.75, 1.01015, 0.239552, 1.01015, 0.239552, 0, 0, 0, 0, 0, 0, 1.11168, 0, 0, 0
109.8, 1.01015, 0.239552, 1.01015, 0.239552, 0, 0, 0, 0, 0, 0, 1.11168, 0, 0, 0
109.85, 1.01015, 0.239552, 1.01015, 0.239552, 0, 0, 0, 0, 0, 0, 1.11168, 0, 0, 0
109.9, 1.01015, 0.239552, 1.01015, 0.239552, 0, 0, 0, 0, 0, 0, 1.11168, 0, 0, 0
109.95, 1.01015, 0.239552, 1.01015, 0.239552, 0, 0, 0, 0, 0, 0, 1.11168, 0, 0, 0
110, 1.01015, 0.239552, 1.01015, 0.239552, 0, 0, 0, 0, 0, 0, 1.11168, 0, 0, 0
110, 1.01015, 0.239552, 1.01015, 0.239552, 0, 0, 0, 0, 0, 0, 1.11168, 0, 0, 0
110.05, 1.01015, 0.239552, 1.01015, 0.239552, 0, 0, 0, 0, 0, 0, 1.11168, 0, 0, 0
110.1, 1.01015, 0.239552, 1.01015, 0.239552, 0, 0, 0, 0, 0, 0, 1.11168, 0, 0, 0
110.15, 1.01015, 0.239552, 1.01015, 0.239552, 0, 0, 0, 0, 0, 0, 1.11168, 0, 0, 0
110.2, 1.01015, 0.239552, 1.01015, 0.239552, 0, 0, 0, 0, 0, 0, 1.11168, 0, 0, 0
110.25, 1.01015, 0.239552, 1.01015, 0.239552, 0, 0, 0, 0, 0, 0, 1.11168, 0, 0, 0
110.3, 1.01015, 0.239552, 1.01015, 0.239552, 0, 0, 0, 0, 0, 0, 1.11168, 0, 0, 0
110.35, 1.01015, 0.239552, 1.01015, 0.239552, 0, 0, 0, 0, 0, 0, 1.11168, 0, 0, 0
110.4, 1.01015, 0.239552, 1.01015, 0.239552, 0, 0, 0, 0, 0, 0, 1.11168, 0, 0, 0
110.45, 1.01015, 0.239552, 1.01015, 0.239552, 0, 0, 0, 0, 0, 0, 1.11168, 0, 0, 0
110.5, 1.01015, 0.239552, 1.01015, 0.239552, 0, 0, 0, 0, 0, 0, 1.11168, 0, 0, 0
110.55, 1.01015, 0.239552, 1.01015, 0.239552, 0, 0, 0, 0, 0, 0, 1.11168, 0, 0, 0
110.6, 1.01015, 0.239552, 1.01015, 0.239552, 0, 0, 0, 0, 0, 0, 1.11168, 0, 0, 0
110.65, 1.01015, 0.239552, 1.01015, 0.239552, 0, 0, 0, 0, 0, 0, 1.11168, 0, 0, 0
110.7, 1.01015, 0.239552, 1.01015, 0.239552, 0, 0, 0, 0, 0, 0, 1.11168, 0, 0, 0
110.75, 1.01015, 0.239552, 1.01015, 0.239552, 0, 0, 0, 0, 0, 0, 1.11168, 0, 0, 0
110.8, 1.01015, 0.239552, 1.01015, 0.239552, 0, 0, 0, 0, 0, 0, 1.11168, 0, 0, 0
110.85, 1.01015, 0.239552, 1.01015, 0.239552, 0, 0, 0, 0, 0, 0, 1.11168, 0, 0, 0
110.9, 1.01015, 0.239552, 1.01015, 0.239552, 0, 0, 0, 0, 0, 0, 1.11168, 0, 0, 0
110.95, 1.01015, 0.239552, 1.01015, 0.239552, 0, 0, 0, 0, 0, 0, 1.11168, 0, 0, 0
111, 1.01015, 0.239552, 1.01015, 0.239552, 0, 0, 0, 0, 0, 0, 1.11168, 0, 0, 0
111.001, 1.01015, 0.239552, 1.01015, 0.239552, 0, 0, 0, 0, 0, 0, 1.11168, 0, 0, 0
111.001, 1.01015, 0.239552, 1.01015, 0.239552, 0, 0, 0, 0, 0, 0, 1.11168, 0, 0, 0
111.051, 1.01015, 0.239552, 1.01015, 0.239552, 0, 0, 0, 0, 0, 0, 1.11168, 0, 0, 0
111.101, 1.01015, 0.239552, 1.01015, 0.239552, 0, 0, 0, 0, 0, 0, 1.11168, 0, 0, 0
111.151, 1.01015, 0.239552, 1.01015, 0.239552, 0, 0, 0, 0, 0, 0, 1.11168, 0, 0, 0
111.201, 1.01015, 0.239552, 1.01015, 0.239552, 0, 0, 0, 0, 0, 0, 1.11168, 0, 0, 0
111.25, 1.01015, 0.239552, 1.01015, 0.239552, 0, 0, 0, 0, 0, 0, 1.11168, 0, 0, 0
111.3, 1.01015, 0.239552, 1.01015, 0.239552, 0, 0, 0, 0, 0, 0, 1.11168, 0, 0, 0
111.35, 1.01015, 0.239552, 1.01015, 0.239552, 0, 0, 0, 0, 0, 0, 1.11168, 0, 0, 0
111.4, 1.01015, 0.239552, 1.01015, 0.239552, 0, 0, 0, 0, 0, 0, 1.11168, 0, 0, 0
111.45, 1.01015, 0.239552, 1.01015, 0.239552, 0, 0, 0, 0, 0, 0, 1.11168, 0, 0, 0
111.5, 1.01015, 0.239552, 1.01015, 0.239552, 0, 0, 0, 0, 0, 0, 1.11168, 0, 0, 0
111.55, 1.01015, 0.239552, 1.01015, 0.239552, 0, 0, 0, 0, 0, 0, 1.11168, 0, 0, 0
111.6, 1.01015, 0.239552, 1.01015, 0.239552, 0, 0, 0, 0, 0, 0, 1.11168, 0, 0, 0
111.65, 1.01015, 0.239552, 1.01015, 0.239552, 0, 0, 0, 0, 0, 0, 1.11168, 0, 0, 0
111.7, 1.01015, 0.239552, 1.01015, 0.239552, 0, 0, 0, 0, 0, 0, 1.11168, 0, 0, 0
111.75, 1.01015, 0.239552, 1.01015, 0.239552, 0, 0, 0, 0, 0, 0, 1.11168, 0, 0, 0
111.8, 1.01015, 0.239552, 1.01015, 0.239552, 0, 0, 0, 0, 0, 0, 1.11168, 0, 0, 0
111.85, 1.01015, 0.239552, 1.01015, 0.239552, 0, 0, 0, 0, 0, 0, 1.11168, 0, 0, 0
111.9, 1.01015, 0.239552, 1.01015, 0.239552, 0, 0, 0, 0, 0, 0, 1.11168, 0, 0, 0
111.95, 1.01015, 0.239552, 1.01015, 0.239552, 0, 0, 0, 0, 0, 0, 1.11168, 0, 0, 0
112, 1.01015, 0.239552, 1.01015, 0.239552, 0, 0, 0, 0, 0, 0, 1.11168, 0, 0, 0
112, 1.01015, 0.239552, 1.01015, 0.239552, 0, 0, 0, 0, 0, 0, 1.11168, 0, 0, 0
112.05, 1.01015, 0.239552, 1.01015, 0.239552, 0, 0, 0, 0, 0, 0, 1.11168, 0, 0, 0
112.1, 1.01015, 0.239552, 1.01015, 0.239552, 0, 0, 0, 0, 0, 0, 1.11168, 0, 0, 0
112.15, 1.01015, 0.239552, 1.01015, 0.239552, 0, 0, 0, 0, 0, 0, 1.11168, 0, 0, 0
112.2, 1.01015, 0.239552, 1.01015, 0.239552, 0, 0, 0, 0, 0, 0, 1.11168, 0, 0, 0
112.25, 1.01015, 0.239552, 1.01015, 0.239552, 0, 0, 0, 0, 0, 0, 1.11168, 0, 0, 0
112.3, 1.01015, 0.239552, 1.01015, 0.239552, 0, 0, 0, 0, 0, 0, 1.11168, 0, 0, 0
112.35, 1.01015, 0.239552, 1.01015, 0.239552, 0, 0, 0, 0, 0, 0, 1.11168, 0, 0, 0
112.4, 1.01015, 0.239552, 1.01015, 0.239552, 0, 0, 0, 0, 0, 0, 1.11168, 0, 0, 0
112.45, 1.01015, 0.239552, 1.01015, 0.239552, 0, 0, 0, 0, 0, 0, 1.11168, 0, 0, 0
112.5, 1.01015, 0.239552, 1.01015, 0.239552, 0, 0, 0, 0, 0, 0, 1.11168, 0, 0, 0
112.55, 1.01015, 0.239552, 1.01015, 0.239552, 0, 0, 0, 0, 0, 0, 1.11168, 0, 0, 0
112.6, 1.01015, 0.239552, 1.01015, 0.239552, 0, 0, 0, 0, 0, 0, 1.11168, 0, 0, 0
112.65, 1.01015, 0.239552, 1.01015, 0.239552, 0, 0, 0, 0, 0, 0, 1.11168, 0, 0, 0
112.7, 1.01015, 0.239552, 1.01015, 0.239552, 0, 0, 0, 0, 0, 0, 1.11168, 0, 0, 0
112.75, 1.01015, 0.239552, 1.01015, 0.239552, 0, 0, 0, 0, 0, 0, 1.11168, 0, 0, 0
112.8, 1.01015, 0.239552, 1.01015, 0.239552, 0, 0, 0, 0, 0, 0, 1.11168, 0, 0, 0
112.85, 1.01015, 0.239552, 1.01015, 0.239552, 0, 0, 0, 0, 0, 0, 1.11168, 0, 0, 0
112.9, 1.01015, 0.239552, 1.01015, 0.239552, 0, 0, 0, 0, 0, 0, 1.11168, 0, 0, 0
112.95, 1.01015, 0.239552, 1.01015, 0.239552, 0, 0, 0, 0, 0, 0, 1.11168, 0, 0, 0
113, 1.01015, 0.239552, 1.01015, 0.239552, 0, 0, 0, 0, 0, 0, 1.11168, 0, 0, 0
113.001, 1.01015, 0.239552, 1.01015, 0.239552, 0, 0, 0, 0, 0, 0, 1.11168, 0, 0, 0
113.001, 1.01015, 0.239552, 1.01015, 0.239552, 0, 0, 0, 0, 0, 0, 1.11168, 0, 0, 0
113.05, 1.01015, 0.239552, 1.01015, 0.239552, 0, 0, 0, 0, 0, 0, 1.11168, 0, 0, 0
113.1, 1.01015, 0.239552, 1.01015, 0.239552, 0, 0, 0, 0, 0, 0, 1.11168, 0, 0, 0
113.15, 1.01015, 0.239552, 1.01015, 0.239552, 0, 0, 0, 0, 0, 0, 1.11168, 0, 0, 0
113.2, 1.01015, 0.239552, 1.01015, 0.239552, 0, 0, 0, 0, 0, 0, 1.11168, 0, 0, 0
113.25, 1.01015, 0.239552, 1.01015, 0.239552, 0, 0, 0, 0, 0, 0, 1.11168, 0, 0, 0
113.3, 1.01015, 0.239552, 1.01015, 0.239552, 0, 0, 0, 0, 0, 0, 1.11168, 0, 0, 0
113.35, 1.01015, 0.239552, 1.01015, 0.239552, 0, 0, 0, 0, 0, 0, 1.11168, 0, 0, 0
113.4, 1.01015, 0.239552, 1.01015, 0.239552, 0, 0, 0, 0, 0, 0, 1.11168, 0, 0, 0
113.45, 1.01015, 0.239552, 1.01015, 0.239552, 0, 0, 0, 0, 0, 0, 1.11168, 0, 0, 0
113.5, 1.01015, 0.239552, 1.01015, 0.239552, 0, 0, 0, 0, 0, 0, 1.11168, 0, 0, 0
113.55, 1.01015, 0.239552, 1.01015, 0.239552, 0, 0, 0, 0, 0, 0, 1.11168, 0, 0, 0
113.6, 1.01015, 0.239552, 1.01015, 0.239552, 0, 0, 0, 0, 0, 0, 1.11168, 0, 0, 0
113.65, 1.01015, 0.239552, 1.01015, 0.239552, 0, 0, 0, 0, 0, 0, 1.11168, 0, 0, 0
113.7, 1.01015, 0.239552, 1.01015, 0.239552, 0, 0, 0, 0, 0, 0, 1.11168, 0, 0, 0
113.75, 1.01015, 0.239552, 1.01015, 0.239552, 0, 0, 0, 0, 0, 0, 1.11168, 0, 0, 0
113.8, 1.01015, 0.239552, 1.01015, 0.239552, 0, 0, 0, 0, 0, 0, 1.11168, 0, 0, 0
113.85, 1.01015, 0.239552, 1.01015, 0.239552, 0, 0, 0, 0, 0, 0, 1.11168, 0, 0, 0
113.9, 1.01015, 0.239552, 1.01015, 0.239552, 0, 0, 0, 0, 0, 0, 1.11168, 0, 0, 0
113.95, 1.01015, 0.239552, 1.01015, 0.239552, 0, 0, 0, 0, 0, 0, 1.11168, 0, 0, 0
114, 1.01015, 0.239552, 1.01015, 0.239552, 0, 0, 0, 0, 0, 0, 1.11168, 0, 0, 0
114.001, 1.01015, 0.239552, 1.01015, 0.239552, 0, 0, 0, 0, 0, 0, 1.11168, 0, 0, 0
114.001, 1.01015, 0.239552, 1.01015, 0.239552, 0, 0, 0, 0, 0, 0, 1.11168, 0, 0, 0
114.051, 1.01015, 0.239552, 1.01015, 0.239552, 0, 0, 0, 0, 0, 0, 1.11168, 0, 0, 0
114.101, 1.01015, 0.239552, 1.01015, 0.239552, 0, 0, 0, 0, 0, 0, 1.11168, 0, 0, 0
114.151, 1.01015, 0.239552, 1.01015, 0.239552, 0, 0, 0, 0, 0, 0, 1.11168, 0, 0, 0
114.201, 1.01015, 0.239552, 1.01015, 0.239552, 0, 0, 0, 0, 0, 0, 1.11168, 0, 0, 0
114.251, 1.01015, 0.239552, 1.01015, 0.239552, 0, 0, 0, 0, 0, 0, 1.11168, 0, 0, 0
114.301, 1.01015, 0.239552, 1.01015, 0.239552, 0, 0, 0, 0, 0, 0, 1.11168, 0, 0, 0
114.351, 1.01015, 0.239552, 1.01015, 0.239552, 0, 0, 0, 0, 0, 0, 1.11168, 0, 0, 0
114.401, 1.01015, 0.239552, 1.01015, 0.239552, 0, 0, 0, 0, 0, 0, 1.11168, 0, 0, 0
114.451, 1.01015, 0.239552, 1.01015, 0.239552, 0, 0, 0, 0, 0, 0, 1.11168, 0, 0, 0
114.501, 1.01015, 0.239552, 1.01015, 0.239552, 0, 0, 0, 0, 0, 0, 1.11168, 0, 0, 0
114.551, 1.01015, 0.239552, 1.01015, 0.239552, 0, 0, 0, 0, 0, 0, 1.11168, 0, 0, 0
114.601, 1.01015, 0.239552, 1.01015, 0.239552, 0, 0, 0, 0, 0, 0, 1.11168, 0, 0, 0
114.651, 1.01015, 0.239552, 1.01015, 0.239552, 0, 0, 0, 0, 0, 0, 1.11168, 0, 0, 0
114.701, 1.01015, 0.239552, 1.01015, 0.239552, 0, 0, 0, 0, 0, 0, 1.11168, 0, 0, 0
114.751, 1.01015, 0.239552, 1.01015, 0.239552, 0, 0, 0, 0, 0, 0, 1.11168, 0, 0, 0
114.801, 1.01015, 0.239552, 1.01015, 0.239552, 0, 0, 0, 0, 0, 0, 1.11168, 0, 0, 0
114.851, 1.01015, 0.239552, 1.01015, 0.239552, 0, 0, 0, 0, 0, 0, 1.11168, 0, 0, 0
114.9, 1.01015, 0.239552, 1.01015, 0.239552, 0, 0, 0, 0, 0, 0, 1.11168, 0, 0, 0
114.95, 1.01015, 0.239552, 1.01015, 0.239552, 0, 0, 0, 0, 0, 0, 1.11168, 0, 0, 0
115, 1.01015, 0.239552, 1.01015, 0.239552, 0, 0, 0, 0, 0, 0, 1.11168, 0, 0, 0
115, 1.01015, 0.239552, 1.01015, 0.239552, 0, 0, 0, 0, 0, 0, 1.11168, 0, 0, 0
115.05, 1.01015, 0.239552, 1.01015, 0.239552, 0, 0, 0, 0, 0, 0, 1.11168, 0, 0, 0
115.1, 1.01015, 0.239552, 1.01015, 0.239552, 0, 0, 0, 0, 0, 0, 1.11168, 0, 0, 0
115.15, 1.01015, 0.239552, 1.01015, 0.239552, 0, 0, 0, 0, 0, 0, 1.11168, 0, 0, 0
115.2, 1.01015, 0.239552, 1.01015, 0.239552, 0, 0, 0, 0, 0, 0, 1.11168, 0, 0, 0
115.25, 1.01015, 0.239552, 1.01015, 0.239552, 0, 0, 0, 0, 0, 0, 1.11168, 0, 0, 0
115.3, 1.01015, 0.239552, 1.01015, 0.239552, 0, 0, 0, 0, 0, 0, 1.11168, 0, 0, 0
115.35, 1.01015, 0.239552, 1.01015, 0.239552, 0, 0, 0, 0, 0, 0, 1.11168, 0, 0, 0
115.4, 1.01015, 0.239552, 1.01015, 0.239552, 0, 0, 0, 0, 0, 0, 1.11168, 0, 0, 0
115.45, 1.01015, 0.239552, 1.01015, 0.239552, 0, 0, 0, 0, 0, 0, 1.11168, 0, 0, 0
115.5, 1.01015, 0.239552, 1.01015, 0.239552, 0, 0, 0, 0, 0, 0, 1.11168, 0, 0, 0
115.55, 1.01015, 0.239552, 1.01015, 0.239552, 0, 0, 0, 0, 0, 0, 1.11168, 0, 0, 0
115.6, 1.01015, 0.239552, 1.01015, 0.239552, 0, 0, 0, 0, 0, 0, 1.11168, 0, 0, 0
115.65, 1.01015, 0.239552, 1.01015, 0.239552, 0, 0, 0, 0, 0, 0, 1.11168, 0, 0, 0
115.7, 1.01015, 0.239552, 1.01015, 0.239552, 0, 0, 0, 0, 0, 0, 1.11168, 0, 0, 0
115.75, 1.01015, 0.239552, 1.01015, 0.239552, 0, 0, 0, 0, 0, 0, 1.11168, 0, 0, 0
115.8, 1.01015, 0.239552, 1.01015, 0.239552, 0, 0, 0, 0, 0, 0, 1.11168, 0, 0, 0
115.85, 1.01015, 0.239552, 1.01015, 0.239552, 0, 0, 0, 0, 0, 0, 1.11168, 0, 0, 0
115.9, 1.01015, 0.239552, 1.01015, 0.239552, 0, 0, 0, 0, 0, 0, 1.11168, 0, 0, 0
115.95, 1.01015, 0.239552, 1.01015, 0.239552, 0, 0, 0, 0, 0, 0, 1.11168, 0, 0, 0
116, 1.01015, 0.239552, 1.01015, 0.239552, 0, 0, 0, 0, 0, 0, 1.11168, 0, 0, 0
116.001, 1.01015, 0.239552, 1.01015, 0.239552, 0, 0, 0, 0, 0, 0, 1.11168, 0, 0, 0
116.001, 1.01015, 0.239552, 1.01015, 0.239552, 0, 0, 0, 0, 0, 0, 1.11168, 0, 0, 0
116.051, 1.01015, 0.239552, 1.01015, 0.239552, 0, 0, 0, 0, 0, 0, 1.11168, 0, 0, 0
116.101, 1.01015, 0.239552, 1.01015, 0.239552, 0, 0, 0, 0, 0, 0, 1.11168, 0, 0, 0
116.151, 1.01015, 0.239552, 1.01015, 0.239552, 0, 0, 0, 0, 0, 0, 1.11168, 0, 0, 0
116.201, 1.01015, 0.239552, 1.01015, 0.239552, 0, 0, 0, 0, 0, 0, 1.11168, 0, 0, 0
116.251, 1.01015, 0.239552, 1.01015, 0.239552, 0, 0, 0, 0, 0, 0, 1.11168, 0, 0, 0
116.301, 1.01015, 0.239552, 1.01015, 0.239552, 0, 0, 0, 0, 0, 0, 1.11168, 0, 0, 0
116.351, 1.01015, 0.239552, 1.01015, 0.239552, 0, 0, 0, 0, 0, 0, 1.11168, 0, 0, 0
116.401, 1.01015, 0.239552, 1.01015, 0.239552, 0, 0, 0, 0, 0, 0, 1.11168, 0, 0, 0
116.451, 1.01015, 0.239552, 1.01015, 0.239552, 0, 0, 0, 0, 0, 0, 1.11168, 0, 0, 0
116.501, 1.01015, 0.239552, 1.01015, 0.239552, 0, 0, 0, 0, 0, 0, 1.11168, 0, 0, 0
116.551, 1.01015, 0.239552, 1.01015, 0.239552, 0, 0, 0, 0, 0, 0, 1.11168, 0, 0, 0
116.601, 1.01015, 0.239552, 1.01015, 0.239552, 0, 0, 0, 0, 0, 0, 1.11168, 0, 0, 0
116.651, 1.01015, 0.239552, 1.01015, 0.239552, 0, 0, 0, 0, 0, 0, 1.11168, 0, 0, 0
116.7, 1.01015, 0.239552, 1.01015, 0.239552, 0, 0, 0, 0, 0, 0, 1.11168, 0, 0, 0
116.75, 1.01015, 0.239552, 1.01015, 0.239552, 0, 0, 0, 0, 0, 0, 1.11168, 0, 0, 0
116.8, 1.01015, 0.239552, 1.01015, 0.239552, 0, 0, 0, 0, 0, 0, 1.11168, 0, 0, 0
116.85, 1.01015, 0.239552, 1.01015, 0.239552, 0, 0, 0, 0, 0, 0, 1.11168, 0, 0, 0
116.9, 1.01015, 0.239552, 1.01015, 0.239552, 0, 0, 0, 0, 0, 0, 1.11168, 0, 0, 0
116.95, 1.01015, 0.239552, 1.01015, 0.239552, 0, 0, 0, 0, 0, 0, 1.11168, 0, 0, 0
117, 1.01015, 0.239552, 1.01015, 0.239552, 0, 0, 0, 0, 0, 0, 1.11168, 0, 0, 0
117, 1.01015, 0.239552, 1.01015, 0.239552, 0, 0, 0, 0, 0, 0, 1.11168, 0, 0, 0
117.05, 1.01015, 0.239552, 1.01015, 0.239552, 0, 0, 0, 0, 0, 0, 1.11168, 0, 0, 0
117.1, 1.01015, 0.239552, 1.01015, 0.239552, 0, 0, 0, 0, 0, 0, 1.11168, 0, 0, 0
117.15, 1.01015, 0.239552, 1.01015, 0.239552, 0, 0, 0, 0, 0, 0, 1.11168, 0, 0, 0
117.2, 1.01015, 0.239552, 1.01015, 0.239552, 0, 0, 0, 0, 0, 0, 1.11168, 0, 0, 0
117.25, 1.01015, 0.239552, 1.01015, 0.239552, 0, 0, 0, 0, 0, 0, 1.11168, 0, 0, 0
117.3, 1.01015, 0.239552, 1.01015, 0.239552, 0, 0, 0, 0, 0, 0, 1.11168, 0, 0, 0
117.35, 1.01015, 0.239552, 1.01015, 0.239552, 0, 0, 0, 0, 0, 0, 1.11168, 0, 0, 0
117.4, 1.01015, 0.239552, 1.01015, 0.239552, 0, 0, 0, 0, 0, 0, 1.11168, 0, 0, 0
117.45, 1.01015, 0.239552, 1.01015, 0.239552, 0, 0, 0, 0, 0, 0, 1.11168, 0, 0, 0
117.5, 1.01015, 0.239552, 1.01015, 0.239552, 0, 0, 0, 0, 0, 0, 1.11168, 0, 0, 0
117.55, 1.01015, 0.239552, 1.01015, 0.239552, 0, 0, 0, 0, 0, 0, 1.11168, 0, 0, 0
117.6, 1.01015, 0.239552, 1.01015, 0.239552, 0, 0, 0, 0, 0, 0, 1.11168, 0, 0, 0
117.65, 1.01015, 0.239552, 1.01015, 0.239552, 0, 0, 0, 0, 0, 0, 1.11168, 0, 0, 0
117.7, 1.01015, 0.239552, 1.01015, 0.239552, 0, 0, 0, 0, 0, 0, 1.11168, 0, 0, 0
117.75, 1.01015, 0.239552, 1.01015, 0.239552, 0, 0, 0, 0, 0, 0, 1.11168, 0, 0, 0
117.8, 1.01015, 0.239552, 1.01015, 0.239552, 0, 0, 0, 0, 0, 0, 1.11168, 0, 0, 0
117.85, 1.01015, 0.239552, 1.01015, 0.239552, 0, 0, 0, 0, 0, 0, 1.11168, 0, 0, 0
117.9, 1.01015, 0.239552, 1.01015, 0.239552, 0, 0, 0, 0, 0, 0, 1.11168, 0, 0, 0
117.95, 1.01015, 0.239552, 1.01015, 0.239552, 0, 0, 0, 0, 0, 0, 1.11168, 0, 0, 0
118, 1.01015, 0.239552, 1.01015, 0.239552, 0, 0, 0, 0, 0, 0, 1.11168, 0, 0, 0
118.001, 1.01015, 0.239552, 1.01015, 0.239552, 0, 0, 0, 0, 0, 0, 1.11168, 0, 0, 0
118.001, 1.01015, 0.239552, 1.01015, 0.239552, 0, 0, 0, 0, 0, 0, 1.11168, 0, 0, 0
118.051, 1.01015, 0.239552, 1.01015, 0.239552, 0, 0, 0, 0, 0, 0, 1.11168, 0, 0, 0
118.101, 1.01015, 0.239552, 1.01015, 0.239552, 0, 0, 0, 0, 0, 0, 1.11168, 0, 0, 0
118.151, 1.01015, 0.239552, 1.01015, 0.239552, 0, 0, 0, 0, 0, 0, 1.11168, 0, 0, 0
118.201, 1.01015, 0.239552, 1.01015, 0.239552, 0, 0, 0, 0, 0, 0, 1.11168, 0, 0, 0
118.251, 1.01015, 0.239552, 1.01015, 0.239552, 0, 0, 0, 0, 0, 0, 1.11168, 0, 0, 0
118.301, 1.01015, 0.239552, 1.01015, 0.239552, 0, 0, 0, 0, 0, 0, 1.11168, 0, 0, 0
118.351, 1.01015, 0.239552, 1.01015, 0.239552, 0, 0, 0, 0, 0, 0, 1.11168, 0, 0, 0
118.401, 1.01015, 0.239552, 1.01015, 0.239552, 0, 0, 0, 0, 0, 0, 1.11168, 0, 0, 0
118.451, 1.01015, 0.239552, 1.01015, 0.239552, 0, 0, 0, 0, 0, 0, 1.11168, 0, 0, 0
118.501, 1.01015, 0.239552, 1.01015, 0.239552, 0, 0, 0, 0, 0, 0, 1.11168, 0, 0, 0
118.55, 1.01015, 0.239552, 1.01015, 0.239552, 0, 0, 0, 0, 0, 0, 1.11168, 0, 0, 0
118.6, 1.01015, 0.239552, 1.01015, 0.239552, 0, 0, 0, 0, 0, 0, 1.11168, 0, 0, 0
118.65, 1.01015, 0.239552, 1.01015, 0.239552, 0, 0, 0, 0, 0, 0, 1.11168, 0, 0, 0
118.7, 1.01015, 0.239552, 1.01015, 0.239552, 0, 0, 0, 0, 0, 0, 1.11168, 0, 0, 0
118.75, 1.01015, 0.239552, 1.01015, 0.239552, 0, 0, 0, 0, 0, 0, 1.11168, 0, 0, 0
118.8, 1.01015, 0.239552, 1.01015, 0.239552, 0, 0, 0, 0, 0, 0, 1.11168, 0, 0, 0
118.85, 1.01015, 0.239552, 1.01015, 0.239552, 0, 0, 0, 0, 0, 0, 1.11168, 0, 0, 0
118.9, 1.01015, 0.239552, 1.01015, 0.239552, 0, 0, 0, 0, 0, 0, 1.11168, 0, 0, 0
118.95, 1.01015, 0.239552, 1.01015, 0.239552, 0, 0, 0, 0, 0, 0, 1.11168, 0, 0, 0
119, 1.01015, 0.239552, 1.01015, 0.239552, 0, 0, 0, 0, 0, 0, 1.11168, 0, 0, 0
119, 1.01015, 0.239552, 1.01015, 0.239552, 0, 0, 0, 0, 0, 0, 1.11168, 0, 0, 0
119.05, 1.01015, 0.239552, 1.01015, 0.239552, 0, 0, 0, 0, 0, 0, 1.11168, 0, 0, 0
119.1, 1.01015, 0.239552, 1.01015, 0.239552, 0, 0, 0, 0, 0, 0, 1.11168, 0, 0, 0
119.15, 1.01015, 0.239552, 1.01015, 0.239552, 0, 0, 0, 0, 0, 0, 1.11168, 0, 0, 0
119.2, 1.01015, 0.239552, 1.01015, 0.239552, 0, 0, 0, 0, 0, 0, 1.11168, 0, 0, 0
119.25, 1.01015, 0.239552, 1.01015, 0.239552, 0, 0, 0, 0, 0, 0, 1.11168, 0, 0, 0
119.3, 1.01015, 0.239552, 1.01015, 0.239552, 0, 0, 0, 0, 0, 0, 1.11168, 0, 0, 0
119.35, 1.01015, 0.239552, 1.01015, 0.239552, 0, 0, 0, 0, 0, 0, 1.11168, 0, 0, 0
119.4, 1.01015, 0.239552, 1.01015, 0.239552, 0, 0, 0, 0, 0, 0, 1.11168, 0, 0, 0
119.45, 1.01015, 0.239552, 1.01015, 0.239552, 0, 0, 0, 0, 0, 0, 1.11168, 0, 0, 0
119.5, 1.01015, 0.239552, 1.01015, 0.239552, 0, 0, 0, 0, 0, 0, 1.11168, 0, 0, 0
119.55, 1.01015, 0.239552, 1.01015, 0.239552, 0, 0, 0, 0, 0, 0, 1.11168, 0, 0, 0
119.6, 1.01015, 0.239552, 1.01015, 0.239552, 0, 0, 0, 0, 0, 0, 1.11168, 0, 0, 0
119.65, 1.01015, 0.239552, 1.01015, 0.239552, 0, 0, 0, 0, 0, 0, 1.11168, 0, 0, 0
119.7, 1.01015, 0.239552, 1.01015, 0.239552, 0, 0, 0, 0, 0, 0, 1.11168, 0, 0, 0
119.75, 1.01015, 0.239552, 1.01015, 0.239552, 0, 0, 0, 0, 0, 0, 1.11168, 0, 0, 0
119.8, 1.01015, 0.239552, 1.01015, 0.239552, 0, 0, 0, 0, 0, 0, 1.11168, 0, 0, 0
119.85, 1.01015, 0.239552, 1.01015, 0.239552, 0, 0, 0, 0, 0, 0, 1.11168, 0, 0, 0
119.9, 1.01015, 0.239552, 1.01015, 0.239552, 0, 0, 0, 0, 0, 0, 1.11168, 0, 0, 0
119.95, 1.01015, 0.239552, 1.01015, 0.239552, 0, 0, 0, 0, 0, 0, 1.11168, 0, 0, 0
120, 1.01015, 0.239552, 1.01015, 0.239552, 0, 0, 0, 0, 0, 0, 1.11168, 0, 0, 0
120.001, 1.01015, 0.239552, 1.01015, 0.239552, 0, 0, 0, 0, 0, 0, 1.11168, 0, 0, 0
120.001, 1.00023, 0.232608, 0.994517, 0.228545, 0.989755, 1.65423, 0, 0, 0, 0, 1.11168, 0.00122452, 0.0992213, 0
120.051, 0.99704, 0.224828, 0.991345, 0.220765, 0.986598, 1.64645, -6.45719e-06, -6.45748e-06, -6.45668e-06, 0, 1.11168, 0.00121672, 0.0985889, 7.97349e-11
120.101, 0.995836, 0.217482, 0.990147, 0.213419, 0.985406, 1.6391, -7.35138e-06, -7.35143e-06, -7.35086e-06, 0, 1.11168, 0.00121378, 0.0983509, 1.23522e-09
120.151, 0.995393, 0.208134, 0.989706, 0.204071, 0.984968, 1.62975, -9.6729e-06, -9.67291e-06, -9.67218e-06, 0, 1.11168, 0.0012127, 0.0982632, 6.03067e-09
120.201, 0.995273, 0.195907, 0.989587, 0.191845, 0.984849, 1.61753, -1.25049e-05, -1.2505e-05, -1.25047e-05, 0, 1.11168, 0.00121241, 0.0982405, 1.83774e-08
120.251, 0.995317, 0.180494, 0.989631, 0.176431, 0.984892, 1.60211, -1.55132e-05, -1.55131e-05, -1.55121e-05, 0, 1.11168, 0.00121252, 0.0982483, 4.32685e-08
120.301, 0.995462, 0.16179, 0.989776, 0.157727, 0.985037, 1.58341, -1.85772e-05, -1.85774e-05, -1.85777e-05, 0, 1.11168, 0.00121287, 0.0982774, 8.65492e-08
120.35, 0.99568, 0.139766, 0.989992, 0.135703, 0.985252, 1.56139, -2.16543e-05, -2.16545e-05, -2.16549e-05, 0, 1.11168, 0.0012134, 0.0983201, 1.54717e-07
120.4, 0.995951, 0.114419, 0.990261, 0.110357, 0.98552, 1.53604, -2.47289e-05, -2.4729e-05, -2.47293e-05, 0, 1.11168, 0.00121406, 0.0983738, 2.54752e-07
120.45, 0.99626, 0.0857575, 0.990569, 0.081695, 0.985826, 1.50738, -2.77955e-05, -2.77955e-05, -2.77956e-05, 0, 1.11168, 0.00121482, 0.098435, 3.93962e-07
120.5, 0.996598, 0.0537901, 0.990905, 0.0497276, 0.986161, 1.47541, -3.08517e-05, -3.08518e-05, -3.08522e-05, 0, 1.11168, 0.00121564, 0.0985019, 5.79864e-07
120.55, 0.996956, 0.0185286, 0.99126, 0.014466, 0.986514, 1.44015, -3.38974e-05, -3.38974e-05, -3.38979e-05, 0, 1.11168, 0.00121651, 0.0985725, 8.20067e-07
120.6, 0.997327, -0.0200153, 0.99163, -0.0240779, 0.986882, 1.40161, -3.69321e-05, -3.69321e-05, -3.69323e-05, 0, 1.11168, 0.00121742, 0.0986465, 1.12218e-06
120.65, 0.997707, -0.0618296, 0.992008, -0.0658922, 0.987258, 1.35979, -3.99557e-05, -3.99557e-05, -3.99558e-05, 0, 1.11168, 0.00121835, 0.0987213, 1.49375e-06
120.7, 0.998094, -0.106902, 0.992392, -0.110965, 0.987641, 1.31472, -4.29682e-05, -4.29681e-05, -4.29682e-05, 0, 1.11168, 0.00121929, 0.0987978, 1.94217e-06
120.75, 0.998486, -0.155221, 0.992782, -0.159284, 0.988028, 1.2664, -4.59691e-05, -4.59691e-05, -4.597e-05, 0, 1.11168, 0.00122025, 0.0988747, 2.47463e-06
120.8, 0.998882, -0.206774, 0.993176, -0.210836, 0.98842, 1.21485, -4.89584e-05, -4.89584e-05, -4.89593e-05, 0, 1.11168, 0.00122122, 0.0989541, 3.0981e-06
120.85, 0.99928, -0.261548, 0.993572, -0.26561, 0.988814, 1.16007, -5.19369e-05, -5.19366e-05, -5.19352e-05, 0, 1.11168, 0.00122219, 0.0990328, 3.81927e-06
120.9, 0.999681, -0.31953, 0.993971, -0.323592, 0.989211, 1.10209, -5.49024e-05, -5.49025e-05, -5.49024e-05, 0, 1.11168, 0.00122317, 0.0991119, 4.64449e-06
120.95, 1.00009, -0.380707, 0.994372, -0.38477, 0.989611, 1.04091, -5.78561e-05, -5.78558e-05, -5.78555e-05, 0, 1.11168, 0.00122416, 0.0991923, 5.57983e-06
121, 1.00049, -0.445067, 0.994774, -0.44913, 0.990011, 0.976554, -6.07978e-05, -6.07975e-05, -6.07971e-05, 0, 1.11168, 0.00122515, 0.0992718, 6.631e-06
121, 1.00049, -0.445067, 0.994774, -0.44913, 0.990011, 0.976554, -6.07978e-05, -6.07975e-05, -6.07971e-05, 0, 1.11168, 0.00122515, 0.0992718, 6.63211e-06
121.05, 1.00089, -0.512596, 0.995177, -0.516658, 0.990412, 0.909025, -6.37264e-05, -6.37261e-05, -6.3727e-05, 0, 1.11168, 0.00122615, 0.0993536, 7.80332e-06
121.1, 1.0013, -0.58328, 0.995576, -0.587342, 0.990809, 0.838341, -6.66432e-05, -6.66427e-05, -6.6642e-05, 0, 1.11168, 0.00122713, 0.0994322, 9.1018e-06
121.15, 1.0017, -0.657104, 0.995974, -0.661167, 0.991205, 0.764517, -6.95447e-05, -6.95449e-05, -6.95449e-05, 0, 1.11168, 0.00122811, 0.0995128, 1.0531e-05
121.2, 1.00209, -0.734056, 0.996367, -0.738118, 0.991596, 0.687565, -7.24355e-05, -7.24353e-05, -7.24358e-05, 0, 1.11168, 0.00122907, 0.0995903, 1.20953e-05
121.25, 1.00248, -0.814119, 0.996755, -0.818181, 0.991983, 0.607502, -7.5312e-05, -7.53115e-05, -7.53114e-05, 0, 1.11168, 0.00123004, 0.0996685, 1.37984e-05
121.3, 1.00287, -0.897279, 0.997138, -0.901341, 0.992363, 0.524343, -7.81721e-05, -7.8172e-05, -7.81722e-05, 0, 1.11168, 0.00123099, 0.0997453, 1.56439e-05
121.35, 1.00324, -0.98352, 0.997513, -0.987583, 0.992737, 0.438101, -8.10184e-05, -8.10189e-05, -8.10181e-05, 0, 1.11168, 0.00123191, 0.0998199, 1.7635e-05
121.4, 1.00362, -1.07283, 0.997882, -1.07689, 0.993104, 0.348795, -8.38521e-05, -8.38506e-05, -8.38515e-05, 0, 1.11168, 0.00123283, 0.099894, 1.97745e-05
121.45, 1.00398, -1.16518, 0.998241, -1.16924, 0.993462, 0.25644, -8.66672e-05, -8.66675e-05, -8.66672e-05, 0, 1.11168, 0.00123371, 0.0999656, 2.20647e-05
121.5, 1.00433, -1.26057, 0.998592, -1.26463, 0.993811, 0.161052, -8.94702e-05, -8.94695e-05, -8.94702e-05, 0, 1.11168, 0.00123458, 0.100036, 2.45079e-05
121.55, 1.00467, -1.35897, 0.998933, -1.36303, 0.99415, 0.0626495, -9.22547e-05, -9.22555e-05, -9.22555e-05, 0, 1.11168, 0.00123543, 0.100104, 2.71059e-05
121.6, 1.005, -1.46037, 0.999263, -1.46443, 0.994478, -0.0387512, -9.50257e-05, -9.50247e-05, -9.50248e-05, 0, 1.11168, 0.00123624, 0.10017, 2.98601e-05
121.65, 1.00533, -1.56475, 0.999582, -1.56881, 0.994796, -0.143131, -9.77784e-05, -9.77776e-05, -9.77777e-05, 0, 1.11168, 0.00123702, 0.100234, 3.27718e-05
121.7, 1.00563, -1.67209, 0.99989, -1.67616, 0.995102, -0.250473, -0.000100508, -0.000100508, -0.000100507, 0, 1.11168, 0.0012378, 0.100297, 3.58418e-05
121.75, 1.00593, -1.78238, 1.00019, -1.78644, 0.995398, -0.360757, -0.000103222, -0.000103224, -0.000103224, 0, 1.11168, 0.00123854, 0.100356, 3.90709e-05
121.8, 1.00622, -1.89558, 1.00047, -1.89965, 0.995681, -0.473964, -0.000105929, -0.000105929, -0.000105928, 0, 1.11168, 0.00123923, 0.100413, 4.24592e-05
121.85, 1.00649, -2.01169, 1.00074, -2.01576, 0.995951, -0.590074, -0.000108607, -0.000108609, -0.000108607, 0, 1.11168, 0.00123989, 0.100467, 4.6007e-05
121.9, 1.00675, -2.13069, 1.001, -2.13475, 0.996209, -0.709066, -0.000111267, -0.000111267, -0.000111268, 0, 1.11168, 0.00124054, 0.10052, 4.97142e-05
121.95, 1.007, -2.25254, 1.00125, -2.2566, 0.996455, -0.83092, -0.000113912, -0.000113911, -0.00011391, 0, 1.11168, 0.0012412, 0.10057, 5.35803e-05
122, 1.00724, -2.37724, 1.00148, -2.3813, 0.996688, -0.955616, -0.000116533, -0.000116535, -0.000116534, 0, 1.11168, 0.00124173, 0.100616, 5.76048e-05
122.001, 1.00724, -2.37976, 1.00149, -2.38382, 0.996693, -0.958139, -0.000116585, -0.000116587, -0.000116585, 0, 1.11168, 0.00124173, 0.100617, 5.76869e-05
122.001, 1.00724, -2.37976, 1.00149, -2.38382, 0.996693, -0.958139, -0.000116585, -0.000116587, -0.000116585, 0, 1.11168, 0.00124173, 0.100617, 5.7695e-05
122.051, 1.00746, -2.50733, 1.00171, -2.51139, 0.996913, -1.08571, -0.000119186, -0.000119187, -0.000119187, 0, 1.11168, 0.00124229, 0.100661, 6.18722e-05
122.101, 1.00767, -2.6377, 1.00192, -2.64176, 0.997119, -1.21608, -0.000121774, -0.00012177, -0.000121771, 0, 1.11168, 0.00124283, 0.100704, 6.62141e-05
122.15, 1.00787, -2.77084, 1.00211, -2.77491, 0.997313, -1.34922, -0.000124328, -0.000124328, -0.000124325, 0, 1.11168, 0.00124327, 0.100742, 7.07114e-05
122.2, 1.00805, -2.90674, 1.00229, -2.9108, 0.997494, -1.48512, -0.000126869, -0.000126869, -0.00012687, 0, 1.11168, 0.00124371, 0.100779, 7.53628e-05
122.25, 1.00822, -3.04536, 1.00246, -3.04942, 0.997663, -1.62374, -0.000129391, -0.00012939, -0.00012939, 0, 1.11168, 0.00124408, 0.100812, 8.01669e-05
122.3, 1.00838, -3.18669, 1.00262, -3.19075, 0.99782, -1.76507, -0.000131874, -0.000131878, -0.000131875, 0, 1.11168, 0.00124449, 0.100844, 8.51219e-05
122.35, 1.00853, -3.3307, 1.00276, -3.33476, 0.997963, -1.90908, -0.000134352, -0.000134357, -0.000134353, 0, 1.11168, 0.00124491, 0.100874, 9.02259e-05
122.4, 1.00866, -3.47736, 1.0029, -3.48142, 0.998095, -2.05574, -0.000136802, -0.000136801, -0.0001368, 0, 1.11168, 0.00124521, 0.100901, 9.54772e-05
122.45, 1.00878, -3.62665, 1.00302, -3.63072, 0.998215, -2.20503, -0.000139229, -0.00013923, -0.000139229, 0, 1.11168, 0.00124553, 0.100925, 0.000100874
122.5, 1.00889, -3.77855, 1.00313, -3.78262, 0.998323, -2.35693, -0.000141621, -0.000141624, -0.000141626, 0, 1.11168, 0.00124586, 0.100947, 0.000106413
122.55, 1.00899, -3.93303, 1.00322, -3.9371, 0.998419, -2.51141, -0.000143999, -0.000144007, -0.000144005, 0, 1.11168, 0.00124598, 0.100966, 0.000112093
122.6, 1.00907, -4.09006, 1.00331, -4.09413, 0.998505, -2.66844, -0.000146372, -0.000146367, -0.000146371, 0, 1.11168, 0.0012462, 0.100983, 0.000117911
122.65, 1.00915, -4.24962, 1.00338, -4.25369, 0.99858, -2.828, -0.000148693, -0.000148695, -0.000148692, 0, 1.11168, 0.00124646, 0.100999, 0.000123865
122.7, 1.00921, -4.41168, 1.00345, -4.41575, 0.998644, -2.99006, -0.000151003, -0.000151005, -0.000151003, 0, 1.11168, 0.00124663, 0.101012, 0.000129952
122.75, 1.00927, -4.57622, 1.0035, -4.58028, 0.998699, -3.15459, -0.00015328, -0.000153275, -0.000153277, 0, 1.11168, 0.00124679, 0.101023, 0.00013617
122.8, 1.00931, -4.7432, 1.00355, -4.74726, 0.998744, -3.32157, -0.000155539, -0.000155536, -0.000155534, 0, 1.11168, 0.00124694, 0.101032, 0.000142515
122.85, 1.00935, -4.91259, 1.00358, -4.91665, 0.998779, -3.49097, -0.000157768, -0.000157768, -0.000157765, 0, 1.11168, 0.00124691, 0.101038, 0.000148986
122.9, 1.00938, -5.08437, 1.00361, -5.08844, 0.998806, -3.66275, -0.000159958, -0.000159957, -0.000159952, 0, 1.11168, 0.00124698, 0.101044, 0.000155578
122.95, 1.0094, -5.25852, 1.00363, -5.26258, 0.998824, -3.8369, -0.000162134, -0.000162137, -0.000162136, 0, 1.11168, 0.00124708, 0.101048, 0.00016229
123, 1.00941, -5.435, 1.00364, -5.43906, 0.998835, -4.01338, -0.00016429, -0.000164289, -0.000164288, 0, 1.11168, 0.00124696, 0.101049, 0.000169118
123, 1.00941, -5.435, 1.00364, -5.43906, 0.998835, -4.01338, -0.00016429, -0.000164289, -0.000164288, 0, 1.11168, 0.00124696, 0.101049, 0.000169137
123.05, 1.00941, -5.61378, 1.00364, -5.61784, 0.998837, -4.19216, -0.000166405, -0.000166402, -0.000166402, 0, 1.11168, 0.00124714, 0.101051, 0.000176059
123.1, 1.0094, -5.79483, 1.00364, -5.7989, 0.998832, -4.37321, -0.000168518, -0.000168514, -0.000168519, 0, 1.11168, 0.001247, 0.101049, 0.00018311
123.15, 1.00939, -5.97814, 1.00363, -5.9822, 0.998821, -4.55651, -0.000170573, -0.00017057, -0.00017057, 0, 1.11168, 0.00124702, 0.101047, 0.000190268
123.2, 1.00937, -6.16365, 1.00361, -6.16771, 0.998803, -4.74203, -0.000172607, -0.000172609, -0.000172609, 0, 1.11168, 0.00124692, 0.101043, 0.00019753
123.25, 1.00935, -6.35135, 1.00359, -6.35541, 0.99878, -4.92973, -0.000174616, -0.000174613, -0.000174613, 0, 1.11168, 0.00124698, 0.101039, 0.000204893
123.3, 1.00932, -6.54121, 1.00356, -6.54527, 0.998751, -5.11959, -0.000176606, -0.000176603, -0.000176606, 0, 1.11168, 0.00124682, 0.101032, 0.000212353
123.35, 1.00929, -6.73319, 1.00352, -6.73725, 0.998717, -5.31157, -0.000178568, -0.000178564, -0.000178561, 0, 1.11168, 0.0012468, 0.101026, 0.000219908
123.4, 1.00925, -6.92727, 1.00348, -6.93133, 0.998678, -5.50565, -0.000180473, -0.00018048, -0.000180481, 0, 1.11168, 0.00124678, 0.101019, 0.000227553
123.45, 1.0092, -7.1234, 1.00344, -7.12747, 0.998635, -5.70178, -0.000182381, -0.000182379, -0.000182384, 0, 1.11168, 0.00124656, 0.101009, 0.000235287
123.5, 1.00916, -7.32158, 1.00339, -7.32564, 0.998588, -5.89995, -0.00018424, -0.000184241, -0.000184242, 0, 1.11168, 0.00124644, 0.101, 0.000243105
123.55, 1.00911, -7.52175, 1.00334, -7.52582, 0.998537, -6.10013, -0.000186111, -0.000186105, -0.000186106, 0, 1.11168, 0.00124624, 0.100989, 0.000251005
123.6, 1.00905, -7.7239, 1.00329, -7.72796, 0.998484, -6.30228, -0.000187899, -0.000187898, -0.000187901, 0, 1.11168, 0.00124613, 0.100979, 0.000258983
123.65, 1.00899, -7.92798, 1.00323, -7.93204, 0.998428, -6.50636, -0.000189707, -0.000189703, -0.000189707, 0, 1.11168, 0.00124607, 0.100968, 0.000267035
123.7, 1.00894, -8.13398, 1.00317, -8.13804, 0.99837, -6.71236, -0.000191451, -0.000191464, -0.000191456, 0, 1.11168, 0.00124597, 0.100956, 0.00027516
123.75, 1.00888, -8.34185, 1.00311, -8.34591, 0.998309, -6.92023, -0.000193186, -0.000193185, -0.000193188, 0, 1.11168, 0.00124579, 0.100944, 0.000283352
123.8, 1.00881, -8.55157, 1.00305, -8.55563, 0.998246, -7.12995, -0.000194875, -0.000194872, -0.00019487, 0, 1.11168, 0.0012457, 0.100931, 0.00029161
123.85, 1.00875, -8.7631, 1.00298, -8.76716, 0.998182, -7.34148, -0.000196529, -0.000196536, -0.000196531, 0, 1.11168, 0.00124548, 0.100918, 0.00029993
123.9, 1.00868, -8.97642, 1.00292, -8.98048, 0.998118, -7.55479, -0.000198179, -0.000198178, -0.00019818, 0, 1.11168, 0.00124541, 0.100906, 0.000308308
123.95, 1.00862, -9.19148, 1.00286, -9.19555, 0.998055, -7.76986, -0.000199806, -0.000199803, -0.000199802, 0, 1.11168, 0.00124505, 0.100892, 0.000316742
123.999, 1.00855, -9.40827, 1.00279, -9.41233, 0.997991, -7.98665, -0.000201366, -0.000201363, -0.000201363, 0, 1.11168, 0.00124509, 0.10088, 0.000325228
124, 1.00855, -9.41262, 1.00279, -9.41669, 0.997989, -7.991, -0.000201401, -0.000201399, -0.000201409, 0, 1.11168, 0.00124496, 0.100879, 0.000325398
124, 1.00855, -9.41262, 1.00279, -9.41669, 0.997989, -7.991, -0.000201401, -0.000201399, -0.000201409, 0, 1.11168, 0.00124496, 0.100879, 0.000325429
124.05, 1.00849, -9.63113, 1.00273, -9.6352, 0.997925, -8.20951, -0.000202946, -0.000202951, -0.00020295, 0, 1.11168, 0.00124492, 0.100866, 0.000333935
124.1, 1.00842, -9.8513, 1.00266, -9.85536, 0.997862, -8.42968, -0.000204485, -0.000204481, -0.000204483, 0, 1.11168, 0.00124471, 0.100853, 0.000342517
124.15, 1.00836, -10.0731, 1.0026, -10.0772, 0.997798, -8.65147, -0.000205963, -0.000205961, -0.000205969, 0, 1.11168, 0.00124451, 0.10084, 0.000351142
124.2, 1.00829, -10.2965, 1.00253, -10.3005, 0.997734, -8.87485, -0.000207438, -0.000207436, -0.000207435, 0, 1.11168, 0.00124438, 0.100827, 0.000359806
124.25, 1.00823, -10.5214, 1.00247, -10.5255, 0.99767, -9.0998, -0.000208845, -0.000208852, -0.000208852, 0, 1.11168, 0.00124414, 0.100814, 0.000368507
124.3, 1.00817, -10.7479, 1.00241, -10.752, 0.997609, -9.32627, -0.000210281, -0.00021028, -0.000210278, 0, 1.11168, 0.00124396, 0.100802, 0.000377242
124.35, 1.00811, -10.9759, 1.00235, -10.9799, 0.99755, -9.55424, -0.000211648, -0.000211655, -0.00021165, 0, 1.11168, 0.00124397, 0.10079, 0.000386007
124.4, 1.00805, -11.2053, 1.00229, -11.2094, 0.997492, -9.78368, -0.00021298, -0.00021298, -0.000212987, 0, 1.11168, 0.00124375, 0.100778, 0.000394799
124.45, 1.00799, -11.4362, 1.00223, -11.4402, 0.997434, -10.0146, -0.000214339, -0.000214339, -0.000214336, 0, 1.11168, 0.00124353, 0.100766, 0.000403616
124.5, 1.00794, -11.6685, 1.00218, -11.6725, 0.997379, -10.2468, -0.000215607, -0.000215614, -0.000215614, 0, 1.11168, 0.00124345, 0.100756, 0.000412455
124.55, 1.00788, -11.9021, 1.00212, -11.9062, 0.997326, -10.4805, -0.000216861, -0.00021687, -0.000216869, 0, 1.11168, 0.00124318, 0.100745, 0.000421312
124.6, 1.00783, -12.1371, 1.00207, -12.1412, 0.997274, -10.7155, -0.000218079, -0.00021809, -0.000218079, 0, 1.11168, 0.00124321, 0.100734, 0.000430185
124.65, 1.00778, -12.3734, 1.00202, -12.3775, 0.997226, -10.9518, -0.000219269, -0.000219284, -0.000219272, 0, 1.11168, 0.00124297, 0.100725, 0.000439071
124.7, 1.00773, -12.611, 1.00198, -12.6151, 0.997179, -11.1894, -0.000220479, -0.000220478, -0.000220487, 0, 1.11168, 0.00124314, 0.100716, 0.000447966
124.75, 1.00769, -12.8498, 1.00193, -12.8539, 0.997135, -11.4282, -0.000221583, -0.000221581, -0.000221592, 0, 1.11168, 0.00124276, 0.100707, 0.000456869
124.8, 1.00765, -13.0899, 1.00189, -13.094, 0.997094, -11.6683, -0.000222724, -0.000222734, -0.00022273, 0, 1.11168, 0.0012429, 0.100699, 0.000465777
124.85, 1.00761, -13.3311, 1.00185, -13.3352, 0.997055, -11.9095, -0.000223808, -0.000223804, -0.000223814, 0, 1.11168, 0.00124283, 0.10069, 0.000474686
124.9, 1.00757, -13.5735, 1.00182, -13.5776, 0.997019, -12.1519, -0.000224882, -0.000224869, -0.000224876, 0, 1.11168, 0.00124246, 0.100683, 0.000483595
124.95, 1.00754, -13.8171, 1.00178, -13.8211, 0.996984, -12.3954, -0.000225928, -0.000225923, -0.000225927, 0, 1.11168, 0.00124245, 0.100676, 0.0004925
125, 1.00751, -14.0617, 1.00175, -14.0658, 0.996954, -12.6401, -0.000226912, -0.000226921, -0.000226916, 0, 1.11168, 0.00124227, 0.10067, 0.000501399
125.001, 1.0075, -14.0666, 1.00175, -14.0707, 0.996953, -12.645, -0.000226934, -0.000226931, -0.000226928, 0, 1.11168, 0.0012425, 0.10067, 0.000501576
125.001, 1.0075, -14.0666, 1.00175, -14.0707, 0.996953, -12.645, -0.000226934, -0.000226931, -0.000226928, 0, 1.11168, 0.0012425, 0.10067, 0.000501614
125.051, 1.00748, -14.3123, 1.00172, -14.3164, 0.996925, -12.8907, -0.000227925, -0.000227925, -0.000227921, 0, 1.11168, 0.00124214, 0.100664, 0.000510467
125.101, 1.00745, -14.5591, 1.0017, -14.5631, 0.996899, -13.1374, -0.000228848, -0.000228854, -0.000228843, 0, 1.11168, 0.00124196, 0.100658, 0.000519345
125.151, 1.00743, -14.8068, 1.00167, -14.8109, 0.996876, -13.3852, -0.000229804, -0.000229796, -0.00022981, 0, 1.11168, 0.00124215, 0.100654, 0.00052821
125.201, 1.00741, -15.0556, 1.00165, -15.0596, 0.996856, -13.6339, -0.000230667, -0.000230663, -0.000230673, 0, 1.11168, 0.00124218, 0.10065, 0.000537059
125.251, 1.00739, -15.3052, 1.00163, -15.3093, 0.996839, -13.8836, -0.000231555, -0.000231552, -0.000231556, 0, 1.11168, 0.00124225, 0.100647, 0.00054589
125.301, 1.00737, -15.5559, 1.00162, -15.5599, 0.996824, -14.1342, -0.0002324, -0.00023241, -0.000232396, 0, 1.11168, 0.001242, 0.100643, 0.000554699
125.351, 1.00736, -15.8073, 1.00161, -15.8114, 0.996813, -14.3857, -0.000233192, -0.000233208, -0.000233198, 0, 1.11168, 0.00124215, 0.100641, 0.000563486
125.401, 1.00735, -16.0597, 1.0016, -16.0638, 0.996803, -14.6381, -0.000233991, -0.000234009, -0.000233998, 0, 1.11168, 0.00124191, 0.100639, 0.000572247
125.451, 1.00735, -16.3129, 1.00159, -16.317, 0.996797, -14.8913, -0.000234745, -0.000234737, -0.000234749, 0, 1.11168, 0.00124195, 0.100638, 0.00058098
125.501, 1.00734, -16.5669, 1.00159, -16.571, 0.996792, -15.1453, -0.0002355, -0.00023552, -0.000235509, 0, 1.11168, 0.00124192, 0.100637, 0.000589683
125.551, 1.00734, -16.8217, 1.00159, -16.8257, 0.99679, -15.4001, -0.000236188, -0.000236192, -0.000236198, 0, 1.11168, 0.00124208, 0.100637, 0.000598355
125.601, 1.00734, -17.0772, 1.00159, -17.0813, 0.99679, -15.6556, -0.000236871, -0.000236849, -0.000236874, 0, 1.11168, 0.00124185, 0.100637, 0.000606992
125.651, 1.00734, -17.3335, 1.00159, -17.3375, 0.996793, -15.9118, -0.000237559, -0.000237553, -0.00023757, 0, 1.11168, 0.00124216, 0.100638, 0.000615593
125.701, 1.00735, -17.5904, 1.00159, -17.5945, 0.996799, -16.1688, -0.000238173, -0.000238163, -0.000238174, 0, 1.11168, 0.00124219, 0.100639, 0.000624156
125.751, 1.00736, -17.848, 1.0016, -17.8521, 0.996805, -16.4264, -0.000238785, -0.000238787, -0.000238791, 0, 1.11168, 0.00124238, 0.10064, 0.000632678
125.8, 1.00737, -18.1063, 1.00161, -18.1103, 0.996815, -16.6847, -0.000239372, -0.000239354, -0.000239368, 0, 1.11168, 0.00124194, 0.100642, 0.000641159
125.85, 1.00738, -18.3652, 1.00162, -18.3692, 0.996826, -16.9435, -0.000239925, -0.00023992, -0.000239909, 0, 1.11168, 0.00124209, 0.100644, 0.000649595
125.9, 1.00739, -18.6246, 1.00163, -18.6287, 0.996839, -17.203, -0.000240446, -0.000240443, -0.000240425, 0, 1.11168, 0.00124218, 0.100646, 0.000657986
125.95, 1.0074, -18.8847, 1.00165, -18.8887, 0.996854, -17.463, -0.000240978, -0.000240985, -0.000240986, 0, 1.11168, 0.00124222, 0.100649, 0.000666328
126, 1.00742, -19.1452, 1.00167, -19.1493, 0.996872, -17.7236, -0.000241471, -0.000241452, -0.000241461, 0, 1.11168, 0.00124225, 0.100654, 0.000674622
126, 1.00742, -19.1452, 1.00167, -19.1493, 0.996872, -17.7236, -0.000241471, -0.000241452, -0.000241461, 0, 1.11168, 0.00124225, 0.100654, 0.000674663
126.05, 1.00744, -19.4063, 1.00169, -19.4104, 0.996889, -17.9847, -0.000241911, -0.000241918, -0.00024193, 0, 1.11168, 0.00124221, 0.100657, 0.000682864
126.1, 1.00746, -19.6678, 1.0017, -19.6719, 0.996908, -18.2462, -0.000242325, -0.000242345, -0.000242334, 0, 1.11168, 0.0012425, 0.100661, 0.000691054
126.15, 1.00748, -19.9299, 1.00173, -19.9339, 0.99693, -18.5082, -0.000242783, -0.000242781, -0.000242789, 0, 1.11168, 0.00124224, 0.100665, 0.000699189
126.2, 1.00751, -20.1923, 1.00175, -20.1964, 0.996954, -18.7707, -0.000243139, -0.000243129, -0.000243136, 0, 1.11168, 0.0012427, 0.10067, 0.000707269
126.25, 1.00753, -20.4552, 1.00177, -20.4593, 0.996977, -19.0336, -0.000243584, -0.000243568, -0.000243592, 0, 1.11168, 0.00124237, 0.100674, 0.00071529
126.3, 1.00755, -20.7185, 1.0018, -20.7225, 0.997, -19.2968, -0.000243869, -0.000243904, -0.000243894, 0, 1.11168, 0.00124266, 0.100679, 0.000723253
126.35, 1.00758, -20.9821, 1.00182, -20.9861, 0.997026, -19.5605, -0.000244243, -0.000244236, -0.000244223, 0, 1.11168, 0.00124239, 0.100684, 0.000731155
126.4, 1.00761, -21.246, 1.00185, -21.2501, 0.997054, -19.8244, -0.000244519, -0.000244522, -0.000244533, 0, 1.11168, 0.00124266, 0.10069, 0.000738995
126.45, 1.00764, -21.5103, 1.00188, -21.5144, 0.997083, -20.0887, -0.000244868, -0.000244869, -0.000244857, 0, 1.11168, 0.00124272, 0.100696, 0.000746771
126.5, 1.00767, -21.7749, 1.00191, -21.779, 0.997112, -20.3533, -0.000245056, -0.000245064, -0.000245054, 0, 1.11168, 0.00124286, 0.100702, 0.000754483
126.55, 1.00769, -22.0397, 1.00194, -22.0438, 0.997141, -20.6181, -0.000245302, -0.0002453, -0.000245316, 0, 1.11168, 0.00124282, 0.100708, 0.000762129
126.6, 1.00772, -22.3048, 1.00197, -22.3089, 0.99717, -20.8832, -0.000245554, -0.000245544, -0.000245553, 0, 1.11168, 0.00124287, 0.100713, 0.000769708
126.65, 1.00775, -22.5701, 1.002, -22.5742, 0.997199, -21.1485, -0.000245795, -0.00024579, -0.000245791, 0, 1.11168, 0.00124345, 0.10072, 0.000777219
126.7, 1.00778, -22.8357, 1.00203, -22.8397, 0.997228, -21.4141, -0.000245964, -0.000245959, -0.000245962, 0, 1.11168, 0.00124297, 0.100725, 0.00078466
126.75, 1.00781, -23.1014, 1.00206, -23.1054, 0.997257, -21.6798, -0.000246082, -0.000246059, -0.00024607, 0, 1.11168, 0.00124337, 0.100731, 0.00079203
126.8, 1.00784, -23.3672, 1.00208, -23.3713, 0.997286, -21.9456, -0.000246266, -0.000246269, -0.000246246, 0, 1.11168, 0.00124319, 0.100737, 0.000799328
126.85, 1.00787, -23.6333, 1.00211, -23.6373, 0.997316, -22.2116, -0.000246355, -0.000246334, -0.000246317, 0, 1.11168, 0.00124338, 0.100743, 0.000806553
126.9, 1.0079, -23.8994, 1.00214, -23.9035, 0.997345, -22.4778, -0.000246517, -0.000246489, -0.00024648, 0, 1.11168, 0.00124357, 0.100749, 0.000813705
126.95, 1.00793, -24.1656, 1.00217, -24.1697, 0.997374, -22.744, -0.000246587, -0.000246582, -0.000246595, 0, 1.11168, 0.00124363, 0.100755, 0.000820781
127, 1.00796, -24.4319, 1.0022, -24.436, 0.997403, -23.0103, -0.000246592, -0.000246598, -0.000246607, 0, 1.11168, 0.00124397, 0.100761, 0.000827782
127.001, 1.00796, -24.4372, 1.0022, -24.4413, 0.997403, -23.0156, -0.000246626, -0.000246629, -0.000246616, 0, 1.11168, 0.00124342, 0.100761, 0.000827921
127.001, 1.00796, -24.4372, 1.0022, -24.4413, 0.997403, -23.0156, -0.000246626, -0.000246629, -0.000246616, 0, 1.11168, 0.00124342, 0.100761, 0.000827961
127.051, 1.00799, -24.7036, 1.00223, -24.7077, 0.997432, -23.282, -0.000246648, -0.000246639, -0.000246635, 0, 1.11168, 0.0012432, 0.100766, 0.000834844
127.101, 1.00802, -24.97, 1.00226, -24.9741, 0.997461, -23.5484, -0.000246642, -0.000246655, -0.000246668, 0, 1.11168, 0.00124394, 0.100772, 0.000841689
127.151, 1.00805, -25.2364, 1.00229, -25.2405, 0.99749, -23.8148, -0.000246698, -0.000246695, -0.0002467, 0, 1.11168, 0.00124365, 0.100778, 0.000848456
127.201, 1.00808, -25.5029, 1.00232, -25.507, 0.99752, -24.0813, -0.000246736, -0.000246723, -0.000246737, 0, 1.11168, 0.00124347, 0.100784, 0.000855143
127.251, 1.00811, -25.7693, 1.00235, -25.7733, 0.997548, -24.3477, -0.000246667, -0.000246662, -0.000246648, 0, 1.11168, 0.00124409, 0.10079, 0.000861751
127.301, 1.00814, -26.0357, 1.00238, -26.0397, 0.997578, -24.614, -0.000246668, -0.000246657, -0.000246656, 0, 1.11168, 0.00124395, 0.100796, 0.000868278
127.351, 1.00817, -26.302, 1.00241, -26.306, 0.997606, -24.8804, -0.000246563, -0.000246558, -0.000246567, 0, 1.11168, 0.00124418, 0.100802, 0.000874724
127.401, 1.00819, -26.5682, 1.00244, -26.5723, 0.997636, -25.1466, -0.000246474, -0.000246487, -0.000246475, 0, 1.11168, 0.00124437, 0.100808, 0.000881087
127.451, 1.00822, -26.8344, 1.00246, -26.8384, 0.997665, -25.4128, -0.000246393, -0.0002464, -0.000246402, 0, 1.11168, 0.00124402, 0.100814, 0.000887368
127.501, 1.00825, -27.1004, 1.00249, -27.1045, 0.997694, -25.6788, -0.000246346, -0.000246336, -0.000246357, 0, 1.11168, 0.00124398, 0.100819, 0.000893567
127.551, 1.00828, -27.3664, 1.00252, -27.3704, 0.997723, -25.9447, -0.000246186, -0.000246181, -0.000246178, 0, 1.11168, 0.00124459, 0.100826, 0.000899681
127.601, 1.00831, -27.6321, 1.00255, -27.6362, 0.997746, -26.2105, -0.000246025, -0.000246017, -0.000246021, 0, 1.11168, 0.00124408, 0.10083, 0.000905711
127.65, 1.00833, -27.8978, 1.00257, -27.9018, 0.99777, -26.4761, -0.000245882, -0.000245896, -0.000245887, 0, 1.11168, 0.00124465, 0.100835, 0.000911657
127.7, 1.00835, -28.1632, 1.00259, -28.1673, 0.997793, -26.7416, -0.0002457, -0.000245695, -0.000245712, 0, 1.11168, 0.00124444, 0.10084, 0.000917518
127.75, 1.00838, -28.4285, 1.00262, -28.4326, 0.997816, -27.0069, -0.000245561, -0.000245534, -0.000245546, 0, 1.11168, 0.00124475, 0.100844, 0.000923293
127.8, 1.0084, -28.6936, 1.00264, -28.6976, 0.99784, -27.2719, -0.000245396, -0.000245404, -0.000245402, 0, 1.11168, 0.00124426, 0.100849, 0.000928982
127.85, 1.00842, -28.9584, 1.00266, -28.9625, 0.997863, -27.5368, -0.000245095, -0.000245115, -0.000245134, 0, 1.11168, 0.00124466, 0.100853, 0.000934585
127.9, 1.00845, -29.223, 1.00269, -29.2271, 0.997886, -27.8014, -0.000244939, -0.000244928, -0.000244953, 0, 1.11168, 0.00124459, 0.100858, 0.000940101
127.95, 1.00847, -29.4874, 1.00271, -29.4915, 0.997906, -28.0658, -0.000244762, -0.000244734, -0.000244731, 0, 1.11168, 0.0012449, 0.100862, 0.000945531
128, 1.00849, -29.7515, 1.00272, -29.7556, 0.997924, -28.3299, -0.000244442, -0.000244462, -0.000244457, 0, 1.11168, 0.00124506, 0.100866, 0.000950874
128, 1.00849, -29.7515, 1.00272, -29.7556, 0.997924, -28.3299, -0.000244442, -0.000244462, -0.000244457, 0, 1.11168, 0.00124506, 0.100866, 0.000950908
128.051, 1.0085, -30.0153, 1.00274, -30.0194, 0.997941, -28.5937, -0.000244188, -0.00024421, -0.000244169, 0, 1.11168, 0.00124468, 0.10087, 0.00095613
128.101, 1.00852, -30.2789, 1.00276, -30.2829, 0.997959, -28.8573, -0.000243942, -0.000243936, -0.000243912, 0, 1.11168, 0.00124544, 0.100873, 0.000961298
128.151, 1.00854, -30.5421, 1.00278, -30.5462, 0.997976, -29.1205, -0.000243628, -0.000243594, -0.000243623, 0, 1.11168, 0.00124507, 0.100876, 0.000966379
128.202, 1.00856, -30.805, 1.0028, -30.8091, 0.997994, -29.3834, -0.00024327, -0.00024328, -0.000243296, 0, 1.11168, 0.00124542, 0.10088, 0.000971372
128.252, 1.00857, -31.0676, 1.00281, -31.0717, 0.998009, -29.646, -0.000242952, -0.000242964, -0.000242977, 0, 1.11168, 0.00124502, 0.100883, 0.000976277
128.302, 1.00858, -31.3299, 1.00282, -31.3339, 0.998022, -29.9083, -0.000242674, -0.000242693, -0.000242655, 0, 1.11168, 0.00124511, 0.100885, 0.000981094
128.353, 1.0086, -31.5918, 1.00283, -31.5959, 0.998033, -30.1702, -0.000242377, -0.000242387, -0.000242405, 0, 1.11168, 0.00124496, 0.100888, 0.000985824
128.403, 1.00861, -31.8533, 1.00285, -31.8574, 0.998045, -30.4317, -0.00024202, -0.00024205, -0.000242058, 0, 1.11168, 0.00124481, 0.10089, 0.000990466
128.453, 1.00862, -32.1145, 1.00286, -32.1186, 0.998057, -30.6929, -0.000241648, -0.000241657, -0.00024163, 0, 1.11168, 0.00124516, 0.100892, 0.000995019
128.504, 1.00863, -32.3753, 1.00287, -32.3793, 0.998068, -30.9536, -0.000241297, -0.000241284, -0.000241284, 0, 1.11168, 0.00124518, 0.100896, 0.000999485
128.554, 1.00864, -32.6357, 1.00288, -32.6397, 0.99808, -31.214, -0.000240944, -0.00024092, -0.000240978, 0, 1.11168, 0.00124502, 0.100897, 0.00100386
128.605, 1.00865, -32.8956, 1.00289, -32.8997, 0.998087, -31.474, -0.000240548, -0.000240534, -0.000240532, 0, 1.11168, 0.0012454, 0.100899, 0.00100815
128.655, 1.00866, -33.1552, 1.0029, -33.1592, 0.998093, -31.7335, -0.000240151, -0.000240153, -0.000240168, 0, 1.11168, 0.00124508, 0.1009, 0.00101236
128.705, 1.00866, -33.4143, 1.0029, -33.4184, 0.998099, -31.9927, -0.000239798, -0.00023981, -0.000239793, 0, 1.11168, 0.00124557, 0.100901, 0.00101647
128.756, 1.00867, -33.673, 1.00291, -33.677, 0.998105, -32.2514, -0.000239393, -0.000239392, -0.000239419, 0, 1.11168, 0.00124516, 0.100903, 0.0010205
128.806, 1.00867, -33.9312, 1.00291, -33.9353, 0.998111, -32.5096, -0.000238874, -0.000238894, -0.000238907, 0, 1.11168, 0.00124533, 0.100904, 0.00102444
128.856, 1.00868, -34.189, 1.00292, -34.1931, 0.998117, -32.7674, -0.000238521, -0.000238539, -0.000238544, 0, 1.11168, 0.00124539, 0.100905, 0.0010283
128.907, 1.00869, -34.4463, 1.00292, -34.4504, 0.998123, -33.0247, -0.000238063, -0.00023805, -0.000238053, 0, 1.11168, 0.00124573, 0.100906, 0.00103206
128.957, 1.00869, -34.7031, 1.00293, -34.7072, 0.998126, -33.2815, -0.000237637, -0.000237612, -0.000237627, 0, 1.11168, 0.00124533, 0.100907, 0.00103574
129, 1.00869, -34.9236, 1.00293, -34.9277, 0.998126, -33.502, -0.000237267, -0.000237271, -0.000237249, 0, 1.11168, 0.00124536, 0.100907, 0.00103884
129, 1.00869, -34.9236, 1.00293, -34.9277, 0.998126, -33.502, -0.000237267, -0.000237271, -0.000237249, 0, 1.11168, 0.00124536, 0.100907, 0.00103887
129.051, 1.00869, -35.1796, 1.00293, -35.1836, 0.998126, -33.758, -0.000236787, -0.000236807, -0.00023683, 0, 1.11168, 0.00124494, 0.100907, 0.00104236
129.101, 1.00869, -35.435, 1.00293, -35.4391, 0.998126, -34.0134, -0.000236363, -0.000236339, -0.000236355, 0, 1.11168, 0.00124564, 0.100907, 0.0010458
129.151, 1.00869, -35.69, 1.00293, -35.694, 0.998126, -34.2683, -0.000235892, -0.000235867, -0.000235883, 0, 1.11168, 0.00124552, 0.100907, 0.00104915
129.202, 1.00869, -35.9444, 1.00293, -35.9484, 0.998126, -34.5228, -0.000235418, -0.000235392, -0.000235401, 0, 1.11168, 0.00124553, 0.100907, 0.00105241
129.252, 1.00869, -36.1983, 1.00293, -36.2023, 0.998126, -34.7766, -0.0002349, -0.000234926, -0.000234934, 0, 1.11168, 0.00124523, 0.100907, 0.00105559
129.302, 1.00869, -36.4516, 1.00293, -36.4557, 0.998126, -35.03, -0.000234405, -0.000234386, -0.000234394, 0, 1.11168, 0.00124543, 0.100907, 0.00105869
129.353, 1.00869, -36.7045, 1.00293, -36.7085, 0.998126, -35.2829, -0.000233875, -0.000233858, -0.000233906, 0, 1.11168, 0.00124567, 0.100907, 0.0010617
129.403, 1.00869, -36.9568, 1.00293, -36.9608, 0.998124, -35.5352, -0.000233367, -0.00023335, -0.00023336, 0, 1.11168, 0.00124501, 0.100907, 0.00106463
129.454, 1.00868, -37.2085, 1.00292, -37.2126, 0.99812, -35.7869, -0.000232875, -0.000232921, -0.000232886, 0, 1.11168, 0.0012455, 0.100905, 0.00106748
129.504, 1.00868, -37.4597, 1.00292, -37.4638, 0.998115, -36.0381, -0.000232422, -0.000232406, -0.000232399, 0, 1.11168, 0.00124582, 0.100905, 0.00107025
129.554, 1.00867, -37.7104, 1.00291, -37.7144, 0.998109, -36.2888, -0.000231848, -0.000231819, -0.000231844, 0, 1.11168, 0.00124522, 0.100903, 0.00107293
129.605, 1.00867, -37.9605, 1.0029, -37.9645, 0.998103, -36.5388, -0.000231341, -0.000231358, -0.000231325, 0, 1.11168, 0.00124489, 0.100902, 0.00107553
129.655, 1.00866, -38.21, 1.0029, -38.214, 0.998097, -36.7884, -0.000230849, -0.000230859, -0.000230863, 0, 1.11168, 0.00124489, 0.100901, 0.00107805
129.705, 1.00865, -38.4589, 1.00289, -38.463, 0.998091, -37.0373, -0.000230323, -0.00023029, -0.000230302, 0, 1.11168, 0.0012451, 0.1009, 0.00108049
129.756, 1.00865, -38.7073, 1.00289, -38.7114, 0.998085, -37.2857, -0.000229693, -0.000229666, -0.000229675, 0, 1.11168, 0.00124524, 0.100899, 0.00108285
129.806, 1.00864, -38.9551, 1.00288, -38.9592, 0.99808, -37.5335, -0.000229307, -0.000229246, -0.000229296, 0, 1.11168, 0.00124527, 0.100897, 0.00108513
129.856, 1.00864, -39.2023, 1.00288, -39.2063, 0.998074, -37.7807, -0.00022862, -0.000228583, -0.000228596, 0, 1.11168, 0.00124516, 0.100896, 0.00108733
129.907, 1.00863, -39.4489, 1.00287, -39.453, 0.998068, -38.0273, -0.000228152, -0.000228169, -0.000228181, 0, 1.11168, 0.0012456, 0.100895, 0.00108946
129.957, 1.00863, -39.6949, 1.00286, -39.699, 0.998062, -38.2733, -0.00022753, -0.00022753, -0.000227503, 0, 1.11168, 0.00124522, 0.100894, 0.00109151
130, 1.00862, -39.906, 1.00286, -39.9101, 0.998057, -38.4844, -0.000227038, -0.000227062, -0.000227072, 0, 1.11168, 0.00124469, 0.100893, 0.0010932
130, 1.00862, -39.906, 1.00286, -39.9101, 0.998057, -38.4844, -0.000227038, -0.000227062, -0.000227072, 0, 1.11168, 0.00124469, 0.100893, 0.00109322
130.051, 1.00861, -40.1509, 1.00285, -40.155, 0.998051, -38.7293, -0.000226529, -0.000226537, -0.000226511, 0, 1.11168, 0.00124542, 0.100892, 0.00109511
130.101, 1.00861, -40.3952, 1.00285, -40.3993, 0.998045, -38.9736, -0.000225971, -0.000225978, -0.000225948, 0, 1.11168, 0.00124488, 0.100891, 0.00109694
130.151, 1.0086, -40.639, 1.00284, -40.643, 0.99804, -39.2173, -0.000225511, -0.000225535, -0.000225506, 0, 1.11168, 0.0012449, 0.100889, 0.00109869
130.202, 1.0086, -40.882, 1.00284, -40.8861, 0.998034, -39.4604, -0.000224829, -0.000224842, -0.00022485, 0, 1.11168, 0.00124498, 0.100887, 0.00110037
130.252, 1.00859, -41.1245, 1.00283, -41.1286, 0.998028, -39.7029, -0.000224322, -0.000224335, -0.000224304, 0, 1.11168, 0.00124513, 0.100887, 0.00110198
130.302, 1.00858, -41.3664, 1.00282, -41.3705, 0.99802, -39.9448, -0.000223663, -0.000223687, -0.000223664, 0, 1.11168, 0.00124506, 0.100885, 0.00110351
130.353, 1.00857, -41.6077, 1.00281, -41.6117, 0.99801, -40.1861, -0.000223119, -0.000223145, -0.000223145, 0, 1.11168, 0.00124511, 0.100883, 0.00110497
130.403, 1.00856, -41.8483, 1.0028, -41.8524, 0.997998, -40.4267, -0.000222634, -0.000222646, -0.000222661, 0, 1.11168, 0.00124484, 0.100881, 0.00110636
130.454, 1.00855, -42.0884, 1.00279, -42.0924, 0.997987, -40.6667, -0.000222025, -0.000221995, -0.000221982, 0, 1.11168, 0.00124496, 0.100879, 0.00110768
130.504, 1.00854, -42.3278, 1.00278, -42.3318, 0.997975, -40.9062, -0.000221473, -0.000221497, -0.000221497, 0, 1.11168, 0.00124479, 0.100876, 0.00110892
130.554, 1.00853, -42.5666, 1.00276, -42.5707, 0.997964, -41.145, -0.00022088, -0.000220853, -0.000220825, 0, 1.11168, 0.00124501, 0.100874, 0.0011101
130.605, 1.00851, -42.8048, 1.00275, -42.8088, 0.997952, -41.3832, -0.00022025, -0.000220226, -0.000220242, 0, 1.11168, 0.00124455, 0.100871, 0.00111121
130.655, 1.0085, -43.0423, 1.00274, -43.0464, 0.99794, -41.6207, -0.000219741, -0.000219718, -0.000219768, 0, 1.11168, 0.00124443, 0.100869, 0.00111225
130.705, 1.00849, -43.2793, 1.00273, -43.2833, 0.997929, -41.8577, -0.000219172, -0.000219139, -0.000219154, 0, 1.11168, 0.00124465, 0.100867, 0.00111323
130.756, 1.00848, -43.5156, 1.00272, -43.5197, 0.997917, -42.094, -0.000218548, -0.000218558, -0.000218527, 0, 1.11168, 0.00124453, 0.100865, 0.00111414
130.806, 1.00847, -43.7513, 1.00271, -43.7554, 0.997905, -42.3297, -0.000218032, -0.000218013, -0.00021801, 0, 1.11168, 0.00124475, 0.100862, 0.00111498
130.856, 1.00846, -43.9864, 1.0027, -43.9904, 0.997895, -42.5648, -0.000217434, -0.000217402, -0.00021742, 0, 1.11168, 0.00124492, 0.10086, 0.00111576
130.907, 1.00845, -44.2209, 1.00269, -44.2249, 0.997889, -42.7992, -0.000216902, -0.000216923, -0.000216925, 0, 1.11168, 0.0012444, 0.100859, 0.00111647
130.957, 1.00844, -44.4547, 1.00268, -44.4588, 0.997883, -43.0331, -0.000216309, -0.000216299, -0.000216301, 0, 1.11168, 0.00124487, 0.100857, 0.00111712
131, 1.00844, -44.6553, 1.00268, -44.6594, 0.997878, -43.2337, -0.000215818, -0.000215787, -0.000215757, 0, 1.11168, 0.00124466, 0.100856, 0.00111763
131, 1.00844, -44.6553, 1.00268, -44.6594, 0.997878, -43.2337, -0.000215818, -0.000215787, -0.000215757, 0, 1.11168, 0.00124466, 0.100856, 0.00111764
131.051, 1.00843, -44.888, 1.00267, -44.8921, 0.997872, -43.4664, -0.000215195, -0.000215241, -0.000215228, 0, 1.11168, 0.00124452, 0.100855, 0.00111816
131.101, 1.00843, -45.1201, 1.00267, -45.1242, 0.997867, -43.6985, -0.000214683, -0.000214688, -0.000214665, 0, 1.11168, 0.00124501, 0.100854, 0.00111864
131.151, 1.00842, -45.3516, 1.00266, -45.3556, 0.99786, -43.9299, -0.000214112, -0.000214107, -0.00021409, 0, 1.11168, 0.00124477, 0.100853, 0.00111905
131.202, 1.00841, -45.5824, 1.00265, -45.5865, 0.997849, -44.1608, -0.000213514, -0.000213537, -0.000213501, 0, 1.11168, 0.00124445, 0.100851, 0.00111941
131.252, 1.0084, -45.8126, 1.00264, -45.8167, 0.997839, -44.391, -0.000212969, -0.000212986, -0.000212998, 0, 1.11168, 0.00124477, 0.100849, 0.0011197
131.303, 1.00839, -46.0423, 1.00263, -46.0463, 0.997833, -44.6206, -0.000212373, -0.000212358, -0.000212364, 0, 1.11168, 0.00124399, 0.100847, 0.00111994
131.353, 1.00839, -46.2713, 1.00263, -46.2753, 0.997828, -44.8497, -0.000211844, -0.000211854, -0.000211897, 0, 1.11168, 0.00124486, 0.100846, 0.00112012
131.403, 1.00838, -46.4997, 1.00262, -46.5037, 0.997822, -45.0781, -0.000211264, -0.000211286, -0.000211252, 0, 1.11168, 0.00124463, 0.100845, 0.00112025
131.454, 1.00838, -46.7275, 1.00262, -46.7316, 0.997816, -45.3059, -0.000210703, -0.000210735, -0.000210744, 0, 1.11168, 0.00124434, 0.100844, 0.00112032
131.504, 1.00837, -46.9547, 1.00261, -46.9588, 0.99781, -45.5331, -0.000210115, -0.00021013, -0.000210135, 0, 1.11168, 0.001245, 0.100843, 0.00112034
131.554, 1.00837, -47.1813, 1.0026, -47.1854, 0.997804, -45.7597, -0.000209613, -0.000209635, -0.00020961, 0, 1.11168, 0.00124423, 0.100842, 0.0011203
131.605, 1.00836, -47.4073, 1.0026, -47.4114, 0.997797, -45.9857, -0.000209036, -0.000209047, -0.000209016, 0, 1.11168, 0.00124506, 0.10084, 0.00112021
131.655, 1.00835, -47.6327, 1.00259, -47.6368, 0.997791, -46.2111, -0.000208513, -0.000208538, -0.00020853, 0, 1.11168, 0.00124412, 0.100839, 0.00112007
131.705, 1.00834, -47.8575, 1.00258, -47.8616, 0.997784, -46.4359, -0.000207942, -0.000207962, -0.00020796, 0, 1.11168, 0.00124447, 0.100838, 0.00111988
131.756, 1.00834, -48.0818, 1.00258, -48.0858, 0.997777, -46.6601, -0.000207412, -0.000207417, -0.000207437, 0, 1.11168, 0.00124473, 0.100836, 0.00111964
131.806, 1.00833, -48.3054, 1.00257, -48.3095, 0.997771, -46.8838, -0.000206844, -0.000206867, -0.000206841, 0, 1.11168, 0.00124423, 0.100835, 0.00111934
131.856, 1.00832, -48.5285, 1.00256, -48.5325, 0.997764, -47.1068, -0.000206323, -0.000206331, -0.000206317, 0, 1.11168, 0.0012447, 0.100834, 0.001119
131.907, 1.00832, -48.7509, 1.00256, -48.755, 0.997757, -47.3293, -0.000205743, -0.000205773, -0.000205733, 0, 1.11168, 0.00124438, 0.100832, 0.00111862
131.957, 1.00831, -48.9728, 1.00255, -48.9769, 0.997751, -47.5512, -0.000205216, -0.000205227, -0.000205236, 0, 1.11168, 0.00124396, 0.100831, 0.00111818
132, 1.00831, -49.1632, 1.00255, -49.1673, 0.997745, -47.7416, -0.000204783, -0.000204725, -0.000204766, 0, 1.11168, 0.00124454, 0.100829, 0.00111778
132, 1.00831, -49.1632, 1.00255, -49.1673, 0.997745, -47.7416, -0.000204783, -0.000204725, -0.000204766, 0, 1.11168, 0.00124454, 0.100829, 0.00111778
132.051, 1.0083, -49.3841, 1.00254, -49.3881, 0.997738, -47.9625, -0.000204297, -0.000204273, -0.000204284, 0, 1.11168, 0.00124449, 0.100828, 0.00111726
132.101, 1.00829, -49.6044, 1.00253, -49.6084, 0.997732, -48.1827, -0.000203853, -0.000203821, -0.000203832, 0, 1.11168, 0.00124403, 0.100827, 0.0011167
132.151, 1.00828, -49.8241, 1.00252, -49.8281, 0.997725, -48.4025, -0.000203175, -0.000203158, -0.000203193, 0, 1.11168, 0.00124421, 0.100826, 0.00111609
132.202, 1.00828, -50.0432, 1.00252, -50.0473, 0.997718, -48.6216, -0.000202715, -0.000202734, -0.000202709, 0, 1.11168, 0.00124425, 0.100824, 0.00111544
132.252, 1.00827, -50.2618, 1.00251, -50.2659, 0.997711, -48.8402, -0.000202223, -0.000202243, -0.000202207, 0, 1.11168, 0.00124462, 0.100823, 0.00111476
132.303, 1.00826, -50.4799, 1.0025, -50.484, 0.997704, -49.0583, -0.000201708, -0.000201723, -0.000201703, 0, 1.11168, 0.00124384, 0.100821, 0.00111403
132.353, 1.00826, -50.6974, 1.0025, -50.7015, 0.997698, -49.2758, -0.00020116, -0.000201136, -0.00020114, 0, 1.11168, 0.00124439, 0.10082, 0.00111326
132.403, 1.00825, -50.9144, 1.00249, -50.9184, 0.997691, -49.4928, -0.000200681, -0.000200653, -0.000200662, 0, 1.11168, 0.00124424, 0.100819, 0.00111245
132.454, 1.00824, -51.1308, 1.00248, -51.1349, 0.997684, -49.7092, -0.000200192, -0.000200209, -0.00020013, 0, 1.11168, 0.00124399, 0.100817, 0.0011116
132.504, 1.00824, -51.3467, 1.00248, -51.3508, 0.997677, -49.9251, -0.000199633, -0.000199665, -0.000199627, 0, 1.11168, 0.0012444, 0.100816, 0.00111072
132.554, 1.00823, -51.5621, 1.00247, -51.5662, 0.997671, -50.1405, -0.000199227, -0.000199249, -0.000199271, 0, 1.11168, 0.00124406, 0.100815, 0.0011098
132.605, 1.00822, -51.777, 1.00246, -51.781, 0.997664, -50.3553, -0.000198679, -0.00019871, -0.000198671, 0, 1.11168, 0.00124438, 0.100813, 0.00110884
132.655, 1.00822, -51.9913, 1.00246, -51.9954, 0.997657, -50.5697, -0.000198245, -0.000198257, -0.000198273, 0, 1.11168, 0.00124423, 0.100812, 0.00110785
132.705, 1.00821, -52.2051, 1.00245, -52.2092, 0.997651, -50.7835, -0.000197781, -0.000197805, -0.000197816, 0, 1.11168, 0.00124446, 0.10081, 0.00110683
132.756, 1.0082, -52.4185, 1.00244, -52.4225, 0.997644, -50.9968, -0.000197293, -0.000197282, -0.000197287, 0, 1.11168, 0.00124433, 0.100809, 0.00110577
132.806, 1.0082, -52.6313, 1.00244, -52.6353, 0.997637, -51.2097, -0.000196832, -0.000196805, -0.000196828, 0, 1.11168, 0.00124419, 0.100808, 0.00110469
132.856, 1.00819, -52.8436, 1.00243, -52.8477, 0.997631, -51.422, -0.000196421, -0.000196396, -0.000196403, 0, 1.11168, 0.00124428, 0.100806, 0.00110357
132.907, 1.00818, -53.0554, 1.00242, -53.0595, 0.997624, -51.6338, -0.000195896, -0.000195931, -0.000195925, 0, 1.11168, 0.00124446, 0.100805, 0.00110241
132.957, 1.00818, -53.2668, 1.00242, -53.2708, 0.997617, -51.8452, -0.000195526, -0.000195491, -0.000195504, 0, 1.11168, 0.00124401, 0.100804, 0.00110123
133, 1.00817, -53.4481, 1.00241, -53.4522, 0.997612, -52.0265, -0.000195101, -0.000195074, -0.000195093, 0, 1.11168, 0.00124427, 0.100802, 0.0011002
133, 1.00817, -53.4481, 1.00241, -53.4522, 0.997612, -52.0265, -0.000195101, -0.000195074, -0.000195093, 0, 1.11168, 0.00124427, 0.100802, 0.0011002
133.051, 1.00816, -53.6586, 1.0024, -53.6627, 0.997605, -52.237, -0.000194649, -0.000194655, -0.000194638, 0, 1.11168, 0.00124361, 0.100802, 0.00109896
133.101, 1.00816, -53.8686, 1.0024, -53.8726, 0.997599, -52.4469, -0.000194338, -0.000194306, -0.00019432, 0, 1.11168, 0.00124384, 0.1008, 0.0010977
133.152, 1.00815, -54.0781, 1.00239, -54.0821, 0.997592, -52.6565, -0.000193855, -0.000193837, -0.00019385, 0, 1.11168, 0.00124383, 0.100799, 0.00109642
133.202, 1.00814, -54.2871, 1.00238, -54.2912, 0.997585, -52.8655, -0.000193345, -0.000193315, -0.000193381, 0, 1.11168, 0.00124375, 0.100798, 0.0010951
133.252, 1.00814, -54.4957, 1.00238, -54.4998, 0.997579, -53.0741, -0.000193009, -0.000193031, -0.000193026, 0, 1.11168, 0.00124402, 0.100796, 0.00109376
133.303, 1.00813, -54.7039, 1.00237, -54.708, 0.997573, -53.2823, -0.000192588, -0.000192567, -0.000192577, 0, 1.11168, 0.0012435, 0.100795, 0.0010924
133.353, 1.00812, -54.9116, 1.00237, -54.9157, 0.997566, -53.49, -0.000192143, -0.000192159, -0.000192123, 0, 1.11168, 0.00124389, 0.100794, 0.00109102
133.403, 1.00812, -55.1189, 1.00236, -55.1229, 0.99756, -53.6972, -0.000191838, -0.000191826, -0.000191825, 0, 1.11168, 0.00124329, 0.100793, 0.00108961
133.454, 1.00811, -55.3257, 1.00235, -55.3298, 0.997554, -53.9041, -0.000191349, -0.000191331, -0.000191341, 0, 1.11168, 0.00124382, 0.100792, 0.00108818
133.504, 1.00811, -55.5321, 1.00235, -55.5362, 0.997548, -54.1105, -0.000191007, -0.000190983, -0.000190996, 0, 1.11168, 0.00124393, 0.10079, 0.00108673
133.554, 1.0081, -55.7381, 1.00234, -55.7422, 0.997541, -54.3165, -0.000190564, -0.000190536, -0.000190548, 0, 1.11168, 0.00124383, 0.100788, 0.00108526
133.605, 1.00809, -55.9437, 1.00233, -55.9478, 0.997535, -54.5221, -0.000190224, -0.000190209, -0.000190215, 0, 1.11168, 0.00124357, 0.100787, 0.00108377
133.655, 1.00809, -56.1489, 1.00233, -56.1529, 0.997529, -54.7272, -0.000189782, -0.000189807, -0.000189779, 0, 1.11168, 0.00124367, 0.100786, 0.00108226
133.705, 1.00808, -56.3536, 1.00232, -56.3577, 0.997523, -54.932, -0.000189399, -0.000189385, -0.00018938, 0, 1.11168, 0.00124376, 0.100785, 0.00108073
133.756, 1.00807, -56.558, 1.00232, -56.5621, 0.997517, -55.1364, -0.000189122, -0.000189135, -0.000189089, 0, 1.11168, 0.0012441, 0.100784, 0.00107919
133.806, 1.00807, -56.762, 1.00231, -56.766, 0.997511, -55.3404, -0.000188703, -0.000188723, -0.00018874, 0, 1.11168, 0.001244, 0.100782, 0.00107762
133.856, 1.00806, -56.9656, 1.0023, -56.9696, 0.997505, -55.5439, -0.000188376, -0.000188371, -0.000188363, 0, 1.11168, 0.00124324, 0.100781, 0.00107605
133.907, 1.00806, -57.1688, 1.0023, -57.1728, 0.997499, -55.7472, -0.000188046, -0.000188025, -0.000188021, 0, 1.11168, 0.0012434, 0.10078, 0.00107446
133.957, 1.00805, -57.3716, 1.00229, -57.3757, 0.997493, -55.95, -0.000187714, -0.000187763, -0.000187702, 0, 1.11168, 0.00124349, 0.100779, 0.00107285
134, 1.00805, -57.5458, 1.00229, -57.5499, 0.997488, -56.1242, -0.000187524, -0.000187532, -0.000187547, 0, 1.11168, 0.00124386, 0.100778, 0.00107146
134, 1.00805, -57.5458, 1.00229, -57.5499, 0.997488, -56.1242, -0.000187524, -0.000187532, -0.000187547, 0, 1.11168, 0.00124386, 0.100778, 0.00107145
134.051, 1.00804, -57.748, 1.00228, -57.752, 0.997482, -56.3263, -0.000187047, -0.000187082, -0.000187139, 0, 1.11168, 0.00124335, 0.100777, 0.00106982
134.101, 1.00803, -57.9498, 1.00228, -57.9538, 0.997476, -56.5282, -0.000186778, -0.000186794, -0.000186768, 0, 1.11168, 0.00124327, 0.100776, 0.00106818
134.152, 1.00803, -58.1512, 1.00227, -58.1553, 0.99747, -56.7296, -0.000186322, -0.000186336, -0.000186347, 0, 1.11168, 0.0012436, 0.100774, 0.00106653
134.202, 1.00802, -58.3524, 1.00226, -58.3564, 0.997465, -56.9307, -0.00018607, -0.000186096, -0.000186076, 0, 1.11168, 0.00124384, 0.100774, 0.00106486
134.252, 1.00802, -58.5531, 1.00226, -58.5572, 0.997459, -57.1315, -0.000185796, -0.00018582, -0.000185829, 0, 1.11168, 0.00124371, 0.100772, 0.00106318
134.303, 1.00801, -58.7536, 1.00225, -58.7577, 0.997453, -57.332, -0.000185623, -0.000185584, -0.000185618, 0, 1.11168, 0.0012439, 0.10077, 0.0010615
134.353, 1.008, -58.9537, 1.00225, -58.9578, 0.997447, -57.5321, -0.000185225, -0.00018524, -0.000185304, 0, 1.11168, 0.00124362, 0.100769, 0.0010598
134.403, 1.008, -59.1535, 1.00224, -59.1576, 0.997441, -57.7319, -0.000185022, -0.000184943, -0.000185016, 0, 1.11168, 0.00124368, 0.100769, 0.0010581
134.454, 1.00799, -59.353, 1.00223, -59.3571, 0.997436, -57.9314, -0.000184716, -0.000184735, -0.000184703, 0, 1.11168, 0.00124387, 0.100767, 0.00105639
134.504, 1.00799, -59.5522, 1.00223, -59.5562, 0.99743, -58.1305, -0.000184346, -0.000184383, -0.000184428, 0, 1.11168, 0.00124351, 0.100766, 0.00105467
134.554, 1.00798, -59.751, 1.00222, -59.7551, 0.997424, -58.3294, -0.000184079, -0.000184088, -0.000184054, 0, 1.11168, 0.0012432, 0.100764, 0.00105294
134.605, 1.00797, -59.9496, 1.00222, -59.9537, 0.997418, -58.528, -0.00018374, -0.000183767, -0.000183751, 0, 1.11168, 0.00124331, 0.100764, 0.00105121
134.655, 1.00797, -60.1479, 1.00221, -60.152, 0.997412, -58.7263, -0.000183433, -0.000183441, -0.00018341, 0, 1.11168, 0.00124347, 0.100762, 0.00104947
134.705, 1.00796, -60.346, 1.0022, -60.3501, 0.997406, -58.9244, -0.000183289, -0.000183318, -0.000183265, 0, 1.11168, 0.00124319, 0.100762, 0.00104773
134.756, 1.00796, -60.5437, 1.0022, -60.5478, 0.9974, -59.1221, -0.000183093, -0.000183123, -0.000183087, 0, 1.11168, 0.00124331, 0.100761, 0.00104599
134.806, 1.00795, -60.7412, 1.00219, -60.7453, 0.997395, -59.3196, -0.000182773, -0.000182798, -0.000182773, 0, 1.11168, 0.00124349, 0.100759, 0.00104424
134.856, 1.00795, -60.9384, 1.00219, -60.9425, 0.997389, -59.5168, -0.00018246, -0.000182469, -0.000182457, 0, 1.11168, 0.00124329, 0.100758, 0.00104249
134.907, 1.00794, -61.1354, 1.00218, -61.1395, 0.997383, -59.7138, -0.000182166, -0.000182173, -0.000182148, 0, 1.11168, 0.00124358, 0.100757, 0.00104073
134.957, 1.00793, -61.3321, 1.00218, -61.3362, 0.997377, -59.9105, -0.000182138, -0.000182142, -0.000182218, 0, 1.11168, 0.00124303, 0.100756, 0.00103898
135.001, 1.00793, -61.501, 1.00217, -61.5051, 0.997372, -60.0794, -0.000181831, -0.000181779, -0.000181822, 0, 1.11168, 0.00124364, 0.100754, 0.00103747
135.001, 1.00793, -61.501, 1.00217, -61.5051, 0.997372, -60.0794, -0.000181831, -0.000181779, -0.000181822, 0, 1.11168, 0.00124364, 0.100754, 0.00103746
135.051, 1.00792, -61.6973, 1.00216, -61.7014, 0.997366, -60.2757, -0.000181519, -0.000181454, -0.000181511, 0, 1.11168, 0.00124284, 0.100754, 0.00103571
135.101, 1.00792, -61.8933, 1.00216, -61.8974, 0.997361, -60.4717, -0.000181514, -0.000181519, -0.000181506, 0, 1.11168, 0.00124342, 0.100752, 0.00103395
135.152, 1.00791, -62.0891, 1.00215, -62.0931, 0.997355, -60.6675, -0.000181111, -0.000181131, -0.000181111, 0, 1.11168, 0.00124351, 0.100751, 0.00103219
135.202, 1.0079, -62.2847, 1.00215, -62.2887, 0.997349, -60.8631, -0.000180884, -0.000180898, -0.000180881, 0, 1.11168, 0.00124339, 0.10075, 0.00103044
135.252, 1.0079, -62.48, 1.00214, -62.4841, 0.997343, -61.0584, -0.000180883, -0.000180893, -0.00018086, 0, 1.11168, 0.00124329, 0.100748, 0.00102868
135.303, 1.00789, -62.6751, 1.00214, -62.6792, 0.997337, -61.2535, -0.00018056, -0.000180581, -0.000180555, 0, 1.11168, 0.00124324, 0.100747, 0.00102693
135.353, 1.00789, -62.8701, 1.00213, -62.8742, 0.997331, -61.4485, -0.000180558, -0.000180489, -0.000180556, 0, 1.11168, 0.001243, 0.100747, 0.00102518
135.403, 1.00788, -63.0648, 1.00212, -63.0688, 0.997325, -61.6432, -0.000180247, -0.000180256, -0.000180241, 0, 1.11168, 0.00124307, 0.100745, 0.00102343
135.454, 1.00788, -63.2594, 1.00212, -63.2634, 0.99732, -61.8377, -0.000179935, -0.000179947, -0.00017992, 0, 1.11168, 0.00124386, 0.100743, 0.00102168
135.504, 1.00787, -63.4537, 1.00211, -63.4577, 0.997314, -62.032, -0.000179938, -0.000179948, -0.000179904, 0, 1.11168, 0.00124291, 0.100743, 0.00101994
135.554, 1.00786, -63.6479, 1.00211, -63.6519, 0.997308, -62.2262, -0.000179614, -0.000179623, -0.000179604, 0, 1.11168, 0.00124303, 0.100741, 0.0010182
135.605, 1.00786, -63.8418, 1.0021, -63.8459, 0.997302, -62.4202, -0.000179609, -0.000179644, -0.000179609, 0, 1.11168, 0.00124323, 0.10074, 0.00101647
135.655, 1.00785, -64.0357, 1.00209, -64.0397, 0.997296, -62.614, -0.000179294, -0.00017926, -0.000179293, 0, 1.11168, 0.00124317, 0.10074, 0.00101474
135.705, 1.00785, -64.2293, 1.00209, -64.2333, 0.99729, -62.8077, -0.000179221, -0.00017924, -0.000179292, 0, 1.11168, 0.00124361, 0.100738, 0.00101302
135.756, 1.00784, -64.4228, 1.00208, -64.4269, 0.997285, -63.0012, -0.000178979, -0.000179005, -0.000178979, 0, 1.11168, 0.00124343, 0.100737, 0.0010113
135.806, 1.00783, -64.6161, 1.00208, -64.6202, 0.997279, -63.1945, -0.000178976, -0.000178991, -0.000178973, 0, 1.11168, 0.00124328, 0.100736, 0.00100959
135.857, 1.00783, -64.8094, 1.00207, -64.8134, 0.997273, -63.3877, -0.000178779, -0.000178805, -0.000178779, 0, 1.11168, 0.00124305, 0.100734, 0.00100789
135.907, 1.00782, -65.0023, 1.00206, -65.0064, 0.997267, -63.5807, -0.00017866, -0.000178582, -0.000178649, 0, 1.11168, 0.00124313, 0.100733, 0.0010062
135.957, 1.00782, -65.1953, 1.00206, -65.1993, 0.997261, -63.7736, -0.00017866, -0.000178671, -0.00017866, 0, 1.11168, 0.00124317, 0.100732, 0.00100451
136.001, 1.00781, -65.361, 1.00205, -65.3651, 0.997256, -63.9394, -0.000178346, -0.000178382, -0.000178344, 0, 1.11168, 0.00124316, 0.100731, 0.00100306
136.001, 1.00781, -65.361, 1.00205, -65.3651, 0.997256, -63.9394, -0.000178346, -0.000178382, -0.000178344, 0, 1.11168, 0.00124316, 0.100731, 0.00100305
136.051, 1.00781, -65.5537, 1.00205, -65.5577, 0.99725, -64.132, -0.00017835, -0.000178299, -0.000178344, 0, 1.11168, 0.00124299, 0.10073, 0.00100139
136.101, 1.0078, -65.7463, 1.00204, -65.7503, 0.997244, -64.3246, -0.000178344, -0.000178347, -0.000178344, 0, 1.11168, 0.0012432, 0.100728, 0.000999724
136.152, 1.00779, -65.9386, 1.00204, -65.9427, 0.997239, -64.517, -0.000178028, -0.000178054, -0.000178028, 0, 1.11168, 0.00124298, 0.100728, 0.000998069
136.202, 1.00779, -66.1309, 1.00203, -66.135, 0.997233, -64.7093, -0.000178022, -0.000178042, -0.000178022, 0, 1.11168, 0.00124294, 0.100726, 0.000996422
136.252, 1.00778, -66.3232, 1.00202, -66.3272, 0.997227, -64.9015, -0.00017803, -0.000178047, -0.000178016, 0, 1.11168, 0.0012433, 0.100725, 0.000994786
136.303, 1.00778, -66.5152, 1.00202, -66.5193, 0.997221, -65.0936, -0.000177711, -0.000177717, -0.000177791, 0, 1.11168, 0.00124327, 0.100724, 0.00099316
136.353, 1.00777, -66.7072, 1.00201, -66.7112, 0.997215, -65.2855, -0.000177711, -0.000177716, -0.000177711, 0, 1.11168, 0.00124295, 0.100723, 0.000991543
136.403, 1.00776, -66.8991, 1.00201, -66.9031, 0.997209, -65.4775, -0.000177712, -0.000177634, -0.000177711, 0, 1.11168, 0.00124279, 0.100722, 0.000989938
136.454, 1.00776, -67.091, 1.002, -67.0951, 0.997204, -65.6694, -0.000177717, -0.000177651, -0.000177712, 0, 1.11168, 0.00124296, 0.10072, 0.000988345
136.504, 1.00775, -67.2826, 1.002, -67.2867, 0.997198, -65.861, -0.000177398, -0.000177358, -0.000177395, 0, 1.11168, 0.00124282, 0.10072, 0.00098676
136.554, 1.00775, -67.4742, 1.00199, -67.4783, 0.997192, -66.0526, -0.000177396, -0.000177399, -0.000177395, 0, 1.11168, 0.0012427, 0.100718, 0.000985187
136.605, 1.00774, -67.6658, 1.00198, -67.6699, 0.997186, -66.2442, -0.000177395, -0.000177402, -0.000177395, 0, 1.11168, 0.00124296, 0.100717, 0.000983627
136.655, 1.00773, -67.8574, 1.00198, -67.8615, 0.99718, -66.4358, -0.00017741, -0.000177346, -0.000177401, 0, 1.11168, 0.00124293, 0.100716, 0.000982079
136.705, 1.00773, -68.0489, 1.00197, -68.053, 0.997175, -66.6273, -0.000177118, -0.000177063, -0.000177103, 0, 1.11168, 0.00124294, 0.100715, 0.000980545
136.756, 1.00772, -68.2402, 1.00197, -68.2442, 0.997169, -66.8185, -0.000177079, -0.000177099, -0.000177079, 0, 1.11168, 0.00124319, 0.100713, 0.000979023
136.806, 1.00772, -68.4314, 1.00196, -68.4355, 0.997163, -67.0098, -0.00017708, -0.00017703, -0.000177079, 0, 1.11168, 0.001243, 0.100712, 0.000977512
136.857, 1.00771, -68.6227, 1.00195, -68.6267, 0.997157, -67.201, -0.000177085, -0.000177091, -0.000177079, 0, 1.11168, 0.00124273, 0.100711, 0.000976016
136.907, 1.0077, -68.8139, 1.00195, -68.8179, 0.997151, -67.3923, -0.000177079, -0.000177099, -0.000177079, 0, 1.11168, 0.00124295, 0.10071, 0.000974533
136.957, 1.0077, -69.0051, 1.00194, -69.0092, 0.997145, -67.5835, -0.000177079, -0.000177093, -0.000177079, 0, 1.11168, 0.00124308, 0.100708, 0.000973064
137.001, 1.00769, -69.1696, 1.00194, -69.1737, 0.99714, -67.748, -0.000177005, -0.000177042, -0.000177079, 0, 1.11168, 0.00124329, 0.100707, 0.000971811
137.001, 1.00769, -69.1696, 1.00194, -69.1737, 0.99714, -67.748, -0.000177005, -0.000177042, -0.000177079, 0, 1.11168, 0.00124329, 0.100707, 0.000971803
137.051, 1.00769, -69.3608, 1.00193, -69.3649, 0.997134, -67.9392, -0.000177099, -0.000177045, -0.000177079, 0, 1.11168, 0.00124265, 0.100706, 0.000970367
137.101, 1.00768, -69.552, 1.00193, -69.556, 0.997129, -68.1303, -0.000176769, -0.000176794, -0.000176764, 0, 1.11168, 0.00124292, 0.100705, 0.000968938
137.152, 1.00768, -69.7429, 1.00192, -69.7469, 0.997126, -68.3212, -0.000176764, -0.000176699, -0.000176763, 0, 1.11168, 0.00124272, 0.100704, 0.000967523
137.202, 1.00768, -69.9338, 1.00192, -69.9378, 0.997126, -68.5121, -0.000176772, -0.000176777, -0.000176763, 0, 1.11168, 0.00124254, 0.100705, 0.000966123
137.252, 1.00768, -70.1247, 1.00192, -70.1287, 0.997126, -68.703, -0.000176783, -0.000176726, -0.000176763, 0, 1.11168, 0.00124281, 0.100705, 0.000964738
137.303, 1.00768, -70.3156, 1.00192, -70.3196, 0.997126, -68.894, -0.000176763, -0.000176767, -0.000176763, 0, 1.11168, 0.00124274, 0.100704, 0.000963367
137.353, 1.00768, -70.5065, 1.00192, -70.5105, 0.997126, -69.0849, -0.000176769, -0.000176707, -0.000176763, 0, 1.11168, 0.001243, 0.100704, 0.000962012
137.403, 1.00768, -70.6974, 1.00192, -70.7014, 0.997126, -69.2758, -0.000176763, -0.000176798, -0.000176763, 0, 1.11168, 0.00124315, 0.100704, 0.000960672
137.454, 1.00768, -70.8883, 1.00192, -70.8924, 0.997126, -69.4667, -0.000176685, -0.000176706, -0.000176763, 0, 1.11168, 0.00124295, 0.100704, 0.000959347
137.504, 1.00768, -71.0792, 1.00192, -71.0833, 0.997126, -69.6576, -0.000176763, -0.000176696, -0.000176763, 0, 1.11168, 0.00124286, 0.100704, 0.000958038
137.554, 1.00768, -71.2701, 1.00192, -71.2742, 0.997126, -69.8485, -0.000176778, -0.000176787, -0.000176763, 0, 1.11168, 0.00124262, 0.100705, 0.000956745
137.605, 1.00768, -71.461, 1.00192, -71.4651, 0.997126, -70.0394, -0.000176763, -0.000176788, -0.000176763, 0, 1.11168, 0.00124249, 0.100705, 0.000955468
137.655, 1.00768, -71.6519, 1.00192, -71.656, 0.997126, -70.2303, -0.000176763, -0.000176791, -0.000176763, 0, 1.11168, 0.00124275, 0.100705, 0.000954207
137.706, 1.00768, -71.8428, 1.00192, -71.8469, 0.997126, -70.4212, -0.000176763, -0.000176796, -0.000176763, 0, 1.11168, 0.00124281, 0.100705, 0.000952962
137.756, 1.00768, -72.0337, 1.00192, -72.0378, 0.997126, -70.6121, -0.000176778, -0.000176785, -0.000176763, 0, 1.11168, 0.0012428, 0.100705, 0.000951733
137.806, 1.00768, -72.2246, 1.00192, -72.2287, 0.997126, -70.803, -0.000176763, -0.000176789, -0.000176763, 0, 1.11168, 0.00124285, 0.100704, 0.000950521
137.857, 1.00768, -72.4158, 1.00192, -72.4198, 0.997126, -70.9942, -0.000177079, -0.000177089, -0.000177079, 0, 1.11168, 0.0012427, 0.100705, 0.000949325
137.907, 1.00768, -72.607, 1.00192, -72.6111, 0.997126, -71.1854, -0.000177099, -0.000177061, -0.000177079, 0, 1.11168, 0.00124283, 0.100705, 0.000948145
137.957, 1.00768, -72.7983, 1.00192, -72.8023, 0.997126, -71.3766, -0.000177079, -0.000177096, -0.000177079, 0, 1.11168, 0.00124279, 0.100705, 0.000946983
138.001, 1.00768, -72.9627, 1.00192, -72.9668, 0.997126, -71.5411, -0.000177079, -0.000177095, -0.000177079, 0, 1.11168, 0.00124295, 0.100705, 0.000945996
138.001, 1.00768, -72.9627, 1.00192, -72.9668, 0.997126, -71.5411, -0.000177079, -0.000177095, -0.000177079, 0, 1.11168, 0.00124295, 0.100705, 0.000945989
138.051, 1.00768, -73.154, 1.00192, -73.1581, 0.997126, -71.7324, -0.0001771, -0.000177113, -0.000177079, 0, 1.11168, 0.00124282, 0.100705, 0.000944865
138.101, 1.00768, -73.3452, 1.00192, -73.3493, 0.997126, -71.9236, -0.000177079, -0.000177101, -0.000177079, 0, 1.11168, 0.00124275, 0.100705, 0.00094375
138.152, 1.00768, -73.5365, 1.00192, -73.5405, 0.997126, -72.1149, -0.000177079, -0.000177014, -0.000177079, 0, 1.11168, 0.00124275, 0.100705, 0.000942652
138.202, 1.00768, -73.7277, 1.00192, -73.7318, 0.997126, -72.3061, -0.000177079, -0.00017708, -0.000177079, 0, 1.11168, 0.00124256, 0.100705, 0.000941572
138.252, 1.00768, -73.919, 1.00192, -73.923, 0.997127, -72.4973, -0.000177079, -0.000177096, -0.000177079, 0, 1.11168, 0.00124271, 0.100705, 0.000940508
138.303, 1.00768, -74.1106, 1.00192, -74.1146, 0.997126, -72.6889, -0.000177418, -0.000177457, -0.000177398, 0, 1.11168, 0.00124277, 0.100705, 0.000939462
138.353, 1.00768, -74.3021, 1.00192, -74.3062, 0.997126, -72.8805, -0.000177398, -0.000177403, -0.000177395, 0, 1.11168, 0.00124264, 0.100705, 0.000938432
138.403, 1.00768, -74.4937, 1.00192, -74.4978, 0.997126, -73.0721, -0.000177395, -0.00017741, -0.000177395, 0, 1.11168, 0.00124285, 0.100704, 0.00093742
138.454, 1.00768, -74.6853, 1.00192, -74.6894, 0.997126, -73.2637, -0.000177395, -0.000177427, -0.000177395, 0, 1.11168, 0.00124282, 0.100705, 0.000936425
138.504, 1.00768, -74.8769, 1.00192, -74.881, 0.997127, -73.4553, -0.000177396, -0.000177402, -0.000177395, 0, 1.11168, 0.00124261, 0.100705, 0.000935447
138.554, 1.00768, -75.0686, 1.00192, -75.0727, 0.997126, -73.647, -0.000177704, -0.000177737, -0.000177704, 0, 1.11168, 0.00124284, 0.100705, 0.000934487
138.605, 1.00768, -75.2605, 1.00192, -75.2646, 0.997126, -73.8389, -0.000177711, -0.000177721, -0.000177711, 0, 1.11168, 0.00124281, 0.100705, 0.000933544
138.655, 1.00768, -75.4524, 1.00192, -75.4565, 0.997127, -74.0308, -0.000177711, -0.000177726, -0.000177711, 0, 1.11168, 0.00124283, 0.100705, 0.000932618
138.706, 1.00768, -75.6444, 1.00192, -75.6484, 0.997126, -74.2228, -0.000177711, -0.000177722, -0.000177711, 0, 1.11168, 0.00124287, 0.100705, 0.000931709
138.756, 1.00768, -75.8363, 1.00192, -75.8404, 0.997126, -74.4147, -0.000177711, -0.00017772, -0.000177711, 0, 1.11168, 0.00124269, 0.100705, 0.000930818
138.806, 1.00768, -76.0284, 1.00192, -76.0325, 0.997126, -74.6068, -0.000178028, -0.000178042, -0.000178028, 0, 1.11168, 0.00124289, 0.100704, 0.000929944
138.857, 1.00768, -76.2207, 1.00192, -76.2248, 0.997126, -74.7991, -0.000178028, -0.000178039, -0.000178028, 0, 1.11168, 0.00124264, 0.100705, 0.000929087
138.907, 1.00768, -76.413, 1.00192, -76.417, 0.997126, -74.9914, -0.000178028, -0.000178056, -0.000178028, 0, 1.11168, 0.00124288, 0.100705, 0.000928247
138.957, 1.00768, -76.6052, 1.00192, -76.6093, 0.997126, -75.1836, -0.000178028, -0.000178035, -0.000178028, 0, 1.11168, 0.00124289, 0.100705, 0.000927425
139.001, 1.00768, -76.7707, 1.00192, -76.7748, 0.997126, -75.3491, -0.000178336, -0.000178338, -0.000178336, 0, 1.11168, 0.00124282, 0.100705, 0.000926731
139.001, 1.00768, -76.7707, 1.00192, -76.7748, 0.997126, -75.3491, -0.000178336, -0.000178338, -0.000178336, 0, 1.11168, 0.00124282, 0.100705, 0.000926725
139.051, 1.00768, -76.9633, 1.00192, -76.9674, 0.997126, -75.5417, -0.000178344, -0.000178364, -0.000178344, 0, 1.11168, 0.00124296, 0.100705, 0.000925941
139.101, 1.00768, -77.1559, 1.00192, -77.16, 0.997126, -75.7343, -0.000178344, -0.000178364, -0.000178344, 0, 1.11168, 0.00124285, 0.100705, 0.000925168
139.152, 1.00768, -77.3485, 1.00192, -77.3526, 0.997126, -75.9269, -0.000178344, -0.000178344, -0.000178344, 0, 1.11168, 0.00124274, 0.100705, 0.000924411
139.202, 1.00768, -77.5413, 1.00192, -77.5454, 0.997126, -76.1197, -0.00017866, -0.000178667, -0.00017866, 0, 1.11168, 0.00124291, 0.100705, 0.000923672
139.252, 1.00768, -77.7343, 1.00192, -77.7383, 0.997126, -76.3126, -0.00017866, -0.000178675, -0.00017866, 0, 1.11168, 0.0012429, 0.100705, 0.00092295
139.303, 1.00768, -77.9272, 1.00192, -77.9313, 0.997126, -76.5056, -0.00017866, -0.000178661, -0.00017866, 0, 1.11168, 0.00124286, 0.100704, 0.000922245
139.353, 1.00768, -78.1202, 1.00192, -78.1242, 0.997126, -76.6985, -0.00017866, -0.000178682, -0.00017866, 0, 1.11168, 0.00124282, 0.100705, 0.000921556
139.403, 1.00768, -78.3134, 1.00192, -78.3175, 0.997126, -76.8918, -0.000178976, -0.000178978, -0.000178976, 0, 1.11168, 0.00124305, 0.100704, 0.000920885
139.454, 1.00768, -78.5067, 1.00192, -78.5108, 0.997126, -77.0851, -0.000178976, -0.000179, -0.000178976, 0, 1.11168, 0.00124286, 0.100705, 0.00092023
139.504, 1.00768, -78.7, 1.00192, -78.7041, 0.997126, -77.2784, -0.000178976, -0.000178977, -0.000178976, 0, 1.11168, 0.00124284, 0.100705, 0.000919592
139.555, 1.00768, -78.8935, 1.00192, -78.8976, 0.997126, -77.4719, -0.000179292, -0.000179296, -0.000179292, 0, 1.11168, 0.00124276, 0.100705, 0.00091897
139.605, 1.00768, -79.0872, 1.00192, -79.0912, 0.997126, -77.6655, -0.000179292, -0.000179293, -0.000179292, 0, 1.11168, 0.00124279, 0.100705, 0.000918365
139.655, 1.00768, -79.2808, 1.00192, -79.2849, 0.997126, -77.8592, -0.000179292, -0.000179307, -0.000179292, 0, 1.11168, 0.00124286, 0.100704, 0.000917777
139.706, 1.00768, -79.4745, 1.00192, -79.4786, 0.997126, -78.0529, -0.000179605, -0.000179618, -0.000179604, 0, 1.11168, 0.00124276, 0.100704, 0.000917205
139.756, 1.00768, -79.6685, 1.00192, -79.6726, 0.997126, -78.2469, -0.000179609, -0.000179609, -0.000179609, 0, 1.11168, 0.0012428, 0.100705, 0.000916649
139.806, 1.00768, -79.8625, 1.00192, -79.8666, 0.997126, -78.4409, -0.000179609, -0.000179609, -0.000179609, 0, 1.11168, 0.00124284, 0.100705, 0.00091611
139.857, 1.00768, -80.0565, 1.00192, -80.0606, 0.997127, -78.6349, -0.000179901, -0.000179902, -0.000179901, 0, 1.11168, 0.00124266, 0.100705, 0.000915586
139.907, 1.00768, -80.2509, 1.00192, -80.2549, 0.997126, -78.8292, -0.000179925, -0.000179934, -0.000179925, 0, 1.11168, 0.00124272, 0.100705, 0.000915079
139.957, 1.00768, -80.4452, 1.00192, -80.4493, 0.997126, -79.0236, -0.000179925, -0.000179925, -0.000179925, 0, 1.11168, 0.00124289, 0.100704, 0.000914587
140.001, 1.00768, -80.6123, 1.00192, -80.6164, 0.997126, -79.1907, -0.000180004, -0.000180005, -0.000180004, 0, 1.11168, 0.00124289, 0.100704, 0.000914177
140.001, 1.00768, -80.6123, 1.00192, -80.6164, 0.997126, -79.1907, -0.000180004, -0.000180005, -0.000180004, 0, 1.11168, 0.00124289, 0.100704, 0.000914173
140.051, 1.00768, -80.807, 1.00192, -80.811, 0.997126, -79.3854, -0.000180241, -0.000180243, -0.000180241, 0, 1.11168, 0.00124277, 0.100705, 0.000913715
140.101, 1.00768, -81.0016, 1.00192, -81.0057, 0.997127, -79.58, -0.000180241, -0.000180246, -0.000180241, 0, 1.11168, 0.00124281, 0.100705, 0.000913268
140.152, 1.00768, -81.1963, 1.00192, -81.2004, 0.997126, -79.7747, -0.000180379, -0.000180304, -0.000180379, 0, 1.11168, 0.00124284, 0.100705, 0.000912837
140.202, 1.00768, -81.3913, 1.00192, -81.3954, 0.997126, -79.9697, -0.000180557, -0.000180561, -0.000180557, 0, 1.11168, 0.00124263, 0.100705, 0.000912421
140.252, 1.00768, -81.5863, 1.00192, -81.5904, 0.997126, -80.1647, -0.000180557, -0.00018056, -0.000180557, 0, 1.11168, 0.00124273, 0.100705, 0.00091202
140.303, 1.00768, -81.7814, 1.00192, -81.7854, 0.997127, -80.3598, -0.000180817, -0.000180821, -0.000180817, 0, 1.11168, 0.00124284, 0.100704, 0.000911635
140.353, 1.00768, -81.9767, 1.00192, -81.9808, 0.997126, -80.5551, -0.000180873, -0.000180874, -0.000180873, 0, 1.11168, 0.00124288, 0.100704, 0.000911265
140.403, 1.00768, -82.1721, 1.00192, -82.1761, 0.997126, -80.7504, -0.000180873, -0.000180877, -0.000180873, 0, 1.11168, 0.00124284, 0.100705, 0.000910909
140.454, 1.00768, -82.3675, 1.00192, -82.3716, 0.997126, -80.9459, -0.000181182, -0.000181104, -0.000181182, 0, 1.11168, 0.00124275, 0.100705, 0.000910568
140.504, 1.00768, -82.5632, 1.00192, -82.5673, 0.997126, -81.1416, -0.00018119, -0.000181192, -0.00018119, 0, 1.11168, 0.00124289, 0.100705, 0.000910242
140.555, 1.00768, -82.7589, 1.00192, -82.7629, 0.997126, -81.3373, -0.00018119, -0.00018121, -0.00018119, 0, 1.11168, 0.0012427, 0.100705, 0.00090993
140.605, 1.00768, -82.9547, 1.00192, -82.9588, 0.997126, -81.5331, -0.000181505, -0.00018152, -0.000181505, 0, 1.11168, 0.00124278, 0.100705, 0.000909633
140.655, 1.00768, -83.1507, 1.00192, -83.1548, 0.997126, -81.7291, -0.000181506, -0.000181506, -0.000181506, 0, 1.11168, 0.00124274, 0.100705, 0.00090935
140.706, 1.00768, -83.3468, 1.00192, -83.3508, 0.997126, -81.9251, -0.000181506, -0.000181427, -0.000181506, 0, 1.11168, 0.00124282, 0.100705, 0.000909081
140.756, 1.00768, -83.543, 1.00192, -83.5471, 0.997127, -82.1214, -0.000181822, -0.000181822, -0.000181822, 0, 1.11168, 0.00124292, 0.100704, 0.000908825
140.806, 1.00768, -83.7394, 1.00192, -83.7434, 0.997127, -82.3178, -0.00018183, -0.00018183, -0.00018183, 0, 1.11168, 0.00124279, 0.100705, 0.000908584
140.857, 1.00768, -83.9358, 1.00192, -83.9398, 0.997126, -82.5141, -0.000181822, -0.000181822, -0.000181822, 0, 1.11168, 0.00124288, 0.100705, 0.000908356
140.907, 1.00768, -84.1324, 1.00192, -84.1365, 0.997126, -82.7108, -0.000182138, -0.000182138, -0.000182138, 0, 1.11168, 0.00124295, 0.100704, 0.000908142
140.957, 1.00768, -84.3291, 1.00192, -84.3332, 0.997126, -82.9075, -0.000182138, -0.000182138, -0.000182138, 0, 1.11168, 0.0012427, 0.100706, 0.000907941
141.001, 1.00768, -84.4983, 1.00192, -84.5023, 0.997126, -83.0767, -0.000182138, -0.000182138, -0.000182138, 0, 1.11168, 0.00124279, 0.100705, 0.000907779
141.001, 1.00768, -84.4983, 1.00192, -84.5023, 0.997126, -83.0767, -0.000182138, -0.000182138, -0.000182138, 0, 1.11168, 0.00124279, 0.100705, 0.000907776
141.051, 1.00768, -84.6953, 1.00192, -84.6993, 0.997126, -83.2737, -0.000182455, -0.000182455, -0.000182455, 0, 1.11168, 0.00124286, 0.100704, 0.000907602
141.101, 1.00768, -84.8923, 1.00192, -84.8964, 0.997126, -83.4707, -0.000182455, -0.000182455, -0.000182455, 0, 1.11168, 0.00124274, 0.100705, 0.000907439
141.152, 1.00768, -85.0894, 1.00192, -85.0935, 0.997127, -83.6678, -0.000182593, -0.000182593, -0.000182593, 0, 1.11168, 0.00124272, 0.100705, 0.000907288
141.202, 1.00768, -85.2868, 1.00192, -85.2909, 0.997127, -83.8652, -0.000182771, -0.000182771, -0.000182771, 0, 1.11168, 0.00124278, 0.100705, 0.000907149
141.252, 1.00768, -85.4842, 1.00192, -85.4883, 0.997126, -84.0626, -0.000182771, -0.000182771, -0.000182771, 0, 1.11168, 0.00124288, 0.100704, 0.000907024
141.303, 1.00768, -85.6817, 1.00192, -85.6857, 0.997126, -84.26, -0.000183077, -0.000183077, -0.000183077, 0, 1.11168, 0.00124285, 0.100704, 0.00090691
141.353, 1.00768, -85.8794, 1.00192, -85.8835, 0.997126, -84.4578, -0.000183087, -0.000183087, -0.000183087, 0, 1.11168, 0.00124281, 0.100705, 0.000906809
141.404, 1.00768, -86.0771, 1.00192, -86.0812, 0.997126, -84.6555, -0.000183087, -0.000183087, -0.000183087, 0, 1.11168, 0.00124288, 0.100704, 0.000906719
141.454, 1.00768, -86.275, 1.00192, -86.2791, 0.997126, -84.8534, -0.000183402, -0.000183402, -0.000183402, 0, 1.11168, 0.00124274, 0.100705, 0.000906641
141.504, 1.00768, -86.4731, 1.00192, -86.4772, 0.997126, -85.0515, -0.000183403, -0.000183403, -0.000183403, 0, 1.11168, 0.00124283, 0.100705, 0.000906575
141.555, 1.00768, -86.6712, 1.00192, -86.6752, 0.997126, -85.2496, -0.000183403, -0.000183403, -0.000183403, 0, 1.11168, 0.00124282, 0.100705, 0.000906521
141.605, 1.00768, -86.8695, 1.00192, -86.8735, 0.997126, -85.4478, -0.000183719, -0.000183719, -0.000183719, 0, 1.11168, 0.00124283, 0.100705, 0.000906478
141.655, 1.00768, -87.0679, 1.00192, -87.072, 0.997126, -85.6463, -0.00018373, -0.00018373, -0.00018373, 0, 1.11168, 0.00124279, 0.100705, 0.000906445
141.706, 1.00768, -87.2663, 1.00192, -87.2704, 0.997126, -85.8447, -0.000183719, -0.000183719, -0.000183719, 0, 1.11168, 0.00124279, 0.100705, 0.000906424
141.756, 1.00768, -87.465, 1.00192, -87.469, 0.997126, -86.0434, -0.000184036, -0.000184036, -0.000184036, 0, 1.11168, 0.00124282, 0.100705, 0.000906414
141.806, 1.00768, -87.6637, 1.00192, -87.6678, 0.997126, -86.2421, -0.000184036, -0.000184036, -0.000184036, 0, 1.11168, 0.00124286, 0.100704, 0.000906414
141.857, 1.00768, -87.8625, 1.00192, -87.8666, 0.997126, -86.4409, -0.000184036, -0.000184036, -0.000184036, 0, 1.11168, 0.00124285, 0.100704, 0.000906425
141.907, 1.00768, -88.0615, 1.00192, -88.0656, 0.997126, -86.6399, -0.000184352, -0.000184352, -0.000184352, 0, 1.11168, 0.00124286, 0.100704, 0.000906446
141.957, 1.00768, -88.2606, 1.00192, -88.2647, 0.997126, -86.839, -0.000184352, -0.000184352, -0.000184352, 0, 1.11168, 0.00124282, 0.100705, 0.000906477
142.001, 1.00768, -88.4319, 1.00192, -88.4359, 0.997126, -87.0102, -0.000184352, -0.000184352, -0.000184352, 0, 1.11168, 0.0012428, 0.100706, 0.000906511
142.001, 1.00768, -88.4319, 1.00192, -88.4359, 0.997126, -87.0102, -0.000184352, -0.000184352, -0.000184352, 0, 1.11168, 0.0012428, 0.100706, 0.00090651
142.051, 1.00768, -88.6312, 1.00192, -88.6353, 0.997126, -87.2096, -0.000184668, -0.000184668, -0.000184668, 0, 1.11168, 0.00124282, 0.100705, 0.000906561
142.101, 1.00768, -88.8307, 1.00192, -88.8347, 0.997126, -87.4091, -0.000184668, -0.000184668, -0.000184668, 0, 1.11168, 0.00124283, 0.100704, 0.00090662
142.152, 1.00768, -89.0301, 1.00192, -89.0342, 0.997126, -87.6085, -0.000184668, -0.000184668, -0.000184668, 0, 1.11168, 0.00124283, 0.100705, 0.000906689
142.202, 1.00768, -89.2298, 1.00192, -89.2339, 0.997126, -87.8082, -0.000184984, -0.000184984, -0.000184984, 0, 1.11168, 0.00124282, 0.100705, 0.000906767
142.252, 1.00768, -89.4296, 1.00192, -89.4337, 0.997126, -88.008, -0.000184987, -0.000184987, -0.000184987, 0, 1.11168, 0.00124282, 0.100705, 0.000906854
142.303, 1.00768, -89.6294, 1.00192, -89.6335, 0.997126, -88.2078, -0.000184984, -0.000184984, -0.000184984, 0, 1.11168, 0.00124283, 0.100705, 0.00090695
142.353, 1.00768, -89.8295, 1.00192, -89.8335, 0.997126, -88.4078, -0.0001853, -0.0001853, -0.0001853, 0, 1.11168, 0.00124283, 0.100704, 0.000907054
142.404, 1.00768, -90.0296, 1.00192, -90.0336, 0.997126, -88.6079, -0.0001853, -0.0001853, -0.0001853, 0, 1.11168, 0.00124283, 0.100704, 0.000907168
142.454, 1.00768, -90.2297, 1.00192, -90.2338, 0.997126, -88.8081, -0.0001853, -0.0001853, -0.0001853, 0, 1.11168, 0.00124283, 0.100705, 0.00090729
142.504, 1.00768, -90.43, 1.00192, -90.4341, 0.997126, -89.0084, -0.000185617, -0.000185617, -0.000185617, 0, 1.11168, 0.00124283, 0.100704, 0.00090742
142.555, 1.00768, -90.6305, 1.00192, -90.6346, 0.997127, -89.2089, -0.000185661, -0.000185661, -0.000185661, 0, 1.11168, 0.00124283, 0.100705, 0.000907558
142.605, 1.00769, -90.831, 1.00193, -90.8351, 0.997131, -89.4094, -0.000185617, -0.000185617, -0.000185617, 0, 1.11168, 0.00124283, 0.100706, 0.000907704
142.655, 1.00769, -91.0316, 1.00193, -91.0357, 0.997137, -89.61, -0.000185933, -0.000185933, -0.000185933, 0, 1.11168, 0.00124286, 0.100707, 0.000907858
142.706, 1.0077, -91.2324, 1.00194, -91.2365, 0.997143, -89.8108, -0.000185933, -0.000185933, -0.000185933, 0, 1.11168, 0.00124287, 0.100708, 0.00090802
142.756, 1.0077, -91.4332, 1.00195, -91.4373, 0.997149, -90.0116, -0.000185933, -0.000185933, -0.000185933, 0, 1.11168, 0.0012429, 0.10071, 0.000908189
142.806, 1.00771, -91.6341, 1.00195, -91.6382, 0.997154, -90.2125, -0.000186236, -0.000186236, -0.000186236, 0, 1.11168, 0.00124289, 0.10071, 0.000908365
142.857, 1.00771, -91.8353, 1.00195, -91.8393, 0.997154, -90.4137, -0.000186249, -0.000186249, -0.000186249, 0, 1.11168, 0.00124288, 0.10071, 0.000908548
142.907, 1.00771, -92.0364, 1.00195, -92.0405, 0.997154, -90.6148, -0.000186249, -0.000186249, -0.000186249, 0, 1.11168, 0.00124292, 0.100711, 0.000908739
142.957, 1.00771, -92.2376, 1.00195, -92.2416, 0.997154, -90.816, -0.000186249, -0.000186249, -0.000186249, 0, 1.11168, 0.0012429, 0.10071, 0.000908936
143.001, 1.00771, -92.4108, 1.00195, -92.4149, 0.997154, -90.9892, -0.000186565, -0.000186565, -0.000186565, 0, 1.11168, 0.00124287, 0.10071, 0.000909111
143.001, 1.00771, -92.4108, 1.00195, -92.4149, 0.997154, -90.9892, -0.000186565, -0.000186565, -0.000186565, 0, 1.11168, 0.00124287, 0.10071, 0.00090911
143.051, 1.00771, -92.6123, 1.00195, -92.6164, 0.997154, -91.1907, -0.000186565, -0.000186565, -0.000186565, 0, 1.11168, 0.00124293, 0.100711, 0.00090932
143.101, 1.00771, -92.8138, 1.00196, -92.8179, 0.997158, -91.3922, -0.000186565, -0.000186565, -0.000186565, 0, 1.11168, 0.00124292, 0.100711, 0.000909535
143.152, 1.00772, -93.0154, 1.00196, -93.0194, 0.997163, -91.5938, -0.000186874, -0.000186874, -0.000186874, 0, 1.11168, 0.00124297, 0.100713, 0.000909757
143.202, 1.00772, -93.2172, 1.00197, -93.2213, 0.997168, -91.7956, -0.000186882, -0.000186882, -0.000186882, 0, 1.11168, 0.00124293, 0.100714, 0.000909984
143.253, 1.00772, -93.4191, 1.00197, -93.4231, 0.997169, -91.9974, -0.000186882, -0.000186882, -0.000186882, 0, 1.11168, 0.00124293, 0.100712, 0.000910218
143.303, 1.00772, -93.6209, 1.00197, -93.625, 0.997169, -92.1993, -0.000186882, -0.000186882, -0.000186882, 0, 1.11168, 0.00124299, 0.100714, 0.000910456
143.353, 1.00772, -93.823, 1.00197, -93.827, 0.997169, -92.4013, -0.000187198, -0.000187198, -0.000187198, 0, 1.11168, 0.00124293, 0.100713, 0.000910701
143.404, 1.00772, -94.0251, 1.00197, -94.0292, 0.997171, -92.6035, -0.000187198, -0.000187198, -0.000187198, 0, 1.11168, 0.00124302, 0.100714, 0.000910951
143.454, 1.00773, -94.2273, 1.00197, -94.2314, 0.997172, -92.8057, -0.000187198, -0.000187198, -0.000187198, 0, 1.11168, 0.001243, 0.100714, 0.000911206
143.504, 1.00773, -94.4295, 1.00197, -94.4335, 0.997173, -93.0079, -0.000187198, -0.000187198, -0.000187198, 0, 1.11168, 0.00124298, 0.100715, 0.000911466
143.555, 1.00773, -94.632, 1.00197, -94.636, 0.997175, -93.2103, -0.000187514, -0.000187514, -0.000187514, 0, 1.11168, 0.00124296, 0.100714, 0.000911731
143.605, 1.00773, -94.8345, 1.00197, -94.8385, 0.997176, -93.4129, -0.000187514, -0.000187514, -0.000187514, 0, 1.11168, 0.00124292, 0.100715, 0.000912
143.655, 1.00773, -95.037, 1.00197, -95.0411, 0.997177, -93.6154, -0.000187514, -0.000187514, -0.000187514, 0, 1.11168, 0.00124296, 0.100715, 0.000912274
143.706, 1.00773, -95.2395, 1.00198, -95.2436, 0.997178, -93.8179, -0.000187514, -0.000187514, -0.000187514, 0, 1.11168, 0.00124288, 0.100715, 0.000912552
143.756, 1.00773, -95.4424, 1.00198, -95.4464, 0.997179, -94.0207, -0.00018783, -0.00018783, -0.00018783, 0, 1.11168, 0.0012429, 0.100715, 0.000912835
143.806, 1.00773, -95.6452, 1.00198, -95.6493, 0.99718, -94.2236, -0.00018783, -0.00018783, -0.00018783, 0, 1.11168, 0.00124293, 0.100715, 0.000913122
143.857, 1.00774, -95.8481, 1.00198, -95.8521, 0.997182, -94.4265, -0.00018783, -0.00018783, -0.00018783, 0, 1.11168, 0.00124299, 0.100716, 0.000913413
143.907, 1.00774, -96.0509, 1.00198, -96.055, 0.997183, -94.6293, -0.00018783, -0.00018783, -0.00018783, 0, 1.11168, 0.00124299, 0.100716, 0.000913708
143.957, 1.00774, -96.2541, 1.00198, -96.2581, 0.997185, -94.8325, -0.000188146, -0.000188146, -0.000188146, 0, 1.11168, 0.00124293, 0.100716, 0.000914006
144.001, 1.00774, -96.4288, 1.00198, -96.4329, 0.997186, -95.0072, -0.000188146, -0.000188151, -0.000188146, 0, 1.11168, 0.00124296, 0.100717, 0.000914265
144.001, 1.00774, -96.4288, 1.00198, -96.4329, 0.997186, -95.0072, -0.000188146, -0.000188151, -0.000188146, 0, 1.11168, 0.00124296, 0.100717, 0.000914265
144.051, 1.00774, -96.632, 1.00198, -96.6361, 0.997187, -95.2104, -0.000188146, -0.000188147, -0.000188146, 0, 1.11168, 0.00124296, 0.100717, 0.000914569
144.101, 1.00774, -96.8352, 1.00199, -96.8393, 0.997188, -95.4136, -0.000188146, -0.000188153, -0.000188146, 0, 1.11168, 0.00124298, 0.100717, 0.000914876
144.152, 1.00774, -97.0385, 1.00199, -97.0426, 0.997189, -95.6169, -0.000188453, -0.000188453, -0.000188453, 0, 1.11168, 0.00124293, 0.100717, 0.000915187
144.202, 1.00774, -97.2421, 1.00199, -97.2461, 0.99719, -95.8204, -0.000188463, -0.000188464, -0.000188463, 0, 1.11168, 0.00124299, 0.100717, 0.000915501
144.253, 1.00775, -97.4456, 1.00199, -97.4497, 0.997191, -96.024, -0.000188463, -0.000188463, -0.000188463, 0, 1.11168, 0.00124307, 0.100718, 0.000915817
144.303, 1.00775, -97.6491, 1.00199, -97.6532, 0.997192, -96.2275, -0.000188463, -0.000188463, -0.000188463, 0, 1.11168, 0.00124303, 0.100718, 0.000916136
144.353, 1.00775, -97.8527, 1.00199, -97.8567, 0.997194, -96.431, -0.000188463, -0.000188466, -0.000188463, 0, 1.11168, 0.00124313, 0.100718, 0.000916458
144.404, 1.00775, -98.0564, 1.00199, -98.0604, 0.997195, -96.6348, -0.000188779, -0.000188782, -0.000188779, 0, 1.11168, 0.00124304, 0.100719, 0.000916782
144.454, 1.00775, -98.2603, 1.00199, -98.2643, 0.997196, -96.8386, -0.000188779, -0.000188782, -0.000188779, 0, 1.11168, 0.00124301, 0.100719, 0.000917108
144.504, 1.00775, -98.4641, 1.00199, -98.4682, 0.997197, -97.0425, -0.000188779, -0.000188786, -0.000188779, 0, 1.11168, 0.00124297, 0.100719, 0.000917437
144.555, 1.00775, -98.668, 1.002, -98.6721, 0.997198, -97.2464, -0.000188779, -0.000188779, -0.000188779, 0, 1.11168, 0.00124292, 0.100719, 0.000917767
144.605, 1.00775, -98.8719, 1.002, -98.876, 0.997199, -97.4503, -0.000188779, -0.000188785, -0.000188779, 0, 1.11168, 0.00124298, 0.100719, 0.000918099
144.655, 1.00775, -99.0759, 1.002, -99.08, 0.9972, -97.6543, -0.000189089, -0.000189089, -0.000189089, 0, 1.11168, 0.00124305, 0.100719, 0.000918433
144.706, 1.00776, -99.2801, 1.002, -99.2842, 0.997201, -97.8585, -0.000189095, -0.000189095, -0.000189095, 0, 1.11168, 0.00124321, 0.10072, 0.000918769
144.756, 1.00776, -99.4843, 1.002, -99.4884, 0.997202, -98.0627, -0.000189095, -0.00018911, -0.000189095, 0, 1.11168, 0.00124304, 0.10072, 0.000919106
144.806, 1.00776, -99.6886, 1.002, -99.6926, 0.997203, -98.2669, -0.000189095, -0.000189096, -0.000189095, 0, 1.11168, 0.00124283, 0.10072, 0.000919444
144.857, 1.00776, -99.8928, 1.002, -99.8969, 0.997204, -98.4712, -0.000189095, -0.000189115, -0.000189095, 0, 1.11168, 0.00124301, 0.100721, 0.000919784
144.907, 1.00776, -100.097, 1.002, -100.101, 0.997205, -98.6754, -0.000189095, -0.000189111, -0.000189095, 0, 1.11168, 0.00124294, 0.10072, 0.000920125
144.958, 1.00776, -100.301, 1.002, -100.305, 0.997206, -98.8798, -0.000189411, -0.000189416, -0.000189411, 0, 1.11168, 0.00124309, 0.100721, 0.000920467
145.001, 1.00776, -100.477, 1.002, -100.481, 0.997207, -99.0557, -0.000189411, -0.00018942, -0.000189411, 0, 1.11168, 0.00124309, 0.100721, 0.000920762
145.001, 1.00776, -100.477, 1.002, -100.481, 0.997207, -99.0557, -0.000189411, -0.00018942, -0.000189411, 0, 1.11168, 0.00124309, 0.100721, 0.000920763
145.051, 1.00776, -100.682, 1.00201, -100.686, 0.997208, -99.2603, -0.000189411, -0.000189423, -0.000189411, 0, 1.11168, 0.00124303, 0.100721, 0.000921105
145.102, 1.00776, -100.886, 1.00201, -100.891, 0.997209, -99.4649, -0.000189416, -0.000189416, -0.000189416, 0, 1.11168, 0.00124288, 0.100721, 0.000921449
145.152, 1.00776, -101.091, 1.00201, -101.095, 0.99721, -99.6694, -0.000189411, -0.000189411, -0.000189411, 0, 1.11168, 0.00124308, 0.100722, 0.000921793
145.202, 1.00777, -101.296, 1.00201, -101.3, 0.997211, -99.874, -0.000189411, -0.000189426, -0.000189411, 0, 1.11168, 0.00124305, 0.100722, 0.000922138
145.253, 1.00777, -101.5, 1.00201, -101.504, 0.997212, -100.079, -0.000189411, -0.000189415, -0.000189411, 0, 1.11168, 0.0012429, 0.100721, 0.000922484
145.303, 1.00777, -101.705, 1.00201, -101.709, 0.997213, -100.283, -0.000189727, -0.000189745, -0.000189727, 0, 1.11168, 0.00124302, 0.100722, 0.000922829
145.353, 1.00777, -101.91, 1.00201, -101.914, 0.997214, -100.488, -0.000189727, -0.000189732, -0.000189727, 0, 1.11168, 0.00124312, 0.100722, 0.000923175
145.404, 1.00777, -102.115, 1.00201, -102.119, 0.997215, -100.693, -0.000189727, -0.000189765, -0.000189727, 0, 1.11168, 0.00124303, 0.100723, 0.000923521
145.454, 1.00777, -102.32, 1.00201, -102.324, 0.997216, -100.898, -0.000189727, -0.000189729, -0.000189727, 0, 1.11168, 0.00124303, 0.100723, 0.000923866
145.504, 1.00777, -102.525, 1.00201, -102.529, 0.997216, -101.103, -0.000189727, -0.000189749, -0.000189727, 0, 1.11168, 0.00124307, 0.100723, 0.000924212
145.555, 1.00777, -102.73, 1.00202, -102.734, 0.997217, -101.308, -0.000189727, -0.000189729, -0.000189727, 0, 1.11168, 0.00124294, 0.100723, 0.000924557
145.605, 1.00777, -102.934, 1.00202, -102.939, 0.997218, -101.513, -0.000189727, -0.00018966, -0.000189727, 0, 1.11168, 0.00124285, 0.100723, 0.000924901
145.655, 1.00777, -103.139, 1.00202, -103.143, 0.997219, -101.718, -0.000189727, -0.000189731, -0.000189727, 0, 1.11168, 0.00124325, 0.100724, 0.000925246
145.706, 1.00777, -103.345, 1.00202, -103.349, 0.99722, -101.923, -0.000190044, -0.000189968, -0.000190044, 0, 1.11168, 0.0012431, 0.100723, 0.00092559
145.756, 1.00777, -103.55, 1.00202, -103.554, 0.99722, -102.128, -0.000190044, -0.00019007, -0.000190044, 0, 1.11168, 0.00124278, 0.100723, 0.000925933
145.806, 1.00778, -103.755, 1.00202, -103.759, 0.997221, -102.333, -0.000190044, -0.000190053, -0.000190044, 0, 1.11168, 0.00124295, 0.100723, 0.000926275
145.857, 1.00778, -103.96, 1.00202, -103.964, 0.997222, -102.539, -0.000190044, -0.000190047, -0.000190044, 0, 1.11168, 0.00124292, 0.100724, 0.000926616
145.907, 1.00778, -104.166, 1.00202, -104.17, 0.997223, -102.744, -0.00019005, -0.000190055, -0.00019005, 0, 1.11168, 0.00124315, 0.100725, 0.000926956
145.958, 1.00778, -104.371, 1.00202, -104.375, 0.997223, -102.949, -0.000190044, -0.00019006, -0.000190044, 0, 1.11168, 0.00124315, 0.100725, 0.000927296
146.001, 1.00778, -104.547, 1.00202, -104.551, 0.997224, -103.126, -0.000190044, -0.000189966, -0.000190044, 0, 1.11168, 0.00124298, 0.100724, 0.000927587
146.001, 1.00778, -104.547, 1.00202, -104.551, 0.997224, -103.126, -0.000190044, -0.000189966, -0.000190044, 0, 1.11168, 0.00124298, 0.100724, 0.000927588
146.051, 1.00778, -104.753, 1.00202, -104.757, 0.997225, -103.331, -0.000190044, -0.000190063, -0.000190044, 0, 1.11168, 0.00124323, 0.100725, 0.000927924
146.102, 1.00778, -104.958, 1.00202, -104.962, 0.997226, -103.536, -0.000190044, -0.000190064, -0.000190044, 0, 1.11168, 0.001243, 0.100725, 0.00092826
146.152, 1.00778, -105.163, 1.00202, -105.167, 0.997226, -103.741, -0.000190044, -0.000190064, -0.000190044, 0, 1.11168, 0.00124324, 0.100725, 0.000928595
146.202, 1.00778, -105.368, 1.00202, -105.373, 0.997227, -103.947, -0.00019036, -0.000190372, -0.00019036, 0, 1.11168, 0.00124332, 0.100725, 0.000928928
146.253, 1.00778, -105.574, 1.00203, -105.578, 0.997228, -104.152, -0.00019036, -0.000190374, -0.00019036, 0, 1.11168, 0.00124319, 0.100725, 0.00092926
146.303, 1.00778, -105.78, 1.00203, -105.784, 0.997229, -104.358, -0.000190375, -0.000190297, -0.00019036, 0, 1.11168, 0.0012433, 0.100726, 0.00092959
146.353, 1.00778, -105.985, 1.00203, -105.989, 0.997229, -104.564, -0.00019036, -0.000190365, -0.00019036, 0, 1.11168, 0.00124289, 0.100725, 0.000929918
146.404, 1.00778, -106.191, 1.00203, -106.195, 0.99723, -104.769, -0.00019036, -0.000190363, -0.00019036, 0, 1.11168, 0.00124343, 0.100726, 0.000930245
146.454, 1.00778, -106.396, 1.00203, -106.401, 0.99723, -104.975, -0.00019036, -0.000190282, -0.00019036, 0, 1.11168, 0.00124317, 0.100725, 0.00093057
146.504, 1.00779, -106.602, 1.00203, -106.606, 0.997231, -105.18, -0.000190363, -0.000190366, -0.000190352, 0, 1.11168, 0.0012432, 0.100726, 0.000930893
146.555, 1.00779, -106.808, 1.00203, -106.812, 0.997231, -105.386, -0.00019036, -0.00019038, -0.00019036, 0, 1.11168, 0.00124336, 0.100726, 0.000931214
146.605, 1.00779, -107.013, 1.00203, -107.017, 0.997232, -105.592, -0.00019036, -0.000190367, -0.00019036, 0, 1.11168, 0.00124301, 0.100726, 0.000931534
146.655, 1.00779, -107.219, 1.00203, -107.223, 0.997232, -105.797, -0.00019036, -0.000190368, -0.00019036, 0, 1.11168, 0.00124309, 0.100726, 0.000931851
146.706, 1.00779, -107.424, 1.00203, -107.428, 0.997233, -106.003, -0.00019036, -0.000190361, -0.00019036, 0, 1.11168, 0.00124309, 0.100726, 0.000932166
146.756, 1.00779, -107.63, 1.00203, -107.634, 0.997234, -106.208, -0.00019036, -0.000190371, -0.00019036, 0, 1.11168, 0.00124303, 0.100726, 0.000932479
146.807, 1.00779, -107.836, 1.00203, -107.84, 0.997234, -106.414, -0.00019036, -0.000190282, -0.00019036, 0, 1.11168, 0.00124292, 0.100726, 0.000932789
146.857, 1.00779, -108.041, 1.00203, -108.045, 0.997235, -106.62, -0.00019036, -0.000190286, -0.00019036, 0, 1.11168, 0.00124323, 0.100727, 0.000933098
146.907, 1.00779, -108.247, 1.00203, -108.251, 0.997235, -106.825, -0.00019036, -0.000190371, -0.00019036, 0, 1.11168, 0.00124319, 0.100726, 0.000933404
146.958, 1.00779, -108.452, 1.00203, -108.456, 0.997236, -107.031, -0.00019036, -0.000190364, -0.00019036, 0, 1.11168, 0.00124339, 0.100727, 0.000933707
147.001, 1.00779, -108.629, 1.00203, -108.633, 0.997236, -107.208, -0.00019036, -0.000190369, -0.00019036, 0, 1.11168, 0.001243, 0.100727, 0.000933966
147.001, 1.00779, -108.629, 1.00203, -108.633, 0.997236, -107.208, -0.00019036, -0.000190369, -0.00019036, 0, 1.11168, 0.001243, 0.100727, 0.000933968
147.051, 1.00779, -108.835, 1.00203, -108.839, 0.997237, -107.413, -0.00019036, -0.000190361, -0.00019036, 0, 1.11168, 0.00124323, 0.100727, 0.000934265
147.102, 1.00779, -109.04, 1.00203, -109.044, 0.997237, -107.619, -0.00019036, -0.000190381, -0.00019036, 0, 1.11168, 0.00124339, 0.100727, 0.000934562
147.152, 1.00779, -109.246, 1.00204, -109.25, 0.997238, -107.825, -0.000190676, -0.000190677, -0.000190675, 0, 1.11168, 0.0012429, 0.100727, 0.000934856
147.202, 1.00779, -109.452, 1.00204, -109.456, 0.997238, -108.03, -0.000190676, -0.000190683, -0.000190676, 0, 1.11168, 0.00124298, 0.100727, 0.000935147
147.253, 1.00779, -109.658, 1.00204, -109.662, 0.997238, -108.236, -0.000190676, -0.000190687, -0.000190676, 0, 1.11168, 0.00124289, 0.100727, 0.000935435
147.303, 1.00779, -109.864, 1.00204, -109.868, 0.997239, -108.442, -0.000190676, -0.000190684, -0.000190676, 0, 1.11168, 0.00124295, 0.100727, 0.000935721
147.353, 1.00779, -110.07, 1.00204, -110.074, 0.997239, -108.648, -0.000190676, -0.000190676, -0.000190673, 0, 1.11168, 0.00124315, 0.100727, 0.000936004
147.404, 1.00779, -110.276, 1.00204, -110.28, 0.99724, -108.854, -0.000190676, -0.000190688, -0.000190676, 0, 1.11168, 0.00124326, 0.100728, 0.000936284
147.454, 1.00779, -110.482, 1.00204, -110.486, 0.99724, -109.06, -0.000190676, -0.00019068, -0.000190676, 0, 1.11168, 0.00124317, 0.100728, 0.000936561
147.504, 1.0078, -110.688, 1.00204, -110.692, 0.99724, -109.266, -0.000190676, -0.000190677, -0.000190676, 0, 1.11168, 0.00124322, 0.100728, 0.000936835
147.555, 1.0078, -110.894, 1.00204, -110.898, 0.99724, -109.472, -0.000190676, -0.000190679, -0.000190676, 0, 1.11168, 0.00124282, 0.100727, 0.000937107
147.605, 1.0078, -111.1, 1.00204, -111.104, 0.997241, -109.678, -0.000190676, -0.000190683, -0.000190676, 0, 1.11168, 0.00124311, 0.100728, 0.000937375
147.655, 1.0078, -111.305, 1.00204, -111.31, 0.997241, -109.884, -0.000190676, -0.000190678, -0.000190676, 0, 1.11168, 0.00124296, 0.100728, 0.000937641
147.706, 1.0078, -111.511, 1.00204, -111.515, 0.997241, -110.09, -0.000190677, -0.000190678, -0.000190676, 0, 1.11168, 0.00124314, 0.100728, 0.000937903
147.756, 1.0078, -111.717, 1.00204, -111.721, 0.997242, -110.296, -0.000190677, -0.000190683, -0.000190676, 0, 1.11168, 0.00124308, 0.100727, 0.000938162
147.807, 1.0078, -111.923, 1.00204, -111.927, 0.997242, -110.502, -0.000190676, -0.000190677, -0.000190676, 0, 1.11168, 0.00124326, 0.100728, 0.000938419
147.857, 1.0078, -112.129, 1.00204, -112.133, 0.997242, -110.708, -0.000190676, -0.00019068, -0.000190665, 0, 1.11168, 0.00124296, 0.100728, 0.000938672
147.907, 1.0078, -112.335, 1.00204, -112.339, 0.997242, -110.914, -0.000190676, -0.00019068, -0.000190674, 0, 1.11168, 0.00124321, 0.100728, 0.000938922
147.958, 1.0078, -112.541, 1.00204, -112.545, 0.997243, -111.119, -0.000190673, -0.000190678, -0.000190671, 0, 1.11168, 0.00124319, 0.100728, 0.000939169
148.001, 1.0078, -112.718, 1.00204, -112.722, 0.997243, -111.297, -0.000190676, -0.000190609, -0.000190676, 0, 1.11168, 0.0012432, 0.100728, 0.000939379
148.001, 1.0078, -112.718, 1.00204, -112.722, 0.997243, -111.297, -0.000190676, -0.000190609, -0.000190676, 0, 1.11168, 0.0012432, 0.100728, 0.00093938
148.051, 1.0078, -112.924, 1.00204, -112.928, 0.997243, -111.502, -0.000190707, -0.000190713, -0.000190676, 0, 1.11168, 0.00124329, 0.100729, 0.00093962
148.102, 1.0078, -113.13, 1.00204, -113.134, 0.997244, -111.708, -0.000190676, -0.000190677, -0.00019067, 0, 1.11168, 0.0012433, 0.100729, 0.000939857
148.152, 1.0078, -113.336, 1.00204, -113.34, 0.997244, -111.914, -0.000190678, -0.000190716, -0.000190676, 0, 1.11168, 0.00124339, 0.100729, 0.000940092
148.202, 1.0078, -113.542, 1.00204, -113.546, 0.997244, -112.12, -0.000190676, -0.000190698, -0.000190676, 0, 1.11168, 0.00124319, 0.100729, 0.000940323
148.253, 1.0078, -113.748, 1.00204, -113.752, 0.997244, -112.326, -0.000190677, -0.000190604, -0.000190657, 0, 1.11168, 0.00124305, 0.100729, 0.000940551
148.303, 1.0078, -113.954, 1.00204, -113.958, 0.997244, -112.532, -0.000190682, -0.000190603, -0.000190676, 0, 1.11168, 0.00124298, 0.100729, 0.000940776
148.353, 1.0078, -114.16, 1.00204, -114.164, 0.997245, -112.738, -0.000190676, -0.000190679, -0.000190676, 0, 1.11168, 0.00124303, 0.100728, 0.000940997
148.404, 1.0078, -114.365, 1.00204, -114.369, 0.997245, -112.944, -0.00019036, -0.000190377, -0.00019036, 0, 1.11168, 0.00124275, 0.100729, 0.000941215
148.454, 1.0078, -114.571, 1.00204, -114.575, 0.997245, -113.149, -0.000190361, -0.00019038, -0.00019036, 0, 1.11168, 0.00124314, 0.100729, 0.00094143
148.504, 1.0078, -114.777, 1.00204, -114.781, 0.997245, -113.355, -0.000190336, -0.00019036, -0.00019036, 0, 1.11168, 0.00124322, 0.100729, 0.000941641
148.555, 1.0078, -114.982, 1.00204, -114.986, 0.997245, -113.561, -0.000190346, -0.00019036, -0.000190358, 0, 1.11168, 0.00124288, 0.100729, 0.000941849
148.605, 1.0078, -115.188, 1.00204, -115.192, 0.997245, -113.766, -0.000190325, -0.00019036, -0.00019036, 0, 1.11168, 0.00124346, 0.100729, 0.000942053
148.656, 1.0078, -115.393, 1.00204, -115.397, 0.997245, -113.972, -0.000190343, -0.00019036, -0.00019036, 0, 1.11168, 0.0012428, 0.100729, 0.000942254
148.706, 1.0078, -115.599, 1.00204, -115.603, 0.997245, -114.177, -0.000190335, -0.00019036, -0.00019036, 0, 1.11168, 0.00124261, 0.100728, 0.000942452
148.756, 1.0078, -115.805, 1.00204, -115.809, 0.997245, -114.383, -0.000190282, -0.00019036, -0.000190344, 0, 1.11168, 0.0012433, 0.100729, 0.000942647
148.807, 1.0078, -116.01, 1.00204, -116.014, 0.997245, -114.589, -0.000190429, -0.00019036, -0.000190355, 0, 1.11168, 0.00124318, 0.100729, 0.000942838
148.857, 1.0078, -116.216, 1.00204, -116.22, 0.997246, -114.794, -0.000190318, -0.00019036, -0.000190427, 0, 1.11168, 0.00124309, 0.100729, 0.000943025
148.907, 1.0078, -116.421, 1.00204, -116.425, 0.997246, -115, -0.00019045, -0.00019036, -0.000190389, 0, 1.11168, 0.00124302, 0.100729, 0.00094321
148.958, 1.0078, -116.627, 1.00204, -116.631, 0.997246, -115.205, -0.000190308, -0.00019036, -0.000190299, 0, 1.11168, 0.00124297, 0.100729, 0.00094339
149.001, 1.0078, -116.804, 1.00204, -116.808, 0.997246, -115.382, -0.000190304, -0.00019036, -0.000190252, 0, 1.11168, 0.00124305, 0.100729, 0.000943543
149.001, 1.0078, -116.804, 1.00204, -116.808, 0.997246, -115.382, -0.000190304, -0.00019036, -0.000190252, 0, 1.11168, 0.00124305, 0.100729, 0.000943544
149.051, 1.0078, -117.009, 1.00204, -117.013, 0.997246, -115.588, -0.000190279, -0.00019036, -0.000190253, 0, 1.11168, 0.00124303, 0.100729, 0.000943718
149.102, 1.0078, -117.215, 1.00204, -117.219, 0.997246, -115.793, -0.000190329, -0.00019036, -0.000190269, 0, 1.11168, 0.00124299, 0.100729, 0.000943889
149.152, 1.0078, -117.42, 1.00204, -117.425, 0.997246, -115.999, -0.000190329, -0.00019036, -0.000190472, 0, 1.11168, 0.00124297, 0.100729, 0.000944056
149.202, 1.0078, -117.626, 1.00204, -117.63, 0.997246, -116.204, -0.00019032, -0.00019036, -0.000190256, 0, 1.11168, 0.00124339, 0.100729, 0.000944221
149.253, 1.0078, -117.832, 1.00204, -117.836, 0.997246, -116.41, -0.000190339, -0.00019036, -0.000190299, 0, 1.11168, 0.00124335, 0.100729, 0.000944382
149.303, 1.0078, -118.037, 1.00204, -118.041, 0.997246, -116.616, -0.000190464, -0.00019036, -0.000190449, 0, 1.11168, 0.00124331, 0.100729, 0.000944539
149.353, 1.0078, -118.243, 1.00204, -118.247, 0.997246, -116.821, -0.000190435, -0.00019036, -0.000190384, 0, 1.11168, 0.00124326, 0.100729, 0.000944693
149.404, 1.0078, -118.448, 1.00204, -118.452, 0.997246, -117.027, -0.000190285, -0.00019036, -0.000190242, 0, 1.11168, 0.00124316, 0.100729, 0.000944844
149.454, 1.0078, -118.654, 1.00204, -118.658, 0.997246, -117.232, -0.0001905, -0.00019036, -0.00019043, 0, 1.11168, 0.00124351, 0.100729, 0.000944992
149.504, 1.0078, -118.86, 1.00204, -118.864, 0.997246, -117.438, -0.000190499, -0.00019036, -0.000190427, 0, 1.11168, 0.00124289, 0.100728, 0.000945135
149.555, 1.0078, -119.065, 1.00204, -119.069, 0.997246, -117.644, -0.000190257, -0.00019036, -0.000190246, 0, 1.11168, 0.00124319, 0.100729, 0.000945276
149.605, 1.0078, -119.271, 1.00204, -119.275, 0.997246, -117.849, -0.000190296, -0.00019036, -0.000190271, 0, 1.11168, 0.00124295, 0.100729, 0.000945414
149.656, 1.0078, -119.476, 1.00204, -119.48, 0.997246, -118.055, -0.000190345, -0.00019036, -0.000190246, 0, 1.11168, 0.00124313, 0.100729, 0.000945548
149.706, 1.0078, -119.682, 1.00204, -119.686, 0.997246, -118.26, -0.000190336, -0.00019036, -0.000190454, 0, 1.11168, 0.00124322, 0.100729, 0.000945678
149.756, 1.0078, -119.888, 1.00204, -119.892, 0.997246, -118.466, -0.00019046, -0.00019036, -0.000190419, 0, 1.11168, 0.00124285, 0.100729, 0.000945806
149.807, 1.0078, -120.093, 1.00204, -120.097, 0.997246, -118.672, -0.000190344, -0.00019036, -0.000190388, 0, 1.11168, 0.00124285, 0.100728, 0.00094593
149.857, 1.0078, -120.299, 1.00204, -120.303, 0.997246, -118.877, -0.000190302, -0.00019036, -0.000190295, 0, 1.11168, 0.00124322, 0.100728, 0.000946051
149.907, 1.0078, -120.504, 1.00204, -120.508, 0.997246, -119.083, -0.000190286, -0.000190361, -0.000190417, 0, 1.11168, 0.00124312, 0.100729, 0.000946169
149.958, 1.0078, -120.71, 1.00204, -120.714, 0.997246, -119.288, -0.000190442, -0.00019036, -0.000190391, 0, 1.11168, 0.00124337, 0.100729, 0.000946283
150.001, 1.0078, -120.887, 1.00204, -120.891, 0.997246, -119.465, -0.000190033, -0.000190083, -0.000189993, 0, 1.11168, 0.00124275, 0.100729, 0.000946379
150.001, 1.0078, -120.887, 1.00204, -120.891, 0.997246, -119.465, -0.000190033, -0.000190083, -0.000189993, 0, 1.11168, 0.00124275, 0.100729, 0.00094638
150.051, 1.0078, -121.092, 1.00204, -121.096, 0.997246, -119.67, -0.000189868, -0.000189727, -0.000189793, 0, 1.11168, 0.00124342, 0.100729, 0.000946487
150.102, 1.0078, -121.296, 1.00204, -121.301, 0.997246, -119.875, -0.000189707, -0.000189727, -0.000189691, 0, 1.11168, 0.00124303, 0.100729, 0.000946593
150.152, 1.0078, -121.501, 1.00204, -121.505, 0.997246, -120.08, -0.000189677, -0.000189727, -0.000189677, 0, 1.11168, 0.00124305, 0.100729, 0.000946695
150.202, 1.0078, -121.706, 1.00204, -121.71, 0.997246, -120.285, -0.000189685, -0.000189727, -0.000189655, 0, 1.11168, 0.00124331, 0.100728, 0.000946794
150.253, 1.0078, -121.911, 1.00204, -121.915, 0.997246, -120.49, -0.000189709, -0.000189727, -0.000189773, 0, 1.11168, 0.00124318, 0.100729, 0.000946889
150.303, 1.0078, -122.116, 1.00204, -122.12, 0.997246, -120.694, -0.000189705, -0.000189727, -0.00018982, 0, 1.11168, 0.00124328, 0.100729, 0.000946982
150.353, 1.0078, -122.321, 1.00204, -122.325, 0.997246, -120.899, -0.000189773, -0.000189727, -0.000189772, 0, 1.11168, 0.00124288, 0.100729, 0.000947072
150.404, 1.0078, -122.526, 1.00204, -122.53, 0.997246, -121.104, -0.000189839, -0.000189727, -0.000189783, 0, 1.11168, 0.00124321, 0.100729, 0.000947158
150.454, 1.0078, -122.731, 1.00204, -122.735, 0.997246, -121.309, -0.000189684, -0.000189728, -0.000189637, 0, 1.11168, 0.00124302, 0.100729, 0.000947242
150.505, 1.0078, -122.936, 1.00204, -122.94, 0.997246, -121.514, -0.000189668, -0.000189729, -0.000189779, 0, 1.11168, 0.00124355, 0.100729, 0.000947322
150.555, 1.0078, -123.141, 1.00204, -123.145, 0.997246, -121.719, -0.000189662, -0.000189727, -0.00018979, 0, 1.11168, 0.00124305, 0.100729, 0.0009474
150.605, 1.0078, -123.346, 1.00204, -123.35, 0.997246, -121.924, -0.000189864, -0.000189727, -0.000189837, 0, 1.11168, 0.00124285, 0.100728, 0.000947474
150.656, 1.0078, -123.55, 1.00204, -123.554, 0.997246, -122.129, -0.000189668, -0.000189757, -0.00018981, 0, 1.11168, 0.00124347, 0.100729, 0.000947546
150.706, 1.0078, -123.755, 1.00204, -123.759, 0.997246, -122.334, -0.00018965, -0.000189727, -0.000189649, 0, 1.11168, 0.00124304, 0.100729, 0.000947615
150.756, 1.0078, -123.96, 1.00204, -123.964, 0.997246, -122.539, -0.000189802, -0.000189728, -0.000189762, 0, 1.11168, 0.00124329, 0.100729, 0.00094768
150.807, 1.0078, -124.165, 1.00204, -124.169, 0.997246, -122.744, -0.000189776, -0.000189729, -0.000189762, 0, 1.11168, 0.00124341, 0.100729, 0.000947743
150.857, 1.0078, -124.37, 1.00204, -124.374, 0.997246, -122.948, -0.000189675, -0.000189727, -0.000189645, 0, 1.11168, 0.00124341, 0.100729, 0.000947804
150.907, 1.0078, -124.575, 1.00204, -124.579, 0.997246, -123.153, -0.000189606, -0.000189728, -0.000189599, 0, 1.11168, 0.00124314, 0.100729, 0.000947861
150.958, 1.0078, -124.78, 1.00204, -124.784, 0.997246, -123.358, -0.000189656, -0.000189727, -0.000189581, 0, 1.11168, 0.00124327, 0.100729, 0.000947915
151, 1.0078, -124.952, 1.00204, -124.956, 0.997246, -123.53, -0.000189664, -0.000189727, -0.000189655, 0, 1.11168, 0.00124279, 0.100729, 0.000947959
151, 1.0078, -124.952, 1.00204, -124.956, 0.997246, -123.53, -0.000189664, -0.000189727, -0.000189655, 7.58656e-05, 1.11168, 0.00124279, 0.100729, 0.00094796
151.05, 1.0078, -125.157, 1.00204, -125.161, 0.997246, -123.735, -0.000189689, -0.000189727, -0.00018976, 7.58656e-05, 1.11168, 0.00124288, 0.100728, 0.000949877
151.101, 1.0078, -125.362, 1.00204, -125.366, 0.997246, -123.94, -0.000189658, -0.000189727, -0.000189777, 7.58656e-05, 1.11168, 0.00124299, 0.100729, 0.000951737
151.151, 1.0078, -125.567, 1.00204, -125.571, 0.997246, -124.145, -0.000189648, -0.000189737, -0.000189586, 7.58656e-05, 1.11168, 0.00124279, 0.100729, 0.000953541
151.201, 1.0078, -125.772, 1.00204, -125.776, 0.997246, -124.35, -0.000189827, -0.000189727, -0.000189777, 7.58656e-05, 1.11168, 0.0012434, 0.100729, 0.000955292
151.252, 1.0078, -125.977, 1.00204, -125.981, 0.997246, -124.555, -0.000189852, -0.000189727, -0.000189768, 7.58656e-05, 1.11168, 0.00124326, 0.100729, 0.000956991
151.302, 1.0078, -126.181, 1.00204, -126.185, 0.997246, -124.76, -0.000189393, -0.000189295, -0.000189379, 7.58656e-05, 1.11168, 0.00124326, 0.100729, 0.00095864
151.352, 1.0078, -126.386, 1.00204, -126.39, 0.997246, -124.964, -0.000189003, -0.000189095, -0.000189101, 7.58656e-05, 1.11168, 0.00124373, 0.100729, 0.00096024
151.403, 1.0078, -126.59, 1.00204, -126.594, 0.997246, -125.168, -0.000189033, -0.000189095, -0.00018901, 7.58656e-05, 1.11168, 0.00124308, 0.100729, 0.000961794
151.453, 1.0078, -126.794, 1.00204, -126.798, 0.997246, -125.372, -0.000189064, -0.000189095, -0.000189195, 7.58656e-05, 1.11168, 0.00124264, 0.100729, 0.000963302
151.504, 1.0078, -126.998, 1.00204, -127.002, 0.997246, -125.577, -0.00018924, -0.000189095, -0.000189174, 7.58656e-05, 1.11168, 0.00124298, 0.100729, 0.000964766
151.554, 1.0078, -127.202, 1.00204, -127.207, 0.997246, -125.781, -0.000189025, -0.000189095, -0.000189007, 7.58656e-05, 1.11168, 0.00124335, 0.100729, 0.000966188
151.604, 1.0078, -127.407, 1.00204, -127.411, 0.997246, -125.985, -0.000188974, -0.000189095, -0.000189101, 7.58656e-05, 1.11168, 0.00124332, 0.100729, 0.000967568
151.655, 1.0078, -127.611, 1.00204, -127.615, 0.997246, -126.189, -0.000189039, -0.000188937, -0.000188977, 7.58656e-05, 1.11168, 0.00124368, 0.100729, 0.000968908
151.705, 1.0078, -127.815, 1.00204, -127.819, 0.997246, -126.393, -0.000189004, -0.000189095, -0.000189151, 7.58656e-05, 1.11168, 0.00124318, 0.100728, 0.000970209
151.755, 1.0078, -128.019, 1.00205, -128.023, 0.997247, -126.598, -0.000189232, -0.000189095, -0.000189182, 7.58656e-05, 1.11168, 0.00124346, 0.100729, 0.000971473
151.806, 1.0078, -128.223, 1.00205, -128.227, 0.99725, -126.802, -0.000188431, -0.000188463, -0.000188585, 7.58656e-05, 1.11168, 0.0012433, 0.100729, 0.0009727
151.856, 1.00781, -128.427, 1.00205, -128.431, 0.997251, -127.005, -0.000188507, -0.000188463, -0.000188496, 7.58656e-05, 1.11168, 0.00124273, 0.10073, 0.000973891
151.906, 1.00781, -128.63, 1.00205, -128.634, 0.997252, -127.209, -0.000188404, -0.000188464, -0.000188322, 7.58656e-05, 1.11168, 0.0012434, 0.10073, 0.000975047
151.957, 1.00781, -128.834, 1.00205, -128.838, 0.997253, -127.412, -0.000188399, -0.000188463, -0.000188361, 7.58656e-05, 1.11168, 0.00124347, 0.10073, 0.000976169
152, 1.00781, -129.009, 1.00205, -129.013, 0.997254, -127.587, -0.000188577, -0.000188463, -0.000188362, 7.58656e-05, 1.11168, 0.00124322, 0.100731, 0.000977108
152, 1.00781, -129.009, 1.00205, -129.013, 0.997254, -127.587, -0.000188577, -0.000188463, -0.000188362, 0.000151296, 1.11168, 0.00124322, 0.100731, 0.000977113
152.05, 1.00781, -129.212, 1.00205, -129.216, 0.997255, -127.791, -0.000188407, -0.000188463, -0.000188393, 0.000151296, 1.11168, 0.00124293, 0.100731, 0.000980027
152.101, 1.00781, -129.416, 1.00205, -129.42, 0.997256, -127.994, -0.000188413, -0.000188463, -0.0001884, 0.000151296, 1.11168, 0.00124349, 0.100731, 0.000982861
152.151, 1.00781, -129.619, 1.00205, -129.623, 0.997257, -128.197, -0.000187947, -0.000187831, -0.000187902, 0.000151296, 1.11168, 0.00124313, 0.100731, 0.000985611
152.201, 1.00781, -129.822, 1.00206, -129.826, 0.997258, -128.4, -0.000187815, -0.00018783, -0.000187863, 0.000151296, 1.11168, 0.00124309, 0.100731, 0.00098828
152.252, 1.00781, -130.025, 1.00206, -130.029, 0.997259, -128.603, -0.000187954, -0.000187844, -0.000187918, 0.000151296, 1.11168, 0.00124318, 0.100732, 0.000990871
152.302, 1.00782, -130.228, 1.00206, -130.232, 0.997261, -128.806, -0.00018776, -0.00018783, -0.00018792, 0.000151296, 1.11168, 0.00124301, 0.100732, 0.000993386
152.352, 1.00782, -130.431, 1.00206, -130.435, 0.997262, -129.009, -0.000187951, -0.00018783, -0.000187723, 0.000151296, 1.11168, 0.00124336, 0.100732, 0.000995827
152.403, 1.00782, -130.633, 1.00206, -130.637, 0.997264, -129.211, -0.000187113, -0.000187198, -0.000187104, 0.000151296, 1.11168, 0.00124346, 0.100732, 0.000998197
152.453, 1.00782, -130.835, 1.00206, -130.839, 0.997266, -129.414, -0.000187283, -0.000187198, -0.000187233, 0.000151296, 1.11168, 0.00124317, 0.100733, 0.0010005
152.504, 1.00782, -131.037, 1.00207, -131.041, 0.997267, -129.616, -0.000187119, -0.000187198, -0.000187114, 0.000151296, 1.11168, 0.00124331, 0.100733, 0.00100273
152.554, 1.00782, -131.24, 1.00207, -131.244, 0.997269, -129.818, -0.000187342, -0.000187198, -0.000187295, 0.000151296, 1.11168, 0.00124323, 0.100733, 0.0010049
152.604, 1.00783, -131.441, 1.00207, -131.445, 0.997271, -130.02, -0.000186516, -0.000186567, -0.00018662, 0.000151296, 1.11168, 0.00124308, 0.100734, 0.001007
152.655, 1.00783, -131.643, 1.00207, -131.647, 0.997273, -130.221, -0.000186661, -0.000186565, -0.000186591, 0.000151296, 1.11168, 0.00124296, 0.100735, 0.00100904
152.705, 1.00783, -131.844, 1.00207, -131.848, 0.997276, -130.423, -0.000186541, -0.000186565, -0.00018648, 0.000151296, 1.11168, 0.00124297, 0.100735, 0.00101102
152.755, 1.00783, -132.046, 1.00208, -132.05, 0.997277, -130.624, -0.000186695, -0.000186565, -0.00018669, 0.000151296, 1.11168, 0.00124305, 0.100735, 0.00101294
152.806, 1.00783, -132.247, 1.00208, -132.251, 0.997279, -130.825, -0.000186009, -0.000185933, -0.000186007, 0.000151296, 1.11168, 0.00124307, 0.100735, 0.0010148
152.856, 1.00784, -132.448, 1.00208, -132.452, 0.997281, -131.026, -0.000185915, -0.000185933, -0.000185865, 0.000151296, 1.11168, 0.00124315, 0.100736, 0.00101661
152.906, 1.00784, -132.648, 1.00208, -132.653, 0.997283, -131.227, -0.000186057, -0.000185933, -0.000186037, 0.000151296, 1.11168, 0.00124295, 0.100736, 0.00101836
152.957, 1.00784, -132.849, 1.00208, -132.853, 0.997285, -131.427, -0.000185274, -0.000185309, -0.000185385, 0.000151296, 1.11168, 0.00124347, 0.100737, 0.00102006
153, 1.00784, -133.021, 1.00208, -133.025, 0.997286, -131.6, -0.000185431, -0.000185301, -0.000185372, 0.000151296, 1.11168, 0.00124328, 0.100737, 0.00102148
153, 1.00784, -133.021, 1.00208, -133.025, 0.997286, -131.6, -0.000185431, -0.000185301, -0.000185372, 0.000225469, 1.11168, 0.00124328, 0.100737, 0.00102149
153.05, 1.00784, -133.221, 1.00209, -133.225, 0.997288, -131.8, -0.000185256, -0.000185304, -0.000185378, 0.000225469, 1.11168, 0.00124342, 0.100737, 0.00102491
153.101, 1.00785, -133.421, 1.00209, -133.425, 0.99729, -132, -0.000185252, -0.000185301, -0.000185394, 0.000225469, 1.11168, 0.00124325, 0.100738, 0.00102823
153.151, 1.00785, -133.621, 1.00209, -133.625, 0.997291, -132.199, -0.000184643, -0.000184668, -0.000184701, 0.000225469, 1.11168, 0.00124334, 0.100737, 0.00103145
153.201, 1.00785, -133.82, 1.00209, -133.824, 0.997293, -132.399, -0.000184772, -0.000184668, -0.000184578, 0.000225469, 1.11168, 0.00124379, 0.100738, 0.00103458
153.252, 1.00785, -134.02, 1.00209, -134.024, 0.997295, -132.598, -0.000184051, -0.000184083, -0.000184195, 0.000225469, 1.11168, 0.00124338, 0.100738, 0.0010376
153.302, 1.00785, -134.218, 1.00209, -134.222, 0.997297, -132.797, -0.000184013, -0.000184036, -0.00018414, 0.000225469, 1.11168, 0.00124305, 0.100739, 0.00104054
153.353, 1.00785, -134.417, 1.0021, -134.421, 0.997298, -132.995, -0.000184007, -0.000184036, -0.000184125, 0.000225469, 1.11168, 0.00124341, 0.10074, 0.00104338
153.403, 1.00786, -134.615, 1.0021, -134.62, 0.9973, -133.194, -0.000183341, -0.000183403, -0.00018332, 0.000225469, 1.11168, 0.00124313, 0.10074, 0.00104614
153.453, 1.00786, -134.814, 1.0021, -134.818, 0.997302, -133.392, -0.000183319, -0.000183403, -0.000183463, 0.000225469, 1.11168, 0.00124339, 0.10074, 0.00104881
153.504, 1.00786, -135.012, 1.0021, -135.016, 0.997305, -133.59, -0.000182887, -0.000182921, -0.000182949, 0.000225469, 1.11168, 0.00124354, 0.100741, 0.0010514
153.554, 1.00786, -135.209, 1.00211, -135.213, 0.997307, -133.787, -0.00018277, -0.000182771, -0.000182895, 0.000225469, 1.11168, 0.00124331, 0.100741, 0.00105391
153.604, 1.00786, -135.406, 1.00211, -135.41, 0.997309, -133.985, -0.00018289, -0.000182771, -0.000182868, 0.000225469, 1.11168, 0.00124342, 0.100742, 0.00105633
153.655, 1.00787, -135.603, 1.00211, -135.607, 0.997312, -134.182, -0.000182234, -0.000182138, -0.000182159, 0.000225469, 1.11168, 0.00124296, 0.100742, 0.00105868
153.705, 1.00787, -135.8, 1.00211, -135.804, 0.997314, -134.378, -0.000182128, -0.000182148, -0.000182175, 0.000225469, 1.11168, 0.00124359, 0.100742, 0.00106095
153.755, 1.00787, -135.996, 1.00211, -136, 0.997316, -134.575, -0.00018142, -0.000181508, -0.000181378, 0.000225469, 1.11168, 0.00124358, 0.100743, 0.00106315
153.806, 1.00787, -136.192, 1.00212, -136.196, 0.997318, -134.771, -0.000181588, -0.000181528, -0.000181543, 0.000225469, 1.11168, 0.00124367, 0.100744, 0.00106528
153.856, 1.00788, -136.388, 1.00212, -136.392, 0.99732, -134.966, -0.000180793, -0.000180877, -0.000180753, 0.000225469, 1.11168, 0.00124332, 0.100744, 0.00106733
153.906, 1.00788, -136.583, 1.00212, -136.587, 0.997322, -135.162, -0.000180971, -0.000180874, -0.000180956, 0.000225469, 1.11168, 0.00124322, 0.100744, 0.00106932
153.957, 1.00788, -136.778, 1.00212, -136.783, 0.997324, -135.357, -0.000180365, -0.000180296, -0.000180337, 0.000225469, 1.11168, 0.0012431, 0.100744, 0.00107124
154, 1.00788, -136.946, 1.00212, -136.95, 0.997326, -135.524, -0.000180103, -0.000180174, -0.000180096, 0.000225469, 1.11168, 0.00124348, 0.100745, 0.00107283
154, 1.00788, -136.946, 1.00212, -136.95, 0.997326, -135.524, -0.000180103, -0.000180174, -0.000180096, 0.00029751, 1.11168, 0.00124348, 0.100745, 0.00107284
154.05, 1.00788, -137.14, 1.00213, -137.145, 0.997327, -135.719, -0.000179945, -0.000179875, -0.000179926, 0.00029751, 1.11168, 0.00124339, 0.100746, 0.0010764
154.101, 1.00788, -137.334, 1.00213, -137.339, 0.997329, -135.913, -0.000179568, -0.000179609, -0.000179501, 0.00029751, 1.11168, 0.00124352, 0.100746, 0.00107985
154.151, 1.00789, -137.528, 1.00213, -137.532, 0.997331, -136.107, -0.000179125, -0.000179089, -0.000179136, 0.00029751, 1.11168, 0.00124379, 0.100746, 0.00108319
154.201, 1.00789, -137.722, 1.00213, -137.726, 0.997332, -136.3, -0.00017887, -0.000178961, -0.000179014, 0.00029751, 1.11168, 0.00124333, 0.100746, 0.00108642
154.252, 1.00789, -137.915, 1.00213, -137.919, 0.997334, -136.493, -0.000178456, -0.000178364, -0.000178438, 0.00029751, 1.11168, 0.00124354, 0.100747, 0.00108954
154.302, 1.00789, -138.107, 1.00213, -138.111, 0.997335, -136.686, -0.000178209, -0.000178344, -0.00017819, 0.00029751, 1.11168, 0.00124317, 0.100747, 0.00109256
154.353, 1.00789, -138.3, 1.00214, -138.304, 0.997337, -136.878, -0.000177675, -0.000177554, -0.000177671, 0.00029751, 1.11168, 0.00124357, 0.100747, 0.00109548
154.403, 1.00789, -138.492, 1.00214, -138.496, 0.997339, -137.07, -0.000177696, -0.000177711, -0.000177635, 0.00029751, 1.11168, 0.00124321, 0.100747, 0.00109829
154.453, 1.0079, -138.683, 1.00214, -138.687, 0.997341, -137.261, -0.000177023, -0.000177079, -0.000176949, 0.00029751, 1.11168, 0.00124305, 0.100748, 0.00110101
154.504, 1.0079, -138.874, 1.00214, -138.878, 0.997343, -137.453, -0.000177036, -0.000177079, -0.000176984, 0.00029751, 1.11168, 0.00124346, 0.100749, 0.00110364
154.554, 1.0079, -139.065, 1.00214, -139.069, 0.997345, -137.643, -0.000176376, -0.000176422, -0.000176503, 0.00029751, 1.11168, 0.00124361, 0.100749, 0.00110617
154.604, 1.0079, -139.255, 1.00215, -139.259, 0.997347, -137.833, -0.000175774, -0.00017582, -0.000175913, 0.00029751, 1.11168, 0.00124334, 0.100749, 0.00110861
154.655, 1.0079, -139.445, 1.00215, -139.449, 0.997349, -138.023, -0.000175736, -0.000175814, -0.000175883, 0.00029751, 1.11168, 0.00124318, 0.100749, 0.00111097
154.705, 1.00791, -139.634, 1.00215, -139.638, 0.997351, -138.213, -0.000175331, -0.000175182, -0.000175248, 0.00029751, 1.11168, 0.00124319, 0.10075, 0.00111324
154.755, 1.00791, -139.824, 1.00215, -139.828, 0.997353, -138.402, -0.00017489, -0.000174753, -0.00017487, 0.00029751, 1.11168, 0.00124322, 0.10075, 0.00111542
154.806, 1.00791, -140.012, 1.00215, -140.016, 0.997354, -138.59, -0.000174647, -0.000174549, -0.000174604, 0.00029751, 1.11168, 0.00124355, 0.100751, 0.00111752
154.856, 1.00791, -140.2, 1.00215, -140.204, 0.997356, -138.779, -0.000173877, -0.000173917, -0.000173969, 0.00029751, 1.11168, 0.00124384, 0.100751, 0.00111954
154.906, 1.00791, -140.388, 1.00216, -140.392, 0.997358, -138.966, -0.000173832, -0.000173917, -0.000173832, 0.00029751, 1.11168, 0.00124342, 0.100751, 0.00112148
154.957, 1.00792, -140.575, 1.00216, -140.579, 0.997359, -139.154, -0.000173282, -0.000173284, -0.000173225, 0.00029751, 1.11168, 0.00124354, 0.100752, 0.00112335
155, 1.00792, -140.736, 1.00216, -140.74, 0.99736, -139.314, -0.000172635, -0.000172667, -0.000172582, 0.00029751, 1.11168, 0.0012438, 0.100752, 0.00112489
155, 1.00792, -140.736, 1.00216, -140.74, 0.99736, -139.314, -0.000172635, -0.000172667, -0.000172582, 0.000366564, 1.11168, 0.0012438, 0.100752, 0.0011249
155.05, 1.00792, -140.922, 1.00216, -140.926, 0.997361, -139.501, -0.000172637, -0.000172681, -0.000172786, 0.000366564, 1.11168, 0.00124315, 0.100752, 0.00112831
155.101, 1.00792, -141.108, 1.00216, -141.112, 0.997363, -139.687, -0.000171991, -0.00017202, -0.000172109, 0.000366564, 1.11168, 0.00124314, 0.100752, 0.00113162
155.151, 1.00792, -141.294, 1.00216, -141.298, 0.997364, -139.872, -0.000171512, -0.000171402, -0.000171444, 0.000366564, 1.11168, 0.0012435, 0.100752, 0.0011348
155.202, 1.00792, -141.479, 1.00216, -141.483, 0.997365, -140.057, -0.000171451, -0.000171387, -0.000171406, 0.000366564, 1.11168, 0.00124389, 0.100753, 0.00113786
155.252, 1.00792, -141.664, 1.00216, -141.668, 0.997366, -140.242, -0.000170678, -0.000170597, -0.000170646, 0.000366564, 1.11168, 0.00124316, 0.100753, 0.00114081
155.302, 1.00792, -141.848, 1.00217, -141.852, 0.997367, -140.426, -0.000170258, -0.000170131, -0.000170069, 0.000366564, 1.11168, 0.00124368, 0.100753, 0.00114365
155.353, 1.00792, -142.031, 1.00217, -142.035, 0.997368, -140.61, -0.00017012, -0.000169986, -0.000170057, 0.000366564, 1.11168, 0.00124299, 0.100753, 0.00114638
155.403, 1.00793, -142.214, 1.00217, -142.218, 0.997369, -140.793, -0.000169486, -0.00016949, -0.000169574, 0.000366564, 1.11168, 0.0012438, 0.100754, 0.00114901
155.453, 1.00793, -142.397, 1.00217, -142.401, 0.997371, -140.975, -0.000168786, -0.000168858, -0.000168735, 0.000366564, 1.11168, 0.00124337, 0.100754, 0.00115153
155.504, 1.00793, -142.579, 1.00217, -142.583, 0.997372, -141.158, -0.000168146, -0.000168236, -0.000168105, 0.000366564, 1.11168, 0.00124371, 0.100754, 0.00115395
155.554, 1.00793, -142.761, 1.00217, -142.765, 0.997373, -141.339, -0.000168203, -0.000168225, -0.000168181, 0.000366564, 1.11168, 0.00124286, 0.100755, 0.00115628
155.604, 1.00793, -142.942, 1.00217, -142.946, 0.997375, -141.52, -0.000167513, -0.000167432, -0.000167453, 0.000366564, 1.11168, 0.00124395, 0.100755, 0.0011585
155.655, 1.00793, -143.122, 1.00217, -143.126, 0.997376, -141.701, -0.000166892, -0.00016697, -0.000166889, 0.000366564, 1.11168, 0.00124387, 0.100755, 0.00116064
155.705, 1.00793, -143.302, 1.00218, -143.307, 0.997377, -141.881, -0.000166262, -0.000166335, -0.000166253, 0.000366564, 1.11168, 0.00124354, 0.100755, 0.00116268
155.755, 1.00793, -143.482, 1.00218, -143.486, 0.997379, -142.06, -0.000166154, -0.000166171, -0.000166288, 0.000366564, 1.11168, 0.0012439, 0.100755, 0.00116463
155.806, 1.00794, -143.661, 1.00218, -143.665, 0.997379, -142.239, -0.000165663, -0.000165695, -0.000165681, 0.000366564, 1.11168, 0.00124274, 0.100756, 0.00116649
155.856, 1.00794, -143.839, 1.00218, -143.844, 0.99738, -142.418, -0.000164998, -0.000165013, -0.000164955, 0.000366564, 1.11168, 0.00124373, 0.100756, 0.00116827
155.906, 1.00794, -144.017, 1.00218, -144.021, 0.997381, -142.596, -0.000164525, -0.000164454, -0.000164518, 0.000366564, 1.11168, 0.00124388, 0.100756, 0.00116996
155.957, 1.00794, -144.195, 1.00218, -144.199, 0.997382, -142.773, -0.000163921, -0.00016385, -0.000163904, 0.000366564, 1.11168, 0.00124335, 0.100756, 0.00117158
156, 1.00794, -144.347, 1.00218, -144.351, 0.997382, -142.925, -0.000163751, -0.000163798, -0.000163929, 0.000366564, 1.11168, 0.00124327, 0.100757, 0.0011729
156, 1.00794, -144.347, 1.00218, -144.351, 0.997382, -142.925, -0.000163751, -0.000163798, -0.000163929, 0.000432064, 1.11168, 0.00124327, 0.100757, 0.00117291
156.05, 1.00794, -144.523, 1.00218, -144.527, 0.997383, -143.102, -0.000163143, -0.000163168, -0.000163091, 0.000432064, 1.11168, 0.00124292, 0.100757, 0.00117597
156.101, 1.00794, -144.699, 1.00218, -144.703, 0.997383, -143.278, -0.000162511, -0.000162539, -0.00016244, 0.000432064, 1.11168, 0.00124358, 0.100757, 0.00117892
156.151, 1.00794, -144.874, 1.00218, -144.879, 0.997384, -143.453, -0.000161893, -0.000161909, -0.000161896, 0.000432064, 1.11168, 0.00124346, 0.100756, 0.00118175
156.202, 1.00794, -145.049, 1.00218, -145.053, 0.997384, -143.628, -0.000161403, -0.000161472, -0.000161572, 0.000432064, 1.11168, 0.00124339, 0.100757, 0.00118445
156.252, 1.00794, -145.223, 1.00218, -145.227, 0.997384, -143.802, -0.000161364, -0.000161268, -0.000161354, 0.000432064, 1.11168, 0.00124372, 0.100756, 0.00118705
156.302, 1.00794, -145.397, 1.00218, -145.401, 0.997385, -143.975, -0.000160633, -0.000160636, -0.000160738, 0.000432064, 1.11168, 0.00124395, 0.100757, 0.00118953
156.353, 1.00794, -145.57, 1.00218, -145.574, 0.997385, -144.148, -0.000160105, -0.000159954, -0.000160097, 0.000432064, 1.11168, 0.00124375, 0.100757, 0.00119189
156.403, 1.00794, -145.742, 1.00218, -145.746, 0.997385, -144.321, -0.000159335, -0.000159372, -0.000159499, 0.000432064, 1.11168, 0.00124329, 0.100757, 0.00119416
156.453, 1.00794, -145.914, 1.00218, -145.918, 0.997386, -144.493, -0.000158897, -0.000158745, -0.000158824, 0.000432064, 1.11168, 0.0012436, 0.100757, 0.00119631
156.504, 1.00794, -146.086, 1.00218, -146.09, 0.997386, -144.664, -0.000158287, -0.000158172, -0.000158272, 0.000432064, 1.11168, 0.00124301, 0.100757, 0.00119837
156.554, 1.00794, -146.256, 1.00219, -146.26, 0.997387, -144.835, -0.000158093, -0.000158106, -0.000158225, 0.000432064, 1.11168, 0.00124333, 0.100758, 0.00120032
156.604, 1.00794, -146.426, 1.00219, -146.43, 0.997387, -145.005, -0.000157437, -0.000157474, -0.000157437, 0.000432064, 1.11168, 0.00124353, 0.100757, 0.00120218
156.655, 1.00794, -146.596, 1.00219, -146.6, 0.997388, -145.174, -0.000156786, -0.000156849, -0.000156785, 0.000432064, 1.11168, 0.00124309, 0.100758, 0.00120394
156.705, 1.00794, -146.765, 1.00219, -146.769, 0.997388, -145.343, -0.000156316, -0.000156181, -0.000156199, 0.000432064, 1.11168, 0.00124309, 0.100758, 0.00120561
156.755, 1.00795, -146.933, 1.00219, -146.937, 0.997389, -145.511, -0.000155555, -0.000155577, -0.000155653, 0.000432064, 1.11168, 0.00124393, 0.100758, 0.00120718
156.806, 1.00795, -147.101, 1.00219, -147.105, 0.997389, -145.679, -0.000154889, -0.000154945, -0.000154818, 0.000432064, 1.11168, 0.00124348, 0.100757, 0.00120867
156.856, 1.00795, -147.268, 1.00219, -147.272, 0.997389, -145.846, -0.000154246, -0.00015432, -0.000154295, 0.000432064, 1.11168, 0.00124371, 0.100758, 0.00121007
156.907, 1.00795, -147.434, 1.00219, -147.438, 0.997389, -146.013, -0.0001537, -0.000153727, -0.000153685, 0.000432064, 1.11168, 0.00124303, 0.100758, 0.00121138
156.957, 1.00795, -147.6, 1.00219, -147.604, 0.997389, -146.179, -0.000153309, -0.000153315, -0.000153249, 0.000432064, 1.11168, 0.00124354, 0.100758, 0.00121262
157, 1.00795, -147.742, 1.00219, -147.746, 0.997389, -146.321, -0.000153187, -0.000153087, -0.000153131, 0.000432064, 1.11168, 0.00124345, 0.100758, 0.00121361
157, 1.00795, -147.742, 1.00219, -147.746, 0.997389, -146.321, -0.000153187, -0.000153087, -0.000153131, 0.000493339, 1.11168, 0.00124345, 0.100758, 0.00121362
157.051, 1.00795, -147.907, 1.00219, -147.911, 0.997389, -146.486, -0.000152357, -0.000152277, -0.000152292, 0.000493339, 1.11168, 0.00124334, 0.100758, 0.0012162
157.101, 1.00795, -148.071, 1.00219, -148.075, 0.997389, -146.65, -0.000151774, -0.000151783, -0.000151769, 0.000493339, 1.11168, 0.00124322, 0.100758, 0.00121866
157.151, 1.00795, -148.235, 1.00219, -148.239, 0.997389, -146.813, -0.000150927, -0.000150992, -0.00015089, 0.000493339, 1.11168, 0.00124333, 0.100758, 0.00122101
157.202, 1.00795, -148.398, 1.00219, -148.402, 0.997389, -146.976, -0.000150482, -0.000150523, -0.000150575, 0.000493339, 1.11168, 0.00124383, 0.100758, 0.00122324
157.252, 1.00795, -148.56, 1.00219, -148.564, 0.997389, -147.138, -0.00014988, -0.000149888, -0.000149854, 0.000493339, 1.11168, 0.00124324, 0.100758, 0.00122536
157.302, 1.00795, -148.722, 1.00219, -148.726, 0.997389, -147.3, -0.000149257, -0.000149264, -0.000149222, 0.000493339, 1.11168, 0.00124337, 0.100758, 0.00122736
157.353, 1.00795, -148.883, 1.00219, -148.887, 0.997389, -147.461, -0.000148636, -0.000148655, -0.00014861, 0.000493339, 1.11168, 0.00124384, 0.100757, 0.00122926
157.403, 1.00795, -149.043, 1.00219, -149.047, 0.997389, -147.621, -0.000148214, -0.000148117, -0.000148178, 0.000493339, 1.11168, 0.00124319, 0.100758, 0.00123105
157.453, 1.00795, -149.203, 1.00219, -149.207, 0.997389, -147.781, -0.000147768, -0.000147651, -0.000147743, 0.000493339, 1.11168, 0.00124325, 0.100758, 0.00123274
157.504, 1.00795, -149.362, 1.00219, -149.366, 0.997389, -147.94, -0.000147311, -0.000147385, -0.000147251, 0.000493339, 1.11168, 0.00124309, 0.100758, 0.00123433
157.554, 1.00795, -149.52, 1.00219, -149.525, 0.997389, -148.099, -0.000146675, -0.000146739, -0.00014682, 0.000493339, 1.11168, 0.00124358, 0.100758, 0.00123582
157.604, 1.00795, -149.678, 1.00219, -149.682, 0.997389, -148.257, -0.000146057, -0.000146129, -0.00014617, 0.000493339, 1.11168, 0.00124341, 0.100757, 0.00123722
157.655, 1.00795, -149.835, 1.00219, -149.84, 0.997389, -148.414, -0.000145411, -0.000145459, -0.000145447, 0.000493339, 1.11168, 0.00124346, 0.100757, 0.00123852
157.705, 1.00795, -149.992, 1.00219, -149.996, 0.997389, -148.57, -0.000144776, -0.000144823, -0.000144734, 0.000493339, 1.11168, 0.00124326, 0.100758, 0.00123974
157.755, 1.00795, -150.148, 1.00219, -150.152, 0.997389, -148.726, -0.000144165, -0.000144195, -0.000144145, 0.000493339, 1.11168, 0.00124376, 0.100758, 0.00124086
157.806, 1.00795, -150.303, 1.00219, -150.307, 0.997389, -148.881, -0.000143445, -0.000143532, -0.000143442, 0.000493339, 1.11168, 0.0012436, 0.100758, 0.0012419
157.856, 1.00795, -150.458, 1.00219, -150.462, 0.997389, -149.036, -0.000142881, -0.000142928, -0.000142796, 0.000493339, 1.11168, 0.00124365, 0.100758, 0.00124285
157.907, 1.00795, -150.612, 1.00219, -150.616, 0.997389, -149.19, -0.000142129, -0.000142138, -0.000142177, 0.000493339, 1.11168, 0.00124345, 0.100758, 0.00124372
157.957, 1.00795, -150.765, 1.00219, -150.769, 0.997389, -149.343, -0.00014164, -0.000141664, -0.000141624, 0.000493339, 1.11168, 0.00124352, 0.100758, 0.00124451
158, 1.00795, -150.896, 1.00219, -150.9, 0.997389, -149.475, -0.00014099, -0.000141039, -0.000140954, 0.000493339, 1.11168, 0.00124377, 0.100757, 0.00124512
158, 1.00795, -150.896, 1.00219, -150.9, 0.997389, -149.475, -0.00014099, -0.000141039, -0.000140954, 0.000549735, 1.11168, 0.00124377, 0.100757, 0.00124513
158.051, 1.00795, -151.048, 1.00219, -151.053, 0.997389, -149.627, -0.000140392, -0.000140418, -0.000140495, 0.000549735, 1.11168, 0.00124347, 0.100758, 0.00124715
158.101, 1.00795, -151.2, 1.00219, -151.204, 0.997389, -149.778, -0.000139761, -0.000139813, -0.00013985, 0.000549735, 1.11168, 0.00124342, 0.100758, 0.00124907
158.151, 1.00795, -151.351, 1.00219, -151.355, 0.997389, -149.929, -0.000139178, -0.000139218, -0.000139316, 0.000549735, 1.11168, 0.00124356, 0.100758, 0.00125087
158.202, 1.00795, -151.501, 1.00219, -151.505, 0.997389, -150.079, -0.000138677, -0.000138701, -0.000138774, 0.000549735, 1.11168, 0.00124344, 0.100758, 0.00125256
158.252, 1.00795, -151.65, 1.00219, -151.655, 0.997389, -150.229, -0.000138325, -0.000138224, -0.000138262, 0.000549735, 1.11168, 0.00124349, 0.100758, 0.00125414
158.302, 1.00795, -151.799, 1.00219, -151.803, 0.997389, -150.378, -0.000137822, -0.000137869, -0.000137819, 0.000549735, 1.11168, 0.0012433, 0.100758, 0.00125562
158.353, 1.00795, -151.948, 1.00219, -151.952, 0.997389, -150.526, -0.000137207, -0.000137236, -0.000137338, 0.000549735, 1.11168, 0.00124322, 0.100758, 0.001257
158.403, 1.00795, -152.095, 1.00219, -152.099, 0.997389, -150.674, -0.000136715, -0.000136604, -0.00013667, 0.000549735, 1.11168, 0.00124375, 0.100758, 0.00125827
158.453, 1.00795, -152.242, 1.00219, -152.246, 0.997389, -150.82, -0.0001359, -0.000135971, -0.000136089, 0.000549735, 1.11168, 0.00124311, 0.100758, 0.00125945
158.504, 1.00795, -152.388, 1.00219, -152.392, 0.997389, -150.967, -0.000135297, -0.00013534, -0.000135384, 0.000549735, 1.11168, 0.0012431, 0.100758, 0.00126054
158.554, 1.00795, -152.534, 1.00219, -152.538, 0.997389, -151.112, -0.000134802, -0.000134705, -0.000134569, 0.000549735, 1.11168, 0.00124362, 0.100757, 0.00126153
158.604, 1.00795, -152.679, 1.00219, -152.683, 0.997389, -151.257, -0.000134179, -0.000134074, -0.000134153, 0.000549735, 1.11168, 0.00124301, 0.100758, 0.00126244
158.655, 1.00795, -152.823, 1.00219, -152.827, 0.997389, -151.401, -0.000133423, -0.000133437, -0.00013352, 0.000549735, 1.11168, 0.00124342, 0.100757, 0.00126325
158.705, 1.00795, -152.967, 1.00219, -152.971, 0.997389, -151.545, -0.000132775, -0.000132809, -0.000132704, 0.000549735, 1.11168, 0.00124355, 0.100758, 0.00126399
158.756, 1.00795, -153.109, 1.00219, -153.114, 0.997389, -151.688, -0.000132278, -0.000132165, -0.000132198, 0.000549735, 1.11168, 0.0012438, 0.100758, 0.00126463
158.806, 1.00795, -153.252, 1.00219, -153.256, 0.997389, -151.83, -0.000131465, -0.000131544, -0.000131603, 0.000549735, 1.11168, 0.00124379, 0.100757, 0.0012652
158.856, 1.00795, -153.393, 1.00219, -153.397, 0.997389, -151.972, -0.000130827, -0.000130874, -0.00013073, 0.000549735, 1.11168, 0.00124346, 0.100758, 0.00126569
158.907, 1.00795, -153.534, 1.00219, -153.538, 0.997389, -152.113, -0.000130225, -0.00013028, -0.000130326, 0.000549735, 1.11168, 0.00124374, 0.100758, 0.0012661
158.957, 1.00795, -153.675, 1.00219, -153.679, 0.997389, -152.253, -0.000129468, -0.000129489, -0.000129396, 0.000549735, 1.11168, 0.00124331, 0.100758, 0.00126644
159, 1.00795, -153.795, 1.00219, -153.799, 0.997389, -152.373, -0.000128953, -0.000129018, -0.000129068, 0.000549735, 1.11168, 0.00124311, 0.100758, 0.00126667
159, 1.00795, -153.795, 1.00219, -153.799, 0.997389, -152.373, -0.000128953, -0.000129018, -0.000129068, 0.000601316, 1.11168, 0.00124311, 0.100758, 0.00126667
159.051, 1.00795, -153.934, 1.00219, -153.938, 0.997389, -152.512, -0.000128341, -0.000128391, -0.000128296, 0.000601316, 1.11168, 0.00124317, 0.100758, 0.00126814
159.101, 1.00795, -154.072, 1.00219, -154.076, 0.997389, -152.651, -0.000127682, -0.000127765, -0.000127659, 0.000601316, 1.11168, 0.00124376, 0.100758, 0.0012695
159.151, 1.00795, -154.21, 1.00219, -154.214, 0.997389, -152.789, -0.00012708, -0.000127144, -0.000127003, 0.000601316, 1.11168, 0.00124367, 0.100758, 0.00127075
159.202, 1.00795, -154.347, 1.00219, -154.351, 0.997389, -152.926, -0.00012662, -0.000126548, -0.000126571, 0.000601316, 1.11168, 0.00124328, 0.100758, 0.00127191
159.252, 1.00795, -154.484, 1.00219, -154.488, 0.997389, -153.062, -0.000126114, -0.000125965, -0.000126043, 0.000601316, 1.11168, 0.0012439, 0.100758, 0.00127297
159.302, 1.00795, -154.62, 1.00219, -154.624, 0.997389, -153.198, -0.000125359, -0.00012542, -0.000125458, 0.000601316, 1.11168, 0.00124336, 0.100758, 0.00127393
159.353, 1.00795, -154.755, 1.00219, -154.759, 0.997389, -153.333, -0.000124931, -0.000124943, -0.000125005, 0.000601316, 1.11168, 0.0012434, 0.100758, 0.0012748
159.403, 1.00795, -154.889, 1.00219, -154.893, 0.997389, -153.468, -0.000124521, -0.000124588, -0.000124506, 0.000601316, 1.11168, 0.00124353, 0.100758, 0.00127557
159.453, 1.00795, -155.023, 1.00219, -155.027, 0.997389, -153.602, -0.000123948, -0.000123955, -0.000124036, 0.000601316, 1.11168, 0.00124379, 0.100758, 0.00127626
159.504, 1.00795, -155.156, 1.00219, -155.16, 0.997389, -153.735, -0.000123269, -0.000123322, -0.000123365, 0.000601316, 1.11168, 0.00124332, 0.100758, 0.00127686
159.554, 1.00795, -155.289, 1.00219, -155.293, 0.997389, -153.867, -0.000122771, -0.00012269, -0.00012273, 0.000601316, 1.11168, 0.00124339, 0.100758, 0.00127738
159.604, 1.00795, -155.421, 1.00219, -155.425, 0.997389, -153.999, -0.000122, -0.000122056, -0.000122141, 0.000601316, 1.11168, 0.00124361, 0.100757, 0.00127782
159.655, 1.00795, -155.552, 1.00219, -155.556, 0.997389, -154.131, -0.000121409, -0.000121426, -0.000121342, 0.000601316, 1.11168, 0.00124313, 0.100758, 0.00127818
159.705, 1.00795, -155.683, 1.00219, -155.687, 0.997389, -154.261, -0.000120729, -0.000120784, -0.000120828, 0.000601316, 1.11168, 0.00124361, 0.100758, 0.00127846
159.756, 1.00795, -155.813, 1.00219, -155.817, 0.997389, -154.391, -0.000120195, -0.000120161, -0.000120194, 0.000601316, 1.11168, 0.0012434, 0.100757, 0.00127866
159.806, 1.00795, -155.942, 1.00219, -155.946, 0.997389, -154.52, -0.000119405, -0.000119462, -0.000119321, 0.000601316, 1.11168, 0.00124336, 0.100758, 0.00127879
159.856, 1.00795, -156.071, 1.00219, -156.075, 0.997389, -154.649, -0.000118993, -0.000118896, -0.000118944, 0.000601316, 1.11168, 0.00124343, 0.100758, 0.00127885
159.907, 1.00795, -156.199, 1.00219, -156.203, 0.997389, -154.777, -0.000118224, -0.000118264, -0.00011834, 0.000601316, 1.11168, 0.00124329, 0.100758, 0.00127884
159.957, 1.00795, -156.326, 1.00219, -156.33, 0.997389, -154.905, -0.000117581, -0.000117633, -0.000117735, 0.000601316, 1.11168, 0.00124366, 0.100758, 0.00127876
160, 1.00795, -156.435, 1.00219, -156.439, 0.997389, -155.014, -0.000116938, -0.000117034, -0.000116919, 0.000601316, 1.11168, 0.00124365, 0.100758, 0.00127864
160, 1.00795, -156.435, 1.00219, -156.439, 0.997389, -155.014, -0.000116938, -0.000117034, -0.000116919, 0.000648092, 1.11168, 0.00124365, 0.100758, 0.00127865
160.051, 1.00795, -156.562, 1.00219, -156.566, 0.997389, -155.14, -0.000116618, -0.000116516, -0.000116598, 0.000648092, 1.11168, 0.00124328, 0.100758, 0.0012796
160.101, 1.00795, -156.687, 1.00219, -156.691, 0.997389, -155.266, -0.000116316, -0.000116208, -0.000116253, 0.000648092, 1.11168, 0.00124331, 0.100758, 0.00128045
160.151, 1.00795, -156.812, 1.00219, -156.816, 0.997389, -155.391, -0.00011571, -0.000115734, -0.000115846, 0.000648092, 1.11168, 0.0012436, 0.100757, 0.00128121
160.202, 1.00795, -156.937, 1.00219, -156.941, 0.997389, -155.515, -0.000115246, -0.000115101, -0.00011516, 0.000648092, 1.11168, 0.00124364, 0.100757, 0.00128188
160.252, 1.00795, -157.06, 1.00219, -157.064, 0.997389, -155.639, -0.000114412, -0.000114466, -0.00011438, 0.000648092, 1.11168, 0.0012436, 0.100757, 0.00128246
160.302, 1.00795, -157.183, 1.00219, -157.187, 0.997389, -155.762, -0.000113813, -0.000113836, -0.000113968, 0.000648092, 1.11168, 0.00124377, 0.100757, 0.00128296
160.353, 1.00795, -157.306, 1.00219, -157.31, 0.997389, -155.884, -0.000113322, -0.000113167, -0.000113275, 0.000648092, 1.11168, 0.00124327, 0.100758, 0.00128337
160.403, 1.00795, -157.428, 1.00219, -157.432, 0.997389, -156.006, -0.000112551, -0.000112572, -0.00011253, 0.000648092, 1.11168, 0.00124356, 0.100758, 0.00128371
160.453, 1.00795, -157.549, 1.00219, -157.553, 0.997389, -156.127, -0.000112066, -0.00011194, -0.000112058, 0.000648092, 1.11168, 0.0012438, 0.100757, 0.00128396
160.504, 1.00795, -157.669, 1.00219, -157.674, 0.997389, -156.248, -0.000111455, -0.000111309, -0.000111426, 0.000648092, 1.11168, 0.0012434, 0.100758, 0.00128413
160.554, 1.00795, -157.79, 1.00219, -157.794, 0.997389, -156.368, -0.000110775, -0.000110686, -0.000110743, 0.000648092, 1.11168, 0.00124342, 0.100758, 0.00128424
160.605, 1.00795, -157.909, 1.00219, -157.913, 0.997389, -156.487, -0.000110211, -0.000110089, -0.000110189, 0.000648092, 1.11168, 0.00124336, 0.100758, 0.00128427
160.655, 1.00795, -158.028, 1.00219, -158.032, 0.997389, -156.606, -0.000109668, -0.000109676, -0.000109797, 0.000648092, 1.11168, 0.00124332, 0.100758, 0.00128423
160.705, 1.00795, -158.146, 1.00219, -158.15, 0.997389, -156.724, -0.000109392, -0.000109409, -0.000109456, 0.000648092, 1.11168, 0.00124341, 0.100758, 0.00128412
160.756, 1.00795, -158.263, 1.00219, -158.267, 0.997389, -156.842, -0.00010876, -0.000108777, -0.000108715, 0.000648092, 1.11168, 0.00124339, 0.100758, 0.00128394
160.806, 1.00795, -158.38, 1.00219, -158.384, 0.997389, -156.959, -0.000108133, -0.00010814, -0.000108107, 0.000648092, 1.11168, 0.00124319, 0.100758, 0.0012837
160.856, 1.00795, -158.497, 1.00219, -158.501, 0.997389, -157.075, -0.000107498, -0.000107512, -0.000107469, 0.000648092, 1.11168, 0.00124337, 0.100757, 0.0012834
160.907, 1.00794, -158.612, 1.00219, -158.616, 0.997387, -157.191, -0.000106832, -0.00010688, -0.000106776, 0.000648092, 1.11168, 0.0012434, 0.100757, 0.00128304
160.957, 1.00794, -158.727, 1.00218, -158.731, 0.997382, -157.306, -0.000106213, -0.000106249, -0.000106291, 0.000648092, 1.11168, 0.00124354, 0.100756, 0.00128262
161, 1.00793, -158.826, 1.00218, -158.83, 0.997378, -157.404, -0.000105738, -0.000105765, -0.000105875, 0.000648092, 1.11168, 0.00124352, 0.100755, 0.00128221
161, 1.00793, -158.826, 1.00218, -158.83, 0.997378, -157.404, -0.000105738, -0.000105765, -0.000105875, 0.000690387, 1.11168, 0.00124352, 0.100755, 0.00128221
161.051, 1.00793, -158.94, 1.00217, -158.944, 0.997372, -157.518, -0.000105561, -0.000105615, -0.000105675, 0.000690387, 1.11168, 0.00124345, 0.100754, 0.00128272
161.101, 1.00792, -159.053, 1.00216, -159.058, 0.997366, -157.632, -0.000105099, -0.000104983, -0.000105034, 0.000690387, 1.11168, 0.00124337, 0.100754, 0.00128315
161.151, 1.00792, -159.166, 1.00216, -159.17, 0.99736, -157.745, -0.000104295, -0.000104338, -0.000104267, 0.000690387, 1.11168, 0.00124317, 0.100752, 0.0012835
161.202, 1.00791, -159.279, 1.00215, -159.283, 0.997354, -157.857, -0.000103718, -0.000103718, -0.000103681, 0.000690387, 1.11168, 0.00124312, 0.100751, 0.00128377
161.252, 1.0079, -159.39, 1.00215, -159.394, 0.997348, -157.969, -0.00010306, -0.000103086, -0.000103049, 0.000690387, 1.11168, 0.00124366, 0.100749, 0.00128395
161.302, 1.0079, -159.501, 1.00214, -159.505, 0.997343, -158.08, -0.000102447, -0.000102464, -0.000102377, 0.000690387, 1.11168, 0.00124328, 0.100749, 0.00128407
161.353, 1.0079, -159.612, 1.00214, -159.616, 0.997341, -158.19, -0.000101948, -0.00010197, -0.00010186, 0.000690387, 1.11168, 0.00124353, 0.100748, 0.00128411
161.403, 1.0079, -159.722, 1.00214, -159.726, 0.997341, -158.3, -0.000101819, -0.00010182, -0.000101943, 0.000690387, 1.11168, 0.00124326, 0.100748, 0.00128408
161.453, 1.0079, -159.831, 1.00214, -159.835, 0.997341, -158.41, -0.000101344, -0.000101188, -0.000101309, 0.000690387, 1.11168, 0.00124324, 0.100748, 0.00128398
161.504, 1.00789, -159.94, 1.00213, -159.944, 0.997336, -158.518, -0.000100515, -0.000100518, -0.000100537, 0.000690387, 1.11168, 0.00124324, 0.100747, 0.00128382
161.554, 1.00789, -160.048, 1.00213, -160.052, 0.99733, -158.627, -9.98893e-05, -9.99235e-05, -0.000100035, 0.000690387, 1.11168, 0.0012432, 0.100746, 0.00128359
161.605, 1.00788, -160.156, 1.00213, -160.16, 0.997328, -158.734, -9.92844e-05, -9.92971e-05, -9.92608e-05, 0.000690387, 1.11168, 0.00124322, 0.100745, 0.0012833
161.655, 1.00788, -160.263, 1.00212, -160.267, 0.997326, -158.841, -9.87437e-05, -9.88084e-05, -9.88531e-05, 0.000690387, 1.11168, 0.00124329, 0.100745, 0.00128295
161.705, 1.00788, -160.37, 1.00212, -160.374, 0.997323, -158.948, -9.86353e-05, -9.86583e-05, -9.87658e-05, 0.000690387, 1.11168, 0.00124323, 0.100744, 0.00128254
161.756, 1.00788, -160.475, 1.00212, -160.48, 0.99732, -159.054, -9.81404e-05, -9.80209e-05, -9.80654e-05, 0.000690387, 1.11168, 0.00124329, 0.100744, 0.00128208
161.806, 1.00787, -160.581, 1.00212, -160.585, 0.997317, -159.159, -9.73788e-05, -9.73935e-05, -9.73112e-05, 0.000690387, 1.11168, 0.00124347, 0.100743, 0.00128156
161.856, 1.00787, -160.686, 1.00211, -160.69, 0.997314, -159.264, -9.67447e-05, -9.6763e-05, -9.66767e-05, 0.000690387, 1.11168, 0.00124351, 0.100742, 0.00128098
161.907, 1.00787, -160.79, 1.00211, -160.794, 0.997312, -159.369, -9.62028e-05, -9.6213e-05, -9.61968e-05, 0.000690387, 1.11168, 0.00124301, 0.100742, 0.00128035
161.957, 1.00786, -160.894, 1.00211, -160.898, 0.997309, -159.472, -9.6285e-05, -9.61286e-05, -9.62431e-05, 0.000690387, 1.11168, 0.0012433, 0.100742, 0.00127968
162, 1.00786, -160.983, 1.00211, -160.987, 0.997308, -159.561, -9.54036e-05, -9.54462e-05, -9.55434e-05, 0.000690387, 1.11168, 0.00124331, 0.100742, 0.00127906
162, 1.00786, -160.983, 1.00211, -160.987, 0.997308, -159.561, -9.54036e-05, -9.54462e-05, -9.55434e-05, 0.000728548, 1.11168, 0.00124331, 0.100742, 0.00127906
162.051, 1.00786, -161.086, 1.0021, -161.09, 0.997306, -159.664, -9.49589e-05, -9.48646e-05, -9.49549e-05, 0.000728548, 1.11168, 0.00124327, 0.100741, 0.00127923
162.101, 1.00786, -161.188, 1.0021, -161.192, 0.997304, -159.766, -9.42568e-05, -9.42788e-05, -9.4406e-05, 0.000728548, 1.11168, 0.00124305, 0.100741, 0.00127933
162.151, 1.00786, -161.29, 1.0021, -161.294, 0.997301, -159.868, -9.41996e-05, -9.42312e-05, -9.43194e-05, 0.000728548, 1.11168, 0.00124339, 0.10074, 0.00127936
162.202, 1.00785, -161.391, 1.0021, -161.395, 0.997299, -159.969, -9.36975e-05, -9.3599e-05, -9.36813e-05, 0.000728548, 1.11168, 0.00124335, 0.100739, 0.00127932
162.252, 1.00785, -161.491, 1.00209, -161.496, 0.997297, -160.07, -9.29427e-05, -9.29666e-05, -9.29363e-05, 0.000728548, 1.11168, 0.00124315, 0.100739, 0.00127922
162.302, 1.00785, -161.592, 1.00209, -161.596, 0.997295, -160.17, -9.23231e-05, -9.23453e-05, -9.21972e-05, 0.000728548, 1.11168, 0.00124331, 0.100739, 0.00127905
162.353, 1.00785, -161.691, 1.00209, -161.695, 0.997293, -160.27, -9.24753e-05, -9.23341e-05, -9.24361e-05, 0.000728548, 1.11168, 0.00124312, 0.100739, 0.00127881
162.403, 1.00785, -161.79, 1.00209, -161.794, 0.997291, -160.369, -9.1676e-05, -9.16988e-05, -9.16255e-05, 0.000728548, 1.11168, 0.00124301, 0.100738, 0.00127852
162.454, 1.00784, -161.889, 1.00209, -161.893, 0.997289, -160.467, -9.10144e-05, -9.10692e-05, -9.09608e-05, 0.000728548, 1.11168, 0.00124325, 0.100738, 0.00127817
162.504, 1.00784, -161.987, 1.00209, -161.991, 0.997288, -160.566, -9.04338e-05, -9.04452e-05, -9.05492e-05, 0.000728548, 1.11168, 0.00124294, 0.100737, 0.00127776
162.554, 1.00784, -162.085, 1.00208, -162.089, 0.997286, -160.663, -9.04367e-05, -9.04367e-05, -9.03667e-05, 0.000728548, 1.11168, 0.00124322, 0.100737, 0.0012773
162.605, 1.00784, -162.182, 1.00208, -162.186, 0.997284, -160.76, -8.97127e-05, -8.98044e-05, -8.96948e-05, 0.000728548, 1.11168, 0.00124335, 0.100737, 0.00127679
162.655, 1.00784, -162.278, 1.00208, -162.282, 0.997282, -160.857, -8.91192e-05, -8.9172e-05, -8.90985e-05, 0.000728548, 1.11168, 0.00124315, 0.100736, 0.00127622
162.705, 1.00784, -162.374, 1.00208, -162.379, 0.99728, -160.953, -8.85286e-05, -8.85662e-05, -8.848e-05, 0.000728548, 1.11168, 0.00124318, 0.100736, 0.00127561
162.756, 1.00783, -162.47, 1.00208, -162.474, 0.997279, -161.048, -8.85152e-05, -8.85395e-05, -8.84434e-05, 0.000728548, 1.11168, 0.00124323, 0.100736, 0.00127495
162.806, 1.00783, -162.565, 1.00207, -162.569, 0.997277, -161.144, -8.78682e-05, -8.78696e-05, -8.80207e-05, 0.000728548, 1.11168, 0.001243, 0.100735, 0.00127424
162.856, 1.00783, -162.66, 1.00207, -162.664, 0.997275, -161.238, -8.72525e-05, -8.72761e-05, -8.72345e-05, 0.000728548, 1.11168, 0.00124328, 0.100734, 0.00127349
162.907, 1.00783, -162.754, 1.00207, -162.758, 0.997273, -161.332, -8.72743e-05, -8.72747e-05, -8.71664e-05, 0.000728548, 1.11168, 0.00124356, 0.100734, 0.00127269
162.957, 1.00783, -162.848, 1.00207, -162.852, 0.997272, -161.426, -8.66372e-05, -8.66385e-05, -8.65711e-05, 0.000728548, 1.11168, 0.00124309, 0.100734, 0.00127185
163, 1.00782, -162.928, 1.00207, -162.932, 0.99727, -161.506, -8.60014e-05, -8.60113e-05, -8.61109e-05, 0.000728548, 1.11168, 0.00124295, 0.100734, 0.0012711
163, 1.00782, -162.928, 1.00207, -162.932, 0.99727, -161.506, -8.60014e-05, -8.60113e-05, -8.61109e-05, 0.000762949, 1.11168, 0.00124295, 0.100734, 0.0012711
163.051, 1.00782, -163.021, 1.00207, -163.025, 0.997268, -161.599, -8.59806e-05, -8.60098e-05, -8.59342e-05, 0.000762949, 1.11168, 0.00124302, 0.100733, 0.00127104
163.101, 1.00782, -163.113, 1.00206, -163.117, 0.997266, -161.691, -8.5354e-05, -8.53685e-05, -8.53382e-05, 0.000762949, 1.11168, 0.00124301, 0.100734, 0.00127091
163.151, 1.00782, -163.205, 1.00206, -163.209, 0.997264, -161.783, -8.46791e-05, -8.47454e-05, -8.47962e-05, 0.000762949, 1.11168, 0.00124315, 0.100733, 0.00127073
163.202, 1.00782, -163.296, 1.00206, -163.3, 0.997262, -161.875, -8.45572e-05, -8.45868e-05, -8.45399e-05, 0.000762949, 1.11168, 0.00124314, 0.100732, 0.00127048
163.252, 1.00782, -163.387, 1.00206, -163.391, 0.997261, -161.965, -8.40852e-05, -8.41075e-05, -8.41762e-05, 0.000762949, 1.11168, 0.00124315, 0.100732, 0.00127018
163.302, 1.00781, -163.478, 1.00206, -163.482, 0.997259, -162.056, -8.3585e-05, -8.34804e-05, -8.35801e-05, 0.000762949, 1.11168, 0.00124322, 0.100731, 0.00126982
163.353, 1.00781, -163.568, 1.00205, -163.572, 0.997257, -162.146, -8.33218e-05, -8.3322e-05, -8.32202e-05, 0.000762949, 1.11168, 0.00124315, 0.100731, 0.00126942
163.403, 1.00781, -163.657, 1.00205, -163.661, 0.997255, -162.235, -8.28373e-05, -8.28427e-05, -8.27895e-05, 0.000762949, 1.11168, 0.00124312, 0.100731, 0.00126896
163.454, 1.00781, -163.746, 1.00205, -163.75, 0.997254, -162.325, -8.23667e-05, -8.22157e-05, -8.2277e-05, 0.000762949, 1.11168, 0.00124321, 0.10073, 0.00126845
163.504, 1.00781, -163.835, 1.00205, -163.839, 0.997252, -162.413, -8.21895e-05, -8.22153e-05, -8.23038e-05, 0.000762949, 1.11168, 0.00124319, 0.10073, 0.0012679
163.554, 1.00781, -163.923, 1.00205, -163.927, 0.997251, -162.502, -8.15207e-05, -8.1567e-05, -8.1482e-05, 0.000762949, 1.11168, 0.00124289, 0.10073, 0.0012673
163.605, 1.0078, -164.011, 1.00205, -164.015, 0.997249, -162.589, -8.09222e-05, -8.09524e-05, -8.08495e-05, 0.000762949, 1.11168, 0.00124328, 0.10073, 0.00126665
163.655, 1.0078, -164.098, 1.00205, -164.102, 0.997248, -162.677, -8.1107e-05, -8.09504e-05, -8.1051e-05, 0.000762949, 1.11168, 0.00124321, 0.10073, 0.00126597
163.705, 1.0078, -164.185, 1.00204, -164.189, 0.997246, -162.764, -8.01272e-05, -8.01599e-05, -8.02561e-05, 0.000762949, 1.11168, 0.00124307, 0.100729, 0.00126524
163.756, 1.0078, -164.272, 1.00204, -164.276, 0.997245, -162.85, -7.97201e-05, -7.97211e-05, -7.97098e-05, 0.000762949, 1.11168, 0.00124296, 0.100729, 0.00126447
163.806, 1.0078, -164.358, 1.00204, -164.362, 0.997244, -162.936, -7.96826e-05, -7.96856e-05, -7.96724e-05, 0.000762949, 1.11168, 0.0012431, 0.100729, 0.00126367
163.856, 1.0078, -164.444, 1.00204, -164.448, 0.997241, -163.022, -7.89943e-05, -7.90533e-05, -7.89837e-05, 0.000762949, 1.11168, 0.00124298, 0.100728, 0.00126283
163.907, 1.00779, -164.529, 1.00204, -164.533, 0.99724, -163.107, -7.90371e-05, -7.90531e-05, -7.89774e-05, 0.000762949, 1.11168, 0.00124308, 0.100728, 0.00126196
163.957, 1.00779, -164.614, 1.00204, -164.618, 0.997239, -163.192, -7.84163e-05, -7.84207e-05, -7.83593e-05, 0.000762949, 1.11168, 0.00124324, 0.100727, 0.00126105
164, 1.00779, -164.686, 1.00204, -164.69, 0.997238, -163.265, -7.79173e-05, -7.79383e-05, -7.78541e-05, 0.000762949, 1.11168, 0.00124286, 0.100727, 0.00126024
164, 1.00779, -164.686, 1.00204, -164.69, 0.997238, -163.265, -7.79173e-05, -7.79383e-05, -7.78541e-05, 0.000794116, 1.11168, 0.00124286, 0.100727, 0.00126024
164.051, 1.00779, -164.77, 1.00203, -164.774, 0.997236, -163.349, -7.77531e-05, -7.77833e-05, -7.77458e-05, 0.000794116, 1.11168, 0.00124291, 0.100727, 0.00126004
164.101, 1.00779, -164.854, 1.00203, -164.858, 0.997234, -163.432, -7.71566e-05, -7.71578e-05, -7.72446e-05, 0.000794116, 1.11168, 0.00124294, 0.100727, 0.00125978
164.151, 1.00779, -164.937, 1.00203, -164.941, 0.997233, -163.516, -7.7142e-05, -7.71558e-05, -7.70433e-05, 0.000794116, 1.11168, 0.001243, 0.100726, 0.00125948
164.202, 1.00779, -165.02, 1.00203, -165.024, 0.997231, -163.599, -7.65009e-05, -7.65234e-05, -7.66182e-05, 0.000794116, 1.11168, 0.00124314, 0.100726, 0.00125912
164.252, 1.00778, -165.103, 1.00203, -165.107, 0.99723, -163.681, -7.64934e-05, -7.65234e-05, -7.64167e-05, 0.000794116, 1.11168, 0.00124313, 0.100726, 0.00125872
164.303, 1.00778, -165.185, 1.00203, -165.189, 0.997228, -163.763, -7.5787e-05, -7.5891e-05, -7.57435e-05, 0.000794116, 1.11168, 0.00124318, 0.100726, 0.00125828
164.353, 1.00778, -165.267, 1.00202, -165.271, 0.997227, -163.845, -7.52919e-05, -7.53219e-05, -7.53678e-05, 0.000794116, 1.11168, 0.00124295, 0.100726, 0.00125779
164.403, 1.00778, -165.348, 1.00202, -165.352, 0.997226, -163.926, -7.52496e-05, -7.52548e-05, -7.52067e-05, 0.000794116, 1.11168, 0.00124291, 0.100725, 0.00125725
164.454, 1.00778, -165.429, 1.00202, -165.433, 0.997225, -164.007, -7.4624e-05, -7.46288e-05, -7.45869e-05, 0.000794116, 1.11168, 0.0012431, 0.100725, 0.00125668
164.504, 1.00778, -165.51, 1.00202, -165.514, 0.997224, -164.088, -7.46221e-05, -7.46262e-05, -7.4605e-05, 0.000794116, 1.11168, 0.00124281, 0.100725, 0.00125607
164.554, 1.00778, -165.59, 1.00202, -165.594, 0.997222, -164.168, -7.39761e-05, -7.39939e-05, -7.3951e-05, 0.000794116, 1.11168, 0.00124322, 0.100723, 0.00125542
164.605, 1.00778, -165.67, 1.00202, -165.674, 0.997221, -164.248, -7.39757e-05, -7.39937e-05, -7.41082e-05, 0.000794116, 1.11168, 0.00124334, 0.100723, 0.00125473
164.655, 1.00777, -165.749, 1.00202, -165.753, 0.99722, -164.327, -7.33602e-05, -7.33613e-05, -7.32299e-05, 0.000794116, 1.11168, 0.00124309, 0.100723, 0.00125401
164.705, 1.00777, -165.828, 1.00202, -165.832, 0.997219, -164.407, -7.32927e-05, -7.33613e-05, -7.33957e-05, 0.000794116, 1.11168, 0.00124297, 0.100724, 0.00125326
164.756, 1.00777, -165.907, 1.00202, -165.911, 0.997218, -164.485, -7.27275e-05, -7.27289e-05, -7.26886e-05, 0.000794116, 1.11168, 0.00124302, 0.100723, 0.00125247
164.806, 1.00777, -165.986, 1.00201, -165.99, 0.997217, -164.564, -7.27111e-05, -7.27288e-05, -7.26798e-05, 0.000794116, 1.11168, 0.00124285, 0.100723, 0.00125165
164.856, 1.00777, -166.063, 1.00201, -166.068, 0.997216, -164.642, -7.2072e-05, -7.20965e-05, -7.20494e-05, 0.000794116, 1.11168, 0.001243, 0.100723, 0.0012508
164.907, 1.00777, -166.141, 1.00201, -166.145, 0.997214, -164.72, -7.20947e-05, -7.20965e-05, -7.21332e-05, 0.000794116, 1.11168, 0.00124305, 0.100722, 0.00124993
164.957, 1.00777, -166.219, 1.00201, -166.223, 0.997213, -164.797, -7.14288e-05, -7.1464e-05, -7.13268e-05, 0.000794116, 1.11168, 0.00124312, 0.100722, 0.00124903
165, 1.00777, -166.285, 1.00201, -166.289, 0.997212, -164.863, -7.1436e-05, -7.1464e-05, -7.13402e-05, 0.000794116, 1.11168, 0.00124301, 0.100722, 0.00124823
165, 1.00777, -166.285, 1.00201, -166.289, 0.997212, -164.863, -7.1436e-05, -7.1464e-05, -7.13402e-05, 0.00082269, 1.11168, 0.00124301, 0.100722, 0.00124823
165.051, 1.00777, -166.362, 1.00201, -166.366, 0.997211, -164.94, -7.0803e-05, -7.08316e-05, -7.07633e-05, 0.00082269, 1.11168, 0.00124297, 0.100722, 0.00124798
165.101, 1.00776, -166.438, 1.00201, -166.442, 0.99721, -165.016, -7.08222e-05, -7.08316e-05, -7.09236e-05, 0.00082269, 1.11168, 0.00124296, 0.100722, 0.00124769
165.151, 1.00776, -166.514, 1.00201, -166.518, 0.997209, -165.092, -7.01945e-05, -7.01992e-05, -7.0288e-05, 0.00082269, 1.11168, 0.00124295, 0.100721, 0.00124736
165.202, 1.00776, -166.59, 1.00201, -166.594, 0.997208, -165.168, -7.01958e-05, -7.01991e-05, -7.02524e-05, 0.00082269, 1.11168, 0.00124311, 0.100721, 0.00124698
165.252, 1.00776, -166.665, 1.002, -166.669, 0.997207, -165.243, -6.95467e-05, -6.95668e-05, -6.96579e-05, 0.00082269, 1.11168, 0.00124315, 0.100721, 0.00124656
165.303, 1.00776, -166.74, 1.002, -166.744, 0.997206, -165.319, -6.95158e-05, -6.95667e-05, -6.96618e-05, 0.00082269, 1.11168, 0.00124307, 0.10072, 0.00124611
165.353, 1.00776, -166.815, 1.002, -166.819, 0.997205, -165.393, -6.90529e-05, -6.89345e-05, -6.8963e-05, 0.00082269, 1.11168, 0.00124297, 0.10072, 0.00124562
165.403, 1.00776, -166.889, 1.002, -166.893, 0.997204, -165.468, -6.90888e-05, -6.89342e-05, -6.89982e-05, 0.00082269, 1.11168, 0.00124307, 0.100721, 0.00124509
165.454, 1.00776, -166.964, 1.002, -166.968, 0.997203, -165.542, -6.83027e-05, -6.8303e-05, -6.84163e-05, 0.00082269, 1.11168, 0.00124309, 0.10072, 0.00124453
165.504, 1.00776, -167.037, 1.002, -167.041, 0.997202, -165.616, -6.84429e-05, -6.83019e-05, -6.83367e-05, 0.00082269, 1.11168, 0.00124293, 0.10072, 0.00124394
165.554, 1.00776, -167.111, 1.002, -167.115, 0.997202, -165.689, -6.76862e-05, -6.76895e-05, -6.77674e-05, 0.00082269, 1.11168, 0.00124294, 0.10072, 0.00124331
165.605, 1.00776, -167.184, 1.002, -167.188, 0.997201, -165.762, -6.77941e-05, -6.76413e-05, -6.77092e-05, 0.00082269, 1.11168, 0.00124295, 0.10072, 0.00124266
165.655, 1.00775, -167.257, 1.002, -167.261, 0.9972, -165.835, -6.74947e-05, -6.75113e-05, -6.75492e-05, 0.00082269, 1.11168, 0.00124294, 0.10072, 0.00124197
165.705, 1.00775, -167.329, 1.002, -167.333, 0.997199, -165.908, -6.69905e-05, -6.70371e-05, -6.70614e-05, 0.00082269, 1.11168, 0.00124316, 0.100719, 0.00124126
165.756, 1.00775, -167.402, 1.002, -167.406, 0.997199, -165.98, -6.70123e-05, -6.70371e-05, -6.70893e-05, 0.00082269, 1.11168, 0.00124294, 0.100719, 0.00124053
165.806, 1.00775, -167.474, 1.002, -167.478, 0.997198, -166.052, -6.63523e-05, -6.64046e-05, -6.64538e-05, 0.00082269, 1.11168, 0.00124297, 0.100719, 0.00123976
165.856, 1.00775, -167.545, 1.002, -167.549, 0.997198, -166.124, -6.6553e-05, -6.64046e-05, -6.64999e-05, 0.00082269, 1.11168, 0.00124292, 0.100719, 0.00123898
165.907, 1.00775, -167.617, 1.00199, -167.621, 0.997197, -166.195, -6.57654e-05, -6.57749e-05, -6.58e-05, 0.00082269, 1.11168, 0.00124287, 0.100719, 0.00123817
165.957, 1.00775, -167.688, 1.00199, -167.692, 0.997196, -166.266, -6.5743e-05, -6.57722e-05, -6.56742e-05, 0.00082269, 1.11168, 0.00124302, 0.100719, 0.00123734
166, 1.00775, -167.749, 1.00199, -167.753, 0.997196, -166.327, -6.57692e-05, -6.57722e-05, -6.58582e-05, 0.00082269, 1.11168, 0.00124293, 0.100719, 0.0012366
166, 1.00775, -167.749, 1.00199, -167.753, 0.997196, -166.327, -6.57692e-05, -6.57722e-05, -6.58582e-05, 0.000848998, 1.11168, 0.00124293, 0.100719, 0.0012366
166.051, 1.00775, -167.819, 1.00199, -167.824, 0.997195, -166.398, -6.52852e-05, -6.51398e-05, -6.51949e-05, 0.000848998, 1.11168, 0.00124301, 0.100719, 0.00123638
166.101, 1.00775, -167.89, 1.00199, -167.894, 0.997194, -166.468, -6.51395e-05, -6.51397e-05, -6.52255e-05, 0.000848998, 1.11168, 0.00124308, 0.100718, 0.00123612
166.152, 1.00775, -167.96, 1.00199, -167.964, 0.997194, -166.538, -6.45113e-05, -6.45121e-05, -6.44586e-05, 0.000848998, 1.11168, 0.00124278, 0.100719, 0.00123582
166.202, 1.00775, -168.03, 1.00199, -168.034, 0.997193, -166.608, -6.46504e-05, -6.45074e-05, -6.45446e-05, 0.000848998, 1.11168, 0.00124304, 0.100718, 0.00123549
166.252, 1.00775, -168.099, 1.00199, -168.103, 0.997192, -166.678, -6.44724e-05, -6.45074e-05, -6.43635e-05, 0.000848998, 1.11168, 0.00124311, 0.100718, 0.00123512
166.303, 1.00775, -168.168, 1.00199, -168.172, 0.997191, -166.747, -6.38659e-05, -6.38749e-05, -6.39155e-05, 0.000848998, 1.11168, 0.00124288, 0.100718, 0.00123472
166.353, 1.00775, -168.237, 1.00199, -168.241, 0.997191, -166.816, -6.38744e-05, -6.38748e-05, -6.38997e-05, 0.000848998, 1.11168, 0.0012431, 0.100718, 0.00123429
166.403, 1.00774, -168.306, 1.00199, -168.31, 0.997191, -166.884, -6.32607e-05, -6.32625e-05, -6.32e-05, 0.000848998, 1.11168, 0.00124304, 0.100718, 0.00123382
166.454, 1.00774, -168.374, 1.00199, -168.378, 0.99719, -166.953, -6.32368e-05, -6.32425e-05, -6.31379e-05, 0.000848998, 1.11168, 0.00124303, 0.100718, 0.00123333
166.504, 1.00774, -168.443, 1.00199, -168.447, 0.99719, -167.021, -6.31999e-05, -6.32425e-05, -6.32963e-05, 0.000848998, 1.11168, 0.00124298, 0.100717, 0.00123281
166.554, 1.00774, -168.511, 1.00199, -168.515, 0.99719, -167.089, -6.27274e-05, -6.26102e-05, -6.26561e-05, 0.000848998, 1.11168, 0.00124294, 0.100718, 0.00123227
166.605, 1.00774, -168.578, 1.00199, -168.582, 0.997189, -167.157, -6.25997e-05, -6.26051e-05, -6.2562e-05, 0.000848998, 1.11168, 0.00124303, 0.100717, 0.0012317
166.655, 1.00774, -168.646, 1.00199, -168.65, 0.997189, -167.224, -6.26087e-05, -6.26101e-05, -6.26888e-05, 0.000848998, 1.11168, 0.00124289, 0.100718, 0.0012311
166.705, 1.00774, -168.713, 1.00199, -168.717, 0.997189, -167.291, -6.19776e-05, -6.19777e-05, -6.18911e-05, 0.000848998, 1.11168, 0.00124308, 0.100717, 0.00123048
166.756, 1.00774, -168.78, 1.00199, -168.784, 0.997188, -167.358, -6.19776e-05, -6.19777e-05, -6.20349e-05, 0.000848998, 1.11168, 0.00124288, 0.100718, 0.00122985
166.806, 1.00774, -168.847, 1.00199, -168.851, 0.997188, -167.425, -6.14859e-05, -6.14953e-05, -6.16256e-05, 0.000848998, 1.11168, 0.00124295, 0.100717, 0.00122919
166.856, 1.00774, -168.913, 1.00199, -168.917, 0.997188, -167.491, -6.13452e-05, -6.13452e-05, -6.12809e-05, 0.000848998, 1.11168, 0.00124292, 0.100718, 0.0012285
166.907, 1.00774, -168.979, 1.00199, -168.983, 0.997187, -167.557, -6.13451e-05, -6.13452e-05, -6.12528e-05, 0.000848998, 1.11168, 0.00124304, 0.100717, 0.0012278
166.957, 1.00774, -169.045, 1.00198, -169.049, 0.997187, -167.624, -6.07478e-05, -6.07484e-05, -6.07717e-05, 0.000848998, 1.11168, 0.00124316, 0.100716, 0.00122709
167, 1.00774, -169.102, 1.00198, -169.106, 0.997187, -167.68, -6.07128e-05, -6.07128e-05, -6.06404e-05, 0.000848998, 1.11168, 0.00124303, 0.100717, 0.00122645
167, 1.00774, -169.102, 1.00198, -169.106, 0.997187, -167.68, -6.07128e-05, -6.07128e-05, -6.06404e-05, 0.000873283, 1.11168, 0.00124303, 0.100717, 0.00122645
167.051, 1.00774, -169.167, 1.00198, -169.171, 0.997187, -167.746, -6.07126e-05, -6.07128e-05, -6.06468e-05, 0.000873283, 1.11168, 0.00124275, 0.100717, 0.0012263
167.101, 1.00774, -169.233, 1.00198, -169.237, 0.997186, -167.811, -6.04261e-05, -6.02805e-05, -6.03354e-05, 0.000873283, 1.11168, 0.00124306, 0.100717, 0.00122612
167.152, 1.00774, -169.298, 1.00198, -169.302, 0.997186, -167.876, -6.00803e-05, -6.00804e-05, -6.00293e-05, 0.000873283, 1.11168, 0.00124294, 0.100717, 0.0012259
167.202, 1.00774, -169.362, 1.00198, -169.366, 0.997186, -167.941, -6.00378e-05, -6.00803e-05, -5.99372e-05, 0.000873283, 1.11168, 0.00124309, 0.100717, 0.00122565
167.252, 1.00774, -169.427, 1.00198, -169.431, 0.997185, -168.006, -5.99217e-05, -5.99223e-05, -5.98572e-05, 0.000873283, 1.11168, 0.00124281, 0.100717, 0.00122537
167.303, 1.00774, -169.491, 1.00198, -169.496, 0.997185, -168.07, -5.94148e-05, -5.94479e-05, -5.93241e-05, 0.000873283, 1.11168, 0.00124285, 0.100717, 0.00122506
167.353, 1.00774, -169.556, 1.00198, -169.56, 0.997185, -168.134, -5.94479e-05, -5.94479e-05, -5.95376e-05, 0.000873283, 1.11168, 0.00124295, 0.100716, 0.00122473
167.403, 1.00774, -169.62, 1.00198, -169.624, 0.997185, -168.198, -5.94472e-05, -5.94479e-05, -5.94167e-05, 0.000873283, 1.11168, 0.00124288, 0.100717, 0.00122436
167.454, 1.00774, -169.683, 1.00198, -169.688, 0.997185, -168.262, -5.88101e-05, -5.88155e-05, -5.8739e-05, 0.000873283, 1.11168, 0.00124296, 0.100717, 0.00122398
167.504, 1.00774, -169.747, 1.00198, -169.751, 0.997185, -168.325, -5.88052e-05, -5.88118e-05, -5.87745e-05, 0.000873283, 1.11168, 0.00124302, 0.100716, 0.00122357
167.554, 1.00774, -169.81, 1.00198, -169.815, 0.997185, -168.389, -5.87593e-05, -5.88155e-05, -5.87142e-05, 0.000873283, 1.11168, 0.00124299, 0.100716, 0.00122314
167.605, 1.00774, -169.874, 1.00198, -169.878, 0.997185, -168.452, -5.81736e-05, -5.81831e-05, -5.8318e-05, 0.000873283, 1.11168, 0.00124297, 0.100717, 0.00122268
167.655, 1.00774, -169.936, 1.00198, -169.94, 0.997185, -168.515, -5.81436e-05, -5.81831e-05, -5.8247e-05, 0.000873283, 1.11168, 0.00124292, 0.100717, 0.00122221
167.705, 1.00774, -169.999, 1.00198, -170.003, 0.997185, -168.578, -5.81831e-05, -5.81831e-05, -5.83217e-05, 0.000873283, 1.11168, 0.00124293, 0.100717, 0.00122171
167.756, 1.00774, -170.062, 1.00198, -170.066, 0.997185, -168.64, -5.75445e-05, -5.7557e-05, -5.7492e-05, 0.000873283, 1.11168, 0.001243, 0.100716, 0.0012212
167.806, 1.00774, -170.124, 1.00198, -170.128, 0.997185, -168.702, -5.77084e-05, -5.75507e-05, -5.76629e-05, 0.000873283, 1.11168, 0.00124299, 0.100716, 0.00122066
167.856, 1.00774, -170.186, 1.00198, -170.19, 0.997185, -168.765, -5.7679e-05, -5.75506e-05, -5.76021e-05, 0.000873283, 1.11168, 0.00124296, 0.100717, 0.00122011
167.907, 1.00774, -170.248, 1.00198, -170.252, 0.997185, -168.827, -5.75101e-05, -5.75507e-05, -5.74289e-05, 0.000873283, 1.11168, 0.00124283, 0.100717, 0.00121955
167.957, 1.00774, -170.31, 1.00198, -170.314, 0.997185, -168.888, -5.69056e-05, -5.69182e-05, -5.69352e-05, 0.000873283, 1.11168, 0.001243, 0.100717, 0.00121896
168.001, 1.00774, -170.363, 1.00198, -170.367, 0.997185, -168.941, -5.69072e-05, -5.69182e-05, -5.70587e-05, 0.000873283, 1.11168, 0.00124305, 0.100716, 0.00121845
168.001, 1.00774, -170.363, 1.00198, -170.367, 0.997185, -168.941, -5.69072e-05, -5.69182e-05, -5.70587e-05, 0.000896046, 1.11168, 0.00124305, 0.100716, 0.00121845
168.051, 1.00774, -170.424, 1.00198, -170.428, 0.997185, -169.003, -5.69182e-05, -5.69182e-05, -5.70402e-05, 0.000896046, 1.11168, 0.00124296, 0.100716, 0.0012184
168.101, 1.00774, -170.486, 1.00198, -170.49, 0.997185, -169.064, -5.64348e-05, -5.64359e-05, -5.64e-05, 0.000896046, 1.11168, 0.00124308, 0.100716, 0.00121832
168.152, 1.00774, -170.546, 1.00198, -170.55, 0.997185, -169.125, -5.62858e-05, -5.62858e-05, -5.6176e-05, 0.000896046, 1.11168, 0.00124297, 0.100716, 0.00121821
168.202, 1.00774, -170.607, 1.00198, -170.611, 0.997185, -169.186, -5.62806e-05, -5.62808e-05, -5.62527e-05, 0.000896046, 1.11168, 0.00124312, 0.100716, 0.00121807
168.252, 1.00774, -170.668, 1.00198, -170.672, 0.997185, -169.246, -5.62858e-05, -5.62858e-05, -5.63791e-05, 0.000896046, 1.11168, 0.00124302, 0.100716, 0.00121791
168.303, 1.00774, -170.728, 1.00198, -170.732, 0.997185, -169.307, -5.56456e-05, -5.56554e-05, -5.55767e-05, 0.000896046, 1.11168, 0.00124304, 0.100716, 0.00121772
168.353, 1.00774, -170.789, 1.00198, -170.793, 0.997185, -169.367, -5.56512e-05, -5.56534e-05, -5.55723e-05, 0.000896046, 1.11168, 0.00124292, 0.100717, 0.0012175
168.403, 1.00774, -170.849, 1.00198, -170.853, 0.997185, -169.427, -5.56492e-05, -5.56534e-05, -5.55595e-05, 0.000896046, 1.11168, 0.00124299, 0.100716, 0.00121727
168.454, 1.00774, -170.909, 1.00198, -170.913, 0.997185, -169.487, -5.58112e-05, -5.56534e-05, -5.57458e-05, 0.000896046, 1.11168, 0.00124304, 0.100717, 0.00121701
168.504, 1.00774, -170.968, 1.00198, -170.972, 0.997185, -169.547, -5.50149e-05, -5.50211e-05, -5.50553e-05, 0.000896046, 1.11168, 0.00124281, 0.100717, 0.00121673
168.554, 1.00774, -171.028, 1.00198, -171.032, 0.997185, -169.606, -5.50208e-05, -5.5021e-05, -5.50768e-05, 0.000896046, 1.11168, 0.001243, 0.100717, 0.00121642
168.605, 1.00774, -171.087, 1.00198, -171.091, 0.997185, -169.666, -5.4982e-05, -5.50209e-05, -5.50389e-05, 0.000896046, 1.11168, 0.00124304, 0.100716, 0.0012161
168.655, 1.00774, -171.147, 1.00198, -171.151, 0.997185, -169.725, -5.50209e-05, -5.5021e-05, -5.48968e-05, 0.000896046, 1.11168, 0.00124298, 0.100716, 0.00121576
168.705, 1.00774, -171.206, 1.00198, -171.21, 0.997185, -169.784, -5.45467e-05, -5.43886e-05, -5.44758e-05, 0.000896046, 1.11168, 0.00124295, 0.100716, 0.0012154
168.756, 1.00774, -171.264, 1.00198, -171.268, 0.997185, -169.843, -5.43622e-05, -5.43885e-05, -5.43242e-05, 0.000896046, 1.11168, 0.00124288, 0.100717, 0.00121502
168.806, 1.00774, -171.323, 1.00198, -171.327, 0.997185, -169.901, -5.43593e-05, -5.43885e-05, -5.44202e-05, 0.000896046, 1.11168, 0.00124309, 0.100716, 0.00121463
168.857, 1.00774, -171.382, 1.00198, -171.386, 0.997185, -169.96, -5.43875e-05, -5.43885e-05, -5.42901e-05, 0.000896046, 1.11168, 0.00124302, 0.100717, 0.00121422
168.907, 1.00774, -171.44, 1.00198, -171.444, 0.997185, -170.019, -5.37522e-05, -5.37563e-05, -5.38537e-05, 0.000896046, 1.11168, 0.00124298, 0.100717, 0.0012138
168.957, 1.00774, -171.498, 1.00198, -171.502, 0.997185, -170.077, -5.37531e-05, -5.37561e-05, -5.37807e-05, 0.000896046, 1.11168, 0.00124294, 0.100716, 0.00121336
169.001, 1.00774, -171.548, 1.00198, -171.552, 0.997185, -170.127, -5.37487e-05, -5.3754e-05, -5.36766e-05, 0.000896046, 1.11168, 0.00124288, 0.100717, 0.00121297
169.001, 1.00774, -171.548, 1.00198, -171.552, 0.997185, -170.127, -5.37487e-05, -5.3754e-05, -5.36766e-05, 0.000917545, 1.11168, 0.00124288, 0.100717, 0.00121297
169.051, 1.00774, -171.606, 1.00198, -171.61, 0.997185, -170.185, -5.37466e-05, -5.37561e-05, -5.36712e-05, 0.000917545, 1.11168, 0.00124298, 0.100716, 0.00121304
169.101, 1.00774, -171.664, 1.00198, -171.668, 0.997185, -170.243, -5.31776e-05, -5.3187e-05, -5.32241e-05, 0.000917545, 1.11168, 0.00124309, 0.100716, 0.00121307
169.152, 1.00774, -171.722, 1.00198, -171.726, 0.997185, -170.3, -5.3123e-05, -5.31237e-05, -5.30614e-05, 0.000917545, 1.11168, 0.00124291, 0.100717, 0.00121308
169.202, 1.00774, -171.779, 1.00198, -171.783, 0.997185, -170.357, -5.31185e-05, -5.31237e-05, -5.3149e-05, 0.000917545, 1.11168, 0.001243, 0.100717, 0.00121307
169.252, 1.00774, -171.836, 1.00198, -171.84, 0.997185, -170.415, -5.31228e-05, -5.31237e-05, -5.32203e-05, 0.000917545, 1.11168, 0.00124297, 0.100716, 0.00121303
169.303, 1.00774, -171.894, 1.00198, -171.898, 0.997185, -170.472, -5.32815e-05, -5.31237e-05, -5.32323e-05, 0.000917545, 1.11168, 0.00124281, 0.100717, 0.00121296
169.353, 1.00774, -171.95, 1.00198, -171.955, 0.997185, -170.529, -5.23865e-05, -5.24913e-05, -5.23381e-05, 0.000917545, 1.11168, 0.00124303, 0.100716, 0.00121288
169.403, 1.00774, -172.007, 1.00198, -172.011, 0.997185, -170.586, -5.24902e-05, -5.24913e-05, -5.24502e-05, 0.000917545, 1.11168, 0.00124299, 0.100717, 0.00121277
169.454, 1.00774, -172.064, 1.00198, -172.068, 0.997185, -170.642, -5.24705e-05, -5.24912e-05, -5.23458e-05, 0.000917545, 1.11168, 0.00124293, 0.100717, 0.00121264
169.504, 1.00774, -172.121, 1.00198, -172.125, 0.997185, -170.699, -5.24911e-05, -5.24913e-05, -5.24275e-05, 0.000917545, 1.11168, 0.00124303, 0.100716, 0.00121249
169.554, 1.00774, -172.177, 1.00198, -172.181, 0.997185, -170.755, -5.18607e-05, -5.18701e-05, -5.17375e-05, 0.000917545, 1.11168, 0.00124287, 0.100717, 0.00121232
169.605, 1.00774, -172.233, 1.00198, -172.237, 0.997185, -170.811, -5.18588e-05, -5.18588e-05, -5.18963e-05, 0.000917545, 1.11168, 0.00124284, 0.100717, 0.00121213
169.655, 1.00774, -172.289, 1.00198, -172.293, 0.997185, -170.867, -5.18497e-05, -5.18588e-05, -5.17721e-05, 0.000917545, 1.11168, 0.00124306, 0.100716, 0.00121192
169.705, 1.00774, -172.345, 1.00198, -172.349, 0.997185, -170.923, -5.20169e-05, -5.18588e-05, -5.19728e-05, 0.000917545, 1.11168, 0.0012429, 0.100717, 0.0012117
169.756, 1.00774, -172.401, 1.00198, -172.405, 0.997185, -170.979, -5.18125e-05, -5.18588e-05, -5.18649e-05, 0.000917545, 1.11168, 0.00124288, 0.100717, 0.00121146
169.806, 1.00774, -172.457, 1.00198, -172.461, 0.997185, -171.035, -5.12264e-05, -5.12265e-05, -5.11464e-05, 0.000917545, 1.11168, 0.00124302, 0.100716, 0.0012112
169.857, 1.00774, -172.512, 1.00198, -172.516, 0.997185, -171.09, -5.11861e-05, -5.12264e-05, -5.12781e-05, 0.000917545, 1.11168, 0.00124299, 0.100717, 0.00121093
169.907, 1.00774, -172.567, 1.00198, -172.571, 0.997185, -171.146, -5.11885e-05, -5.12197e-05, -5.10925e-05, 0.000917545, 1.11168, 0.00124294, 0.100717, 0.00121065
169.957, 1.00774, -172.623, 1.00198, -172.627, 0.997185, -171.201, -5.12264e-05, -5.12264e-05, -5.13014e-05, 0.000917545, 1.11168, 0.00124291, 0.100716, 0.00121035
170.001, 1.00774, -172.67, 1.00198, -172.674, 0.997185, -171.249, -5.12042e-05, -5.12264e-05, -5.13093e-05, 0.000917545, 1.11168, 0.00124298, 0.100717, 0.00121008
170.001, 1.00774, -172.67, 1.00198, -172.674, 0.997185, -171.249, -5.12042e-05, -5.12264e-05, -5.13093e-05, 0.000938027, 1.11168, 0.00124298, 0.100717, 0.00121008
170.051, 1.00774, -172.725, 1.00198, -172.729, 0.997185, -171.303, -5.05941e-05, -5.05941e-05, -5.07271e-05, 0.000938027, 1.11168, 0.001243, 0.100716, 0.00121026
170.101, 1.00774, -172.78, 1.00198, -172.784, 0.997185, -171.358, -5.05936e-05, -5.0594e-05, -5.06866e-05, 0.000938027, 1.11168, 0.00124297, 0.100716, 0.00121041
170.152, 1.00774, -172.834, 1.00198, -172.838, 0.997185, -171.413, -5.0555e-05, -5.0594e-05, -5.06157e-05, 0.000938027, 1.11168, 0.00124306, 0.100717, 0.00121054
170.202, 1.00774, -172.889, 1.00198, -172.893, 0.997185, -171.467, -5.0594e-05, -5.0594e-05, -5.0483e-05, 0.000938027, 1.11168, 0.00124291, 0.100717, 0.00121064
170.252, 1.00774, -172.944, 1.00198, -172.948, 0.997185, -171.522, -5.0594e-05, -5.0594e-05, -5.07062e-05, 0.000938027, 1.11168, 0.001243, 0.100716, 0.00121072
170.303, 1.00774, -172.998, 1.00198, -173.002, 0.997185, -171.576, -4.99616e-05, -4.99616e-05, -4.98369e-05, 0.000938027, 1.11168, 0.001243, 0.100716, 0.00121078
170.353, 1.00774, -173.052, 1.00198, -173.056, 0.997185, -171.63, -4.99204e-05, -4.99616e-05, -5.00002e-05, 0.000938027, 1.11168, 0.00124308, 0.100716, 0.00121081
170.403, 1.00774, -173.106, 1.00198, -173.11, 0.997185, -171.684, -4.99334e-05, -4.99334e-05, -4.98103e-05, 0.000938027, 1.11168, 0.00124291, 0.100717, 0.00121082
170.454, 1.00774, -173.16, 1.00198, -173.164, 0.997185, -171.738, -4.99615e-05, -4.99616e-05, -4.99164e-05, 0.000938027, 1.11168, 0.00124288, 0.100717, 0.00121082
170.504, 1.00774, -173.214, 1.00198, -173.218, 0.997185, -171.792, -4.99616e-05, -4.99616e-05, -4.98218e-05, 0.000938027, 1.11168, 0.00124308, 0.100716, 0.00121079
170.554, 1.00774, -173.267, 1.00198, -173.271, 0.997185, -171.845, -4.93291e-05, -4.93292e-05, -4.93473e-05, 0.000938027, 1.11168, 0.00124299, 0.100716, 0.00121074
170.605, 1.00774, -173.32, 1.00198, -173.324, 0.997185, -171.899, -4.9329e-05, -4.93291e-05, -4.92257e-05, 0.000938027, 1.11168, 0.00124285, 0.100717, 0.00121068
170.655, 1.00774, -173.374, 1.00198, -173.378, 0.997185, -171.952, -4.93291e-05, -4.93291e-05, -4.91725e-05, 0.000938027, 1.11168, 0.00124304, 0.100716, 0.00121059
170.706, 1.00774, -173.427, 1.00198, -173.431, 0.997185, -172.005, -4.93251e-05, -4.93291e-05, -4.93983e-05, 0.000938027, 1.11168, 0.00124288, 0.100717, 0.00121049
170.756, 1.00774, -173.48, 1.00198, -173.484, 0.997185, -172.059, -4.93291e-05, -4.93291e-05, -4.93429e-05, 0.000938027, 1.11168, 0.00124296, 0.100716, 0.00121038
170.806, 1.00774, -173.533, 1.00198, -173.537, 0.997185, -172.112, -4.86982e-05, -4.86982e-05, -4.87272e-05, 0.000938027, 1.11168, 0.00124299, 0.100716, 0.00121025
170.857, 1.00774, -173.586, 1.00198, -173.59, 0.997185, -172.164, -4.86964e-05, -4.86967e-05, -4.86004e-05, 0.000938027, 1.11168, 0.00124283, 0.100717, 0.0012101
170.907, 1.00774, -173.638, 1.00198, -173.642, 0.997185, -172.217, -4.86962e-05, -4.86967e-05, -4.87994e-05, 0.000938027, 1.11168, 0.00124302, 0.100716, 0.00120994
170.957, 1.00774, -173.691, 1.00198, -173.695, 0.997185, -172.269, -4.86967e-05, -4.86967e-05, -4.87159e-05, 0.000938027, 1.11168, 0.00124307, 0.100716, 0.00120976
171.001, 1.00774, -173.736, 1.00198, -173.74, 0.997185, -172.315, -4.86967e-05, -4.86967e-05, -4.87196e-05, 0.000938027, 1.11168, 0.00124295, 0.100716, 0.0012096
171.001, 1.00774, -173.736, 1.00198, -173.74, 0.997185, -172.315, -4.86967e-05, -4.86967e-05, -4.87196e-05, 0.000957506, 1.11168, 0.00124295, 0.100716, 0.0012096
171.051, 1.00774, -173.789, 1.00198, -173.793, 0.997185, -172.367, -4.86958e-05, -4.86967e-05, -4.86969e-05, 0.000957506, 1.11168, 0.00124301, 0.100716, 0.00120988
171.101, 1.00774, -173.841, 1.00198, -173.845, 0.997185, -172.419, -4.80336e-05, -4.80643e-05, -4.81355e-05, 0.000957506, 1.11168, 0.00124306, 0.100716, 0.00121014
171.152, 1.00774, -173.893, 1.00198, -173.897, 0.997185, -172.471, -4.80643e-05, -4.80643e-05, -4.80881e-05, 0.000957506, 1.11168, 0.001243, 0.100716, 0.00121036
171.202, 1.00774, -173.945, 1.00198, -173.949, 0.997185, -172.523, -4.80518e-05, -4.80643e-05, -4.80737e-05, 0.000957506, 1.11168, 0.00124306, 0.100716, 0.00121057
171.252, 1.00774, -173.996, 1.00198, -174.001, 0.997185, -172.575, -4.80521e-05, -4.80643e-05, -4.81261e-05, 0.000957506, 1.11168, 0.0012429, 0.100717, 0.00121075
171.303, 1.00774, -174.048, 1.00198, -174.052, 0.997185, -172.627, -4.80628e-05, -4.80643e-05, -4.81158e-05, 0.000957506, 1.11168, 0.00124296, 0.100717, 0.0012109
171.353, 1.00774, -174.1, 1.00198, -174.104, 0.997185, -172.678, -4.74325e-05, -4.74325e-05, -4.74405e-05, 0.000957506, 1.11168, 0.001243, 0.100716, 0.00121104
171.403, 1.00774, -174.151, 1.00198, -174.155, 0.997185, -172.73, -4.74184e-05, -4.74319e-05, -4.74744e-05, 0.000957506, 1.11168, 0.00124305, 0.100716, 0.00121115
171.454, 1.00774, -174.202, 1.00198, -174.206, 0.997185, -172.781, -4.74292e-05, -4.74319e-05, -4.73326e-05, 0.000957506, 1.11168, 0.00124299, 0.100716, 0.00121125
171.504, 1.00774, -174.254, 1.00198, -174.258, 0.997185, -172.832, -4.74151e-05, -4.74319e-05, -4.74418e-05, 0.000957506, 1.11168, 0.001243, 0.100716, 0.00121132
171.554, 1.00774, -174.305, 1.00198, -174.309, 0.997185, -172.883, -4.74152e-05, -4.74319e-05, -4.72864e-05, 0.000957506, 1.11168, 0.00124294, 0.100716, 0.00121137
171.605, 1.00774, -174.356, 1.00198, -174.36, 0.997185, -172.934, -4.75883e-05, -4.74319e-05, -4.748e-05, 0.000957506, 1.11168, 0.00124302, 0.100716, 0.00121141
171.655, 1.00774, -174.407, 1.00198, -174.411, 0.997185, -172.985, -4.67994e-05, -4.67994e-05, -4.67323e-05, 0.000957506, 1.11168, 0.00124295, 0.100717, 0.00121143
171.706, 1.00774, -174.457, 1.00198, -174.461, 0.997185, -173.035, -4.67992e-05, -4.67994e-05, -4.69091e-05, 0.000957506, 1.11168, 0.00124293, 0.100717, 0.00121143
171.756, 1.00774, -174.508, 1.00198, -174.512, 0.997185, -173.086, -4.67994e-05, -4.67994e-05, -4.687e-05, 0.000957506, 1.11168, 0.00124296, 0.100717, 0.00121142
171.806, 1.00774, -174.558, 1.00198, -174.562, 0.997185, -173.137, -4.67994e-05, -4.67994e-05, -4.68317e-05, 0.000957506, 1.11168, 0.001243, 0.100717, 0.00121138
171.857, 1.00774, -174.609, 1.00198, -174.613, 0.997185, -173.187, -4.67965e-05, -4.67994e-05, -4.67274e-05, 0.000957506, 1.11168, 0.00124301, 0.100716, 0.00121134
171.907, 1.00774, -174.659, 1.00198, -174.663, 0.997185, -173.237, -4.61681e-05, -4.61681e-05, -4.62035e-05, 0.000957506, 1.11168, 0.00124288, 0.100717, 0.00121128
171.957, 1.00774, -174.709, 1.00198, -174.713, 0.997185, -173.287, -4.6167e-05, -4.6167e-05, -4.62521e-05, 0.000957506, 1.11168, 0.00124301, 0.100716, 0.0012112
172.001, 1.00774, -174.752, 1.00198, -174.756, 0.997185, -173.33, -4.6167e-05, -4.6167e-05, -4.6244e-05, 0.000957506, 1.11168, 0.00124297, 0.100716, 0.00121113
172.001, 1.00774, -174.752, 1.00198, -174.756, 0.997185, -173.33, -4.6167e-05, -4.6167e-05, -4.6244e-05, 0.000975972, 1.11168, 0.00124297, 0.100716, 0.00121113
172.051, 1.00774, -174.802, 1.00198, -174.806, 0.997185, -173.38, -4.61574e-05, -4.61667e-05, -4.62154e-05, 0.000975972, 1.11168, 0.00124292, 0.100717, 0.00121148
172.101, 1.00774, -174.851, 1.00198, -174.855, 0.997185, -173.43, -4.61631e-05, -4.6167e-05, -4.60633e-05, 0.000975972, 1.11168, 0.00124299, 0.100717, 0.00121181
172.152, 1.00774, -174.901, 1.00198, -174.905, 0.997185, -173.48, -4.6167e-05, -4.6167e-05, -4.63198e-05, 0.000975972, 1.11168, 0.001243, 0.100716, 0.00121211
172.202, 1.00774, -174.951, 1.00198, -174.955, 0.997185, -173.529, -4.55347e-05, -4.55347e-05, -4.56074e-05, 0.000975972, 1.11168, 0.00124298, 0.100716, 0.00121239
172.252, 1.00774, -175, 1.00198, -175.004, 0.997185, -173.578, -4.55346e-05, -4.55346e-05, -4.55765e-05, 0.000975972, 1.11168, 0.00124304, 0.100716, 0.00121264
172.303, 1.00774, -175.049, 1.00198, -175.053, 0.997185, -173.627, -4.55346e-05, -4.55346e-05, -4.55625e-05, 0.000975972, 1.11168, 0.00124299, 0.100716, 0.00121288
172.353, 1.00774, -175.098, 1.00198, -175.102, 0.997185, -173.677, -4.55346e-05, -4.55346e-05, -4.5497e-05, 0.000975972, 1.11168, 0.00124285, 0.100717, 0.00121309
172.403, 1.00774, -175.147, 1.00198, -175.151, 0.997185, -173.726, -4.55346e-05, -4.55346e-05, -4.56178e-05, 0.000975972, 1.11168, 0.00124294, 0.100717, 0.00121327
172.454, 1.00774, -175.197, 1.00198, -175.201, 0.997185, -173.775, -4.55346e-05, -4.55346e-05, -4.5559e-05, 0.000975972, 1.11168, 0.00124289, 0.100717, 0.00121344
172.504, 1.00774, -175.245, 1.00198, -175.249, 0.997185, -173.823, -4.49022e-05, -4.49022e-05, -4.49227e-05, 0.000975972, 1.11168, 0.00124291, 0.100717, 0.00121359
172.555, 1.00774, -175.294, 1.00198, -175.298, 0.997185, -173.872, -4.48992e-05, -4.49022e-05, -4.49047e-05, 0.000975972, 1.11168, 0.001243, 0.100716, 0.00121372
172.605, 1.00774, -175.342, 1.00198, -175.346, 0.997185, -173.92, -4.48738e-05, -4.4874e-05, -4.49916e-05, 0.000975972, 1.11168, 0.00124293, 0.100717, 0.00121383
172.655, 1.00774, -175.391, 1.00198, -175.395, 0.997185, -173.969, -4.49022e-05, -4.49022e-05, -4.49501e-05, 0.000975972, 1.11168, 0.00124295, 0.100717, 0.00121392
172.706, 1.00774, -175.439, 1.00198, -175.443, 0.997185, -174.017, -4.49021e-05, -4.49022e-05, -4.49359e-05, 0.000975972, 1.11168, 0.00124291, 0.100717, 0.001214
172.756, 1.00774, -175.487, 1.00198, -175.491, 0.997185, -174.066, -4.42721e-05, -4.42761e-05, -4.43323e-05, 0.000975972, 1.11168, 0.00124289, 0.100717, 0.00121405
172.806, 1.00774, -175.535, 1.00198, -175.539, 0.997185, -174.114, -4.42697e-05, -4.42697e-05, -4.43301e-05, 0.000975972, 1.11168, 0.00124292, 0.100717, 0.0012141
172.857, 1.00774, -175.583, 1.00198, -175.587, 0.997185, -174.161, -4.42694e-05, -4.42697e-05, -4.42104e-05, 0.000975972, 1.11168, 0.00124296, 0.100717, 0.00121412
172.907, 1.00774, -175.631, 1.00198, -175.635, 0.997185, -174.209, -4.42697e-05, -4.42697e-05, -4.42131e-05, 0.000975972, 1.11168, 0.00124299, 0.100717, 0.00121413
172.957, 1.00774, -175.679, 1.00198, -175.683, 0.997185, -174.257, -4.42697e-05, -4.42697e-05, -4.43036e-05, 0.000975972, 1.11168, 0.00124303, 0.100716, 0.00121413
173.001, 1.00774, -175.72, 1.00198, -175.724, 0.997185, -174.298, -4.42697e-05, -4.42697e-05, -4.41628e-05, 0.000975972, 1.11168, 0.00124299, 0.100716, 0.00121412
173.001, 1.00774, -175.72, 1.00198, -175.724, 0.997185, -174.298, -4.42697e-05, -4.42697e-05, -4.41628e-05, 0.00099368, 1.11168, 0.00124299, 0.100716, 0.00121412
173.051, 1.00774, -175.767, 1.00198, -175.771, 0.997185, -174.346, -4.36388e-05, -4.36388e-05, -4.36546e-05, 0.00099368, 1.11168, 0.00124305, 0.100716, 0.00121452
173.101, 1.00774, -175.814, 1.00198, -175.818, 0.997185, -174.393, -4.36373e-05, -4.36373e-05, -4.37193e-05, 0.00099368, 1.11168, 0.00124296, 0.100717, 0.0012149
173.152, 1.00774, -175.861, 1.00198, -175.866, 0.997185, -174.44, -4.36344e-05, -4.36373e-05, -4.37016e-05, 0.00099368, 1.11168, 0.00124293, 0.100717, 0.00121526
173.202, 1.00774, -175.909, 1.00198, -175.913, 0.997185, -174.487, -4.36373e-05, -4.36373e-05, -4.36798e-05, 0.00099368, 1.11168, 0.00124296, 0.100716, 0.00121559
173.252, 1.00774, -175.956, 1.00198, -175.96, 0.997185, -174.534, -4.36373e-05, -4.36373e-05, -4.36523e-05, 0.00099368, 1.11168, 0.00124293, 0.100717, 0.00121589
173.303, 1.00774, -176.003, 1.00198, -176.007, 0.997185, -174.581, -4.36373e-05, -4.36373e-05, -4.36696e-05, 0.00099368, 1.11168, 0.00124298, 0.100717, 0.00121618
173.353, 1.00774, -176.049, 1.00198, -176.054, 0.997185, -174.628, -4.30049e-05, -4.30049e-05, -4.30513e-05, 0.00099368, 1.11168, 0.00124291, 0.100717, 0.00121644
173.403, 1.00774, -176.096, 1.00198, -176.1, 0.997185, -174.674, -4.29924e-05, -4.30049e-05, -4.30185e-05, 0.00099368, 1.11168, 0.00124296, 0.100716, 0.00121668
173.454, 1.00774, -176.142, 1.00198, -176.146, 0.997185, -174.721, -4.30049e-05, -4.30049e-05, -4.30115e-05, 0.00099368, 1.11168, 0.00124301, 0.100716, 0.0012169
173.504, 1.00774, -176.189, 1.00198, -176.193, 0.997185, -174.767, -4.30049e-05, -4.30049e-05, -4.3054e-05, 0.00099368, 1.11168, 0.00124299, 0.100716, 0.0012171
173.555, 1.00774, -176.235, 1.00198, -176.239, 0.997185, -174.814, -4.30049e-05, -4.30049e-05, -4.29655e-05, 0.00099368, 1.11168, 0.00124292, 0.100717, 0.00121728
173.605, 1.00774, -176.282, 1.00198, -176.286, 0.997185, -174.86, -4.26393e-05, -4.26393e-05, -4.25145e-05, 0.00099368, 1.11168, 0.001243, 0.100716, 0.00121744
173.655, 1.00774, -176.327, 1.00198, -176.331, 0.997185, -174.906, -4.23725e-05, -4.23725e-05, -4.24288e-05, 0.00099368, 1.11168, 0.00124298, 0.100717, 0.00121758
173.706, 1.00774, -176.373, 1.00198, -176.377, 0.997185, -174.952, -4.23725e-05, -4.23725e-05, -4.24184e-05, 0.00099368, 1.11168, 0.00124297, 0.100716, 0.00121771
173.756, 1.00774, -176.419, 1.00198, -176.423, 0.997185, -174.997, -4.23658e-05, -4.23658e-05, -4.24237e-05, 0.00099368, 1.11168, 0.00124294, 0.100717, 0.00121782
173.806, 1.00774, -176.465, 1.00198, -176.469, 0.997185, -175.043, -4.23725e-05, -4.23725e-05, -4.23873e-05, 0.00099368, 1.11168, 0.00124299, 0.100717, 0.00121791
173.857, 1.00774, -176.51, 1.00198, -176.514, 0.997185, -175.089, -4.23725e-05, -4.23725e-05, -4.23727e-05, 0.00099368, 1.11168, 0.00124292, 0.100717, 0.00121798
173.907, 1.00774, -176.556, 1.00198, -176.56, 0.997185, -175.134, -4.1742e-05, -4.1742e-05, -4.16137e-05, 0.00099368, 1.11168, 0.00124295, 0.100717, 0.00121804
173.957, 1.00774, -176.601, 1.00198, -176.605, 0.997185, -175.179, -4.174e-05, -4.174e-05, -4.17993e-05, 0.00099368, 1.11168, 0.00124294, 0.100717, 0.00121808
174.001, 1.00774, -176.64, 1.00198, -176.644, 0.997185, -175.218, -4.174e-05, -4.174e-05, -4.17401e-05, 0.00099368, 1.11168, 0.00124299, 0.100717, 0.00121811
174.001, 1.00774, -176.64, 1.00198, -176.644, 0.997185, -175.218, -4.174e-05, -4.174e-05, -4.17401e-05, 0.00101038, 1.11168, 0.00124299, 0.100717, 0.00121811
174.051, 1.00774, -176.685, 1.00198, -176.689, 0.997185, -175.263, -4.174e-05, -4.174e-05, -4.16313e-05, 0.00101038, 1.11168, 0.00124299, 0.100717, 0.00121854
174.101, 1.00774, -176.73, 1.00198, -176.734, 0.997185, -175.308, -4.174e-05, -4.174e-05, -4.17772e-05, 0.00101038, 1.11168, 0.00124303, 0.100716, 0.00121894
174.152, 1.00774, -176.775, 1.00198, -176.779, 0.997185, -175.353, -4.174e-05, -4.174e-05, -4.18018e-05, 0.00101038, 1.11168, 0.00124297, 0.100716, 0.00121932
174.202, 1.00774, -176.82, 1.00198, -176.824, 0.997185, -175.398, -4.11078e-05, -4.11078e-05, -4.09773e-05, 0.00101038, 1.11168, 0.00124299, 0.100717, 0.00121967
174.252, 1.00774, -176.864, 1.00198, -176.868, 0.997185, -175.442, -4.11076e-05, -4.11076e-05, -4.11108e-05, 0.00101038, 1.11168, 0.00124298, 0.100716, 0.00122
174.303, 1.00774, -176.908, 1.00198, -176.913, 0.997185, -175.487, -4.11076e-05, -4.11076e-05, -4.11089e-05, 0.00101038, 1.11168, 0.00124298, 0.100717, 0.0012203
174.353, 1.00774, -176.953, 1.00198, -176.957, 0.997185, -175.531, -4.11076e-05, -4.11076e-05, -4.09497e-05, 0.00101038, 1.11168, 0.00124294, 0.100717, 0.00122059
174.404, 1.00774, -176.997, 1.00198, -177.001, 0.997185, -175.576, -4.11076e-05, -4.11076e-05, -4.11117e-05, 0.00101038, 1.11168, 0.00124294, 0.100717, 0.00122085
174.454, 1.00774, -177.042, 1.00198, -177.046, 0.997185, -175.62, -4.11076e-05, -4.11076e-05, -4.11475e-05, 0.00101038, 1.11168, 0.00124294, 0.100717, 0.00122109
174.504, 1.00774, -177.085, 1.00198, -177.089, 0.997185, -175.664, -4.04752e-05, -4.04752e-05, -4.05537e-05, 0.00101038, 1.11168, 0.001243, 0.100716, 0.00122131
174.555, 1.00774, -177.129, 1.00198, -177.133, 0.997185, -175.707, -4.04752e-05, -4.04752e-05, -4.05152e-05, 0.00101038, 1.11168, 0.00124294, 0.100717, 0.00122152
174.605, 1.00774, -177.173, 1.00198, -177.177, 0.997185, -175.751, -4.04752e-05, -4.04752e-05, -4.04879e-05, 0.00101038, 1.11168, 0.00124301, 0.100716, 0.0012217
174.655, 1.00774, -177.216, 1.00198, -177.221, 0.997185, -175.795, -4.04752e-05, -4.04752e-05, -4.05211e-05, 0.00101038, 1.11168, 0.00124293, 0.100717, 0.00122186
174.706, 1.00774, -177.26, 1.00198, -177.264, 0.997185, -175.839, -4.04752e-05, -4.04752e-05, -4.05508e-05, 0.00101038, 1.11168, 0.00124297, 0.100716, 0.00122201
174.756, 1.00774, -177.304, 1.00198, -177.308, 0.997185, -175.882, -3.98448e-05, -3.98448e-05, -3.98749e-05, 0.00101038, 1.11168, 0.00124297, 0.100717, 0.00122214
174.806, 1.00774, -177.347, 1.00198, -177.351, 0.997186, -175.925, -3.98428e-05, -3.98428e-05, -3.97632e-05, 0.00101038, 1.11168, 0.00124298, 0.100716, 0.00122225
174.857, 1.00774, -177.39, 1.00198, -177.394, 0.997187, -175.968, -3.98428e-05, -3.98428e-05, -3.98678e-05, 0.00101038, 1.11168, 0.00124293, 0.100717, 0.00122235
174.907, 1.00775, -177.433, 1.00199, -177.437, 0.997191, -176.011, -3.98427e-05, -3.98427e-05, -3.98905e-05, 0.00101038, 1.11168, 0.00124302, 0.100717, 0.00122243
174.957, 1.00775, -177.476, 1.00199, -177.48, 0.997197, -176.054, -3.98428e-05, -3.98428e-05, -3.98958e-05, 0.00101038, 1.11168, 0.00124298, 0.100719, 0.00122249
175.001, 1.00775, -177.513, 1.002, -177.517, 0.997201, -176.091, -3.98428e-05, -3.98428e-05, -3.98741e-05, 0.00101038, 1.11168, 0.00124297, 0.10072, 0.00122254
175.001, 1.00775, -177.513, 1.002, -177.517, 0.997201, -176.091, -3.98428e-05, -3.98428e-05, -3.98741e-05, 0.00102631, 1.11168, 0.00124297, 0.10072, 0.00122254
175.051, 1.00775, -177.555, 1.002, -177.559, 0.997201, -176.134, -3.92104e-05, -3.92104e-05, -3.92774e-05, 0.00102631, 1.11168, 0.00124305, 0.100719, 0.00122296
175.101, 1.00775, -177.598, 1.002, -177.602, 0.9972, -176.176, -3.92104e-05, -3.92104e-05, -3.92191e-05, 0.00102631, 1.11168, 0.00124295, 0.10072, 0.00122337
175.152, 1.00775, -177.64, 1.002, -177.644, 0.9972, -176.218, -3.92104e-05, -3.92104e-05, -3.92229e-05, 0.00102631, 1.11168, 0.00124297, 0.10072, 0.00122375
175.202, 1.00775, -177.682, 1.002, -177.686, 0.9972, -176.261, -3.92104e-05, -3.92104e-05, -3.92265e-05, 0.00102631, 1.11168, 0.00124302, 0.100719, 0.0012241
175.252, 1.00775, -177.725, 1.002, -177.729, 0.997201, -176.303, -3.92104e-05, -3.92104e-05, -3.92121e-05, 0.00102631, 1.11168, 0.00124304, 0.100719, 0.00122443
175.303, 1.00775, -177.767, 1.002, -177.771, 0.9972, -176.345, -3.86905e-05, -3.86905e-05, -3.86988e-05, 0.00102631, 1.11168, 0.00124303, 0.100719, 0.00122474
175.353, 1.00775, -177.809, 1.002, -177.813, 0.9972, -176.387, -3.85779e-05, -3.85779e-05, -3.85862e-05, 0.00102631, 1.11168, 0.00124301, 0.10072, 0.00122503
175.404, 1.00775, -177.85, 1.002, -177.854, 0.9972, -176.429, -3.85779e-05, -3.85779e-05, -3.85783e-05, 0.00102631, 1.11168, 0.001243, 0.10072, 0.00122529
175.454, 1.00775, -177.892, 1.002, -177.896, 0.9972, -176.47, -3.8577e-05, -3.8577e-05, -3.86462e-05, 0.00102631, 1.11168, 0.00124306, 0.100719, 0.00122554
175.504, 1.00775, -177.934, 1.002, -177.938, 0.9972, -176.512, -3.85779e-05, -3.85779e-05, -3.86472e-05, 0.00102631, 1.11168, 0.00124301, 0.10072, 0.00122576
175.555, 1.00775, -177.975, 1.002, -177.979, 0.9972, -176.554, -3.85779e-05, -3.85779e-05, -3.8584e-05, 0.00102631, 1.11168, 0.00124297, 0.10072, 0.00122597
175.605, 1.00775, -178.016, 1.002, -178.021, 0.9972, -176.595, -3.79455e-05, -3.79455e-05, -3.79664e-05, 0.00102631, 1.11168, 0.00124302, 0.100719, 0.00122615
175.655, 1.00775, -178.057, 1.002, -178.061, 0.9972, -176.636, -3.79455e-05, -3.79455e-05, -3.78311e-05, 0.00102631, 1.11168, 0.00124298, 0.10072, 0.00122632
175.706, 1.00776, -178.098, 1.002, -178.102, 0.997201, -176.677, -3.79455e-05, -3.79455e-05, -3.79844e-05, 0.00102631, 1.11168, 0.00124301, 0.10072, 0.00122647
175.756, 1.00776, -178.139, 1.002, -178.143, 0.997201, -176.718, -3.79455e-05, -3.79455e-05, -3.80494e-05, 0.00102631, 1.11168, 0.001243, 0.10072, 0.0012266
175.806, 1.00776, -178.18, 1.002, -178.184, 0.997202, -176.759, -3.79455e-05, -3.79455e-05, -3.79817e-05, 0.00102631, 1.11168, 0.00124303, 0.10072, 0.00122672
175.857, 1.00776, -178.221, 1.002, -178.225, 0.997202, -176.8, -3.73606e-05, -3.73606e-05, -3.74302e-05, 0.00102631, 1.11168, 0.00124299, 0.10072, 0.00122682
175.907, 1.00776, -178.262, 1.002, -178.266, 0.997202, -176.84, -3.73131e-05, -3.73131e-05, -3.73658e-05, 0.00102631, 1.11168, 0.00124302, 0.10072, 0.0012269
175.957, 1.00776, -178.302, 1.002, -178.306, 0.997203, -176.88, -3.73131e-05, -3.73131e-05, -3.73201e-05, 0.00102631, 1.11168, 0.00124302, 0.100721, 0.00122697
176.001, 1.00776, -178.336, 1.002, -178.341, 0.997203, -176.915, -3.73103e-05, -3.73103e-05, -3.73104e-05, 0.00102631, 1.11168, 0.00124303, 0.100719, 0.00122701
176.001, 1.00776, -178.336, 1.002, -178.341, 0.997203, -176.915, -3.73103e-05, -3.73103e-05, -3.73104e-05, 0.00104124, 1.11168, 0.00124303, 0.100719, 0.00122701
176.051, 1.00776, -178.377, 1.002, -178.381, 0.997203, -176.955, -3.73131e-05, -3.73131e-05, -3.73263e-05, 0.00104124, 1.11168, 0.001243, 0.10072, 0.00122742
176.101, 1.00776, -178.417, 1.002, -178.421, 0.997204, -176.995, -3.73131e-05, -3.73131e-05, -3.73131e-05, 0.00104124, 1.11168, 0.00124303, 0.10072, 0.0012278
176.152, 1.00776, -178.457, 1.002, -178.461, 0.997204, -177.035, -3.66809e-05, -3.66809e-05, -3.66813e-05, 0.00104124, 1.11168, 0.001243, 0.100721, 0.00122816
176.202, 1.00776, -178.497, 1.002, -178.501, 0.997204, -177.075, -3.66807e-05, -3.66807e-05, -3.67398e-05, 0.00104124, 1.11168, 0.00124302, 0.100721, 0.00122849
176.253, 1.00776, -178.536, 1.002, -178.54, 0.997205, -177.115, -3.66807e-05, -3.66807e-05, -3.66807e-05, 0.00104124, 1.11168, 0.00124305, 0.10072, 0.00122881
176.303, 1.00776, -178.576, 1.002, -178.58, 0.997205, -177.154, -3.66807e-05, -3.66807e-05, -3.67108e-05, 0.00104124, 1.11168, 0.00124302, 0.100721, 0.0012291
176.353, 1.00776, -178.615, 1.002, -178.619, 0.997205, -177.194, -3.66807e-05, -3.66807e-05, -3.66808e-05, 0.00104124, 1.11168, 0.00124302, 0.10072, 0.00122936
176.404, 1.00776, -178.655, 1.002, -178.659, 0.997206, -177.233, -3.61608e-05, -3.61608e-05, -3.61668e-05, 0.00104124, 1.11168, 0.00124302, 0.100721, 0.00122961
176.454, 1.00776, -178.694, 1.002, -178.698, 0.997206, -177.272, -3.60482e-05, -3.60482e-05, -3.60593e-05, 0.00104124, 1.11168, 0.00124303, 0.10072, 0.00122984
176.504, 1.00776, -178.733, 1.002, -178.737, 0.997206, -177.311, -3.60482e-05, -3.60482e-05, -3.60649e-05, 0.00104124, 1.11168, 0.00124302, 0.100721, 0.00123004
176.555, 1.00776, -178.772, 1.002, -178.776, 0.997207, -177.35, -3.60477e-05, -3.60477e-05, -3.60875e-05, 0.00104124, 1.11168, 0.00124303, 0.100721, 0.00123023
176.605, 1.00776, -178.811, 1.002, -178.815, 0.997207, -177.389, -3.60482e-05, -3.60482e-05, -3.60483e-05, 0.00104124, 1.11168, 0.00124304, 0.10072, 0.0012304
176.655, 1.00776, -178.85, 1.002, -178.854, 0.997207, -177.428, -3.60482e-05, -3.60482e-05, -3.60483e-05, 0.00104124, 1.11168, 0.00124301, 0.100722, 0.00123055
176.706, 1.00776, -178.888, 1.00201, -178.892, 0.997207, -177.466, -3.54158e-05, -3.54158e-05, -3.54158e-05, 0.00104124, 1.11168, 0.00124304, 0.100721, 0.00123069
176.756, 1.00776, -178.926, 1.00201, -178.93, 0.997208, -177.505, -3.54158e-05, -3.54158e-05, -3.54158e-05, 0.00104124, 1.11168, 0.00124304, 0.100721, 0.0012308
176.806, 1.00776, -178.965, 1.00201, -178.969, 0.997208, -177.543, -3.54158e-05, -3.54158e-05, -3.54158e-05, 0.00104124, 1.11168, 0.00124302, 0.100721, 0.0012309
176.857, 1.00776, -179.003, 1.00201, -179.007, 0.997209, -177.581, -3.54158e-05, -3.54158e-05, -3.54158e-05, 0.00104124, 1.11168, 0.00124304, 0.100721, 0.00123099
176.907, 1.00776, -179.041, 1.00201, -179.045, 0.997209, -177.619, -3.54158e-05, -3.54158e-05, -3.54158e-05, 0.00104124, 1.11168, 0.00124304, 0.100721, 0.00123106
176.957, 1.00776, -179.079, 1.00201, -179.083, 0.997209, -177.657, -3.47918e-05, -3.47918e-05, -3.48179e-05, 0.00104124, 1.11168, 0.00124305, 0.100721, 0.00123111
177.001, 1.00776, -179.111, 1.00201, -179.115, 0.997209, -177.69, -3.47834e-05, -3.47834e-05, -3.48356e-05, 0.00104124, 1.11168, 0.00124304, 0.100721, 0.00123114
177.001, 1.00776, -179.111, 1.00201, -179.115, 0.997209, -177.69, -3.47834e-05, -3.47834e-05, -3.48356e-05, 0.00105515, 1.11168, 0.00124304, 0.100721, 0.00123114
177.051, 1.00776, -179.149, 1.00201, -179.153, 0.997209, -177.727, -3.47834e-05, -3.47834e-05, -3.47834e-05, 0.00105515, 1.11168, 0.00124302, 0.100722, 0.00123151
177.101, 1.00776, -179.186, 1.00201, -179.191, 0.997209, -177.765, -3.4783e-05, -3.4783e-05, -3.4783e-05, 0.00105515, 1.11168, 0.00124305, 0.100721, 0.00123186
177.152, 1.00776, -179.224, 1.00201, -179.228, 0.997209, -177.802, -3.47834e-05, -3.47834e-05, -3.47834e-05, 0.00105515, 1.11168, 0.00124302, 0.100722, 0.00123218
177.202, 1.00776, -179.262, 1.00201, -179.266, 0.99721, -177.84, -3.47834e-05, -3.47834e-05, -3.47834e-05, 0.00105515, 1.11168, 0.00124304, 0.100721, 0.00123247
177.253, 1.00776, -179.299, 1.00201, -179.303, 0.99721, -177.877, -3.4151e-05, -3.4151e-05, -3.41689e-05, 0.00105515, 1.11168, 0.00124303, 0.100722, 0.00123275
177.303, 1.00776, -179.336, 1.00201, -179.34, 0.99721, -177.914, -3.4151e-05, -3.4151e-05, -3.41806e-05, 0.00105515, 1.11168, 0.00124304, 0.100722, 0.00123301
177.353, 1.00776, -179.372, 1.00201, -179.376, 0.99721, -177.951, -3.4151e-05, -3.4151e-05, -3.41613e-05, 0.00105515, 1.11168, 0.00124304, 0.100722, 0.00123324
177.404, 1.00777, -179.409, 1.00201, -179.413, 0.997211, -177.988, -3.4151e-05, -3.4151e-05, -3.41551e-05, 0.00105515, 1.11168, 0.00124303, 0.100722, 0.00123345
177.454, 1.00777, -179.446, 1.00201, -179.45, 0.997211, -178.025, -3.4151e-05, -3.4151e-05, -3.41678e-05, 0.00105515, 1.11168, 0.00124304, 0.100722, 0.00123365
177.504, 1.00777, -179.483, 1.00201, -179.487, 0.997211, -178.061, -3.35233e-05, -3.35233e-05, -3.35457e-05, 0.00105515, 1.11168, 0.00124303, 0.100722, 0.00123382
177.555, 1.00777, -179.519, 1.00201, -179.523, 0.997211, -178.097, -3.35185e-05, -3.35185e-05, -3.3531e-05, 0.00105515, 1.11168, 0.00124303, 0.100722, 0.00123398
177.605, 1.00777, -179.555, 1.00201, -179.559, 0.997211, -178.134, -3.35185e-05, -3.35185e-05, -3.35408e-05, 0.00105515, 1.11168, 0.00124303, 0.100722, 0.00123412
177.655, 1.00777, -179.591, 1.00201, -179.595, 0.997211, -178.17, -3.35185e-05, -3.35185e-05, -3.35185e-05, 0.00105515, 1.11168, 0.00124305, 0.100721, 0.00123424
177.706, 1.00777, -179.628, 1.00201, -179.632, 0.997212, -178.206, -3.35185e-05, -3.35185e-05, -3.35215e-05, 0.00105515, 1.11168, 0.00124304, 0.100722, 0.00123435
177.756, 1.00777, -179.664, 1.00201, -179.668, 0.997212, -178.242, -3.35185e-05, -3.35185e-05, -3.35185e-05, 0.00105515, 1.11168, 0.00124304, 0.100722, 0.00123444
177.806, 1.00777, -179.699, 1.00201, -179.703, 0.997212, -178.278, -3.28861e-05, -3.28861e-05, -3.28861e-05, 0.00105515, 1.11168, 0.00124304, 0.100722, 0.00123451
177.857, 1.00777, -179.735, 1.00201, -179.739, 0.997212, -178.313, -3.28861e-05, -3.28861e-05, -3.28861e-05, 0.00105515, 1.11168, 0.00124304, 0.100722, 0.00123457
177.907, 1.00777, -179.77, 1.00201, -179.774, 0.997212, -178.349, -3.28861e-05, -3.28861e-05, -3.28861e-05, 0.00105515, 1.11168, 0.00124304, 0.100722, 0.00123461
177.958, 1.00777, -179.806, 1.00201, -179.81, 0.997213, -178.384, -3.28861e-05, -3.28861e-05, -3.28861e-05, 0.00105515, 1.11168, 0.00124305, 0.100721, 0.00123464
178.001, 1.00777, -179.836, 1.00201, -179.841, 0.997213, -178.415, -3.28861e-05, -3.28861e-05, -3.28861e-05, 0.00105515, 1.11168, 0.00124304, 0.100722, 0.00123465
178.001, 1.00777, -179.836, 1.00201, -179.841, 0.997213, -178.415, -3.28861e-05, -3.28861e-05, -3.28861e-05, 0.00106831, 1.11168, 0.00124304, 0.100722, 0.00123465
178.051, 1.00777, -179.872, 1.00201, -179.876, 0.997213, -178.45, -3.22584e-05, -3.22584e-05, -3.22584e-05, 0.00106831, 1.11168, 0.00124304, 0.100723, 0.00123497
178.102, 1.00777, -179.907, 1.00201, -179.911, 0.997213, -178.485, -3.22537e-05, -3.22537e-05, -3.22537e-05, 0.00106831, 1.11168, 0.00124304, 0.100722, 0.00123527
178.152, 1.00777, -179.941, 1.00201, -179.945, 0.997213, -178.52, -3.22537e-05, -3.22537e-05, -3.22537e-05, 0.00106831, 1.11168, 0.00124304, 0.100723, 0.00123555
178.202, 1.00777, -179.976, 1.00201, -179.98, 0.997213, -178.555, -3.22536e-05, -3.22536e-05, -3.22536e-05, 0.00106831, 1.11168, 0.00124304, 0.100722, 0.00123581
178.253, 1.00777, -180.011, 1.00201, -180.015, 0.997213, -178.589, -3.22565e-05, -3.22542e-05, -3.22537e-05, 0.00106831, 1.11168, 0.00124304, 0.100722, 0.00123605
178.303, 1.00777, -180.046, 1.00201, -180.05, 0.997213, -178.624, -3.22537e-05, -3.22537e-05, -3.22537e-05, 0.00106831, 1.11168, 0.00124304, 0.100722, 0.00123627
178.353, 1.00777, -180.08, 1.00201, -180.084, 0.997213, -178.658, -3.16213e-05, -3.16213e-05, -3.16213e-05, 0.00106831, 1.11168, 0.00124304, 0.100722, 0.00123646
178.404, 1.00777, -180.114, 1.00201, -180.118, 0.997214, -178.693, -3.16213e-05, -3.16213e-05, -3.16213e-05, 0.00106831, 1.11168, 0.00124304, 0.100723, 0.00123664
178.454, 1.00777, -180.148, 1.00201, -180.152, 0.997213, -178.727, -3.16213e-05, -3.16213e-05, -3.16213e-05, 0.00106831, 1.11168, 0.00124304, 0.100721, 0.0012368
178.504, 1.00777, -180.182, 1.00201, -180.187, 0.997214, -178.761, -3.16213e-05, -3.16213e-05, -3.16213e-05, 0.00106831, 1.11168, 0.00124304, 0.100722, 0.00123694
178.555, 1.00777, -180.217, 1.00201, -180.221, 0.997214, -178.795, -3.16213e-05, -3.16213e-05, -3.16213e-05, 0.00106831, 1.11168, 0.00124304, 0.100722, 0.00123706
178.605, 1.00777, -180.25, 1.00201, -180.255, 0.997214, -178.829, -3.09903e-05, -3.09903e-05, -3.09903e-05, 0.00106831, 1.11168, 0.00124304, 0.100723, 0.00123717
178.655, 1.00777, -180.284, 1.00201, -180.288, 0.997214, -178.862, -3.09888e-05, -3.09888e-05, -3.09888e-05, 0.00106831, 1.11168, 0.00124304, 0.100722, 0.00123726
178.706, 1.00777, -180.317, 1.00201, -180.321, 0.997214, -178.896, -3.09888e-05, -3.09888e-05, -3.09888e-05, 0.00106831, 1.11168, 0.00124305, 0.100722, 0.00123733
178.756, 1.00777, -180.351, 1.00201, -180.355, 0.997214, -178.929, -3.09888e-05, -3.09888e-05, -3.09888e-05, 0.00106831, 1.11168, 0.00124305, 0.100723, 0.00123739
178.806, 1.00777, -180.384, 1.00201, -180.388, 0.997214, -178.963, -3.09888e-05, -3.09888e-05, -3.09888e-05, 0.00106831, 1.11168, 0.00124305, 0.100723, 0.00123743
178.857, 1.00777, -180.418, 1.00201, -180.422, 0.997214, -178.996, -3.09888e-05, -3.09888e-05, -3.09888e-05, 0.00106831, 1.11168, 0.00124304, 0.100722, 0.00123746
178.907, 1.00777, -180.451, 1.00201, -180.455, 0.997214, -179.029, -3.03564e-05, -3.03564e-05, -3.03564e-05, 0.00106831, 1.11168, 0.00124305, 0.100723, 0.00123748
178.958, 1.00777, -180.483, 1.00201, -180.487, 0.997214, -179.062, -3.03564e-05, -3.03564e-05, -3.03564e-05, 0.00106831, 1.11168, 0.00124305, 0.100722, 0.00123748
179.001, 1.00777, -180.512, 1.00201, -180.516, 0.997214, -179.09, -3.03564e-05, -3.03564e-05, -3.03564e-05, 0.00106831, 1.11168, 0.00124305, 0.100723, 0.00123746
179.001, 1.00777, -180.512, 1.00201, -180.516, 0.997214, -179.09, -3.03564e-05, -3.03564e-05, -3.03564e-05, 0.00108045, 1.11168, 0.00124305, 0.100723, 0.00123747
179.051, 1.00777, -180.544, 1.00201, -180.548, 0.997214, -179.123, -3.03564e-05, -3.03564e-05, -3.03564e-05, 0.00108045, 1.11168, 0.00124305, 0.100723, 0.00123774
179.102, 1.00777, -180.577, 1.00201, -180.581, 0.997214, -179.156, -3.03564e-05, -3.03564e-05, -3.03564e-05, 0.00108045, 1.11168, 0.00124305, 0.100723, 0.00123799
179.152, 1.00777, -180.61, 1.00201, -180.614, 0.997214, -179.188, -2.97596e-05, -2.97596e-05, -2.97596e-05, 0.00108045, 1.11168, 0.00124304, 0.100722, 0.00123822
179.202, 1.00777, -180.642, 1.00201, -180.646, 0.997214, -179.22, -2.9724e-05, -2.9724e-05, -2.9724e-05, 0.00108045, 1.11168, 0.00124305, 0.100723, 0.00123843
179.253, 1.00777, -180.674, 1.00201, -180.678, 0.997214, -179.252, -2.9724e-05, -2.9724e-05, -2.9724e-05, 0.00108045, 1.11168, 0.00124305, 0.100723, 0.00123863
179.303, 1.00777, -180.706, 1.00201, -180.71, 0.997214, -179.285, -2.97233e-05, -2.97233e-05, -2.97233e-05, 0.00108045, 1.11168, 0.00124305, 0.100723, 0.0012388
179.353, 1.00777, -180.738, 1.00201, -180.742, 0.997214, -179.317, -2.9724e-05, -2.9724e-05, -2.9724e-05, 0.00108045, 1.11168, 0.00124304, 0.100723, 0.00123895
179.404, 1.00777, -180.77, 1.00201, -180.774, 0.997214, -179.349, -2.9724e-05, -2.9724e-05, -2.9724e-05, 0.00108045, 1.11168, 0.00124306, 0.100723, 0.00123909
179.454, 1.00777, -180.802, 1.00201, -180.806, 0.997214, -179.38, -2.90917e-05, -2.90917e-05, -2.90917e-05, 0.00108045, 1.11168, 0.00124305, 0.100723, 0.00123921
179.504, 1.00777, -180.833, 1.00201, -180.837, 0.997214, -179.412, -2.90915e-05, -2.90915e-05, -2.90915e-05, 0.00108045, 1.11168, 0.00124306, 0.100723, 0.00123931
179.555, 1.00777, -180.865, 1.00201, -180.869, 0.997214, -179.443, -2.90915e-05, -2.90915e-05, -2.90915e-05, 0.00108045, 1.11168, 0.00124304, 0.100722, 0.00123939
179.605, 1.00777, -180.896, 1.00201, -180.9, 0.997214, -179.475, -2.90915e-05, -2.90915e-05, -2.90915e-05, 0.00108045, 1.11168, 0.00124304, 0.100722, 0.00123946
179.655, 1.00777, -180.928, 1.00201, -180.932, 0.997214, -179.506, -2.90915e-05, -2.90915e-05, -2.90915e-05, 0.00108045, 1.11168, 0.00124303, 0.100722, 0.00123951
179.706, 1.00777, -180.959, 1.00201, -180.963, 0.997215, -179.538, -2.90915e-05, -2.90915e-05, -2.90915e-05, 0.00108045, 1.11168, 0.00124306, 0.100723, 0.00123955
179.756, 1.00777, -180.99, 1.00201, -180.994, 0.997215, -179.568, -2.84591e-05, -2.84591e-05, -2.84591e-05, 0.00108045, 1.11168, 0.00124303, 0.100722, 0.00123957
179.807, 1.00777, -181.021, 1.00201, -181.025, 0.997215, -179.599, -2.84591e-05, -2.84591e-05, -2.84591e-05, 0.00108045, 1.11168, 0.00124304, 0.100722, 0.00123958
179.857, 1.00777, -181.051, 1.00201, -181.055, 0.997215, -179.63, -2.84216e-05, -2.84216e-05, -2.84216e-05, 0.00108045, 1.11168, 0.00124304, 0.100722, 0.00123958
179.907, 1.00777, -181.082, 1.00201, -181.086, 0.997215, -179.66, -2.84591e-05, -2.84591e-05, -2.84888e-05, 0.00108045, 1.11168, 0.00124305, 0.100723, 0.00123956
179.958, 1.00777, -181.113, 1.00201, -181.117, 0.997215, -179.691, -2.84591e-05, -2.84591e-05, -2.84591e-05, 0.00108045, 1.11168, 0.00124306, 0.100723, 0.00123953
180.001, 1.00777, -181.139, 1.00201, -181.143, 0.997214, -179.718, -2.79768e-05, -2.79768e-05, -2.79768e-05, 0.00108045, 1.11168, 0.00124305, 0.100723, 0.0012395
180.001, 1.00754, -181.368, 1.00166, -181.506, 0.976151, -180.204, -2.79768e-05, -2.79768e-05, -2.79768e-05, 0.00108045, 1.11168, 0.0422386, 0.102915, 0.0012395
180.051, 1.00746, -181.656, 1.00158, -181.794, 0.976071, -180.492, -0.000242719, -0.000242728, -0.000242668, 0.00108045, 1.11168, 0.0422391, 0.102895, 0.00123944
180.102, 1.00733, -181.932, 1.00145, -182.07, 0.975934, -180.768, -0.00027468, -0.000274757, -0.000274885, 0.00108045, 1.11168, 0.0422389, 0.102873, 0.00123942
180.152, 1.007, -182.277, 1.00112, -182.415, 0.975605, -181.113, -0.000354067, -0.000354162, -0.000354216, 0.00108045, 1.11168, 0.0422386, 0.102807, 0.0012395
180.202, 1.00643, -182.719, 1.00056, -182.858, 0.975031, -181.556, -0.000450193, -0.000450293, -0.000450481, 0.00108045, 1.11168, 0.0422382, 0.102694, 0.00123983
180.253, 1.00564, -183.27, 0.99977, -183.409, 0.974229, -182.107, -0.000552026, -0.000552221, -0.000552388, 0.00108045, 1.11168, 0.0422377, 0.102537, 0.00124056
180.303, 1.00469, -183.932, 0.998823, -184.071, 0.973266, -182.77, -0.000655537, -0.000655816, -0.000656063, 0.00108045, 1.11168, 0.0422369, 0.102346, 0.00124191
180.353, 1.00366, -184.707, 0.997801, -184.846, 0.972227, -183.545, -0.000759598, -0.00075986, -0.00076019, 0.00108045, 1.11168, 0.0422362, 0.102143, 0.00124409
180.404, 1.00263, -185.593, 0.99678, -185.733, 0.971188, -184.432, -0.000863522, -0.000863698, -0.000864021, 0.00108045, 1.11168, 0.0422356, 0.101939, 0.00124733
180.454, 1.00166, -186.592, 0.995817, -186.731, 0.970209, -185.43, -0.000966803, -0.000967021, -0.000967175, 0.00108045, 1.11168, 0.0422349, 0.101748, 0.00125189
180.504, 1.00078, -187.701, 0.994941, -187.841, 0.969318, -186.541, -0.00106957, -0.00106979, -0.00106998, 0.00108045, 1.11168, 0.0422344, 0.101573, 0.00125801
180.555, 0.999994, -188.922, 0.994156, -189.062, 0.968519, -187.761, -0.00117213, -0.0011723, -0.0011725, 0.00108045, 1.11168, 0.0422337, 0.101417, 0.00126595
180.605, 0.99928, -190.252, 0.993446, -190.393, 0.967797, -189.093, -0.00127411, -0.00127416, -0.00127429, 0.00108045, 1.11168, 0.0422332, 0.101275, 0.00127598
180.655, 0.998616, -191.693, 0.992785, -191.834, 0.967126, -190.534, -0.00137568, -0.00137585, -0.00137608, 0.00108045, 1.11168, 0.0422327, 0.101144, 0.00128834
180.706, 0.997972, -193.243, 0.992145, -193.384, 0.966474, -192.084, -0.00147689, -0.00147702, -0.00147722, 0.00108045, 1.11168, 0.0422324, 0.101017, 0.00130329
180.756, 0.99732, -194.903, 0.991497, -195.044, 0.965815, -193.744, -0.00157756, -0.0015778, -0.00157799, 0.00108045, 1.11168, 0.0422322, 0.100888, 0.00132107
180.807, 0.99664, -196.67, 0.99082, -196.812, 0.965127, -195.512, -0.00167788, -0.00167812, -0.00167815, 0.00108045, 1.11168, 0.0422315, 0.100754, 0.00134191
180.857, 0.995919, -198.546, 0.990103, -198.687, 0.964397, -197.388, -0.00177767, -0.00177794, -0.0017781, 0.00108045, 1.11168, 0.042231, 0.100612, 0.00136604
180.907, 0.995149, -200.529, 0.989337, -200.671, 0.963618, -199.372, -0.00187677, -0.00187706, -0.0018771, 0.00108045, 1.11168, 0.0422305, 0.10046, 0.00139366
180.958, 0.994331, -202.619, 0.988524, -202.761, 0.962791, -201.462, -0.0019758, -0.00197596, -0.0019761, 0.00108045, 1.11168, 0.0422297, 0.100299, 0.001425
181.001, 0.993592, -204.502, 0.987789, -204.644, 0.962043, -203.345, -0.00206029, -0.00206054, -0.00206074, 0.00108045, 1.11168, 0.0422297, 0.100154, 0.00145506
181.001, 0.993592, -204.502, 0.987789, -204.644, 0.962043, -203.345, -0.00206029, -0.00206054, -0.00206074, 0.00108045, 1.11168, 0.0422298, 0.100153, 0.0014551
181.051, 0.992697, -206.79, 0.986899, -206.932, 0.961137, -205.634, -0.00215834, -0.00215855, -0.00215871, 0.00108045, 1.11168, 0.042229, 0.0999785, 0.00149379
181.102, 0.991769, -209.183, 0.985976, -209.325, 0.960198, -208.027, -0.00225569, -0.00225581, -0.00225605, 0.00108045, 1.11168, 0.0422284, 0.0997958, 0.00153674
181.152, 0.990817, -211.681, 0.985029, -211.823, 0.959235, -210.525, -0.00235269, -0.00235287, -0.00235321, 0.00108045, 1.11168, 0.042228, 0.0996092, 0.00158406
181.202, 0.989846, -214.283, 0.984064, -214.426, 0.958253, -213.128, -0.00244881, -0.0024491, -0.00244935, 0.00108045, 1.11168, 0.0422275, 0.0994194, 0.0016359
181.253, 0.988863, -216.988, 0.983086, -217.132, 0.957258, -215.834, -0.00254434, -0.00254466, -0.0025449, 0.00108045, 1.11168, 0.042227, 0.099227, 0.00169239
181.303, 0.987873, -219.797, 0.982101, -219.941, 0.956255, -218.644, -0.00263996, -0.00264014, -0.00264034, 0.00108045, 1.11168, 0.042226, 0.0990329, 0.00175365
181.353, 0.986876, -222.708, 0.981111, -222.852, 0.955247, -221.555, -0.00273406, -0.00273438, -0.00273459, 0.00108045, 1.11168, 0.0422255, 0.0988385, 0.00181978
181.404, 0.985879, -225.721, 0.980119, -225.866, 0.954238, -224.569, -0.00282836, -0.00282861, -0.00282892, 0.00108045, 1.11168, 0.0422249, 0.0986442, 0.00189088
181.454, 0.984885, -228.835, 0.97913, -228.98, 0.953231, -227.683, -0.00292177, -0.00292206, -0.00292225, 0.00108045, 1.11168, 0.0422243, 0.0984502, 0.00196702
181.504, 0.983895, -232.05, 0.978146, -232.195, 0.95223, -230.899, -0.00301446, -0.00301475, -0.00301504, 0.00108045, 1.11168, 0.0422241, 0.0982573, 0.00204828
181.555, 0.982912, -235.364, 0.977169, -235.51, 0.951235, -234.214, -0.00310664, -0.00310707, -0.00310729, 0.00108045, 1.11168, 0.0422234, 0.0980665, 0.00213472
181.605, 0.981939, -238.778, 0.976201, -238.923, 0.950249, -237.628, -0.00319823, -0.00319846, -0.00319879, 0.00108045, 1.11168, 0.0422229, 0.0978773, 0.00222638
181.656, 0.980977, -242.29, 0.975245, -242.436, 0.949276, -241.141, -0.0032892, -0.00328947, -0.00328964, 0.00108045, 1.11168, 0.0422222, 0.0976908, 0.00232331
181.706, 0.980031, -245.9, 0.974303, -246.046, 0.948317, -244.751, -0.00337943, -0.00337969, -0.00338002, 0.00108045, 1.11168, 0.0422222, 0.0975069, 0.00242553
181.756, 0.979101, -249.607, 0.973379, -249.753, 0.947376, -248.459, -0.00346911, -0.00346943, -0.00346965, 0.00108045, 1.11168, 0.0422215, 0.0973267, 0.00253306
181.807, 0.978192, -253.411, 0.972474, -253.557, 0.946455, -252.263, -0.00355823, -0.00355848, -0.00355867, 0.00108045, 1.11168, 0.0422209, 0.0971512, 0.00264591
181.857, 0.977305, -257.31, 0.971592, -257.457, 0.945557, -256.162, -0.00364652, -0.00364678, -0.00364702, 0.00108045, 1.11168, 0.0422206, 0.0969797, 0.00276409
181.907, 0.976443, -261.304, 0.970735, -261.451, 0.944684, -260.157, -0.00373382, -0.00373409, -0.00373426, 0.00108045, 1.11168, 0.0422203, 0.0968133, 0.00288758
181.958, 0.975609, -265.392, 0.969905, -265.539, 0.94384, -264.245, -0.00382112, -0.00382136, -0.00382158, 0.00108045, 1.11168, 0.0422199, 0.0966516, 0.00301636
182.001, 0.974915, -268.982, 0.969216, -269.13, 0.943137, -267.836, -0.00389498, -0.00389523, -0.00389543, 0.00108045, 1.11168, 0.0422196, 0.0965182, 0.00313134
182.001, 0.974915, -268.982, 0.969216, -269.13, 0.943137, -267.836, -0.00389498, -0.00389523, -0.00389543, 0.00108045, 1.11168, 0.0422203, 0.0965163, 0.00313161
182.051, 0.974138, -273.244, 0.968443, -273.391, 0.94235, -272.098, -0.00398057, -0.00398078, -0.003981, 0.00108045, 1.11168, 0.0422193, 0.0963688, 0.00326992
182.102, 0.973395, -277.597, 0.967704, -277.745, 0.941598, -276.451, -0.00406518, -0.00406538, -0.00406552, 0.00108045, 1.11168, 0.0422189, 0.0962253, 0.00341372
182.152, 0.972687, -282.041, 0.967, -282.189, 0.940881, -280.896, -0.00414952, -0.00414979, -0.00414993, 0.00108045, 1.11168, 0.0422185, 0.0960888, 0.00356269
182.202, 0.972017, -286.576, 0.966334, -286.724, 0.940202, -285.431, -0.00423295, -0.0042332, -0.00423331, 0.00108045, 1.11168, 0.0422182, 0.0959601, 0.00371679
182.253, 0.971386, -291.2, 0.965707, -291.348, 0.939564, -290.056, -0.0043151, -0.00431532, -0.00431546, 0.00108045, 1.11168, 0.0422179, 0.0958386, 0.00387597
182.303, 0.970796, -295.913, 0.96512, -296.061, 0.938966, -294.769, -0.00439734, -0.00439754, -0.00439765, 0.00108045, 1.11168, 0.0422176, 0.0957254, 0.00404017
182.353, 0.970248, -300.713, 0.964575, -300.862, 0.93841, -299.57, -0.00447831, -0.00447845, -0.00447858, 0.00108045, 1.11168, 0.0422171, 0.0956198, 0.00420932
182.404, 0.969743, -305.601, 0.964073, -305.75, 0.937899, -304.458, -0.00455828, -0.00455845, -0.00455856, 0.00108045, 1.11168, 0.0422174, 0.0955236, 0.00438335
182.454, 0.969283, -310.575, 0.963615, -310.724, 0.937433, -309.432, -0.00463779, -0.0046379, -0.00463802, 0.00108045, 1.11168, 0.0422173, 0.0954347, 0.0045622
182.504, 0.968867, -315.634, 0.963202, -315.783, 0.937012, -314.491, -0.00471658, -0.00471666, -0.00471678, 0.00108045, 1.11168, 0.042217, 0.0953555, 0.00474579
182.555, 0.968498, -320.777, 0.962834, -320.926, 0.936638, -319.634, -0.00479407, -0.00479415, -0.00479425, 0.00108045, 1.11168, 0.0422168, 0.0952847, 0.00493404
182.605, 0.96832, -326.003, 0.962657, -326.153, 0.936457, -324.861, -0.00487106, -0.0048712, -0.0048712, 0.00108045, 1.11168, 0.0422167, 0.0952506, 0.00512687
182.656, 0.9683, -331.312, 0.962638, -331.462, 0.936437, -330.17, -0.0049469, -0.00494685, -0.00494682, 0.00108045, 1.11168, 0.0422166, 0.0952469, 0.00532419
182.706, 0.968284, -336.703, 0.962622, -336.853, 0.936421, -335.561, -0.00502213, -0.0050221, -0.00502203, 0.00108045, 1.11168, 0.0422163, 0.0952443, 0.00552591
182.756, 0.968254, -342.175, 0.962591, -342.324, 0.93639, -341.032, -0.00509641, -0.00509647, -0.00509648, 0.00108045, 1.11168, 0.0422167, 0.095238, 0.00573194
182.807, 0.968243, -347.726, 0.962581, -347.875, 0.93638, -346.584, -0.0051699, -0.00516992, -0.00516993, 0.00108045, 1.11168, 0.0422166, 0.0952363, 0.00594218
182.857, 0.96826, -353.356, 0.962597, -353.506, 0.936396, -352.214, -0.00524312, -0.00524313, -0.00524313, 0.00108045, 1.11168, 0.0422168, 0.0952391, 0.00615655
182.907, 0.968232, -359.064, 0.962569, -359.214, 0.936368, -357.922, -0.00531471, -0.00531472, -0.00531472, 0.00108045, 1.11168, 0.0422166, 0.0952346, 0.00637494
182.958, 0.968227, -364.85, 0.962565, -364.999, 0.936363, -363.707, -0.00538572, -0.00538572, -0.00538572, 0.00108045, 1.11168, 0.0422166, 0.095233, 0.00659725
183.001, 0.968252, -369.886, 0.96259, -370.035, 0.936389, -368.743, -0.00544567, -0.00544566, -0.00544564, 0.00108045, 1.11168, 0.0422167, 0.0952384, 0.00679149
183.001, 0.968252, -369.886, 0.96259, -370.035, 0.936389, -368.744, -0.00544567, -0.00544566, -0.00544564, 0.00108045, 1.11168, 0.0422177, 0.0952364, 0.00679213
183.051, 0.96832, -375.812, 0.962657, -375.961, 0.936457, -374.669, -0.00551537, -0.00551534, -0.00551532, 0.00108045, 1.11168, 0.0422164, 0.0952508, 0.00702083
183.102, 0.96843, -381.812, 0.962767, -381.961, 0.936569, -380.669, -0.00558362, -0.0055836, -0.00558356, 0.00108045, 1.11168, 0.0422168, 0.0952723, 0.00725379
183.152, 0.968585, -387.885, 0.962921, -388.035, 0.936725, -386.743, -0.005651, -0.00565094, -0.00565091, 0.00108045, 1.11168, 0.0422168, 0.0953016, 0.00749027
183.202, 0.968784, -394.031, 0.963118, -394.18, 0.936927, -392.888, -0.00571764, -0.0057176, -0.00571754, 0.00108045, 1.11168, 0.0422167, 0.0953396, 0.00773017
183.253, 0.969027, -400.248, 0.96336, -400.397, 0.937173, -399.105, -0.00578338, -0.00578327, -0.00578324, 0.00108045, 1.11168, 0.0422172, 0.0953865, 0.00797339
183.303, 0.969314, -406.535, 0.963645, -406.684, 0.937464, -405.392, -0.00584759, -0.00584749, -0.00584743, 0.00108045, 1.11168, 0.042217, 0.0954417, 0.0082198
183.353, 0.969643, -412.892, 0.963973, -413.041, 0.937798, -411.749, -0.00591203, -0.00591191, -0.00591185, 0.00108045, 1.11168, 0.0422171, 0.0955051, 0.00846931
183.404, 0.970015, -419.317, 0.964343, -419.466, 0.938175, -418.174, -0.00597414, -0.00597399, -0.00597384, 0.00108045, 1.11168, 0.042217, 0.095576, 0.0087218
183.454, 0.970429, -425.809, 0.964754, -425.958, 0.938593, -424.665, -0.0060363, -0.00603613, -0.00603604, 0.00108045, 1.11168, 0.0422172, 0.0956554, 0.00897717
183.505, 0.970882, -432.367, 0.965205, -432.516, 0.939053, -431.223, -0.00609803, -0.00609793, -0.00609775, 0.00108045, 1.11168, 0.0422174, 0.0957429, 0.00923531
183.555, 0.971374, -438.991, 0.965694, -439.14, 0.939551, -437.847, -0.00615727, -0.00615709, -0.00615698, 0.00108045, 1.11168, 0.0422178, 0.0958368, 0.0094961
183.605, 0.971904, -445.679, 0.966221, -445.827, 0.940088, -444.534, -0.00621683, -0.00621667, -0.00621655, 0.00108045, 1.11168, 0.0422179, 0.0959396, 0.00975945
183.656, 0.97247, -452.43, 0.966784, -452.578, 0.940661, -451.285, -0.00627495, -0.00627482, -0.00627471, 0.00108045, 1.11168, 0.0422181, 0.0960473, 0.0100252
183.706, 0.973071, -459.243, 0.967382, -459.391, 0.94127, -458.098, -0.00633174, -0.00633155, -0.0063314, 0.00108045, 1.11168, 0.0422186, 0.0961641, 0.0102933
183.756, 0.973707, -466.118, 0.968014, -466.266, 0.941914, -464.972, -0.00638809, -0.0063879, -0.00638774, 0.00108045, 1.11168, 0.0422186, 0.0962855, 0.0105637
183.807, 0.974374, -473.053, 0.968678, -473.2, 0.942589, -471.907, -0.00644366, -0.00644349, -0.00644333, 0.00108045, 1.11168, 0.042219, 0.0964142, 0.0108361
183.857, 0.975072, -480.046, 0.969372, -480.194, 0.943296, -478.9, -0.00649791, -0.0064978, -0.0064975, 0.00108045, 1.11168, 0.0422194, 0.0965492, 0.0111106
183.907, 0.975799, -487.098, 0.970095, -487.245, 0.944033, -485.951, -0.00655148, -0.00655141, -0.0065512, 0.00108045, 1.11168, 0.0422195, 0.0966895, 0.011387
183.958, 0.976554, -494.207, 0.970846, -494.354, 0.944797, -493.06, -0.00660366, -0.00660346, -0.00660328, 0.00108045, 1.11168, 0.0422198, 0.0968355, 0.0116651
184, 0.977208, -500.222, 0.971496, -500.369, 0.945459, -499.074, -0.00664705, -0.00664679, -0.00664664, 0.00108045, 1.11168, 0.0422201, 0.0969617, 0.0119001
184, 0.977208, -500.222, 0.971496, -500.369, 0.945459, -499.074, -0.00664705, -0.00664679, -0.00664664, 0.00108045, 1.11168, 0.0422213, 0.0969596, 0.0119011
184.05, 0.978009, -507.433, 0.972292, -507.58, 0.94627, -506.285, -0.00669823, -0.00669797, -0.00669773, 0.00108045, 1.11168, 0.0422206, 0.0971163, 0.0121813
184.101, 0.978832, -514.698, 0.973111, -514.845, 0.947103, -513.55, -0.00674733, -0.00674707, -0.0067469, 0.00108045, 1.11168, 0.0422209, 0.0972755, 0.0124639
184.151, 0.979676, -522.017, 0.97395, -522.163, 0.947958, -520.868, -0.00679641, -0.00679619, -0.00679602, 0.00108045, 1.11168, 0.0422213, 0.0974391, 0.012748
184.201, 0.980539, -529.388, 0.974808, -529.533, 0.948832, -528.238, -0.00684378, -0.00684354, -0.00684338, 0.00108045, 1.11168, 0.0422217, 0.097607, 0.0130333
184.252, 0.981419, -536.809, 0.975684, -536.955, 0.949723, -535.659, -0.00689133, -0.00689107, -0.00689083, 0.00108045, 1.11168, 0.0422222, 0.0977772, 0.0133199
184.302, 0.982315, -544.281, 0.976575, -544.426, 0.95063, -543.13, -0.00693679, -0.00693645, -0.0069363, 0.00108045, 1.11168, 0.0422225, 0.0979513, 0.0136075
184.352, 0.983226, -551.801, 0.977481, -551.946, 0.951552, -550.65, -0.00698235, -0.00698205, -0.00698178, 0.00108045, 1.11168, 0.0422229, 0.0981286, 0.0138961
184.403, 0.98415, -559.37, 0.978399, -559.515, 0.952487, -558.219, -0.00702596, -0.00702572, -0.00702554, 0.00108045, 1.11168, 0.0422234, 0.0983083, 0.0141855
184.453, 0.985084, -566.986, 0.979329, -567.13, 0.953433, -565.834, -0.00706936, -0.00706907, -0.00706885, 0.00108045, 1.11168, 0.0422235, 0.0984902, 0.0144758
184.504, 0.986029, -574.647, 0.980268, -574.791, 0.954389, -573.495, -0.00711101, -0.00711071, -0.00711049, 0.00108045, 1.11168, 0.0422244, 0.0986746, 0.0147667
184.554, 0.986982, -582.354, 0.981215, -582.497, 0.955354, -581.2, -0.00715242, -0.0071522, -0.00715183, 0.00108045, 1.11168, 0.0422252, 0.0988606, 0.0150583
184.604, 0.987942, -590.104, 0.98217, -590.248, 0.956326, -588.95, -0.00719228, -0.00719205, -0.00719172, 0.00108045, 1.11168, 0.0422257, 0.0990483, 0.0153503
184.655, 0.988908, -597.897, 0.983131, -598.04, 0.957303, -596.743, -0.00723196, -0.00723164, -0.0072314, 0.00108045, 1.11168, 0.0422259, 0.0992373, 0.0156427
184.705, 0.989878, -605.732, 0.984096, -605.875, 0.958285, -604.577, -0.00727073, -0.00727051, -0.00727022, 0.00108045, 1.11168, 0.0422266, 0.0994274, 0.0159355
184.755, 0.990852, -613.608, 0.985064, -613.751, 0.95927, -612.453, -0.00730776, -0.00730752, -0.00730721, 0.00108045, 1.11168, 0.0422271, 0.0996175, 0.0162284
184.806, 0.991827, -621.524, 0.986033, -621.666, 0.960257, -620.368, -0.00734381, -0.00734355, -0.0073433, 0.00108045, 1.11168, 0.0422278, 0.0998093, 0.0165215
184.856, 0.992802, -629.478, 0.987003, -629.62, 0.961244, -628.322, -0.00737952, -0.00737924, -0.00737904, 0.00108045, 1.11168, 0.0422283, 0.100001, 0.0168146
184.906, 0.993777, -637.471, 0.987973, -637.613, 0.96223, -636.314, -0.00741456, -0.00741433, -0.00741414, 0.00108045, 1.11168, 0.0422289, 0.100192, 0.0171077
184.957, 0.994751, -645.5, 0.988941, -645.642, 0.963216, -644.343, -0.00744825, -0.00744802, -0.00744781, 0.00108045, 1.11168, 0.0422295, 0.100384, 0.0174007
185, 0.995586, -652.434, 0.989772, -652.575, 0.96406, -651.276, -0.00747668, -0.00747635, -0.00747618, 0.00108045, 1.11168, 0.0422301, 0.100548, 0.0176524
185, 0.995586, -652.434, 0.989772, -652.575, 0.96406, -651.276, -0.00747668, -0.00747635, -0.00747618, 0.00108045, 1.11168, 0.0422314, 0.100546, 0.0176537
185.05, 0.996554, -660.529, 0.990735, -660.67, 0.96504, -659.371, -0.00750882, -0.00750855, -0.0075083, 0.00108045, 1.11168, 0.0422308, 0.10074, 0.0179449
185.101, 0.997518, -668.658, 0.991693, -668.799, 0.966015, -667.499, -0.0075402, -0.00753996, -0.00753969, 0.00108045, 1.11168, 0.042231, 0.10093, 0.018237
185.151, 0.998477, -676.82, 0.992646, -676.961, 0.966985, -675.661, -0.00757007, -0.00756981, -0.00756957, 0.00108045, 1.11168, 0.0422319, 0.101118, 0.0185286
185.201, 0.999429, -685.015, 0.993593, -685.155, 0.967948, -683.855, -0.00759998, -0.00759972, -0.0075995, 0.00108045, 1.11168, 0.0422325, 0.101307, 0.0188197
185.252, 1.00037, -693.24, 0.994534, -693.38, 0.968905, -692.08, -0.00762763, -0.00762739, -0.00762718, 0.00108045, 1.11168, 0.0422324, 0.101494, 0.0191101
185.302, 1.00131, -701.496, 0.995466, -701.636, 0.969853, -700.335, -0.00765596, -0.0076557, -0.00765549, 0.00108045, 1.11168, 0.0422336, 0.10168, 0.0193999
185.352, 1.00224, -709.781, 0.99639, -709.921, 0.970792, -708.62, -0.00768208, -0.00768184, -0.00768162, 0.00108045, 1.11168, 0.0422343, 0.101863, 0.0196889
185.403, 1.00316, -718.094, 0.997304, -718.234, 0.971722, -716.932, -0.00770792, -0.00770769, -0.00770748, 0.00108045, 1.11168, 0.0422348, 0.102046, 0.019977
185.453, 1.00407, -726.435, 0.998209, -726.574, 0.972642, -725.272, -0.0077333, -0.00773307, -0.00773286, 0.00108045, 1.11168, 0.0422354, 0.102227, 0.0202643
185.504, 1.00497, -734.802, 0.999103, -734.941, 0.973552, -733.639, -0.00775718, -0.00775695, -0.00775673, 0.00108045, 1.11168, 0.0422361, 0.102406, 0.0205505
185.554, 1.00586, -743.194, 0.999986, -743.333, 0.97445, -742.031, -0.00777994, -0.00777974, -0.00777951, 0.00108045, 1.11168, 0.0422367, 0.102582, 0.0208357
185.604, 1.00673, -751.612, 1.00086, -751.75, 0.975336, -750.448, -0.00780291, -0.00780271, -0.00780248, 0.00108045, 1.11168, 0.0422369, 0.102757, 0.0211198
185.655, 1.0076, -760.052, 1.00172, -760.19, 0.97621, -758.888, -0.00782448, -0.00782428, -0.00782407, 0.00108045, 1.11168, 0.042238, 0.102929, 0.0214026
185.705, 1.00845, -768.516, 1.00256, -768.654, 0.977071, -767.351, -0.00784516, -0.00784493, -0.00784471, 0.00108045, 1.11168, 0.0422385, 0.103099, 0.0216842
185.755, 1.00929, -777.001, 1.0034, -777.139, 0.977919, -775.836, -0.00786508, -0.00786492, -0.00786474, 0.00108045, 1.11168, 0.0422385, 0.103267, 0.0219645
185.806, 1.01011, -785.508, 1.00422, -785.645, 0.978753, -784.342, -0.00788425, -0.00788397, -0.0078838, 0.00108045, 1.11168, 0.0422394, 0.103431, 0.0222434
185.856, 1.01092, -794.034, 1.00503, -794.171, 0.979573, -792.868, -0.00790159, -0.00790139, -0.00790118, 0.00108045, 1.11168, 0.0422403, 0.103593, 0.0225208
185.906, 1.01172, -802.58, 1.00582, -802.717, 0.980379, -801.413, -0.00791969, -0.00791944, -0.00791929, 0.00108045, 1.11168, 0.0422409, 0.103753, 0.0227967
185.957, 1.0125, -811.144, 1.0066, -811.281, 0.98117, -809.977, -0.00793662, -0.00793643, -0.00793623, 0.00108045, 1.11168, 0.0422415, 0.103909, 0.023071
186, 1.01317, -818.523, 1.00725, -818.659, 0.981838, -817.356, -0.00795008, -0.00794989, -0.00794971, 0.00108045, 1.11168, 0.0422419, 0.104042, 0.0233056
186, 1.01317, -818.523, 1.00725, -818.659, 0.981838, -817.356, -0.00795008, -0.00794989, -0.00794971, 0.00108045, 1.11168, 0.0422431, 0.104039, 0.023307
186.05, 1.01392, -827.119, 1.008, -827.255, 0.982601, -825.951, -0.0079653, -0.00796508, -0.00796488, 0.00108045, 1.11168, 0.0422423, 0.104193, 0.0235769
186.101, 1.01466, -835.731, 1.00874, -835.867, 0.983349, -834.563, -0.00797989, -0.00797967, -0.00797951, 0.00108045, 1.11168, 0.0422431, 0.104342, 0.0238464
186.151, 1.01538, -844.357, 1.00946, -844.493, 0.984081, -843.189, -0.00799311, -0.00799287, -0.00799265, 0.00108045, 1.11168, 0.0422435, 0.104487, 0.0241141
186.201, 1.01609, -852.999, 1.01016, -853.135, 0.984798, -851.83, -0.00800575, -0.00800571, -0.0080056, 0.00108045, 1.11168, 0.0422439, 0.10463, 0.02438
186.252, 1.01679, -861.653, 1.01085, -861.789, 0.985498, -860.484, -0.0080181, -0.00801811, -0.00801788, 0.00108045, 1.11168, 0.0422445, 0.104769, 0.024644
186.302, 1.01746, -870.321, 1.01153, -870.456, 0.986183, -869.151, -0.00802996, -0.00802981, -0.00802964, 0.00108045, 1.11168, 0.0422451, 0.104906, 0.024906
186.353, 1.01813, -879, 1.01219, -879.135, 0.986851, -877.83, -0.00804077, -0.00804071, -0.00804046, 0.00108045, 1.11168, 0.0422457, 0.10504, 0.025166
186.403, 1.01877, -887.69, 1.01283, -887.825, 0.987503, -886.52, -0.00805079, -0.00805056, -0.0080504, 0.00108045, 1.11168, 0.0422465, 0.105169, 0.025424
186.453, 1.0194, -896.39, 1.01345, -896.525, 0.98814, -895.22, -0.00805895, -0.00805883, -0.00805869, 0.00108045, 1.11168, 0.0422469, 0.105295, 0.0256799
186.504, 1.02001, -905.1, 1.01406, -905.235, 0.98876, -903.93, -0.00806853, -0.00806841, -0.00806828, 0.00108045, 1.11168, 0.0422472, 0.105419, 0.0259337
186.554, 1.02061, -913.819, 1.01466, -913.954, 0.989364, -912.648, -0.00807652, -0.00807628, -0.00807604, 0.00108045, 1.11168, 0.042248, 0.105541, 0.0261854
186.604, 1.02119, -922.546, 1.01524, -922.68, 0.989951, -921.374, -0.0080842, -0.00808415, -0.00808397, 0.00108045, 1.11168, 0.0422483, 0.105658, 0.0264348
186.655, 1.02176, -931.28, 1.0158, -931.414, 0.990523, -930.108, -0.00808992, -0.00808986, -0.00808967, 0.00108045, 1.11168, 0.0422484, 0.105772, 0.0266819
186.705, 1.02231, -940.02, 1.01635, -940.154, 0.991078, -938.848, -0.00809459, -0.0080944, -0.00809419, 0.00108045, 1.11168, 0.042249, 0.105884, 0.0269268
186.755, 1.02284, -948.766, 1.01688, -948.9, 0.991618, -947.594, -0.00809959, -0.00809952, -0.00809947, 0.00108045, 1.11168, 0.0422499, 0.105991, 0.0271693
186.806, 1.02336, -957.518, 1.01739, -957.652, 0.992141, -956.345, -0.00810465, -0.00810452, -0.00810437, 0.00108045, 1.11168, 0.0422501, 0.106097, 0.0274094
186.856, 1.02386, -966.273, 1.01789, -966.407, 0.992649, -965.101, -0.00810969, -0.0081096, -0.00810945, 0.00108045, 1.11168, 0.0422508, 0.106198, 0.0276472
186.906, 1.02435, -975.032, 1.01837, -975.166, 0.993141, -973.859, -0.00810973, -0.00810958, -0.00810954, 0.00108045, 1.11168, 0.042251, 0.106296, 0.0278825
186.957, 1.02482, -983.796, 1.01884, -983.929, 0.993617, -982.622, -0.00811479, -0.0081147, -0.00811462, 0.00108045, 1.11168, 0.0422513, 0.106393, 0.0281153
187, 1.02521, -991.333, 1.01923, -991.466, 0.994014, -990.159, -0.00811485, -0.00811476, -0.00811464, 0.00108045, 1.11168, 0.0422516, 0.106472, 0.0283136
187, 1.02521, -991.333, 1.01923, -991.466, 0.994014, -990.159, -0.00811485, -0.00811476, -0.00811464, 0.00108045, 1.11168, 0.0422529, 0.10647, 0.0283149
187.05, 1.02566, -1000.1, 1.01967, -1000.23, 0.994461, -998.923, -0.0081171, -0.00811697, -0.00811686, 0.00108045, 1.11168, 0.042252, 0.106562, 0.0285418
187.101, 1.02608, -1008.87, 1.0201, -1009, 0.994893, -1007.69, -0.00811995, -0.00811984, -0.00811974, 0.00108045, 1.11168, 0.0422524, 0.106648, 0.0287674
187.151, 1.0265, -1017.64, 1.02051, -1017.77, 0.99531, -1016.46, -0.00812001, -0.00811987, -0.00811979, 0.00108045, 1.11168, 0.0422528, 0.106732, 0.0289904
187.201, 1.02689, -1026.41, 1.02091, -1026.54, 0.995712, -1025.23, -0.00811994, -0.00811984, -0.00811979, 0.00108045, 1.11168, 0.0422527, 0.106814, 0.0292108
187.252, 1.02728, -1035.17, 1.02129, -1035.31, 0.996099, -1034, -0.00811491, -0.00811481, -0.00811474, 0.00108045, 1.11168, 0.0422531, 0.106891, 0.0294286
187.302, 1.02765, -1043.94, 1.02165, -1044.07, 0.996471, -1042.76, -0.00811488, -0.0081148, -0.00811472, 0.00108045, 1.11168, 0.0422537, 0.106966, 0.0296437
187.353, 1.028, -1052.7, 1.02201, -1052.83, 0.99683, -1051.53, -0.00811496, -0.00811486, -0.0081148, 0.00108045, 1.11168, 0.0422541, 0.107039, 0.0298562
187.403, 1.02834, -1061.46, 1.02234, -1061.59, 0.997174, -1060.29, -0.00810989, -0.00810981, -0.00810974, 0.00108045, 1.11168, 0.0422543, 0.107108, 0.0300659
187.453, 1.02867, -1070.22, 1.02267, -1070.35, 0.997503, -1069.04, -0.00810698, -0.0081069, -0.00810685, 0.00108045, 1.11168, 0.0422546, 0.107174, 0.0302729
187.504, 1.02898, -1078.97, 1.02298, -1079.1, 0.997819, -1077.8, -0.00810486, -0.00810479, -0.00810472, 0.00108045, 1.11168, 0.0422549, 0.107238, 0.0304772
187.554, 1.02928, -1087.72, 1.02328, -1087.85, 0.998122, -1086.55, -0.00809958, -0.00809952, -0.00809945, 0.00108045, 1.11168, 0.0422553, 0.107299, 0.0306787
187.604, 1.02957, -1096.47, 1.02356, -1096.6, 0.998411, -1095.29, -0.00809477, -0.00809469, -0.00809464, 0.00108045, 1.11168, 0.0422553, 0.107357, 0.0308774
187.655, 1.02984, -1105.2, 1.02383, -1105.34, 0.998686, -1104.03, -0.00808928, -0.00808923, -0.00808917, 0.00108045, 1.11168, 0.0422558, 0.107413, 0.0310734
187.705, 1.0301, -1113.94, 1.02409, -1114.07, 0.998949, -1112.76, -0.00808467, -0.00808463, -0.00808458, 0.00108045, 1.11168, 0.0422558, 0.107466, 0.0312665
187.755, 1.03035, -1122.66, 1.02434, -1122.8, 0.999199, -1121.49, -0.00807963, -0.00807958, -0.00807951, 0.00108045, 1.11168, 0.0422563, 0.107517, 0.0314568
187.806, 1.03058, -1131.38, 1.02457, -1131.52, 0.999436, -1130.21, -0.00806973, -0.00806965, -0.00806959, 0.00108045, 1.11168, 0.0422565, 0.107565, 0.0316442
187.856, 1.0308, -1140.1, 1.02479, -1140.23, 0.999661, -1138.92, -0.00806443, -0.00806441, -0.00806439, 0.00108045, 1.11168, 0.0422567, 0.10761, 0.0318288
187.906, 1.03101, -1148.8, 1.025, -1148.93, 0.999874, -1147.62, -0.00805483, -0.0080548, -0.00805479, 0.00108045, 1.11168, 0.0422565, 0.107653, 0.0320106
187.957, 1.03121, -1157.5, 1.0252, -1157.63, 1.00007, -1156.32, -0.00804923, -0.00804925, -0.00804921, 0.00108045, 1.11168, 0.0422569, 0.107693, 0.0321895
188, 1.03137, -1164.97, 1.02536, -1165.1, 1.00024, -1163.79, -0.00803954, -0.00803955, -0.00803948, 0.00108045, 1.11168, 0.042257, 0.107726, 0.032341
188, 1.03138, -1164.97, 1.02536, -1165.1, 1.00024, -1163.79, -0.00803954, -0.00803955, -0.00803948, 0.00108045, 1.11168, 0.0422582, 0.107723, 0.0323421
188.05, 1.03155, -1173.64, 1.02554, -1173.78, 1.00042, -1172.47, -0.00803285, -0.00803283, -0.00803286, 0.00108045, 1.11168, 0.0422571, 0.107762, 0.0325145
188.101, 1.03172, -1182.31, 1.0257, -1182.44, 1.00059, -1181.14, -0.00802405, -0.00802397, -0.00802396, 0.00108045, 1.11168, 0.0422574, 0.107797, 0.0326852
188.151, 1.03187, -1190.97, 1.02586, -1191.1, 1.00074, -1189.79, -0.00801392, -0.00801389, -0.00801391, 0.00108045, 1.11168, 0.0422573, 0.107828, 0.0328529
188.202, 1.03202, -1199.62, 1.026, -1199.75, 1.00089, -1198.44, -0.00800382, -0.00800384, -0.00800374, 0.00108045, 1.11168, 0.0422582, 0.107858, 0.0330177
188.252, 1.03215, -1208.26, 1.02613, -1208.39, 1.00102, -1207.08, -0.00799377, -0.00799368, -0.00799363, 0.00108045, 1.11168, 0.0422583, 0.107885, 0.0331796
188.302, 1.03228, -1216.88, 1.02626, -1217.01, 1.00115, -1215.7, -0.00798354, -0.0079835, -0.00798348, 0.00108045, 1.11168, 0.0422574, 0.10791, 0.0333386
188.353, 1.03239, -1225.49, 1.02637, -1225.63, 1.00126, -1224.32, -0.00796969, -0.0079697, -0.00796951, 0.00108045, 1.11168, 0.042258, 0.107933, 0.0334947
188.403, 1.03249, -1234.09, 1.02647, -1234.23, 1.00137, -1232.92, -0.00795859, -0.00795857, -0.00795855, 0.00108045, 1.11168, 0.0422579, 0.107955, 0.0336479
188.453, 1.03259, -1242.68, 1.02657, -1242.81, 1.00146, -1241.51, -0.00794814, -0.00794809, -0.00794796, 0.00108045, 1.11168, 0.0422582, 0.107974, 0.0337982
188.504, 1.03267, -1251.26, 1.02665, -1251.39, 1.00155, -1250.08, -0.00793395, -0.00793397, -0.00793394, 0.00108045, 1.11168, 0.042258, 0.107992, 0.0339456
188.554, 1.03275, -1259.82, 1.02672, -1259.95, 1.00162, -1258.64, -0.00792294, -0.00792304, -0.00792303, 0.00108045, 1.11168, 0.0422583, 0.108006, 0.03409
188.604, 1.03281, -1268.37, 1.02679, -1268.5, 1.00169, -1267.19, -0.00790848, -0.00790845, -0.00790846, 0.00108045, 1.11168, 0.0422583, 0.108019, 0.0342316
188.655, 1.03287, -1276.9, 1.02685, -1277.03, 1.00175, -1275.72, -0.00789762, -0.00789761, -0.00789744, 0.00108045, 1.11168, 0.0422584, 0.108031, 0.0343702
188.705, 1.03292, -1285.42, 1.02689, -1285.55, 1.00179, -1284.24, -0.00788269, -0.00788265, -0.00788265, 0.00108045, 1.11168, 0.0422584, 0.108041, 0.034506
188.755, 1.03295, -1293.92, 1.02693, -1294.06, 1.00183, -1292.75, -0.00786804, -0.00786802, -0.00786788, 0.00108045, 1.11168, 0.0422582, 0.108049, 0.0346388
188.806, 1.03299, -1302.41, 1.02696, -1302.55, 1.00186, -1301.24, -0.00785426, -0.00785427, -0.00785427, 0.00108045, 1.11168, 0.0422584, 0.108055, 0.0347688
188.856, 1.03301, -1310.89, 1.02699, -1311.02, 1.00189, -1309.71, -0.00784219, -0.00784209, -0.00784203, 0.00108045, 1.11168, 0.0422579, 0.10806, 0.0348958
188.906, 1.03302, -1319.35, 1.027, -1319.48, 1.0019, -1318.17, -0.00782671, -0.0078267, -0.00782674, 0.00108045, 1.11168, 0.0422587, 0.108063, 0.03502
188.957, 1.03303, -1327.79, 1.02701, -1327.92, 1.00191, -1326.61, -0.00781172, -0.0078118, -0.00781179, 0.00108045, 1.11168, 0.0422588, 0.108064, 0.0351414
189, 1.03303, -1335.04, 1.02701, -1335.17, 1.00191, -1333.86, -0.00779725, -0.00779724, -0.00779721, 0.00108045, 1.11168, 0.0422586, 0.108064, 0.0352434
189, 1.03303, -1335.04, 1.02701, -1335.17, 1.00191, -1333.86, -0.00779725, -0.00779724, -0.00779721, 0.00108045, 1.11168, 0.0422596, 0.108062, 0.0352443
189.05, 1.03302, -1343.45, 1.027, -1343.58, 1.0019, -1342.27, -0.00778193, -0.00778186, -0.00778193, 0.00108045, 1.11168, 0.0422586, 0.108062, 0.0353595
189.101, 1.03301, -1351.84, 1.02698, -1351.97, 1.00189, -1350.67, -0.0077653, -0.0077653, -0.0077653, 0.00108045, 1.11168, 0.0422585, 0.108059, 0.0354726
189.151, 1.03298, -1360.22, 1.02696, -1360.35, 1.00186, -1359.04, -0.00775121, -0.00775122, -0.00775123, 0.00108045, 1.11168, 0.0422584, 0.108054, 0.035583
189.202, 1.03295, -1368.58, 1.02693, -1368.71, 1.00183, -1367.4, -0.0077357, -0.0077357, -0.00773571, 0.00108045, 1.11168, 0.0422587, 0.108049, 0.0356905
189.252, 1.03292, -1376.93, 1.0269, -1377.06, 1.0018, -1375.75, -0.00771941, -0.00771949, -0.00771947, 0.00108045, 1.11168, 0.0422585, 0.108042, 0.0357952
189.302, 1.03287, -1385.25, 1.02685, -1385.38, 1.00175, -1384.07, -0.00770164, -0.00770163, -0.00770162, 0.00108045, 1.11168, 0.0422588, 0.108033, 0.0358972
189.353, 1.03282, -1393.56, 1.0268, -1393.69, 1.0017, -1392.38, -0.00768458, -0.00768459, -0.00768461, 0.00108045, 1.11168, 0.0422585, 0.108022, 0.0359963
189.403, 1.03277, -1401.85, 1.02675, -1401.98, 1.00165, -1400.67, -0.00767019, -0.00767019, -0.00767021, 0.00108045, 1.11168, 0.042258, 0.108011, 0.0360927
189.453, 1.03271, -1410.12, 1.02668, -1410.25, 1.00158, -1408.94, -0.00765104, -0.00765107, -0.00765107, 0.00108045, 1.11168, 0.0422581, 0.107998, 0.0361864
189.504, 1.03264, -1418.37, 1.02662, -1418.5, 1.00151, -1417.2, -0.00763419, -0.00763421, -0.00763423, 0.00108045, 1.11168, 0.0422583, 0.107983, 0.0362773
189.554, 1.03256, -1426.61, 1.02654, -1426.74, 1.00144, -1425.43, -0.00761735, -0.00761736, -0.00761738, 0.00108045, 1.11168, 0.0422581, 0.107969, 0.0363654
189.604, 1.03248, -1434.82, 1.02646, -1434.95, 1.00135, -1433.65, -0.00759966, -0.00759968, -0.0075997, 0.00108045, 1.11168, 0.0422582, 0.107951, 0.0364509
189.655, 1.03239, -1443.02, 1.02637, -1443.15, 1.00127, -1441.84, -0.00758184, -0.00758186, -0.00758188, 0.00108045, 1.11168, 0.042258, 0.107934, 0.0365337
189.705, 1.0323, -1451.2, 1.02628, -1451.33, 1.00117, -1450.02, -0.00756334, -0.00756336, -0.00756338, 0.00108045, 1.11168, 0.0422579, 0.107916, 0.0366138
189.755, 1.0322, -1459.35, 1.02619, -1459.49, 1.00108, -1458.18, -0.00754581, -0.00754584, -0.00754587, 0.00108045, 1.11168, 0.0422578, 0.107895, 0.0366913
189.806, 1.0321, -1467.49, 1.02608, -1467.62, 1.00097, -1466.32, -0.00752868, -0.00752869, -0.00752873, 0.00108045, 1.11168, 0.0422578, 0.107875, 0.0367662
189.856, 1.03199, -1475.61, 1.02598, -1475.74, 1.00086, -1474.43, -0.00750939, -0.00750945, -0.00750945, 0.00108045, 1.11168, 0.0422577, 0.107852, 0.0368384
189.907, 1.03188, -1483.71, 1.02586, -1483.84, 1.00075, -1482.53, -0.00749291, -0.00749293, -0.00749293, 0.00108045, 1.11168, 0.0422573, 0.107829, 0.036908
189.957, 1.03176, -1491.79, 1.02574, -1491.92, 1.00063, -1490.61, -0.00747209, -0.00747213, -0.00747218, 0.00108045, 1.11168, 0.0422575, 0.107804, 0.0369751
190, 1.03165, -1498.72, 1.02564, -1498.85, 1.00052, -1497.55, -0.00745792, -0.007458, -0.00745797, 0.00108045, 1.11168, 0.0422571, 0.107783, 0.0370307
190, 1.03165, -1498.72, 1.02564, -1498.85, 1.00052, -1497.55, -0.00745792, -0.007458, -0.00745797, 0.00108045, 1.11168, 0.0422587, 0.107781, 0.0370314
190.051, 1.03153, -1506.76, 1.02551, -1506.9, 1.00039, -1505.59, -0.0074386, -0.0074386, -0.00743866, 0.00108045, 1.11168, 0.0422575, 0.107757, 0.0370931
190.101, 1.03139, -1514.79, 1.02538, -1514.92, 1.00026, -1513.61, -0.00742095, -0.00742094, -0.00742103, 0.00108045, 1.11168, 0.0422571, 0.10773, 0.0371529
190.151, 1.03126, -1522.79, 1.02524, -1522.92, 1.00012, -1521.61, -0.00740182, -0.00740179, -0.00740183, 0.00108045, 1.11168, 0.0422569, 0.107703, 0.0372102
190.202, 1.03112, -1530.77, 1.0251, -1530.9, 0.999978, -1529.59, -0.00738252, -0.00738249, -0.00738253, 0.00108045, 1.11168, 0.0422569, 0.107673, 0.0372651
190.252, 1.03097, -1538.73, 1.02496, -1538.86, 0.999831, -1537.56, -0.0073638, -0.00736383, -0.00736381, 0.00108045, 1.11168, 0.0422567, 0.107644, 0.0373175
190.302, 1.03082, -1546.67, 1.02481, -1546.81, 0.99968, -1545.5, -0.00734654, -0.00734654, -0.00734658, 0.00108045, 1.11168, 0.0422565, 0.107613, 0.0373675
190.353, 1.03067, -1554.59, 1.02466, -1554.73, 0.999524, -1553.42, -0.00732656, -0.0073266, -0.0073266, 0.00108045, 1.11168, 0.0422566, 0.107582, 0.0374151
190.403, 1.03051, -1562.5, 1.0245, -1562.63, 0.999366, -1561.32, -0.00730675, -0.00730691, -0.0073069, 0.00108045, 1.11168, 0.0422566, 0.10755, 0.0374603
190.453, 1.03035, -1570.38, 1.02434, -1570.51, 0.999202, -1569.2, -0.00728772, -0.00728789, -0.00728785, 0.00108045, 1.11168, 0.0422561, 0.107517, 0.0375032
190.504, 1.03018, -1578.23, 1.02418, -1578.37, 0.999035, -1577.06, -0.00727028, -0.00727037, -0.00727046, 0.00108045, 1.11168, 0.0422561, 0.107483, 0.0375437
190.554, 1.03002, -1586.07, 1.02401, -1586.21, 0.998865, -1584.9, -0.0072499, -0.00724997, -0.00724988, 0.00108045, 1.11168, 0.0422556, 0.107448, 0.037582
190.604, 1.02984, -1593.89, 1.02384, -1594.02, 0.99869, -1592.72, -0.00723098, -0.007231, -0.00723096, 0.00108045, 1.11168, 0.0422558, 0.107414, 0.0376179
190.655, 1.02967, -1601.69, 1.02366, -1601.82, 0.998512, -1600.51, -0.00721199, -0.007212, -0.00721206, 0.00108045, 1.11168, 0.0422556, 0.107377, 0.0376516
190.705, 1.02949, -1609.47, 1.02348, -1609.6, 0.998331, -1608.29, -0.00719466, -0.00719476, -0.00719481, 0.00108045, 1.11168, 0.0422554, 0.107341, 0.0376831
190.755, 1.0293, -1617.22, 1.0233, -1617.36, 0.998146, -1616.05, -0.00717458, -0.00717464, -0.00717466, 0.00108045, 1.11168, 0.0422553, 0.107303, 0.0377124
190.806, 1.02912, -1624.96, 1.02312, -1625.09, 0.997958, -1623.78, -0.00715471, -0.00715464, -0.00715466, 0.00108045, 1.11168, 0.0422552, 0.107266, 0.0377395
190.856, 1.02893, -1632.67, 1.02293, -1632.81, 0.997766, -1631.5, -0.00713514, -0.00713516, -0.0071351, 0.00108045, 1.11168, 0.0422551, 0.107227, 0.0377644
190.907, 1.02874, -1640.37, 1.02274, -1640.5, 0.997573, -1639.19, -0.00711732, -0.00711743, -0.00711751, 0.00108045, 1.11168, 0.0422545, 0.107188, 0.0377873
190.957, 1.02854, -1648.04, 1.02254, -1648.17, 0.997375, -1646.87, -0.00709831, -0.00709834, -0.00709851, 0.00108045, 1.11168, 0.0422548, 0.107148, 0.037808
191, 1.02837, -1654.63, 1.02237, -1654.76, 0.997204, -1653.45, -0.00708216, -0.00708214, -0.00708232, 0.00108045, 1.11168, 0.0422549, 0.107113, 0.0378242
191, 1.02837, -1654.63, 1.02237, -1654.76, 0.997204, -1653.45, -0.00708216, -0.00708214, -0.00708232, 0.00108045, 1.11168, 0.0422559, 0.107112, 0.0378246
191.051, 1.02817, -1662.26, 1.02217, -1662.39, 0.997001, -1661.09, -0.00706333, -0.00706337, -0.00706348, 0.00108045, 1.11168, 0.0422546, 0.107072, 0.0378411
191.101, 1.02797, -1669.88, 1.02197, -1670.01, 0.996796, -1668.7, -0.00704332, -0.0070434, -0.00704342, 0.00108045, 1.11168, 0.0422539, 0.107031, 0.037856
191.151, 1.02776, -1677.47, 1.02177, -1677.6, 0.996589, -1676.3, -0.00702415, -0.00702419, -0.0070243, 0.00108045, 1.11168, 0.0422541, 0.106989, 0.0378689
191.202, 1.02755, -1685.05, 1.02156, -1685.18, 0.996378, -1683.87, -0.00700727, -0.00700738, -0.00700738, 0.00108045, 1.11168, 0.042254, 0.106947, 0.0378798
191.252, 1.02734, -1692.6, 1.02135, -1692.73, 0.996165, -1691.43, -0.00698685, -0.00698687, -0.00698694, 0.00108045, 1.11168, 0.0422535, 0.106904, 0.0378888
191.302, 1.02713, -1700.14, 1.02114, -1700.27, 0.99595, -1698.96, -0.00696795, -0.00696799, -0.00696803, 0.00108045, 1.11168, 0.0422534, 0.106861, 0.0378959
191.353, 1.02691, -1707.65, 1.02093, -1707.78, 0.995733, -1706.48, -0.00694967, -0.00694968, -0.00694978, 0.00108045, 1.11168, 0.0422532, 0.106818, 0.0379011
191.403, 1.0267, -1715.14, 1.02071, -1715.28, 0.995513, -1713.97, -0.0069318, -0.00693188, -0.0069319, 0.00108045, 1.11168, 0.0422531, 0.106773, 0.0379045
191.453, 1.02648, -1722.62, 1.02049, -1722.75, 0.995291, -1721.44, -0.0069122, -0.00691229, -0.00691225, 0.00108045, 1.11168, 0.0422528, 0.106728, 0.0379061
191.504, 1.02626, -1730.07, 1.02027, -1730.2, 0.995067, -1728.9, -0.00689483, -0.00689489, -0.00689489, 0.00108045, 1.11168, 0.0422528, 0.106684, 0.0379058
191.554, 1.02603, -1737.51, 1.02005, -1737.64, 0.994842, -1736.33, -0.00687547, -0.00687555, -0.00687562, 0.00108045, 1.11168, 0.0422523, 0.106638, 0.0379038
191.604, 1.02581, -1744.92, 1.01983, -1745.05, 0.994614, -1743.75, -0.00685734, -0.0068574, -0.00685745, 0.00108045, 1.11168, 0.0422524, 0.106593, 0.0379001
191.655, 1.02558, -1752.32, 1.0196, -1752.45, 0.994385, -1751.14, -0.00684062, -0.00684071, -0.00684077, 0.00108045, 1.11168, 0.042252, 0.106547, 0.0378946
191.705, 1.02535, -1759.69, 1.01937, -1759.82, 0.994153, -1758.52, -0.00682094, -0.00682098, -0.00682105, 0.00108045, 1.11168, 0.0422522, 0.1065, 0.0378875
191.756, 1.02512, -1767.05, 1.01914, -1767.18, 0.993922, -1765.87, -0.00680499, -0.00680504, -0.00680511, 0.00108045, 1.11168, 0.0422517, 0.106454, 0.0378787
191.806, 1.02489, -1774.38, 1.01891, -1774.52, 0.993687, -1773.21, -0.00678415, -0.0067842, -0.00678425, 0.00108045, 1.11168, 0.0422517, 0.106406, 0.0378683
191.856, 1.02466, -1781.7, 1.01868, -1781.83, 0.993451, -1780.53, -0.00676849, -0.00676853, -0.00676859, 0.00108045, 1.11168, 0.0422515, 0.106359, 0.0378563
191.907, 1.02442, -1789, 1.01845, -1789.13, 0.993213, -1787.82, -0.00674996, -0.00675001, -0.00675007, 0.00108045, 1.11168, 0.0422512, 0.10631, 0.0378428
191.957, 1.02419, -1796.28, 1.01821, -1796.41, 0.992976, -1795.1, -0.00673419, -0.00673424, -0.0067343, 0.00108045, 1.11168, 0.042251, 0.106263, 0.0378277
192, 1.02398, -1802.52, 1.01801, -1802.66, 0.992771, -1801.35, -0.0067192, -0.00671926, -0.00671931, 0.00108045, 1.11168, 0.0422508, 0.106222, 0.0378135
192, 1.02398, -1802.52, 1.01801, -1802.66, 0.992771, -1801.35, -0.0067192, -0.00671926, -0.00671931, 0.00108045, 1.11168, 0.0422518, 0.10622, 0.0378137
192.051, 1.02374, -1809.77, 1.01777, -1809.9, 0.99253, -1808.59, -0.00669975, -0.00669982, -0.00669987, 0.00108045, 1.11168, 0.0422505, 0.106173, 0.0377957
192.101, 1.0235, -1816.99, 1.01753, -1817.12, 0.992287, -1815.82, -0.00668343, -0.00668348, -0.00668358, 0.00108045, 1.11168, 0.0422505, 0.106125, 0.0377764
192.151, 1.02326, -1824.2, 1.01729, -1824.33, 0.992043, -1823.03, -0.00666562, -0.00666567, -0.00666574, 0.00108045, 1.11168, 0.0422504, 0.106076, 0.0377556
192.202, 1.02302, -1831.39, 1.01706, -1831.52, 0.9918, -1830.21, -0.00664875, -0.00664882, -0.00664886, 0.00108045, 1.11168, 0.0422503, 0.106028, 0.0377335
192.252, 1.02278, -1838.56, 1.01682, -1838.69, 0.991556, -1837.38, -0.00663041, -0.00663047, -0.00663056, 0.00108045, 1.11168, 0.0422495, 0.105979, 0.03771
192.302, 1.02254, -1845.71, 1.01658, -1845.84, 0.991313, -1844.54, -0.00661792, -0.00661797, -0.00661806, 0.00108045, 1.11168, 0.0422497, 0.10593, 0.0376852
192.353, 1.0223, -1852.84, 1.01634, -1852.98, 0.991068, -1851.67, -0.00659786, -0.0065979, -0.00659799, 0.00108045, 1.11168, 0.042249, 0.105881, 0.037659
192.403, 1.02205, -1859.96, 1.01609, -1860.09, 0.990821, -1858.79, -0.00658318, -0.00658323, -0.00658327, 0.00108045, 1.11168, 0.0422488, 0.105832, 0.0376316
192.453, 1.02181, -1867.06, 1.01585, -1867.19, 0.990572, -1865.89, -0.00656673, -0.00656684, -0.00656691, 0.00108045, 1.11168, 0.0422487, 0.105782, 0.037603
192.504, 1.02156, -1874.14, 1.0156, -1874.27, 0.990323, -1872.97, -0.00654784, -0.00654792, -0.00654793, 0.00108045, 1.11168, 0.0422489, 0.105731, 0.0375731
192.554, 1.02131, -1881.2, 1.01536, -1881.34, 0.990073, -1880.03, -0.00653696, -0.00653706, -0.00653711, 0.00108045, 1.11168, 0.0422486, 0.105682, 0.037542
192.604, 1.02107, -1888.25, 1.01511, -1888.39, 0.989824, -1887.08, -0.00651695, -0.00651705, -0.00651709, 0.00108045, 1.11168, 0.0422484, 0.105632, 0.0375098
192.655, 1.02082, -1895.28, 1.01487, -1895.42, 0.989575, -1894.11, -0.00650654, -0.00650666, -0.00650668, 0.00108045, 1.11168, 0.0422481, 0.105582, 0.0374764
192.705, 1.02057, -1902.29, 1.01462, -1902.43, 0.989325, -1901.12, -0.00648652, -0.00648653, -0.00648658, 0.00108045, 1.11168, 0.0422482, 0.105533, 0.0374419
192.756, 1.02033, -1909.29, 1.01437, -1909.43, 0.989076, -1908.12, -0.0064763, -0.00647634, -0.0064764, 0.00108045, 1.11168, 0.0422479, 0.105483, 0.0374064
192.806, 1.02008, -1916.27, 1.01413, -1916.41, 0.988826, -1915.1, -0.00645623, -0.00645623, -0.00645631, 0.00108045, 1.11168, 0.0422479, 0.105433, 0.0373698
192.856, 1.01983, -1923.24, 1.01388, -1923.37, 0.988577, -1922.07, -0.00644578, -0.00644582, -0.00644603, 0.00108045, 1.11168, 0.0422472, 0.105383, 0.0373321
192.907, 1.01959, -1930.18, 1.01364, -1930.32, 0.988328, -1929.01, -0.00642587, -0.00642596, -0.00642594, 0.00108045, 1.11168, 0.0422474, 0.105333, 0.0372935
192.957, 1.01934, -1937.12, 1.01339, -1937.25, 0.988078, -1935.95, -0.00641555, -0.00641557, -0.00641561, 0.00108045, 1.11168, 0.0422471, 0.105283, 0.0372539
193, 1.01913, -1943.06, 1.01318, -1943.2, 0.987864, -1941.89, -0.00639771, -0.00639782, -0.00639791, 0.00108045, 1.11168, 0.0422466, 0.105241, 0.0372191
193, 1.01913, -1943.06, 1.01318, -1943.2, 0.987864, -1941.89, -0.00639771, -0.00639782, -0.00639791, 0.00108045, 1.11168, 0.0422474, 0.105239, 0.0372191
193.051, 1.01888, -1949.97, 1.01294, -1950.1, 0.987615, -1948.8, -0.00638343, -0.00638346, -0.00638351, 0.00108045, 1.11168, 0.042247, 0.105191, 0.0371777
193.101, 1.01863, -1956.86, 1.01269, -1956.99, 0.987365, -1955.69, -0.00637514, -0.0063752, -0.00637518, 0.00108045, 1.11168, 0.0422467, 0.105141, 0.0371355
193.151, 1.01839, -1963.73, 1.01245, -1963.86, 0.987121, -1962.56, -0.00635522, -0.00635519, -0.00635529, 0.00108045, 1.11168, 0.0422461, 0.105092, 0.0370924
193.202, 1.01815, -1970.58, 1.01221, -1970.72, 0.986876, -1969.41, -0.00634432, -0.00634451, -0.00634454, 0.00108045, 1.11168, 0.0422461, 0.105043, 0.0370485
193.252, 1.01791, -1977.43, 1.01197, -1977.56, 0.986632, -1976.26, -0.00633012, -0.0063302, -0.00633038, 0.00108045, 1.11168, 0.0422459, 0.104995, 0.0370038
193.302, 1.01767, -1984.25, 1.01173, -1984.39, 0.986388, -1983.08, -0.00631455, -0.00631447, -0.00631459, 0.00108045, 1.11168, 0.0422456, 0.104946, 0.0369583
193.353, 1.01743, -1991.07, 1.01149, -1991.2, 0.986145, -1989.9, -0.00630399, -0.00630401, -0.00630405, 0.00108045, 1.11168, 0.0422454, 0.104897, 0.036912
193.403, 1.01719, -1997.87, 1.01125, -1998, 0.985901, -1996.7, -0.00629407, -0.00629415, -0.00629433, 0.00108045, 1.11168, 0.0422454, 0.104849, 0.036865
193.453, 1.01694, -2004.65, 1.01101, -2004.79, 0.985658, -2003.48, -0.00627429, -0.00627443, -0.00627438, 0.00108045, 1.11168, 0.0422452, 0.1048, 0.0368173
193.504, 1.0167, -2011.42, 1.01077, -2011.56, 0.985415, -2010.25, -0.00626186, -0.00626192, -0.00626198, 0.00108045, 1.11168, 0.0422446, 0.104752, 0.0367689
193.554, 1.01647, -2018.18, 1.01054, -2018.31, 0.985176, -2017.01, -0.00625371, -0.00625382, -0.00625387, 0.00108045, 1.11168, 0.042245, 0.104704, 0.0367198
193.605, 1.01623, -2024.92, 1.0103, -2025.06, 0.984937, -2023.75, -0.00624353, -0.00624368, -0.00624372, 0.00108045, 1.11168, 0.0422447, 0.104657, 0.0366702
193.655, 1.016, -2031.65, 1.01007, -2031.79, 0.984699, -2030.48, -0.00622396, -0.00622421, -0.00622417, 0.00108045, 1.11168, 0.0422444, 0.104609, 0.0366198
193.705, 1.01576, -2038.37, 1.00983, -2038.51, 0.984461, -2037.2, -0.0062133, -0.00621338, -0.00621338, 0.00108045, 1.11168, 0.0422437, 0.104563, 0.036569
193.756, 1.01553, -2045.07, 1.0096, -2045.21, 0.984224, -2043.91, -0.00620157, -0.0062016, -0.00620168, 0.00108045, 1.11168, 0.0422436, 0.104516, 0.0365176
193.806, 1.01529, -2051.77, 1.00937, -2051.9, 0.98399, -2050.6, -0.00619293, -0.00619304, -0.00619309, 0.00108045, 1.11168, 0.042244, 0.104469, 0.0364657
193.856, 1.01506, -2058.45, 1.00914, -2058.58, 0.983758, -2057.28, -0.00618285, -0.00618288, -0.00618288, 0.00108045, 1.11168, 0.0422435, 0.104423, 0.0364132
193.907, 1.01483, -2065.11, 1.00891, -2065.25, 0.983525, -2063.95, -0.00617273, -0.00617277, -0.00617279, 0.00108045, 1.11168, 0.0422435, 0.104376, 0.0363603
193.957, 1.01461, -2071.77, 1.00869, -2071.9, 0.983294, -2070.6, -0.00615675, -0.0061568, -0.00615681, 0.00108045, 1.11168, 0.0422433, 0.10433, 0.0363069
194, 1.01441, -2077.48, 1.00849, -2077.62, 0.983097, -2076.31, -0.00615249, -0.0061525, -0.00615255, 0.00108045, 1.11168, 0.0422433, 0.104291, 0.0362606
194, 1.01441, -2077.48, 1.00849, -2077.62, 0.983097, -2076.31, -0.00615249, -0.0061525, -0.00615255, 0.00108045, 1.11168, 0.0422441, 0.104289, 0.0362605
194.051, 1.01419, -2084.11, 1.00827, -2084.25, 0.98287, -2082.95, -0.00613648, -0.00613649, -0.00613658, 0.00108045, 1.11168, 0.042243, 0.104246, 0.0362064
194.101, 1.01396, -2090.74, 1.00805, -2090.87, 0.982643, -2089.57, -0.00612446, -0.00612454, -0.00612459, 0.00108045, 1.11168, 0.0422427, 0.104201, 0.0361519
194.151, 1.01374, -2097.35, 1.00782, -2097.48, 0.982417, -2096.18, -0.0061138, -0.00611388, -0.00611392, 0.00108045, 1.11168, 0.0422429, 0.104157, 0.0360969
194.202, 1.01352, -2103.95, 1.0076, -2104.08, 0.982195, -2102.78, -0.00610329, -0.00610334, -0.00610341, 0.00108045, 1.11168, 0.0422425, 0.104112, 0.0360416
194.252, 1.0133, -2110.53, 1.00739, -2110.67, 0.981974, -2109.37, -0.00609357, -0.00609358, -0.00609367, 0.00108045, 1.11168, 0.0422424, 0.104068, 0.035986
194.302, 1.01308, -2117.11, 1.00717, -2117.25, 0.981753, -2115.94, -0.00608399, -0.00608404, -0.00608413, 0.00108045, 1.11168, 0.0422424, 0.104025, 0.0359301
194.353, 1.01287, -2123.68, 1.00696, -2123.82, 0.981535, -2122.51, -0.00607713, -0.00607724, -0.00607727, 0.00108045, 1.11168, 0.0422416, 0.103981, 0.0358739
194.403, 1.01265, -2130.24, 1.00674, -2130.37, 0.98132, -2129.07, -0.00607155, -0.00607158, -0.00607163, 0.00108045, 1.11168, 0.0422418, 0.103938, 0.0358175
194.453, 1.01244, -2136.78, 1.00653, -2136.92, 0.981105, -2135.62, -0.00606135, -0.00606139, -0.00606143, 0.00108045, 1.11168, 0.0422415, 0.103897, 0.0357608
194.504, 1.01223, -2143.32, 1.00632, -2143.46, 0.980891, -2142.15, -0.00605126, -0.00605133, -0.00605136, 0.00108045, 1.11168, 0.0422416, 0.103854, 0.0357038
194.554, 1.01202, -2149.85, 1.00612, -2149.98, 0.980682, -2148.68, -0.00604087, -0.00604093, -0.00604097, 0.00108045, 1.11168, 0.0422415, 0.103812, 0.0356467
194.605, 1.01182, -2156.36, 1.00591, -2156.5, 0.980474, -2155.2, -0.00603101, -0.00603106, -0.00603111, 0.00108045, 1.11168, 0.0422412, 0.103771, 0.0355895
194.655, 1.01161, -2162.87, 1.00571, -2163.01, 0.980266, -2161.71, -0.00602092, -0.00602097, -0.00602101, 0.00108045, 1.11168, 0.0422411, 0.10373, 0.035532
194.705, 1.01141, -2169.37, 1.00551, -2169.51, 0.980063, -2168.21, -0.00601133, -0.00601138, -0.00601143, 0.00108045, 1.11168, 0.042241, 0.10369, 0.0354744
194.756, 1.01121, -2175.86, 1.00531, -2176, 0.97986, -2174.7, -0.00601076, -0.00601083, -0.00601086, 0.00108045, 1.11168, 0.0422408, 0.10365, 0.0354167
194.806, 1.01101, -2182.34, 1.00511, -2182.48, 0.979659, -2181.18, -0.00600062, -0.00600065, -0.0060007, 0.00108045, 1.11168, 0.0422409, 0.10361, 0.0353589
194.856, 1.01081, -2188.82, 1.00492, -2188.95, 0.979462, -2187.65, -0.00599057, -0.00599061, -0.00599065, 0.00108045, 1.11168, 0.0422403, 0.103571, 0.0353011
194.907, 1.01062, -2195.28, 1.00472, -2195.42, 0.979265, -2194.12, -0.00598049, -0.00598052, -0.00598057, 0.00108045, 1.11168, 0.0422404, 0.103532, 0.0352431
194.957, 1.01043, -2201.74, 1.00453, -2201.88, 0.979071, -2200.58, -0.00598038, -0.00598039, -0.00598047, 0.00108045, 1.11168, 0.0422402, 0.103494, 0.0351852
195, 1.01027, -2207.29, 1.00437, -2207.42, 0.978907, -2206.12, -0.00597027, -0.00597033, -0.00597034, 0.00108045, 1.11168, 0.0422402, 0.103461, 0.0351353
195, 1.01027, -2207.29, 1.00437, -2207.42, 0.978907, -2206.12, -0.00597027, -0.00597033, -0.00597034, 0.00108045, 1.11168, 0.0422411, 0.103459, 0.0351351
195.051, 1.01008, -2213.73, 1.00418, -2213.87, 0.978716, -2212.56, -0.00596023, -0.00596025, -0.00596028, 0.00108045, 1.11168, 0.04224, 0.103423, 0.0350773
195.101, 1.00989, -2220.17, 1.004, -2220.3, 0.978529, -2219, -0.00596017, -0.00596019, -0.00596025, 0.00108045, 1.11168, 0.0422398, 0.103387, 0.0350193
195.151, 1.00971, -2226.59, 1.00382, -2226.73, 0.978344, -2225.43, -0.00595001, -0.00595008, -0.00595008, 0.00108045, 1.11168, 0.04224, 0.10335, 0.0349613
195.202, 1.00953, -2233.01, 1.00364, -2233.15, 0.97816, -2231.85, -0.00593999, -0.00593999, -0.00594001, 0.00108045, 1.11168, 0.0422397, 0.103313, 0.0349034
195.252, 1.00935, -2239.43, 1.00346, -2239.57, 0.977981, -2238.26, -0.00593992, -0.00593992, -0.00593998, 0.00108045, 1.11168, 0.0422395, 0.103278, 0.0348456
195.302, 1.00917, -2245.84, 1.00328, -2245.97, 0.977802, -2244.67, -0.00592976, -0.00592986, -0.00592988, 0.00108045, 1.11168, 0.0422393, 0.103243, 0.0347878
195.353, 1.009, -2252.24, 1.00311, -2252.38, 0.977627, -2251.07, -0.00592145, -0.00592154, -0.00592152, 0.00108045, 1.11168, 0.0422392, 0.103208, 0.0347301
195.403, 1.00883, -2258.63, 1.00294, -2258.77, 0.977454, -2257.47, -0.00591961, -0.00591963, -0.00591968, 0.00108045, 1.11168, 0.042239, 0.103174, 0.0346725
195.454, 1.00866, -2265.02, 1.00277, -2265.16, 0.977282, -2263.86, -0.00590958, -0.00590965, -0.00590966, 0.00108045, 1.11168, 0.042239, 0.10314, 0.0346151
195.504, 1.00849, -2271.4, 1.00261, -2271.54, 0.977114, -2270.24, -0.00590953, -0.00590955, -0.00590965, 0.00108045, 1.11168, 0.0422388, 0.103107, 0.0345578
195.554, 1.00833, -2277.78, 1.00244, -2277.92, 0.976947, -2276.62, -0.0058994, -0.00589954, -0.00589955, 0.00108045, 1.11168, 0.0422391, 0.103074, 0.0345006
195.605, 1.00817, -2284.15, 1.00228, -2284.29, 0.976784, -2282.99, -0.00589936, -0.00589949, -0.00589948, 0.00108045, 1.11168, 0.0422385, 0.103041, 0.0344436
195.655, 1.00801, -2290.52, 1.00212, -2290.66, 0.976623, -2289.35, -0.00588928, -0.00588935, -0.00588943, 0.00108045, 1.11168, 0.0422383, 0.10301, 0.0343868
195.705, 1.00785, -2296.88, 1.00197, -2297.02, 0.976464, -2295.71, -0.00588931, -0.00588935, -0.00588942, 0.00108045, 1.11168, 0.0422382, 0.102979, 0.0343302
195.756, 1.0077, -2303.23, 1.00181, -2303.37, 0.976309, -2302.07, -0.0058792, -0.00587925, -0.00587934, 0.00108045, 1.11168, 0.0422382, 0.102947, 0.0342738
195.806, 1.00754, -2309.58, 1.00166, -2309.72, 0.976154, -2308.42, -0.005879, -0.00587904, -0.00587899, 0.00108045, 1.11168, 0.0422379, 0.102918, 0.0342177
195.856, 1.00739, -2315.93, 1.00151, -2316.07, 0.976004, -2314.77, -0.00587924, -0.00587928, -0.0058793, 0.00108045, 1.11168, 0.0422382, 0.102888, 0.0341618
195.907, 1.00725, -2322.27, 1.00137, -2322.41, 0.975854, -2321.11, -0.00586914, -0.00586917, -0.00586906, 0.00108045, 1.11168, 0.0422381, 0.102858, 0.0341061
195.957, 1.0071, -2328.61, 1.00122, -2328.75, 0.975708, -2327.45, -0.00586902, -0.00586905, -0.00586919, 0.00108045, 1.11168, 0.0422379, 0.102829, 0.0340507
196, 1.00698, -2334.06, 1.0011, -2334.2, 0.975585, -2332.89, -0.00585909, -0.00585907, -0.00585913, 0.00108045, 1.11168, 0.0422377, 0.102805, 0.0340033
196, 1.00698, -2334.06, 1.0011, -2334.2, 0.975585, -2332.89, -0.00585909, -0.00585907, -0.00585913, 0.00108045, 1.11168, 0.0422387, 0.102803, 0.034003
196.051, 1.00684, -2340.39, 1.00096, -2340.52, 0.975443, -2339.22, -0.00585903, -0.00585904, -0.00585899, 0.00108045, 1.11168, 0.0422376, 0.102776, 0.0339484
196.101, 1.0067, -2346.71, 1.00083, -2346.85, 0.975305, -2345.55, -0.00585888, -0.00585893, -0.00585899, 0.00108045, 1.11168, 0.0422376, 0.10275, 0.0338939
196.151, 1.00657, -2353.04, 1.00069, -2353.17, 0.975168, -2351.87, -0.0058488, -0.0058489, -0.0058489, 0.00108045, 1.11168, 0.0422374, 0.102723, 0.0338396
196.202, 1.00644, -2359.35, 1.00056, -2359.49, 0.975034, -2358.19, -0.00584879, -0.00584881, -0.00584884, 0.00108045, 1.11168, 0.0422373, 0.102697, 0.0337857
196.252, 1.00631, -2365.67, 1.00043, -2365.81, 0.974903, -2364.51, -0.00584875, -0.00584879, -0.00584881, 0.00108045, 1.11168, 0.0422375, 0.102671, 0.0337321
196.302, 1.00618, -2371.99, 1.00031, -2372.12, 0.974774, -2370.82, -0.00584878, -0.00584879, -0.00584887, 0.00108045, 1.11168, 0.0422369, 0.102645, 0.0336789
196.353, 1.00605, -2378.29, 1.00018, -2378.43, 0.974648, -2377.13, -0.00583868, -0.0058386, -0.00583863, 0.00108045, 1.11168, 0.0422373, 0.102621, 0.033626
196.403, 1.00593, -2384.6, 1.00006, -2384.74, 0.974524, -2383.43, -0.00583724, -0.00583724, -0.00583726, 0.00108045, 1.11168, 0.0422373, 0.102596, 0.0335735
196.454, 1.00581, -2390.9, 0.999941, -2391.04, 0.974404, -2389.74, -0.00583859, -0.00583865, -0.00583866, 0.00108045, 1.11168, 0.0422369, 0.102572, 0.0335214
196.504, 1.00569, -2397.21, 0.999824, -2397.35, 0.974284, -2396.05, -0.00583864, -0.00583865, -0.00583879, 0.00108045, 1.11168, 0.0422373, 0.102549, 0.0334697
196.554, 1.00558, -2403.5, 0.99971, -2403.64, 0.974169, -2402.34, -0.00582847, -0.0058286, -0.00582853, 0.00108045, 1.11168, 0.0422366, 0.102527, 0.0334184
196.605, 1.00547, -2409.8, 0.999599, -2409.94, 0.974055, -2408.64, -0.00582851, -0.00582853, -0.00582861, 0.00108045, 1.11168, 0.0422365, 0.102504, 0.0333674
196.655, 1.00536, -2416.09, 0.999489, -2416.23, 0.973944, -2414.93, -0.00582854, -0.00582857, -0.00582859, 0.00108045, 1.11168, 0.0422367, 0.102482, 0.0333169
196.705, 1.00525, -2422.39, 0.999383, -2422.53, 0.973836, -2421.23, -0.00582857, -0.0058286, -0.00582861, 0.00108045, 1.11168, 0.0422366, 0.102461, 0.0332668
196.756, 1.00515, -2428.68, 0.999278, -2428.82, 0.97373, -2427.52, -0.00582856, -0.00582858, -0.00582856, 0.00108045, 1.11168, 0.0422365, 0.10244, 0.0332171
196.806, 1.00504, -2434.98, 0.999177, -2435.12, 0.973627, -2433.82, -0.0058285, -0.00582859, -0.00582861, 0.00108045, 1.11168, 0.0422364, 0.10242, 0.0331679
196.856, 1.00494, -2441.26, 0.999078, -2441.4, 0.973526, -2440.1, -0.00581844, -0.00581846, -0.0058185, 0.00108045, 1.11168, 0.0422364, 0.1024, 0.0331191
196.907, 1.00485, -2447.55, 0.998981, -2447.69, 0.973427, -2446.38, -0.00581844, -0.00581845, -0.00581846, 0.00108045, 1.11168, 0.0422364, 0.102381, 0.0330708
196.957, 1.00475, -2453.83, 0.998887, -2453.97, 0.973332, -2452.67, -0.0058184, -0.00581844, -0.0058184, 0.00108045, 1.11168, 0.0422362, 0.102362, 0.0330229
197, 1.00467, -2459.24, 0.998807, -2459.37, 0.97325, -2458.07, -0.00581838, -0.00581848, -0.00581845, 0.00108045, 1.11168, 0.0422363, 0.102345, 0.0329821
197, 1.00467, -2459.24, 0.998807, -2459.37, 0.97325, -2458.07, -0.00581838, -0.00581848, -0.00581845, 0.00108045, 1.11168, 0.0422371, 0.102344, 0.0329818
197.051, 1.00458, -2465.52, 0.998718, -2465.66, 0.97316, -2464.36, -0.00581846, -0.00581846, -0.00581849, 0.00108045, 1.11168, 0.0422362, 0.102328, 0.0329351
197.101, 1.00449, -2471.8, 0.99863, -2471.94, 0.97307, -2470.64, -0.00581839, -0.00581843, -0.00581843, 0.00108045, 1.11168, 0.0422362, 0.10231, 0.0328886
197.151, 1.00441, -2478.09, 0.998545, -2478.23, 0.972984, -2476.92, -0.00581835, -0.00581838, -0.0058184, 0.00108045, 1.11168, 0.0422363, 0.102293, 0.0328426
197.202, 1.00433, -2484.37, 0.998463, -2484.51, 0.9729, -2483.21, -0.00581841, -0.00581845, -0.00581847, 0.00108045, 1.11168, 0.0422363, 0.102277, 0.032797
197.252, 1.00424, -2490.65, 0.998381, -2490.79, 0.972818, -2489.49, -0.00581837, -0.00581842, -0.00581843, 0.00108045, 1.11168, 0.0422355, 0.102261, 0.032752
197.303, 1.00417, -2496.94, 0.998304, -2497.08, 0.972739, -2495.78, -0.00581835, -0.00581838, -0.00581841, 0.00108045, 1.11168, 0.0422359, 0.102245, 0.0327075
197.353, 1.00409, -2503.22, 0.998228, -2503.36, 0.972662, -2502.06, -0.0058184, -0.00581842, -0.00581844, 0.00108045, 1.11168, 0.0422359, 0.10223, 0.0326635
197.403, 1.00402, -2509.51, 0.998155, -2509.65, 0.972587, -2508.34, -0.00581839, -0.00581841, -0.00581842, 0.00108045, 1.11168, 0.0422357, 0.102215, 0.03262
197.454, 1.00394, -2515.79, 0.998084, -2515.93, 0.972515, -2514.63, -0.00581839, -0.0058184, -0.00581842, 0.00108045, 1.11168, 0.0422356, 0.102202, 0.0325771
197.504, 1.00388, -2522.07, 0.998015, -2522.21, 0.972445, -2520.91, -0.00581837, -0.00581839, -0.00581841, 0.00108045, 1.11168, 0.0422356, 0.102188, 0.0325346
197.554, 1.00381, -2528.36, 0.997949, -2528.5, 0.972378, -2527.2, -0.00581837, -0.00581839, -0.0058184, 0.00108045, 1.11168, 0.0422356, 0.102175, 0.0324927
197.605, 1.00374, -2534.64, 0.997885, -2534.78, 0.972312, -2533.48, -0.00581841, -0.00581839, -0.00581843, 0.00108045, 1.11168, 0.0422358, 0.102162, 0.0324513
197.655, 1.00368, -2540.93, 0.997822, -2541.06, 0.972249, -2539.76, -0.00581835, -0.00581839, -0.00581841, 0.00108045, 1.11168, 0.0422356, 0.102149, 0.0324105
197.705, 1.00362, -2547.21, 0.997763, -2547.35, 0.972189, -2546.05, -0.00581841, -0.00581843, -0.00581844, 0.00108045, 1.11168, 0.0422352, 0.102137, 0.0323702
197.756, 1.00356, -2553.49, 0.997705, -2553.63, 0.97213, -2552.33, -0.0058184, -0.0058184, -0.00581839, 0.00108045, 1.11168, 0.0422355, 0.102125, 0.0323305
197.806, 1.00351, -2559.78, 0.99765, -2559.92, 0.972074, -2558.62, -0.00581839, -0.0058184, -0.00581843, 0.00108045, 1.11168, 0.0422355, 0.102115, 0.0322913
197.856, 1.00346, -2566.06, 0.997597, -2566.2, 0.97202, -2564.9, -0.00581841, -0.00581837, -0.00581839, 0.00108045, 1.11168, 0.0422352, 0.102104, 0.0322527
197.907, 1.0034, -2572.35, 0.997546, -2572.49, 0.971968, -2571.19, -0.00582841, -0.00582845, -0.00582849, 0.00108045, 1.11168, 0.042235, 0.102094, 0.0322146
197.957, 1.00336, -2578.65, 0.997498, -2578.78, 0.971919, -2577.48, -0.00582846, -0.00582845, -0.00582851, 0.00108045, 1.11168, 0.0422354, 0.102084, 0.0321771
198, 1.00331, -2584.06, 0.997457, -2584.2, 0.971878, -2582.9, -0.00582846, -0.00582848, -0.00582851, 0.00108045, 1.11168, 0.0422351, 0.102076, 0.0321453
198, 1.00331, -2584.06, 0.997458, -2584.2, 0.971878, -2582.9, -0.00582846, -0.00582848, -0.00582851, 0.00108045, 1.11168, 0.042236, 0.102074, 0.032145
198.051, 1.00327, -2590.35, 0.997411, -2590.49, 0.971831, -2589.19, -0.0058285, -0.00582846, -0.00582849, 0.00108045, 1.11168, 0.0422354, 0.102066, 0.0321088
198.101, 1.00323, -2596.65, 0.997369, -2596.79, 0.971788, -2595.49, -0.00582848, -0.00582847, -0.00582847, 0.00108045, 1.11168, 0.0422353, 0.102058, 0.0320729
198.151, 1.00318, -2602.94, 0.997328, -2603.08, 0.971747, -2601.78, -0.00582851, -0.0058285, -0.00582845, 0.00108045, 1.11168, 0.0422351, 0.10205, 0.0320375
198.202, 1.00315, -2609.24, 0.997289, -2609.38, 0.971707, -2608.08, -0.00582845, -0.0058285, -0.00582847, 0.00108045, 1.11168, 0.0422351, 0.102041, 0.0320028
198.252, 1.00311, -2615.54, 0.997253, -2615.68, 0.97167, -2614.38, -0.00583855, -0.00583855, -0.00583858, 0.00108045, 1.11168, 0.0422351, 0.102036, 0.0319686
198.303, 1.00307, -2621.84, 0.997218, -2621.98, 0.971634, -2620.68, -0.00583857, -0.00583864, -0.00583865, 0.00108045, 1.11168, 0.0422351, 0.102029, 0.031935
198.353, 1.00304, -2628.15, 0.997184, -2628.29, 0.9716, -2626.99, -0.00583861, -0.00583862, -0.00583864, 0.00108045, 1.11168, 0.042235, 0.102021, 0.0319019
198.403, 1.00301, -2634.45, 0.997154, -2634.59, 0.97157, -2633.29, -0.00583852, -0.0058385, -0.00583858, 0.00108045, 1.11168, 0.0422349, 0.102016, 0.0318694
198.454, 1.00298, -2640.76, 0.997125, -2640.9, 0.97154, -2639.6, -0.00583862, -0.00583867, -0.00583856, 0.00108045, 1.11168, 0.0422349, 0.102009, 0.0318375
198.504, 1.00295, -2647.07, 0.997097, -2647.21, 0.971512, -2645.91, -0.00584853, -0.0058485, -0.00584846, 0.00108045, 1.11168, 0.0422349, 0.102005, 0.0318062
198.554, 1.00293, -2653.39, 0.997073, -2653.53, 0.971487, -2652.22, -0.00584867, -0.00584868, -0.00584867, 0.00108045, 1.11168, 0.042235, 0.101999, 0.0317754
198.605, 1.0029, -2659.7, 0.997049, -2659.84, 0.971463, -2658.54, -0.00584867, -0.00584867, -0.00584867, 0.00108045, 1.11168, 0.0422345, 0.101995, 0.0317453
198.655, 1.00288, -2666.02, 0.997027, -2666.16, 0.97144, -2664.86, -0.00584868, -0.00584873, -0.00584868, 0.00108045, 1.11168, 0.0422347, 0.10199, 0.0317157
198.705, 1.00286, -2672.34, 0.997007, -2672.48, 0.97142, -2671.17, -0.00584874, -0.00584875, -0.00584882, 0.00108045, 1.11168, 0.0422352, 0.101986, 0.0316866
198.756, 1.00284, -2678.66, 0.99699, -2678.8, 0.971403, -2677.5, -0.00585879, -0.0058589, -0.00585885, 0.00108045, 1.11168, 0.0422348, 0.101984, 0.0316582
198.806, 1.00283, -2684.99, 0.996972, -2685.13, 0.971385, -2683.83, -0.00585868, -0.00585879, -0.00585881, 0.00108045, 1.11168, 0.0422347, 0.10198, 0.0316303
198.856, 1.00281, -2691.32, 0.996958, -2691.46, 0.97137, -2690.16, -0.00585879, -0.00585879, -0.00585882, 0.00108045, 1.11168, 0.0422348, 0.101976, 0.031603
198.907, 1.0028, -2697.65, 0.996946, -2697.79, 0.971358, -2696.48, -0.00586132, -0.00586131, -0.00586131, 0.00108045, 1.11168, 0.0422349, 0.101974, 0.0315763
198.957, 1.00279, -2703.98, 0.996935, -2704.12, 0.971346, -2702.82, -0.00586902, -0.0058689, -0.0058689, 0.00108045, 1.11168, 0.0422349, 0.101972, 0.0315501
199, 1.00278, -2709.44, 0.996926, -2709.57, 0.971337, -2708.27, -0.0058689, -0.0058689, -0.0058689, 0.00108045, 1.11168, 0.0422349, 0.101971, 0.0315281
199, 1.00278, -2709.44, 0.996926, -2709.57, 0.971337, -2708.27, -0.0058689, -0.0058689, -0.0058689, 0.00108045, 1.11168, 0.0422358, 0.101968, 0.0315279
199.051, 1.00277, -2715.77, 0.996918, -2715.91, 0.97133, -2714.61, -0.0058689, -0.0058689, -0.0058689, 0.00108045, 1.11168, 0.0422346, 0.101968, 0.031503
199.101, 1.00277, -2722.12, 0.996912, -2722.26, 0.971324, -2720.95, -0.0058789, -0.00587876, -0.00587884, 0.00108045, 1.11168, 0.0422346, 0.101967, 0.0314784
199.152, 1.00276, -2728.47, 0.996907, -2728.6, 0.971318, -2727.3, -0.00587902, -0.00587902, -0.00587902, 0.00108045, 1.11168, 0.0422346, 0.101966, 0.0314545
199.202, 1.00276, -2734.81, 0.996903, -2734.95, 0.971314, -2733.65, -0.00587913, -0.00587911, -0.00587902, 0.00108045, 1.11168, 0.0422351, 0.101966, 0.0314311
199.252, 1.00276, -2741.16, 0.996902, -2741.3, 0.971313, -2740, -0.00587889, -0.00587888, -0.00587894, 0.00108045, 1.11168, 0.0422343, 0.101965, 0.0314082
199.303, 1.00276, -2747.52, 0.996902, -2747.66, 0.971313, -2746.36, -0.00588904, -0.00588914, -0.00588903, 0.00108045, 1.11168, 0.0422346, 0.101965, 0.0313859
199.353, 1.00276, -2753.88, 0.996902, -2754.02, 0.971313, -2752.72, -0.00588909, -0.00588898, -0.00588912, 0.00108045, 1.11168, 0.0422347, 0.101965, 0.0313642
199.403, 1.00276, -2760.24, 0.996904, -2760.38, 0.971315, -2759.08, -0.00588914, -0.00588919, -0.00588914, 0.00108045, 1.11168, 0.0422346, 0.101966, 0.0313431
199.454, 1.00276, -2766.61, 0.996909, -2766.75, 0.971321, -2765.45, -0.00589926, -0.00589924, -0.00589928, 0.00108045, 1.11168, 0.0422348, 0.101967, 0.0313224
199.504, 1.00277, -2772.98, 0.996915, -2773.12, 0.971327, -2771.82, -0.00590005, -0.00590005, -0.00590006, 0.00108045, 1.11168, 0.0422347, 0.101968, 0.0313024
199.554, 1.00278, -2779.35, 0.996921, -2779.49, 0.971333, -2778.19, -0.00589926, -0.00589926, -0.00589926, 0.00108045, 1.11168, 0.0422347, 0.10197, 0.0312829
199.605, 1.00278, -2785.73, 0.996929, -2785.87, 0.971341, -2784.57, -0.00590938, -0.00590937, -0.00590938, 0.00108045, 1.11168, 0.0422349, 0.101971, 0.0312639
199.655, 1.00279, -2792.11, 0.99694, -2792.25, 0.971352, -2790.95, -0.00590935, -0.00590937, -0.00590934, 0.00108045, 1.11168, 0.0422349, 0.101973, 0.0312455
199.705, 1.00281, -2798.5, 0.996951, -2798.64, 0.971363, -2797.33, -0.00590933, -0.00590938, -0.0059093, 0.00108045, 1.11168, 0.0422349, 0.101975, 0.0312276
199.756, 1.00282, -2804.88, 0.996963, -2805.02, 0.971375, -2803.72, -0.00591949, -0.00591951, -0.00591949, 0.00108045, 1.11168, 0.0422349, 0.101978, 0.0312103
199.806, 1.00283, -2811.28, 0.996976, -2811.42, 0.971388, -2810.12, -0.0059203, -0.00592029, -0.00592029, 0.00108045, 1.11168, 0.0422348, 0.10198, 0.0311935
199.856, 1.00285, -2817.67, 0.996991, -2817.81, 0.971404, -2816.51, -0.00591944, -0.00591946, -0.00591943, 0.00108045, 1.11168, 0.0422348, 0.101982, 0.0311772
199.907, 1.00286, -2824.07, 0.997009, -2824.21, 0.971422, -2822.91, -0.00592954, -0.00592957, -0.00592957, 0.00108045, 1.11168, 0.0422353, 0.101987, 0.0311614
199.957, 1.00288, -2830.48, 0.997026, -2830.61, 0.971439, -2829.31, -0.00592959, -0.0059296, -0.00592962, 0.00108045, 1.11168, 0.0422348, 0.10199, 0.0311462
200, 1.0029, -2835.98, 0.997042, -2836.12, 0.971455, -2834.82, -0.00592963, -0.00592961, -0.00592963, 0.00108045, 1.11168, 0.0422349, 0.101993, 0.0311335
200, 1.0029, -2835.98, 0.997042, -2836.12, 0.971455, -2834.82, -0.00592963, -0.00592961, -0.00592963, 0.00108045, 1.11168, 0.0422359, 0.101991, 0.0311334
200.051, 1.00291, -2842.39, 0.99706, -2842.53, 0.971473, -2841.23, -0.00593971, -0.00593971, -0.0059397, 0.00108045, 1.11168, 0.0422348, 0.101997, 0.0311192
200.101, 1.00294, -2848.81, 0.997081, -2848.95, 0.971495, -2847.65, -0.00593979, -0.00593977, -0.00593979, 0.00108045, 1.11168, 0.0422351, 0.102001, 0.0311055
200.152, 1.00296, -2855.22, 0.997104, -2855.36, 0.971518, -2854.06, -0.00593971, -0.00593969, -0.00593968, 0.00108045, 1.11168, 0.0422347, 0.102006, 0.0310922
200.202, 1.00298, -2861.65, 0.997127, -2861.79, 0.971542, -2860.49, -0.00594984, -0.00594984, -0.00594983, 0.00108045, 1.11168, 0.0422347, 0.102011, 0.0310795
200.252, 1.00301, -2868.07, 0.997151, -2868.21, 0.971566, -2866.91, -0.00594981, -0.00594981, -0.0059498, 0.00108045, 1.11168, 0.0422351, 0.102015, 0.0310672
200.303, 1.00303, -2874.5, 0.997174, -2874.64, 0.97159, -2873.34, -0.00595756, -0.00595755, -0.00595755, 0.00108045, 1.11168, 0.042235, 0.102019, 0.0310555
200.353, 1.00306, -2880.94, 0.9972, -2881.08, 0.971616, -2879.78, -0.00595995, -0.00595994, -0.00595993, 0.00108045, 1.11168, 0.042235, 0.102025, 0.0310442
200.403, 1.00308, -2887.38, 0.997228, -2887.51, 0.971645, -2886.21, -0.00595994, -0.00595994, -0.00595992, 0.00108045, 1.11168, 0.0422351, 0.10203, 0.0310335
200.454, 1.00311, -2893.82, 0.997257, -2893.96, 0.971674, -2892.65, -0.00597, -0.00597, -0.00596999, 0.00108045, 1.11168, 0.042235, 0.102036, 0.0310232
200.504, 1.00314, -2900.26, 0.997287, -2900.4, 0.971704, -2899.1, -0.00597004, -0.00597001, -0.00597001, 0.00108045, 1.11168, 0.0422349, 0.102042, 0.0310134
200.554, 1.00317, -2906.71, 0.997316, -2906.85, 0.971734, -2905.55, -0.00597006, -0.00597005, -0.00597004, 0.00108045, 1.11168, 0.0422348, 0.102048, 0.031004
200.605, 1.0032, -2913.17, 0.997345, -2913.31, 0.971763, -2912, -0.00598017, -0.00598018, -0.00598017, 0.00108045, 1.11168, 0.0422351, 0.102054, 0.0309951
200.655, 1.00323, -2919.63, 0.997376, -2919.77, 0.971795, -2918.46, -0.00598019, -0.00598021, -0.00598019, 0.00108045, 1.11168, 0.0422354, 0.10206, 0.0309867
200.705, 1.00327, -2926.08, 0.997409, -2926.22, 0.971829, -2924.92, -0.0059802, -0.00598019, -0.00598019, 0.00108045, 1.11168, 0.0422348, 0.102066, 0.0309788
200.756, 1.0033, -2932.55, 0.997444, -2932.69, 0.971865, -2931.39, -0.00599029, -0.0059903, -0.00599027, 0.00108045, 1.11168, 0.0422355, 0.102073, 0.0309713
200.806, 1.00334, -2939.02, 0.997479, -2939.16, 0.9719, -2937.86, -0.00599026, -0.00599028, -0.00599028, 0.00108045, 1.11168, 0.0422353, 0.10208, 0.0309642
200.856, 1.00337, -2945.5, 0.997514, -2945.64, 0.971936, -2944.33, -0.00600028, -0.00600022, -0.00600026, 0.00108045, 1.11168, 0.0422351, 0.102087, 0.0309577
200.907, 1.00341, -2951.98, 0.997549, -2952.12, 0.971972, -2950.81, -0.00600038, -0.00600042, -0.00600042, 0.00108045, 1.11168, 0.0422351, 0.102095, 0.0309515
200.957, 1.00344, -2958.46, 0.997585, -2958.6, 0.972007, -2957.29, -0.00600043, -0.00600043, -0.00600045, 0.00108045, 1.11168, 0.0422353, 0.102101, 0.0309458
201.001, 1.00347, -2964.04, 0.997615, -2964.17, 0.972038, -2962.87, -0.00601052, -0.00601045, -0.00601048, 0.00108045, 1.11168, 0.0422354, 0.102107, 0.0309412
201.001, 1.00347, -2964.04, 0.997615, -2964.17, 0.972038, -2962.87, -0.00601052, -0.00601045, -0.00601048, 0.00108045, 1.11168, 0.0422362, 0.102106, 0.0309411
201.051, 1.00351, -2970.53, 0.997652, -2970.67, 0.972076, -2969.36, -0.00601054, -0.00601054, -0.00601049, 0.00108045, 1.11168, 0.0422353, 0.102115, 0.0309362
201.101, 1.00355, -2977.02, 0.997692, -2977.16, 0.972116, -2975.86, -0.00601055, -0.00601054, -0.00601053, 0.00108045, 1.11168, 0.0422353, 0.102123, 0.0309317
201.152, 1.00359, -2983.52, 0.997733, -2983.66, 0.972158, -2982.36, -0.00602066, -0.00602066, -0.00602064, 0.00108045, 1.11168, 0.0422353, 0.102131, 0.0309276
201.202, 1.00363, -2990.02, 0.997774, -2990.16, 0.9722, -2988.86, -0.00602069, -0.00602068, -0.0060207, 0.00108045, 1.11168, 0.0422356, 0.10214, 0.0309239
201.252, 1.00367, -2996.52, 0.997815, -2996.66, 0.972241, -2995.36, -0.00602653, -0.00602657, -0.00602646, 0.00108045, 1.11168, 0.0422354, 0.102147, 0.0309206
201.303, 1.00372, -3003.04, 0.997856, -3003.18, 0.972283, -3001.87, -0.00603067, -0.00603071, -0.00603075, 0.00108045, 1.11168, 0.0422354, 0.102156, 0.0309177
201.353, 1.00376, -3009.55, 0.997896, -3009.69, 0.972324, -3008.39, -0.00603078, -0.00603078, -0.00603072, 0.00108045, 1.11168, 0.0422357, 0.102164, 0.0309152
201.403, 1.0038, -3016.07, 0.997937, -3016.21, 0.972366, -3014.91, -0.00604084, -0.00604082, -0.00604072, 0.00108045, 1.11168, 0.0422362, 0.102172, 0.0309131
201.454, 1.00384, -3022.59, 0.997978, -3022.73, 0.972408, -3021.43, -0.00604083, -0.00604091, -0.00604083, 0.00108045, 1.11168, 0.0422355, 0.10218, 0.0309114
201.504, 1.00388, -3029.12, 0.998019, -3029.25, 0.972449, -3027.95, -0.0060409, -0.00604081, -0.00604081, 0.00108045, 1.11168, 0.0422357, 0.102188, 0.03091
201.554, 1.00392, -3035.65, 0.998061, -3035.79, 0.972492, -3034.48, -0.00605092, -0.00605097, -0.00605094, 0.00108045, 1.11168, 0.0422357, 0.102196, 0.030909
201.605, 1.00397, -3042.18, 0.998106, -3042.32, 0.972538, -3041.02, -0.00605102, -0.00605103, -0.00605098, 0.00108045, 1.11168, 0.0422356, 0.102206, 0.0309084
201.655, 1.00401, -3048.72, 0.998153, -3048.86, 0.972585, -3047.55, -0.006051, -0.006051, -0.00605091, 0.00108045, 1.11168, 0.0422356, 0.102215, 0.0309081
201.705, 1.00406, -3055.26, 0.9982, -3055.4, 0.972633, -3054.1, -0.00606107, -0.00606107, -0.00606114, 0.00108045, 1.11168, 0.0422357, 0.102225, 0.0309082
201.756, 1.00411, -3061.81, 0.998247, -3061.95, 0.972681, -3060.65, -0.0060611, -0.0060611, -0.00606116, 0.00108045, 1.11168, 0.0422357, 0.102233, 0.0309087
201.806, 1.00416, -3068.35, 0.998293, -3068.49, 0.972728, -3067.19, -0.00606546, -0.00606546, -0.00606546, 0.00108045, 1.11168, 0.0422357, 0.102243, 0.0309094
201.857, 1.0042, -3074.91, 0.99834, -3075.05, 0.972776, -3073.75, -0.00607127, -0.00607127, -0.00607127, 0.00108045, 1.11168, 0.0422357, 0.102253, 0.0309106
201.907, 1.00425, -3081.47, 0.998387, -3081.61, 0.972823, -3080.31, -0.00607127, -0.00607124, -0.00607123, 0.00108045, 1.11168, 0.0422361, 0.102262, 0.030912
201.957, 1.0043, -3088.03, 0.998434, -3088.17, 0.972871, -3086.86, -0.00608079, -0.00608076, -0.0060807, 0.00108045, 1.11168, 0.0422358, 0.102271, 0.0309138
202.001, 1.00434, -3093.68, 0.998474, -3093.81, 0.972911, -3092.51, -0.00608138, -0.00608127, -0.00608123, 0.00108045, 1.11168, 0.0422359, 0.102279, 0.0309156
202.001, 1.00434, -3093.68, 0.998474, -3093.81, 0.972911, -3092.51, -0.00608138, -0.00608127, -0.00608123, 0.00108045, 1.11168, 0.042237, 0.102277, 0.0309155
202.051, 1.00438, -3100.24, 0.99852, -3100.38, 0.972959, -3099.08, -0.00608136, -0.00608133, -0.00608135, 0.00108045, 1.11168, 0.042236, 0.102288, 0.0309179
202.101, 1.00443, -3106.81, 0.998567, -3106.95, 0.973006, -3105.65, -0.00609069, -0.00609058, -0.00609059, 0.00108045, 1.11168, 0.0422357, 0.102298, 0.0309206
202.152, 1.00448, -3113.39, 0.998614, -3113.53, 0.973054, -3112.23, -0.00609143, -0.0060915, -0.0060915, 0.00108045, 1.11168, 0.0422355, 0.102308, 0.0309235
202.202, 1.00452, -3119.97, 0.998661, -3120.11, 0.973102, -3118.81, -0.00609151, -0.00609148, -0.00609146, 0.00108045, 1.11168, 0.042236, 0.102316, 0.0309268
202.252, 1.00457, -3126.55, 0.998707, -3126.69, 0.973149, -3125.39, -0.00610124, -0.00610128, -0.00610119, 0.00108045, 1.11168, 0.0422361, 0.102326, 0.0309304
202.303, 1.00462, -3133.14, 0.998754, -3133.28, 0.973197, -3131.98, -0.00610162, -0.00610157, -0.00610153, 0.00108045, 1.11168, 0.042236, 0.102336, 0.0309342
202.353, 1.00467, -3139.73, 0.998801, -3139.87, 0.973244, -3138.57, -0.0061016, -0.00610153, -0.00610157, 0.00108045, 1.11168, 0.042236, 0.102345, 0.0309383
202.403, 1.00471, -3146.33, 0.998848, -3146.46, 0.973292, -3145.16, -0.00611136, -0.00611138, -0.00611139, 0.00108045, 1.11168, 0.0422362, 0.102353, 0.0309427
202.454, 1.00476, -3152.93, 0.998894, -3153.06, 0.973339, -3151.76, -0.00611173, -0.00611173, -0.00611172, 0.00108045, 1.11168, 0.0422361, 0.102363, 0.0309474
202.504, 1.00481, -3159.53, 0.998941, -3159.67, 0.973387, -3158.36, -0.00611169, -0.0061117, -0.00611167, 0.00108045, 1.11168, 0.0422363, 0.102372, 0.0309523
202.554, 1.00485, -3166.13, 0.998988, -3166.27, 0.973434, -3164.97, -0.00612076, -0.00612076, -0.00612078, 0.00108045, 1.11168, 0.0422362, 0.102382, 0.0309575
202.605, 1.0049, -3172.74, 0.999035, -3172.88, 0.973482, -3171.58, -0.00612183, -0.00612181, -0.00612182, 0.00108045, 1.11168, 0.0422363, 0.102391, 0.030963
202.655, 1.00495, -3179.35, 0.999083, -3179.49, 0.973532, -3178.19, -0.00612182, -0.00612178, -0.00612177, 0.00108045, 1.11168, 0.0422363, 0.102401, 0.0309687
202.705, 1.005, -3185.96, 0.999135, -3186.1, 0.973584, -3184.8, -0.00612432, -0.00612432, -0.00612432, 0.00108045, 1.11168, 0.0422365, 0.102411, 0.0309746
202.756, 1.00505, -3192.59, 0.999188, -3192.73, 0.973637, -3191.42, -0.00613193, -0.00613193, -0.0061319, 0.00108045, 1.11168, 0.0422366, 0.102422, 0.0309807
202.806, 1.00511, -3199.21, 0.99924, -3199.35, 0.973691, -3198.05, -0.00613187, -0.00613189, -0.00613189, 0.00108045, 1.11168, 0.0422361, 0.102432, 0.0309871
202.857, 1.00516, -3205.83, 0.999293, -3205.97, 0.973744, -3204.67, -0.00613199, -0.00613191, -0.00613192, 0.00108045, 1.11168, 0.0422366, 0.102443, 0.0309938
202.907, 1.00521, -3212.46, 0.999345, -3212.6, 0.973798, -3211.3, -0.006142, -0.00614201, -0.006142, 0.00108045, 1.11168, 0.0422367, 0.102453, 0.0310006
202.957, 1.00526, -3219.1, 0.999394, -3219.24, 0.973847, -3217.93, -0.00614285, -0.00614283, -0.00614283, 0.00108045, 1.11168, 0.0422363, 0.102463, 0.0310076
203.001, 1.0053, -3224.8, 0.999434, -3224.94, 0.973888, -3223.64, -0.00614206, -0.00614203, -0.00614203, 0.00108045, 1.11168, 0.0422364, 0.102471, 0.0310139
203.001, 1.0053, -3224.8, 0.999435, -3224.94, 0.973888, -3223.64, -0.00614206, -0.00614203, -0.00614203, 0.00108045, 1.11168, 0.0422374, 0.10247, 0.0310139
203.051, 1.00535, -3231.44, 0.999481, -3231.58, 0.973936, -3230.27, -0.00615195, -0.00615193, -0.00615192, 0.00108045, 1.11168, 0.0422366, 0.102481, 0.0310213
203.101, 1.0054, -3238.08, 0.999529, -3238.22, 0.973984, -3236.92, -0.00615218, -0.00615217, -0.00615216, 0.00108045, 1.11168, 0.0422366, 0.102489, 0.0310289
203.152, 1.00544, -3244.73, 0.999575, -3244.87, 0.974032, -3243.56, -0.00615217, -0.00615216, -0.00615215, 0.00108045, 1.11168, 0.0422367, 0.1025, 0.0310367
203.202, 1.00549, -3251.37, 0.999622, -3251.51, 0.97408, -3250.21, -0.00615217, -0.00615217, -0.00615215, 0.00108045, 1.11168, 0.0422367, 0.102509, 0.0310447
203.252, 1.00554, -3258.02, 0.999669, -3258.16, 0.974127, -3256.86, -0.00616231, -0.00616228, -0.00616227, 0.00108045, 1.11168, 0.0422368, 0.102518, 0.0310529
203.303, 1.00559, -3264.68, 0.999716, -3264.82, 0.974175, -3263.52, -0.00616232, -0.0061623, -0.00616229, 0.00108045, 1.11168, 0.0422371, 0.102528, 0.0310613
203.353, 1.00563, -3271.33, 0.999763, -3271.47, 0.974223, -3270.17, -0.00616223, -0.00616226, -0.00616222, 0.00108045, 1.11168, 0.0422367, 0.102537, 0.0310698
203.403, 1.00568, -3277.99, 0.99981, -3278.13, 0.974271, -3276.83, -0.00617107, -0.00617108, -0.00617106, 0.00108045, 1.11168, 0.0422365, 0.102547, 0.0310785
203.454, 1.00573, -3284.66, 0.999857, -3284.8, 0.974318, -3283.49, -0.00617244, -0.00617243, -0.00617239, 0.00108045, 1.11168, 0.0422371, 0.102556, 0.0310873
203.504, 1.00578, -3291.32, 0.999904, -3291.46, 0.974366, -3290.16, -0.00617244, -0.00617243, -0.00617239, 0.00108045, 1.11168, 0.0422368, 0.102565, 0.0310963
203.554, 1.00582, -3297.99, 0.999951, -3298.13, 0.974414, -3296.83, -0.00617237, -0.00617244, -0.00617239, 0.00108045, 1.11168, 0.0422367, 0.102575, 0.0311055
203.605, 1.00587, -3304.66, 0.999998, -3304.8, 0.974462, -3303.5, -0.00618243, -0.0061824, -0.00618237, 0.00108045, 1.11168, 0.0422373, 0.102584, 0.0311148
203.655, 1.00592, -3311.34, 1.00005, -3311.48, 0.974509, -3310.17, -0.0061825, -0.00618255, -0.00618251, 0.00108045, 1.11168, 0.0422373, 0.102593, 0.0311242
203.706, 1.00596, -3318.01, 1.00009, -3318.15, 0.974557, -3316.85, -0.00618259, -0.00618256, -0.00618256, 0.00108045, 1.11168, 0.0422371, 0.102602, 0.0311338
203.756, 1.00601, -3324.69, 1.00014, -3324.83, 0.974604, -3323.53, -0.00618253, -0.00618254, -0.00618254, 0.00108045, 1.11168, 0.042237, 0.102613, 0.0311435
203.806, 1.00606, -3331.37, 1.00019, -3331.51, 0.974652, -3330.21, -0.0061925, -0.00619245, -0.00619242, 0.00108045, 1.11168, 0.0422371, 0.102622, 0.0311533
203.857, 1.0061, -3338.06, 1.00023, -3338.2, 0.974699, -3336.9, -0.00619265, -0.00619265, -0.00619263, 0.00108045, 1.11168, 0.042237, 0.102631, 0.0311632
203.907, 1.00615, -3344.75, 1.00028, -3344.89, 0.974747, -3343.58, -0.00619263, -0.00619262, -0.00619264, 0.00108045, 1.11168, 0.0422371, 0.10264, 0.0311733
203.957, 1.0062, -3351.44, 1.00033, -3351.58, 0.974794, -3350.27, -0.00619267, -0.00619265, -0.00619265, 0.00108045, 1.11168, 0.0422374, 0.10265, 0.0311835
204.001, 1.00624, -3357.19, 1.00037, -3357.33, 0.974835, -3356.02, -0.00619269, -0.00619269, -0.00619263, 0.00108045, 1.11168, 0.0422373, 0.102658, 0.0311923
204.001, 1.00624, -3357.19, 1.00037, -3357.33, 0.974835, -3356.02, -0.00619269, -0.00619269, -0.00619263, 0.00108045, 1.11168, 0.0422381, 0.102655, 0.0311923
204.051, 1.00629, -3363.89, 1.00041, -3364.02, 0.974883, -3362.72, -0.00620279, -0.00620275, -0.00620271, 0.00108045, 1.11168, 0.0422368, 0.102667, 0.0312027
204.101, 1.00633, -3370.58, 1.00046, -3370.72, 0.97493, -3369.42, -0.0062028, -0.00620269, -0.00620278, 0.00108045, 1.11168, 0.0422367, 0.102676, 0.0312131
204.152, 1.00638, -3377.28, 1.00051, -3377.42, 0.974978, -3376.12, -0.00620276, -0.00620281, -0.00620272, 0.00108045, 1.11168, 0.042237, 0.102685, 0.0312236
204.202, 1.00643, -3383.98, 1.00055, -3384.12, 0.975025, -3382.82, -0.00620285, -0.00620278, -0.00620279, 0.00108045, 1.11168, 0.0422366, 0.102696, 0.0312342
204.252, 1.00647, -3390.69, 1.0006, -3390.82, 0.975073, -3389.52, -0.00621262, -0.00621254, -0.00621255, 0.00108045, 1.11168, 0.0422376, 0.102704, 0.0312449
204.303, 1.00652, -3397.4, 1.00065, -3397.53, 0.97512, -3396.23, -0.00621293, -0.00621281, -0.00621281, 0.00108045, 1.11168, 0.0422374, 0.102714, 0.0312557
204.353, 1.00657, -3404.1, 1.00069, -3404.24, 0.975168, -3402.94, -0.00621287, -0.00621293, -0.0062129, 0.00108045, 1.11168, 0.0422372, 0.102723, 0.0312666
204.403, 1.00662, -3410.81, 1.00074, -3410.95, 0.975216, -3409.65, -0.00621287, -0.0062129, -0.00621282, 0.00108045, 1.11168, 0.0422373, 0.102733, 0.0312775
204.454, 1.00666, -3417.52, 1.00079, -3417.66, 0.975263, -3416.36, -0.00621278, -0.00621285, -0.00621292, 0.00108045, 1.11168, 0.0422375, 0.102742, 0.0312885
204.504, 1.00671, -3424.24, 1.00083, -3424.38, 0.975307, -3423.07, -0.00622263, -0.00622263, -0.00622256, 0.00108045, 1.11168, 0.0422376, 0.102751, 0.0312995
204.554, 1.00675, -3430.96, 1.00087, -3431.1, 0.975349, -3429.79, -0.00622299, -0.00622297, -0.00622298, 0.00108045, 1.11168, 0.0422375, 0.102758, 0.0313106
204.605, 1.00679, -3437.68, 1.00091, -3437.82, 0.975391, -3436.52, -0.00622305, -0.00622299, -0.00622293, 0.00108045, 1.11168, 0.0422375, 0.102767, 0.0313218
204.655, 1.00683, -3444.4, 1.00095, -3444.54, 0.975432, -3443.24, -0.00622306, -0.00622302, -0.0062229, 0.00108045, 1.11168, 0.0422372, 0.102775, 0.031333
204.706, 1.00687, -3451.12, 1.00099, -3451.26, 0.975474, -3449.96, -0.00622297, -0.00622303, -0.00622312, 0.00108045, 1.11168, 0.0422376, 0.102784, 0.0313442
204.756, 1.00691, -3457.84, 1.00104, -3457.98, 0.975516, -3456.68, -0.00622304, -0.00622304, -0.00622304, 0.00108045, 1.11168, 0.042238, 0.102791, 0.0313555
204.806, 1.00695, -3464.57, 1.00108, -3464.71, 0.975558, -3463.41, -0.00623317, -0.00623317, -0.00623316, 0.00108045, 1.11168, 0.0422379, 0.1028, 0.0313668
204.857, 1.00699, -3471.3, 1.00112, -3471.44, 0.9756, -3470.14, -0.00623309, -0.00623309, -0.006233, 0.00108045, 1.11168, 0.0422377, 0.102808, 0.0313781
204.907, 1.00704, -3478.03, 1.00116, -3478.17, 0.975641, -3476.87, -0.00623317, -0.00623307, -0.00623316, 0.00108045, 1.11168, 0.0422374, 0.102816, 0.0313895
204.957, 1.00708, -3484.77, 1.0012, -3484.9, 0.975683, -3483.6, -0.00623318, -0.0062331, -0.00623314, 0.00108045, 1.11168, 0.0422379, 0.102824, 0.0314009
205.001, 1.00711, -3490.55, 1.00123, -3490.69, 0.975719, -3489.39, -0.00623317, -0.00623314, -0.0062331, 0.00108045, 1.11168, 0.0422376, 0.102832, 0.0314107
205.001, 1.00711, -3490.55, 1.00124, -3490.69, 0.975719, -3489.39, -0.00623317, -0.00623314, -0.0062331, 0.00108045, 1.11168, 0.0422388, 0.102829, 0.0314108
205.051, 1.00715, -3497.29, 1.00128, -3497.42, 0.975761, -3496.12, -0.00623315, -0.00623314, -0.00623315, 0.00108045, 1.11168, 0.042238, 0.10284, 0.0314222
205.101, 1.0072, -3504.02, 1.00132, -3504.16, 0.975802, -3502.86, -0.00624224, -0.00624219, -0.00624224, 0.00108045, 1.11168, 0.0422379, 0.102848, 0.0314336
205.152, 1.00724, -3510.76, 1.00136, -3510.9, 0.975843, -3509.6, -0.00624328, -0.00624323, -0.00624324, 0.00108045, 1.11168, 0.0422379, 0.102857, 0.031445
205.202, 1.00727, -3517.51, 1.00139, -3517.64, 0.975879, -3516.34, -0.00624328, -0.00624325, -0.00624328, 0.00108045, 1.11168, 0.0422379, 0.102863, 0.0314565
205.252, 1.00731, -3524.25, 1.00143, -3524.39, 0.975915, -3523.08, -0.00624327, -0.00624327, -0.00624325, 0.00108045, 1.11168, 0.0422379, 0.10287, 0.0314679
205.303, 1.00734, -3530.99, 1.00146, -3531.13, 0.97595, -3529.83, -0.00624323, -0.00624326, -0.00624325, 0.00108045, 1.11168, 0.0422381, 0.102878, 0.0314794
205.353, 1.00738, -3537.73, 1.0015, -3537.87, 0.975986, -3536.57, -0.00624329, -0.00624328, -0.00624323, 0.00108045, 1.11168, 0.0422377, 0.102884, 0.0314908
205.403, 1.00741, -3544.48, 1.00153, -3544.61, 0.976022, -3543.31, -0.00624324, -0.00624322, -0.00624323, 0.00108045, 1.11168, 0.0422382, 0.102892, 0.0315023
205.454, 1.00745, -3551.22, 1.00157, -3551.36, 0.976058, -3550.06, -0.00624328, -0.00624325, -0.00624325, 0.00108045, 1.11168, 0.0422381, 0.102899, 0.0315137
205.504, 1.00748, -3557.97, 1.0016, -3558.11, 0.976094, -3556.81, -0.00625339, -0.00625335, -0.00625338, 0.00108045, 1.11168, 0.0422383, 0.102905, 0.0315251
205.555, 1.00752, -3564.72, 1.00164, -3564.86, 0.97613, -3563.56, -0.0062534, -0.0062534, -0.00625336, 0.00108045, 1.11168, 0.0422384, 0.102912, 0.0315365
205.605, 1.00755, -3571.48, 1.00167, -3571.61, 0.976165, -3570.31, -0.00625343, -0.00625342, -0.0062534, 0.00108045, 1.11168, 0.042238, 0.10292, 0.0315479
205.655, 1.00759, -3578.23, 1.00171, -3578.37, 0.976201, -3577.07, -0.0062534, -0.00625339, -0.00625338, 0.00108045, 1.11168, 0.0422381, 0.102927, 0.0315592
205.706, 1.00763, -3584.98, 1.00174, -3585.12, 0.976237, -3583.82, -0.00625337, -0.00625337, -0.00625336, 0.00108045, 1.11168, 0.042238, 0.102934, 0.0315705
205.756, 1.00766, -3591.74, 1.00178, -3591.88, 0.97627, -3590.57, -0.00625338, -0.00625338, -0.00625338, 0.00108045, 1.11168, 0.0422381, 0.10294, 0.0315818
205.806, 1.00769, -3598.49, 1.00181, -3598.63, 0.9763, -3597.33, -0.00625338, -0.00625338, -0.00625337, 0.00108045, 1.11168, 0.0422382, 0.102945, 0.0315931
205.857, 1.00772, -3605.24, 1.00184, -3605.38, 0.97633, -3604.08, -0.00625338, -0.00625338, -0.00625337, 0.00108045, 1.11168, 0.0422383, 0.102953, 0.0316043
205.907, 1.00775, -3612, 1.00186, -3612.14, 0.976359, -3610.83, -0.0062534, -0.00625339, -0.00625339, 0.00108045, 1.11168, 0.0422381, 0.102958, 0.0316154
205.957, 1.00778, -3618.75, 1.00189, -3618.89, 0.976389, -3617.59, -0.0062534, -0.0062534, -0.00625338, 0.00108045, 1.11168, 0.0422384, 0.102964, 0.0316266
206.001, 1.0078, -3624.57, 1.00192, -3624.71, 0.976415, -3623.4, -0.00626351, -0.00626349, -0.00626348, 0.00108045, 1.11168, 0.0422385, 0.102969, 0.0316361
206.001, 1.0078, -3624.57, 1.00192, -3624.71, 0.976415, -3623.4, -0.00626351, -0.00626349, -0.00626348, 0.00108045, 1.11168, 0.0422394, 0.102968, 0.0316362
206.051, 1.00783, -3631.33, 1.00195, -3631.47, 0.976445, -3630.17, -0.0062635, -0.00626349, -0.00626349, 0.00108045, 1.11168, 0.0422384, 0.102975, 0.0316471
206.101, 1.00786, -3638.1, 1.00198, -3638.24, 0.976475, -3636.93, -0.00626348, -0.00626353, -0.0062635, 0.00108045, 1.11168, 0.0422382, 0.10298, 0.0316581
206.152, 1.00789, -3644.86, 1.00201, -3645, 0.976504, -3643.7, -0.00626351, -0.00626352, -0.0062635, 0.00108045, 1.11168, 0.0422386, 0.102986, 0.0316691
206.202, 1.00792, -3651.63, 1.00204, -3651.77, 0.976534, -3650.46, -0.00626351, -0.00626351, -0.00626349, 0.00108045, 1.11168, 0.0422383, 0.102993, 0.03168
206.252, 1.00795, -3658.39, 1.00207, -3658.53, 0.976564, -3657.23, -0.00626354, -0.00626351, -0.00626349, 0.00108045, 1.11168, 0.042238, 0.102999, 0.0316908
206.303, 1.00798, -3665.16, 1.00209, -3665.29, 0.976593, -3663.99, -0.00626362, -0.00626361, -0.00626365, 0.00108045, 1.11168, 0.0422381, 0.103004, 0.0317016
206.353, 1.008, -3671.93, 1.00212, -3672.07, 0.976618, -3670.76, -0.00627367, -0.00627364, -0.00627366, 0.00108045, 1.11168, 0.0422382, 0.103009, 0.0317122
206.403, 1.00803, -3678.7, 1.00214, -3678.84, 0.976642, -3677.54, -0.00627364, -0.00627362, -0.00627362, 0.00108045, 1.11168, 0.0422384, 0.103014, 0.0317229
206.454, 1.00805, -3685.48, 1.00217, -3685.62, 0.976665, -3684.32, -0.00627363, -0.00627359, -0.00627359, 0.00108045, 1.11168, 0.0422385, 0.103018, 0.0317335
206.504, 1.00807, -3692.26, 1.00219, -3692.39, 0.976689, -3691.09, -0.00627361, -0.00627365, -0.00627364, 0.00108045, 1.11168, 0.0422385, 0.103023, 0.031744
206.555, 1.0081, -3699.03, 1.00221, -3699.17, 0.976713, -3697.87, -0.00627359, -0.00627364, -0.00627362, 0.00108045, 1.11168, 0.0422386, 0.103028, 0.0317545
206.605, 1.00812, -3705.81, 1.00224, -3705.94, 0.976737, -3704.64, -0.00627365, -0.00627359, -0.00627364, 0.00108045, 1.11168, 0.0422387, 0.103033, 0.0317649
206.655, 1.00814, -3712.58, 1.00226, -3712.72, 0.976761, -3711.42, -0.00627363, -0.00627359, -0.00627364, 0.00108045, 1.11168, 0.0422386, 0.103037, 0.0317752
206.706, 1.00817, -3719.36, 1.00228, -3719.5, 0.976785, -3718.19, -0.00627368, -0.00627376, -0.0062736, 0.00108045, 1.11168, 0.0422387, 0.103042, 0.0317854
206.756, 1.00819, -3726.13, 1.00231, -3726.27, 0.976809, -3724.97, -0.00627365, -0.00627364, -0.00627369, 0.00108045, 1.11168, 0.0422392, 0.103047, 0.0317956
206.806, 1.00821, -3732.91, 1.00233, -3733.05, 0.976833, -3731.74, -0.00627369, -0.00627369, -0.00627369, 0.00108045, 1.11168, 0.0422385, 0.103052, 0.0318056
206.857, 1.00824, -3739.68, 1.00235, -3739.82, 0.976856, -3738.52, -0.00627365, -0.00627361, -0.00627365, 0.00108045, 1.11168, 0.0422387, 0.103056, 0.0318156
206.907, 1.00826, -3746.46, 1.00237, -3746.6, 0.976878, -3745.29, -0.00627365, -0.00627364, -0.0062736, 0.00108045, 1.11168, 0.0422386, 0.10306, 0.0318255
206.957, 1.00828, -3753.24, 1.00239, -3753.37, 0.976896, -3752.07, -0.00627365, -0.00627362, -0.00627364, 0.00108045, 1.11168, 0.0422386, 0.103064, 0.0318354
207.001, 1.00829, -3759.06, 1.00241, -3759.2, 0.976911, -3757.9, -0.0062736, -0.00627365, -0.00627363, 0.00108045, 1.11168, 0.0422384, 0.103067, 0.0318437
207.001, 1.00829, -3759.06, 1.00241, -3759.2, 0.976911, -3757.9, -0.0062736, -0.00627365, -0.00627363, 0.00108045, 1.11168, 0.0422396, 0.103065, 0.0318438
207.051, 1.00831, -3765.84, 1.00242, -3765.98, 0.976929, -3764.67, -0.00627365, -0.00627365, -0.00627363, 0.00108045, 1.11168, 0.0422385, 0.10307, 0.0318533
207.101, 1.00833, -3772.61, 1.00244, -3772.75, 0.976947, -3771.45, -0.00627365, -0.00627364, -0.00627365, 0.00108045, 1.11168, 0.0422386, 0.103074, 0.0318628
207.152, 1.00835, -3779.39, 1.00246, -3779.53, 0.976965, -3778.22, -0.00627365, -0.00627357, -0.00627365, 0.00108045, 1.11168, 0.0422387, 0.103077, 0.0318723
207.202, 1.00836, -3786.16, 1.00248, -3786.3, 0.976983, -3785, -0.0062735, -0.00627359, -0.00627365, 0.00108045, 1.11168, 0.0422388, 0.103082, 0.0318816
207.252, 1.00838, -3792.94, 1.00249, -3793.08, 0.977, -3791.77, -0.00627365, -0.00627365, -0.00627365, 0.00108045, 1.11168, 0.0422387, 0.103085, 0.0318909
207.303, 1.0084, -3799.72, 1.00251, -3799.85, 0.977018, -3798.55, -0.00627365, -0.00627365, -0.0062735, 0.00108045, 1.11168, 0.0422385, 0.103088, 0.0319001
207.353, 1.00842, -3806.49, 1.00253, -3806.63, 0.977036, -3805.33, -0.00627364, -0.00627365, -0.00627351, 0.00108045, 1.11168, 0.0422387, 0.103091, 0.0319092
207.404, 1.00843, -3813.27, 1.00255, -3813.4, 0.977054, -3812.1, -0.00627365, -0.00627375, -0.00627363, 0.00108045, 1.11168, 0.0422387, 0.103095, 0.0319181
207.454, 1.00845, -3820.04, 1.00257, -3820.18, 0.977072, -3818.88, -0.00627361, -0.0062735, -0.00627363, 0.00108045, 1.11168, 0.042239, 0.103099, 0.031927
207.504, 1.00847, -3826.82, 1.00258, -3826.96, 0.977089, -3825.65, -0.00627365, -0.00627365, -0.00627365, 0.00108045, 1.11168, 0.0422382, 0.103102, 0.0319358
207.555, 1.00848, -3833.59, 1.0026, -3833.73, 0.977102, -3832.43, -0.00627365, -0.00627357, -0.00627355, 0.00108045, 1.11168, 0.0422388, 0.103104, 0.0319445
207.605, 1.00849, -3840.37, 1.00261, -3840.51, 0.977114, -3839.2, -0.00627365, -0.0062736, -0.00627365, 0.00108045, 1.11168, 0.0422387, 0.103107, 0.0319531
207.655, 1.0085, -3847.14, 1.00262, -3847.28, 0.977126, -3845.98, -0.00627365, -0.00627365, -0.00627358, 0.00108045, 1.11168, 0.0422386, 0.10311, 0.0319615
207.706, 1.00852, -3853.92, 1.00263, -3854.06, 0.977138, -3852.75, -0.00627365, -0.00627365, -0.00627359, 0.00108045, 1.11168, 0.0422388, 0.103112, 0.0319699
207.756, 1.00853, -3860.69, 1.00264, -3860.83, 0.97715, -3859.53, -0.00627365, -0.00627362, -0.00627365, 0.00108045, 1.11168, 0.0422387, 0.103114, 0.0319782
207.806, 1.00854, -3867.47, 1.00265, -3867.61, 0.977162, -3866.31, -0.00627364, -0.00627365, -0.00627365, 0.00108045, 1.11168, 0.0422388, 0.103116, 0.0319863
207.857, 1.00855, -3874.25, 1.00267, -3874.38, 0.977174, -3873.08, -0.00627364, -0.00627367, -0.00627364, 0.00108045, 1.11168, 0.0422388, 0.103119, 0.0319943
207.907, 1.00856, -3881.02, 1.00268, -3881.16, 0.977186, -3879.86, -0.00627372, -0.00627364, -0.00627369, 0.00108045, 1.11168, 0.0422388, 0.103121, 0.0320023
207.957, 1.00858, -3887.8, 1.00269, -3887.94, 0.977198, -3886.63, -0.00627368, -0.00627365, -0.00627366, 0.00108045, 1.11168, 0.0422388, 0.103124, 0.0320101
208.001, 1.00859, -3893.62, 1.0027, -3893.76, 0.977208, -3892.46, -0.00627365, -0.00627365, -0.00627362, 0.00108045, 1.11168, 0.0422389, 0.103126, 0.0320168
208.001, 1.00859, -3893.62, 1.0027, -3893.76, 0.977208, -3892.46, -0.00627365, -0.00627365, -0.00627362, 0.00108045, 1.11168, 0.0422394, 0.103123, 0.0320168
208.051, 1.0086, -3900.4, 1.00271, -3900.54, 0.97722, -3899.23, -0.00627363, -0.00627358, -0.0062736, 0.00108045, 1.11168, 0.0422392, 0.103128, 0.0320244
208.101, 1.00861, -3907.18, 1.00272, -3907.31, 0.977232, -3906.01, -0.00627372, -0.00627372, -0.0062737, 0.00108045, 1.11168, 0.0422388, 0.10313, 0.0320319
208.152, 1.00862, -3913.95, 1.00273, -3914.09, 0.977244, -3912.79, -0.00627363, -0.00627362, -0.00627362, 0.00108045, 1.11168, 0.0422388, 0.103133, 0.0320393
208.202, 1.00863, -3920.73, 1.00275, -3920.86, 0.977256, -3919.56, -0.00627361, -0.00627361, -0.00627363, 0.00108045, 1.11168, 0.0422384, 0.103135, 0.0320467
208.252, 1.00864, -3927.5, 1.00276, -3927.64, 0.977265, -3926.34, -0.00627367, -0.00627365, -0.00627363, 0.00108045, 1.11168, 0.0422387, 0.103137, 0.0320538
208.303, 1.00865, -3934.28, 1.00276, -3934.42, 0.977271, -3933.11, -0.00627365, -0.00627364, -0.00627363, 0.00108045, 1.11168, 0.042239, 0.103137, 0.0320609
208.353, 1.00865, -3941.05, 1.00277, -3941.19, 0.977277, -3939.89, -0.00627366, -0.00627364, -0.00627364, 0.00108045, 1.11168, 0.042239, 0.103139, 0.0320679
208.404, 1.00866, -3947.83, 1.00277, -3947.97, 0.977283, -3946.66, -0.00627364, -0.00627364, -0.00627364, 0.00108045, 1.11168, 0.0422389, 0.10314, 0.0320747
208.454, 1.00867, -3954.6, 1.00278, -3954.74, 0.977289, -3953.44, -0.00627364, -0.00627363, -0.00627363, 0.00108045, 1.11168, 0.042239, 0.103141, 0.0320815
208.504, 1.00867, -3961.38, 1.00278, -3961.52, 0.977295, -3960.21, -0.00627365, -0.00627365, -0.00627364, 0.00108045, 1.11168, 0.0422389, 0.103143, 0.0320881
208.555, 1.00868, -3968.16, 1.00279, -3968.29, 0.977301, -3966.99, -0.00627364, -0.00627364, -0.00627364, 0.00108045, 1.11168, 0.0422389, 0.103144, 0.0320946
208.605, 1.00868, -3974.93, 1.0028, -3975.07, 0.977307, -3973.77, -0.00627366, -0.00627365, -0.00627365, 0.00108045, 1.11168, 0.0422388, 0.103145, 0.032101
208.655, 1.00869, -3981.71, 1.0028, -3981.84, 0.977313, -3980.54, -0.00627363, -0.00627364, -0.00627363, 0.00108045, 1.11168, 0.0422388, 0.103146, 0.0321073
208.706, 1.0087, -3988.48, 1.00281, -3988.62, 0.977319, -3987.32, -0.0062737, -0.00627369, -0.0062737, 0.00108045, 1.11168, 0.042239, 0.103147, 0.0321135
208.756, 1.0087, -3995.26, 1.00281, -3995.4, 0.977325, -3994.09, -0.00627365, -0.00627366, -0.00627366, 0.00108045, 1.11168, 0.042239, 0.103149, 0.0321195
208.806, 1.00871, -4002.03, 1.00282, -4002.17, 0.977331, -4000.87, -0.00627367, -0.00627366, -0.00627366, 0.00108045, 1.11168, 0.0422396, 0.10315, 0.0321255
208.857, 1.00871, -4008.81, 1.00283, -4008.95, 0.977337, -4007.64, -0.00627367, -0.00627367, -0.00627366, 0.00108045, 1.11168, 0.0422394, 0.103151, 0.0321313
208.907, 1.00872, -4015.58, 1.00283, -4015.72, 0.977343, -4014.42, -0.00627368, -0.00627371, -0.00627366, 0.00108045, 1.11168, 0.0422392, 0.103152, 0.0321371
208.957, 1.00872, -4022.36, 1.00284, -4022.5, 0.977349, -4021.19, -0.00626859, -0.0062686, -0.00626859, 0.00108045, 1.11168, 0.042239, 0.103154, 0.0321426
209.001, 1.00873, -4028.17, 1.00284, -4028.3, 0.977354, -4027, -0.0062534, -0.00625336, -0.00625342, 0.00108045, 1.11168, 0.0422387, 0.103154, 0.0321474
209.001, 1.00873, -4028.17, 1.00284, -4028.3, 0.977354, -4027, -0.0062534, -0.00625336, -0.00625342, 0.00108045, 1.11168, 0.0422401, 0.103152, 0.0321474
209.051, 1.00873, -4034.92, 1.00284, -4035.06, 0.977356, -4033.76, -0.00625342, -0.00625342, -0.00625342, 0.00108045, 1.11168, 0.0422389, 0.103155, 0.0321528
209.101, 1.00873, -4041.67, 1.00285, -4041.81, 0.977356, -4040.51, -0.00625342, -0.00625342, -0.00625342, 0.00108045, 1.11168, 0.0422388, 0.103155, 0.0321581
209.152, 1.00873, -4048.43, 1.00285, -4048.57, 0.977356, -4047.26, -0.00625342, -0.00625342, -0.00625342, 0.00108045, 1.11168, 0.0422389, 0.103156, 0.0321632
209.202, 1.00873, -4055.18, 1.00284, -4055.32, 0.977356, -4054.02, -0.00625342, -0.00625342, -0.00625342, 0.00108045, 1.11168, 0.0422389, 0.103154, 0.0321683
209.253, 1.00873, -4061.94, 1.00285, -4062.07, 0.977356, -4060.77, -0.00625342, -0.00625342, -0.00625342, 0.00108045, 1.11168, 0.042239, 0.103154, 0.0321732
209.303, 1.00873, -4068.69, 1.00284, -4068.83, 0.977356, -4067.52, -0.00625344, -0.00625342, -0.00625344, 0.00108045, 1.11168, 0.0422392, 0.103155, 0.0321781
209.353, 1.00873, -4075.44, 1.00284, -4075.58, 0.977356, -4074.28, -0.00625338, -0.00625342, -0.00625343, 0.00108045, 1.11168, 0.0422391, 0.103155, 0.0321828
209.404, 1.00873, -4082.2, 1.00285, -4082.33, 0.977356, -4081.03, -0.00625334, -0.00625342, -0.00625334, 0.00108045, 1.11168, 0.0422389, 0.103155, 0.0321874
209.454, 1.00873, -4088.95, 1.00285, -4089.09, 0.977356, -4087.79, -0.00625337, -0.00625342, -0.00625337, 0.00108045, 1.11168, 0.0422391, 0.103154, 0.0321919
209.504, 1.00873, -4095.7, 1.00284, -4095.84, 0.977356, -4094.54, -0.00625336, -0.00625342, -0.00625353, 0.00108045, 1.11168, 0.0422387, 0.103154, 0.0321963
209.555, 1.00873, -4102.46, 1.00285, -4102.59, 0.977356, -4101.29, -0.00625339, -0.00625342, -0.00625336, 0.00108045, 1.11168, 0.042239, 0.103154, 0.0322006
209.605, 1.00873, -4109.21, 1.00284, -4109.35, 0.977356, -4108.05, -0.0062534, -0.00625342, -0.0062534, 0.00108045, 1.11168, 0.0422389, 0.103155, 0.0322047
209.655, 1.00873, -4115.96, 1.00284, -4116.1, 0.977356, -4114.8, -0.00625341, -0.00625342, -0.00625341, 0.00108045, 1.11168, 0.0422391, 0.103155, 0.0322088
209.706, 1.00873, -4122.72, 1.00285, -4122.86, 0.977356, -4121.55, -0.00625339, -0.00625342, -0.00625339, 0.00108045, 1.11168, 0.0422388, 0.103155, 0.0322127
209.756, 1.00873, -4129.47, 1.00285, -4129.61, 0.977356, -4128.31, -0.00625342, -0.00625342, -0.00625339, 0.00108045, 1.11168, 0.0422388, 0.103155, 0.0322166
209.806, 1.00873, -4136.23, 1.00285, -4136.36, 0.977356, -4135.06, -0.00625342, -0.00625342, -0.00625342, 0.00108045, 1.11168, 0.0422389, 0.103154, 0.0322203
209.857, 1.00873, -4142.98, 1.00285, -4143.12, 0.977356, -4141.81, -0.00625342, -0.00625342, -0.00625343, 0.00108045, 1.11168, 0.042239, 0.103155, 0.0322239
209.907, 1.00873, -4149.73, 1.00284, -4149.87, 0.977356, -4148.57, -0.00625342, -0.00625342, -0.00625342, 0.00108045, 1.11168, 0.042239, 0.103155, 0.0322274
209.957, 1.00873, -4156.49, 1.00285, -4156.62, 0.977356, -4155.32, -0.00625342, -0.00625342, -0.00625342, 0.00108045, 1.11168, 0.0422391, 0.103155, 0.0322309
210.001, 1.00873, -4162.29, 1.00285, -4162.43, 0.977356, -4161.13, -0.00625342, -0.00625342, -0.00625342, 0.00108045, 1.11168, 0.0422389, 0.103154, 0.0322337
210.001, 1.00873, -4162.29, 1.00285, -4162.43, 0.977356, -4161.13, -0.00625342, -0.00625342, -0.00625342, 0.00108045, 1.11168, 0.0422401, 0.103153, 0.0322337
210.051, 1.00873, -4169.05, 1.00284, -4169.19, 0.977354, -4167.88, -0.00625338, -0.00625342, -0.00625338, 0.00108045, 1.11168, 0.042239, 0.103154, 0.0322369
210.101, 1.00872, -4175.8, 1.00284, -4175.94, 0.977348, -4174.64, -0.00625345, -0.00625339, -0.00625342, 0.00108045, 1.11168, 0.042239, 0.103153, 0.03224
210.152, 1.00872, -4182.56, 1.00283, -4182.69, 0.977343, -4181.39, -0.00625342, -0.00625342, -0.00625345, 0.00108045, 1.11168, 0.042239, 0.103152, 0.0322431
210.202, 1.00871, -4189.31, 1.00283, -4189.45, 0.977337, -4188.14, -0.00625345, -0.00625339, -0.00625358, 0.00108045, 1.11168, 0.0422391, 0.103151, 0.0322459
210.253, 1.00871, -4196.06, 1.00282, -4196.2, 0.977331, -4194.9, -0.00625342, -0.00625342, -0.00625342, 0.00108045, 1.11168, 0.0422389, 0.103149, 0.0322488
210.303, 1.0087, -4202.82, 1.00281, -4202.95, 0.977325, -4201.65, -0.0062534, -0.00625343, -0.00625342, 0.00108045, 1.11168, 0.0422392, 0.103148, 0.0322515
210.353, 1.0087, -4209.57, 1.00281, -4209.71, 0.977319, -4208.41, -0.00625342, -0.00625341, -0.00625343, 0.00108045, 1.11168, 0.0422391, 0.103147, 0.0322541
210.404, 1.00869, -4216.32, 1.0028, -4216.46, 0.977313, -4215.16, -0.00625342, -0.00625344, -0.00625342, 0.00108045, 1.11168, 0.042239, 0.103146, 0.0322566
210.454, 1.00868, -4223.08, 1.0028, -4223.22, 0.977307, -4221.91, -0.00625342, -0.00625342, -0.00625344, 0.00108045, 1.11168, 0.0422389, 0.103144, 0.032259
210.504, 1.00868, -4229.83, 1.00279, -4229.97, 0.977301, -4228.67, -0.00625342, -0.00625342, -0.00625342, 0.00108045, 1.11168, 0.0422389, 0.103144, 0.0322613
210.555, 1.00867, -4236.58, 1.00278, -4236.72, 0.977295, -4235.42, -0.00623521, -0.00623521, -0.00623521, 0.00108045, 1.11168, 0.0422389, 0.103143, 0.0322635
210.605, 1.00867, -4243.31, 1.00278, -4243.45, 0.977289, -4242.15, -0.00623322, -0.00623316, -0.00623318, 0.00108045, 1.11168, 0.0422389, 0.103141, 0.0322656
210.655, 1.00866, -4250.04, 1.00277, -4250.18, 0.977283, -4248.88, -0.00623321, -0.00623321, -0.00623316, 0.00108045, 1.11168, 0.0422392, 0.103141, 0.0322676
210.706, 1.00865, -4256.78, 1.00277, -4256.91, 0.977277, -4255.61, -0.00623312, -0.0062332, -0.00623322, 0.00108045, 1.11168, 0.0422389, 0.103139, 0.0322696
210.756, 1.00865, -4263.51, 1.00276, -4263.65, 0.977271, -4262.34, -0.00623319, -0.0062332, -0.00623317, 0.00108045, 1.11168, 0.0422394, 0.103138, 0.0322714
210.806, 1.00864, -4270.24, 1.00276, -4270.38, 0.977265, -4269.08, -0.00623323, -0.00623323, -0.00623324, 0.00108045, 1.11168, 0.0422386, 0.103136, 0.0322732
210.857, 1.00864, -4276.97, 1.00275, -4277.11, 0.977259, -4275.81, -0.0062332, -0.00623321, -0.00623322, 0.00108045, 1.11168, 0.0422392, 0.103135, 0.0322748
210.907, 1.00863, -4283.7, 1.00274, -4283.84, 0.977253, -4282.54, -0.0062332, -0.00623323, -0.00623321, 0.00108045, 1.11168, 0.0422388, 0.103134, 0.0322763
210.958, 1.00862, -4290.44, 1.00274, -4290.57, 0.977248, -4289.27, -0.00623317, -0.00623318, -0.00623318, 0.00108045, 1.11168, 0.0422389, 0.103133, 0.0322778
211.001, 1.00862, -4296.23, 1.00273, -4296.36, 0.977242, -4295.06, -0.00623318, -0.00623319, -0.00623318, 0.00108045, 1.11168, 0.0422389, 0.103132, 0.032279
211.001, 1.00862, -4296.23, 1.00273, -4296.36, 0.977242, -4295.06, -0.00623318, -0.00623319, -0.00623318, 0.00357372, 1.11168, 0.0422397, 0.10313, 0.032279
211.051, 1.00861, -4302.96, 1.00273, -4303.09, 0.977236, -4301.79, -0.00623319, -0.00623318, -0.00623318, 0.00357372, 1.11168, 0.0422388, 0.103131, 0.0323417
211.102, 1.00861, -4309.69, 1.00272, -4309.83, 0.97723, -4308.52, -0.00623317, -0.00623317, -0.00623317, 0.00357372, 1.11168, 0.0422389, 0.10313, 0.0324025
211.152, 1.0086, -4316.42, 1.00272, -4316.56, 0.977225, -4315.26, -0.00623319, -0.00623319, -0.00623319, 0.00357372, 1.11168, 0.0422389, 0.103128, 0.0324615
211.202, 1.0086, -4323.15, 1.00271, -4323.29, 0.977219, -4321.99, -0.00623318, -0.00623318, -0.00623318, 0.00357372, 1.11168, 0.0422388, 0.103127, 0.0325187
211.253, 1.00859, -4329.88, 1.0027, -4330.02, 0.977213, -4328.72, -0.0062332, -0.00623319, -0.00623319, 0.00357372, 1.11168, 0.042239, 0.103127, 0.0325743
211.303, 1.00858, -4336.62, 1.0027, -4336.75, 0.977207, -4335.45, -0.00623323, -0.00623321, -0.00623319, 0.00357372, 1.11168, 0.0422389, 0.103125, 0.0326282
211.353, 1.00858, -4343.35, 1.00269, -4343.49, 0.977201, -4342.18, -0.00623317, -0.00623317, -0.00623317, 0.00357372, 1.11168, 0.042239, 0.103124, 0.0326805
211.404, 1.00857, -4350.08, 1.00269, -4350.22, 0.977195, -4348.92, -0.00623318, -0.00623318, -0.0062332, 0.00357372, 1.11168, 0.0422391, 0.103123, 0.0327312
211.454, 1.00857, -4356.81, 1.00268, -4356.95, 0.977189, -4355.65, -0.00623319, -0.00623316, -0.00623319, 0.00357372, 1.11168, 0.0422386, 0.103122, 0.0327805
211.504, 1.00856, -4363.53, 1.00267, -4363.67, 0.977183, -4362.37, -0.00621295, -0.00621297, -0.00621295, 0.00357372, 1.11168, 0.042239, 0.10312, 0.0328283
211.555, 1.00855, -4370.24, 1.00267, -4370.38, 0.977177, -4369.08, -0.00621299, -0.00621294, -0.00621297, 0.00357372, 1.11168, 0.042239, 0.103119, 0.0328747
211.605, 1.00855, -4376.95, 1.00266, -4377.09, 0.977171, -4375.79, -0.00621294, -0.00621294, -0.00621293, 0.00357372, 1.11168, 0.0422385, 0.103118, 0.0329198
211.655, 1.00854, -4383.66, 1.00266, -4383.8, 0.977165, -4382.5, -0.00621294, -0.00621296, -0.00621296, 0.00357372, 1.11168, 0.0422391, 0.103117, 0.0329635
211.706, 1.00854, -4390.37, 1.00265, -4390.51, 0.977159, -4389.21, -0.00621225, -0.00621227, -0.00621225, 0.00357372, 1.11168, 0.0422388, 0.103116, 0.033006
211.756, 1.00853, -4397.08, 1.00265, -4397.22, 0.977156, -4395.92, -0.00621294, -0.00621294, -0.00621294, 0.00357372, 1.11168, 0.0422388, 0.103115, 0.0330472
211.806, 1.00853, -4403.79, 1.00265, -4403.93, 0.977156, -4402.63, -0.00621294, -0.00621294, -0.00621294, 0.00357372, 1.11168, 0.0422388, 0.103115, 0.0330873
211.857, 1.00853, -4410.5, 1.00265, -4410.64, 0.977156, -4409.34, -0.00621294, -0.00621294, -0.00621294, 0.00357372, 1.11168, 0.0422388, 0.103115, 0.0331261
211.907, 1.00853, -4417.2, 1.00265, -4417.34, 0.977156, -4416.04, -0.00619274, -0.00619274, -0.00619274, 0.00357372, 1.11168, 0.0422388, 0.103115, 0.0331639
211.958, 1.00853, -4423.89, 1.00265, -4424.03, 0.977156, -4422.72, -0.00619271, -0.00619271, -0.00619269, 0.00357372, 1.11168, 0.0422386, 0.103115, 0.0332005
212.001, 1.00854, -4429.64, 1.00265, -4429.78, 0.977158, -4428.48, -0.00619271, -0.00619272, -0.0061927, 0.00357372, 1.11168, 0.0422389, 0.103116, 0.0332311
212.001, 1.00854, -4429.64, 1.00265, -4429.78, 0.977158, -4428.48, -0.00619271, -0.00619272, -0.0061927, 0.0060508, 1.11168, 0.0422397, 0.103114, 0.0332312
212.051, 1.00854, -4436.33, 1.00266, -4436.47, 0.977164, -4435.16, -0.00619266, -0.0061927, -0.00619271, 0.0060508, 1.11168, 0.0422387, 0.103117, 0.0333267
212.102, 1.00855, -4443.02, 1.00266, -4443.15, 0.97717, -4441.85, -0.0061927, -0.00619267, -0.0061927, 0.0060508, 1.11168, 0.0422388, 0.103118, 0.0334195
212.152, 1.00855, -4449.7, 1.00267, -4449.84, 0.977177, -4448.54, -0.00619277, -0.00619274, -0.00619267, 0.0060508, 1.11168, 0.0422392, 0.103119, 0.0335096
212.202, 1.00856, -4456.39, 1.00268, -4456.53, 0.977186, -4455.22, -0.00617399, -0.00617399, -0.00617403, 0.0060508, 1.11168, 0.0422387, 0.103121, 0.033597
212.253, 1.00858, -4463.05, 1.00269, -4463.19, 0.977198, -4461.89, -0.00617247, -0.00617248, -0.00617246, 0.0060508, 1.11168, 0.0422386, 0.103123, 0.0336819
212.303, 1.00859, -4469.72, 1.0027, -4469.86, 0.977209, -4468.56, -0.00617246, -0.00617255, -0.00617252, 0.0060508, 1.11168, 0.0422383, 0.103126, 0.0337642
212.353, 1.0086, -4476.39, 1.00271, -4476.52, 0.977222, -4475.22, -0.00617246, -0.00617243, -0.00617241, 0.0060508, 1.11168, 0.0422389, 0.103128, 0.0338442
212.404, 1.00861, -4483.05, 1.00273, -4483.19, 0.977237, -4481.89, -0.00617247, -0.00617247, -0.00617247, 0.0060508, 1.11168, 0.0422387, 0.103132, 0.0339218
212.454, 1.00863, -4489.71, 1.00275, -4489.84, 0.977255, -4488.54, -0.00615223, -0.00615222, -0.00615223, 0.0060508, 1.11168, 0.042239, 0.103134, 0.0339971
212.504, 1.00865, -4496.35, 1.00276, -4496.49, 0.977273, -4495.19, -0.00615222, -0.00615214, -0.00615223, 0.0060508, 1.11168, 0.0422389, 0.103138, 0.0340702
212.555, 1.00867, -4502.99, 1.00278, -4503.13, 0.977293, -4501.83, -0.00615216, -0.0061522, -0.00615223, 0.0060508, 1.11168, 0.0422389, 0.103142, 0.0341411
212.605, 1.00869, -4509.64, 1.0028, -4509.78, 0.977316, -4508.47, -0.00615223, -0.00615222, -0.00615211, 0.0060508, 1.11168, 0.0422389, 0.103146, 0.0342099
212.655, 1.00872, -4516.27, 1.00283, -4516.41, 0.977339, -4515.1, -0.00613199, -0.00613199, -0.00613199, 0.0060508, 1.11168, 0.0422392, 0.103152, 0.0342767
212.706, 1.00874, -4522.89, 1.00285, -4523.03, 0.977365, -4521.73, -0.00613199, -0.00613194, -0.00613183, 0.0060508, 1.11168, 0.0422388, 0.103156, 0.0343416
212.756, 1.00877, -4529.51, 1.00288, -4529.65, 0.977395, -4528.35, -0.00613199, -0.00613191, -0.00613194, 0.0060508, 1.11168, 0.0422385, 0.103162, 0.0344044
212.807, 1.0088, -4536.13, 1.00291, -4536.27, 0.977425, -4534.97, -0.00611532, -0.00611523, -0.00611535, 0.0060508, 1.11168, 0.0422391, 0.103168, 0.0344654
212.857, 1.00883, -4542.73, 1.00295, -4542.87, 0.977459, -4541.57, -0.00611161, -0.00611172, -0.00611173, 0.0060508, 1.11168, 0.0422391, 0.103174, 0.0345245
212.907, 1.00887, -4549.33, 1.00298, -4549.47, 0.977494, -4548.17, -0.00611175, -0.00611159, -0.00611174, 0.0060508, 1.11168, 0.0422392, 0.103182, 0.0345818
212.958, 1.00891, -4555.93, 1.00302, -4556.07, 0.977532, -4554.77, -0.00611175, -0.00611174, -0.00611162, 0.0060508, 1.11168, 0.0422387, 0.10319, 0.0346374
213.001, 1.00894, -4561.6, 1.00305, -4561.73, 0.977567, -4560.43, -0.00609147, -0.00609151, -0.00609155, 0.0060508, 1.11168, 0.0422393, 0.103197, 0.0346838
213.001, 1.00894, -4561.6, 1.00305, -4561.73, 0.977567, -4560.43, -0.00609147, -0.00609151, -0.00609155, 0.00848739, 1.11168, 0.0422398, 0.103195, 0.034684
213.051, 1.00898, -4568.17, 1.00309, -4568.31, 0.977608, -4567.01, -0.00609074, -0.00609071, -0.00609076, 0.00848739, 1.11168, 0.0422392, 0.103204, 0.0347962
213.102, 1.00902, -4574.75, 1.00314, -4574.89, 0.977652, -4573.59, -0.00609148, -0.00609149, -0.00609145, 0.00848739, 1.11168, 0.0422391, 0.103213, 0.0349051
213.152, 1.00907, -4581.32, 1.00318, -4581.45, 0.977699, -4580.15, -0.00607126, -0.00607118, -0.00607117, 0.00848739, 1.11168, 0.0422394, 0.103222, 0.0350108
213.202, 1.00912, -4587.87, 1.00323, -4588.01, 0.977746, -4586.71, -0.00607123, -0.00607122, -0.00607117, 0.00848739, 1.11168, 0.0422392, 0.103232, 0.0351132
213.253, 1.00917, -4594.43, 1.00328, -4594.57, 0.977796, -4593.26, -0.00607126, -0.00607117, -0.00607122, 0.00848739, 1.11168, 0.0422392, 0.103241, 0.0352124
213.303, 1.00922, -4600.96, 1.00333, -4601.1, 0.977848, -4599.8, -0.00605102, -0.00605101, -0.00605098, 0.00848739, 1.11168, 0.0422392, 0.103251, 0.0353087
213.353, 1.00927, -4607.5, 1.00338, -4607.64, 0.977901, -4606.33, -0.006051, -0.006051, -0.00605092, 0.00848739, 1.11168, 0.0422395, 0.103263, 0.0354019
213.404, 1.00932, -4614.03, 1.00343, -4614.16, 0.977955, -4612.86, -0.00603076, -0.00603075, -0.00603077, 0.00848739, 1.11168, 0.0422395, 0.103273, 0.0354923
213.454, 1.00938, -4620.54, 1.00349, -4620.68, 0.978011, -4619.37, -0.00603077, -0.0060308, -0.00603073, 0.00848739, 1.11168, 0.0422398, 0.103284, 0.0355798
213.504, 1.00944, -4627.05, 1.00355, -4627.19, 0.97807, -4625.89, -0.00602182, -0.00602183, -0.00602184, 0.00848739, 1.11168, 0.0422397, 0.103295, 0.0356646
213.555, 1.0095, -4633.54, 1.0036, -4633.68, 0.978129, -4632.38, -0.00601055, -0.00601054, -0.00601058, 0.00848739, 1.11168, 0.0422394, 0.103307, 0.0357468
213.605, 1.00956, -4640.03, 1.00366, -4640.17, 0.978189, -4638.87, -0.00601051, -0.00601049, -0.00601048, 0.00848739, 1.11168, 0.0422396, 0.103318, 0.0358263
213.655, 1.00962, -4646.51, 1.00373, -4646.64, 0.978251, -4645.34, -0.00599026, -0.00599024, -0.00599023, 0.00848739, 1.11168, 0.0422396, 0.103331, 0.0359032
213.706, 1.00968, -4652.98, 1.00379, -4653.11, 0.978316, -4651.81, -0.00599025, -0.00599023, -0.00599022, 0.00848739, 1.11168, 0.0422398, 0.103344, 0.0359777
213.756, 1.00975, -4659.43, 1.00385, -4659.57, 0.978382, -4658.27, -0.00597003, -0.00597002, -0.00597, 0.00848739, 1.11168, 0.0422395, 0.103357, 0.0360497
213.807, 1.00981, -4665.88, 1.00392, -4666.02, 0.978448, -4664.71, -0.00597005, -0.00597004, -0.00597001, 0.00848739, 1.11168, 0.0422399, 0.10337, 0.0361194
213.857, 1.00988, -4672.32, 1.00399, -4672.45, 0.978518, -4671.15, -0.00594981, -0.0059498, -0.00594978, 0.00848739, 1.11168, 0.04224, 0.103383, 0.0361867
213.907, 1.00995, -4678.74, 1.00406, -4678.88, 0.978589, -4677.58, -0.00594978, -0.00594977, -0.00594975, 0.00848739, 1.11168, 0.0422399, 0.103398, 0.0362517
213.958, 1.01002, -4685.16, 1.00413, -4685.3, 0.97866, -4683.99, -0.0059296, -0.00592958, -0.00592956, 0.00848739, 1.11168, 0.04224, 0.103413, 0.0363145
214.001, 1.01008, -4690.67, 1.00419, -4690.8, 0.978721, -4689.5, -0.00592943, -0.00592941, -0.00592939, 0.00848739, 1.11168, 0.0422399, 0.103424, 0.0363668
214.001, 1.01008, -4690.67, 1.00419, -4690.8, 0.978721, -4689.5, -0.00592943, -0.00592941, -0.00592939, 0.0108592, 1.11168, 0.0422408, 0.103422, 0.0363671
214.051, 1.01016, -4697.06, 1.00426, -4697.2, 0.978795, -4695.9, -0.00590966, -0.00590965, -0.00590962, 0.0108592, 1.11168, 0.0422403, 0.103439, 0.036484
214.102, 1.01023, -4703.44, 1.00433, -4703.58, 0.978871, -4702.28, -0.00590929, -0.00590928, -0.00590926, 0.0108592, 1.11168, 0.0422398, 0.103453, 0.0365974
214.152, 1.01031, -4709.82, 1.00441, -4709.96, 0.978948, -4708.65, -0.00588917, -0.00588911, -0.00588911, 0.0108592, 1.11168, 0.0422402, 0.10347, 0.036707
214.202, 1.01038, -4716.18, 1.00449, -4716.32, 0.979026, -4715.01, -0.0058891, -0.00588909, -0.00588906, 0.0108592, 1.11168, 0.0422403, 0.103485, 0.0368131
214.253, 1.01046, -4722.53, 1.00456, -4722.66, 0.979103, -4721.36, -0.00586879, -0.00586877, -0.00586874, 0.0108592, 1.11168, 0.0422405, 0.1035, 0.0369156
214.303, 1.01054, -4728.86, 1.00464, -4729, 0.97918, -4727.7, -0.00586886, -0.00586885, -0.00586879, 0.0108592, 1.11168, 0.0422403, 0.103515, 0.0370147
214.353, 1.01061, -4735.19, 1.00471, -4735.32, 0.979257, -4734.02, -0.00584854, -0.00584853, -0.00584849, 0.0108592, 1.11168, 0.0422407, 0.10353, 0.0371104
214.404, 1.01069, -4741.5, 1.00479, -4741.64, 0.979334, -4740.33, -0.0058369, -0.00583691, -0.00583692, 0.0108592, 1.11168, 0.0422401, 0.103546, 0.0372029
214.454, 1.01077, -4747.79, 1.00487, -4747.93, 0.979412, -4746.63, -0.0058283, -0.00582829, -0.00582831, 0.0108592, 1.11168, 0.0422406, 0.103561, 0.0372922
214.504, 1.01084, -4754.08, 1.00494, -4754.22, 0.979489, -4752.91, -0.00580822, -0.00580814, -0.0058082, 0.0108592, 1.11168, 0.0422405, 0.103576, 0.0373784
214.555, 1.01092, -4760.35, 1.00502, -4760.49, 0.979566, -4759.19, -0.00580809, -0.00580809, -0.00580803, 0.0108592, 1.11168, 0.0422406, 0.103592, 0.0374615
214.605, 1.01099, -4766.61, 1.00509, -4766.75, 0.979643, -4765.44, -0.00578784, -0.00578786, -0.00578788, 0.0108592, 1.11168, 0.0422406, 0.103607, 0.0375417
214.656, 1.01107, -4772.85, 1.00517, -4772.99, 0.979721, -4771.69, -0.00576965, -0.00576965, -0.00576965, 0.0108592, 1.11168, 0.0422407, 0.103622, 0.037619
214.706, 1.01115, -4779.08, 1.00525, -4779.22, 0.979798, -4777.92, -0.00576762, -0.00576763, -0.0057676, 0.0108592, 1.11168, 0.0422408, 0.103637, 0.0376934
214.756, 1.01122, -4785.3, 1.00532, -4785.44, 0.979875, -4784.13, -0.00574742, -0.00574741, -0.00574739, 0.0108592, 1.11168, 0.0422407, 0.103652, 0.0377651
214.807, 1.0113, -4791.51, 1.0054, -4791.64, 0.979952, -4790.34, -0.00573856, -0.00573857, -0.00573851, 0.0108592, 1.11168, 0.0422407, 0.103667, 0.0378341
214.857, 1.01138, -4797.69, 1.00547, -4797.83, 0.980029, -4796.52, -0.00572708, -0.00572701, -0.00572701, 0.0108592, 1.11168, 0.0422414, 0.103684, 0.0379004
214.907, 1.01145, -4803.86, 1.00555, -4804, 0.980107, -4802.7, -0.00570696, -0.00570698, -0.00570692, 0.0108592, 1.11168, 0.042241, 0.103698, 0.0379641
214.958, 1.01153, -4810.03, 1.00563, -4810.16, 0.980184, -4808.86, -0.00570192, -0.00570184, -0.00570176, 0.0108592, 1.11168, 0.0422407, 0.103714, 0.0380253
215.001, 1.01159, -4815.31, 1.00569, -4815.44, 0.98025, -4814.14, -0.00568543, -0.00568557, -0.00568538, 0.0108592, 1.11168, 0.0422412, 0.103727, 0.0380759
215.001, 1.0116, -4815.31, 1.00569, -4815.44, 0.98025, -4814.14, -0.00568543, -0.00568557, -0.00568538, 0.0131333, 1.11168, 0.0422423, 0.103725, 0.0380762
215.051, 1.01167, -4821.44, 1.00577, -4821.58, 0.980327, -4820.27, -0.00566647, -0.00566653, -0.00566656, 0.0131333, 1.11168, 0.0422413, 0.103742, 0.0381884
215.102, 1.01175, -4827.56, 1.00584, -4827.7, 0.980405, -4826.39, -0.00566639, -0.00566634, -0.00566632, 0.0131333, 1.11168, 0.0422411, 0.103758, 0.038297
215.152, 1.01182, -4833.66, 1.00592, -4833.8, 0.980482, -4832.49, -0.0056459, -0.00564596, -0.00564595, 0.0131333, 1.11168, 0.0422415, 0.103772, 0.0384016
215.202, 1.0119, -4839.75, 1.006, -4839.88, 0.980559, -4838.58, -0.00562599, -0.00562591, -0.005626, 0.0131333, 1.11168, 0.0422411, 0.103788, 0.0385023
215.253, 1.01197, -4845.82, 1.00607, -4845.96, 0.980634, -4844.65, -0.00560932, -0.00560936, -0.00560931, 0.0131333, 1.11168, 0.0422413, 0.103802, 0.0385993
215.303, 1.01204, -4851.87, 1.00614, -4852.01, 0.980705, -4850.71, -0.00560578, -0.00560574, -0.00560574, 0.0131333, 1.11168, 0.0422415, 0.103816, 0.0386926
215.353, 1.01212, -4857.91, 1.00621, -4858.05, 0.980777, -4856.74, -0.00558552, -0.00558552, -0.00558538, 0.0131333, 1.11168, 0.0422415, 0.103831, 0.0387824
215.404, 1.01219, -4863.93, 1.00628, -4864.07, 0.980848, -4862.77, -0.00556533, -0.00556537, -0.00556532, 0.0131333, 1.11168, 0.0422417, 0.103846, 0.0388687
215.454, 1.01226, -4869.94, 1.00635, -4870.08, 0.98092, -4868.77, -0.00555133, -0.00555148, -0.00555146, 0.0131333, 1.11168, 0.0422417, 0.103859, 0.0389517
215.504, 1.01232, -4875.93, 1.00642, -4876.07, 0.980988, -4874.76, -0.00554503, -0.00554506, -0.00554506, 0.0131333, 1.11168, 0.0422418, 0.103873, 0.0390313
215.555, 1.01239, -4881.9, 1.00648, -4882.04, 0.981054, -4880.73, -0.00552362, -0.00552349, -0.00552356, 0.0131333, 1.11168, 0.0422417, 0.103886, 0.0391077
215.605, 1.01245, -4887.86, 1.00655, -4887.99, 0.981119, -4886.69, -0.00550463, -0.0055046, -0.00550462, 0.0131333, 1.11168, 0.042242, 0.103899, 0.0391809
215.656, 1.01252, -4893.8, 1.00661, -4893.93, 0.981185, -4892.63, -0.00548589, -0.00548588, -0.00548583, 0.0131333, 1.11168, 0.0422418, 0.103912, 0.039251
215.706, 1.01258, -4899.72, 1.00668, -4899.86, 0.98125, -4898.55, -0.00548422, -0.00548429, -0.0054842, 0.0131333, 1.11168, 0.0422416, 0.103925, 0.0393181
215.756, 1.01264, -4905.62, 1.00673, -4905.76, 0.981311, -4904.46, -0.00546414, -0.00546409, -0.00546401, 0.0131333, 1.11168, 0.0422417, 0.103937, 0.0393822
215.807, 1.0127, -4911.51, 1.00679, -4911.65, 0.981371, -4910.34, -0.0054388, -0.00543869, -0.00543868, 0.0131333, 1.11168, 0.042242, 0.103949, 0.0394435
215.857, 1.01276, -4917.38, 1.00685, -4917.52, 0.98143, -4916.21, -0.00542363, -0.0054236, -0.00542356, 0.0131333, 1.11168, 0.0422427, 0.10396, 0.0395019
215.907, 1.01282, -4923.23, 1.00691, -4923.37, 0.98149, -4922.07, -0.00540597, -0.00540597, -0.00540595, 0.0131333, 1.11168, 0.0422423, 0.103972, 0.0395575
215.958, 1.01288, -4929.07, 1.00697, -4929.21, 0.981548, -4927.9, -0.0054034, -0.00540341, -0.00540337, 0.0131333, 1.11168, 0.0422422, 0.103984, 0.0396104
216.001, 1.01292, -4934.07, 1.00701, -4934.21, 0.981595, -4932.9, -0.00538318, -0.00538318, -0.00538312, 0.0131333, 1.11168, 0.0422423, 0.103993, 0.0396538
216.001, 1.01293, -4934.07, 1.00701, -4934.21, 0.981595, -4932.9, -0.00538318, -0.00538318, -0.00538312, 0.0152866, 1.11168, 0.0422428, 0.103991, 0.0396542
216.051, 1.01298, -4939.87, 1.00707, -4940.01, 0.981648, -4938.7, -0.00536291, -0.00536291, -0.00536287, 0.0152866, 1.11168, 0.0422421, 0.104004, 0.0397549
216.102, 1.01303, -4945.66, 1.00712, -4945.79, 0.981702, -4944.49, -0.00534291, -0.0053429, -0.00534286, 0.0152866, 1.11168, 0.0422422, 0.104014, 0.0398518
216.152, 1.01308, -4951.42, 1.00717, -4951.56, 0.981754, -4950.25, -0.00532599, -0.00532599, -0.00532601, 0.0152866, 1.11168, 0.0422423, 0.104025, 0.0399448
216.202, 1.01313, -4957.17, 1.00722, -4957.31, 0.981802, -4956, -0.00532245, -0.00532244, -0.00532242, 0.0152866, 1.11168, 0.0422423, 0.104034, 0.0400338
216.253, 1.01318, -4962.9, 1.00726, -4963.03, 0.981849, -4961.73, -0.00530216, -0.00530222, -0.00530219, 0.0152866, 1.11168, 0.0422424, 0.104043, 0.040119
216.303, 1.01322, -4968.61, 1.00731, -4968.74, 0.981896, -4967.44, -0.00528144, -0.00528149, -0.00528141, 0.0152866, 1.11168, 0.0422423, 0.104052, 0.0402005
216.353, 1.01326, -4974.3, 1.00735, -4974.43, 0.981938, -4973.13, -0.00526179, -0.00526171, -0.00526176, 0.0152866, 1.11168, 0.0422425, 0.104061, 0.0402784
216.404, 1.01331, -4979.97, 1.00739, -4980.11, 0.98198, -4978.8, -0.00524156, -0.00524154, -0.00524154, 0.0152866, 1.11168, 0.0422425, 0.10407, 0.0403527
216.454, 1.01335, -4985.62, 1.00743, -4985.76, 0.98202, -4984.46, -0.00522152, -0.00522151, -0.00522146, 0.0152866, 1.11168, 0.0422425, 0.104077, 0.0404236
216.505, 1.01338, -4991.26, 1.00747, -4991.39, 0.982056, -4990.09, -0.00520258, -0.00520255, -0.00520257, 0.0152866, 1.11168, 0.0422426, 0.104084, 0.0404912
216.555, 1.01342, -4996.87, 1.0075, -4997.01, 0.982092, -4995.71, -0.00519212, -0.00519213, -0.00519213, 0.0152866, 1.11168, 0.0422425, 0.104091, 0.0405554
216.605, 1.01345, -5002.47, 1.00754, -5002.6, 0.982126, -5001.3, -0.00518082, -0.00518077, -0.00518078, 0.0152866, 1.11168, 0.0422423, 0.104099, 0.0406164
216.656, 1.01348, -5008.04, 1.00757, -5008.18, 0.982157, -5006.88, -0.00516057, -0.00516054, -0.00516051, 0.0152866, 1.11168, 0.0422426, 0.104104, 0.0406743
216.706, 1.01351, -5013.6, 1.0076, -5013.73, 0.982187, -5012.43, -0.00514036, -0.00514033, -0.00514032, 0.0152866, 1.11168, 0.0422431, 0.10411, 0.0407291
216.756, 1.01354, -5019.13, 1.00763, -5019.27, 0.982216, -5017.97, -0.00511919, -0.00511918, -0.00511917, 0.0152866, 1.11168, 0.0422427, 0.104116, 0.040781
216.807, 1.01357, -5024.65, 1.00765, -5024.79, 0.982242, -5023.48, -0.00509985, -0.00509985, -0.00509986, 0.0152866, 1.11168, 0.0422428, 0.104121, 0.0408299
216.857, 1.01359, -5030.15, 1.00767, -5030.28, 0.982266, -5028.98, -0.00507963, -0.00507963, -0.00507963, 0.0152866, 1.11168, 0.0422428, 0.104126, 0.0408759
216.907, 1.01361, -5035.62, 1.0077, -5035.76, 0.98229, -5034.46, -0.00505946, -0.00505945, -0.00505944, 0.0152866, 1.11168, 0.0422428, 0.10413, 0.0409191
216.958, 1.01363, -5041.08, 1.00772, -5041.22, 0.982312, -5039.91, -0.0050395, -0.0050395, -0.00503949, 0.0152866, 1.11168, 0.0422428, 0.104135, 0.0409596
217, 1.01365, -5045.65, 1.00773, -5045.79, 0.982327, -5044.48, -0.00503408, -0.00503407, -0.00503407, 0.0152866, 1.11168, 0.0422427, 0.104138, 0.0409915
217, 1.01365, -5045.65, 1.00774, -5045.79, 0.982327, -5044.48, -0.00503408, -0.00503407, -0.00503407, 0.0173002, 1.11168, 0.0422436, 0.104137, 0.0409919
217.05, 1.01367, -5051.07, 1.00775, -5051.21, 0.982345, -5049.9, -0.0050189, -0.00501889, -0.00501889, 0.0173002, 1.11168, 0.0422428, 0.104142, 0.0410767
217.101, 1.01368, -5056.47, 1.00777, -5056.61, 0.982363, -5055.3, -0.00499864, -0.00499865, -0.00499863, 0.0173002, 1.11168, 0.0422428, 0.104146, 0.0411578
217.151, 1.0137, -5061.85, 1.00778, -5061.99, 0.982377, -5060.68, -0.00497846, -0.00497844, -0.00497845, 0.0173002, 1.11168, 0.0422428, 0.104148, 0.041235
217.201, 1.01371, -5067.21, 1.0078, -5067.35, 0.982389, -5066.04, -0.00495792, -0.00495791, -0.00495792, 0.0173002, 1.11168, 0.0422428, 0.104151, 0.0413084
217.252, 1.01372, -5072.55, 1.00781, -5072.69, 0.9824, -5071.38, -0.004938, -0.00493796, -0.00493797, 0.0173002, 1.11168, 0.0422432, 0.104153, 0.041378
217.302, 1.01373, -5077.87, 1.00781, -5078.01, 0.982408, -5076.7, -0.00491614, -0.00491614, -0.00491614, 0.0173002, 1.11168, 0.0422431, 0.104154, 0.041444
217.352, 1.01374, -5083.17, 1.00782, -5083.3, 0.982414, -5082, -0.00489755, -0.00489756, -0.00489753, 0.0173002, 1.11168, 0.0422426, 0.104156, 0.0415064
217.403, 1.01374, -5088.44, 1.00783, -5088.58, 0.982419, -5087.28, -0.00487727, -0.00487727, -0.00487729, 0.0173002, 1.11168, 0.0422429, 0.104156, 0.0415654
217.453, 1.01374, -5093.7, 1.00783, -5093.84, 0.982421, -5092.53, -0.00485704, -0.00485704, -0.00485702, 0.0173002, 1.11168, 0.042243, 0.104157, 0.041621
217.504, 1.01374, -5098.94, 1.00783, -5099.07, 0.982421, -5097.77, -0.00483684, -0.00483684, -0.00483687, 0.0173002, 1.11168, 0.0422432, 0.104156, 0.0416733
217.554, 1.01374, -5104.15, 1.00783, -5104.29, 0.982421, -5102.98, -0.00481663, -0.00481655, -0.00481658, 0.0173002, 1.11168, 0.0422432, 0.104156, 0.0417225
217.604, 1.01374, -5109.35, 1.00782, -5109.48, 0.982417, -5108.18, -0.00479646, -0.00479645, -0.00479646, 0.0173002, 1.11168, 0.0422429, 0.104155, 0.0417684
217.655, 1.01373, -5114.52, 1.00782, -5114.65, 0.982411, -5113.35, -0.00477632, -0.0047763, -0.00477628, 0.0173002, 1.11168, 0.042243, 0.104155, 0.0418114
217.705, 1.01373, -5119.67, 1.00781, -5119.81, 0.982406, -5118.5, -0.00475632, -0.00475633, -0.00475632, 0.0173002, 1.11168, 0.0422429, 0.104154, 0.0418513
217.755, 1.01372, -5124.8, 1.0078, -5124.94, 0.982398, -5123.63, -0.00473645, -0.00473645, -0.00473647, 0.0173002, 1.11168, 0.042243, 0.104151, 0.0418883
217.806, 1.01371, -5129.91, 1.00779, -5130.05, 0.982388, -5128.74, -0.0047169, -0.00471688, -0.00471688, 0.0173002, 1.11168, 0.0422429, 0.104151, 0.0419225
217.856, 1.0137, -5135, 1.00778, -5135.14, 0.982376, -5133.83, -0.00469723, -0.00469715, -0.00469717, 0.0173002, 1.11168, 0.0422429, 0.104148, 0.0419539
217.906, 1.01369, -5140.07, 1.00777, -5140.2, 0.982364, -5138.9, -0.00467849, -0.00467855, -0.00467855, 0.0173002, 1.11168, 0.042243, 0.104146, 0.0419826
217.957, 1.01367, -5145.11, 1.00776, -5145.25, 0.98235, -5143.95, -0.00466103, -0.00466105, -0.00466102, 0.0173002, 1.11168, 0.0422431, 0.104143, 0.0420086
218, 1.01366, -5149.44, 1.00774, -5149.57, 0.982337, -5148.27, -0.00465465, -0.00465471, -0.00465469, 0.0173002, 1.11168, 0.0422428, 0.10414, 0.0420289
218, 1.01366, -5149.44, 1.00774, -5149.57, 0.982337, -5148.27, -0.00465465, -0.00465471, -0.00465469, 0.0191621, 1.11168, 0.0422437, 0.104139, 0.0420292
218.05, 1.01364, -5154.44, 1.00773, -5154.58, 0.982319, -5153.28, -0.00463439, -0.00463439, -0.00463442, 0.0191621, 1.11168, 0.0422426, 0.104136, 0.0420959
218.101, 1.01362, -5159.43, 1.00771, -5159.56, 0.982301, -5158.26, -0.00461417, -0.00461421, -0.00461418, 0.0191621, 1.11168, 0.0422426, 0.104133, 0.0421592
218.151, 1.0136, -5164.39, 1.00769, -5164.53, 0.982282, -5163.23, -0.00459371, -0.00459379, -0.00459387, 0.0191621, 1.11168, 0.0422431, 0.104129, 0.0422187
218.201, 1.01358, -5169.34, 1.00767, -5169.47, 0.98226, -5168.17, -0.00457369, -0.0045738, -0.00457386, 0.0191621, 1.11168, 0.0422431, 0.104124, 0.0422745
218.252, 1.01356, -5174.26, 1.00765, -5174.39, 0.982236, -5173.09, -0.00455348, -0.00455336, -0.00455334, 0.0191621, 1.11168, 0.0422425, 0.10412, 0.0423268
218.302, 1.01354, -5179.16, 1.00762, -5179.29, 0.982212, -5177.99, -0.00453322, -0.00453322, -0.00453324, 0.0191621, 1.11168, 0.0422429, 0.104115, 0.0423757
218.352, 1.01351, -5184.04, 1.0076, -5184.17, 0.982186, -5182.87, -0.00451277, -0.00451285, -0.0045128, 0.0191621, 1.11168, 0.0422423, 0.10411, 0.0424213
218.403, 1.01348, -5188.89, 1.00757, -5189.03, 0.982157, -5187.73, -0.00449275, -0.00449288, -0.00449275, 0.0191621, 1.11168, 0.0422431, 0.104104, 0.0424635
218.453, 1.01345, -5193.73, 1.00754, -5193.87, 0.982127, -5192.56, -0.00447227, -0.00447223, -0.00447229, 0.0191621, 1.11168, 0.0422431, 0.104098, 0.0425026
218.504, 1.01342, -5198.54, 1.00751, -5198.68, 0.982097, -5197.38, -0.00445228, -0.00445227, -0.00445229, 0.0191621, 1.11168, 0.0422424, 0.104092, 0.0425386
218.554, 1.01339, -5203.33, 1.00748, -5203.47, 0.982064, -5202.17, -0.00443162, -0.00443162, -0.00443169, 0.0191621, 1.11168, 0.0422428, 0.104086, 0.0425716
218.604, 1.01335, -5208.11, 1.00744, -5208.24, 0.982028, -5206.94, -0.0044118, -0.00441184, -0.00441183, 0.0191621, 1.11168, 0.0422427, 0.104079, 0.0426016
218.655, 1.01332, -5212.86, 1.00741, -5212.99, 0.981993, -5211.69, -0.00439089, -0.00439089, -0.0043909, 0.0191621, 1.11168, 0.0422426, 0.104072, 0.0426287
218.705, 1.01328, -5217.58, 1.00737, -5217.72, 0.981957, -5216.42, -0.00437135, -0.00437136, -0.00437133, 0.0191621, 1.11168, 0.0422426, 0.104064, 0.0426531
218.755, 1.01325, -5222.29, 1.00733, -5222.43, 0.981921, -5221.12, -0.00435019, -0.0043502, -0.00435021, 0.0191621, 1.11168, 0.0422426, 0.104058, 0.0426746
218.806, 1.01321, -5226.98, 1.0073, -5227.11, 0.981881, -5225.81, -0.00433081, -0.00433089, -0.00433094, 0.0191621, 1.11168, 0.0422424, 0.104049, 0.0426936
218.856, 1.01317, -5231.64, 1.00726, -5231.77, 0.98184, -5230.47, -0.0043091, -0.00430904, -0.00430918, 0.0191621, 1.11168, 0.0422426, 0.104041, 0.0427099
218.906, 1.01313, -5236.28, 1.00721, -5236.42, 0.981798, -5235.11, -0.0042904, -0.0042904, -0.0042904, 0.0191621, 1.11168, 0.0422423, 0.104033, 0.0427237
218.957, 1.01308, -5240.9, 1.00717, -5241.04, 0.981757, -5239.73, -0.0042673, -0.00426732, -0.00426732, 0.0191621, 1.11168, 0.0422422, 0.104024, 0.0427351
219, 1.01305, -5244.86, 1.00714, -5245, 0.981721, -5243.69, -0.00424999, -0.00424992, -0.00424998, 0.0191621, 1.11168, 0.0422427, 0.104018, 0.0427429
219, 1.01305, -5244.86, 1.00714, -5245, 0.981721, -5243.69, -0.00424999, -0.00424992, -0.00424998, 0.0208621, 1.11168, 0.0422432, 0.104017, 0.0427431
219.05, 1.01301, -5249.44, 1.0071, -5249.58, 0.981678, -5248.27, -0.00422975, -0.00422987, -0.00422976, 0.0208621, 1.11168, 0.0422424, 0.104009, 0.0427916
219.101, 1.01296, -5254, 1.00705, -5254.14, 0.981632, -5252.83, -0.00420961, -0.0042096, -0.00420974, 0.0208621, 1.11168, 0.0422426, 0.104, 0.0428368
219.151, 1.01291, -5258.54, 1.007, -5258.67, 0.981585, -5257.37, -0.00418952, -0.00418952, -0.00418944, 0.0208621, 1.11168, 0.0422425, 0.10399, 0.0428786
219.201, 1.01287, -5263.05, 1.00696, -5263.19, 0.981537, -5261.89, -0.00416922, -0.00416923, -0.0041692, 0.0208621, 1.11168, 0.0422423, 0.103981, 0.042917
219.252, 1.01282, -5267.55, 1.00691, -5267.69, 0.98149, -5266.38, -0.00414909, -0.00414911, -0.00414913, 0.0208621, 1.11168, 0.0422424, 0.103972, 0.0429522
219.302, 1.01277, -5272.02, 1.00686, -5272.16, 0.981441, -5270.86, -0.004129, -0.00412909, -0.00412912, 0.0208621, 1.11168, 0.0422421, 0.103962, 0.0429842
219.353, 1.01272, -5276.48, 1.00681, -5276.61, 0.981391, -5275.31, -0.004109, -0.00410901, -0.0041089, 0.0208621, 1.11168, 0.0422423, 0.103952, 0.0430131
219.403, 1.01267, -5280.91, 1.00676, -5281.05, 0.981337, -5279.74, -0.00408922, -0.00408922, -0.00408933, 0.0208621, 1.11168, 0.0422421, 0.103942, 0.043039
219.453, 1.01262, -5285.32, 1.00671, -5285.46, 0.981283, -5284.15, -0.00406932, -0.00406933, -0.00406945, 0.0208621, 1.11168, 0.0422421, 0.103931, 0.043062
219.504, 1.01256, -5289.71, 1.00666, -5289.85, 0.98123, -5288.54, -0.00404963, -0.00404967, -0.00404964, 0.0208621, 1.11168, 0.0422421, 0.10392, 0.0430822
219.554, 1.01251, -5294.08, 1.0066, -5294.21, 0.981177, -5292.91, -0.00403096, -0.00403096, -0.00403095, 0.0208621, 1.11168, 0.042242, 0.103909, 0.0430997
219.604, 1.01246, -5298.42, 1.00655, -5298.56, 0.981122, -5297.26, -0.00401189, -0.00401188, -0.00401188, 0.0208621, 1.11168, 0.0422419, 0.103899, 0.0431144
219.655, 1.0124, -5302.75, 1.00649, -5302.89, 0.981064, -5301.58, -0.00399539, -0.00399543, -0.00399542, 0.0208621, 1.11168, 0.042242, 0.103887, 0.0431265
219.705, 1.01234, -5307.05, 1.00643, -5307.19, 0.981005, -5305.89, -0.00397798, -0.003978, -0.00397805, 0.0208621, 1.11168, 0.0422419, 0.103876, 0.0431361
219.755, 1.01228, -5311.34, 1.00638, -5311.47, 0.980945, -5310.17, -0.00396665, -0.00396665, -0.0039667, 0.0208621, 1.11168, 0.0422419, 0.103864, 0.0431433
219.806, 1.01222, -5315.6, 1.00632, -5315.74, 0.980886, -5314.43, -0.00394638, -0.00394644, -0.00394639, 0.0208621, 1.11168, 0.0422419, 0.103852, 0.043148
219.856, 1.01216, -5319.84, 1.00626, -5319.98, 0.980826, -5318.67, -0.0039262, -0.00392614, -0.00392618, 0.0208621, 1.11168, 0.0422418, 0.10384, 0.0431503
219.906, 1.01211, -5324.06, 1.0062, -5324.2, 0.980767, -5322.89, -0.00390591, -0.00390591, -0.00390593, 0.0208621, 1.11168, 0.0422416, 0.103828, 0.0431504
219.957, 1.01205, -5328.26, 1.00614, -5328.4, 0.980707, -5327.09, -0.00388567, -0.00388565, -0.00388571, 0.0208621, 1.11168, 0.0422417, 0.103817, 0.0431482
220, 1.012, -5331.85, 1.00609, -5331.99, 0.980656, -5330.69, -0.00386424, -0.0038643, -0.00386422, 0.0208621, 1.11168, 0.0422414, 0.103806, 0.0431447
220, 1.012, -5331.85, 1.00609, -5331.99, 0.980656, -5330.69, -0.00386424, -0.0038643, -0.00386422, 0.0224078, 1.11168, 0.0422425, 0.103806, 0.0431448
220.05, 1.01194, -5336.01, 1.00603, -5336.15, 0.980597, -5334.85, -0.00384518, -0.00384522, -0.00384522, 0.0224078, 1.11168, 0.0422415, 0.103795, 0.0431766
220.101, 1.01188, -5340.15, 1.00597, -5340.29, 0.980535, -5338.99, -0.00382497, -0.00382505, -0.00382505, 0.0224078, 1.11168, 0.0422415, 0.103783, 0.0432053
220.151, 1.01181, -5344.27, 1.00591, -5344.41, 0.980471, -5343.11, -0.00380474, -0.00380474, -0.00380477, 0.0224078, 1.11168, 0.0422417, 0.10377, 0.043231
220.201, 1.01175, -5348.37, 1.00584, -5348.51, 0.980406, -5347.21, -0.00378462, -0.00378462, -0.00378462, 0.0224078, 1.11168, 0.0422414, 0.103757, 0.0432536
220.252, 1.01168, -5352.45, 1.00578, -5352.59, 0.98034, -5351.29, -0.00376442, -0.00376444, -0.00376443, 0.0224078, 1.11168, 0.0422418, 0.103744, 0.0432733
220.302, 1.01162, -5356.51, 1.00572, -5356.65, 0.980275, -5355.35, -0.00374441, -0.00374441, -0.00374439, 0.0224078, 1.11168, 0.0422414, 0.103731, 0.0432902
220.353, 1.01155, -5360.55, 1.00565, -5360.69, 0.980209, -5359.38, -0.00372495, -0.00372495, -0.00372498, 0.0224078, 1.11168, 0.0422414, 0.103718, 0.0433044
220.403, 1.01149, -5364.57, 1.00559, -5364.71, 0.980144, -5363.4, -0.00370716, -0.00370718, -0.00370724, 0.0224078, 1.11168, 0.042241, 0.103705, 0.0433159
220.453, 1.01143, -5368.57, 1.00552, -5368.7, 0.980079, -5367.4, -0.00369184, -0.00369185, -0.00369185, 0.0224078, 1.11168, 0.0422417, 0.103692, 0.0433248
220.504, 1.01136, -5372.54, 1.00546, -5372.68, 0.980013, -5371.38, -0.00368331, -0.0036833, -0.00368333, 0.0224078, 1.11168, 0.0422414, 0.103679, 0.0433312
220.554, 1.01129, -5376.5, 1.00539, -5376.64, 0.979946, -5375.33, -0.0036631, -0.00366309, -0.00366312, 0.0224078, 1.11168, 0.0422411, 0.103666, 0.0433351
220.604, 1.01122, -5380.44, 1.00532, -5380.57, 0.979876, -5379.27, -0.00364283, -0.00364284, -0.00364289, 0.0224078, 1.11168, 0.0422408, 0.103652, 0.0433367
220.655, 1.01115, -5384.35, 1.00525, -5384.49, 0.979805, -5383.19, -0.00362244, -0.00362245, -0.00362248, 0.0224078, 1.11168, 0.0422411, 0.103638, 0.0433359
220.705, 1.01108, -5388.25, 1.00518, -5388.39, 0.979733, -5387.08, -0.00360236, -0.00360239, -0.00360239, 0.0224078, 1.11168, 0.042241, 0.103624, 0.0433329
220.755, 1.01101, -5392.13, 1.00511, -5392.26, 0.979662, -5390.96, -0.00357928, -0.0035793, -0.00357932, 0.0224078, 1.11168, 0.0422411, 0.103609, 0.0433278
220.806, 1.01094, -5395.98, 1.00504, -5396.12, 0.97959, -5394.82, -0.0035619, -0.00356191, -0.00356193, 0.0224078, 1.11168, 0.042241, 0.103595, 0.0433205
220.856, 1.01087, -5399.82, 1.00497, -5399.96, 0.979519, -5398.65, -0.00354171, -0.00354173, -0.00354175, 0.0224078, 1.11168, 0.0422409, 0.103581, 0.0433111
220.906, 1.0108, -5403.64, 1.0049, -5403.78, 0.979448, -5402.47, -0.00352177, -0.00352179, -0.00352181, 0.0224078, 1.11168, 0.0422409, 0.103567, 0.0432998
220.957, 1.01073, -5407.44, 1.00483, -5407.58, 0.979377, -5406.27, -0.00350388, -0.00350389, -0.00350391, 0.0224078, 1.11168, 0.0422409, 0.103554, 0.0432865
221, 1.01067, -5410.69, 1.00477, -5410.83, 0.979315, -5409.52, -0.00350116, -0.00350118, -0.0035012, 0.0224078, 1.11168, 0.0422407, 0.103541, 0.0432736
221, 1.01067, -5410.69, 1.00477, -5410.83, 0.979315, -5409.52, -0.00350116, -0.00350118, -0.0035012, 0.0238082, 1.11168, 0.0422413, 0.10354, 0.0432736
221.05, 1.0106, -5414.45, 1.0047, -5414.59, 0.979244, -5413.29, -0.00348094, -0.00348095, -0.00348098, 0.0238082, 1.11168, 0.0422409, 0.103527, 0.0432913
221.101, 1.01053, -5418.19, 1.00463, -5418.33, 0.979173, -5417.03, -0.00346005, -0.00346007, -0.00346008, 0.0238082, 1.11168, 0.0422406, 0.103512, 0.0433062
221.151, 1.01046, -5421.92, 1.00456, -5422.05, 0.979102, -5420.75, -0.00344047, -0.00344049, -0.0034405, 0.0238082, 1.11168, 0.0422406, 0.103499, 0.0433184
221.202, 1.01039, -5425.62, 1.00449, -5425.76, 0.97903, -5424.46, -0.00342028, -0.00342031, -0.00342032, 0.0238082, 1.11168, 0.0422402, 0.103484, 0.043328
221.252, 1.01032, -5429.31, 1.00442, -5429.45, 0.978959, -5428.14, -0.00340026, -0.0034003, -0.0034003, 0.0238082, 1.11168, 0.0422402, 0.10347, 0.043335
221.302, 1.01025, -5432.98, 1.00435, -5433.12, 0.978888, -5431.81, -0.00338244, -0.00338244, -0.00338243, 0.0238082, 1.11168, 0.0422408, 0.103457, 0.0433396
221.353, 1.01018, -5436.63, 1.00428, -5436.77, 0.978816, -5435.46, -0.00337977, -0.00337978, -0.00337982, 0.0238082, 1.11168, 0.0422406, 0.103442, 0.0433417
221.403, 1.01011, -5440.26, 1.00421, -5440.39, 0.978745, -5439.09, -0.00335952, -0.00335954, -0.00335954, 0.0238082, 1.11168, 0.0422406, 0.103428, 0.0433415
221.453, 1.01004, -5443.87, 1.00414, -5444, 0.978674, -5442.7, -0.003339, -0.00333905, -0.00333904, 0.0238082, 1.11168, 0.0422403, 0.103414, 0.0433391
221.504, 1.00997, -5447.46, 1.00407, -5447.59, 0.978603, -5446.29, -0.00331905, -0.00331907, -0.00331908, 0.0238082, 1.11168, 0.0422401, 0.103399, 0.0433345
221.554, 1.00989, -5451.03, 1.004, -5451.17, 0.978531, -5449.87, -0.0032988, -0.00329883, -0.00329885, 0.0238082, 1.11168, 0.0422402, 0.103386, 0.0433278
221.604, 1.00982, -5454.59, 1.00393, -5454.72, 0.97846, -5453.42, -0.00327893, -0.00327894, -0.00327889, 0.0238082, 1.11168, 0.0422402, 0.103371, 0.043319
221.655, 1.00975, -5458.12, 1.00386, -5458.26, 0.978389, -5456.96, -0.00326307, -0.00326319, -0.00326314, 0.0238082, 1.11168, 0.0422401, 0.103357, 0.0433082
221.705, 1.00968, -5461.64, 1.00379, -5461.78, 0.978317, -5460.48, -0.00325831, -0.00325837, -0.00325831, 0.0238082, 1.11168, 0.0422403, 0.103344, 0.0432956
221.755, 1.00961, -5465.14, 1.00372, -5465.28, 0.978246, -5463.98, -0.00323806, -0.00323812, -0.0032381, 0.0238082, 1.11168, 0.0422399, 0.103329, 0.043281
221.806, 1.00954, -5468.62, 1.00365, -5468.76, 0.978175, -5467.46, -0.00321575, -0.00321576, -0.00321578, 0.0238082, 1.11168, 0.0422401, 0.103315, 0.0432646
221.856, 1.00947, -5472.09, 1.00358, -5472.23, 0.978104, -5470.92, -0.00319767, -0.00319761, -0.00319766, 0.0238082, 1.11168, 0.0422397, 0.103301, 0.0432465
221.906, 1.0094, -5475.54, 1.00351, -5475.67, 0.978032, -5474.37, -0.003178, -0.00317804, -0.00317803, 0.0238082, 1.11168, 0.0422398, 0.103287, 0.0432266
221.957, 1.00933, -5478.97, 1.00344, -5479.1, 0.977961, -5477.8, -0.00317735, -0.00317741, -0.00317743, 0.0238082, 1.11168, 0.0422397, 0.103273, 0.0432051
222, 1.00927, -5481.9, 1.00338, -5482.04, 0.9779, -5480.73, -0.00315713, -0.00315715, -0.00315717, 0.0238082, 1.11168, 0.0422398, 0.103262, 0.0431854
222, 1.00927, -5481.9, 1.00338, -5482.04, 0.9779, -5480.73, -0.00315713, -0.00315715, -0.00315717, 0.0250711, 1.11168, 0.0422403, 0.10326, 0.0431854
222.05, 1.0092, -5485.3, 1.00331, -5485.43, 0.977829, -5484.13, -0.00313688, -0.0031369, -0.00313697, 0.0250711, 1.11168, 0.0422398, 0.103246, 0.043192
222.101, 1.00913, -5488.68, 1.00324, -5488.81, 0.977757, -5487.51, -0.0031169, -0.00311686, -0.00311686, 0.0250711, 1.11168, 0.0422397, 0.103233, 0.0431963
222.151, 1.00906, -5492.04, 1.00317, -5492.18, 0.977686, -5490.88, -0.00310495, -0.00310496, -0.00310498, 0.0250711, 1.11168, 0.0422396, 0.103218, 0.0431982
222.202, 1.00899, -5495.38, 1.0031, -5495.52, 0.977615, -5494.22, -0.00309638, -0.00309639, -0.00309647, 0.0250711, 1.11168, 0.0422397, 0.103205, 0.0431978
222.252, 1.00892, -5498.71, 1.00303, -5498.85, 0.977543, -5497.55, -0.00307623, -0.00307625, -0.00307625, 0.0250711, 1.11168, 0.0422395, 0.103191, 0.0431953
222.302, 1.00885, -5502.02, 1.00296, -5502.16, 0.977472, -5500.86, -0.00305597, -0.00305602, -0.00305599, 0.0250711, 1.11168, 0.0422395, 0.103177, 0.0431906
222.353, 1.00878, -5505.32, 1.00289, -5505.45, 0.977401, -5504.15, -0.00303654, -0.00303653, -0.00303662, 0.0250711, 1.11168, 0.0422392, 0.103162, 0.0431839
222.403, 1.00871, -5508.59, 1.00282, -5508.73, 0.97733, -5507.43, -0.00303567, -0.00303574, -0.00303579, 0.0250711, 1.11168, 0.0422394, 0.103148, 0.0431752
222.453, 1.00864, -5511.85, 1.00275, -5511.99, 0.977258, -5510.69, -0.00301533, -0.00301534, -0.00301531, 0.0250711, 1.11168, 0.0422395, 0.103134, 0.0431645
222.504, 1.00857, -5515.1, 1.00268, -5515.23, 0.977187, -5513.93, -0.00299515, -0.0029952, -0.00299527, 0.0250711, 1.11168, 0.0422393, 0.10312, 0.043152
222.554, 1.00849, -5518.32, 1.00261, -5518.46, 0.977116, -5517.16, -0.00297533, -0.00297547, -0.00297543, 0.0250711, 1.11168, 0.042239, 0.103106, 0.0431377
222.604, 1.00842, -5521.54, 1.00254, -5521.67, 0.977044, -5520.37, -0.00297498, -0.00297504, -0.00297515, 0.0250711, 1.11168, 0.0422389, 0.103092, 0.0431217
222.655, 1.00835, -5524.73, 1.00247, -5524.87, 0.976973, -5523.56, -0.00295486, -0.00295487, -0.00295472, 0.0250711, 1.11168, 0.042239, 0.103078, 0.043104
222.705, 1.00828, -5527.91, 1.0024, -5528.04, 0.976902, -5526.74, -0.00293449, -0.00293456, -0.00293456, 0.0250711, 1.11168, 0.0422391, 0.103064, 0.0430847
222.755, 1.00821, -5531.07, 1.00233, -5531.21, 0.976831, -5529.9, -0.00291496, -0.00291497, -0.00291492, 0.0250711, 1.11168, 0.0422391, 0.10305, 0.0430638
222.806, 1.00814, -5534.22, 1.00226, -5534.35, 0.976759, -5533.05, -0.00291439, -0.00291432, -0.0029144, 0.0250711, 1.11168, 0.0422387, 0.103036, 0.0430414
222.856, 1.00807, -5537.34, 1.00219, -5537.48, 0.976688, -5536.18, -0.00289334, -0.00289343, -0.00289341, 0.0250711, 1.11168, 0.0422389, 0.103022, 0.0430175
222.907, 1.008, -5540.46, 1.00212, -5540.6, 0.976617, -5539.29, -0.00287386, -0.00287385, -0.00287376, 0.0250711, 1.11168, 0.0422385, 0.103007, 0.0429922
222.957, 1.00793, -5543.56, 1.00205, -5543.7, 0.976546, -5542.4, -0.00286222, -0.00286212, -0.00286218, 0.0250711, 1.11168, 0.0422389, 0.102993, 0.0429655
223, 1.00787, -5546.21, 1.00199, -5546.35, 0.976489, -5545.05, -0.00285318, -0.00285326, -0.00285318, 0.0250711, 1.11168, 0.0422387, 0.102983, 0.0429415
223, 1.00787, -5546.21, 1.00199, -5546.35, 0.976489, -5545.05, -0.00285318, -0.00285326, -0.00285318, 0.0262124, 1.11168, 0.0422388, 0.102982, 0.0429415
223.051, 1.00781, -5549.28, 1.00193, -5549.42, 0.976424, -5548.12, -0.00283331, -0.00283336, -0.00283339, 0.0262124, 1.11168, 0.0422386, 0.10297, 0.0429405
223.101, 1.00775, -5552.34, 1.00186, -5552.48, 0.976358, -5551.18, -0.00282443, -0.00282452, -0.00282455, 0.0262124, 1.11168, 0.0422389, 0.102956, 0.0429374
223.151, 1.00768, -5555.38, 1.0018, -5555.52, 0.976292, -5554.21, -0.00281309, -0.00281299, -0.00281314, 0.0262124, 1.11168, 0.0422386, 0.102944, 0.0429324
223.202, 1.00762, -5558.4, 1.00173, -5558.54, 0.976227, -5557.24, -0.00279286, -0.00279287, -0.00279284, 0.0262124, 1.11168, 0.0422385, 0.102931, 0.0429254
223.252, 1.00755, -5561.42, 1.00167, -5561.55, 0.976161, -5560.25, -0.00277528, -0.00277529, -0.00277535, 0.0262124, 1.11168, 0.0422387, 0.102917, 0.0429166
223.302, 1.00749, -5564.41, 1.00161, -5564.55, 0.976095, -5563.25, -0.00277255, -0.00277263, -0.00277271, 0.0262124, 1.11168, 0.0422386, 0.102905, 0.0429059
223.353, 1.00742, -5567.39, 1.00154, -5567.53, 0.97603, -5566.23, -0.00275248, -0.00275235, -0.00275235, 0.0262124, 1.11168, 0.0422385, 0.102892, 0.0428936
223.403, 1.00736, -5570.36, 1.00148, -5570.5, 0.975964, -5569.19, -0.00273367, -0.00273367, -0.00273366, 0.0262124, 1.11168, 0.0422386, 0.102878, 0.0428795
223.453, 1.00729, -5573.31, 1.00141, -5573.45, 0.975898, -5572.14, -0.0027321, -0.00273208, -0.00273219, 0.0262124, 1.11168, 0.0422384, 0.102866, 0.0428639
223.504, 1.00723, -5576.24, 1.00135, -5576.38, 0.975833, -5575.08, -0.00271186, -0.00271192, -0.00271202, 0.0262124, 1.11168, 0.0422384, 0.102853, 0.0428467
223.554, 1.00716, -5579.17, 1.00128, -5579.31, 0.975768, -5578.01, -0.00269431, -0.00269433, -0.00269435, 0.0262124, 1.11168, 0.0422384, 0.10284, 0.042828
223.604, 1.0071, -5582.08, 1.00122, -5582.21, 0.975702, -5580.91, -0.00269159, -0.00269175, -0.00269172, 0.0262124, 1.11168, 0.0422383, 0.102827, 0.0428078
223.655, 1.00703, -5584.97, 1.00116, -5585.11, 0.975638, -5583.81, -0.00267153, -0.00267142, -0.00267141, 0.0262124, 1.11168, 0.0422383, 0.102815, 0.0427862
223.705, 1.00697, -5587.85, 1.0011, -5587.99, 0.975578, -5586.69, -0.00266252, -0.00266256, -0.00266255, 0.0262124, 1.11168, 0.0422383, 0.102803, 0.0427633
223.755, 1.00691, -5590.72, 1.00104, -5590.85, 0.975519, -5589.55, -0.00265093, -0.00265097, -0.00265094, 0.0262124, 1.11168, 0.0422382, 0.102791, 0.0427391
223.806, 1.00686, -5593.57, 1.00098, -5593.71, 0.975459, -5592.41, -0.00263096, -0.002631, -0.00263111, 0.0262124, 1.11168, 0.0422381, 0.102779, 0.0427137
223.856, 1.0068, -5596.41, 1.00092, -5596.55, 0.975399, -5595.25, -0.00263096, -0.00263096, -0.00263103, 0.0262124, 1.11168, 0.0422379, 0.102768, 0.042687
223.907, 1.00674, -5599.23, 1.00086, -5599.37, 0.97534, -5598.07, -0.0026056, -0.00260566, -0.00260577, 0.0262124, 1.11168, 0.0422383, 0.102756, 0.0426592
223.957, 1.00668, -5602.05, 1.0008, -5602.19, 0.97528, -5600.88, -0.00259157, -0.00259163, -0.00259154, 0.0262124, 1.11168, 0.0422379, 0.102744, 0.0426303
224, 1.00663, -5604.45, 1.00075, -5604.59, 0.975228, -5603.29, -0.00259043, -0.00259049, -0.00259056, 0.0262124, 1.11168, 0.042238, 0.102734, 0.0426045
224, 1.00663, -5604.45, 1.00075, -5604.59, 0.975228, -5603.29, -0.00259043, -0.00259049, -0.00259056, 0.0272485, 1.11168, 0.0422385, 0.102733, 0.0426045
224.051, 1.00657, -5607.24, 1.00069, -5607.38, 0.975169, -5606.08, -0.00257027, -0.00257034, -0.00257038, 0.0272485, 1.11168, 0.0422381, 0.102722, 0.0425991
224.101, 1.00651, -5610.02, 1.00064, -5610.16, 0.97511, -5608.85, -0.00257028, -0.0025703, -0.00257035, 0.0272485, 1.11168, 0.0422378, 0.10271, 0.042592
224.151, 1.00646, -5612.78, 1.00058, -5612.92, 0.975056, -5611.61, -0.00254996, -0.00254996, -0.00254999, 0.0272485, 1.11168, 0.0422378, 0.1027, 0.0425831
224.202, 1.0064, -5615.53, 1.00053, -5615.67, 0.975003, -5614.37, -0.00254485, -0.00254486, -0.00254491, 0.0272485, 1.11168, 0.0422383, 0.10269, 0.0425727
224.252, 1.00635, -5618.26, 1.00048, -5618.4, 0.974949, -5617.1, -0.00252908, -0.00252908, -0.00252912, 0.0272485, 1.11168, 0.0422377, 0.102679, 0.0425606
224.302, 1.0063, -5620.99, 1.00042, -5621.13, 0.974895, -5619.82, -0.00250984, -0.00250985, -0.00250987, 0.0272485, 1.11168, 0.0422375, 0.102668, 0.0425471
224.353, 1.00625, -5623.7, 1.00037, -5623.84, 0.974842, -5622.53, -0.00250947, -0.00250943, -0.00250949, 0.0272485, 1.11168, 0.0422377, 0.102657, 0.0425321
224.403, 1.00619, -5626.4, 1.00032, -5626.53, 0.974788, -5625.23, -0.00248933, -0.00248929, -0.0024893, 0.0272485, 1.11168, 0.0422376, 0.102647, 0.0425157
224.453, 1.00614, -5629.08, 1.00027, -5629.22, 0.974734, -5627.92, -0.00248931, -0.00248924, -0.00248928, 0.0272485, 1.11168, 0.0422377, 0.102636, 0.042498
224.504, 1.00609, -5631.75, 1.00021, -5631.89, 0.97468, -5630.59, -0.00246896, -0.00246912, -0.00246897, 0.0272485, 1.11168, 0.0422374, 0.102626, 0.0424789
224.554, 1.00603, -5634.42, 1.00016, -5634.56, 0.974627, -5633.26, -0.00246892, -0.00246906, -0.00246909, 0.0272485, 1.11168, 0.0422373, 0.102616, 0.0424587
224.604, 1.00598, -5637.07, 1.00011, -5637.2, 0.974575, -5635.9, -0.00244678, -0.00244664, -0.0024467, 0.0272485, 1.11168, 0.0422377, 0.102605, 0.0424372
224.655, 1.00594, -5639.71, 1.00006, -5639.85, 0.974528, -5638.54, -0.0024305, -0.00243059, -0.00243051, 0.0272485, 1.11168, 0.0422374, 0.102596, 0.0424145
224.705, 1.00589, -5642.33, 1.00002, -5642.47, 0.97448, -5641.17, -0.00242852, -0.00242861, -0.00242854, 0.0272485, 1.11168, 0.0422373, 0.102587, 0.0423908
224.756, 1.00584, -5644.95, 0.999969, -5645.08, 0.974432, -5643.78, -0.00240856, -0.00240871, -0.00240862, 0.0272485, 1.11168, 0.0422374, 0.102577, 0.042366
224.806, 1.00579, -5647.55, 0.999923, -5647.68, 0.974385, -5646.38, -0.00240829, -0.00240826, -0.0024083, 0.0272485, 1.11168, 0.0422375, 0.102568, 0.0423402
224.856, 1.00575, -5650.14, 0.999875, -5650.28, 0.974337, -5648.97, -0.00238818, -0.00238818, -0.00238816, 0.0272485, 1.11168, 0.0422374, 0.102558, 0.0423134
224.907, 1.0057, -5652.72, 0.999829, -5652.86, 0.974289, -5651.55, -0.00238814, -0.00238814, -0.00238814, 0.0272485, 1.11168, 0.0422373, 0.102549, 0.0422856
224.957, 1.00565, -5655.29, 0.999782, -5655.42, 0.974242, -5654.12, -0.00236786, -0.00236786, -0.00236791, 0.0272485, 1.11168, 0.0422374, 0.102539, 0.0422569
225, 1.00562, -5657.48, 0.999746, -5657.62, 0.974205, -5656.32, -0.00236779, -0.00236784, -0.00236785, 0.0272485, 1.11168, 0.0422375, 0.102532, 0.0422316
225, 1.00562, -5657.48, 0.999746, -5657.62, 0.974205, -5656.32, -0.00236779, -0.00236784, -0.00236785, 0.0281957, 1.11168, 0.0422377, 0.102532, 0.0422315
225.051, 1.00557, -5660.03, 0.999705, -5660.17, 0.974163, -5658.87, -0.00234777, -0.00234777, -0.00234782, 0.0281957, 1.11168, 0.0422374, 0.102524, 0.0422246
225.101, 1.00553, -5662.57, 0.999664, -5662.71, 0.974122, -5661.41, -0.00234765, -0.00234759, -0.00234767, 0.0281957, 1.11168, 0.0422373, 0.102516, 0.0422162
225.151, 1.00549, -5665.1, 0.999623, -5665.24, 0.97408, -5663.93, -0.0023275, -0.00232757, -0.00232759, 0.0281957, 1.11168, 0.0422372, 0.102508, 0.0422064
225.202, 1.00545, -5667.61, 0.999582, -5667.75, 0.974038, -5666.45, -0.00232729, -0.0023273, -0.00232729, 0.0281957, 1.11168, 0.0422372, 0.1025, 0.0421951
225.252, 1.00541, -5670.12, 0.999541, -5670.25, 0.973996, -5668.95, -0.00230745, -0.00230738, -0.0023074, 0.0281957, 1.11168, 0.0422372, 0.102491, 0.0421825
225.302, 1.00537, -5672.61, 0.9995, -5672.75, 0.973955, -5671.44, -0.00230711, -0.00230714, -0.00230713, 0.0281957, 1.11168, 0.0422372, 0.102483, 0.0421687
225.353, 1.00533, -5675.09, 0.999458, -5675.23, 0.973913, -5673.93, -0.00228775, -0.00228774, -0.00228776, 0.0281957, 1.11168, 0.0422372, 0.102475, 0.0421537
225.403, 1.00529, -5677.56, 0.99942, -5677.7, 0.973873, -5676.4, -0.00228636, -0.00228637, -0.00228644, 0.0281957, 1.11168, 0.0422372, 0.102467, 0.0421374
225.453, 1.00525, -5680.03, 0.999385, -5680.17, 0.973837, -5678.87, -0.00227023, -0.00227031, -0.00227025, 0.0281957, 1.11168, 0.0422372, 0.10246, 0.0421201
225.504, 1.00522, -5682.48, 0.999349, -5682.62, 0.973802, -5681.32, -0.00226664, -0.00226671, -0.00226671, 0.0281957, 1.11168, 0.0422369, 0.102453, 0.0421016
225.554, 1.00518, -5684.93, 0.999314, -5685.07, 0.973766, -5683.76, -0.00226666, -0.00226667, -0.00226665, 0.0281957, 1.11168, 0.0422371, 0.102445, 0.0420822
225.604, 1.00515, -5687.35, 0.999279, -5687.49, 0.97373, -5686.19, -0.00224646, -0.00224642, -0.00224645, 0.0281957, 1.11168, 0.042237, 0.102439, 0.0420617
225.655, 1.00511, -5689.78, 0.999244, -5689.92, 0.973694, -5688.62, -0.00224638, -0.0022464, -0.00224641, 0.0281957, 1.11168, 0.042237, 0.102432, 0.0420402
225.705, 1.00508, -5692.19, 0.999209, -5692.33, 0.973658, -5691.02, -0.00222618, -0.00222618, -0.00222624, 0.0281957, 1.11168, 0.0422369, 0.102425, 0.0420179
225.756, 1.00504, -5694.59, 0.999173, -5694.73, 0.973623, -5693.43, -0.00222622, -0.00222615, -0.00222621, 0.0281957, 1.11168, 0.0422372, 0.102418, 0.0419946
225.806, 1.00501, -5696.98, 0.999141, -5697.12, 0.97359, -5695.82, -0.00220594, -0.00220595, -0.00220597, 0.0281957, 1.11168, 0.042237, 0.102412, 0.0419706
225.856, 1.00498, -5699.37, 0.999112, -5699.51, 0.97356, -5698.2, -0.00220591, -0.00220591, -0.00220592, 0.0281957, 1.11168, 0.0422366, 0.102405, 0.0419457
225.907, 1.00495, -5701.74, 0.999083, -5701.88, 0.97353, -5700.58, -0.00218649, -0.00218655, -0.00218655, 0.0281957, 1.11168, 0.0422365, 0.102399, 0.04192
225.957, 1.00492, -5704.1, 0.999053, -5704.24, 0.973501, -5702.94, -0.00218573, -0.00218569, -0.00218571, 0.0281957, 1.11168, 0.0422368, 0.102393, 0.0418936
226, 1.00489, -5706.13, 0.999028, -5706.27, 0.973475, -5704.97, -0.00218576, -0.00218577, -0.00218577, 0.0281957, 1.11168, 0.0422364, 0.102389, 0.0418703
226, 1.00489, -5706.13, 0.999028, -5706.27, 0.973475, -5704.97, -0.00218576, -0.00218577, -0.00218577, 0.02907, 1.11168, 0.0422376, 0.102388, 0.0418703
226.051, 1.00486, -5708.48, 0.998999, -5708.62, 0.973445, -5707.32, -0.00216545, -0.00216545, -0.00216547, 0.02907, 1.11168, 0.0422365, 0.102382, 0.0418642
226.101, 1.00483, -5710.82, 0.998969, -5710.96, 0.973415, -5709.65, -0.00216543, -0.00216546, -0.00216547, 0.02907, 1.11168, 0.0422364, 0.102377, 0.0418567
226.151, 1.00481, -5713.15, 0.998941, -5713.29, 0.973387, -5711.99, -0.00214569, -0.00214568, -0.00214573, 0.02907, 1.11168, 0.0422369, 0.102371, 0.0418481
226.202, 1.00478, -5715.47, 0.998917, -5715.61, 0.973362, -5714.3, -0.00214519, -0.00214519, -0.00214519, 0.02907, 1.11168, 0.0422368, 0.102366, 0.0418382
226.252, 1.00476, -5717.78, 0.998894, -5717.92, 0.973338, -5716.62, -0.00214524, -0.00214522, -0.00214526, 0.02907, 1.11168, 0.0422368, 0.102362, 0.0418272
226.302, 1.00474, -5720.08, 0.99887, -5720.22, 0.973315, -5718.92, -0.00212495, -0.00212496, -0.00212497, 0.02907, 1.11168, 0.042237, 0.102357, 0.0418151
226.353, 1.00471, -5722.38, 0.998847, -5722.52, 0.973291, -5721.21, -0.00212501, -0.00212499, -0.002125, 0.02907, 1.11168, 0.0422366, 0.102352, 0.041802
226.403, 1.00469, -5724.67, 0.998823, -5724.8, 0.973267, -5723.5, -0.00210505, -0.00210507, -0.0021051, 0.02907, 1.11168, 0.0422367, 0.102348, 0.0417878
226.453, 1.00466, -5726.94, 0.9988, -5727.08, 0.973243, -5725.78, -0.00210476, -0.00210478, -0.00210473, 0.02907, 1.11168, 0.0422369, 0.102343, 0.0417727
226.504, 1.00464, -5729.21, 0.998776, -5729.35, 0.973219, -5728.05, -0.00210475, -0.00210477, -0.00210475, 0.02907, 1.11168, 0.0422363, 0.102338, 0.0417567
226.554, 1.00462, -5731.47, 0.998753, -5731.61, 0.973195, -5730.31, -0.00208452, -0.00208453, -0.00208457, 0.02907, 1.11168, 0.0422367, 0.102334, 0.0417399
226.605, 1.0046, -5733.72, 0.998731, -5733.86, 0.973173, -5732.56, -0.00208445, -0.00208447, -0.00208448, 0.02907, 1.11168, 0.0422367, 0.102329, 0.0417221
226.655, 1.00458, -5735.97, 0.998713, -5736.11, 0.973154, -5734.81, -0.00207279, -0.00207279, -0.0020728, 0.02907, 1.11168, 0.0422366, 0.102326, 0.0417035
226.705, 1.00456, -5738.2, 0.998695, -5738.34, 0.973137, -5737.04, -0.00206424, -0.00206425, -0.00206425, 0.02907, 1.11168, 0.0422368, 0.102322, 0.0416842
226.756, 1.00454, -5740.43, 0.998678, -5740.57, 0.973119, -5739.27, -0.00206425, -0.00206426, -0.00206428, 0.02907, 1.11168, 0.0422365, 0.102319, 0.0416641
226.806, 1.00452, -5742.65, 0.99866, -5742.79, 0.973101, -5741.49, -0.00204417, -0.00204416, -0.00204417, 0.02907, 1.11168, 0.0422367, 0.102315, 0.0416434
226.856, 1.00451, -5744.86, 0.998643, -5745, 0.973083, -5743.69, -0.00204399, -0.00204398, -0.002044, 0.02907, 1.11168, 0.0422366, 0.102311, 0.0416219
226.907, 1.00449, -5747.06, 0.998625, -5747.2, 0.973065, -5745.9, -0.00204403, -0.00204405, -0.00204403, 0.02907, 1.11168, 0.0422366, 0.102308, 0.0415998
226.957, 1.00447, -5749.26, 0.998608, -5749.4, 0.973047, -5748.1, -0.0020238, -0.0020238, -0.00202381, 0.02907, 1.11168, 0.0422368, 0.102304, 0.0415771
227, 1.00446, -5751.14, 0.998596, -5751.28, 0.973035, -5749.98, -0.00202377, -0.00202377, -0.00202377, 0.02907, 1.11168, 0.0422366, 0.102302, 0.041557
227, 1.00446, -5751.14, 0.998596, -5751.28, 0.973035, -5749.98, -0.00202377, -0.00202377, -0.00202377, 0.0298795, 1.11168, 0.0422369, 0.102301, 0.0415569
227.051, 1.00445, -5753.33, 0.998584, -5753.46, 0.973023, -5752.16, -0.00202377, -0.00202378, -0.00202378, 0.0298795, 1.11168, 0.0422366, 0.1023, 0.0415532
227.101, 1.00444, -5755.5, 0.998572, -5755.64, 0.973011, -5754.34, -0.00200356, -0.00200356, -0.00200357, 0.0298795, 1.11168, 0.0422366, 0.102298, 0.0415482
227.151, 1.00442, -5757.66, 0.99856, -5757.8, 0.972999, -5756.5, -0.00200353, -0.00200354, -0.00200354, 0.0298795, 1.11168, 0.0422365, 0.102295, 0.0415421
227.202, 1.00441, -5759.83, 0.998549, -5759.97, 0.972987, -5758.67, -0.00200353, -0.00200354, -0.00200354, 0.0298795, 1.11168, 0.0422366, 0.102293, 0.041535
227.252, 1.0044, -5761.98, 0.998537, -5762.12, 0.972975, -5760.82, -0.00198331, -0.00198331, -0.00198331, 0.0298795, 1.11168, 0.0422365, 0.10229, 0.0415268
227.302, 1.00439, -5764.12, 0.998525, -5764.26, 0.972963, -5762.96, -0.0019833, -0.0019833, -0.0019833, 0.0298795, 1.11168, 0.0422366, 0.102288, 0.0415178
227.353, 1.00438, -5766.26, 0.998513, -5766.4, 0.972952, -5765.1, -0.00198329, -0.0019833, -0.0019833, 0.0298795, 1.11168, 0.0422365, 0.102286, 0.0415078
227.403, 1.00436, -5768.4, 0.998502, -5768.53, 0.97294, -5767.23, -0.00196309, -0.0019631, -0.0019631, 0.0298795, 1.11168, 0.0422365, 0.102284, 0.0414969
227.453, 1.00436, -5770.52, 0.998492, -5770.65, 0.97293, -5769.35, -0.00196307, -0.00196307, -0.00196307, 0.0298795, 1.11168, 0.0422365, 0.102281, 0.0414852
227.504, 1.00435, -5772.64, 0.998487, -5772.77, 0.972924, -5771.47, -0.00196308, -0.00196306, -0.00196307, 0.0298795, 1.11168, 0.0422364, 0.10228, 0.0414728
227.554, 1.00434, -5774.75, 0.998481, -5774.89, 0.972918, -5773.58, -0.00194297, -0.00194296, -0.00194296, 0.0298795, 1.11168, 0.0422365, 0.102279, 0.0414595
227.605, 1.00434, -5776.85, 0.998475, -5776.98, 0.972912, -5775.68, -0.00194281, -0.00194282, -0.0019428, 0.0298795, 1.11168, 0.0422366, 0.102278, 0.0414454
227.655, 1.00433, -5778.94, 0.998469, -5779.08, 0.972907, -5777.78, -0.00194282, -0.00194284, -0.00194284, 0.0298795, 1.11168, 0.0422366, 0.102277, 0.0414307
227.705, 1.00433, -5781.04, 0.998463, -5781.18, 0.972901, -5779.88, -0.0019262, -0.00192621, -0.00192619, 0.0298795, 1.11168, 0.0422366, 0.102276, 0.0414153
227.756, 1.00432, -5783.12, 0.998457, -5783.25, 0.972895, -5781.95, -0.0019226, -0.00192257, -0.0019226, 0.0298795, 1.11168, 0.0422368, 0.102275, 0.0413992
227.806, 1.00431, -5785.19, 0.998451, -5785.33, 0.972889, -5784.03, -0.00192256, -0.00192256, -0.00192258, 0.0298795, 1.11168, 0.0422366, 0.102273, 0.0413826
227.856, 1.00431, -5787.27, 0.998446, -5787.41, 0.972883, -5786.11, -0.00192259, -0.00192257, -0.00192257, 0.0298795, 1.11168, 0.0422366, 0.102272, 0.0413654
227.907, 1.00431, -5789.33, 0.998444, -5789.47, 0.972881, -5788.16, -0.00190232, -0.00190236, -0.00190233, 0.0298795, 1.11168, 0.0422368, 0.102272, 0.0413476
227.957, 1.00431, -5791.38, 0.998444, -5791.52, 0.972881, -5790.22, -0.00190236, -0.00190235, -0.00190233, 0.0298795, 1.11168, 0.0422365, 0.102272, 0.0413292
228, 1.00431, -5793.15, 0.998444, -5793.29, 0.972881, -5791.99, -0.0019023, -0.00190232, -0.00190232, 0.0298795, 1.11168, 0.0422361, 0.102271, 0.0413131
228, 1.00431, -5793.15, 0.998444, -5793.29, 0.972881, -5791.99, -0.0019023, -0.00190232, -0.00190232, 0.0306404, 1.11168, 0.0422366, 0.102271, 0.041313
228.051, 1.00431, -5795.2, 0.998444, -5795.34, 0.972881, -5794.04, -0.00188411, -0.00188414, -0.00188416, 0.0306404, 1.11168, 0.042237, 0.102272, 0.0413125
228.101, 1.00431, -5797.23, 0.998444, -5797.37, 0.972881, -5796.07, -0.00188211, -0.00188214, -0.00188213, 0.0306404, 1.11168, 0.0422365, 0.102272, 0.041311
228.151, 1.00431, -5799.26, 0.998444, -5799.4, 0.972881, -5798.1, -0.00188206, -0.00188208, -0.00188206, 0.0306404, 1.11168, 0.0422363, 0.102272, 0.0413084
228.202, 1.00431, -5801.3, 0.998444, -5801.44, 0.972881, -5800.13, -0.0018821, -0.00188208, -0.0018821, 0.0306404, 1.11168, 0.0422365, 0.102272, 0.041305
228.252, 1.00431, -5803.32, 0.998444, -5803.46, 0.972881, -5802.15, -0.00186186, -0.0018619, -0.00186186, 0.0306404, 1.11168, 0.0422364, 0.102271, 0.0413006
228.302, 1.00431, -5805.33, 0.998444, -5805.47, 0.972881, -5804.16, -0.00186189, -0.00186188, -0.00186189, 0.0306404, 1.11168, 0.0422368, 0.102272, 0.0412954
228.353, 1.00431, -5807.34, 0.998444, -5807.48, 0.972881, -5806.18, -0.00186184, -0.00186181, -0.00186182, 0.0306404, 1.11168, 0.0422364, 0.102272, 0.0412893
228.403, 1.00431, -5809.35, 0.998445, -5809.49, 0.972882, -5808.19, -0.00186186, -0.00186186, -0.00186187, 0.0306404, 1.11168, 0.0422365, 0.102272, 0.0412824
228.454, 1.00431, -5811.34, 0.99845, -5811.48, 0.972887, -5810.18, -0.00184162, -0.00184159, -0.00184157, 0.0306404, 1.11168, 0.0422364, 0.102273, 0.0412748
228.504, 1.00432, -5813.33, 0.998456, -5813.47, 0.972893, -5812.16, -0.00183944, -0.00183946, -0.00183947, 0.0306404, 1.11168, 0.0422365, 0.102274, 0.0412665
228.554, 1.00432, -5815.32, 0.998461, -5815.45, 0.972899, -5814.15, -0.00184158, -0.00184159, -0.00184161, 0.0306404, 1.11168, 0.0422364, 0.102276, 0.0412575
228.605, 1.00433, -5817.3, 0.998467, -5817.44, 0.972905, -5816.14, -0.00182282, -0.00182289, -0.0018228, 0.0306404, 1.11168, 0.0422367, 0.102277, 0.0412477
228.655, 1.00434, -5819.27, 0.998473, -5819.41, 0.972911, -5818.1, -0.00182138, -0.00182138, -0.00182136, 0.0306404, 1.11168, 0.0422361, 0.102278, 0.0412374
228.705, 1.00434, -5821.23, 0.998479, -5821.37, 0.972917, -5820.07, -0.00182138, -0.0018213, -0.0018213, 0.0306404, 1.11168, 0.0422362, 0.102279, 0.0412264
228.756, 1.00435, -5823.2, 0.998485, -5823.34, 0.972923, -5822.04, -0.00182138, -0.00182132, -0.00182134, 0.0306404, 1.11168, 0.0422367, 0.10228, 0.0412149
228.806, 1.00435, -5825.16, 0.998491, -5825.3, 0.972929, -5824, -0.00180141, -0.00180138, -0.00180141, 0.0306404, 1.11168, 0.0422363, 0.102281, 0.0412028
228.856, 1.00436, -5827.11, 0.998497, -5827.25, 0.972935, -5825.94, -0.00180111, -0.00180111, -0.00180115, 0.0306404, 1.11168, 0.0422365, 0.102282, 0.0411902
228.907, 1.00437, -5829.05, 0.998503, -5829.19, 0.972941, -5827.89, -0.00180108, -0.00180102, -0.00180099, 0.0306404, 1.11168, 0.0422365, 0.102283, 0.041177
228.957, 1.00437, -5831, 0.998511, -5831.14, 0.972949, -5829.83, -0.00180114, -0.0018011, -0.00180118, 0.0306404, 1.11168, 0.0422364, 0.102285, 0.0411633
229, 1.00438, -5832.67, 0.99852, -5832.81, 0.972958, -5831.5, -0.00178564, -0.00178563, -0.00178567, 0.0306404, 1.11168, 0.0422367, 0.102287, 0.0411512
229, 1.00438, -5832.67, 0.99852, -5832.81, 0.972958, -5831.5, -0.00178564, -0.00178563, -0.00178567, 0.0313546, 1.11168, 0.0422367, 0.102287, 0.0411511
229.051, 1.00439, -5834.59, 0.998532, -5834.73, 0.97297, -5833.43, -0.00178091, -0.00178084, -0.00178083, 0.0313546, 1.11168, 0.0422366, 0.102289, 0.0411543
229.101, 1.00441, -5836.51, 0.998543, -5836.65, 0.972982, -5835.35, -0.00178091, -0.0017809, -0.0017809, 0.0313546, 1.11168, 0.0422365, 0.102291, 0.0411564
229.151, 1.00442, -5838.44, 0.998555, -5838.58, 0.972994, -5837.27, -0.00178091, -0.00178091, -0.0017809, 0.0313546, 1.11168, 0.0422366, 0.102294, 0.0411576
229.202, 1.00443, -5840.36, 0.998567, -5840.5, 0.973006, -5839.2, -0.0017809, -0.00178089, -0.00178089, 0.0313546, 1.11168, 0.0422366, 0.102296, 0.0411579
229.252, 1.00444, -5842.26, 0.998578, -5842.4, 0.973018, -5841.1, -0.00176066, -0.00176067, -0.00176061, 0.0313546, 1.11168, 0.0422366, 0.102299, 0.0411574
229.302, 1.00445, -5844.17, 0.99859, -5844.3, 0.97303, -5843, -0.00176065, -0.00176067, -0.00176067, 0.0313546, 1.11168, 0.0422366, 0.102301, 0.0411561
229.353, 1.00447, -5846.07, 0.998602, -5846.21, 0.973042, -5844.9, -0.00176072, -0.00176066, -0.00176067, 0.0313546, 1.11168, 0.0422366, 0.102304, 0.041154
229.403, 1.00448, -5847.97, 0.998613, -5848.11, 0.973053, -5846.81, -0.00176059, -0.00176067, -0.00176066, 0.0313546, 1.11168, 0.0422366, 0.102305, 0.0411512
229.454, 1.00449, -5849.85, 0.998625, -5849.99, 0.973065, -5848.69, -0.00174044, -0.00174038, -0.00174042, 0.0313546, 1.11168, 0.0422367, 0.102308, 0.0411476
229.504, 1.0045, -5851.73, 0.998637, -5851.87, 0.973077, -5850.57, -0.00174043, -0.00174043, -0.00174039, 0.0313546, 1.11168, 0.0422367, 0.10231, 0.0411434
229.554, 1.00451, -5853.61, 0.998648, -5853.75, 0.973089, -5852.45, -0.00174043, -0.00174043, -0.00174043, 0.0313546, 1.11168, 0.0422366, 0.102312, 0.0411385
229.605, 1.00452, -5855.49, 0.99866, -5855.63, 0.973101, -5854.33, -0.00174043, -0.00174041, -0.00174043, 0.0313546, 1.11168, 0.0422367, 0.102315, 0.041133
229.655, 1.00454, -5857.37, 0.998672, -5857.51, 0.973113, -5856.2, -0.00172067, -0.00172067, -0.00172067, 0.0313546, 1.11168, 0.0422367, 0.102318, 0.0411269
229.705, 1.00455, -5859.23, 0.998685, -5859.36, 0.973126, -5858.06, -0.00172019, -0.00172014, -0.00172018, 0.0313546, 1.11168, 0.0422368, 0.10232, 0.0411202
229.756, 1.00456, -5861.08, 0.9987, -5861.22, 0.973141, -5859.92, -0.00171514, -0.00171506, -0.00171506, 0.0313546, 1.11168, 0.0422368, 0.102323, 0.0411129
229.806, 1.00458, -5862.94, 0.998718, -5863.08, 0.973159, -5861.78, -0.00172019, -0.00172019, -0.00172014, 0.0313546, 1.11168, 0.0422366, 0.102327, 0.0411051
229.856, 1.0046, -5864.8, 0.998735, -5864.94, 0.973177, -5863.64, -0.00172018, -0.00172013, -0.00172018, 0.0313546, 1.11168, 0.0422367, 0.10233, 0.0410969
229.907, 1.00462, -5866.64, 0.998753, -5866.78, 0.973195, -5865.48, -0.00169994, -0.00169995, -0.00169995, 0.0313546, 1.11168, 0.0422366, 0.102333, 0.041088
229.957, 1.00463, -5868.48, 0.99877, -5868.61, 0.973213, -5867.31, -0.00169993, -0.00169991, -0.00169995, 0.0313546, 1.11168, 0.0422366, 0.102337, 0.0410787
230, 1.00465, -5870.05, 0.998785, -5870.19, 0.973228, -5868.89, -0.00169995, -0.00169992, -0.00169992, 0.0313546, 1.11168, 0.0422368, 0.10234, 0.0410704
230, 1.00465, -5870.05, 0.998785, -5870.19, 0.973228, -5868.89, -0.00169995, -0.00169992, -0.00169992, 0.0320346, 1.11168, 0.0422373, 0.10234, 0.0410704
230.051, 1.00467, -5871.89, 0.998803, -5872.03, 0.973246, -5870.73, -0.00169995, -0.00169995, -0.00169995, 0.0320346, 1.11168, 0.0422367, 0.102343, 0.041077
230.101, 1.00469, -5873.73, 0.99882, -5873.87, 0.973264, -5872.56, -0.00169995, -0.00169994, -0.00169987, 0.0320346, 1.11168, 0.0422368, 0.102347, 0.0410828
230.151, 1.0047, -5875.54, 0.998838, -5875.68, 0.973282, -5874.38, -0.00167972, -0.00167966, -0.00167975, 0.0320346, 1.11168, 0.0422369, 0.102351, 0.0410876
230.202, 1.00472, -5877.36, 0.998855, -5877.5, 0.973299, -5876.19, -0.00167972, -0.00167975, -0.0016797, 0.0320346, 1.11168, 0.0422372, 0.102355, 0.0410917
230.252, 1.00474, -5879.17, 0.998873, -5879.31, 0.973317, -5878.01, -0.0016797, -0.00167971, -0.00167971, 0.0320346, 1.11168, 0.0422366, 0.102357, 0.0410949
230.303, 1.00476, -5880.98, 0.998891, -5881.12, 0.973335, -5879.82, -0.00167972, -0.00167971, -0.00167972, 0.0320346, 1.11168, 0.0422369, 0.102361, 0.0410973
230.353, 1.00477, -5882.8, 0.998908, -5882.94, 0.973353, -5881.63, -0.00166581, -0.00166588, -0.00166588, 0.0320346, 1.11168, 0.0422366, 0.102365, 0.041099
230.403, 1.00479, -5884.59, 0.998925, -5884.73, 0.973371, -5883.43, -0.00165948, -0.00165939, -0.00165948, 0.0320346, 1.11168, 0.0422364, 0.102368, 0.0410999
230.454, 1.00481, -5886.38, 0.998943, -5886.52, 0.973389, -5885.22, -0.00165952, -0.00165948, -0.00165952, 0.0320346, 1.11168, 0.0422369, 0.102372, 0.0411002
230.504, 1.00483, -5888.17, 0.998961, -5888.31, 0.973406, -5887.01, -0.00165947, -0.00165948, -0.0016595, 0.0320346, 1.11168, 0.0422364, 0.102375, 0.0410998
230.554, 1.00484, -5889.97, 0.998978, -5890.1, 0.973424, -5888.8, -0.00165952, -0.00165948, -0.00165945, 0.0320346, 1.11168, 0.042237, 0.102378, 0.0410988
230.605, 1.00486, -5891.75, 0.998996, -5891.89, 0.973442, -5890.59, -0.00164007, -0.00164009, -0.00164007, 0.0320346, 1.11168, 0.0422372, 0.102382, 0.0410971
230.655, 1.00488, -5893.52, 0.999013, -5893.66, 0.97346, -5892.36, -0.00163924, -0.00163914, -0.00163923, 0.0320346, 1.11168, 0.0422368, 0.102386, 0.0410948
230.705, 1.0049, -5895.29, 0.999032, -5895.43, 0.973479, -5894.13, -0.0016392, -0.00163934, -0.00163924, 0.0320346, 1.11168, 0.0422367, 0.102389, 0.041092
230.756, 1.00492, -5897.06, 0.999054, -5897.2, 0.973501, -5895.9, -0.00163916, -0.00163918, -0.00163918, 0.0320346, 1.11168, 0.0422369, 0.102394, 0.0410887
230.806, 1.00494, -5898.83, 0.999077, -5898.97, 0.973525, -5897.67, -0.00163909, -0.00163924, -0.00163908, 0.0320346, 1.11168, 0.0422373, 0.102398, 0.0410848
230.856, 1.00497, -5900.6, 0.999101, -5900.74, 0.973549, -5899.44, -0.00161965, -0.00161969, -0.00161965, 0.0320346, 1.11168, 0.042237, 0.102403, 0.0410804
230.907, 1.00499, -5902.35, 0.999124, -5902.49, 0.973572, -5901.18, -0.001619, -0.00161897, -0.00161898, 0.0320346, 1.11168, 0.0422372, 0.102408, 0.0410755
230.957, 1.00501, -5904.1, 0.999147, -5904.23, 0.973596, -5902.93, -0.001619, -0.001619, -0.00161897, 0.0320346, 1.11168, 0.0422371, 0.102413, 0.0410701
231, 1.00503, -5905.6, 0.999167, -5905.74, 0.973616, -5904.44, -0.00161895, -0.001619, -0.001619, 0.0320346, 1.11168, 0.0422369, 0.102416, 0.0410651
231, 1.00503, -5905.6, 0.999167, -5905.74, 0.973616, -5904.44, -0.00161895, -0.001619, -0.001619, 0.0326822, 1.11168, 0.0422374, 0.102416, 0.0410651
231.051, 1.00506, -5907.35, 0.999191, -5907.49, 0.97364, -5906.18, -0.00161908, -0.00161908, -0.00161899, 0.0326822, 1.11168, 0.0422367, 0.102421, 0.0410749
231.101, 1.00508, -5909.1, 0.999214, -5909.23, 0.973664, -5907.93, -0.00161885, -0.00161897, -0.00161897, 0.0326822, 1.11168, 0.0422372, 0.102425, 0.0410837
231.151, 1.0051, -5910.82, 0.999237, -5910.96, 0.973688, -5909.66, -0.00159877, -0.00159877, -0.00159883, 0.0326822, 1.11168, 0.0422371, 0.10243, 0.0410917
231.202, 1.00513, -5912.55, 0.999261, -5912.69, 0.973712, -5911.39, -0.00159877, -0.00159865, -0.00159861, 0.0326822, 1.11168, 0.042237, 0.102435, 0.0410989
231.252, 1.00515, -5914.28, 0.999284, -5914.42, 0.973735, -5913.11, -0.00159872, -0.00159871, -0.00159871, 0.0326822, 1.11168, 0.0422375, 0.10244, 0.0411052
231.303, 1.00517, -5916, 0.999307, -5916.14, 0.973759, -5914.84, -0.00159876, -0.00159861, -0.00159876, 0.0326822, 1.11168, 0.0422369, 0.102445, 0.0411108
231.353, 1.0052, -5917.73, 0.999331, -5917.87, 0.973783, -5916.57, -0.00159876, -0.00159873, -0.00159876, 0.0326822, 1.11168, 0.0422371, 0.102449, 0.0411157
231.403, 1.00522, -5919.44, 0.999354, -5919.58, 0.973807, -5918.28, -0.00157852, -0.00157853, -0.00157845, 0.0326822, 1.11168, 0.0422373, 0.102454, 0.0411198
231.454, 1.00525, -5921.14, 0.999377, -5921.28, 0.97383, -5919.98, -0.0015785, -0.00157837, -0.00157837, 0.0326822, 1.11168, 0.0422372, 0.102458, 0.0411233
231.504, 1.00527, -5922.85, 0.999401, -5922.99, 0.973854, -5921.69, -0.00157848, -0.0015785, -0.00157853, 0.0326822, 1.11168, 0.0422373, 0.102463, 0.0411261
231.554, 1.00529, -5924.55, 0.999424, -5924.69, 0.973878, -5923.39, -0.0015786, -0.00157853, -0.00157851, 0.0326822, 1.11168, 0.0422372, 0.102467, 0.0411282
231.605, 1.00532, -5926.26, 0.999448, -5926.4, 0.973902, -5925.1, -0.00157837, -0.00157841, -0.0015785, 0.0326822, 1.11168, 0.0422371, 0.102473, 0.0411298
231.655, 1.00534, -5927.95, 0.999471, -5928.09, 0.973925, -5926.79, -0.0015583, -0.00155829, -0.00155824, 0.0326822, 1.11168, 0.0422372, 0.102477, 0.0411307
231.705, 1.00536, -5929.63, 0.999494, -5929.77, 0.973949, -5928.47, -0.00155829, -0.00155829, -0.00155829, 0.0326822, 1.11168, 0.0422374, 0.102482, 0.0411311
231.756, 1.00539, -5931.32, 0.999518, -5931.46, 0.973973, -5930.15, -0.00155829, -0.00155824, -0.00155829, 0.0326822, 1.11168, 0.0422373, 0.102486, 0.0411309
231.806, 1.00541, -5933, 0.999541, -5933.14, 0.973997, -5931.84, -0.00155829, -0.00155829, -0.00155829, 0.0326822, 1.11168, 0.0422373, 0.102492, 0.0411302
231.856, 1.00543, -5934.68, 0.999564, -5934.82, 0.97402, -5933.52, -0.00155828, -0.00155829, -0.00155827, 0.0326822, 1.11168, 0.0422374, 0.102496, 0.041129
231.907, 1.00546, -5936.36, 0.999588, -5936.5, 0.974044, -5935.2, -0.0015389, -0.00153889, -0.00153882, 0.0326822, 1.11168, 0.0422374, 0.1025, 0.0411272
231.957, 1.00548, -5938.02, 0.999611, -5938.16, 0.974068, -5936.86, -0.00153804, -0.00153805, -0.00153806, 0.0326822, 1.11168, 0.0422373, 0.102505, 0.041125
232, 1.0055, -5939.45, 0.999631, -5939.59, 0.974088, -5938.29, -0.00153806, -0.00153806, -0.00153804, 0.0326822, 1.11168, 0.0422374, 0.10251, 0.0411227
232, 1.0055, -5939.45, 0.999631, -5939.59, 0.974088, -5938.29, -0.00153806, -0.00153806, -0.00153804, 0.0332974, 1.11168, 0.0422376, 0.102509, 0.0411227
232.051, 1.00552, -5941.11, 0.999655, -5941.25, 0.974112, -5939.95, -0.00153794, -0.00153804, -0.00153799, 0.0332974, 1.11168, 0.0422374, 0.102513, 0.0411348
232.101, 1.00555, -5942.77, 0.999678, -5942.91, 0.974136, -5941.61, -0.00153806, -0.00153806, -0.00153802, 0.0332974, 1.11168, 0.0422374, 0.102518, 0.0411459
232.152, 1.00557, -5944.43, 0.999701, -5944.57, 0.97416, -5943.27, -0.00153806, -0.00153799, -0.00153794, 0.0332974, 1.11168, 0.0422374, 0.102523, 0.0411563
232.202, 1.00559, -5946.08, 0.999725, -5946.22, 0.974183, -5944.92, -0.00151782, -0.00151781, -0.00151782, 0.0332974, 1.11168, 0.0422374, 0.102528, 0.0411658
232.252, 1.00562, -5947.72, 0.999748, -5947.86, 0.974207, -5946.55, -0.00151782, -0.00151782, -0.00151781, 0.0332974, 1.11168, 0.0422373, 0.102532, 0.0411745
232.303, 1.00564, -5949.36, 0.999771, -5949.5, 0.974231, -5948.19, -0.00151782, -0.00151779, -0.0015178, 0.0332974, 1.11168, 0.0422375, 0.102537, 0.0411825
232.353, 1.00567, -5951, 0.999795, -5951.13, 0.974255, -5949.83, -0.00151781, -0.00151781, -0.00151778, 0.0332974, 1.11168, 0.0422376, 0.102542, 0.0411897
232.403, 1.00569, -5952.64, 0.999818, -5952.77, 0.974278, -5951.47, -0.0015178, -0.00151766, -0.00151766, 0.0332974, 1.11168, 0.0422373, 0.102546, 0.0411962
232.454, 1.00571, -5954.27, 0.999842, -5954.41, 0.974302, -5953.1, -0.00149783, -0.00149783, -0.00149785, 0.0332974, 1.11168, 0.0422375, 0.102551, 0.041202
232.504, 1.00574, -5955.88, 0.999865, -5956.02, 0.974326, -5954.72, -0.00149754, -0.00149758, -0.00149758, 0.0332974, 1.11168, 0.0422377, 0.102556, 0.0412071
232.554, 1.00576, -5957.5, 0.999888, -5957.64, 0.97435, -5956.34, -0.0014975, -0.00149746, -0.00149756, 0.0332974, 1.11168, 0.0422377, 0.10256, 0.0412116
232.605, 1.00578, -5959.12, 0.999912, -5959.26, 0.974374, -5957.96, -0.00149742, -0.00149756, -0.00149751, 0.0332974, 1.11168, 0.0422375, 0.102566, 0.0412155
232.655, 1.00581, -5960.74, 0.999935, -5960.88, 0.974397, -5959.57, -0.00149758, -0.00149758, -0.00149748, 0.0332974, 1.11168, 0.0422374, 0.10257, 0.0412188
232.705, 1.00583, -5962.35, 0.999958, -5962.49, 0.974421, -5961.19, -0.00149758, -0.00149753, -0.00149758, 0.0332974, 1.11168, 0.0422376, 0.102575, 0.0412215
232.756, 1.00585, -5963.95, 0.999982, -5964.09, 0.974445, -5962.79, -0.00147734, -0.00147734, -0.00147734, 0.0332974, 1.11168, 0.0422374, 0.102579, 0.0412236
232.806, 1.00588, -5965.55, 1.00001, -5965.69, 0.974468, -5964.38, -0.00147734, -0.00147734, -0.00147732, 0.0332974, 1.11168, 0.0422376, 0.102583, 0.0412252
232.856, 1.0059, -5967.14, 1.00003, -5967.28, 0.974492, -5965.98, -0.00147694, -0.00147693, -0.00147693, 0.0332974, 1.11168, 0.0422378, 0.102589, 0.0412262
232.907, 1.00592, -5968.74, 1.00005, -5968.88, 0.974516, -5967.57, -0.00147734, -0.00147734, -0.00147721, 0.0332974, 1.11168, 0.0422378, 0.102593, 0.0412267
232.957, 1.00595, -5970.33, 1.00008, -5970.47, 0.97454, -5969.17, -0.00147726, -0.0014772, -0.00147734, 0.0332974, 1.11168, 0.0422373, 0.102598, 0.0412268
233, 1.00597, -5971.7, 1.0001, -5971.84, 0.97456, -5970.54, -0.00145738, -0.00145742, -0.00145729, 0.0332974, 1.11168, 0.0422377, 0.102602, 0.0412264
233, 1.00597, -5971.7, 1.0001, -5971.84, 0.97456, -5970.54, -0.00145738, -0.00145742, -0.00145729, 0.0338804, 1.11168, 0.042238, 0.102601, 0.0412264
233.051, 1.00599, -5973.27, 1.00012, -5973.41, 0.974584, -5972.11, -0.00145695, -0.00145707, -0.00145698, 0.0338804, 1.11168, 0.042238, 0.102607, 0.0412399
233.101, 1.00601, -5974.85, 1.00014, -5974.98, 0.974608, -5973.68, -0.00145711, -0.0014571, -0.0014571, 0.0338804, 1.11168, 0.0422378, 0.102612, 0.0412525
233.152, 1.00604, -5976.42, 1.00017, -5976.56, 0.974632, -5975.26, -0.0014571, -0.00145697, -0.00145709, 0.0338804, 1.11168, 0.042238, 0.102617, 0.0412643
233.202, 1.00606, -5977.99, 1.00019, -5978.13, 0.974655, -5976.83, -0.0014571, -0.0014571, -0.00145709, 0.0338804, 1.11168, 0.0422378, 0.10262, 0.0412753
233.252, 1.00608, -5979.57, 1.00021, -5979.71, 0.974679, -5978.4, -0.0014571, -0.00145711, -0.00145706, 0.0338804, 1.11168, 0.0422379, 0.102626, 0.0412855
233.303, 1.00611, -5981.12, 1.00024, -5981.26, 0.974703, -5979.96, -0.00143682, -0.00143683, -0.00143689, 0.0338804, 1.11168, 0.0422378, 0.10263, 0.0412949
233.353, 1.00613, -5982.67, 1.00026, -5982.81, 0.974727, -5981.51, -0.00143683, -0.00143687, -0.00143687, 0.0338804, 1.11168, 0.0422377, 0.102634, 0.0413036
233.403, 1.00616, -5984.22, 1.00028, -5984.36, 0.974751, -5983.06, -0.00143581, -0.00143581, -0.00143596, 0.0338804, 1.11168, 0.0422373, 0.102639, 0.0413115
233.454, 1.00618, -5985.78, 1.00031, -5985.92, 0.974774, -5984.61, -0.00143675, -0.00143685, -0.00143685, 0.0338804, 1.11168, 0.042238, 0.102644, 0.0413188
233.504, 1.0062, -5987.33, 1.00033, -5987.47, 0.974798, -5986.16, -0.0014369, -0.00143687, -0.00143685, 0.0338804, 1.11168, 0.0422378, 0.102648, 0.0413254
233.554, 1.00623, -5988.87, 1.00035, -5989.01, 0.974822, -5987.71, -0.00141667, -0.00141659, -0.00141657, 0.0338804, 1.11168, 0.0422377, 0.102653, 0.0413313
233.605, 1.00625, -5990.4, 1.00038, -5990.54, 0.974846, -5989.24, -0.00141663, -0.00141662, -0.00141663, 0.0338804, 1.11168, 0.042238, 0.102658, 0.0413367
233.655, 1.00627, -5991.93, 1.0004, -5992.07, 0.974869, -5990.77, -0.00141663, -0.00141663, -0.00141662, 0.0338804, 1.11168, 0.0422377, 0.102662, 0.0413414
233.705, 1.0063, -5993.46, 1.00042, -5993.6, 0.974893, -5992.3, -0.00141663, -0.00141656, -0.00141662, 0.0338804, 1.11168, 0.0422379, 0.102667, 0.0413455
233.756, 1.00632, -5994.99, 1.00045, -5995.13, 0.974917, -5993.83, -0.00141662, -0.00141663, -0.00141656, 0.0338804, 1.11168, 0.0422383, 0.102672, 0.0413491
233.806, 1.00634, -5996.52, 1.00047, -5996.66, 0.974941, -5995.35, -0.00140774, -0.00140782, -0.00140766, 0.0338804, 1.11168, 0.0422382, 0.102676, 0.041352
233.856, 1.00636, -5998.03, 1.00049, -5998.17, 0.97496, -5996.86, -0.00139625, -0.00139632, -0.00139638, 0.0338804, 1.11168, 0.0422384, 0.102681, 0.0413545
233.907, 1.00638, -5999.53, 1.00051, -5999.67, 0.974978, -5998.37, -0.00139638, -0.00139639, -0.00139639, 0.0338804, 1.11168, 0.0422385, 0.102684, 0.0413564
233.957, 1.0064, -6001.04, 1.00052, -6001.18, 0.974996, -5999.88, -0.00139633, -0.00139632, -0.00139632, 0.0338804, 1.11168, 0.042238, 0.102688, 0.0413578
234.001, 1.00641, -6002.34, 1.00054, -6002.48, 0.975012, -6001.18, -0.00139628, -0.00139633, -0.00139639, 0.0338804, 1.11168, 0.0422382, 0.102691, 0.0413586
234.001, 1.00641, -6002.34, 1.00054, -6002.48, 0.975012, -6001.18, -0.00139628, -0.00139633, -0.00139639, 0.0344389, 1.11168, 0.0422386, 0.10269, 0.0413587
234.051, 1.00643, -6003.85, 1.00056, -6003.99, 0.97503, -6002.68, -0.00139639, -0.00139624, -0.00139639, 0.0344389, 1.11168, 0.0422378, 0.102694, 0.0413729
234.101, 1.00645, -6005.34, 1.00057, -6005.48, 0.975047, -6004.18, -0.00137603, -0.0013761, -0.00137618, 0.0344389, 1.11168, 0.0422383, 0.102698, 0.0413863
234.152, 1.00647, -6006.83, 1.00059, -6006.97, 0.975065, -6005.67, -0.00137612, -0.00137614, -0.00137611, 0.0344389, 1.11168, 0.042238, 0.102701, 0.0413988
234.202, 1.00648, -6008.32, 1.00061, -6008.46, 0.975083, -6007.15, -0.0013761, -0.0013761, -0.00137613, 0.0344389, 1.11168, 0.042238, 0.102705, 0.0414106
234.252, 1.0065, -6009.8, 1.00063, -6009.94, 0.975101, -6008.64, -0.00137608, -0.00137614, -0.00137614, 0.0344389, 1.11168, 0.0422381, 0.102709, 0.0414215
234.303, 1.00652, -6011.29, 1.00064, -6011.43, 0.975119, -6010.13, -0.00137616, -0.0013761, -0.00137615, 0.0344389, 1.11168, 0.0422381, 0.102712, 0.0414317
234.353, 1.00654, -6012.77, 1.00066, -6012.91, 0.975137, -6011.61, -0.00136445, -0.00136445, -0.00136447, 0.0344389, 1.11168, 0.0422381, 0.102716, 0.0414411
234.403, 1.00656, -6014.24, 1.00068, -6014.38, 0.975155, -6013.07, -0.0013559, -0.00135587, -0.00135586, 0.0344389, 1.11168, 0.042238, 0.102719, 0.0414498
234.454, 1.00657, -6015.7, 1.0007, -6015.84, 0.975173, -6014.54, -0.0013559, -0.00135584, -0.0013559, 0.0344389, 1.11168, 0.0422382, 0.102723, 0.0414579
234.504, 1.00659, -6017.17, 1.00072, -6017.31, 0.975191, -6016, -0.00135586, -0.00135589, -0.00135589, 0.0344389, 1.11168, 0.0422382, 0.102726, 0.0414653
234.554, 1.00661, -6018.63, 1.00073, -6018.77, 0.975208, -6017.47, -0.00135595, -0.00135592, -0.00135591, 0.0344389, 1.11168, 0.0422381, 0.10273, 0.0414719
234.605, 1.00663, -6020.1, 1.00075, -6020.23, 0.975226, -6018.93, -0.00135592, -0.00135591, -0.00135586, 0.0344389, 1.11168, 0.0422383, 0.102733, 0.041478
234.655, 1.00664, -6021.54, 1.00077, -6021.68, 0.975244, -6020.38, -0.00133568, -0.00133563, -0.00133565, 0.0344389, 1.11168, 0.0422382, 0.102736, 0.0414834
234.705, 1.00666, -6022.99, 1.00079, -6023.12, 0.975262, -6021.82, -0.00133568, -0.00133568, -0.00133566, 0.0344389, 1.11168, 0.0422383, 0.10274, 0.0414883
234.756, 1.00668, -6024.43, 1.0008, -6024.57, 0.97528, -6023.26, -0.00133567, -0.00133565, -0.00133568, 0.0344389, 1.11168, 0.0422382, 0.102744, 0.0414926
234.806, 1.0067, -6025.87, 1.00082, -6026.01, 0.975298, -6024.71, -0.00133566, -0.00133568, -0.00133568, 0.0344389, 1.11168, 0.0422382, 0.102747, 0.0414963
234.857, 1.00671, -6027.31, 1.00084, -6027.45, 0.975316, -6026.15, -0.00133565, -0.00133566, -0.00133562, 0.0344389, 1.11168, 0.0422383, 0.10275, 0.0414994
234.907, 1.00673, -6028.75, 1.00086, -6028.88, 0.975334, -6027.58, -0.00131551, -0.00131551, -0.00131546, 0.0344389, 1.11168, 0.0422383, 0.102755, 0.0415021
234.957, 1.00675, -6030.17, 1.00087, -6030.31, 0.975352, -6029, -0.00131544, -0.00131543, -0.00131542, 0.0344389, 1.11168, 0.0422383, 0.102758, 0.0415042
235.001, 1.00677, -6031.39, 1.00089, -6031.53, 0.975367, -6030.23, -0.00131542, -0.00131543, -0.00131536, 0.0344389, 1.11168, 0.0422383, 0.10276, 0.0415056
235.001, 1.00677, -6031.39, 1.00089, -6031.53, 0.975367, -6030.23, -0.00131542, -0.00131543, -0.00131536, 0.0349651, 1.11168, 0.0422385, 0.10276, 0.0415056
235.051, 1.00678, -6032.81, 1.00091, -6032.95, 0.975385, -6031.65, -0.0013154, -0.00131538, -0.0013154, 0.0349651, 1.11168, 0.0422383, 0.102765, 0.0415198
235.101, 1.0068, -6034.23, 1.00092, -6034.37, 0.975403, -6033.07, -0.00131536, -0.00131544, -0.00131542, 0.0349651, 1.11168, 0.0422384, 0.102768, 0.0415331
235.152, 1.00682, -6035.65, 1.00094, -6035.79, 0.975421, -6034.49, -0.00131544, -0.00131542, -0.00131544, 0.0349651, 1.11168, 0.0422383, 0.102771, 0.0415455
235.202, 1.00684, -6037.05, 1.00096, -6037.19, 0.975439, -6035.89, -0.0012952, -0.0012952, -0.0012952, 0.0349651, 1.11168, 0.0422384, 0.102775, 0.0415572
235.252, 1.00685, -6038.45, 1.00098, -6038.59, 0.975457, -6037.29, -0.0012952, -0.00129517, -0.00129514, 0.0349651, 1.11168, 0.0422383, 0.102778, 0.0415681
235.303, 1.00687, -6039.85, 1.00099, -6039.99, 0.975475, -6038.69, -0.00129519, -0.00129522, -0.00129518, 0.0349651, 1.11168, 0.0422384, 0.102782, 0.0415782
235.353, 1.00689, -6041.25, 1.00101, -6041.39, 0.975492, -6040.08, -0.00129518, -0.0012952, -0.00129518, 0.0349651, 1.11168, 0.0422385, 0.102786, 0.0415876
235.403, 1.00691, -6042.65, 1.00103, -6042.78, 0.97551, -6041.48, -0.00129514, -0.00129513, -0.00129519, 0.0349651, 1.11168, 0.0422383, 0.102789, 0.0415963
235.454, 1.00692, -6044.03, 1.00105, -6044.17, 0.975528, -6042.87, -0.00127491, -0.00127496, -0.00127497, 0.0349651, 1.11168, 0.0422383, 0.102792, 0.0416044
235.504, 1.00694, -6045.41, 1.00106, -6045.55, 0.975546, -6044.24, -0.00127497, -0.00127491, -0.001275, 0.0349651, 1.11168, 0.0422383, 0.102796, 0.0416117
235.554, 1.00696, -6046.78, 1.00108, -6046.92, 0.975564, -6045.62, -0.00127496, -0.00127498, -0.00127493, 0.0349651, 1.11168, 0.0422384, 0.1028, 0.0416184
235.605, 1.00698, -6048.16, 1.0011, -6048.3, 0.975582, -6047, -0.00127496, -0.00127492, -0.00127496, 0.0349651, 1.11168, 0.0422384, 0.102803, 0.0416245
235.655, 1.007, -6049.54, 1.00112, -6049.68, 0.9756, -6048.38, -0.00127493, -0.00127496, -0.00127496, 0.0349651, 1.11168, 0.0422385, 0.102807, 0.04163
235.705, 1.00701, -6050.91, 1.00114, -6051.04, 0.975618, -6049.74, -0.00125476, -0.00125479, -0.00125481, 0.0349651, 1.11168, 0.0422383, 0.10281, 0.0416348
235.756, 1.00703, -6052.26, 1.00115, -6052.4, 0.975636, -6051.1, -0.00125468, -0.00125473, -0.00125466, 0.0349651, 1.11168, 0.0422385, 0.102813, 0.0416391
235.806, 1.00705, -6053.62, 1.00117, -6053.76, 0.975653, -6052.45, -0.00125473, -0.00125471, -0.00125476, 0.0349651, 1.11168, 0.0422382, 0.102818, 0.0416428
235.857, 1.00707, -6054.97, 1.00119, -6055.11, 0.975671, -6053.81, -0.00125473, -0.00125476, -0.00125472, 0.0349651, 1.11168, 0.0422385, 0.102821, 0.041646
235.907, 1.00708, -6056.33, 1.00121, -6056.47, 0.975689, -6055.16, -0.00125473, -0.00125472, -0.00125465, 0.0349651, 1.11168, 0.0422383, 0.102824, 0.0416486
235.957, 1.0071, -6057.68, 1.00122, -6057.82, 0.975707, -6056.52, -0.00123808, -0.00123804, -0.00123808, 0.0349651, 1.11168, 0.0422384, 0.102828, 0.0416508
236.001, 1.00712, -6058.83, 1.00124, -6058.96, 0.975722, -6057.66, -0.00123449, -0.00123449, -0.00123446, 0.0349651, 1.11168, 0.042239, 0.102831, 0.0416522
236.001, 1.00712, -6058.83, 1.00124, -6058.96, 0.975722, -6057.66, -0.00123449, -0.00123449, -0.00123446, 0.0354589, 1.11168, 0.0422385, 0.102831, 0.0416522
236.051, 1.00713, -6060.16, 1.00126, -6060.3, 0.97574, -6059, -0.00123449, -0.00123448, -0.00123448, 0.0354589, 1.11168, 0.0422386, 0.102835, 0.0416656
236.101, 1.00715, -6061.49, 1.00127, -6061.63, 0.975758, -6060.33, -0.00123442, -0.00123438, -0.00123442, 0.0354589, 1.11168, 0.0422383, 0.102838, 0.0416781
236.152, 1.00717, -6062.83, 1.00129, -6062.96, 0.975772, -6061.66, -0.00123452, -0.00123448, -0.00123446, 0.0354589, 1.11168, 0.0422387, 0.10284, 0.0416899
236.202, 1.00718, -6064.16, 1.0013, -6064.3, 0.975784, -6062.99, -0.00123449, -0.00123443, -0.00123447, 0.0354589, 1.11168, 0.0422381, 0.102843, 0.0417008
236.252, 1.00719, -6065.48, 1.00131, -6065.61, 0.975796, -6064.31, -0.00121428, -0.00121423, -0.00121424, 0.0354589, 1.11168, 0.0422392, 0.102845, 0.041711
236.303, 1.0072, -6066.79, 1.00132, -6066.93, 0.975808, -6065.62, -0.00121424, -0.00121426, -0.00121423, 0.0354589, 1.11168, 0.0422384, 0.102848, 0.0417204
236.353, 1.00721, -6068.1, 1.00133, -6068.24, 0.97582, -6066.93, -0.00121432, -0.00121433, -0.00121429, 0.0354589, 1.11168, 0.0422386, 0.10285, 0.0417292
236.403, 1.00722, -6069.41, 1.00135, -6069.55, 0.975831, -6068.25, -0.0012143, -0.00121426, -0.00121428, 0.0354589, 1.11168, 0.0422382, 0.102852, 0.0417373
236.454, 1.00724, -6070.72, 1.00136, -6070.86, 0.975843, -6069.56, -0.00121429, -0.00121425, -0.00121426, 0.0354589, 1.11168, 0.042239, 0.102855, 0.0417447
236.504, 1.00725, -6072.02, 1.00137, -6072.16, 0.975855, -6070.86, -0.00119402, -0.00119404, -0.00119401, 0.0354589, 1.11168, 0.0422385, 0.102857, 0.0417514
236.554, 1.00726, -6073.31, 1.00138, -6073.45, 0.975867, -6072.15, -0.00119403, -0.00119401, -0.001194, 0.0354589, 1.11168, 0.0422385, 0.10286, 0.0417575
236.605, 1.00727, -6074.6, 1.00139, -6074.74, 0.975879, -6073.44, -0.00119396, -0.001194, -0.00119399, 0.0354589, 1.11168, 0.0422384, 0.102861, 0.041763
236.655, 1.00728, -6075.89, 1.0014, -6076.03, 0.975891, -6074.73, -0.00119401, -0.001194, -0.001194, 0.0354589, 1.11168, 0.0422385, 0.102864, 0.0417679
236.706, 1.0073, -6077.18, 1.00142, -6077.32, 0.975903, -6076.02, -0.00119405, -0.00119403, -0.00119401, 0.0354589, 1.11168, 0.0422384, 0.102866, 0.0417722
236.756, 1.00731, -6078.46, 1.00143, -6078.6, 0.975915, -6077.3, -0.00117417, -0.00117415, -0.00117413, 0.0354589, 1.11168, 0.0422388, 0.102869, 0.0417759
236.806, 1.00732, -6079.73, 1.00144, -6079.87, 0.975927, -6078.57, -0.00117374, -0.00117371, -0.00117372, 0.0354589, 1.11168, 0.0422385, 0.102871, 0.0417791
236.857, 1.00733, -6081, 1.00145, -6081.14, 0.975939, -6079.83, -0.00117376, -0.0011738, -0.00117378, 0.0354589, 1.11168, 0.0422388, 0.102873, 0.0417818
236.907, 1.00734, -6082.27, 1.00146, -6082.4, 0.975951, -6081.1, -0.00117374, -0.00117373, -0.00117372, 0.0354589, 1.11168, 0.0422387, 0.102876, 0.0417839
236.957, 1.00735, -6083.53, 1.00147, -6083.67, 0.975963, -6082.37, -0.00117374, -0.00117372, -0.00117376, 0.0354589, 1.11168, 0.0422387, 0.102878, 0.0417855
237.001, 1.00736, -6084.62, 1.00148, -6084.76, 0.975973, -6083.46, -0.00117377, -0.00117378, -0.00117376, 0.0354589, 1.11168, 0.0422391, 0.10288, 0.0417865
237.001, 1.00736, -6084.62, 1.00148, -6084.76, 0.975973, -6083.46, -0.00117377, -0.00117378, -0.00117376, 0.0359284, 1.11168, 0.0422389, 0.102879, 0.0417866
237.051, 1.00738, -6085.87, 1.0015, -6086.01, 0.975985, -6084.71, -0.00115351, -0.00115352, -0.00115353, 0.0359284, 1.11168, 0.0422386, 0.102882, 0.0417988
237.101, 1.00739, -6087.12, 1.00151, -6087.25, 0.975997, -6085.95, -0.00115354, -0.00115354, -0.00115354, 0.0359284, 1.11168, 0.0422385, 0.102885, 0.0418103
237.152, 1.0074, -6088.36, 1.00152, -6088.5, 0.976009, -6087.2, -0.00115336, -0.00115336, -0.00115337, 0.0359284, 1.11168, 0.0422385, 0.102888, 0.041821
237.202, 1.00741, -6089.61, 1.00153, -6089.75, 0.976021, -6088.44, -0.00115351, -0.00115348, -0.00115347, 0.0359284, 1.11168, 0.042239, 0.10289, 0.041831
237.252, 1.00742, -6090.85, 1.00154, -6090.99, 0.976033, -6089.69, -0.00115358, -0.00115357, -0.00115357, 0.0359284, 1.11168, 0.0422387, 0.102892, 0.0418402
237.303, 1.00744, -6092.08, 1.00156, -6092.22, 0.976045, -6090.92, -0.0011333, -0.00113329, -0.00113327, 0.0359284, 1.11168, 0.0422389, 0.102894, 0.0418487
237.353, 1.00744, -6093.31, 1.00156, -6093.45, 0.976053, -6092.14, -0.00113331, -0.00113332, -0.00113331, 0.0359284, 1.11168, 0.0422388, 0.102896, 0.0418565
237.403, 1.00745, -6094.53, 1.00157, -6094.67, 0.976059, -6093.37, -0.00113327, -0.00113327, -0.00113326, 0.0359284, 1.11168, 0.0422388, 0.102897, 0.0418637
237.454, 1.00746, -6095.76, 1.00158, -6095.89, 0.976065, -6094.59, -0.0011333, -0.00113329, -0.0011333, 0.0359284, 1.11168, 0.0422387, 0.102899, 0.0418702
237.504, 1.00746, -6096.98, 1.00158, -6097.12, 0.976071, -6095.82, -0.00113331, -0.00113328, -0.00113329, 0.0359284, 1.11168, 0.0422389, 0.102899, 0.041876
237.554, 1.00747, -6098.19, 1.00159, -6098.33, 0.976077, -6097.03, -0.00111309, -0.0011131, -0.0011131, 0.0359284, 1.11168, 0.0422387, 0.102901, 0.0418813
237.605, 1.00747, -6099.4, 1.00159, -6099.53, 0.976083, -6098.23, -0.00111304, -0.00111303, -0.00111304, 0.0359284, 1.11168, 0.0422388, 0.102902, 0.0418859
237.655, 1.00748, -6100.6, 1.0016, -6100.74, 0.976089, -6099.43, -0.00111307, -0.00111306, -0.00111305, 0.0359284, 1.11168, 0.0422386, 0.102903, 0.04189
237.706, 1.00749, -6101.8, 1.0016, -6101.94, 0.976095, -6100.64, -0.00111306, -0.00111306, -0.00111305, 0.0359284, 1.11168, 0.0422389, 0.102904, 0.0418935
237.756, 1.00749, -6103, 1.00161, -6103.14, 0.976101, -6101.84, -0.00111304, -0.00111306, -0.00111306, 0.0359284, 1.11168, 0.0422387, 0.102906, 0.0418965
237.806, 1.0075, -6104.2, 1.00162, -6104.34, 0.976107, -6103.03, -0.00109348, -0.00109347, -0.00109346, 0.0359284, 1.11168, 0.042239, 0.102906, 0.0418989
237.857, 1.0075, -6105.38, 1.00162, -6105.52, 0.976113, -6104.21, -0.00109282, -0.00109282, -0.00109281, 0.0359284, 1.11168, 0.0422387, 0.102908, 0.0419009
237.907, 1.00751, -6106.56, 1.00163, -6106.7, 0.976119, -6105.39, -0.00109282, -0.00109282, -0.00109281, 0.0359284, 1.11168, 0.0422389, 0.102908, 0.0419023
237.957, 1.00751, -6107.74, 1.00163, -6107.88, 0.976125, -6106.58, -0.00109283, -0.00109282, -0.00109283, 0.0359284, 1.11168, 0.0422387, 0.10291, 0.0419032
238.001, 1.00752, -6108.75, 1.00164, -6108.89, 0.97613, -6107.59, -0.00109282, -0.00109284, -0.00109283, 0.0359284, 1.11168, 0.042239, 0.102911, 0.0419036
238.001, 1.00752, -6108.75, 1.00164, -6108.89, 0.97613, -6107.59, -0.00109282, -0.00109284, -0.00109283, 0.0363655, 1.11168, 0.042239, 0.102911, 0.0419037
238.051, 1.00753, -6109.93, 1.00164, -6110.07, 0.976136, -6108.77, -0.00109283, -0.00109282, -0.00109282, 0.0363655, 1.11168, 0.0422388, 0.102913, 0.0419145
238.101, 1.00753, -6111.1, 1.00165, -6111.23, 0.976142, -6109.93, -0.00107259, -0.00107259, -0.00107259, 0.0363655, 1.11168, 0.0422388, 0.102914, 0.0419245
238.152, 1.00754, -6112.25, 1.00166, -6112.39, 0.976148, -6111.09, -0.00107258, -0.00107257, -0.00107258, 0.0363655, 1.11168, 0.0422389, 0.102915, 0.0419339
238.202, 1.00754, -6113.41, 1.00166, -6113.55, 0.976154, -6112.25, -0.00107191, -0.00107192, -0.00107191, 0.0363655, 1.11168, 0.0422388, 0.102916, 0.0419425
238.252, 1.00755, -6114.57, 1.00167, -6114.71, 0.97616, -6113.41, -0.00107258, -0.00107259, -0.00107259, 0.0363655, 1.11168, 0.0422389, 0.102917, 0.0419504
238.303, 1.00756, -6115.73, 1.00167, -6115.87, 0.976166, -6114.57, -0.00107259, -0.00107259, -0.00107259, 0.0363655, 1.11168, 0.0422389, 0.102918, 0.0419575
238.353, 1.00756, -6116.88, 1.00168, -6117.01, 0.976172, -6115.71, -0.00105236, -0.00105236, -0.00105235, 0.0363655, 1.11168, 0.0422389, 0.102919, 0.0419641
238.403, 1.00757, -6118.01, 1.00169, -6118.15, 0.976178, -6116.85, -0.00105235, -0.00105235, -0.00105235, 0.0363655, 1.11168, 0.0422389, 0.102921, 0.04197
238.454, 1.00757, -6119.15, 1.00169, -6119.29, 0.976184, -6117.99, -0.00105235, -0.00105235, -0.00105234, 0.0363655, 1.11168, 0.0422389, 0.102922, 0.0419752
238.504, 1.00758, -6120.29, 1.0017, -6120.42, 0.97619, -6119.12, -0.00105235, -0.00105235, -0.00105235, 0.0363655, 1.11168, 0.0422389, 0.102923, 0.0419799
238.555, 1.00758, -6121.42, 1.0017, -6121.56, 0.976196, -6120.26, -0.00105235, -0.00105235, -0.00105235, 0.0363655, 1.11168, 0.0422389, 0.102924, 0.0419841
238.605, 1.00759, -6122.55, 1.00171, -6122.69, 0.976202, -6121.39, -0.00103275, -0.00103275, -0.00103275, 0.0363655, 1.11168, 0.0422389, 0.102925, 0.0419876
238.655, 1.0076, -6123.67, 1.00172, -6123.81, 0.976208, -6122.5, -0.00103211, -0.0010321, -0.0010321, 0.0363655, 1.11168, 0.0422389, 0.102926, 0.0419906
238.706, 1.0076, -6124.78, 1.00172, -6124.92, 0.976214, -6123.62, -0.00103211, -0.00103211, -0.00103211, 0.0363655, 1.11168, 0.0422389, 0.102927, 0.0419931
238.756, 1.00761, -6125.9, 1.00172, -6126.04, 0.976216, -6124.73, -0.00103212, -0.00103212, -0.00103212, 0.0363655, 1.11168, 0.0422389, 0.102927, 0.0419951
238.806, 1.00761, -6127.01, 1.00172, -6127.15, 0.976217, -6125.85, -0.00103211, -0.00103211, -0.00103212, 0.0363655, 1.11168, 0.042239, 0.102928, 0.0419965
238.857, 1.00761, -6128.13, 1.00172, -6128.26, 0.976216, -6126.96, -0.0010321, -0.0010321, -0.00103211, 0.0363655, 1.11168, 0.0422389, 0.102928, 0.0419975
238.907, 1.00761, -6129.22, 1.00172, -6129.36, 0.976217, -6128.06, -0.00101187, -0.00101188, -0.00101188, 0.0363655, 1.11168, 0.0422389, 0.102927, 0.041998
238.957, 1.00761, -6130.31, 1.00172, -6130.45, 0.976217, -6129.15, -0.00101187, -0.00101187, -0.00101187, 0.0363655, 1.11168, 0.0422391, 0.102929, 0.041998
239.001, 1.00761, -6131.25, 1.00172, -6131.39, 0.976217, -6130.09, -0.00101187, -0.00101187, -0.00101186, 0.0363655, 1.11168, 0.0422389, 0.102928, 0.0419976
239.001, 1.00761, -6131.25, 1.00172, -6131.39, 0.976217, -6130.09, -0.00101187, -0.00101187, -0.00101186, 0.0367702, 1.11168, 0.042239, 0.102927, 0.0419977
239.051, 1.00761, -6132.35, 1.00172, -6132.48, 0.976217, -6131.18, -0.00101188, -0.00101188, -0.00101188, 0.0367702, 1.11168, 0.0422389, 0.102928, 0.0420068
239.101, 1.00761, -6133.44, 1.00172, -6133.58, 0.976217, -6132.27, -0.00101188, -0.00101187, -0.00101187, 0.0367702, 1.11168, 0.042239, 0.102929, 0.0420152
239.152, 1.00761, -6134.52, 1.00172, -6134.66, 0.976217, -6133.36, -0.000991763, -0.00099174, -0.000991752, 0.0367702, 1.11168, 0.0422389, 0.102928, 0.042023
239.202, 1.00761, -6135.59, 1.00172, -6135.73, 0.976217, -6134.43, -0.000991651, -0.000991668, -0.000991639, 0.0367702, 1.11168, 0.0422389, 0.102928, 0.04203
239.252, 1.00761, -6136.67, 1.00172, -6136.8, 0.976217, -6135.5, -0.000991648, -0.000991661, -0.000991653, 0.0367702, 1.11168, 0.042239, 0.102928, 0.0420365
239.303, 1.00761, -6137.74, 1.00172, -6137.87, 0.976217, -6136.57, -0.000991642, -0.000991668, -0.000991674, 0.0367702, 1.11168, 0.0422392, 0.102928, 0.0420422
239.353, 1.00761, -6138.81, 1.00172, -6138.94, 0.976217, -6137.64, -0.000991627, -0.000991622, -0.000991634, 0.0367702, 1.11168, 0.0422388, 0.102928, 0.0420474
239.403, 1.00761, -6139.88, 1.00172, -6140.02, 0.976217, -6138.71, -0.000991657, -0.000991652, -0.000991657, 0.0367702, 1.11168, 0.0422388, 0.102928, 0.0420519
239.454, 1.00761, -6140.93, 1.00172, -6141.07, 0.976217, -6139.76, -0.000971404, -0.000971426, -0.000971433, 0.0367702, 1.11168, 0.042239, 0.102928, 0.0420559
239.504, 1.00761, -6141.98, 1.00172, -6142.12, 0.976217, -6140.81, -0.000971431, -0.000971431, -0.000971423, 0.0367702, 1.11168, 0.0422391, 0.102928, 0.0420594
239.555, 1.00761, -6143.03, 1.00172, -6143.16, 0.976217, -6141.86, -0.000971408, -0.000971407, -0.000971411, 0.0367702, 1.11168, 0.0422391, 0.102928, 0.0420622
239.605, 1.00761, -6144.08, 1.00172, -6144.21, 0.976217, -6142.91, -0.000971387, -0.000971385, -0.000971391, 0.0367702, 1.11168, 0.042239, 0.102928, 0.0420646
239.655, 1.00761, -6145.12, 1.00172, -6145.26, 0.976217, -6143.96, -0.000971381, -0.0009714, -0.000971389, 0.0367702, 1.11168, 0.0422387, 0.102928, 0.0420664
239.706, 1.00761, -6146.16, 1.00172, -6146.3, 0.976217, -6145, -0.000951223, -0.00095122, -0.000951229, 0.0367702, 1.11168, 0.0422386, 0.102928, 0.0420677
239.756, 1.00761, -6147.19, 1.00172, -6147.33, 0.976217, -6146.03, -0.00095116, -0.000951161, -0.000951166, 0.0367702, 1.11168, 0.0422393, 0.102928, 0.0420686
239.806, 1.00761, -6148.22, 1.00172, -6148.35, 0.976217, -6147.05, -0.000951155, -0.000951153, -0.000951175, 0.0367702, 1.11168, 0.042239, 0.102929, 0.042069
239.857, 1.00761, -6149.24, 1.00172, -6149.38, 0.976217, -6148.08, -0.000951125, -0.000951171, -0.000951162, 0.0367702, 1.11168, 0.0422385, 0.102928, 0.0420689
239.907, 1.00761, -6150.27, 1.00172, -6150.41, 0.976217, -6149.11, -0.000951151, -0.000951135, -0.000951171, 0.0367702, 1.11168, 0.0422388, 0.102929, 0.0420684
239.957, 1.00761, -6151.3, 1.00172, -6151.44, 0.976217, -6150.13, -0.000951093, -0.000951119, -0.000951148, 0.0367702, 1.11168, 0.0422389, 0.102928, 0.0420674
240.001, 1.00761, -6152.16, 1.00172, -6152.3, 0.976217, -6151, -0.000930909, -0.000930893, -0.000930909, 0.0367702, 1.11168, 0.0422394, 0.102928, 0.0420662
240.001, 1.00761, -6152.16, 1.00172, -6152.3, 0.976217, -6151, -0.000930909, -0.000930893, -0.000930909, 0.04, 1.11168, 0.0422394, 0.102928, 0.0420663
240.051, 1.00761, -6153.17, 1.00172, -6153.31, 0.976217, -6152, -0.000930952, -0.000930973, -0.000930943, 0.04, 1.11168, 0.0422386, 0.102928, 0.042144
240.101, 1.00761, -6154.17, 1.00172, -6154.31, 0.976217, -6153.01, -0.000930927, -0.00093093, -0.000930916, 0.04, 1.11168, 0.0422386, 0.102928, 0.0422191
240.152, 1.00761, -6155.18, 1.00172, -6155.32, 0.976217, -6154.02, -0.000930905, -0.000930888, -0.000930907, 0.04, 1.11168, 0.0422386, 0.102928, 0.0422916
240.202, 1.00761, -6156.19, 1.00172, -6156.32, 0.976217, -6155.02, -0.000930922, -0.0009309, -0.000930909, 0.04, 1.11168, 0.0422392, 0.102929, 0.0423614
240.252, 1.00761, -6157.18, 1.00172, -6157.31, 0.976217, -6156.01, -0.000910724, -0.000910699, -0.000910671, 0.04, 1.11168, 0.0422385, 0.102928, 0.0424289
240.303, 1.00761, -6158.16, 1.00172, -6158.3, 0.976217, -6157, -0.000910679, -0.000910692, -0.000910655, 0.04, 1.11168, 0.0422394, 0.102928, 0.0424939
240.353, 1.00761, -6159.14, 1.00172, -6159.28, 0.976217, -6157.98, -0.000910701, -0.00091067, -0.000910658, 0.04, 1.11168, 0.0422392, 0.102928, 0.0425567
240.404, 1.00761, -6160.13, 1.00172, -6160.26, 0.976217, -6158.96, -0.000910708, -0.000910726, -0.000910713, 0.04, 1.11168, 0.0422393, 0.102928, 0.0426172
240.454, 1.00761, -6161.1, 1.00172, -6161.24, 0.976217, -6159.94, -0.000890705, -0.000890729, -0.000890745, 0.04, 1.11168, 0.0422391, 0.102928, 0.0426756
240.504, 1.00761, -6162.06, 1.00172, -6162.2, 0.976217, -6160.9, -0.00089048, -0.000890493, -0.000890464, 0.04, 1.11168, 0.042239, 0.102928, 0.0427319
240.555, 1.00761, -6163.03, 1.00172, -6163.16, 0.976217, -6161.86, -0.000890478, -0.000890455, -0.000890473, 0.04, 1.11168, 0.042239, 0.102928, 0.0427862
240.605, 1.00761, -6163.99, 1.00173, -6164.13, 0.976218, -6162.82, -0.000890472, -0.000890471, -0.000890485, 0.04, 1.11168, 0.0422387, 0.102928, 0.0428385
240.655, 1.00761, -6164.94, 1.00173, -6165.08, 0.976224, -6163.78, -0.000870238, -0.000870252, -0.000870277, 0.04, 1.11168, 0.0422385, 0.102929, 0.0428889
240.706, 1.00762, -6165.88, 1.00174, -6166.02, 0.97623, -6164.72, -0.000870226, -0.000870205, -0.000870218, 0.04, 1.11168, 0.0422388, 0.102931, 0.0429375
240.756, 1.00762, -6166.82, 1.00174, -6166.96, 0.976236, -6165.66, -0.000870233, -0.000870274, -0.000870258, 0.04, 1.11168, 0.042239, 0.102932, 0.0429843
240.806, 1.00763, -6167.76, 1.00175, -6167.9, 0.976242, -6166.59, -0.000870229, -0.000870211, -0.000870206, 0.04, 1.11168, 0.0422389, 0.102933, 0.0430294
240.857, 1.00764, -6168.68, 1.00176, -6168.82, 0.97625, -6167.52, -0.000849973, -0.000849959, -0.000849947, 0.04, 1.11168, 0.0422391, 0.102935, 0.0430728
240.907, 1.00765, -6169.6, 1.00177, -6169.74, 0.976262, -6168.43, -0.000849947, -0.000849956, -0.000849928, 0.04, 1.11168, 0.0422393, 0.102937, 0.0431146
240.957, 1.00766, -6170.52, 1.00178, -6170.65, 0.976274, -6169.35, -0.000849985, -0.000849983, -0.000849957, 0.04, 1.11168, 0.0422384, 0.102939, 0.0431547
241.001, 1.00767, -6171.3, 1.00179, -6171.44, 0.976284, -6170.14, -0.000830204, -0.000830186, -0.000830188, 0.04, 1.11168, 0.042239, 0.102941, 0.0431881
241.001, 1.00767, -6171.3, 1.00179, -6171.44, 0.976284, -6170.14, -0.000830204, -0.000830186, -0.000830188, 0.04, 1.11168, 0.0422393, 0.102941, 0.0431882
241.051, 1.00769, -6172.2, 1.00181, -6172.33, 0.976299, -6171.03, -0.000829714, -0.000829695, -0.000829742, 0.04, 1.11168, 0.0422388, 0.102944, 0.0432254
241.101, 1.0077, -6173.09, 1.00182, -6173.23, 0.976317, -6171.93, -0.000829808, -0.000829774, -0.000829747, 0.04, 1.11168, 0.042239, 0.102948, 0.0432612
241.152, 1.00772, -6173.99, 1.00184, -6174.13, 0.976335, -6172.82, -0.000829727, -0.000829744, -0.000829738, 0.04, 1.11168, 0.0422387, 0.102952, 0.0432957
241.202, 1.00774, -6174.86, 1.00186, -6175, 0.976355, -6173.7, -0.000809479, -0.000809432, -0.00080943, 0.04, 1.11168, 0.0422393, 0.102955, 0.0433287
241.252, 1.00776, -6175.74, 1.00188, -6175.87, 0.976378, -6174.57, -0.00080949, -0.000809469, -0.000809462, 0.04, 1.11168, 0.042239, 0.10296, 0.0433604
241.303, 1.00779, -6176.61, 1.00191, -6176.75, 0.976401, -6175.45, -0.000809505, -0.000809452, -0.00080943, 0.04, 1.11168, 0.0422394, 0.102965, 0.0433907
241.353, 1.00781, -6177.47, 1.00193, -6177.6, 0.976425, -6176.3, -0.000789253, -0.000789232, -0.000789231, 0.04, 1.11168, 0.0422391, 0.102969, 0.0434198
241.404, 1.00784, -6178.32, 1.00196, -6178.46, 0.976451, -6177.15, -0.000789091, -0.000789051, -0.000789057, 0.04, 1.11168, 0.0422388, 0.102974, 0.0434475
241.454, 1.00787, -6179.17, 1.00198, -6179.31, 0.97648, -6178.01, -0.000789295, -0.000789211, -0.000789212, 0.04, 1.11168, 0.0422395, 0.10298, 0.0434741
241.504, 1.0079, -6180.01, 1.00201, -6180.14, 0.97651, -6178.84, -0.000769001, -0.000769027, -0.000768941, 0.04, 1.11168, 0.042239, 0.102986, 0.0434994
241.555, 1.00793, -6180.84, 1.00204, -6180.98, 0.97654, -6179.67, -0.000768974, -0.000769, -0.000769012, 0.04, 1.11168, 0.0422393, 0.102992, 0.0435236
241.605, 1.00796, -6181.67, 1.00207, -6181.81, 0.976571, -6180.5, -0.000768981, -0.000769011, -0.000768957, 0.04, 1.11168, 0.0422392, 0.102998, 0.0435466
241.655, 1.00799, -6182.48, 1.00211, -6182.62, 0.976604, -6181.32, -0.000748744, -0.000748717, -0.000748751, 0.04, 1.11168, 0.0422391, 0.103005, 0.0435685
241.706, 1.00802, -6183.29, 1.00214, -6183.43, 0.97664, -6182.13, -0.000748278, -0.000748213, -0.000748183, 0.04, 1.11168, 0.0422395, 0.103012, 0.0435892
241.756, 1.00806, -6184.1, 1.00218, -6184.24, 0.976676, -6182.94, -0.000748776, -0.000748805, -0.000748719, 0.04, 1.11168, 0.0422393, 0.103019, 0.0436089
241.806, 1.00809, -6184.89, 1.00221, -6185.03, 0.976711, -6183.73, -0.000728585, -0.000728503, -0.00072852, 0.04, 1.11168, 0.0422389, 0.103026, 0.0436276
241.857, 1.00813, -6185.68, 1.00225, -6185.82, 0.976747, -6184.52, -0.000728544, -0.000728581, -0.000728536, 0.04, 1.11168, 0.0422394, 0.103033, 0.0436452
241.907, 1.00817, -6186.47, 1.00228, -6186.6, 0.976783, -6185.3, -0.000728537, -0.000728522, -0.000728579, 0.04, 1.11168, 0.0422395, 0.10304, 0.0436617
241.957, 1.0082, -6187.24, 1.00232, -6187.38, 0.976818, -6186.07, -0.000708267, -0.000708279, -0.000708281, 0.04, 1.11168, 0.0422393, 0.103047, 0.0436773
242.001, 1.00823, -6187.89, 1.00235, -6188.03, 0.97685, -6186.73, -0.000706677, -0.000706692, -0.000706652, 0.04, 1.11168, 0.0422394, 0.103052, 0.0436899
242.001, 1.00823, -6187.89, 1.00235, -6188.03, 0.97685, -6186.73, -0.000706677, -0.000706692, -0.000706652, 0.04, 1.11168, 0.0422394, 0.103052, 0.0436901
242.051, 1.00827, -6188.66, 1.00239, -6188.8, 0.97689, -6187.5, -0.000708278, -0.000708276, -0.000708239, 0.04, 1.11168, 0.0422396, 0.103061, 0.0437037
242.101, 1.00831, -6189.41, 1.00243, -6189.55, 0.976932, -6188.25, -0.000687987, -0.000688052, -0.000687979, 0.04, 1.11168, 0.0422395, 0.103069, 0.0437165
242.152, 1.00835, -6190.15, 1.00247, -6190.29, 0.976973, -6188.99, -0.000688048, -0.000687995, -0.000687966, 0.04, 1.11168, 0.0422398, 0.103077, 0.0437285
242.202, 1.00839, -6190.9, 1.00251, -6191.03, 0.977015, -6189.73, -0.000688006, -0.000687982, -0.000688015, 0.04, 1.11168, 0.0422398, 0.103085, 0.0437395
242.253, 1.00844, -6191.62, 1.00255, -6191.76, 0.977056, -6190.46, -0.000667821, -0.0006678, -0.000667737, 0.04, 1.11168, 0.0422397, 0.103093, 0.0437496
242.303, 1.00848, -6192.35, 1.00259, -6192.48, 0.977096, -6191.18, -0.00066725, -0.00066728, -0.000667293, 0.04, 1.11168, 0.0422396, 0.103101, 0.0437588
242.353, 1.00851, -6193.07, 1.00262, -6193.21, 0.977132, -6191.9, -0.000667832, -0.000667809, -0.000667742, 0.04, 1.11168, 0.0422396, 0.103109, 0.0437672
242.404, 1.00855, -6193.77, 1.00266, -6193.91, 0.977168, -6192.61, -0.000647583, -0.000647581, -0.000647535, 0.04, 1.11168, 0.0422398, 0.103116, 0.0437748
242.454, 1.00858, -6194.47, 1.00269, -6194.61, 0.977203, -6193.31, -0.000647554, -0.000647575, -0.000647573, 0.04, 1.11168, 0.0422396, 0.103122, 0.0437815
242.504, 1.00862, -6195.17, 1.00273, -6195.31, 0.977239, -6194.01, -0.000647519, -0.000647577, -0.00064751, 0.04, 1.11168, 0.0422397, 0.10313, 0.0437875
242.555, 1.00865, -6195.85, 1.00277, -6195.99, 0.977275, -6194.69, -0.000627354, -0.000627354, -0.000627319, 0.04, 1.11168, 0.0422399, 0.103137, 0.0437926
242.605, 1.00869, -6196.53, 1.0028, -6196.67, 0.977311, -6195.37, -0.000627115, -0.000627057, -0.000627128, 0.04, 1.11168, 0.04224, 0.103144, 0.043797
242.655, 1.00872, -6197.21, 1.00284, -6197.35, 0.977347, -6196.04, -0.000627278, -0.000627291, -0.000627304, 0.04, 1.11168, 0.0422399, 0.103151, 0.0438006
242.706, 1.00876, -6197.87, 1.00287, -6198.01, 0.977383, -6196.7, -0.000607113, -0.000607057, -0.000607096, 0.04, 1.11168, 0.0422398, 0.103158, 0.0438034
242.756, 1.00879, -6198.52, 1.0029, -6198.66, 0.977414, -6197.36, -0.000607122, -0.000607107, -0.00060704, 0.04, 1.11168, 0.0422399, 0.103165, 0.0438056
242.806, 1.00882, -6199.18, 1.00293, -6199.32, 0.977444, -6198.02, -0.000607117, -0.000607106, -0.000607062, 0.04, 1.11168, 0.0422399, 0.10317, 0.043807
242.857, 1.00885, -6199.82, 1.00296, -6199.96, 0.977474, -6198.65, -0.000586857, -0.000586854, -0.000586823, 0.04, 1.11168, 0.0422399, 0.103176, 0.0438077
242.907, 1.00888, -6200.45, 1.00299, -6200.59, 0.977504, -6199.29, -0.000586558, -0.000586558, -0.000586518, 0.04, 1.11168, 0.0422399, 0.103182, 0.0438077
242.957, 1.00891, -6201.09, 1.00302, -6201.22, 0.977533, -6199.92, -0.000586882, -0.000586826, -0.000586878, 0.04, 1.11168, 0.0422399, 0.103188, 0.043807
243.001, 1.00893, -6201.62, 1.00304, -6201.76, 0.977555, -6200.45, -0.000566636, -0.000566645, -0.000566604, 0.04, 1.11168, 0.04224, 0.103192, 0.0438059
243.001, 1.00893, -6201.62, 1.00304, -6201.76, 0.977555, -6200.45, -0.000566636, -0.000566645, -0.000566604, 0.04, 1.11168, 0.04224, 0.103192, 0.043806
243.051, 1.00895, -6202.23, 1.00306, -6202.37, 0.977579, -6201.07, -0.000566619, -0.000566618, -0.000566646, 0.04, 1.11168, 0.04224, 0.103196, 0.0438041
243.101, 1.00898, -6202.84, 1.00309, -6202.98, 0.977603, -6201.68, -0.000566592, -0.000566591, -0.000566618, 0.04, 1.11168, 0.04224, 0.103201, 0.0438015
243.152, 1.009, -6203.45, 1.00311, -6203.58, 0.977626, -6202.28, -0.000546445, -0.000546443, -0.000546443, 0.04, 1.11168, 0.0422401, 0.103206, 0.0437984
243.202, 1.00902, -6204.04, 1.00313, -6204.17, 0.977645, -6202.87, -0.000546335, -0.000546411, -0.000546401, 0.04, 1.11168, 0.04224, 0.103211, 0.0437946
243.253, 1.00904, -6204.62, 1.00315, -6204.76, 0.977663, -6203.46, -0.000546414, -0.000546396, -0.00054641, 0.04, 1.11168, 0.04224, 0.103214, 0.0437903
243.303, 1.00905, -6205.21, 1.00316, -6205.35, 0.977681, -6204.04, -0.000526446, -0.000526446, -0.000526367, 0.04, 1.11168, 0.04224, 0.103217, 0.0437853
243.353, 1.00907, -6205.78, 1.00318, -6205.91, 0.977696, -6204.61, -0.000526162, -0.000526133, -0.000526174, 0.04, 1.11168, 0.0422401, 0.10322, 0.0437798
243.404, 1.00908, -6206.34, 1.00319, -6206.48, 0.977709, -6205.18, -0.000526173, -0.000526176, -0.000526176, 0.04, 1.11168, 0.0422401, 0.103222, 0.0437737
243.454, 1.00909, -6206.91, 1.0032, -6207.05, 0.977721, -6205.75, -0.000512329, -0.000512343, -0.000512339, 0.04, 1.11168, 0.0422401, 0.103224, 0.0437671
243.504, 1.0091, -6207.46, 1.00321, -6207.59, 0.977731, -6206.29, -0.00050594, -0.000505895, -0.00050594, 0.04, 1.11168, 0.0422401, 0.103227, 0.0437599
243.555, 1.00911, -6208, 1.00322, -6208.14, 0.977737, -6206.84, -0.000505921, -0.000505928, -0.000505928, 0.04, 1.11168, 0.0422401, 0.103228, 0.0437522
243.605, 1.00912, -6208.55, 1.00323, -6208.69, 0.977744, -6207.38, -0.000505937, -0.00050594, -0.000505926, 0.04, 1.11168, 0.0422401, 0.103229, 0.043744
243.655, 1.00912, -6209.08, 1.00323, -6209.22, 0.977748, -6207.91, -0.000485703, -0.000485703, -0.000485702, 0.04, 1.11168, 0.0422401, 0.10323, 0.0437353
243.706, 1.00912, -6209.6, 1.00323, -6209.74, 0.97775, -6208.44, -0.000485702, -0.000485702, -0.000485702, 0.04, 1.11168, 0.0422401, 0.10323, 0.043726
243.756, 1.00912, -6210.13, 1.00323, -6210.27, 0.977749, -6208.96, -0.000485702, -0.000485702, -0.000485702, 0.04, 1.11168, 0.0422401, 0.10323, 0.0437163
243.806, 1.00912, -6210.64, 1.00323, -6210.78, 0.977748, -6209.48, -0.000465529, -0.000465529, -0.000465529, 0.04, 1.11168, 0.0422401, 0.103231, 0.0437062
243.857, 1.00912, -6211.15, 1.00323, -6211.28, 0.977744, -6209.98, -0.000465467, -0.000465465, -0.000465471, 0.04, 1.11168, 0.0422401, 0.10323, 0.0436955
243.907, 1.00911, -6211.65, 1.00322, -6211.79, 0.977738, -6210.48, -0.000465489, -0.000465464, -0.000465465, 0.04, 1.11168, 0.0422401, 0.103229, 0.0436845
243.958, 1.0091, -6212.15, 1.00321, -6212.29, 0.977732, -6210.99, -0.000465498, -0.000465465, -0.000465445, 0.04, 1.11168, 0.0422401, 0.103226, 0.043673
244.001, 1.0091, -6212.57, 1.00321, -6212.7, 0.977724, -6211.4, -0.000445235, -0.000445231, -0.000445228, 0.04, 1.11168, 0.0422401, 0.103225, 0.0436627
244.001, 1.0091, -6212.57, 1.00321, -6212.7, 0.977724, -6211.4, -0.000445235, -0.000445231, -0.000445228, 0.04, 1.11168, 0.0422402, 0.103225, 0.0436627
244.051, 1.00908, -6213.05, 1.00319, -6213.18, 0.977712, -6211.88, -0.000445306, -0.00044523, -0.000445235, 0.04, 1.11168, 0.0422401, 0.103222, 0.0436504
244.102, 1.00907, -6213.53, 1.00318, -6213.67, 0.9777, -6212.36, -0.000445227, -0.000445228, -0.000445246, 0.04, 1.11168, 0.0422401, 0.103221, 0.0436377
244.152, 1.00906, -6214, 1.00317, -6214.14, 0.977686, -6212.84, -0.000427075, -0.000427018, -0.000427026, 0.04, 1.11168, 0.0422401, 0.103217, 0.0436246
244.202, 1.00904, -6214.46, 1.00315, -6214.6, 0.977668, -6213.3, -0.000424992, -0.000424991, -0.000425009, 0.04, 1.11168, 0.0422401, 0.103214, 0.0436112
244.253, 1.00902, -6214.92, 1.00313, -6215.06, 0.97765, -6213.76, -0.000424913, -0.000424914, -0.000424914, 0.04, 1.11168, 0.0422401, 0.103212, 0.0435973
244.303, 1.009, -6215.38, 1.00312, -6215.52, 0.977631, -6214.22, -0.000425004, -0.000425055, -0.000425075, 0.04, 1.11168, 0.0422401, 0.103208, 0.0435831
244.353, 1.00898, -6215.83, 1.00309, -6215.97, 0.97761, -6214.67, -0.000404805, -0.000404835, -0.000404886, 0.04, 1.11168, 0.0422401, 0.103203, 0.0435685
244.404, 1.00896, -6216.27, 1.00307, -6216.41, 0.977586, -6215.1, -0.000404769, -0.000404758, -0.00040478, 0.04, 1.11168, 0.04224, 0.103198, 0.0435536
244.454, 1.00894, -6216.7, 1.00305, -6216.84, 0.977562, -6215.54, -0.000404821, -0.000404771, -0.000404763, 0.04, 1.11168, 0.04224, 0.103194, 0.0435384
244.504, 1.00891, -6217.14, 1.00302, -6217.28, 0.977536, -6215.98, -0.000404818, -0.000404772, -0.000404768, 0.04, 1.11168, 0.0422399, 0.103188, 0.0435229
244.555, 1.00888, -6217.57, 1.00299, -6217.71, 0.977507, -6216.4, -0.00038455, -0.000384599, -0.000384564, 0.04, 1.11168, 0.04224, 0.103183, 0.043507
244.605, 1.00885, -6217.98, 1.00296, -6218.12, 0.977477, -6216.82, -0.000384575, -0.0003846, -0.000384553, 0.04, 1.11168, 0.04224, 0.103176, 0.0434908
244.655, 1.00882, -6218.4, 1.00294, -6218.54, 0.977448, -6217.23, -0.000384589, -0.000384514, -0.000384544, 0.04, 1.11168, 0.04224, 0.103171, 0.0434744
244.706, 1.00879, -6218.81, 1.0029, -6218.95, 0.977416, -6217.65, -0.000384523, -0.000384602, -0.000384544, 0.04, 1.11168, 0.0422399, 0.103165, 0.0434576
244.756, 1.00876, -6219.22, 1.00287, -6219.36, 0.977382, -6218.06, -0.000364455, -0.000364412, -0.000364433, 0.04, 1.11168, 0.0422399, 0.103158, 0.0434407
244.806, 1.00872, -6219.61, 1.00284, -6219.75, 0.977346, -6218.45, -0.000364289, -0.000364299, -0.0003643, 0.04, 1.11168, 0.0422399, 0.103151, 0.0434234
244.857, 1.00869, -6220.01, 1.0028, -6220.15, 0.977311, -6218.84, -0.000364313, -0.000364299, -0.000364372, 0.04, 1.11168, 0.0422399, 0.103144, 0.0434058
244.907, 1.00865, -6220.4, 1.00277, -6220.54, 0.977275, -6219.24, -0.000364362, -0.0003643, -0.000364331, 0.04, 1.11168, 0.0422398, 0.103137, 0.0433881
244.958, 1.00862, -6220.79, 1.00273, -6220.93, 0.977238, -6219.63, -0.000364292, -0.000364377, -0.000364378, 0.04, 1.11168, 0.0422398, 0.103129, 0.0433701
245.001, 1.00858, -6221.11, 1.0027, -6221.25, 0.977204, -6219.95, -0.000344127, -0.000344071, -0.000344144, 0.04, 1.11168, 0.0422397, 0.103123, 0.0433545
245.001, 1.00858, -6221.11, 1.0027, -6221.25, 0.977204, -6219.95, -0.000344127, -0.000344071, -0.000344144, 0.04, 1.11168, 0.0422398, 0.103123, 0.0433545
245.051, 1.00854, -6221.49, 1.00265, -6221.62, 0.977162, -6220.32, -0.000344057, -0.00034407, -0.000344086, 0.04, 1.11168, 0.0422398, 0.103115, 0.0433361
245.102, 1.0085, -6221.86, 1.00261, -6221.99, 0.977121, -6220.69, -0.000344125, -0.000344055, -0.000344131, 0.04, 1.11168, 0.0422398, 0.103106, 0.0433176
245.152, 1.00846, -6222.23, 1.00257, -6222.37, 0.977079, -6221.06, -0.00034406, -0.000344111, -0.000344123, 0.04, 1.11168, 0.0422396, 0.103098, 0.0432988
245.202, 1.00842, -6222.59, 1.00253, -6222.73, 0.977038, -6221.43, -0.000325371, -0.000325375, -0.000325356, 0.04, 1.11168, 0.0422398, 0.103091, 0.0432798
245.253, 1.00838, -6222.94, 1.00249, -6223.08, 0.976996, -6221.78, -0.00032389, -0.000323833, -0.000323846, 0.04, 1.11168, 0.0422396, 0.103081, 0.0432606
245.303, 1.00833, -6223.29, 1.00245, -6223.43, 0.976954, -6222.13, -0.000323829, -0.000323824, -0.00032386, 0.04, 1.11168, 0.0422394, 0.103073, 0.0432413
245.353, 1.00829, -6223.64, 1.0024, -6223.78, 0.976908, -6222.48, -0.000323824, -0.000323842, -0.000323845, 0.04, 1.11168, 0.0422396, 0.103065, 0.0432218
245.404, 1.00824, -6223.99, 1.00236, -6224.13, 0.976861, -6222.83, -0.000323877, -0.00032382, -0.000323837, 0.04, 1.11168, 0.0422396, 0.103055, 0.0432021
245.454, 1.0082, -6224.34, 1.00231, -6224.48, 0.976813, -6223.18, -0.00030719, -0.000307209, -0.000307199, 0.04, 1.11168, 0.0422394, 0.103045, 0.0431823
245.504, 1.00815, -6224.67, 1.00226, -6224.81, 0.976766, -6223.5, -0.00030354, -0.000303588, -0.000303648, 0.04, 1.11168, 0.0422395, 0.103036, 0.0431623
245.555, 1.0081, -6225, 1.00222, -6225.13, 0.976718, -6223.83, -0.000303568, -0.000303637, -0.000303642, 0.04, 1.11168, 0.0422393, 0.103027, 0.0431423
245.605, 1.00805, -6225.32, 1.00217, -6225.46, 0.976671, -6224.16, -0.000303597, -0.000303578, -0.000303603, 0.04, 1.11168, 0.0422391, 0.103017, 0.0431221
245.655, 1.00801, -6225.65, 1.00212, -6225.79, 0.976623, -6224.49, -0.000303584, -0.000303649, -0.000303613, 0.04, 1.11168, 0.0422396, 0.103008, 0.0431018
245.706, 1.00796, -6225.98, 1.00208, -6226.12, 0.976576, -6224.82, -0.000303602, -0.000303606, -0.00030361, 0.04, 1.11168, 0.0422392, 0.102999, 0.0430814
245.756, 1.00791, -6226.3, 1.00203, -6226.43, 0.976528, -6225.13, -0.000283328, -0.000283418, -0.000283373, 0.04, 1.11168, 0.0422391, 0.102989, 0.0430608
245.807, 1.00787, -6226.6, 1.00198, -6226.74, 0.976481, -6225.44, -0.00028337, -0.000283385, -0.000283361, 0.04, 1.11168, 0.0422394, 0.102981, 0.0430402
245.857, 1.00782, -6226.91, 1.00194, -6227.05, 0.976433, -6225.74, -0.000283384, -0.00028343, -0.000283393, 0.04, 1.11168, 0.0422392, 0.102971, 0.0430195
245.907, 1.00777, -6227.21, 1.00189, -6227.35, 0.976386, -6226.05, -0.00028336, -0.000283401, -0.000283406, 0.04, 1.11168, 0.0422392, 0.102962, 0.0429988
245.958, 1.00773, -6227.52, 1.00184, -6227.66, 0.976338, -6226.36, -0.000283381, -0.00028336, -0.000283389, 0.04, 1.11168, 0.042239, 0.102952, 0.042978
246.001, 1.00769, -6227.78, 1.0018, -6227.92, 0.976297, -6226.62, -0.00028335, -0.000283436, -0.000283411, 0.04, 1.11168, 0.0422392, 0.102944, 0.04296
246.001, 1.00769, -6227.78, 1.0018, -6227.92, 0.976297, -6226.62, -0.00028335, -0.000283436, -0.000283411, 0.04, 1.11168, 0.0422392, 0.102944, 0.04296
246.051, 1.00764, -6228.09, 1.00176, -6228.22, 0.976251, -6226.92, -0.000265831, -0.000265848, -0.000266149, 0.04, 1.11168, 0.0422394, 0.102931, 0.0429391
246.102, 1.00759, -6228.37, 1.00171, -6228.51, 0.976203, -6227.21, -0.000263088, -0.000263191, -0.000263252, 0.04, 1.11168, 0.0422393, 0.102922, 0.0429181
246.152, 1.00754, -6228.65, 1.00166, -6228.79, 0.976156, -6227.49, -0.000263112, -0.000263144, -0.000263159, 0.04, 1.11168, 0.0422393, 0.102912, 0.0428971
246.202, 1.0075, -6228.94, 1.00162, -6229.08, 0.976108, -6227.77, -0.000263121, -0.000263093, -0.000263281, 0.04, 1.11168, 0.0422394, 0.102903, 0.0428761
246.253, 1.00745, -6229.22, 1.00157, -6229.36, 0.976061, -6228.06, -0.000263105, -0.000263143, -0.0002632, 0.04, 1.11168, 0.0422394, 0.102893, 0.042855
246.303, 1.0074, -6229.51, 1.00152, -6229.64, 0.976013, -6228.34, -0.000263119, -0.000263118, -0.000263189, 0.04, 1.11168, 0.0422388, 0.102883, 0.0428339
246.353, 1.00736, -6229.79, 1.00148, -6229.93, 0.975966, -6228.63, -0.00026318, -0.000263147, -0.000263173, 0.04, 1.11168, 0.0422391, 0.102875, 0.0428128
246.404, 1.00731, -6230.07, 1.00143, -6230.21, 0.975918, -6228.91, -0.000263118, -0.000263114, -0.000263137, 0.04, 1.11168, 0.0422392, 0.102865, 0.0427917
246.454, 1.00726, -6230.34, 1.00138, -6230.48, 0.97587, -6229.18, -0.00024294, -0.000242936, -0.000242955, 0.04, 1.11168, 0.0422389, 0.102856, 0.0427706
246.504, 1.00722, -6230.6, 1.00134, -6230.74, 0.975823, -6229.44, -0.000242875, -0.000242884, -0.00024292, 0.04, 1.11168, 0.0422389, 0.102846, 0.0427496
246.555, 1.00717, -6230.86, 1.00129, -6231, 0.975775, -6229.7, -0.000242897, -0.000242841, -0.000242911, 0.04, 1.11168, 0.0422387, 0.102837, 0.0427285
246.605, 1.00712, -6231.13, 1.00124, -6231.26, 0.975728, -6229.96, -0.000242872, -0.000242906, -0.000242898, 0.04, 1.11168, 0.0422388, 0.102828, 0.0427074
246.655, 1.00708, -6231.39, 1.0012, -6231.53, 0.975686, -6230.23, -0.000242873, -0.000242929, -0.000242879, 0.04, 1.11168, 0.0422388, 0.10282, 0.0426864
246.706, 1.00704, -6231.65, 1.00116, -6231.79, 0.975644, -6230.49, -0.000242888, -0.000242892, -0.000242891, 0.04, 1.11168, 0.042239, 0.102811, 0.0426654
246.756, 1.007, -6231.91, 1.00112, -6232.05, 0.975602, -6230.75, -0.000242905, -0.000242875, -0.000242889, 0.04, 1.11168, 0.0422389, 0.102803, 0.0426445
246.807, 1.00696, -6232.18, 1.00108, -6232.31, 0.975561, -6231.01, -0.000242873, -0.000242951, -0.000242907, 0.04, 1.11168, 0.042239, 0.102795, 0.0426236
246.857, 1.00691, -6232.44, 1.00104, -6232.58, 0.975519, -6231.27, -0.000242881, -0.000242907, -0.000242919, 0.04, 1.11168, 0.0422388, 0.102787, 0.0426027
246.907, 1.00687, -6232.68, 1.001, -6232.82, 0.975477, -6231.52, -0.000222668, -0.000222655, -0.000222737, 0.04, 1.11168, 0.0422388, 0.102779, 0.0425819
246.958, 1.00683, -6232.92, 1.00096, -6233.06, 0.975435, -6231.76, -0.000222629, -0.000222712, -0.000222671, 0.04, 1.11168, 0.0422387, 0.102771, 0.0425612
247.001, 1.0068, -6233.13, 1.00092, -6233.27, 0.975399, -6231.97, -0.000222644, -0.000222694, -0.000222647, 0.04, 1.11168, 0.0422386, 0.102763, 0.0425434
247.001, 1.0068, -6233.13, 1.00092, -6233.27, 0.975399, -6231.97, -0.000222644, -0.000222694, -0.000222647, 0.04, 1.11168, 0.0422382, 0.102767, 0.0425433
247.051, 1.00676, -6233.37, 1.00088, -6233.51, 0.975358, -6232.21, -0.000222667, -0.000222668, -0.000222659, 0.04, 1.11168, 0.0422384, 0.102755, 0.0425228
247.102, 1.00671, -6233.61, 1.00084, -6233.75, 0.975316, -6232.45, -0.000222718, -0.000222659, -0.000222666, 0.04, 1.11168, 0.0422385, 0.102746, 0.0425022
247.152, 1.00668, -6233.85, 1.0008, -6233.99, 0.975277, -6232.69, -0.000222685, -0.000222656, -0.000222639, 0.04, 1.11168, 0.0422386, 0.102739, 0.0424818
247.202, 1.00664, -6234.09, 1.00077, -6234.23, 0.975242, -6232.93, -0.000222621, -0.000222657, -0.000222687, 0.04, 1.11168, 0.0422385, 0.102732, 0.0424614
247.253, 1.00661, -6234.33, 1.00073, -6234.47, 0.975206, -6233.17, -0.000222644, -0.00022261, -0.000222661, 0.04, 1.11168, 0.0422382, 0.102725, 0.0424411
247.303, 1.00657, -6234.57, 1.00069, -6234.71, 0.97517, -6233.41, -0.000222675, -0.000222691, -0.000222686, 0.04, 1.11168, 0.0422383, 0.102718, 0.0424209
247.353, 1.00653, -6234.81, 1.00066, -6234.95, 0.975134, -6233.65, -0.000222655, -0.000222619, -0.00022264, 0.04, 1.11168, 0.0422382, 0.102711, 0.0424008
247.404, 1.0065, -6235.05, 1.00062, -6235.19, 0.975098, -6233.89, -0.000222686, -0.000222655, -0.000222676, 0.04, 1.11168, 0.0422385, 0.102704, 0.0423808
247.454, 1.00646, -6235.29, 1.00059, -6235.43, 0.975062, -6234.13, -0.000222704, -0.000222547, -0.000222652, 0.04, 1.11168, 0.0422387, 0.102698, 0.042361
247.504, 1.00643, -6235.53, 1.00055, -6235.67, 0.975027, -6234.37, -0.000222616, -0.000222652, -0.000222697, 0.04, 1.11168, 0.0422384, 0.10269, 0.0423412
247.555, 1.00639, -6235.76, 1.00052, -6235.9, 0.974992, -6234.6, -0.00020239, -0.000202347, -0.000202415, 0.04, 1.11168, 0.0422381, 0.102683, 0.0423215
247.605, 1.00636, -6235.98, 1.00049, -6236.12, 0.974962, -6234.82, -0.000202505, -0.000202466, -0.000202449, 0.04, 1.11168, 0.0422383, 0.102678, 0.042302
247.656, 1.00633, -6236.2, 1.00046, -6236.34, 0.974932, -6235.04, -0.000202407, -0.000202339, -0.000202385, 0.04, 1.11168, 0.0422382, 0.102672, 0.0422826
247.706, 1.00631, -6236.42, 1.00043, -6236.56, 0.974903, -6235.26, -0.000202338, -0.000202377, -0.000202444, 0.04, 1.11168, 0.0422378, 0.102665, 0.0422633
247.756, 1.00628, -6236.64, 1.0004, -6236.78, 0.974873, -6235.47, -0.000202421, -0.000202379, -0.000202387, 0.04, 1.11168, 0.0422384, 0.10266, 0.0422442
247.807, 1.00625, -6236.86, 1.00037, -6236.99, 0.974843, -6235.69, -0.00020238, -0.000202537, -0.000202444, 0.04, 1.11168, 0.0422384, 0.102654, 0.0422252
247.857, 1.00622, -6237.07, 1.00034, -6237.21, 0.974813, -6235.91, -0.000202337, -0.000202378, -0.000202342, 0.04, 1.11168, 0.0422381, 0.102648, 0.0422064
247.907, 1.00619, -6237.29, 1.00031, -6237.43, 0.974783, -6236.13, -0.00020239, -0.000202378, -0.000202449, 0.04, 1.11168, 0.0422383, 0.102642, 0.0421877
247.958, 1.00616, -6237.51, 1.00029, -6237.65, 0.974756, -6236.35, -0.000202379, -0.000202385, -0.00020239, 0.04, 1.11168, 0.042238, 0.102637, 0.0421691
248.001, 1.00614, -6237.7, 1.00027, -6237.84, 0.974736, -6236.54, -0.000202417, -0.000202379, -0.000202495, 0.04, 1.11168, 0.0422386, 0.102633, 0.0421533
248.001, 1.00614, -6237.7, 1.00027, -6237.84, 0.974735, -6236.54, -0.000202417, -0.000202379, -0.000202495, 0.04, 1.11168, 0.0422378, 0.102636, 0.0421532
248.051, 1.00612, -6237.92, 1.00024, -6238.06, 0.974712, -6236.75, -0.000202403, -0.000202443, -0.000202338, 0.04, 1.11168, 0.0422382, 0.102628, 0.042135
248.102, 1.00609, -6238.14, 1.00022, -6238.28, 0.974688, -6236.97, -0.000202494, -0.000202381, -0.000202379, 0.04, 1.11168, 0.0422383, 0.102624, 0.0421169
248.152, 1.00607, -6238.36, 1.0002, -6238.49, 0.974664, -6237.19, -0.000202488, -0.000202337, -0.000202401, 0.04, 1.11168, 0.0422381, 0.102619, 0.0420989
248.202, 1.00605, -6238.57, 1.00017, -6238.71, 0.97464, -6237.41, -0.000202534, -0.000202443, -0.000202417, 0.04, 1.11168, 0.0422376, 0.102614, 0.042081
248.253, 1.00602, -6238.79, 1.00015, -6238.93, 0.974616, -6237.63, -0.000202376, -0.000202377, -0.00020243, 0.04, 1.11168, 0.0422381, 0.10261, 0.0420634
248.303, 1.006, -6239.01, 1.00013, -6239.15, 0.974592, -6237.85, -0.000202377, -0.000202466, -0.000202535, 0.04, 1.11168, 0.0422383, 0.102605, 0.0420459
248.353, 1.00598, -6239.23, 1.00011, -6239.37, 0.974571, -6238.07, -0.000202379, -0.000202407, -0.000202381, 0.04, 1.11168, 0.0422382, 0.1026, 0.0420286
248.404, 1.00596, -6239.45, 1.00009, -6239.59, 0.974553, -6238.29, -0.000202471, -0.000202432, -0.000202377, 0.04, 1.11168, 0.0422384, 0.102597, 0.0420114
248.454, 1.00594, -6239.67, 1.00007, -6239.81, 0.974535, -6238.5, -0.000202377, -0.000202336, -0.000202337, 0.04, 1.11168, 0.0422379, 0.102593, 0.0419945
248.504, 1.00592, -6239.89, 1.00005, -6240.02, 0.974517, -6238.72, -0.000202376, -0.000202376, -0.000202341, 0.04, 1.11168, 0.0422383, 0.10259, 0.0419777
248.555, 1.00591, -6240.1, 1.00003, -6240.24, 0.974499, -6238.94, -0.000202378, -0.000202379, -0.000202426, 0.04, 1.11168, 0.0422379, 0.102587, 0.0419611
248.605, 1.00589, -6240.32, 1.00002, -6240.46, 0.974481, -6239.16, -0.000202376, -0.000202387, -0.000202391, 0.04, 1.11168, 0.0422385, 0.102583, 0.0419446
248.656, 1.00587, -6240.54, 1, -6240.68, 0.974463, -6239.38, -0.000202386, -0.000202517, -0.000202383, 0.04, 1.11168, 0.0422382, 0.102579, 0.0419284
248.706, 1.00585, -6240.76, 0.999982, -6240.9, 0.974445, -6239.6, -0.000202376, -0.00020232, -0.000202378, 0.04, 1.11168, 0.0422381, 0.102576, 0.0419123
248.756, 1.00584, -6240.98, 0.999966, -6241.12, 0.974429, -6239.82, -0.000202303, -0.000202378, -0.00020238, 0.04, 1.11168, 0.0422381, 0.102573, 0.0418964
248.807, 1.00582, -6241.2, 0.999953, -6241.34, 0.974416, -6240.03, -0.000202422, -0.000202336, -0.000202433, 0.04, 1.11168, 0.0422378, 0.10257, 0.0418808
248.857, 1.00581, -6241.42, 0.999941, -6241.55, 0.974404, -6240.25, -0.000202284, -0.00020231, -0.000202377, 0.04, 1.11168, 0.0422381, 0.102568, 0.0418653
248.907, 1.0058, -6241.63, 0.999929, -6241.77, 0.974392, -6240.47, -0.000202436, -0.000202399, -0.000202333, 0.04, 1.11168, 0.042238, 0.102565, 0.04185
248.958, 1.00579, -6241.85, 0.999918, -6241.99, 0.97438, -6240.69, -0.000202399, -0.000202377, -0.000202379, 0.04, 1.11168, 0.042238, 0.102562, 0.0418348
249.001, 1.00578, -6242.04, 0.999908, -6242.18, 0.974369, -6240.88, -0.000202352, -0.000202376, -0.000202377, 0.04, 1.11168, 0.0422376, 0.102561, 0.041822
249.001, 1.00578, -6242.04, 0.999907, -6242.18, 0.974369, -6240.88, -0.000202352, -0.000202376, -0.000202377, 0.04, 1.11168, 0.0422379, 0.102564, 0.0418219
249.051, 1.00577, -6242.26, 0.999896, -6242.4, 0.974358, -6241.1, -0.000202341, -0.000202376, -0.000202295, 0.04, 1.11168, 0.0422385, 0.102559, 0.0418073
249.102, 1.00575, -6242.48, 0.999884, -6242.62, 0.974346, -6241.31, -0.00020233, -0.000202268, -0.000202385, 0.04, 1.11168, 0.042238, 0.102556, 0.0417927
249.152, 1.00574, -6242.7, 0.999872, -6242.83, 0.974334, -6241.53, -0.000202376, -0.000202228, -0.000202367, 0.04, 1.11168, 0.042238, 0.102553, 0.0417784
249.202, 1.00573, -6242.92, 0.999861, -6243.05, 0.974323, -6241.75, -0.000202369, -0.000202385, -0.000202397, 0.04, 1.11168, 0.0422381, 0.102552, 0.0417642
249.253, 1.00572, -6243.13, 0.999854, -6243.27, 0.974315, -6241.97, -0.000202376, -0.000202391, -0.000202417, 0.04, 1.11168, 0.0422379, 0.10255, 0.0417503
249.303, 1.00572, -6243.35, 0.999848, -6243.49, 0.974309, -6242.19, -0.000202357, -0.000202376, -0.00020237, 0.04, 1.11168, 0.0422378, 0.102548, 0.0417365
249.353, 1.00571, -6243.57, 0.999842, -6243.71, 0.974303, -6242.41, -0.000202376, -0.000202376, -0.000202376, 0.04, 1.11168, 0.0422377, 0.102547, 0.041723
249.404, 1.00571, -6243.79, 0.999836, -6243.93, 0.974297, -6242.63, -0.000202376, -0.000202294, -0.000202378, 0.04, 1.11168, 0.0422376, 0.102546, 0.0417097
249.454, 1.0057, -6244.01, 0.999831, -6244.15, 0.974291, -6242.84, -0.000202376, -0.000202376, -0.000202243, 0.04, 1.11168, 0.042238, 0.102545, 0.0416965
249.505, 1.00569, -6244.23, 0.999825, -6244.37, 0.974285, -6243.06, -0.000202345, -0.000202398, -0.000202375, 0.04, 1.11168, 0.0422375, 0.102544, 0.0416836
249.555, 1.00569, -6244.45, 0.999819, -6244.58, 0.974279, -6243.28, -0.000202381, -0.000202376, -0.000202378, 0.04, 1.11168, 0.0422382, 0.102543, 0.0416709
249.605, 1.00568, -6244.66, 0.999813, -6244.8, 0.974273, -6243.5, -0.000202376, -0.000202377, -0.000202439, 0.04, 1.11168, 0.042238, 0.102542, 0.0416584
249.656, 1.00568, -6244.88, 0.999807, -6245.02, 0.974267, -6243.72, -0.000202378, -0.000202466, -0.000202495, 0.04, 1.11168, 0.0422378, 0.102541, 0.0416461
249.706, 1.00567, -6245.1, 0.999802, -6245.24, 0.974262, -6243.94, -0.000202376, -0.000202376, -0.000202376, 0.04, 1.11168, 0.0422381, 0.10254, 0.0416339
249.756, 1.00567, -6245.32, 0.999801, -6245.46, 0.974261, -6244.16, -0.00020245, -0.000202376, -0.000202376, 0.04, 1.11168, 0.042238, 0.10254, 0.0416221
249.807, 1.00567, -6245.54, 0.999801, -6245.68, 0.974261, -6244.38, -0.000202308, -0.000202376, -0.000202361, 0.04, 1.11168, 0.0422376, 0.102539, 0.0416104
249.857, 1.00567, -6245.76, 0.999801, -6245.9, 0.974261, -6244.59, -0.000202348, -0.000202376, -0.000202376, 0.04, 1.11168, 0.0422379, 0.102539, 0.0415989
249.907, 1.00567, -6245.98, 0.999801, -6246.11, 0.974261, -6244.81, -0.000202312, -0.000202376, -0.000202376, 0.04, 1.11168, 0.0422378, 0.102539, 0.0415876
249.958, 1.00567, -6246.19, 0.999801, -6246.33, 0.974261, -6245.03, -0.000202486, -0.00020237, -0.000202525, 0.04, 1.11168, 0.042238, 0.10254, 0.0415766
250, 1.00567, -6246.38, 0.999801, -6246.52, 0.974261, -6245.21, -0.000202291, -0.000202368, -0.000202351, 0.04, 1.11168, 0.0422382, 0.102539, 0.0415674
250, 1.00567, -6246.38, 0.9998, -6246.52, 0.97426, -6245.21, -0.000202291, -0.000202368, -0.000202351, 0.04, 1.11168, 0.0422378, 0.102542, 0.0415674
250.05, 1.00567, -6246.6, 0.9998, -6246.73, 0.97426, -6245.43, -0.000202321, -0.000202358, -0.000202328, 0.04, 1.11168, 0.0422381, 0.102539, 0.0415568
250.101, 1.00567, -6246.83, 0.9998, -6246.97, 0.974261, -6245.66, -0.000222672, -0.000222565, -0.000222607, 0.04, 1.11168, 0.0422381, 0.102539, 0.0415463
250.151, 1.00567, -6247.07, 0.9998, -6247.21, 0.97426, -6245.9, -0.000222643, -0.000222731, -0.000222614, 0.04, 1.11168, 0.0422382, 0.102539, 0.041536
250.201, 1.00567, -6247.31, 0.9998, -6247.45, 0.974261, -6246.14, -0.000222578, -0.000222602, -0.000222614, 0.04, 1.11168, 0.0422379, 0.102539, 0.041526
250.252, 1.00567, -6247.55, 0.999801, -6247.69, 0.974261, -6246.39, -0.000222527, -0.000222613, -0.000222614, 0.04, 1.11168, 0.0422379, 0.102539, 0.0415161
250.302, 1.00567, -6247.79, 0.9998, -6247.93, 0.97426, -6246.63, -0.000222706, -0.000222601, -0.000222614, 0.04, 1.11168, 0.0422382, 0.102539, 0.0415065
250.352, 1.00567, -6248.03, 0.999802, -6248.17, 0.974263, -6246.87, -0.000222587, -0.000222601, -0.000222615, 0.04, 1.11168, 0.0422378, 0.102539, 0.0414971
250.403, 1.00568, -6248.27, 0.999808, -6248.41, 0.974268, -6247.11, -0.000222614, -0.000222636, -0.000222606, 0.04, 1.11168, 0.0422381, 0.10254, 0.0414879
250.453, 1.00568, -6248.51, 0.999813, -6248.65, 0.974274, -6247.35, -0.000222565, -0.000222612, -0.000222537, 0.04, 1.11168, 0.0422377, 0.102542, 0.0414788
250.504, 1.00569, -6248.75, 0.999819, -6248.89, 0.97428, -6247.59, -0.000222614, -0.000222495, -0.000222614, 0.04, 1.11168, 0.0422382, 0.102543, 0.04147
250.554, 1.0057, -6248.99, 0.999825, -6249.13, 0.974286, -6247.83, -0.000222518, -0.000222614, -0.000222608, 0.04, 1.11168, 0.042238, 0.102544, 0.0414614
250.604, 1.0057, -6249.23, 0.999831, -6249.37, 0.974291, -6248.07, -0.000222651, -0.000222619, -0.000222615, 0.04, 1.11168, 0.0422381, 0.102545, 0.041453
250.655, 1.00571, -6249.47, 0.999837, -6249.61, 0.974297, -6248.31, -0.000222621, -0.000222614, -0.000222621, 0.04, 1.11168, 0.0422381, 0.102546, 0.0414448
250.705, 1.00571, -6249.71, 0.999843, -6249.85, 0.974303, -6248.55, -0.000222606, -0.000222608, -0.000222613, 0.04, 1.11168, 0.0422383, 0.102547, 0.0414369
250.755, 1.00572, -6249.95, 0.999848, -6250.09, 0.974309, -6248.79, -0.000222626, -0.000222635, -0.000222731, 0.04, 1.11168, 0.0422381, 0.102548, 0.0414291
250.806, 1.00572, -6250.19, 0.999854, -6250.33, 0.974315, -6249.03, -0.000222612, -0.000222614, -0.000222503, 0.04, 1.11168, 0.0422377, 0.10255, 0.0414215
250.856, 1.00573, -6250.43, 0.99986, -6250.57, 0.974321, -6249.27, -0.000222614, -0.000222557, -0.000222613, 0.04, 1.11168, 0.0422379, 0.102551, 0.0414141
250.906, 1.00574, -6250.67, 0.999866, -6250.81, 0.974327, -6249.51, -0.000222595, -0.000222614, -0.000222576, 0.04, 1.11168, 0.042238, 0.102552, 0.0414069
250.957, 1.00574, -6250.91, 0.999872, -6251.05, 0.974333, -6249.75, -0.000222614, -0.00022261, -0.000222623, 0.04, 1.11168, 0.0422383, 0.102553, 0.0413999
251, 1.00575, -6251.12, 0.999877, -6251.26, 0.974338, -6249.96, -0.000222715, -0.000222614, -0.000222614, 0.04, 1.11168, 0.0422383, 0.102554, 0.041394
251, 1.00575, -6251.12, 0.999876, -6251.26, 0.974338, -6249.96, -0.000222715, -0.000222614, -0.000222614, 0.04, 1.11168, 0.042238, 0.102558, 0.041394
251.05, 1.00575, -6251.37, 0.999883, -6251.51, 0.974344, -6250.21, -0.000242831, -0.000242829, -0.000242831, 0.04, 1.11168, 0.0422378, 0.102555, 0.0413874
251.101, 1.00576, -6251.63, 0.999891, -6251.77, 0.974352, -6250.47, -0.000242813, -0.000242806, -0.00024285, 0.04, 1.11168, 0.0422381, 0.102557, 0.041381
251.151, 1.00577, -6251.9, 0.999901, -6252.04, 0.974363, -6250.73, -0.000242733, -0.000242802, -0.000242847, 0.04, 1.11168, 0.0422381, 0.102559, 0.0413748
251.201, 1.00578, -6252.16, 0.999913, -6252.3, 0.974375, -6251, -0.000242851, -0.000242832, -0.000242891, 0.04, 1.11168, 0.0422382, 0.102561, 0.0413687
251.252, 1.0058, -6252.42, 0.999924, -6252.56, 0.974387, -6251.26, -0.000242851, -0.00024285, -0.000242837, 0.04, 1.11168, 0.0422375, 0.102564, 0.0413629
251.302, 1.00581, -6252.68, 0.999936, -6252.82, 0.974399, -6251.52, -0.000242851, -0.000242851, -0.000242891, 0.04, 1.11168, 0.0422379, 0.102566, 0.0413572
251.352, 1.00582, -6252.95, 0.999948, -6253.08, 0.97441, -6251.78, -0.000242851, -0.000242851, -0.000242795, 0.04, 1.11168, 0.0422382, 0.102568, 0.0413517
251.403, 1.00583, -6253.21, 0.99996, -6253.35, 0.974422, -6252.05, -0.000242851, -0.000242794, -0.00024285, 0.04, 1.11168, 0.0422382, 0.102571, 0.0413464
251.453, 1.00584, -6253.47, 0.999971, -6253.61, 0.974434, -6252.31, -0.000242851, -0.00024284, -0.000242756, 0.04, 1.11168, 0.0422384, 0.102573, 0.0413413
251.504, 1.00585, -6253.73, 0.999983, -6253.87, 0.974446, -6252.57, -0.000242851, -0.000242846, -0.000242839, 0.04, 1.11168, 0.0422379, 0.102575, 0.0413364
251.554, 1.00587, -6254, 0.999995, -6254.13, 0.974458, -6252.83, -0.000242851, -0.000242851, -0.000242851, 0.04, 1.11168, 0.0422383, 0.102578, 0.0413317
251.604, 1.00588, -6254.26, 1.00001, -6254.4, 0.97447, -6253.09, -0.00024285, -0.000242851, -0.000242794, 0.04, 1.11168, 0.042238, 0.10258, 0.0413271
251.655, 1.00589, -6254.52, 1.00002, -6254.66, 0.974482, -6253.36, -0.000242849, -0.000242864, -0.000242851, 0.04, 1.11168, 0.0422379, 0.102582, 0.0413228
251.705, 1.0059, -6254.78, 1.00003, -6254.92, 0.974494, -6253.62, -0.000242849, -0.000242973, -0.000242868, 0.04, 1.11168, 0.0422377, 0.102584, 0.0413186
251.755, 1.00591, -6255.04, 1.00004, -6255.18, 0.974505, -6253.88, -0.000242817, -0.000242824, -0.000242837, 0.04, 1.11168, 0.0422381, 0.102587, 0.0413145
251.806, 1.00592, -6255.31, 1.00005, -6255.45, 0.974517, -6254.14, -0.000242848, -0.000242851, -0.000242693, 0.04, 1.11168, 0.042238, 0.102589, 0.0413107
251.856, 1.00594, -6255.59, 1.00006, -6255.73, 0.974529, -6254.42, -0.000263066, -0.000263088, -0.000263086, 0.04, 1.11168, 0.0422377, 0.102592, 0.041307
251.906, 1.00595, -6255.87, 1.00008, -6256.01, 0.974541, -6254.71, -0.000263068, -0.000263089, -0.000263128, 0.04, 1.11168, 0.0422382, 0.102594, 0.0413036
251.957, 1.00596, -6256.16, 1.00009, -6256.29, 0.974553, -6254.99, -0.000263028, -0.000263117, -0.000263061, 0.04, 1.11168, 0.0422382, 0.102596, 0.0413002
252, 1.00597, -6256.4, 1.0001, -6256.54, 0.974563, -6255.24, -0.000263131, -0.000263012, -0.000263088, 0.04, 1.11168, 0.0422381, 0.102598, 0.0412975
252, 1.00597, -6256.4, 1.0001, -6256.54, 0.974562, -6255.24, -0.000263131, -0.000263012, -0.000263088, 0.04, 1.11168, 0.0422378, 0.102602, 0.0412975
252.05, 1.00598, -6256.68, 1.00011, -6256.82, 0.974575, -6255.52, -0.000263089, -0.000263063, -0.000263141, 0.04, 1.11168, 0.0422383, 0.1026, 0.0412945
252.101, 1.006, -6256.97, 1.00012, -6257.11, 0.97459, -6255.8, -0.000262973, -0.000263088, -0.000263087, 0.04, 1.11168, 0.0422379, 0.102603, 0.0412916
252.151, 1.00601, -6257.25, 1.00014, -6257.39, 0.974608, -6256.09, -0.000263079, -0.000263078, -0.000263087, 0.04, 1.11168, 0.0422383, 0.102607, 0.041289
252.201, 1.00603, -6257.54, 1.00016, -6257.67, 0.974626, -6256.37, -0.000263595, -0.000263551, -0.000263642, 0.04, 1.11168, 0.042238, 0.10261, 0.0412864
252.252, 1.00605, -6257.82, 1.00018, -6257.96, 0.974644, -6256.66, -0.000263069, -0.000263089, -0.000263118, 0.04, 1.11168, 0.0422383, 0.102614, 0.0412841
252.302, 1.00607, -6258.1, 1.00019, -6258.24, 0.974662, -6256.94, -0.000263088, -0.000263087, -0.00026297, 0.04, 1.11168, 0.0422384, 0.102618, 0.0412819
252.353, 1.00608, -6258.39, 1.00021, -6258.53, 0.974679, -6257.23, -0.000263007, -0.000263079, -0.000263, 0.04, 1.11168, 0.0422384, 0.102621, 0.0412798
252.403, 1.0061, -6258.67, 1.00023, -6258.81, 0.974697, -6257.51, -0.000263085, -0.00026322, -0.000263193, 0.04, 1.11168, 0.042238, 0.102624, 0.041278
252.453, 1.00612, -6258.96, 1.00025, -6259.1, 0.974715, -6257.79, -0.000263089, -0.000262931, -0.000263021, 0.04, 1.11168, 0.0422378, 0.102628, 0.0412762
252.504, 1.00614, -6259.24, 1.00027, -6259.38, 0.974733, -6258.08, -0.000263052, -0.000263087, -0.000263066, 0.04, 1.11168, 0.0422385, 0.102631, 0.0412746
252.554, 1.00616, -6259.53, 1.00028, -6259.66, 0.974751, -6258.36, -0.000263088, -0.000263086, -0.000263067, 0.04, 1.11168, 0.0422383, 0.102635, 0.0412732
252.604, 1.00617, -6259.83, 1.0003, -6259.96, 0.974768, -6258.66, -0.00028332, -0.000283321, -0.000283321, 0.04, 1.11168, 0.042238, 0.102642, 0.0412719
252.655, 1.00619, -6260.13, 1.00032, -6260.27, 0.974785, -6258.97, -0.000283168, -0.000283299, -0.000283167, 0.04, 1.11168, 0.0422383, 0.102646, 0.0412708
252.705, 1.00621, -6260.44, 1.00033, -6260.58, 0.974803, -6259.27, -0.000283242, -0.000283172, -0.000283168, 0.04, 1.11168, 0.0422379, 0.102649, 0.0412698
252.755, 1.00623, -6260.74, 1.00035, -6260.88, 0.974821, -6259.58, -0.000283326, -0.00028319, -0.000283207, 0.04, 1.11168, 0.042238, 0.102653, 0.0412689
252.806, 1.00624, -6261.05, 1.00037, -6261.19, 0.974839, -6259.89, -0.000283438, -0.000283347, -0.000283276, 0.04, 1.11168, 0.0422381, 0.102656, 0.0412682
252.856, 1.00626, -6261.36, 1.00039, -6261.49, 0.974857, -6260.19, -0.000283323, -0.00028332, -0.0002833, 0.04, 1.11168, 0.0422378, 0.10266, 0.0412676
252.906, 1.00628, -6261.66, 1.0004, -6261.8, 0.974874, -6260.5, -0.000283326, -0.00028327, -0.000283287, 0.04, 1.11168, 0.0422383, 0.102664, 0.0412671
252.957, 1.0063, -6261.97, 1.00042, -6262.11, 0.974892, -6260.8, -0.000283318, -0.000283366, -0.000283313, 0.04, 1.11168, 0.042238, 0.102667, 0.0412668
253, 1.00631, -6262.23, 1.00044, -6262.37, 0.974908, -6261.07, -0.000283325, -0.000283325, -0.000283305, 0.04, 1.11168, 0.0422383, 0.10267, 0.0412666
253, 1.00631, -6262.23, 1.00044, -6262.37, 0.974908, -6261.07, -0.000283325, -0.000283325, -0.000283305, 0.04, 1.11168, 0.0422383, 0.10267, 0.0412666
253.05, 1.00633, -6262.54, 1.00045, -6262.67, 0.974925, -6261.37, -0.000283266, -0.000283318, -0.000283311, 0.04, 1.11168, 0.0422383, 0.102673, 0.0412666
253.101, 1.00635, -6262.84, 1.00047, -6262.98, 0.974943, -6261.68, -0.000283319, -0.000283237, -0.000283305, 0.04, 1.11168, 0.0422383, 0.102677, 0.0412666
253.151, 1.00636, -6263.15, 1.00049, -6263.29, 0.974961, -6261.98, -0.000283326, -0.000283356, -0.00028332, 0.04, 1.11168, 0.0422388, 0.10268, 0.0412668
253.201, 1.00638, -6263.45, 1.00051, -6263.59, 0.974979, -6262.29, -0.000283308, -0.000283168, -0.000283318, 0.04, 1.11168, 0.0422385, 0.102684, 0.0412671
253.252, 1.0064, -6263.76, 1.00052, -6263.9, 0.974997, -6262.6, -0.000283325, -0.000283324, -0.000283324, 0.04, 1.11168, 0.0422376, 0.102688, 0.0412675
253.302, 1.00642, -6264.07, 1.00054, -6264.2, 0.975015, -6262.9, -0.000283254, -0.000283244, -0.000283167, 0.04, 1.11168, 0.0422377, 0.102691, 0.0412681
253.353, 1.00643, -6264.38, 1.00056, -6264.52, 0.975032, -6263.21, -0.000303082, -0.000303023, -0.000303023, 0.04, 1.11168, 0.0422383, 0.102695, 0.0412687
253.403, 1.00645, -6264.71, 1.00058, -6264.84, 0.97505, -6263.54, -0.000303603, -0.000303563, -0.00030358, 0.04, 1.11168, 0.0422382, 0.102698, 0.0412695
253.453, 1.00647, -6265.03, 1.00059, -6265.17, 0.975068, -6263.87, -0.000303563, -0.000303563, -0.000303679, 0.04, 1.11168, 0.0422382, 0.102701, 0.0412704
253.504, 1.00649, -6265.36, 1.00061, -6265.5, 0.975086, -6264.2, -0.000303564, -0.000303539, -0.000303524, 0.04, 1.11168, 0.0422387, 0.102705, 0.0412714
253.554, 1.0065, -6265.69, 1.00063, -6265.83, 0.975104, -6264.53, -0.000303526, -0.000303493, -0.000303554, 0.04, 1.11168, 0.0422381, 0.102708, 0.0412725
253.604, 1.00652, -6266.02, 1.00065, -6266.16, 0.975122, -6264.85, -0.000303564, -0.000303406, -0.00030356, 0.04, 1.11168, 0.0422385, 0.102712, 0.0412737
253.655, 1.00654, -6266.35, 1.00066, -6266.48, 0.975139, -6265.18, -0.00030348, -0.000303434, -0.000303558, 0.04, 1.11168, 0.0422382, 0.102716, 0.041275
253.705, 1.00656, -6266.67, 1.00068, -6266.81, 0.975157, -6265.51, -0.00030356, -0.00030356, -0.00030359, 0.04, 1.11168, 0.0422383, 0.10272, 0.0412764
253.755, 1.00658, -6267, 1.0007, -6267.14, 0.975175, -6265.84, -0.000304306, -0.000304436, -0.000304462, 0.04, 1.11168, 0.0422385, 0.102723, 0.041278
253.806, 1.00659, -6267.33, 1.00072, -6267.47, 0.975193, -6266.17, -0.000303557, -0.000303564, -0.000303562, 0.04, 1.11168, 0.0422384, 0.102726, 0.0412795
253.856, 1.00661, -6267.66, 1.00074, -6267.8, 0.975211, -6266.49, -0.000303564, -0.000303562, -0.000303415, 0.04, 1.11168, 0.0422378, 0.10273, 0.0412813
253.906, 1.00663, -6267.98, 1.00075, -6268.12, 0.975229, -6266.82, -0.000303544, -0.000303562, -0.000303467, 0.04, 1.11168, 0.0422382, 0.102733, 0.0412831
253.957, 1.00665, -6268.31, 1.00077, -6268.45, 0.975246, -6267.15, -0.000303563, -0.00030354, -0.000303497, 0.04, 1.11168, 0.0422386, 0.102736, 0.041285
254, 1.00666, -6268.59, 1.00079, -6268.73, 0.975262, -6267.43, -0.000303564, -0.000303564, -0.000303603, 0.04, 1.11168, 0.0422382, 0.102739, 0.0412867
254, 1.00666, -6268.59, 1.00079, -6268.73, 0.975262, -6267.43, -0.000303564, -0.000303564, -0.000303603, 0.04, 1.11168, 0.0422382, 0.102739, 0.0412867
254.05, 1.00668, -6268.92, 1.0008, -6269.06, 0.97528, -6267.76, -0.000303517, -0.000303562, -0.000303431, 0.04, 1.11168, 0.0422383, 0.102743, 0.0412888
254.101, 1.0067, -6269.25, 1.00082, -6269.39, 0.975297, -6268.09, -0.000303564, -0.000303551, -0.000303458, 0.04, 1.11168, 0.0422383, 0.102746, 0.0412909
254.151, 1.00671, -6269.58, 1.00084, -6269.72, 0.975315, -6268.41, -0.000303464, -0.000303467, -0.000303529, 0.04, 1.11168, 0.0422382, 0.10275, 0.0412932
254.202, 1.00673, -6269.91, 1.00086, -6270.05, 0.975333, -6268.75, -0.000323597, -0.000323668, -0.000323569, 0.04, 1.11168, 0.0422386, 0.102753, 0.0412955
254.252, 1.00675, -6270.26, 1.00087, -6270.4, 0.975351, -6269.1, -0.000323682, -0.000323664, -0.00032379, 0.04, 1.11168, 0.0422384, 0.102757, 0.0412979
254.302, 1.00677, -6270.61, 1.00089, -6270.75, 0.975369, -6269.45, -0.000323793, -0.000323794, -0.000323794, 0.04, 1.11168, 0.0422387, 0.10276, 0.0413004
254.353, 1.00678, -6270.96, 1.00091, -6271.1, 0.975387, -6269.8, -0.000323683, -0.000323789, -0.0003238, 0.04, 1.11168, 0.0422382, 0.102764, 0.041303
254.403, 1.0068, -6271.31, 1.00093, -6271.45, 0.975404, -6270.15, -0.000323778, -0.00032388, -0.0003238, 0.04, 1.11168, 0.0422386, 0.102768, 0.0413056
254.453, 1.00682, -6271.66, 1.00094, -6271.8, 0.975422, -6270.5, -0.000323801, -0.000323801, -0.000323801, 0.04, 1.11168, 0.0422386, 0.102772, 0.0413083
254.504, 1.00684, -6272.01, 1.00096, -6272.15, 0.97544, -6270.85, -0.000323748, -0.000323796, -0.000323643, 0.04, 1.11168, 0.0422382, 0.102775, 0.041311
254.554, 1.00685, -6272.36, 1.00098, -6272.5, 0.975458, -6271.2, -0.0003238, -0.000323775, -0.000323712, 0.04, 1.11168, 0.0422386, 0.102779, 0.0413138
254.604, 1.00687, -6272.71, 1.001, -6272.85, 0.975475, -6271.55, -0.000323873, -0.000323761, -0.000323761, 0.04, 1.11168, 0.0422381, 0.102782, 0.0413168
254.655, 1.00689, -6273.06, 1.00101, -6273.2, 0.975493, -6271.9, -0.00032379, -0.000323801, -0.000323751, 0.04, 1.11168, 0.0422384, 0.102785, 0.0413198
254.705, 1.00691, -6273.41, 1.00103, -6273.55, 0.975511, -6272.25, -0.000323801, -0.000323801, -0.000323764, 0.04, 1.11168, 0.0422385, 0.102789, 0.0413228
254.755, 1.00693, -6273.76, 1.00105, -6273.9, 0.975529, -6272.6, -0.000323779, -0.000323796, -0.000323793, 0.04, 1.11168, 0.0422386, 0.102793, 0.0413259
254.806, 1.00694, -6274.11, 1.00107, -6274.25, 0.975547, -6272.95, -0.000323801, -0.00032379, -0.000323795, 0.04, 1.11168, 0.0422385, 0.102796, 0.0413291
254.856, 1.00696, -6274.46, 1.00108, -6274.6, 0.975565, -6273.3, -0.000323643, -0.000323643, -0.000323796, 0.04, 1.11168, 0.0422387, 0.102799, 0.0413323
254.906, 1.00698, -6274.81, 1.0011, -6274.95, 0.975582, -6273.65, -0.000323799, -0.000323801, -0.000323799, 0.04, 1.11168, 0.0422387, 0.102802, 0.0413356
254.957, 1.007, -6275.16, 1.00112, -6275.3, 0.9756, -6274, -0.000323841, -0.000323798, -0.0003238, 0.04, 1.11168, 0.0422384, 0.102806, 0.0413389
255, 1.00701, -6275.46, 1.00113, -6275.6, 0.975616, -6274.3, -0.00032366, -0.00032366, -0.000323799, 0.04, 1.11168, 0.042239, 0.102809, 0.0413418
255, 1.00701, -6275.46, 1.00113, -6275.6, 0.975616, -6274.3, -0.00032366, -0.00032366, -0.000323799, 0.04, 1.11168, 0.042239, 0.102809, 0.0413418
255.05, 1.00703, -6275.81, 1.00115, -6275.95, 0.975634, -6274.65, -0.0003238, -0.000323801, -0.0003238, 0.04, 1.11168, 0.0422389, 0.102813, 0.0413452
255.101, 1.00705, -6276.16, 1.00117, -6276.3, 0.975651, -6275, -0.000323802, -0.000323799, -0.0003238, 0.04, 1.11168, 0.0422385, 0.102816, 0.0413487
255.151, 1.00706, -6276.51, 1.00119, -6276.65, 0.975669, -6275.34, -0.000323788, -0.000323792, -0.000323801, 0.04, 1.11168, 0.0422387, 0.10282, 0.0413522
255.202, 1.00708, -6276.86, 1.0012, -6277, 0.975687, -6275.7, -0.000328861, -0.000328794, -0.0003289, 0.04, 1.11168, 0.0422387, 0.102824, 0.0413557
255.252, 1.0071, -6277.23, 1.00122, -6277.37, 0.975705, -6276.07, -0.000343981, -0.000344078, -0.00034392, 0.04, 1.11168, 0.0422386, 0.102827, 0.0413593
255.302, 1.00712, -6277.6, 1.00124, -6277.74, 0.975723, -6276.44, -0.000344038, -0.000344038, -0.000343976, 0.04, 1.11168, 0.0422386, 0.102831, 0.041363
255.353, 1.00713, -6277.97, 1.00126, -6278.11, 0.97574, -6276.81, -0.000343943, -0.000344035, -0.000344011, 0.04, 1.11168, 0.0422387, 0.102834, 0.0413666
255.403, 1.00715, -6278.35, 1.00127, -6278.48, 0.975758, -6277.18, -0.000344036, -0.000344001, -0.000344021, 0.04, 1.11168, 0.0422386, 0.102837, 0.0413704
255.453, 1.00717, -6278.72, 1.00129, -6278.85, 0.975776, -6277.55, -0.000344079, -0.000343921, -0.000344032, 0.04, 1.11168, 0.0422388, 0.102841, 0.0413741
255.504, 1.00719, -6279.09, 1.00131, -6279.23, 0.975794, -6277.92, -0.000344015, -0.000344039, -0.000344034, 0.04, 1.11168, 0.042239, 0.102844, 0.0413779
255.554, 1.0072, -6279.46, 1.00133, -6279.6, 0.975812, -6278.3, -0.000344039, -0.000344038, -0.000344038, 0.04, 1.11168, 0.0422388, 0.102848, 0.0413817
255.604, 1.00722, -6279.83, 1.00134, -6279.97, 0.975829, -6278.67, -0.000344, -0.000344029, -0.000344038, 0.04, 1.11168, 0.0422384, 0.102852, 0.0413856
255.655, 1.00724, -6280.2, 1.00136, -6280.34, 0.975847, -6279.04, -0.000344038, -0.00034397, -0.000344038, 0.04, 1.11168, 0.0422387, 0.102855, 0.0413895
255.705, 1.00726, -6280.57, 1.00138, -6280.71, 0.975865, -6279.41, -0.000343921, -0.000344039, -0.000344039, 0.04, 1.11168, 0.0422386, 0.102859, 0.0413934
255.755, 1.00728, -6280.95, 1.0014, -6281.08, 0.975883, -6279.78, -0.000344035, -0.000344038, -0.000343881, 0.04, 1.11168, 0.0422389, 0.102862, 0.0413973
255.806, 1.00729, -6281.32, 1.00141, -6281.46, 0.975901, -6280.15, -0.000344039, -0.000344029, -0.000343967, 0.04, 1.11168, 0.0422387, 0.102866, 0.0414012
255.856, 1.00731, -6281.69, 1.00143, -6281.83, 0.975919, -6280.53, -0.00034417, -0.000344141, -0.000344154, 0.04, 1.11168, 0.0422387, 0.102869, 0.0414052
255.907, 1.00733, -6282.06, 1.00145, -6282.2, 0.975936, -6280.9, -0.000344039, -0.000343911, -0.000344016, 0.04, 1.11168, 0.0422388, 0.102873, 0.0414092
255.957, 1.00735, -6282.43, 1.00147, -6282.57, 0.975954, -6281.27, -0.00034395, -0.000344038, -0.000344027, 0.04, 1.11168, 0.0422387, 0.102876, 0.0414132
256, 1.00736, -6282.75, 1.00148, -6282.89, 0.97597, -6281.59, -0.000344022, -0.000344001, -0.000343992, 0.04, 1.11168, 0.042239, 0.102879, 0.0414166
256, 1.00736, -6282.75, 1.00148, -6282.89, 0.97597, -6281.59, -0.000344022, -0.000344001, -0.000343992, 0.04, 1.11168, 0.042239, 0.102879, 0.0414167
256.051, 1.00738, -6283.12, 1.0015, -6283.26, 0.975987, -6281.96, -0.000344039, -0.000343881, -0.000343989, 0.04, 1.11168, 0.0422392, 0.102882, 0.0414207
256.101, 1.0074, -6283.5, 1.00152, -6283.63, 0.976005, -6282.33, -0.000343985, -0.000344039, -0.000344011, 0.04, 1.11168, 0.0422388, 0.102886, 0.0414248
256.151, 1.00741, -6283.87, 1.00153, -6284, 0.976023, -6282.7, -0.000344037, -0.000344034, -0.000344029, 0.04, 1.11168, 0.0422386, 0.10289, 0.0414288
256.202, 1.00743, -6284.24, 1.00155, -6284.38, 0.976041, -6283.07, -0.000344039, -0.00034402, -0.000344037, 0.04, 1.11168, 0.0422387, 0.102894, 0.0414329
256.252, 1.00745, -6284.61, 1.00157, -6284.75, 0.976059, -6283.45, -0.000344034, -0.000343937, -0.000344037, 0.04, 1.11168, 0.0422392, 0.102896, 0.041437
256.302, 1.00747, -6284.98, 1.00159, -6285.12, 0.976076, -6283.82, -0.000344039, -0.000344039, -0.000344038, 0.04, 1.11168, 0.0422392, 0.1029, 0.0414411
256.353, 1.00748, -6285.35, 1.0016, -6285.49, 0.976094, -6284.19, -0.000344024, -0.000344037, -0.000344038, 0.04, 1.11168, 0.0422389, 0.102904, 0.0414453
256.403, 1.0075, -6285.72, 1.00162, -6285.86, 0.976112, -6284.56, -0.000344038, -0.000344023, -0.000343881, 0.04, 1.11168, 0.0422391, 0.102907, 0.0414494
256.453, 1.00752, -6286.1, 1.00164, -6286.23, 0.97613, -6284.93, -0.000344079, -0.000343999, -0.000343942, 0.04, 1.11168, 0.0422388, 0.102911, 0.0414535
256.504, 1.00754, -6286.47, 1.00166, -6286.61, 0.976148, -6285.3, -0.000344036, -0.000344039, -0.000343943, 0.04, 1.11168, 0.0422389, 0.102915, 0.0414576
256.554, 1.00755, -6286.84, 1.00167, -6286.98, 0.976166, -6285.67, -0.000344039, -0.000344038, -0.000343989, 0.04, 1.11168, 0.0422389, 0.102918, 0.0414617
256.604, 1.00757, -6287.21, 1.00169, -6287.35, 0.976179, -6286.05, -0.00034395, -0.000343985, -0.000344039, 0.04, 1.11168, 0.042239, 0.10292, 0.0414659
256.655, 1.00758, -6287.58, 1.0017, -6287.72, 0.976191, -6286.42, -0.000343921, -0.000344032, -0.000344027, 0.04, 1.11168, 0.0422391, 0.102923, 0.0414701
256.705, 1.00759, -6287.95, 1.00171, -6288.09, 0.976203, -6286.79, -0.000349098, -0.000349098, -0.000349098, 0.04, 1.11168, 0.042239, 0.102925, 0.0414742
256.755, 1.0076, -6288.35, 1.00172, -6288.49, 0.976215, -6287.18, -0.000364277, -0.000364277, -0.00036421, 0.04, 1.11168, 0.042239, 0.102928, 0.0414783
256.806, 1.00762, -6288.74, 1.00173, -6288.88, 0.976227, -6287.58, -0.000364277, -0.000364277, -0.000364276, 0.04, 1.11168, 0.0422391, 0.10293, 0.0414824
256.856, 1.00763, -6289.13, 1.00175, -6289.27, 0.976239, -6287.97, -0.000364277, -0.000364223, -0.000364277, 0.04, 1.11168, 0.042239, 0.102933, 0.0414866
256.907, 1.00764, -6289.53, 1.00176, -6289.67, 0.976251, -6288.36, -0.000364277, -0.000364274, -0.000364274, 0.04, 1.11168, 0.0422391, 0.102934, 0.0414907
256.957, 1.00765, -6289.92, 1.00177, -6290.06, 0.976263, -6288.76, -0.000364277, -0.000364276, -0.000364277, 0.04, 1.11168, 0.0422391, 0.102937, 0.0414948
257, 1.00766, -6290.26, 1.00178, -6290.4, 0.976273, -6289.1, -0.000364277, -0.000364277, -0.000364277, 0.04, 1.11168, 0.0422391, 0.102938, 0.0414983
257, 1.00766, -6290.26, 1.00178, -6290.4, 0.976273, -6289.1, -0.000364277, -0.000364277, -0.000364277, 0.04, 1.11168, 0.0422391, 0.102938, 0.0414983
257.051, 1.00767, -6290.65, 1.00179, -6290.79, 0.976285, -6289.49, -0.000364277, -0.000364277, -0.000364273, 0.04, 1.11168, 0.042239, 0.102942, 0.0415024
257.101, 1.00768, -6291.05, 1.0018, -6291.19, 0.976297, -6289.88, -0.000364276, -0.000364277, -0.000364277, 0.04, 1.11168, 0.042239, 0.102944, 0.0415065
257.151, 1.0077, -6291.44, 1.00181, -6291.58, 0.976309, -6290.28, -0.000364275, -0.000364148, -0.000364214, 0.04, 1.11168, 0.0422391, 0.102946, 0.0415106
257.202, 1.00771, -6291.83, 1.00183, -6291.97, 0.976321, -6290.67, -0.000364276, -0.00036426, -0.000364276, 0.04, 1.11168, 0.0422391, 0.102948, 0.0415147
257.252, 1.00772, -6292.23, 1.00184, -6292.37, 0.976333, -6291.06, -0.000364274, -0.000364274, -0.000364277, 0.04, 1.11168, 0.0422391, 0.102951, 0.0415188
257.302, 1.00773, -6292.62, 1.00185, -6292.76, 0.976345, -6291.46, -0.000364268, -0.000364277, -0.000364271, 0.04, 1.11168, 0.0422391, 0.102953, 0.0415228
257.353, 1.00774, -6293.01, 1.00186, -6293.15, 0.976357, -6291.85, -0.000364257, -0.000364277, -0.000364277, 0.04, 1.11168, 0.0422392, 0.102955, 0.0415268
257.403, 1.00776, -6293.41, 1.00187, -6293.55, 0.976368, -6292.24, -0.000364236, -0.000364277, -0.000364227, 0.04, 1.11168, 0.0422391, 0.102958, 0.0415308
257.453, 1.00777, -6293.8, 1.00189, -6293.94, 0.97638, -6292.64, -0.000364197, -0.000364226, -0.000364276, 0.04, 1.11168, 0.0422392, 0.10296, 0.0415348
257.504, 1.00778, -6294.19, 1.0019, -6294.33, 0.976392, -6293.03, -0.000364119, -0.000364273, -0.000364277, 0.04, 1.11168, 0.0422391, 0.102963, 0.0415387
257.554, 1.00779, -6294.59, 1.00191, -6294.73, 0.976404, -6293.42, -0.000364306, -0.000364276, -0.000364273, 0.04, 1.11168, 0.0422392, 0.102965, 0.0415426
257.604, 1.0078, -6294.98, 1.00192, -6295.12, 0.976416, -6293.82, -0.000364277, -0.000364277, -0.000364277, 0.04, 1.11168, 0.0422391, 0.102968, 0.0415466
257.655, 1.00781, -6295.37, 1.00193, -6295.51, 0.976428, -6294.21, -0.000364277, -0.000364277, -0.000364239, 0.04, 1.11168, 0.0422392, 0.10297, 0.0415505
257.705, 1.00783, -6295.77, 1.00194, -6295.91, 0.97644, -6294.6, -0.000364277, -0.000364158, -0.000364276, 0.04, 1.11168, 0.0422392, 0.102972, 0.0415544
257.755, 1.00784, -6296.16, 1.00196, -6296.3, 0.976452, -6295, -0.000364277, -0.000364268, -0.000364277, 0.04, 1.11168, 0.0422392, 0.102974, 0.0415583
257.806, 1.00785, -6296.55, 1.00197, -6296.69, 0.976464, -6295.39, -0.000364277, -0.000364276, -0.000364273, 0.04, 1.11168, 0.0422392, 0.102977, 0.0415622
257.856, 1.00786, -6296.95, 1.00198, -6297.09, 0.976476, -6295.78, -0.000364277, -0.000364277, -0.000364277, 0.04, 1.11168, 0.0422393, 0.102979, 0.041566
257.907, 1.00787, -6297.34, 1.00199, -6297.48, 0.976487, -6296.18, -0.000364277, -0.000364277, -0.000364188, 0.04, 1.11168, 0.0422393, 0.102981, 0.0415698
257.957, 1.00788, -6297.73, 1.002, -6297.87, 0.976494, -6296.57, -0.000364276, -0.000364277, -0.000364277, 0.04, 1.11168, 0.0422393, 0.102982, 0.0415737
258, 1.00788, -6298.07, 1.002, -6298.21, 0.976499, -6296.91, -0.000364277, -0.000364119, -0.000364277, 0.04, 1.11168, 0.0422392, 0.102984, 0.0415769
258, 1.00788, -6298.07, 1.002, -6298.21, 0.976499, -6296.91, -0.000364277, -0.000364119, -0.000364277, 0.04, 1.11168, 0.0422393, 0.102983, 0.0415769
258.051, 1.00789, -6298.47, 1.00201, -6298.6, 0.976505, -6297.3, -0.000364265, -0.000364277, -0.000364276, 0.04, 1.11168, 0.0422392, 0.102985, 0.0415806
258.101, 1.0079, -6298.86, 1.00201, -6299, 0.976511, -6297.7, -0.000364277, -0.000364275, -0.000364277, 0.04, 1.11168, 0.0422392, 0.102986, 0.0415843
258.151, 1.0079, -6299.25, 1.00202, -6299.39, 0.976517, -6298.09, -0.000364236, -0.000364277, -0.000364277, 0.04, 1.11168, 0.0422392, 0.102988, 0.041588
258.202, 1.00791, -6299.65, 1.00203, -6299.78, 0.976523, -6298.48, -0.000364277, -0.000364277, -0.000364277, 0.04, 1.11168, 0.0422393, 0.102989, 0.0415917
258.252, 1.00791, -6300.04, 1.00203, -6300.18, 0.976529, -6298.88, -0.000364277, -0.000364277, -0.000364249, 0.04, 1.11168, 0.0422393, 0.102989, 0.0415953
258.302, 1.00792, -6300.43, 1.00204, -6300.57, 0.976535, -6299.27, -0.000364277, -0.000364277, -0.000364277, 0.04, 1.11168, 0.0422393, 0.10299, 0.0415989
258.353, 1.00793, -6300.83, 1.00204, -6300.96, 0.976541, -6299.66, -0.000364276, -0.000364277, -0.000364277, 0.04, 1.11168, 0.0422393, 0.102992, 0.0416024
258.403, 1.00793, -6301.22, 1.00205, -6301.36, 0.976547, -6300.06, -0.000364277, -0.000364119, -0.000364328, 0.04, 1.11168, 0.0422393, 0.102992, 0.041606
258.453, 1.00794, -6301.61, 1.00205, -6301.75, 0.976553, -6300.45, -0.000364276, -0.000364277, -0.000364265, 0.04, 1.11168, 0.0422393, 0.102994, 0.0416095
258.504, 1.00794, -6302.01, 1.00206, -6302.15, 0.976559, -6300.84, -0.000364277, -0.000364274, -0.000364277, 0.04, 1.11168, 0.0422393, 0.102995, 0.041613
258.554, 1.00795, -6302.4, 1.00207, -6302.54, 0.976564, -6301.24, -0.000364267, -0.000364277, -0.000364277, 0.04, 1.11168, 0.0422393, 0.102996, 0.0416164
258.604, 1.00796, -6302.79, 1.00207, -6302.93, 0.97657, -6301.63, -0.000364277, -0.000364277, -0.000364276, 0.04, 1.11168, 0.0422393, 0.102999, 0.0416197
258.655, 1.00796, -6303.19, 1.00208, -6303.33, 0.976577, -6302.02, -0.000364256, -0.000364277, -0.000364277, 0.04, 1.11168, 0.0422393, 0.102998, 0.041623
258.705, 1.00797, -6303.58, 1.00208, -6303.72, 0.976582, -6302.42, -0.000364277, -0.000364277, -0.000364277, 0.04, 1.11168, 0.0422393, 0.103, 0.0416263
258.756, 1.00797, -6303.97, 1.00209, -6304.11, 0.976588, -6302.81, -0.000364119, -0.000364274, -0.000364277, 0.04, 1.11168, 0.0422393, 0.103001, 0.0416295
258.806, 1.00798, -6304.37, 1.0021, -6304.51, 0.976594, -6303.2, -0.000364277, -0.000364277, -0.000364148, 0.04, 1.11168, 0.0422393, 0.103002, 0.0416328
258.856, 1.00798, -6304.76, 1.0021, -6304.9, 0.9766, -6303.6, -0.000364277, -0.000364277, -0.000364277, 0.04, 1.11168, 0.0422393, 0.103004, 0.0416359
258.907, 1.00799, -6305.15, 1.00211, -6305.29, 0.976606, -6303.99, -0.000364277, -0.000364277, -0.000364277, 0.04, 1.11168, 0.0422393, 0.103004, 0.0416391
258.957, 1.008, -6305.55, 1.00211, -6305.69, 0.976612, -6304.38, -0.000364277, -0.000364277, -0.000364262, 0.04, 1.11168, 0.0422392, 0.103005, 0.0416423
259, 1.008, -6305.89, 1.00212, -6306.02, 0.976617, -6304.72, -0.000364277, -0.000364204, -0.000364277, 0.04, 1.11168, 0.0422393, 0.103007, 0.0416449
259, 1.008, -6305.89, 1.00212, -6306.02, 0.976617, -6304.72, -0.000364277, -0.000364204, -0.000364277, 0.04, 1.11168, 0.0422394, 0.103007, 0.0416449
259.051, 1.00801, -6306.28, 1.00212, -6306.42, 0.976623, -6305.12, -0.000364277, -0.000364277, -0.000364277, 0.04, 1.11168, 0.0422393, 0.103008, 0.041648
259.101, 1.00801, -6306.67, 1.00213, -6306.81, 0.976629, -6305.51, -0.000364277, -0.000364276, -0.000364269, 0.04, 1.11168, 0.0422392, 0.103009, 0.0416511
259.151, 1.00802, -6307.07, 1.00214, -6307.2, 0.976635, -6305.9, -0.000364277, -0.000364277, -0.000364277, 0.04, 1.11168, 0.0422393, 0.103011, 0.0416541
259.202, 1.00803, -6307.46, 1.00214, -6307.6, 0.976641, -6306.3, -0.000364276, -0.000364277, -0.000364277, 0.04, 1.11168, 0.0422393, 0.103011, 0.041657
259.252, 1.00803, -6307.85, 1.00215, -6307.99, 0.976647, -6306.69, -0.000364277, -0.000364316, -0.000364275, 0.04, 1.11168, 0.0422395, 0.103013, 0.0416599
259.302, 1.00804, -6308.25, 1.00215, -6308.38, 0.976653, -6307.08, -0.000364271, -0.000364277, -0.000364277, 0.04, 1.11168, 0.0422393, 0.103014, 0.0416627
259.353, 1.00804, -6308.64, 1.00216, -6308.78, 0.976659, -6307.48, -0.000364277, -0.000364266, -0.000364277, 0.04, 1.11168, 0.0422394, 0.103015, 0.0416655
259.403, 1.00805, -6309.03, 1.00217, -6309.17, 0.976665, -6307.87, -0.000364261, -0.000364277, -0.000364276, 0.04, 1.11168, 0.0422393, 0.103016, 0.0416683
259.453, 1.00805, -6309.43, 1.00217, -6309.56, 0.976671, -6308.26, -0.000364277, -0.000364277, -0.000364188, 0.04, 1.11168, 0.0422394, 0.103018, 0.0416711
259.504, 1.00806, -6309.82, 1.00218, -6309.96, 0.976677, -6308.66, -0.00036436, -0.000364277, -0.000364277, 0.04, 1.11168, 0.0422394, 0.103019, 0.0416738
259.554, 1.00807, -6310.21, 1.00218, -6310.35, 0.976683, -6309.05, -0.000364277, -0.000364277, -0.000364277, 0.04, 1.11168, 0.0422395, 0.10302, 0.0416765
259.604, 1.00807, -6310.61, 1.00219, -6310.75, 0.976689, -6309.44, -0.00036418, -0.000364264, -0.000364266, 0.04, 1.11168, 0.0422395, 0.103021, 0.0416792
259.655, 1.00808, -6311, 1.00219, -6311.14, 0.976695, -6309.84, -0.000364277, -0.000364277, -0.000364277, 0.04, 1.11168, 0.0422394, 0.103022, 0.0416818
259.705, 1.00808, -6311.39, 1.0022, -6311.53, 0.976698, -6310.23, -0.000364277, -0.000364253, -0.000364276, 0.04, 1.11168, 0.0422394, 0.103023, 0.0416843
259.756, 1.00808, -6311.79, 1.0022, -6311.93, 0.976697, -6310.62, -0.000364277, -0.000364231, -0.000364277, 0.04, 1.11168, 0.0422395, 0.103023, 0.0416868
259.806, 1.00808, -6312.18, 1.0022, -6312.32, 0.976698, -6311.02, -0.000364277, -0.000364273, -0.000364277, 0.04, 1.11168, 0.0422394, 0.103023, 0.0416893
259.856, 1.00808, -6312.57, 1.0022, -6312.71, 0.976698, -6311.41, -0.000364277, -0.000364274, -0.000364277, 0.04, 1.11168, 0.0422395, 0.103023, 0.0416917
259.907, 1.00808, -6312.97, 1.0022, -6313.11, 0.976697, -6311.8, -0.000364277, -0.000364435, -0.000364277, 0.04, 1.11168, 0.0422392, 0.103022, 0.0416941
259.957, 1.00808, -6313.36, 1.0022, -6313.5, 0.976698, -6312.2, -0.000364277, -0.000364277, -0.000364277, 0.04, 1.11168, 0.0422393, 0.103023, 0.0416965
260, 1.00808, -6313.7, 1.0022, -6313.84, 0.976698, -6312.54, -0.000364277, -0.000364277, -0.000364277, 0.04, 1.11168, 0.0422394, 0.103023, 0.0416985
260, 1.00808, -6313.7, 1.0022, -6313.84, 0.976698, -6312.54, -0.000364277, -0.000364277, -0.000364277, 0.04, 1.11168, 0.0422394, 0.103023, 0.0416985
260.051, 1.00808, -6314.09, 1.0022, -6314.23, 0.976698, -6312.93, -0.000364277, -0.000364271, -0.000364277, 0.04, 1.11168, 0.0422394, 0.103023, 0.0417007
260.101, 1.00808, -6314.49, 1.0022, -6314.62, 0.976698, -6313.32, -0.000364308, -0.000364225, -0.000364277, 0.04, 1.11168, 0.0422395, 0.103023, 0.0417029
260.151, 1.00808, -6314.88, 1.0022, -6315.02, 0.976697, -6313.72, -0.000364277, -0.000364406, -0.000364277, 0.04, 1.11168, 0.0422394, 0.103023, 0.0417052
260.202, 1.00808, -6315.27, 1.0022, -6315.41, 0.976698, -6314.11, -0.000364277, -0.000364255, -0.000364277, 0.04, 1.11168, 0.0422394, 0.103023, 0.0417073
260.252, 1.00808, -6315.67, 1.0022, -6315.8, 0.976697, -6314.5, -0.000364277, -0.000364434, -0.000364277, 0.04, 1.11168, 0.0422396, 0.103023, 0.0417095
260.302, 1.00808, -6316.06, 1.0022, -6316.2, 0.976697, -6314.9, -0.000364277, -0.000364246, -0.000364277, 0.04, 1.11168, 0.0422393, 0.103022, 0.0417115
260.353, 1.00808, -6316.45, 1.0022, -6316.59, 0.976697, -6315.29, -0.000364277, -0.000364225, -0.000364277, 0.04, 1.11168, 0.0422395, 0.103022, 0.0417136
260.403, 1.00808, -6316.85, 1.0022, -6316.98, 0.976698, -6315.68, -0.000364277, -0.0003642, -0.000364277, 0.04, 1.11168, 0.0422394, 0.103022, 0.0417155
260.453, 1.00808, -6317.24, 1.0022, -6317.38, 0.976698, -6316.08, -0.000364277, -0.000364272, -0.000364277, 0.04, 1.11168, 0.0422397, 0.103023, 0.0417175
260.504, 1.00808, -6317.63, 1.0022, -6317.77, 0.976698, -6316.47, -0.000364277, -0.000364272, -0.000364273, 0.04, 1.11168, 0.0422395, 0.103023, 0.0417194
260.554, 1.00808, -6318.03, 1.0022, -6318.17, 0.976698, -6316.86, -0.000364277, -0.000364255, -0.000364277, 0.04, 1.11168, 0.0422391, 0.103022, 0.0417213
260.605, 1.00808, -6318.42, 1.0022, -6318.56, 0.976698, -6317.26, -0.000364277, -0.000364433, -0.000364277, 0.04, 1.11168, 0.0422395, 0.103023, 0.0417231
260.655, 1.00808, -6318.81, 1.0022, -6318.95, 0.976697, -6317.65, -0.000364277, -0.000364235, -0.000364277, 0.04, 1.11168, 0.0422394, 0.103023, 0.0417249
260.705, 1.00808, -6319.21, 1.0022, -6319.35, 0.976698, -6318.04, -0.000364277, -0.00036426, -0.000364277, 0.04, 1.11168, 0.0422394, 0.103022, 0.0417266
260.756, 1.00808, -6319.6, 1.0022, -6319.74, 0.976698, -6318.44, -0.000364277, -0.000364227, -0.000364277, 0.04, 1.11168, 0.0422397, 0.103023, 0.0417284
260.806, 1.00808, -6319.99, 1.0022, -6320.13, 0.976697, -6318.83, -0.000364277, -0.000364276, -0.000364277, 0.04, 1.11168, 0.0422392, 0.103023, 0.04173
260.856, 1.00808, -6320.39, 1.0022, -6320.53, 0.976698, -6319.22, -0.000364277, -0.000364217, -0.000364277, 0.04, 1.11168, 0.0422395, 0.103023, 0.0417316
260.907, 1.00808, -6320.78, 1.0022, -6320.92, 0.976698, -6319.62, -0.000364277, -0.000364215, -0.000364277, 0.04, 1.11168, 0.0422394, 0.103023, 0.0417332
260.957, 1.00808, -6321.17, 1.0022, -6321.31, 0.976698, -6320.01, -0.000364279, -0.000364414, -0.000364277, 0.04, 1.11168, 0.0422395, 0.103023, 0.0417348
261, 1.00808, -6321.51, 1.0022, -6321.65, 0.976698, -6320.35, -0.000364282, -0.000364223, -0.000364277, 0.04, 1.11168, 0.0422397, 0.103023, 0.0417361
261, 1.00808, -6321.51, 1.0022, -6321.65, 0.976698, -6320.35, -0.000364282, -0.000364223, -0.000364277, 0.04, 1.11168, 0.0422397, 0.103023, 0.0417361
261.051, 1.00808, -6321.91, 1.0022, -6322.04, 0.976698, -6320.74, -0.000364277, -0.00036419, -0.000364277, 0.04, 1.11168, 0.0422394, 0.103023, 0.0417376
261.101, 1.00808, -6322.3, 1.0022, -6322.44, 0.976698, -6321.13, -0.000364306, -0.000364194, -0.000364277, 0.04, 1.11168, 0.0422394, 0.103022, 0.041739
261.151, 1.00808, -6322.69, 1.0022, -6322.83, 0.976698, -6321.53, -0.000364277, -0.000364226, -0.000364277, 0.04, 1.11168, 0.0422394, 0.103023, 0.0417404
261.202, 1.00808, -6323.09, 1.0022, -6323.22, 0.976698, -6321.92, -0.000364277, -0.000364263, -0.000364277, 0.04, 1.11168, 0.0422391, 0.103022, 0.0417417
261.252, 1.00808, -6323.48, 1.0022, -6323.62, 0.976697, -6322.32, -0.000364279, -0.000364264, -0.000364277, 0.04, 1.11168, 0.0422392, 0.103022, 0.041743
261.302, 1.00808, -6323.87, 1.0022, -6324.01, 0.976698, -6322.71, -0.000364277, -0.000364274, -0.000364277, 0.04, 1.11168, 0.0422397, 0.103023, 0.0417443
261.353, 1.00808, -6324.27, 1.0022, -6324.4, 0.976697, -6323.1, -0.000364277, -0.000364276, -0.000364277, 0.04, 1.11168, 0.0422394, 0.103023, 0.0417456
261.403, 1.00808, -6324.66, 1.0022, -6324.8, 0.976698, -6323.5, -0.000364317, -0.000364267, -0.000364276, 0.04, 1.11168, 0.0422396, 0.103023, 0.0417468
261.453, 1.00808, -6325.05, 1.0022, -6325.19, 0.976697, -6323.89, -0.000364277, -0.000364235, -0.000364277, 0.04, 1.11168, 0.0422394, 0.103023, 0.041748
261.504, 1.00808, -6325.45, 1.0022, -6325.58, 0.976698, -6324.28, -0.000364283, -0.000364247, -0.000364277, 0.04, 1.11168, 0.0422392, 0.103023, 0.0417491
261.554, 1.00808, -6325.84, 1.0022, -6325.98, 0.976698, -6324.68, -0.000364299, -0.000364259, -0.000364277, 0.04, 1.11168, 0.0422397, 0.103023, 0.0417502
261.605, 1.00808, -6326.23, 1.0022, -6326.37, 0.976698, -6325.07, -0.000364309, -0.000364258, -0.000364277, 0.04, 1.11168, 0.0422397, 0.103023, 0.0417513
261.655, 1.00808, -6326.63, 1.0022, -6326.77, 0.976697, -6325.46, -0.000364277, -0.000364242, -0.000364277, 0.04, 1.11168, 0.0422396, 0.103023, 0.0417523
261.705, 1.00808, -6327.02, 1.0022, -6327.16, 0.976698, -6325.86, -0.000364277, -0.000364213, -0.000364277, 0.04, 1.11168, 0.0422398, 0.103023, 0.0417532
261.756, 1.00808, -6327.41, 1.0022, -6327.55, 0.976697, -6326.25, -0.000364277, -0.000364216, -0.000364277, 0.04, 1.11168, 0.0422393, 0.103022, 0.0417542
261.806, 1.00808, -6327.81, 1.0022, -6327.95, 0.976698, -6326.64, -0.000364309, -0.000364275, -0.000364277, 0.04, 1.11168, 0.0422395, 0.103023, 0.0417551
261.856, 1.00808, -6328.2, 1.0022, -6328.34, 0.976697, -6327.04, -0.000364278, -0.000364238, -0.000364277, 0.04, 1.11168, 0.0422394, 0.103023, 0.041756
261.907, 1.00808, -6328.59, 1.0022, -6328.73, 0.976697, -6327.43, -0.000364279, -0.000364267, -0.000364276, 0.04, 1.11168, 0.0422394, 0.103023, 0.0417569
261.957, 1.00808, -6328.98, 1.0022, -6329.12, 0.976698, -6327.82, -0.000344204, -0.00034416, -0.000344191, 0.04, 1.11168, 0.0422393, 0.103023, 0.0417576
262, 1.00808, -6329.3, 1.0022, -6329.44, 0.976698, -6328.13, -0.000344039, -0.00034398, -0.000344022, 0.04, 1.11168, 0.0422396, 0.103023, 0.0417583
262, 1.00808, -6329.3, 1.0022, -6329.44, 0.976698, -6328.13, -0.000344039, -0.00034398, -0.000344022, 0.04, 1.11168, 0.0422396, 0.103023, 0.0417583
262.051, 1.00808, -6329.67, 1.0022, -6329.81, 0.976697, -6328.51, -0.000344079, -0.000344035, -0.000344039, 0.04, 1.11168, 0.0422393, 0.103023, 0.041759
262.101, 1.00808, -6330.04, 1.0022, -6330.18, 0.976697, -6328.88, -0.000344079, -0.000344012, -0.000344039, 0.04, 1.11168, 0.0422393, 0.103023, 0.0417598
262.151, 1.00808, -6330.41, 1.0022, -6330.55, 0.976698, -6329.25, -0.000344039, -0.000343981, -0.000344009, 0.04, 1.11168, 0.0422395, 0.103022, 0.0417604
262.202, 1.00808, -6330.79, 1.0022, -6330.92, 0.976697, -6329.62, -0.000344041, -0.000343973, -0.000344039, 0.04, 1.11168, 0.0422395, 0.103023, 0.0417611
262.252, 1.00808, -6331.16, 1.0022, -6331.29, 0.976698, -6329.99, -0.000344049, -0.000344152, -0.00034417, 0.04, 1.11168, 0.04224, 0.103023, 0.0417617
262.302, 1.00808, -6331.53, 1.0022, -6331.67, 0.976698, -6330.36, -0.000344042, -0.000344029, -0.000344032, 0.04, 1.11168, 0.0422394, 0.103022, 0.0417622
262.353, 1.00808, -6331.9, 1.0022, -6332.04, 0.976697, -6330.74, -0.000344076, -0.000344016, -0.000344022, 0.04, 1.11168, 0.0422398, 0.103023, 0.0417628
262.403, 1.00808, -6332.27, 1.0022, -6332.41, 0.976698, -6331.11, -0.000343882, -0.000343991, -0.000344038, 0.04, 1.11168, 0.0422398, 0.103023, 0.0417633
262.454, 1.00808, -6332.64, 1.0022, -6332.78, 0.976698, -6331.48, -0.00034405, -0.000344158, -0.000344197, 0.04, 1.11168, 0.0422394, 0.103023, 0.0417638
262.504, 1.00808, -6333.01, 1.0022, -6333.15, 0.976698, -6331.85, -0.000344039, -0.000343958, -0.000344034, 0.04, 1.11168, 0.0422395, 0.103023, 0.0417642
262.554, 1.00808, -6333.39, 1.0022, -6333.52, 0.976697, -6332.22, -0.000344059, -0.000344186, -0.000344194, 0.04, 1.11168, 0.0422396, 0.103023, 0.0417647
262.605, 1.00808, -6333.76, 1.0022, -6333.9, 0.976695, -6332.59, -0.000344042, -0.000344074, -0.000344112, 0.04, 1.11168, 0.0422395, 0.103023, 0.0417651
262.655, 1.00807, -6334.13, 1.00219, -6334.27, 0.97669, -6332.97, -0.000344037, -0.000344039, -0.000344039, 0.04, 1.11168, 0.0422396, 0.103022, 0.0417654
262.705, 1.00807, -6334.5, 1.00218, -6334.64, 0.976684, -6333.34, -0.000344103, -0.000343977, -0.000344133, 0.04, 1.11168, 0.0422395, 0.10302, 0.0417657
262.756, 1.00806, -6334.87, 1.00218, -6335.01, 0.976678, -6333.71, -0.000344039, -0.000344039, -0.000344039, 0.04, 1.11168, 0.0422393, 0.103019, 0.041766
262.806, 1.00806, -6335.24, 1.00217, -6335.38, 0.976672, -6334.08, -0.00034405, -0.000344048, -0.000344039, 0.04, 1.11168, 0.0422394, 0.103018, 0.0417663
262.856, 1.00805, -6335.62, 1.00217, -6335.75, 0.976667, -6334.45, -0.000344039, -0.000344039, -0.000344046, 0.04, 1.11168, 0.0422394, 0.103017, 0.0417665
262.907, 1.00804, -6335.99, 1.00216, -6336.13, 0.976661, -6334.82, -0.000343968, -0.000344039, -0.000344029, 0.04, 1.11168, 0.042239, 0.103015, 0.0417668
262.957, 1.00804, -6336.36, 1.00216, -6336.5, 0.976655, -6335.19, -0.000344039, -0.000344119, -0.000344039, 0.04, 1.11168, 0.0422398, 0.103014, 0.041767
263, 1.00803, -6336.68, 1.00215, -6336.82, 0.97665, -6335.51, -0.000344031, -0.000344039, -0.000344074, 0.04, 1.11168, 0.0422395, 0.103014, 0.0417671
263, 1.00803, -6336.68, 1.00215, -6336.82, 0.976649, -6335.51, -0.000344031, -0.000344039, -0.000344074, 0.04, 1.11168, 0.0422395, 0.103014, 0.0417671
263.051, 1.00803, -6337.05, 1.00214, -6337.19, 0.976644, -6335.89, -0.000344044, -0.000343919, -0.000344, 0.04, 1.11168, 0.0422395, 0.103013, 0.0417672
263.101, 1.00802, -6337.42, 1.00214, -6337.56, 0.976638, -6336.26, -0.000344197, -0.000344197, -0.000344039, 0.04, 1.11168, 0.0422399, 0.103011, 0.0417673
263.151, 1.00802, -6337.79, 1.00213, -6337.93, 0.976633, -6336.63, -0.00034408, -0.00034409, -0.00034408, 0.04, 1.11168, 0.0422393, 0.10301, 0.0417674
263.202, 1.00802, -6338.17, 1.00213, -6338.3, 0.976632, -6337, -0.00034404, -0.00034404, -0.000344039, 0.04, 1.11168, 0.0422393, 0.10301, 0.0417675
263.252, 1.00801, -6338.54, 1.00213, -6338.67, 0.976626, -6337.37, -0.000344039, -0.000344039, -0.000344166, 0.04, 1.11168, 0.0422395, 0.103009, 0.0417675
263.302, 1.00801, -6338.91, 1.00212, -6339.05, 0.976622, -6337.74, -0.000343913, -0.000344049, -0.000344039, 0.04, 1.11168, 0.0422389, 0.103008, 0.0417675
263.353, 1.008, -6339.28, 1.00212, -6339.42, 0.976618, -6338.12, -0.000344039, -0.000344039, -0.000344039, 0.04, 1.11168, 0.0422391, 0.103007, 0.0417675
263.403, 1.008, -6339.65, 1.00212, -6339.79, 0.976614, -6338.49, -0.000344039, -0.000344105, -0.000344041, 0.04, 1.11168, 0.0422396, 0.103006, 0.0417675
263.454, 1.008, -6340.02, 1.00211, -6340.16, 0.976611, -6338.86, -0.000343994, -0.000344039, -0.00034403, 0.04, 1.11168, 0.042239, 0.103006, 0.0417674
263.504, 1.00799, -6340.39, 1.00211, -6340.53, 0.976607, -6339.23, -0.00034404, -0.000344196, -0.000344041, 0.04, 1.11168, 0.0422394, 0.103005, 0.0417673
263.554, 1.00799, -6340.77, 1.0021, -6340.9, 0.976603, -6339.6, -0.000344039, -0.00034408, -0.000344039, 0.04, 1.11168, 0.042239, 0.103004, 0.0417671
263.605, 1.00798, -6341.14, 1.0021, -6341.28, 0.976599, -6339.97, -0.000344184, -0.000344039, -0.000344105, 0.04, 1.11168, 0.0422391, 0.103003, 0.041767
263.655, 1.00798, -6341.51, 1.0021, -6341.65, 0.976595, -6340.34, -0.000344063, -0.000343988, -0.000344039, 0.04, 1.11168, 0.0422392, 0.103002, 0.0417668
263.705, 1.00798, -6341.88, 1.00209, -6342.02, 0.976591, -6340.72, -0.000344039, -0.00034404, -0.000344141, 0.04, 1.11168, 0.0422393, 0.103002, 0.0417666
263.756, 1.00797, -6342.25, 1.00209, -6342.39, 0.976588, -6341.09, -0.000344023, -0.000344039, -0.000344039, 0.04, 1.11168, 0.0422394, 0.103001, 0.0417664
263.806, 1.00797, -6342.62, 1.00209, -6342.76, 0.976584, -6341.46, -0.000344082, -0.000344114, -0.000344173, 0.04, 1.11168, 0.0422393, 0.103001, 0.0417662
263.856, 1.00796, -6343, 1.00208, -6343.13, 0.97658, -6341.83, -0.000344039, -0.000344039, -0.00034404, 0.04, 1.11168, 0.0422393, 0.102999, 0.041766
263.907, 1.00796, -6343.37, 1.00208, -6343.5, 0.976577, -6342.2, -0.000344039, -0.000344036, -0.000344036, 0.04, 1.11168, 0.0422394, 0.102999, 0.0417657
263.957, 1.00796, -6343.74, 1.00208, -6343.88, 0.976574, -6342.57, -0.000344157, -0.000344097, -0.000344101, 0.04, 1.11168, 0.0422393, 0.102998, 0.0417654
264, 1.00796, -6344.06, 1.00207, -6344.2, 0.97657, -6342.89, -0.000344064, -0.000344044, -0.000344039, 0.04, 1.11168, 0.0422394, 0.102998, 0.0417652
264, 1.00796, -6344.06, 1.00207, -6344.2, 0.97657, -6342.89, -0.000344064, -0.000344044, -0.000344039, 0.04, 1.11168, 0.0422394, 0.102998, 0.0417652
264.051, 1.00795, -6344.43, 1.00207, -6344.57, 0.976567, -6343.26, -0.00034404, -0.000344039, -0.000344027, 0.04, 1.11168, 0.0422395, 0.102997, 0.0417649
264.101, 1.00795, -6344.8, 1.00207, -6344.94, 0.976564, -6343.64, -0.000344022, -0.000343952, -0.000344042, 0.04, 1.11168, 0.0422396, 0.102996, 0.0417646
264.151, 1.00795, -6345.17, 1.00206, -6345.31, 0.976561, -6344.01, -0.00034416, -0.000344042, -0.000344039, 0.04, 1.11168, 0.0422392, 0.102996, 0.0417643
264.202, 1.00794, -6345.54, 1.00206, -6345.68, 0.976558, -6344.38, -0.000343905, -0.00034401, -0.000343919, 0.04, 1.11168, 0.0422395, 0.102995, 0.0417638
264.252, 1.00794, -6345.92, 1.00206, -6346.05, 0.976554, -6344.75, -0.000344039, -0.000344155, -0.000344039, 0.04, 1.11168, 0.0422392, 0.102995, 0.0417634
264.303, 1.00794, -6346.29, 1.00205, -6346.42, 0.976551, -6345.12, -0.000344039, -0.000344044, -0.000344039, 0.04, 1.11168, 0.0422392, 0.102994, 0.0417629
264.353, 1.00793, -6346.66, 1.00205, -6346.8, 0.976548, -6345.49, -0.000344013, -0.000344039, -0.000343962, 0.04, 1.11168, 0.0422392, 0.102993, 0.0417624
264.403, 1.00793, -6347.03, 1.00205, -6347.17, 0.976545, -6345.87, -0.000344056, -0.000344188, -0.000344039, 0.04, 1.11168, 0.0422395, 0.102992, 0.041762
264.454, 1.00793, -6347.4, 1.00204, -6347.54, 0.976542, -6346.24, -0.000344039, -0.000344043, -0.000344027, 0.04, 1.11168, 0.042239, 0.102992, 0.0417615
264.504, 1.00792, -6347.77, 1.00204, -6347.91, 0.976539, -6346.61, -0.000344039, -0.000344039, -0.000344043, 0.04, 1.11168, 0.0422391, 0.102991, 0.0417611
264.554, 1.00792, -6348.14, 1.00204, -6348.28, 0.976535, -6346.98, -0.000343959, -0.000343995, -0.000344039, 0.04, 1.11168, 0.042239, 0.102991, 0.0417605
264.605, 1.00792, -6348.52, 1.00203, -6348.65, 0.976532, -6347.35, -0.000344083, -0.000344044, -0.000344128, 0.04, 1.11168, 0.0422392, 0.10299, 0.04176
264.655, 1.00791, -6348.89, 1.00203, -6349.03, 0.976529, -6347.72, -0.000344039, -0.000344039, -0.000344042, 0.04, 1.11168, 0.0422395, 0.10299, 0.0417594
264.705, 1.00791, -6349.26, 1.00203, -6349.4, 0.976525, -6348.09, -0.000344039, -0.000344157, -0.000344175, 0.04, 1.11168, 0.0422391, 0.102989, 0.0417589
264.756, 1.00791, -6349.63, 1.00202, -6349.77, 0.976522, -6348.47, -0.000343985, -0.000344077, -0.000343927, 0.04, 1.11168, 0.0422389, 0.102988, 0.0417583
264.806, 1.0079, -6350, 1.00202, -6350.14, 0.976519, -6348.84, -0.000343882, -0.000344039, -0.000344039, 0.04, 1.11168, 0.0422394, 0.102988, 0.0417578
264.856, 1.0079, -6350.37, 1.00202, -6350.51, 0.976516, -6349.21, -0.000344039, -0.000344023, -0.000344013, 0.04, 1.11168, 0.0422393, 0.102987, 0.0417572
264.907, 1.0079, -6350.75, 1.00202, -6350.88, 0.976513, -6349.58, -0.00034401, -0.00034408, -0.000344046, 0.04, 1.11168, 0.0422392, 0.102987, 0.0417566
264.957, 1.0079, -6351.12, 1.00201, -6351.26, 0.97651, -6349.95, -0.000343946, -0.000344039, -0.000344039, 0.04, 1.11168, 0.0422394, 0.102986, 0.0417561
265, 1.00789, -6351.44, 1.00201, -6351.57, 0.976507, -6350.27, -0.000343892, -0.000344039, -0.000343944, 0.04, 1.11168, 0.0422395, 0.102985, 0.0417555
265, 1.00789, -6351.44, 1.00201, -6351.57, 0.976507, -6350.27, -0.000343892, -0.000344039, -0.000343944, 0.04, 1.11168, 0.0422395, 0.102985, 0.0417555
265.051, 1.00789, -6351.81, 1.00201, -6351.95, 0.976504, -6350.64, -0.000344039, -0.000344131, -0.00034404, 0.04, 1.11168, 0.0422391, 0.102985, 0.0417549
265.101, 1.00789, -6352.18, 1.002, -6352.32, 0.976501, -6351.02, -0.000344039, -0.000344039, -0.000344039, 0.04, 1.11168, 0.0422392, 0.102984, 0.0417542
265.151, 1.00788, -6352.55, 1.002, -6352.69, 0.976498, -6351.39, -0.000344016, -0.000344039, -0.000344179, 0.04, 1.11168, 0.0422391, 0.102983, 0.0417536
265.202, 1.00788, -6352.92, 1.002, -6353.06, 0.976495, -6351.76, -0.00034409, -0.000344027, -0.00034404, 0.04, 1.11168, 0.0422386, 0.102983, 0.0417529
265.252, 1.00788, -6353.29, 1.002, -6353.43, 0.976492, -6352.13, -0.000344039, -0.000344074, -0.00034401, 0.04, 1.11168, 0.0422388, 0.102982, 0.0417523
265.303, 1.00787, -6353.67, 1.00199, -6353.8, 0.976489, -6352.5, -0.000344, -0.000344039, -0.000344096, 0.04, 1.11168, 0.0422392, 0.102982, 0.0417516
265.353, 1.00787, -6354.04, 1.00199, -6354.18, 0.976486, -6352.87, -0.000344039, -0.000344039, -0.000344069, 0.04, 1.11168, 0.042239, 0.102981, 0.041751
265.403, 1.00787, -6354.41, 1.00199, -6354.55, 0.976483, -6353.25, -0.000344088, -0.000344127, -0.000344039, 0.04, 1.11168, 0.0422392, 0.102981, 0.0417503
265.454, 1.00787, -6354.78, 1.00198, -6354.92, 0.97648, -6353.62, -0.000344084, -0.000344039, -0.000343927, 0.04, 1.11168, 0.0422397, 0.10298, 0.0417496
265.504, 1.00786, -6355.15, 1.00198, -6355.29, 0.976477, -6353.99, -0.000344039, -0.000344039, -0.000344039, 0.04, 1.11168, 0.0422386, 0.10298, 0.0417489
265.554, 1.00786, -6355.52, 1.00198, -6355.66, 0.976474, -6354.36, -0.000344037, -0.00034402, -0.000344039, 0.04, 1.11168, 0.0422391, 0.102979, 0.0417482
265.605, 1.00786, -6355.9, 1.00197, -6356.03, 0.976471, -6354.73, -0.000344126, -0.000344072, -0.000344089, 0.04, 1.11168, 0.0422395, 0.102978, 0.0417474
265.655, 1.00785, -6356.27, 1.00197, -6356.41, 0.976468, -6355.1, -0.000344045, -0.000344044, -0.000344039, 0.04, 1.11168, 0.0422391, 0.102978, 0.0417467
265.705, 1.00785, -6356.64, 1.00197, -6356.78, 0.976466, -6355.47, -0.000344039, -0.000344039, -0.000343997, 0.04, 1.11168, 0.0422393, 0.102977, 0.0417459
265.756, 1.00785, -6357.01, 1.00197, -6357.15, 0.976463, -6355.85, -0.000344039, -0.000343951, -0.000344053, 0.04, 1.11168, 0.0422396, 0.102976, 0.0417452
265.806, 1.00785, -6357.38, 1.00196, -6357.52, 0.97646, -6356.22, -0.000343968, -0.000344048, -0.000344039, 0.04, 1.11168, 0.0422392, 0.102976, 0.0417444
265.856, 1.00784, -6357.75, 1.00196, -6357.89, 0.976457, -6356.59, -0.000344115, -0.000344039, -0.000344039, 0.04, 1.11168, 0.0422392, 0.102975, 0.0417437
265.907, 1.00784, -6358.12, 1.00196, -6358.26, 0.976454, -6356.96, -0.000344039, -0.000344012, -0.000344059, 0.04, 1.11168, 0.0422392, 0.102975, 0.041743
265.957, 1.00784, -6358.5, 1.00196, -6358.63, 0.976452, -6357.33, -0.000344039, -0.00034406, -0.000344039, 0.04, 1.11168, 0.0422394, 0.102974, 0.0417422
266, 1.00784, -6358.82, 1.00195, -6358.95, 0.97645, -6357.65, -0.000344039, -0.000344052, -0.000344039, 0.04, 1.11168, 0.0422392, 0.102974, 0.0417416
266, 1.00784, -6358.82, 1.00195, -6358.95, 0.97645, -6357.65, -0.000344039, -0.000344052, -0.000344039, 0.04, 1.11168, 0.0422392, 0.102974, 0.0417416
266.051, 1.00783, -6359.19, 1.00195, -6359.33, 0.976447, -6358.02, -0.000343988, -0.000344039, -0.000343972, 0.04, 1.11168, 0.0422394, 0.102973, 0.0417408
266.101, 1.00783, -6359.56, 1.00195, -6359.7, 0.976444, -6358.4, -0.000343907, -0.000344002, -0.000344062, 0.04, 1.11168, 0.0422391, 0.102973, 0.04174
266.152, 1.00783, -6359.93, 1.00195, -6360.07, 0.976442, -6358.77, -0.000344039, -0.000344065, -0.000344039, 0.04, 1.11168, 0.0422392, 0.102972, 0.0417392
266.202, 1.00783, -6360.3, 1.00194, -6360.44, 0.976439, -6359.14, -0.000344039, -0.000344039, -0.000344033, 0.04, 1.11168, 0.0422391, 0.102972, 0.0417384
266.252, 1.00782, -6360.67, 1.00194, -6360.81, 0.976437, -6359.51, -0.000344037, -0.000344039, -0.000344045, 0.04, 1.11168, 0.0422393, 0.102971, 0.0417375
266.303, 1.00782, -6361.05, 1.00194, -6361.18, 0.976434, -6359.88, -0.000343953, -0.000343992, -0.000344039, 0.04, 1.11168, 0.0422394, 0.102971, 0.0417367
266.353, 1.00782, -6361.42, 1.00194, -6361.56, 0.976431, -6360.25, -0.000344039, -0.000344065, -0.000344, 0.04, 1.11168, 0.0422392, 0.102971, 0.0417359
266.403, 1.00782, -6361.79, 1.00193, -6361.93, 0.976429, -6360.62, -0.000344039, -0.000344039, -0.000344071, 0.04, 1.11168, 0.0422389, 0.10297, 0.041735
266.454, 1.00781, -6362.16, 1.00193, -6362.3, 0.976427, -6361, -0.000344039, -0.000344039, -0.000344039, 0.04, 1.11168, 0.0422391, 0.10297, 0.0417342
266.504, 1.00781, -6362.53, 1.00193, -6362.67, 0.976425, -6361.37, -0.000344039, -0.000344039, -0.000344039, 0.04, 1.11168, 0.0422391, 0.102969, 0.0417334
266.554, 1.00781, -6362.9, 1.00193, -6363.04, 0.976422, -6361.74, -0.000343965, -0.000343901, -0.000343971, 0.04, 1.11168, 0.0422396, 0.102968, 0.0417327
266.605, 1.00781, -6363.27, 1.00192, -6363.41, 0.97642, -6362.11, -0.000344039, -0.000344039, -0.000344039, 0.04, 1.11168, 0.042239, 0.102968, 0.0417319
266.655, 1.0078, -6363.65, 1.00192, -6363.78, 0.976418, -6362.48, -0.000344039, -0.000344039, -0.000344039, 0.04, 1.11168, 0.0422392, 0.102967, 0.0417312
266.705, 1.0078, -6364.02, 1.00192, -6364.16, 0.976415, -6362.85, -0.000344039, -0.000344039, -0.000344039, 0.04, 1.11168, 0.0422391, 0.102967, 0.0417304
266.756, 1.0078, -6364.39, 1.00192, -6364.53, 0.976413, -6363.23, -0.000344039, -0.000343934, -0.000343939, 0.04, 1.11168, 0.042239, 0.102967, 0.0417297
266.806, 1.0078, -6364.76, 1.00192, -6364.9, 0.976411, -6363.6, -0.000343994, -0.000344039, -0.000344039, 0.04, 1.11168, 0.0422393, 0.102966, 0.041729
266.856, 1.0078, -6365.13, 1.00191, -6365.27, 0.976408, -6363.97, -0.000343907, -0.000344039, -0.000344039, 0.04, 1.11168, 0.0422395, 0.102966, 0.0417282
266.907, 1.00779, -6365.49, 1.00191, -6365.63, 0.976406, -6364.33, -0.00032385, -0.000323866, -0.000323795, 0.04, 1.11168, 0.0422391, 0.102965, 0.0417275
266.957, 1.00779, -6365.84, 1.00191, -6365.98, 0.976404, -6364.68, -0.000323803, -0.000323803, -0.000323848, 0.04, 1.11168, 0.0422392, 0.102965, 0.0417267
267, 1.00779, -6366.14, 1.00191, -6366.28, 0.976403, -6364.98, -0.000323802, -0.000323802, -0.000323802, 0.04, 1.11168, 0.0422393, 0.102965, 0.0417261
267, 1.00779, -6366.14, 1.00191, -6366.28, 0.976403, -6364.98, -0.000323802, -0.000323802, -0.000323802, 0.04, 1.11168, 0.0422393, 0.102965, 0.0417261
267.051, 1.00779, -6366.49, 1.00191, -6366.63, 0.9764, -6365.33, -0.000323854, -0.000323831, -0.000323802, 0.04, 1.11168, 0.0422393, 0.102964, 0.0417253
267.101, 1.00779, -6366.84, 1.0019, -6366.98, 0.976399, -6365.68, -0.000323724, -0.000323803, -0.00032375, 0.04, 1.11168, 0.0422391, 0.102964, 0.0417246
267.152, 1.00778, -6367.19, 1.0019, -6367.33, 0.976397, -6366.03, -0.000323802, -0.000323802, -0.000323802, 0.04, 1.11168, 0.0422395, 0.102963, 0.0417238
267.202, 1.00778, -6367.54, 1.0019, -6367.68, 0.976395, -6366.38, -0.000323776, -0.000323747, -0.000323784, 0.04, 1.11168, 0.0422389, 0.102963, 0.041723
267.252, 1.00778, -6367.89, 1.0019, -6368.03, 0.976393, -6366.73, -0.000323768, -0.000323802, -0.000323732, 0.04, 1.11168, 0.042239, 0.102963, 0.0417222
267.303, 1.00778, -6368.24, 1.0019, -6368.38, 0.976391, -6367.08, -0.000323823, -0.000323793, -0.000323793, 0.04, 1.11168, 0.0422391, 0.102963, 0.0417213
267.353, 1.00778, -6368.59, 1.00189, -6368.73, 0.976389, -6367.43, -0.000323802, -0.000323802, -0.000323805, 0.04, 1.11168, 0.0422392, 0.102962, 0.0417205
267.403, 1.00777, -6368.94, 1.00189, -6369.08, 0.976388, -6367.78, -0.000323774, -0.000323802, -0.000323802, 0.04, 1.11168, 0.0422392, 0.102962, 0.0417197
267.454, 1.00777, -6369.29, 1.00189, -6369.43, 0.976385, -6368.13, -0.000323811, -0.000323792, -0.00032376, 0.04, 1.11168, 0.0422393, 0.102961, 0.0417188
267.504, 1.00777, -6369.64, 1.00189, -6369.78, 0.976384, -6368.48, -0.000323802, -0.000323804, -0.000323802, 0.04, 1.11168, 0.0422391, 0.102961, 0.041718
267.554, 1.00777, -6369.99, 1.00189, -6370.13, 0.976383, -6368.83, -0.000323767, -0.000323795, -0.000323795, 0.04, 1.11168, 0.0422391, 0.102961, 0.0417171
267.605, 1.00777, -6370.34, 1.00189, -6370.48, 0.97638, -6369.18, -0.000323811, -0.000323839, -0.000323804, 0.04, 1.11168, 0.0422391, 0.10296, 0.0417163
267.655, 1.00777, -6370.69, 1.00188, -6370.83, 0.976379, -6369.53, -0.000323802, -0.000323808, -0.000323802, 0.04, 1.11168, 0.0422392, 0.10296, 0.0417155
267.705, 1.00776, -6371.04, 1.00188, -6371.18, 0.976377, -6369.88, -0.000323799, -0.000323799, -0.000323789, 0.04, 1.11168, 0.0422392, 0.102959, 0.0417146
267.756, 1.00776, -6371.39, 1.00188, -6371.53, 0.976375, -6370.22, -0.000323768, -0.000323831, -0.000323802, 0.04, 1.11168, 0.0422391, 0.10296, 0.0417138
267.806, 1.00776, -6371.74, 1.00188, -6371.88, 0.976374, -6370.57, -0.000323732, -0.000323802, -0.0003238, 0.04, 1.11168, 0.0422389, 0.102959, 0.0417131
267.857, 1.00776, -6372.09, 1.00188, -6372.23, 0.976372, -6370.92, -0.000323802, -0.000323802, -0.000323807, 0.04, 1.11168, 0.0422391, 0.102959, 0.0417123
267.907, 1.00776, -6372.44, 1.00188, -6372.58, 0.976371, -6371.27, -0.000323801, -0.000323877, -0.000323802, 0.04, 1.11168, 0.0422393, 0.102958, 0.0417116
267.957, 1.00776, -6372.79, 1.00187, -6372.93, 0.976369, -6371.62, -0.000323868, -0.000323807, -0.000323881, 0.04, 1.11168, 0.0422394, 0.102958, 0.0417108
268.001, 1.00776, -6373.09, 1.00187, -6373.23, 0.976368, -6371.92, -0.000323844, -0.000323802, -0.000323851, 0.04, 1.11168, 0.0422391, 0.102958, 0.0417102
268.001, 1.00776, -6373.09, 1.00187, -6373.23, 0.976368, -6371.92, -0.000323844, -0.000323802, -0.000323851, 0.04, 1.11168, 0.0422394, 0.102957, 0.0417102
268.051, 1.00775, -6373.44, 1.00187, -6373.58, 0.976366, -6372.27, -0.000323802, -0.000323782, -0.000323802, 0.04, 1.11168, 0.042239, 0.102958, 0.0417094
268.101, 1.00775, -6373.79, 1.00187, -6373.93, 0.976365, -6372.62, -0.000323802, -0.000323758, -0.000323799, 0.04, 1.11168, 0.0422393, 0.102957, 0.0417087
268.152, 1.00775, -6374.14, 1.00187, -6374.28, 0.976364, -6372.97, -0.000323802, -0.00032381, -0.000323731, 0.04, 1.11168, 0.0422392, 0.102957, 0.0417079
268.202, 1.00775, -6374.49, 1.00187, -6374.63, 0.976363, -6373.32, -0.00032377, -0.000323802, -0.000323802, 0.04, 1.11168, 0.0422391, 0.102957, 0.0417072
268.252, 1.00775, -6374.84, 1.00187, -6374.98, 0.976361, -6373.67, -0.000323822, -0.000323784, -0.000323798, 0.04, 1.11168, 0.0422393, 0.102956, 0.0417065
268.303, 1.00775, -6375.19, 1.00187, -6375.32, 0.97636, -6374.02, -0.000323802, -0.000323848, -0.000323868, 0.04, 1.11168, 0.0422391, 0.102956, 0.0417057
268.353, 1.00775, -6375.54, 1.00186, -6375.67, 0.976359, -6374.37, -0.000323802, -0.000323802, -0.000323723, 0.04, 1.11168, 0.042239, 0.102956, 0.041705
268.403, 1.00774, -6375.89, 1.00186, -6376.02, 0.976358, -6374.72, -0.0003238, -0.000323802, -0.000323802, 0.04, 1.11168, 0.0422392, 0.102956, 0.0417042
268.454, 1.00774, -6376.24, 1.00186, -6376.37, 0.976356, -6375.07, -0.000323775, -0.000323798, -0.000323793, 0.04, 1.11168, 0.0422391, 0.102956, 0.0417035
268.504, 1.00774, -6376.59, 1.00186, -6376.72, 0.976355, -6375.42, -0.000323803, -0.000323849, -0.00032383, 0.04, 1.11168, 0.0422392, 0.102955, 0.0417027
268.554, 1.00774, -6376.94, 1.00186, -6377.07, 0.976354, -6375.77, -0.000323802, -0.000323803, -0.000323802, 0.04, 1.11168, 0.0422391, 0.102955, 0.041702
268.605, 1.00774, -6377.29, 1.00186, -6377.42, 0.976353, -6376.12, -0.000323802, -0.000323802, -0.000323802, 0.04, 1.11168, 0.0422392, 0.102955, 0.0417012
268.655, 1.00774, -6377.63, 1.00186, -6377.77, 0.976352, -6376.47, -0.000323802, -0.000323802, -0.000323877, 0.04, 1.11168, 0.0422391, 0.102955, 0.0417005
268.705, 1.00774, -6377.98, 1.00186, -6378.12, 0.976351, -6376.82, -0.000323792, -0.000323798, -0.000323727, 0.04, 1.11168, 0.0422391, 0.102954, 0.0416999
268.756, 1.00774, -6378.33, 1.00186, -6378.47, 0.97635, -6377.17, -0.000323737, -0.000323726, -0.000323802, 0.04, 1.11168, 0.0422392, 0.102955, 0.0416992
268.806, 1.00774, -6378.68, 1.00185, -6378.82, 0.976349, -6377.52, -0.000323802, -0.000323802, -0.000323802, 0.04, 1.11168, 0.0422391, 0.102954, 0.0416986
268.857, 1.00774, -6379.03, 1.00185, -6379.17, 0.976348, -6377.87, -0.000323802, -0.000323802, -0.000323782, 0.04, 1.11168, 0.0422392, 0.102954, 0.0416979
268.907, 1.00773, -6379.38, 1.00185, -6379.52, 0.976347, -6378.22, -0.000323802, -0.000323802, -0.000323751, 0.04, 1.11168, 0.0422391, 0.102954, 0.0416973
268.957, 1.00773, -6379.73, 1.00185, -6379.87, 0.976346, -6378.57, -0.000323802, -0.000323782, -0.000323802, 0.04, 1.11168, 0.0422391, 0.102953, 0.0416966
269.001, 1.00773, -6380.03, 1.00185, -6380.17, 0.976345, -6378.87, -0.000323802, -0.000323842, -0.000323802, 0.04, 1.11168, 0.0422391, 0.102953, 0.0416961
269.001, 1.00773, -6380.03, 1.00185, -6380.17, 0.976345, -6378.87, -0.000323802, -0.000323842, -0.000323802, 0.04, 1.11168, 0.0422391, 0.102953, 0.0416961
269.051, 1.00773, -6380.38, 1.00185, -6380.52, 0.976345, -6379.22, -0.000323795, -0.000323802, -0.000323802, 0.04, 1.11168, 0.0422392, 0.102953, 0.0416954
269.101, 1.00773, -6380.73, 1.00185, -6380.87, 0.976344, -6379.57, -0.000323852, -0.000323802, -0.000323791, 0.04, 1.11168, 0.0422392, 0.102953, 0.0416948
269.152, 1.00773, -6381.08, 1.00185, -6381.22, 0.976343, -6379.92, -0.000323728, -0.000323802, -0.000323739, 0.04, 1.11168, 0.0422392, 0.102953, 0.0416941
269.202, 1.00773, -6381.43, 1.00185, -6381.57, 0.976342, -6380.27, -0.000323802, -0.000323802, -0.000323802, 0.04, 1.11168, 0.042239, 0.102953, 0.0416935
269.252, 1.00773, -6381.78, 1.00185, -6381.92, 0.976341, -6380.62, -0.000323802, -0.000323802, -0.000323802, 0.04, 1.11168, 0.042239, 0.102953, 0.0416929
269.303, 1.00773, -6382.13, 1.00185, -6382.27, 0.976341, -6380.97, -0.000323802, -0.000323881, -0.000323802, 0.04, 1.11168, 0.0422392, 0.102952, 0.0416923
269.353, 1.00773, -6382.48, 1.00185, -6382.62, 0.97634, -6381.32, -0.000323802, -0.000323841, -0.000323802, 0.04, 1.11168, 0.0422392, 0.102953, 0.0416917
269.403, 1.00773, -6382.83, 1.00185, -6382.97, 0.976339, -6381.67, -0.000323802, -0.000323802, -0.00032388, 0.04, 1.11168, 0.042239, 0.102953, 0.0416912
269.454, 1.00773, -6383.18, 1.00184, -6383.32, 0.976339, -6382.02, -0.000323802, -0.000323802, -0.000323814, 0.04, 1.11168, 0.0422392, 0.102952, 0.0416906
269.504, 1.00773, -6383.53, 1.00184, -6383.67, 0.976339, -6382.37, -0.000323802, -0.000323802, -0.000323802, 0.04, 1.11168, 0.042239, 0.102953, 0.0416901
269.554, 1.00773, -6383.88, 1.00184, -6384.02, 0.976338, -6382.72, -0.000323831, -0.000323802, -0.000323802, 0.04, 1.11168, 0.0422392, 0.102952, 0.0416897
269.605, 1.00772, -6384.23, 1.00184, -6384.37, 0.976337, -6383.07, -0.00032373, -0.000323802, -0.000323802, 0.04, 1.11168, 0.0422391, 0.102952, 0.0416892
269.655, 1.00772, -6384.58, 1.00184, -6384.72, 0.976337, -6383.42, -0.000323802, -0.000323802, -0.000323802, 0.04, 1.11168, 0.0422391, 0.102952, 0.0416887
269.706, 1.00772, -6384.93, 1.00184, -6385.07, 0.976336, -6383.77, -0.000323802, -0.000323802, -0.000323802, 0.04, 1.11168, 0.0422392, 0.102951, 0.0416883
269.756, 1.00772, -6385.28, 1.00184, -6385.42, 0.976336, -6384.12, -0.000323802, -0.000323802, -0.000323802, 0.04, 1.11168, 0.0422391, 0.102952, 0.0416878
269.806, 1.00772, -6385.63, 1.00184, -6385.77, 0.976336, -6384.46, -0.000323802, -0.000323794, -0.000323802, 0.04, 1.11168, 0.0422392, 0.102951, 0.0416873
269.857, 1.00772, -6385.98, 1.00184, -6386.12, 0.976335, -6384.81, -0.000323802, -0.000323819, -0.000323802, 0.04, 1.11168, 0.0422391, 0.102951, 0.0416869
269.907, 1.00772, -6386.33, 1.00184, -6386.47, 0.976335, -6385.16, -0.000323802, -0.000323802, -0.000323764, 0.04, 1.11168, 0.0422391, 0.102952, 0.0416864
269.957, 1.00772, -6386.68, 1.00184, -6386.82, 0.976335, -6385.51, -0.000323802, -0.000323802, -0.000323837, 0.04, 1.11168, 0.0422392, 0.102951, 0.0416859
270.001, 1.00772, -6386.98, 1.00184, -6387.12, 0.976335, -6385.81, -0.000323802, -0.000323802, -0.000323802, 0.04, 1.11168, 0.0422392, 0.102951, 0.0416855
270.001, 1.00772, -6386.98, 1.00184, -6387.12, 0.976335, -6385.81, -0.000323802, -0.000323802, -0.000323802, 0.04, 1.11168, 0.0422392, 0.102951, 0.0416855
270.051, 1.00772, -6387.33, 1.00184, -6387.47, 0.976334, -6386.16, -0.000323802, -0.000323802, -0.000323802, 0.04, 1.11168, 0.0422391, 0.102951, 0.0416851
270.101, 1.00772, -6387.68, 1.00184, -6387.82, 0.976334, -6386.51, -0.000323802, -0.000323802, -0.000323802, 0.04, 1.11168, 0.0422391, 0.102952, 0.0416846
270.152, 1.00772, -6388.03, 1.00184, -6388.17, 0.976334, -6386.86, -0.000323802, -0.000323802, -0.000323802, 0.04, 1.11168, 0.0422391, 0.102951, 0.0416841
270.202, 1.00772, -6388.38, 1.00184, -6388.52, 0.976333, -6387.21, -0.000323802, -0.000323802, -0.000323802, 0.04, 1.11168, 0.0422392, 0.10295, 0.0416837
270.252, 1.00772, -6388.73, 1.00184, -6388.87, 0.976333, -6387.56, -0.000323802, -0.000323802, -0.000323802, 0.04, 1.11168, 0.0422391, 0.102951, 0.0416832
270.303, 1.00772, -6389.08, 1.00184, -6389.21, 0.976333, -6387.91, -0.000323802, -0.000323802, -0.000323802, 0.04, 1.11168, 0.0422391, 0.10295, 0.0416827
270.353, 1.00772, -6389.43, 1.00184, -6389.56, 0.976333, -6388.26, -0.000323802, -0.000323802, -0.000323802, 0.04, 1.11168, 0.0422391, 0.10295, 0.0416823
270.403, 1.00772, -6389.78, 1.00184, -6389.91, 0.976333, -6388.61, -0.000323802, -0.000323802, -0.000323802, 0.04, 1.11168, 0.0422391, 0.10295, 0.0416819
270.454, 1.00772, -6390.13, 1.00184, -6390.26, 0.976333, -6388.96, -0.000323802, -0.000323802, -0.000323802, 0.04, 1.11168, 0.0422391, 0.102951, 0.0416815
270.504, 1.00772, -6390.48, 1.00184, -6390.61, 0.976333, -6389.31, -0.000323802, -0.000323802, -0.000323802, 0.04, 1.11168, 0.0422391, 0.102951, 0.0416812
270.554, 1.00772, -6390.83, 1.00184, -6390.96, 0.976333, -6389.66, -0.000323802, -0.000323802, -0.000323802, 0.04, 1.11168, 0.0422391, 0.102951, 0.0416808
270.605, 1.00772, -6391.18, 1.00184, -6391.31, 0.976333, -6390.01, -0.000323802, -0.000323802, -0.000323802, 0.04, 1.11168, 0.0422391, 0.102951, 0.0416804
270.655, 1.00772, -6391.52, 1.00184, -6391.66, 0.976333, -6390.36, -0.000323802, -0.000323802, -0.000323802, 0.04, 1.11168, 0.0422391, 0.102951, 0.04168
270.706, 1.00772, -6391.88, 1.00184, -6392.01, 0.976333, -6390.71, -0.000323802, -0.000323802, -0.000323802, 0.04, 1.11168, 0.0422392, 0.102952, 0.0416797
270.756, 1.00772, -6392.22, 1.00184, -6392.36, 0.976333, -6391.06, -0.000323802, -0.000323802, -0.000323802, 0.04, 1.11168, 0.0422391, 0.102951, 0.0416793
270.806, 1.00772, -6392.57, 1.00184, -6392.71, 0.976333, -6391.41, -0.000323802, -0.000323802, -0.000323802, 0.04, 1.11168, 0.0422391, 0.102951, 0.0416789
270.857, 1.00772, -6392.92, 1.00184, -6393.06, 0.976333, -6391.76, -0.000323802, -0.000323802, -0.000323802, 0.04, 1.11168, 0.0422392, 0.102952, 0.0416785
270.907, 1.00772, -6393.27, 1.00184, -6393.41, 0.976333, -6392.11, -0.000323802, -0.000323802, -0.000323802, 0.04, 1.11168, 0.0422391, 0.102951, 0.0416782
270.957, 1.00772, -6393.62, 1.00184, -6393.76, 0.976333, -6392.46, -0.000323802, -0.000323802, -0.000323802, 0.04, 1.11168, 0.0422392, 0.102952, 0.0416778
271.001, 1.00772, -6393.92, 1.00184, -6394.06, 0.976333, -6392.76, -0.000323802, -0.000323802, -0.000323802, 0.04, 1.11168, 0.0422392, 0.102951, 0.0416775
271.001, 1.00772, -6393.92, 1.00184, -6394.06, 0.976333, -6392.76, -0.000323802, -0.000323802, -0.000323802, 0.0401295, 1.11168, 0.0422392, 0.102951, 0.0416775
271.051, 1.00772, -6394.27, 1.00184, -6394.41, 0.976333, -6393.11, -0.000323802, -0.000323802, -0.000323802, 0.0401295, 1.11168, 0.0422391, 0.102951, 0.0416803
271.101, 1.00772, -6394.62, 1.00184, -6394.76, 0.976333, -6393.46, -0.000323802, -0.000323802, -0.000323802, 0.0401295, 1.11168, 0.042239, 0.10295, 0.0416831
271.152, 1.00772, -6394.97, 1.00184, -6395.11, 0.976333, -6393.81, -0.000323802, -0.000323802, -0.000323802, 0.0401295, 1.11168, 0.0422391, 0.10295, 0.0416858
271.202, 1.00772, -6395.32, 1.00184, -6395.46, 0.976333, -6394.16, -0.000323802, -0.000323802, -0.000323802, 0.0401295, 1.11168, 0.0422391, 0.102951, 0.0416884
271.252, 1.00772, -6395.67, 1.00184, -6395.81, 0.976333, -6394.51, -0.000323802, -0.000323802, -0.000323802, 0.0401295, 1.11168, 0.0422392, 0.102951, 0.0416909
271.303, 1.00772, -6396.02, 1.00184, -6396.16, 0.976333, -6394.86, -0.000323797, -0.000323802, -0.000323802, 0.0401295, 1.11168, 0.0422391, 0.102951, 0.0416934
271.353, 1.00772, -6396.37, 1.00184, -6396.51, 0.976333, -6395.21, -0.000323802, -0.000323802, -0.000323802, 0.0401295, 1.11168, 0.0422391, 0.102951, 0.0416958
271.403, 1.00772, -6396.72, 1.00184, -6396.86, 0.976333, -6395.56, -0.000323802, -0.000323802, -0.000323802, 0.0401295, 1.11168, 0.0422391, 0.10295, 0.0416981
271.454, 1.00772, -6397.07, 1.00184, -6397.21, 0.976333, -6395.91, -0.000323802, -0.000323802, -0.000323802, 0.0401295, 1.11168, 0.0422391, 0.10295, 0.0417004
271.504, 1.00772, -6397.42, 1.00184, -6397.56, 0.976333, -6396.26, -0.000323801, -0.000323802, -0.000323802, 0.0401295, 1.11168, 0.0422392, 0.102951, 0.0417026
271.555, 1.00772, -6397.77, 1.00184, -6397.91, 0.976333, -6396.61, -0.000323802, -0.000323802, -0.000323802, 0.0401295, 1.11168, 0.0422392, 0.102951, 0.0417047
271.605, 1.00772, -6398.12, 1.00184, -6398.26, 0.976333, -6396.96, -0.000323802, -0.000323802, -0.000323802, 0.0401295, 1.11168, 0.0422391, 0.102951, 0.0417068
271.655, 1.00772, -6398.47, 1.00184, -6398.61, 0.976333, -6397.31, -0.000323802, -0.000323802, -0.000323802, 0.0401295, 1.11168, 0.0422391, 0.102951, 0.0417088
271.706, 1.00772, -6398.82, 1.00184, -6398.96, 0.976333, -6397.66, -0.000323802, -0.000323802, -0.000323802, 0.0401295, 1.11168, 0.0422391, 0.102951, 0.0417108
271.756, 1.00772, -6399.17, 1.00184, -6399.31, 0.976333, -6398.01, -0.000323801, -0.000323802, -0.000323802, 0.0401295, 1.11168, 0.0422391, 0.102951, 0.0417127
271.806, 1.00772, -6399.52, 1.00184, -6399.66, 0.976333, -6398.35, -0.000323802, -0.000323802, -0.000323802, 0.0401295, 1.11168, 0.042239, 0.102951, 0.0417145
271.857, 1.00772, -6399.87, 1.00184, -6400.01, 0.976333, -6398.71, -0.000323801, -0.000323802, -0.000323802, 0.0401295, 1.11168, 0.042239, 0.10295, 0.0417163
271.907, 1.00772, -6400.22, 1.00184, -6400.36, 0.976333, -6399.05, -0.000323801, -0.000323802, -0.000323802, 0.0401295, 1.11168, 0.0422392, 0.102951, 0.0417181
271.957, 1.00772, -6400.57, 1.00184, -6400.71, 0.976333, -6399.4, -0.000323782, -0.000323802, -0.000323802, 0.0401295, 1.11168, 0.0422393, 0.102951, 0.0417198
272.001, 1.00772, -6400.87, 1.00184, -6401.01, 0.976333, -6399.71, -0.000323775, -0.000323802, -0.000323802, 0.0401295, 1.11168, 0.0422392, 0.102951, 0.0417213
272.001, 1.00772, -6400.87, 1.00184, -6401.01, 0.976333, -6399.71, -0.000323775, -0.000323802, -0.000323802, 0.040259, 1.11168, 0.0422392, 0.102951, 0.0417213
272.051, 1.00772, -6401.22, 1.00184, -6401.36, 0.976333, -6400.05, -0.000323795, -0.000323802, -0.000323802, 0.040259, 1.11168, 0.0422393, 0.102951, 0.0417261
272.101, 1.00772, -6401.57, 1.00184, -6401.71, 0.976333, -6400.4, -0.000323793, -0.000323802, -0.000323802, 0.040259, 1.11168, 0.0422391, 0.102951, 0.0417308
272.152, 1.00772, -6401.92, 1.00184, -6402.06, 0.976333, -6400.75, -0.000323802, -0.000323802, -0.000323802, 0.040259, 1.11168, 0.042239, 0.102951, 0.0417353
272.202, 1.00772, -6402.27, 1.00184, -6402.41, 0.976333, -6401.1, -0.000323802, -0.000323802, -0.000323802, 0.040259, 1.11168, 0.042239, 0.10295, 0.0417397
272.252, 1.00772, -6402.62, 1.00184, -6402.76, 0.976333, -6401.45, -0.000323802, -0.000323802, -0.000323802, 0.040259, 1.11168, 0.0422392, 0.102951, 0.041744
272.303, 1.00772, -6402.97, 1.00184, -6403.11, 0.976333, -6401.8, -0.000323802, -0.000323802, -0.000323802, 0.040259, 1.11168, 0.042239, 0.10295, 0.0417482
272.353, 1.00772, -6403.32, 1.00184, -6403.46, 0.976333, -6402.15, -0.000323802, -0.000323802, -0.000323802, 0.040259, 1.11168, 0.0422391, 0.102951, 0.0417523
272.403, 1.00772, -6403.67, 1.00184, -6403.8, 0.976333, -6402.5, -0.000323801, -0.000323802, -0.000323802, 0.040259, 1.11168, 0.0422393, 0.102951, 0.0417562
272.454, 1.00772, -6404.02, 1.00184, -6404.15, 0.976333, -6402.85, -0.000323801, -0.000323802, -0.000323802, 0.040259, 1.11168, 0.0422389, 0.102951, 0.04176
272.504, 1.00772, -6404.37, 1.00184, -6404.5, 0.976333, -6403.2, -0.0003238, -0.000323802, -0.000323802, 0.040259, 1.11168, 0.0422393, 0.102951, 0.0417638
272.555, 1.00772, -6404.72, 1.00184, -6404.85, 0.976333, -6403.55, -0.000323799, -0.000323802, -0.000323802, 0.040259, 1.11168, 0.0422392, 0.102951, 0.0417674
272.605, 1.00772, -6405.07, 1.00184, -6405.2, 0.976333, -6403.9, -0.000323795, -0.000323802, -0.000323802, 0.040259, 1.11168, 0.042239, 0.102951, 0.0417709
272.655, 1.00772, -6405.42, 1.00184, -6405.55, 0.976333, -6404.25, -0.00032379, -0.000323802, -0.000323802, 0.040259, 1.11168, 0.0422391, 0.102951, 0.0417744
272.706, 1.00772, -6405.77, 1.00184, -6405.9, 0.976333, -6404.6, -0.000323794, -0.000323802, -0.000323802, 0.040259, 1.11168, 0.0422393, 0.102951, 0.0417777
272.756, 1.00772, -6406.11, 1.00184, -6406.25, 0.976333, -6404.95, -0.000323793, -0.000323802, -0.000323802, 0.040259, 1.11168, 0.0422393, 0.102951, 0.0417809
272.806, 1.00772, -6406.46, 1.00184, -6406.6, 0.976333, -6405.3, -0.000323785, -0.000323802, -0.000323802, 0.040259, 1.11168, 0.0422394, 0.102951, 0.0417841
272.857, 1.00772, -6406.81, 1.00184, -6406.95, 0.976333, -6405.65, -0.000323779, -0.000323802, -0.000323802, 0.040259, 1.11168, 0.0422392, 0.102951, 0.0417871
272.907, 1.00772, -6407.16, 1.00184, -6407.3, 0.976333, -6406, -0.000323774, -0.000323802, -0.000323802, 0.040259, 1.11168, 0.042239, 0.102951, 0.0417901
272.957, 1.00772, -6407.51, 1.00184, -6407.65, 0.976333, -6406.35, -0.00032386, -0.000323801, -0.000323801, 0.040259, 1.11168, 0.0422388, 0.10295, 0.0417931
273.001, 1.00772, -6407.81, 1.00184, -6407.95, 0.976333, -6406.65, -0.000323773, -0.000323802, -0.000323802, 0.040259, 1.11168, 0.0422393, 0.102951, 0.0417955
273.001, 1.00772, -6407.81, 1.00184, -6407.95, 0.976333, -6406.65, -0.000323773, -0.000323802, -0.000323802, 0.0403885, 1.11168, 0.0422393, 0.102951, 0.0417955
273.051, 1.00772, -6408.16, 1.00184, -6408.3, 0.976333, -6407, -0.000323755, -0.000323795, -0.000323799, 0.0403885, 1.11168, 0.0422392, 0.102951, 0.0418014
273.101, 1.00772, -6408.51, 1.00184, -6408.65, 0.976333, -6407.35, -0.000323851, -0.000323801, -0.000323802, 0.0403885, 1.11168, 0.0422392, 0.102951, 0.0418072
273.152, 1.00772, -6408.86, 1.00184, -6409, 0.976333, -6407.7, -0.000323776, -0.000323787, -0.000323802, 0.0403885, 1.11168, 0.0422391, 0.10295, 0.0418128
273.202, 1.00772, -6409.21, 1.00184, -6409.35, 0.976333, -6408.05, -0.000323797, -0.000323802, -0.000323798, 0.0403885, 1.11168, 0.0422392, 0.102951, 0.0418182
273.252, 1.00772, -6409.56, 1.00184, -6409.7, 0.976333, -6408.4, -0.00032376, -0.000323802, -0.000323802, 0.0403885, 1.11168, 0.0422392, 0.102951, 0.0418235
273.303, 1.00772, -6409.91, 1.00184, -6410.05, 0.976334, -6408.75, -0.000323802, -0.000323802, -0.000323802, 0.0403885, 1.11168, 0.0422392, 0.102952, 0.0418286
273.353, 1.00773, -6410.26, 1.00184, -6410.4, 0.976339, -6409.1, -0.000323805, -0.000323784, -0.000323801, 0.0403885, 1.11168, 0.0422392, 0.102952, 0.0418336
273.404, 1.00773, -6410.61, 1.00185, -6410.75, 0.976345, -6409.45, -0.000323834, -0.000323801, -0.000323772, 0.0403885, 1.11168, 0.0422392, 0.102953, 0.0418384
273.454, 1.00774, -6410.96, 1.00186, -6411.1, 0.976351, -6409.8, -0.000323802, -0.000323801, -0.000323799, 0.0403885, 1.11168, 0.042239, 0.102954, 0.0418431
273.504, 1.00774, -6411.31, 1.00186, -6411.45, 0.976357, -6410.15, -0.000323801, -0.000323802, -0.000323801, 0.0403885, 1.11168, 0.0422391, 0.102956, 0.0418477
273.555, 1.00775, -6411.66, 1.00187, -6411.8, 0.976363, -6410.5, -0.000323801, -0.000323746, -0.000323761, 0.0403885, 1.11168, 0.042239, 0.102956, 0.0418521
273.605, 1.00776, -6412.01, 1.00187, -6412.15, 0.976369, -6410.85, -0.000323801, -0.000323837, -0.000323801, 0.0403885, 1.11168, 0.0422392, 0.102958, 0.0418564
273.655, 1.00776, -6412.36, 1.00188, -6412.5, 0.976375, -6411.2, -0.000323801, -0.000323792, -0.000323742, 0.0403885, 1.11168, 0.0422392, 0.102959, 0.0418605
273.706, 1.00777, -6412.71, 1.00189, -6412.85, 0.976381, -6411.55, -0.00032378, -0.000323799, -0.000323775, 0.0403885, 1.11168, 0.0422395, 0.102961, 0.0418645
273.756, 1.00777, -6413.06, 1.00189, -6413.2, 0.976387, -6411.9, -0.0003238, -0.000323742, -0.000323742, 0.0403885, 1.11168, 0.0422389, 0.102961, 0.0418684
273.806, 1.00778, -6413.41, 1.0019, -6413.55, 0.976393, -6412.25, -0.000323792, -0.000323825, -0.000323773, 0.0403885, 1.11168, 0.0422394, 0.102963, 0.0418723
273.857, 1.00779, -6413.76, 1.0019, -6413.9, 0.976398, -6412.59, -0.000323801, -0.000323866, -0.000323801, 0.0403885, 1.11168, 0.0422392, 0.102963, 0.041876
273.907, 1.00779, -6414.11, 1.00191, -6414.25, 0.976404, -6412.94, -0.000323793, -0.000323793, -0.000323821, 0.0403885, 1.11168, 0.0422394, 0.102965, 0.0418795
273.957, 1.0078, -6414.46, 1.00191, -6414.6, 0.97641, -6413.29, -0.000323777, -0.000323801, -0.000323778, 0.0403885, 1.11168, 0.0422392, 0.102966, 0.041883
274.001, 1.0078, -6414.76, 1.00192, -6414.9, 0.976415, -6413.6, -0.000323772, -0.000323798, -0.000323801, 0.0403885, 1.11168, 0.042239, 0.102968, 0.0418859
274.001, 1.0078, -6414.76, 1.00192, -6414.9, 0.976416, -6413.6, -0.000323772, -0.000323798, -0.000323801, 0.040518, 1.11168, 0.0422394, 0.102967, 0.0418859
274.051, 1.00781, -6415.11, 1.00193, -6415.25, 0.976421, -6413.94, -0.000323817, -0.000323816, -0.000323827, 0.040518, 1.11168, 0.042239, 0.102969, 0.0418923
274.101, 1.00781, -6415.46, 1.00193, -6415.6, 0.976427, -6414.29, -0.000323832, -0.000323844, -0.000323794, 0.040518, 1.11168, 0.042239, 0.102969, 0.0418986
274.152, 1.00782, -6415.81, 1.00194, -6415.95, 0.976433, -6414.64, -0.000323804, -0.000323818, -0.000323799, 0.040518, 1.11168, 0.0422389, 0.10297, 0.0419046
274.202, 1.00783, -6416.16, 1.00194, -6416.3, 0.976439, -6414.99, -0.000323742, -0.000323773, -0.000323757, 0.040518, 1.11168, 0.0422395, 0.102972, 0.0419105
274.252, 1.00783, -6416.51, 1.00195, -6416.65, 0.976445, -6415.34, -0.000323802, -0.000323784, -0.000323797, 0.040518, 1.11168, 0.0422392, 0.102974, 0.0419162
274.303, 1.00784, -6416.86, 1.00196, -6417, 0.976451, -6415.69, -0.000323742, -0.000323801, -0.000323746, 0.040518, 1.11168, 0.0422392, 0.102974, 0.0419216
274.353, 1.00784, -6417.21, 1.00196, -6417.35, 0.976457, -6416.04, -0.000323801, -0.000323802, -0.000323875, 0.040518, 1.11168, 0.042239, 0.102975, 0.041927
274.404, 1.00785, -6417.56, 1.00197, -6417.7, 0.976463, -6416.39, -0.000323804, -0.000323833, -0.00032381, 0.040518, 1.11168, 0.0422391, 0.102977, 0.0419321
274.454, 1.00785, -6417.91, 1.00197, -6418.04, 0.976469, -6416.74, -0.0003238, -0.000323743, -0.000323736, 0.040518, 1.11168, 0.0422394, 0.102978, 0.0419371
274.504, 1.00786, -6418.26, 1.00198, -6418.39, 0.976475, -6417.09, -0.000323799, -0.000323798, -0.000323801, 0.040518, 1.11168, 0.0422394, 0.102979, 0.0419419
274.555, 1.00787, -6418.61, 1.00198, -6418.74, 0.976481, -6417.44, -0.000323801, -0.000323801, -0.000323724, 0.040518, 1.11168, 0.0422393, 0.10298, 0.0419465
274.605, 1.00787, -6418.96, 1.00199, -6419.09, 0.976487, -6417.79, -0.000323798, -0.0003238, -0.000323789, 0.040518, 1.11168, 0.0422397, 0.102982, 0.041951
274.655, 1.00788, -6419.31, 1.002, -6419.44, 0.976493, -6418.14, -0.000323787, -0.00032381, -0.000323801, 0.040518, 1.11168, 0.0422389, 0.102982, 0.0419554
274.706, 1.00788, -6419.66, 1.002, -6419.79, 0.976499, -6418.49, -0.000323795, -0.000323746, -0.000323727, 0.040518, 1.11168, 0.0422395, 0.102984, 0.0419596
274.756, 1.00789, -6419.99, 1.00201, -6420.13, 0.976505, -6418.83, -0.000303605, -0.000303526, -0.000303554, 0.040518, 1.11168, 0.0422392, 0.102985, 0.0419637
274.806, 1.0079, -6420.32, 1.00201, -6420.46, 0.97651, -6419.15, -0.000303608, -0.000303555, -0.000303564, 0.040518, 1.11168, 0.0422387, 0.102986, 0.0419676
274.857, 1.0079, -6420.65, 1.00202, -6420.78, 0.976516, -6419.48, -0.000303506, -0.000303562, -0.000303521, 0.040518, 1.11168, 0.042239, 0.102987, 0.0419713
274.907, 1.00791, -6420.97, 1.00203, -6421.11, 0.976522, -6419.81, -0.000303532, -0.000303564, -0.000303564, 0.040518, 1.11168, 0.0422396, 0.102988, 0.0419749
274.957, 1.00791, -6421.3, 1.00203, -6421.44, 0.976528, -6420.14, -0.000303584, -0.000303584, -0.000303584, 0.040518, 1.11168, 0.0422396, 0.10299, 0.0419784
275.001, 1.00792, -6421.58, 1.00204, -6421.72, 0.976533, -6420.42, -0.000303573, -0.000303581, -0.000303605, 0.040518, 1.11168, 0.0422389, 0.10299, 0.0419814
275.001, 1.00792, -6421.58, 1.00204, -6421.72, 0.976533, -6420.42, -0.000303573, -0.000303581, -0.000303605, 0.0406395, 1.11168, 0.0422389, 0.10299, 0.0419814
275.051, 1.00792, -6421.91, 1.00204, -6422.05, 0.976539, -6420.75, -0.00030358, -0.000303528, -0.000303553, 0.0406395, 1.11168, 0.0422393, 0.102992, 0.0419876
275.101, 1.00793, -6422.24, 1.00205, -6422.38, 0.976545, -6421.07, -0.000303642, -0.000303593, -0.000303583, 0.0406395, 1.11168, 0.0422394, 0.102993, 0.0419937
275.152, 1.00794, -6422.57, 1.00205, -6422.71, 0.976551, -6421.4, -0.000303549, -0.000303542, -0.000303542, 0.0406395, 1.11168, 0.0422396, 0.102994, 0.0419995
275.202, 1.00794, -6422.89, 1.00206, -6423.03, 0.976557, -6421.73, -0.000303549, -0.000303557, -0.000303536, 0.0406395, 1.11168, 0.0422392, 0.102995, 0.0420052
275.253, 1.00795, -6423.22, 1.00207, -6423.36, 0.976563, -6422.06, -0.00030359, -0.000303611, -0.000303589, 0.0406395, 1.11168, 0.0422398, 0.102996, 0.0420106
275.303, 1.00795, -6423.55, 1.00207, -6423.69, 0.976569, -6422.39, -0.000303566, -0.000303579, -0.000303639, 0.0406395, 1.11168, 0.0422392, 0.102997, 0.0420159
275.353, 1.00796, -6423.88, 1.00208, -6424.02, 0.976575, -6422.71, -0.000303558, -0.000303581, -0.000303572, 0.0406395, 1.11168, 0.0422397, 0.102998, 0.042021
275.404, 1.00797, -6424.21, 1.00208, -6424.34, 0.976581, -6423.04, -0.000303519, -0.00030353, -0.000303517, 0.0406395, 1.11168, 0.0422389, 0.103, 0.0420259
275.454, 1.00797, -6424.53, 1.00209, -6424.67, 0.976587, -6423.37, -0.000303533, -0.000303517, -0.000303525, 0.0406395, 1.11168, 0.0422391, 0.103001, 0.0420306
275.504, 1.00798, -6424.86, 1.00209, -6425, 0.976593, -6423.7, -0.000303543, -0.000303541, -0.000303547, 0.0406395, 1.11168, 0.0422398, 0.103003, 0.0420351
275.555, 1.00798, -6425.19, 1.0021, -6425.33, 0.976599, -6424.02, -0.000303569, -0.000303565, -0.000303538, 0.0406395, 1.11168, 0.0422395, 0.103003, 0.0420394
275.605, 1.00799, -6425.52, 1.00211, -6425.66, 0.976605, -6424.35, -0.00030356, -0.000303584, -0.000303576, 0.0406395, 1.11168, 0.0422394, 0.103005, 0.0420436
275.655, 1.008, -6425.84, 1.00211, -6425.98, 0.976611, -6424.68, -0.000303541, -0.000303547, -0.00030351, 0.0406395, 1.11168, 0.0422396, 0.103006, 0.0420477
275.706, 1.008, -6426.17, 1.00212, -6426.31, 0.976616, -6425.01, -0.000303599, -0.00030358, -0.000303617, 0.0406395, 1.11168, 0.0422397, 0.103007, 0.0420515
275.756, 1.008, -6426.5, 1.00212, -6426.64, 0.976617, -6425.34, -0.000303592, -0.000303598, -0.000303582, 0.0406395, 1.11168, 0.0422395, 0.103007, 0.0420553
275.806, 1.008, -6426.83, 1.00212, -6426.97, 0.976616, -6425.66, -0.000303512, -0.000303545, -0.000303539, 0.0406395, 1.11168, 0.0422397, 0.103007, 0.0420589
275.857, 1.008, -6427.16, 1.00212, -6427.29, 0.976617, -6425.99, -0.000303555, -0.000303589, -0.000303577, 0.0406395, 1.11168, 0.0422392, 0.103007, 0.0420623
275.907, 1.008, -6427.48, 1.00212, -6427.62, 0.976616, -6426.32, -0.000303558, -0.000303586, -0.000303566, 0.0406395, 1.11168, 0.0422394, 0.103007, 0.0420655
275.957, 1.008, -6427.81, 1.00212, -6427.95, 0.976617, -6426.65, -0.000303544, -0.00030356, -0.000303555, 0.0406395, 1.11168, 0.042239, 0.103007, 0.0420686
276.001, 1.008, -6428.09, 1.00212, -6428.23, 0.976616, -6426.93, -0.000303576, -0.000303572, -0.000303562, 0.0406395, 1.11168, 0.0422398, 0.103007, 0.0420712
276.001, 1.008, -6428.09, 1.00212, -6428.23, 0.976617, -6426.93, -0.000303576, -0.000303572, -0.000303562, 0.0407609, 1.11168, 0.0422398, 0.103007, 0.0420712
276.051, 1.008, -6428.42, 1.00212, -6428.56, 0.976616, -6427.26, -0.000303569, -0.000303575, -0.000303546, 0.0407609, 1.11168, 0.0422391, 0.103006, 0.0420771
276.101, 1.008, -6428.75, 1.00212, -6428.89, 0.976616, -6427.58, -0.000291884, -0.000291883, -0.000291904, 0.0407609, 1.11168, 0.0422394, 0.103007, 0.0420827
276.152, 1.008, -6429.05, 1.00212, -6429.19, 0.976618, -6427.89, -0.000283276, -0.000283276, -0.00028325, 0.0407609, 1.11168, 0.0422394, 0.103007, 0.0420881
276.202, 1.00801, -6429.36, 1.00213, -6429.5, 0.976624, -6428.2, -0.000283341, -0.000283391, -0.000283362, 0.0407609, 1.11168, 0.0422393, 0.103008, 0.0420933
276.253, 1.00801, -6429.67, 1.00213, -6429.8, 0.976625, -6428.5, -0.000283311, -0.000283318, -0.000283331, 0.0407609, 1.11168, 0.0422397, 0.103008, 0.0420984
276.303, 1.00801, -6429.97, 1.00213, -6430.11, 0.976625, -6428.81, -0.000283343, -0.000283316, -0.000283291, 0.0407609, 1.11168, 0.042239, 0.103009, 0.0421032
276.353, 1.00801, -6430.28, 1.00213, -6430.42, 0.976625, -6429.11, -0.00028335, -0.000283282, -0.000283319, 0.0407609, 1.11168, 0.0422391, 0.103008, 0.0421078
276.404, 1.00801, -6430.58, 1.00213, -6430.72, 0.976625, -6429.42, -0.000283301, -0.000283279, -0.000283291, 0.0407609, 1.11168, 0.0422396, 0.103009, 0.0421122
276.454, 1.00801, -6430.89, 1.00213, -6431.03, 0.976625, -6429.73, -0.000283342, -0.00028332, -0.00028333, 0.0407609, 1.11168, 0.0422399, 0.103009, 0.0421164
276.504, 1.00801, -6431.2, 1.00213, -6431.33, 0.976625, -6430.03, -0.000283338, -0.000283321, -0.000283325, 0.0407609, 1.11168, 0.0422395, 0.103009, 0.0421205
276.555, 1.00801, -6431.5, 1.00213, -6431.64, 0.976629, -6430.34, -0.000283332, -0.000283364, -0.000283278, 0.0407609, 1.11168, 0.0422394, 0.103009, 0.0421244
276.605, 1.00801, -6431.81, 1.00213, -6431.95, 0.97663, -6430.64, -0.000283324, -0.000283344, -0.000283328, 0.0407609, 1.11168, 0.0422394, 0.103009, 0.042128
276.655, 1.00802, -6432.11, 1.00213, -6432.25, 0.976631, -6430.95, -0.000283333, -0.000283325, -0.000283305, 0.0407609, 1.11168, 0.0422395, 0.103009, 0.0421315
276.706, 1.00802, -6432.42, 1.00213, -6432.56, 0.976632, -6431.26, -0.000283345, -0.000283348, -0.00028333, 0.0407609, 1.11168, 0.0422396, 0.10301, 0.0421348
276.756, 1.00802, -6432.73, 1.00213, -6432.86, 0.976633, -6431.56, -0.000283323, -0.00028331, -0.000283323, 0.0407609, 1.11168, 0.0422396, 0.10301, 0.042138
276.806, 1.00802, -6433.03, 1.00213, -6433.17, 0.976634, -6431.87, -0.000283271, -0.000283269, -0.00028331, 0.0407609, 1.11168, 0.0422393, 0.10301, 0.0421411
276.857, 1.00802, -6433.34, 1.00214, -6433.48, 0.976635, -6432.17, -0.000283345, -0.000283359, -0.000283309, 0.0407609, 1.11168, 0.0422393, 0.10301, 0.0421439
276.907, 1.00802, -6433.64, 1.00214, -6433.78, 0.976635, -6432.48, -0.000283299, -0.000283271, -0.000283316, 0.0407609, 1.11168, 0.0422395, 0.10301, 0.0421466
276.957, 1.00802, -6433.95, 1.00214, -6434.09, 0.976636, -6432.79, -0.00028335, -0.000283312, -0.000283328, 0.0407609, 1.11168, 0.0422393, 0.10301, 0.0421492
277.001, 1.00802, -6434.21, 1.00214, -6434.35, 0.976636, -6433.05, -0.000283342, -0.000283312, -0.000283363, 0.0407609, 1.11168, 0.0422392, 0.103011, 0.0421513
277.001, 1.00802, -6434.21, 1.00214, -6434.35, 0.976636, -6433.05, -0.000283342, -0.000283312, -0.000283363, 0.0408742, 1.11168, 0.0422392, 0.103011, 0.0421513
277.051, 1.00802, -6434.52, 1.00214, -6434.66, 0.976636, -6433.35, -0.000283322, -0.000283298, -0.000283292, 0.0408742, 1.11168, 0.0422392, 0.103011, 0.0421563
277.102, 1.00802, -6434.82, 1.00214, -6434.96, 0.976636, -6433.66, -0.000283352, -0.00028337, -0.000283375, 0.0408742, 1.11168, 0.0422399, 0.103011, 0.0421612
277.152, 1.00802, -6435.13, 1.00214, -6435.27, 0.976636, -6433.97, -0.000283365, -0.000283351, -0.000283348, 0.0408742, 1.11168, 0.0422393, 0.103011, 0.0421659
277.202, 1.00802, -6435.43, 1.00214, -6435.57, 0.976637, -6434.27, -0.000265818, -0.00026582, -0.000265211, 0.0408742, 1.11168, 0.0422394, 0.103007, 0.0421703
277.253, 1.00802, -6435.72, 1.00214, -6435.86, 0.976638, -6434.55, -0.000263065, -0.000263069, -0.000262233, 0.0408742, 1.11168, 0.0422398, 0.103007, 0.0421745
277.303, 1.00802, -6436, 1.00214, -6436.14, 0.976638, -6434.84, -0.000263098, -0.000263108, -0.000262482, 0.0408742, 1.11168, 0.0422398, 0.103007, 0.0421785
277.353, 1.00802, -6436.29, 1.00214, -6436.42, 0.976638, -6435.12, -0.000263068, -0.000263086, -0.000261906, 0.0408742, 1.11168, 0.0422398, 0.103007, 0.0421824
277.404, 1.00802, -6436.57, 1.00214, -6436.71, 0.976638, -6435.41, -0.000263052, -0.000263056, -0.000263441, 0.0408742, 1.11168, 0.0422394, 0.103007, 0.042186
277.454, 1.00802, -6436.85, 1.00214, -6436.99, 0.976637, -6435.69, -0.000263077, -0.000263083, -0.000261898, 0.0408742, 1.11168, 0.0422394, 0.103011, 0.0421895
277.504, 1.00802, -6437.14, 1.00214, -6437.28, 0.976638, -6435.97, -0.000263064, -0.000263082, -0.000263427, 0.0408742, 1.11168, 0.0422398, 0.103007, 0.0421928
277.555, 1.00802, -6437.42, 1.00214, -6437.56, 0.976637, -6436.26, -0.000263104, -0.000263111, -0.000261979, 0.0408742, 1.11168, 0.0422397, 0.103011, 0.0421958
277.605, 1.00802, -6437.71, 1.00214, -6437.84, 0.976638, -6436.54, -0.00026308, -0.000263094, -0.000263909, 0.0408742, 1.11168, 0.0422396, 0.103007, 0.0421987
277.655, 1.00802, -6437.99, 1.00214, -6438.13, 0.976637, -6436.83, -0.000263081, -0.000263054, -0.000263553, 0.0408742, 1.11168, 0.042239, 0.103011, 0.0422015
277.706, 1.00802, -6438.27, 1.00214, -6438.41, 0.976638, -6437.11, -0.000262753, -0.000262679, -0.000261933, 0.0408742, 1.11168, 0.0422395, 0.103007, 0.0422041
277.756, 1.00802, -6438.56, 1.00214, -6438.7, 0.976638, -6437.39, -0.000263094, -0.000263107, -0.000263697, 0.0408742, 1.11168, 0.0422395, 0.103007, 0.0422065
277.806, 1.00802, -6438.84, 1.00214, -6438.98, 0.976638, -6437.68, -0.000263083, -0.000263055, -0.000263095, 0.0408742, 1.11168, 0.0422397, 0.103007, 0.0422087
277.857, 1.00802, -6439.13, 1.00214, -6439.26, 0.976638, -6437.96, -0.000263106, -0.000263105, -0.000263665, 0.0408742, 1.11168, 0.0422394, 0.103007, 0.0422108
277.907, 1.00802, -6439.41, 1.00214, -6439.55, 0.976637, -6438.25, -0.000263071, -0.000263079, -0.00026352, 0.0408742, 1.11168, 0.0422396, 0.103011, 0.0422128
277.958, 1.00802, -6439.69, 1.00214, -6439.83, 0.976637, -6438.53, -0.000263065, -0.000263068, -0.000263443, 0.0408742, 1.11168, 0.0422392, 0.103011, 0.0422146
278.001, 1.00802, -6439.94, 1.00214, -6440.08, 0.976637, -6438.77, -0.000263053, -0.000263076, -0.00026338, 0.0408742, 1.11168, 0.0422391, 0.10301, 0.042216
278.001, 1.00802, -6439.94, 1.00214, -6440.08, 0.976637, -6438.77, -0.000263053, -0.000263076, -0.00026338, 0.0409795, 1.11168, 0.0422391, 0.10301, 0.042216
278.051, 1.00802, -6440.22, 1.00214, -6440.36, 0.976637, -6439.06, -0.000263078, -0.000263089, -0.000262656, 0.0409795, 1.11168, 0.0422393, 0.10301, 0.0422202
278.102, 1.00802, -6440.51, 1.00214, -6440.65, 0.976638, -6439.34, -0.000263109, -0.000263107, -0.000263555, 0.0409795, 1.11168, 0.04224, 0.103007, 0.0422241
278.152, 1.00802, -6440.79, 1.00214, -6440.93, 0.976637, -6439.63, -0.000263026, -0.000263044, -0.000263438, 0.0409795, 1.11168, 0.0422395, 0.103011, 0.0422278
278.202, 1.00802, -6441.07, 1.00214, -6441.21, 0.976638, -6439.9, -0.000242898, -0.000242909, -0.000242925, 0.0409795, 1.11168, 0.0422393, 0.103007, 0.0422314
278.253, 1.00802, -6441.33, 1.00214, -6441.47, 0.976638, -6440.17, -0.000242859, -0.000242874, -0.000242834, 0.0409795, 1.11168, 0.0422396, 0.103007, 0.0422347
278.303, 1.00802, -6441.59, 1.00214, -6441.73, 0.976638, -6440.43, -0.000242899, -0.000242864, -0.000242846, 0.0409795, 1.11168, 0.0422397, 0.103007, 0.0422378
278.353, 1.00802, -6441.85, 1.00214, -6441.99, 0.976638, -6440.69, -0.000242852, -0.000242864, -0.000242848, 0.0409795, 1.11168, 0.0422399, 0.103007, 0.0422408
278.404, 1.00802, -6442.12, 1.00214, -6442.25, 0.976638, -6440.95, -0.000242834, -0.000242811, -0.000242836, 0.0409795, 1.11168, 0.0422397, 0.103007, 0.0422435
278.454, 1.00802, -6442.38, 1.00214, -6442.52, 0.976638, -6441.21, -0.000242843, -0.00024287, -0.000242862, 0.0409795, 1.11168, 0.0422396, 0.103007, 0.042246
278.504, 1.00802, -6442.64, 1.00214, -6442.78, 0.976638, -6441.48, -0.000242859, -0.000242859, -0.000242839, 0.0409795, 1.11168, 0.0422389, 0.103008, 0.0422484
278.555, 1.00802, -6442.9, 1.00214, -6443.04, 0.976638, -6441.74, -0.000242876, -0.000242846, -0.000242815, 0.0409795, 1.11168, 0.0422397, 0.103007, 0.0422506
278.605, 1.00802, -6443.17, 1.00214, -6443.3, 0.976638, -6442, -0.000242803, -0.000242814, -0.000242785, 0.0409795, 1.11168, 0.0422391, 0.103007, 0.0422526
278.655, 1.00802, -6443.43, 1.00214, -6443.57, 0.976638, -6442.26, -0.00024283, -0.000242839, -0.000242812, 0.0409795, 1.11168, 0.0422398, 0.103007, 0.0422545
278.706, 1.00802, -6443.69, 1.00214, -6443.83, 0.976638, -6442.53, -0.000242822, -0.000242837, -0.000242821, 0.0409795, 1.11168, 0.042239, 0.103007, 0.0422562
278.756, 1.00802, -6443.95, 1.00214, -6444.09, 0.976638, -6442.79, -0.000242825, -0.000242845, -0.000242807, 0.0409795, 1.11168, 0.0422397, 0.103007, 0.0422578
278.806, 1.00802, -6444.21, 1.00214, -6444.35, 0.976638, -6443.05, -0.000242851, -0.000242879, -0.000242899, 0.0409795, 1.11168, 0.0422393, 0.103007, 0.0422592
278.857, 1.00802, -6444.48, 1.00214, -6444.61, 0.976638, -6443.31, -0.000242913, -0.00024293, -0.000242941, 0.0409795, 1.11168, 0.0422387, 0.103007, 0.0422605
278.907, 1.00802, -6444.74, 1.00214, -6444.88, 0.976638, -6443.57, -0.000242829, -0.000242824, -0.0002428, 0.0409795, 1.11168, 0.0422396, 0.103007, 0.0422616
278.958, 1.00802, -6445, 1.00214, -6445.14, 0.976638, -6443.84, -0.000242843, -0.000242856, -0.000242861, 0.0409795, 1.11168, 0.0422398, 0.103007, 0.0422626
279.001, 1.00802, -6445.23, 1.00214, -6445.36, 0.976638, -6444.06, -0.000242829, -0.00024284, -0.000242847, 0.0409795, 1.11168, 0.0422394, 0.103008, 0.0422633
279.001, 1.00802, -6445.23, 1.00214, -6445.36, 0.976637, -6444.06, -0.000242829, -0.00024284, -0.000242847, 0.0410766, 1.11168, 0.0422393, 0.103011, 0.0422633
279.051, 1.00802, -6445.49, 1.00214, -6445.63, 0.976638, -6444.32, -0.000242845, -0.00024284, -0.000242858, 0.0410766, 1.11168, 0.0422393, 0.103008, 0.0422665
279.102, 1.00802, -6445.75, 1.00214, -6445.89, 0.976638, -6444.59, -0.000242875, -0.000242852, -0.000242875, 0.0410766, 1.11168, 0.0422397, 0.103007, 0.0422694
279.152, 1.00802, -6446, 1.00214, -6446.14, 0.976638, -6444.84, -0.000222704, -0.000222672, -0.000222662, 0.0410766, 1.11168, 0.0422393, 0.103007, 0.0422722
279.202, 1.00802, -6446.24, 1.00214, -6446.38, 0.976638, -6445.08, -0.000222615, -0.000222641, -0.000222596, 0.0410766, 1.11168, 0.0422395, 0.103008, 0.0422747
279.253, 1.00802, -6446.48, 1.00214, -6446.62, 0.976638, -6445.32, -0.000222569, -0.000222568, -0.000222614, 0.0410766, 1.11168, 0.04224, 0.103007, 0.0422771
279.303, 1.00802, -6446.72, 1.00214, -6446.86, 0.976638, -6445.56, -0.000222621, -0.000222602, -0.000222631, 0.0410766, 1.11168, 0.0422392, 0.103008, 0.0422793
279.353, 1.00802, -6446.96, 1.00214, -6447.1, 0.976638, -6445.8, -0.000222637, -0.000222631, -0.000222602, 0.0410766, 1.11168, 0.0422394, 0.103007, 0.0422813
279.404, 1.00802, -6447.21, 1.00214, -6447.34, 0.976638, -6446.04, -0.000222683, -0.00022268, -0.000222687, 0.0410766, 1.11168, 0.0422397, 0.103007, 0.0422831
279.454, 1.00802, -6447.45, 1.00214, -6447.58, 0.976638, -6446.28, -0.000222577, -0.000222591, -0.000222596, 0.0410766, 1.11168, 0.0422396, 0.103007, 0.0422847
279.504, 1.00802, -6447.69, 1.00214, -6447.82, 0.976638, -6446.52, -0.000222587, -0.000222593, -0.000222637, 0.0410766, 1.11168, 0.0422391, 0.103007, 0.0422862
279.555, 1.00802, -6447.93, 1.00214, -6448.06, 0.976638, -6446.76, -0.000222585, -0.000222589, -0.000222585, 0.0410766, 1.11168, 0.0422397, 0.103007, 0.0422876
279.605, 1.00802, -6448.17, 1.00214, -6448.3, 0.976637, -6447, -0.000221941, -0.000221962, -0.000221969, 0.0410766, 1.11168, 0.0422394, 0.103007, 0.0422888
279.655, 1.00802, -6448.41, 1.00214, -6448.54, 0.976638, -6447.24, -0.000222598, -0.000222633, -0.000222644, 0.0410766, 1.11168, 0.04224, 0.103007, 0.0422898
279.706, 1.00802, -6448.65, 1.00214, -6448.79, 0.976638, -6447.48, -0.000222589, -0.000222558, -0.000222604, 0.0410766, 1.11168, 0.0422397, 0.103007, 0.0422907
279.756, 1.00802, -6448.89, 1.00214, -6449.03, 0.976638, -6447.72, -0.000222624, -0.000222594, -0.000222604, 0.0410766, 1.11168, 0.0422399, 0.103008, 0.0422914
279.807, 1.00802, -6449.13, 1.00214, -6449.27, 0.976638, -6447.96, -0.000222636, -0.000222685, -0.000222632, 0.0410766, 1.11168, 0.0422393, 0.103008, 0.042292
279.857, 1.00802, -6449.37, 1.00214, -6449.51, 0.976638, -6448.2, -0.000222621, -0.000222588, -0.0002226, 0.0410766, 1.11168, 0.0422392, 0.103007, 0.0422925
279.907, 1.00802, -6449.61, 1.00214, -6449.75, 0.976638, -6448.44, -0.00022263, -0.000222634, -0.000222623, 0.0410766, 1.11168, 0.0422395, 0.103007, 0.0422929
279.958, 1.00802, -6449.85, 1.00214, -6449.99, 0.976638, -6448.68, -0.000222627, -0.000222628, -0.0002226, 0.0410766, 1.11168, 0.0422393, 0.103007, 0.0422931
280.001, 1.00802, -6450.06, 1.00214, -6450.19, 0.976638, -6448.89, -0.000222627, -0.000222628, -0.000222619, 0.0410766, 1.11168, 0.0422395, 0.103008, 0.0422932
280.001, 1.00802, -6450.06, 1.00214, -6450.19, 0.976637, -6448.89, -0.000222627, -0.000222628, -0.000222619, 0.0411656, 1.11168, 0.0422397, 0.103011, 0.0422932
280.051, 1.00802, -6450.3, 1.00214, -6450.43, 0.976638, -6449.13, -0.000222626, -0.000222599, -0.000222586, 0.0411656, 1.11168, 0.0422392, 0.103008, 0.0422953
280.102, 1.00802, -6450.52, 1.00214, -6450.66, 0.976637, -6449.36, -0.000202322, -0.00020234, -0.000202316, 0.0411656, 1.11168, 0.0422396, 0.103007, 0.0422973
280.152, 1.00802, -6450.74, 1.00214, -6450.88, 0.976637, -6449.58, -0.000202381, -0.000202353, -0.00020234, 0.0411656, 1.11168, 0.0422394, 0.103008, 0.0422991
280.202, 1.00802, -6450.96, 1.00214, -6451.1, 0.976637, -6449.8, -0.000202388, -0.000202361, -0.00020235, 0.0411656, 1.11168, 0.0422394, 0.103008, 0.0423007
280.253, 1.00802, -6451.18, 1.00214, -6451.32, 0.976637, -6450.01, -0.000202388, -0.000202397, -0.000202378, 0.0411656, 1.11168, 0.0422394, 0.103008, 0.0423021
280.303, 1.00802, -6451.4, 1.00214, -6451.54, 0.976637, -6450.23, -0.000202385, -0.000202384, -0.000202376, 0.0411656, 1.11168, 0.0422395, 0.103007, 0.0423034
280.353, 1.00802, -6451.62, 1.00214, -6451.75, 0.976638, -6450.45, -0.000202395, -0.000202378, -0.000202387, 0.0411656, 1.11168, 0.0422394, 0.103008, 0.0423045
280.404, 1.00802, -6451.83, 1.00214, -6451.97, 0.976637, -6450.67, -0.000202355, -0.000202366, -0.000202375, 0.0411656, 1.11168, 0.0422396, 0.103008, 0.0423055
280.454, 1.00802, -6452.05, 1.00213, -6452.19, 0.976634, -6450.89, -0.000202377, -0.000202401, -0.000202367, 0.0411656, 1.11168, 0.0422395, 0.103007, 0.0423064
280.504, 1.00801, -6452.27, 1.00213, -6452.41, 0.976628, -6451.11, -0.000202397, -0.000202395, -0.000202445, 0.0411656, 1.11168, 0.0422394, 0.103006, 0.0423071
280.555, 1.00801, -6452.49, 1.00212, -6452.63, 0.976622, -6451.33, -0.000202388, -0.000202389, -0.000202349, 0.0411656, 1.11168, 0.0422392, 0.103005, 0.0423077
280.605, 1.008, -6452.71, 1.00212, -6452.85, 0.976616, -6451.54, -0.000202387, -0.000202409, -0.000202401, 0.0411656, 1.11168, 0.0422396, 0.103004, 0.0423081
280.655, 1.00799, -6452.93, 1.00211, -6453.07, 0.97661, -6451.76, -0.000202389, -0.000202376, -0.000202384, 0.0411656, 1.11168, 0.0422393, 0.103002, 0.0423084
280.706, 1.00799, -6453.15, 1.00211, -6453.28, 0.976605, -6451.98, -0.000202374, -0.000202363, -0.000202384, 0.0411656, 1.11168, 0.0422396, 0.103001, 0.0423086
280.756, 1.00798, -6453.36, 1.0021, -6453.5, 0.976599, -6452.2, -0.000202388, -0.000202381, -0.000202399, 0.0411656, 1.11168, 0.0422397, 0.103, 0.0423086
280.807, 1.00798, -6453.58, 1.00209, -6453.72, 0.976593, -6452.42, -0.000202362, -0.000202368, -0.000202362, 0.0411656, 1.11168, 0.0422396, 0.102999, 0.0423085
280.857, 1.00797, -6453.8, 1.00209, -6453.94, 0.976587, -6452.64, -0.000202359, -0.000202368, -0.000202375, 0.0411656, 1.11168, 0.0422392, 0.102998, 0.0423083
280.907, 1.00796, -6454.02, 1.00208, -6454.16, 0.976581, -6452.86, -0.000202379, -0.00020237, -0.0002024, 0.0411656, 1.11168, 0.042239, 0.102997, 0.0423079
280.958, 1.00796, -6454.24, 1.00208, -6454.38, 0.976575, -6453.07, -0.000202393, -0.000202404, -0.00020243, 0.0411656, 1.11168, 0.0422393, 0.102995, 0.0423075
281.001, 1.00795, -6454.43, 1.00207, -6454.56, 0.97657, -6453.26, -0.000202386, -0.00020237, -0.000202382, 0.0411656, 1.11168, 0.0422391, 0.102995, 0.042307
281.001, 1.00795, -6454.43, 1.00207, -6454.56, 0.976569, -6453.26, -0.000202386, -0.00020237, -0.000202382, 0.0412466, 1.11168, 0.0422392, 0.102998, 0.042307
281.051, 1.00795, -6454.64, 1.00207, -6454.78, 0.976564, -6453.48, -0.00019352, -0.000193518, -0.000193442, 0.0412466, 1.11168, 0.0422395, 0.102993, 0.0423084
281.102, 1.00794, -6454.84, 1.00206, -6454.98, 0.976558, -6453.68, -0.000182128, -0.000182153, -0.000182156, 0.0412466, 1.11168, 0.0422392, 0.102992, 0.0423095
281.152, 1.00794, -6455.04, 1.00205, -6455.18, 0.976552, -6453.87, -0.00018216, -0.000182147, -0.00018215, 0.0412466, 1.11168, 0.0422395, 0.102991, 0.0423105
281.202, 1.00793, -6455.23, 1.00205, -6455.37, 0.976546, -6454.07, -0.000182142, -0.000182136, -0.000182129, 0.0412466, 1.11168, 0.0422393, 0.10299, 0.0423114
281.253, 1.00792, -6455.43, 1.00204, -6455.57, 0.97654, -6454.27, -0.000182172, -0.000182169, -0.000182185, 0.0412466, 1.11168, 0.0422396, 0.102989, 0.0423121
281.303, 1.00792, -6455.63, 1.00204, -6455.77, 0.976534, -6454.46, -0.000182169, -0.000182153, -0.000182162, 0.0412466, 1.11168, 0.0422395, 0.102988, 0.0423126
281.353, 1.00791, -6455.82, 1.00203, -6455.96, 0.976528, -6454.66, -0.000182114, -0.000182103, -0.000182119, 0.0412466, 1.11168, 0.0422394, 0.102986, 0.0423131
281.404, 1.00791, -6456.02, 1.00202, -6456.16, 0.976522, -6454.86, -0.00018216, -0.000182136, -0.000182172, 0.0412466, 1.11168, 0.0422397, 0.102985, 0.0423134
281.454, 1.0079, -6456.22, 1.00202, -6456.36, 0.976516, -6455.05, -0.000182131, -0.000182119, -0.000182096, 0.0412466, 1.11168, 0.0422396, 0.102984, 0.0423136
281.504, 1.0079, -6456.41, 1.00201, -6456.55, 0.97651, -6455.25, -0.00018218, -0.000182177, -0.000182161, 0.0412466, 1.11168, 0.0422396, 0.102983, 0.0423136
281.555, 1.00789, -6456.61, 1.00201, -6456.75, 0.976504, -6455.45, -0.00018214, -0.000182149, -0.000182158, 0.0412466, 1.11168, 0.0422394, 0.102982, 0.0423135
281.605, 1.00788, -6456.81, 1.002, -6456.95, 0.976498, -6455.64, -0.000182131, -0.000182145, -0.000182137, 0.0412466, 1.11168, 0.0422392, 0.102981, 0.0423133
281.656, 1.00788, -6457, 1.002, -6457.14, 0.976492, -6455.84, -0.000182158, -0.000182169, -0.00018217, 0.0412466, 1.11168, 0.0422393, 0.102979, 0.042313
281.706, 1.00787, -6457.2, 1.00199, -6457.34, 0.976489, -6456.04, -0.000182118, -0.000182118, -0.000182123, 0.0412466, 1.11168, 0.0422393, 0.102979, 0.0423125
281.756, 1.00787, -6457.4, 1.00199, -6457.54, 0.976489, -6456.23, -0.000182153, -0.000182152, -0.000182171, 0.0412466, 1.11168, 0.0422395, 0.102979, 0.042312
281.807, 1.00787, -6457.59, 1.00199, -6457.73, 0.976489, -6456.43, -0.000182148, -0.000182148, -0.00018215, 0.0412466, 1.11168, 0.0422396, 0.102979, 0.0423113
281.857, 1.00787, -6457.79, 1.00199, -6457.93, 0.976486, -6456.63, -0.000182172, -0.000182173, -0.000182143, 0.0412466, 1.11168, 0.0422394, 0.102978, 0.0423106
281.907, 1.00787, -6457.99, 1.00198, -6458.13, 0.97648, -6456.82, -0.00018216, -0.000182157, -0.000182163, 0.0412466, 1.11168, 0.0422392, 0.102977, 0.0423097
281.958, 1.00786, -6458.18, 1.00198, -6458.32, 0.976474, -6457.02, -0.000182125, -0.000182114, -0.000182121, 0.0412466, 1.11168, 0.0422396, 0.102976, 0.0423088
282.001, 1.00786, -6458.35, 1.00197, -6458.49, 0.976471, -6457.19, -0.000182145, -0.000182145, -0.00018214, 0.0412466, 1.11168, 0.0422392, 0.102975, 0.0423079
282.001, 1.00786, -6458.35, 1.00197, -6458.49, 0.97647, -6457.19, -0.000182145, -0.000182145, -0.00018214, 0.0413195, 1.11168, 0.0422393, 0.102978, 0.0423079
282.051, 1.00785, -6458.55, 1.00197, -6458.69, 0.976468, -6457.39, -0.000182151, -0.000182145, -0.000182126, 0.0413195, 1.11168, 0.0422397, 0.102974, 0.0423086
282.102, 1.00785, -6458.75, 1.00197, -6458.88, 0.976464, -6457.58, -0.000170426, -0.000170446, -0.000170387, 0.0413195, 1.11168, 0.0422393, 0.102974, 0.0423091
282.152, 1.00785, -6458.92, 1.00196, -6459.06, 0.97646, -6457.76, -0.00016188, -0.000161893, -0.000161875, 0.0413195, 1.11168, 0.0422395, 0.102973, 0.0423095
282.202, 1.00784, -6459.1, 1.00196, -6459.23, 0.976456, -6457.93, -0.000161912, -0.000161912, -0.000161888, 0.0413195, 1.11168, 0.0422394, 0.102972, 0.0423098
282.253, 1.00784, -6459.27, 1.00196, -6459.41, 0.976452, -6458.11, -0.000161922, -0.000161922, -0.000161919, 0.0413195, 1.11168, 0.0422394, 0.102971, 0.0423098
282.303, 1.00783, -6459.44, 1.00195, -6459.58, 0.976448, -6458.28, -0.000161895, -0.000161886, -0.000161898, 0.0413195, 1.11168, 0.0422393, 0.102971, 0.0423098
282.353, 1.00783, -6459.62, 1.00195, -6459.76, 0.976445, -6458.46, -0.000161923, -0.00016191, -0.000161912, 0.0413195, 1.11168, 0.0422394, 0.10297, 0.0423096
282.404, 1.00783, -6459.79, 1.00194, -6459.93, 0.976441, -6458.63, -0.000161926, -0.000161936, -0.000161935, 0.0413195, 1.11168, 0.0422392, 0.102969, 0.0423094
282.454, 1.00782, -6459.97, 1.00194, -6460.11, 0.976437, -6458.81, -0.000161944, -0.000161938, -0.000161946, 0.0413195, 1.11168, 0.0422393, 0.102969, 0.042309
282.504, 1.00782, -6460.14, 1.00194, -6460.28, 0.976434, -6458.98, -0.000161888, -0.000161885, -0.00016189, 0.0413195, 1.11168, 0.0422392, 0.102968, 0.0423085
282.555, 1.00782, -6460.32, 1.00193, -6460.46, 0.97643, -6459.15, -0.000161901, -0.000161896, -0.000161902, 0.0413195, 1.11168, 0.0422391, 0.102968, 0.042308
282.605, 1.00781, -6460.49, 1.00193, -6460.63, 0.976427, -6459.33, -0.000161913, -0.000161907, -0.000161896, 0.0413195, 1.11168, 0.0422395, 0.102967, 0.0423073
282.656, 1.00781, -6460.67, 1.00193, -6460.81, 0.976424, -6459.5, -0.000161922, -0.000161919, -0.000161916, 0.0413195, 1.11168, 0.0422395, 0.102966, 0.0423065
282.706, 1.00781, -6460.84, 1.00192, -6460.98, 0.976421, -6459.68, -0.000161924, -0.00016193, -0.000161898, 0.0413195, 1.11168, 0.0422394, 0.102965, 0.0423056
282.756, 1.0078, -6461.02, 1.00192, -6461.16, 0.976417, -6459.85, -0.000161913, -0.000161931, -0.000161913, 0.0413195, 1.11168, 0.0422391, 0.102965, 0.0423046
282.807, 1.0078, -6461.19, 1.00192, -6461.33, 0.976414, -6460.03, -0.000161881, -0.000161885, -0.000161898, 0.0413195, 1.11168, 0.0422393, 0.102964, 0.0423036
282.857, 1.0078, -6461.37, 1.00191, -6461.51, 0.97641, -6460.2, -0.000161893, -0.000161862, -0.00016187, 0.0413195, 1.11168, 0.042239, 0.102964, 0.0423024
282.907, 1.00779, -6461.54, 1.00191, -6461.68, 0.976407, -6460.38, -0.000161892, -0.000161874, -0.000161888, 0.0413195, 1.11168, 0.0422393, 0.102963, 0.0423011
282.958, 1.00779, -6461.72, 1.00191, -6461.86, 0.976403, -6460.55, -0.000161867, -0.000161882, -0.000161885, 0.0413195, 1.11168, 0.0422395, 0.102962, 0.0422998
283.001, 1.00779, -6461.87, 1.0019, -6462.01, 0.9764, -6460.7, -0.000161877, -0.00016188, -0.000161897, 0.0413195, 1.11168, 0.0422393, 0.102961, 0.0422986
283.001, 1.00779, -6461.87, 1.0019, -6462.01, 0.9764, -6460.7, -0.000161877, -0.00016188, -0.000161897, 0.0413842, 1.11168, 0.0422394, 0.102963, 0.0422986
283.051, 1.00778, -6462.04, 1.0019, -6462.18, 0.976397, -6460.88, -0.000161852, -0.000161871, -0.000161874, 0.0413842, 1.11168, 0.0422394, 0.102961, 0.0422987
283.102, 1.00778, -6462.22, 1.0019, -6462.36, 0.976393, -6461.05, -0.000161892, -0.000161889, -0.000161901, 0.0413842, 1.11168, 0.0422395, 0.10296, 0.0422987
283.152, 1.00778, -6462.39, 1.00189, -6462.53, 0.976389, -6461.23, -0.00016188, -0.000161892, -0.000161893, 0.0413842, 1.11168, 0.0422391, 0.102959, 0.0422985
283.202, 1.00777, -6462.57, 1.00189, -6462.71, 0.976386, -6461.4, -0.000161872, -0.000161873, -0.000161878, 0.0413842, 1.11168, 0.0422392, 0.102959, 0.0422983
283.253, 1.00777, -6462.74, 1.00189, -6462.88, 0.976382, -6461.58, -0.000161912, -0.000161918, -0.000161915, 0.0413842, 1.11168, 0.0422393, 0.102958, 0.0422979
283.303, 1.00777, -6462.9, 1.00188, -6463.04, 0.976378, -6461.74, -0.00014166, -0.000141681, -0.000141672, 0.0413842, 1.11168, 0.0422392, 0.102957, 0.0422974
283.353, 1.00776, -6463.06, 1.00188, -6463.2, 0.976375, -6461.89, -0.000141674, -0.000141661, -0.000141673, 0.0413842, 1.11168, 0.0422392, 0.102957, 0.0422968
283.404, 1.00776, -6463.21, 1.00188, -6463.35, 0.976372, -6462.05, -0.000141655, -0.00014165, -0.000141626, 0.0413842, 1.11168, 0.0422391, 0.102956, 0.0422962
283.454, 1.00776, -6463.36, 1.00187, -6463.5, 0.976369, -6462.2, -0.000141636, -0.000141646, -0.000141653, 0.0413842, 1.11168, 0.0422392, 0.102955, 0.0422954
283.505, 1.00775, -6463.52, 1.00187, -6463.65, 0.976366, -6462.35, -0.000141685, -0.000141659, -0.00014166, 0.0413842, 1.11168, 0.0422391, 0.102955, 0.0422946
283.555, 1.00775, -6463.67, 1.00187, -6463.81, 0.976363, -6462.51, -0.000141679, -0.000141668, -0.000141673, 0.0413842, 1.11168, 0.0422391, 0.102954, 0.0422937
283.605, 1.00775, -6463.82, 1.00186, -6463.96, 0.97636, -6462.66, -0.000141692, -0.000141667, -0.000141691, 0.0413842, 1.11168, 0.0422392, 0.102953, 0.0422927
283.656, 1.00774, -6463.98, 1.00186, -6464.11, 0.976357, -6462.81, -0.000141666, -0.000141654, -0.000141675, 0.0413842, 1.11168, 0.0422391, 0.102953, 0.0422916
283.706, 1.00774, -6464.13, 1.00186, -6464.27, 0.976354, -6462.96, -0.000141656, -0.000141678, -0.000141677, 0.0413842, 1.11168, 0.0422394, 0.102953, 0.0422904
283.756, 1.00774, -6464.28, 1.00186, -6464.42, 0.976351, -6463.12, -0.000141666, -0.000141661, -0.000141652, 0.0413842, 1.11168, 0.0422392, 0.102952, 0.0422891
283.807, 1.00773, -6464.43, 1.00185, -6464.57, 0.976348, -6463.27, -0.000141672, -0.000141673, -0.00014167, 0.0413842, 1.11168, 0.042239, 0.102952, 0.0422878
283.857, 1.00773, -6464.59, 1.00185, -6464.73, 0.976345, -6463.42, -0.000141656, -0.00014167, -0.000141648, 0.0413842, 1.11168, 0.0422396, 0.10295, 0.0422864
283.907, 1.00773, -6464.74, 1.00185, -6464.88, 0.976342, -6463.58, -0.000141661, -0.000141647, -0.000141656, 0.0413842, 1.11168, 0.0422392, 0.10295, 0.042285
283.958, 1.00773, -6464.89, 1.00184, -6465.03, 0.976339, -6463.73, -0.000141629, -0.000141646, -0.000141639, 0.0413842, 1.11168, 0.0422392, 0.10295, 0.0422834
284, 1.00772, -6465.02, 1.00184, -6465.16, 0.976336, -6463.86, -0.000141675, -0.000141677, -0.000141672, 0.0413842, 1.11168, 0.0422394, 0.102949, 0.0422821
284, 1.00772, -6465.02, 1.00184, -6465.16, 0.976336, -6463.86, -0.000141675, -0.000141677, -0.000141672, 0.0414409, 1.11168, 0.0422391, 0.102951, 0.0422821
284.05, 1.00772, -6465.17, 1.00184, -6465.31, 0.976334, -6464.01, -0.000141689, -0.000141675, -0.000141693, 0.0414409, 1.11168, 0.0422393, 0.102949, 0.0422818
284.101, 1.00772, -6465.33, 1.00184, -6465.47, 0.97633, -6464.16, -0.000141656, -0.00014166, -0.000141671, 0.0414409, 1.11168, 0.0422395, 0.102948, 0.0422814
284.151, 1.00771, -6465.48, 1.00183, -6465.62, 0.976327, -6464.32, -0.000141652, -0.000141665, -0.000141651, 0.0414409, 1.11168, 0.0422392, 0.102948, 0.042281
284.201, 1.00771, -6465.63, 1.00183, -6465.77, 0.976324, -6464.47, -0.000141685, -0.00014168, -0.000141674, 0.0414409, 1.11168, 0.0422393, 0.102946, 0.0422804
284.252, 1.00771, -6465.79, 1.00183, -6465.92, 0.976321, -6464.62, -0.000141657, -0.000141658, -0.000141667, 0.0414409, 1.11168, 0.0422393, 0.102946, 0.0422798
284.302, 1.00771, -6465.94, 1.00182, -6466.08, 0.976318, -6464.78, -0.000141638, -0.000141649, -0.000141655, 0.0414409, 1.11168, 0.0422393, 0.102946, 0.042279
284.352, 1.0077, -6466.09, 1.00182, -6466.23, 0.976315, -6464.93, -0.000141661, -0.00014166, -0.000141679, 0.0414409, 1.11168, 0.0422391, 0.102945, 0.0422782
284.403, 1.0077, -6466.25, 1.00182, -6466.38, 0.976312, -6465.08, -0.00014168, -0.000141687, -0.000141685, 0.0414409, 1.11168, 0.0422391, 0.102945, 0.0422773
284.453, 1.0077, -6466.4, 1.00182, -6466.54, 0.97631, -6465.23, -0.000141663, -0.000141663, -0.000141672, 0.0414409, 1.11168, 0.0422393, 0.102944, 0.0422763
284.504, 1.00769, -6466.55, 1.00181, -6466.69, 0.976307, -6465.39, -0.000141666, -0.000141679, -0.000141677, 0.0414409, 1.11168, 0.0422391, 0.102944, 0.0422753
284.554, 1.00769, -6466.71, 1.00181, -6466.84, 0.976305, -6465.54, -0.000141667, -0.000141663, -0.000141654, 0.0414409, 1.11168, 0.0422392, 0.102943, 0.0422742
284.604, 1.00769, -6466.86, 1.00181, -6467, 0.976302, -6465.69, -0.00014165, -0.000141655, -0.000141665, 0.0414409, 1.11168, 0.0422394, 0.102942, 0.042273
284.655, 1.00769, -6467.01, 1.00181, -6467.15, 0.9763, -6465.85, -0.000141672, -0.000141662, -0.000141652, 0.0414409, 1.11168, 0.0422394, 0.102942, 0.0422717
284.705, 1.00769, -6467.15, 1.0018, -6467.29, 0.976298, -6465.99, -0.000121434, -0.000121429, -0.000121436, 0.0414409, 1.11168, 0.0422391, 0.102942, 0.0422703
284.755, 1.00768, -6467.28, 1.0018, -6467.42, 0.976295, -6466.12, -0.000121433, -0.000121429, -0.000121429, 0.0414409, 1.11168, 0.0422391, 0.102942, 0.0422689
284.806, 1.00768, -6467.41, 1.0018, -6467.55, 0.976293, -6466.25, -0.000121423, -0.000121434, -0.000121432, 0.0414409, 1.11168, 0.0422394, 0.102941, 0.0422675
284.856, 1.00768, -6467.54, 1.0018, -6467.68, 0.976291, -6466.38, -0.000121426, -0.000121425, -0.000121421, 0.0414409, 1.11168, 0.0422392, 0.10294, 0.042266
284.906, 1.00768, -6467.68, 1.00179, -6467.81, 0.976288, -6466.51, -0.000121417, -0.000121411, -0.00012141, 0.0414409, 1.11168, 0.0422392, 0.10294, 0.0422644
284.957, 1.00767, -6467.81, 1.00179, -6467.94, 0.976286, -6466.64, -0.000121427, -0.000121435, -0.00012143, 0.0414409, 1.11168, 0.0422394, 0.102939, 0.0422628
285, 1.00767, -6467.92, 1.00179, -6468.06, 0.976284, -6466.76, -0.000121409, -0.000121406, -0.000121406, 0.0414409, 1.11168, 0.0422392, 0.102939, 0.0422613
285, 1.00767, -6467.92, 1.00179, -6468.06, 0.976283, -6466.76, -0.000121409, -0.000121406, -0.000121406, 0.0414894, 1.11168, 0.042239, 0.102941, 0.0422613
285.05, 1.00767, -6468.05, 1.00179, -6468.19, 0.976281, -6466.89, -0.000121428, -0.000121441, -0.000121437, 0.0414894, 1.11168, 0.0422393, 0.102939, 0.0422608
285.101, 1.00767, -6468.18, 1.00179, -6468.32, 0.976279, -6467.02, -0.000121417, -0.000121428, -0.000121434, 0.0414894, 1.11168, 0.0422392, 0.102938, 0.0422601
285.151, 1.00766, -6468.31, 1.00178, -6468.45, 0.976277, -6467.15, -0.00012143, -0.000121436, -0.000121435, 0.0414894, 1.11168, 0.0422392, 0.102938, 0.0422594
285.201, 1.00766, -6468.44, 1.00178, -6468.58, 0.976274, -6467.28, -0.000121445, -0.000121454, -0.000121448, 0.0414894, 1.11168, 0.0422394, 0.102937, 0.0422586
285.252, 1.00766, -6468.58, 1.00178, -6468.71, 0.976272, -6467.41, -0.000121441, -0.00012142, -0.000121424, 0.0414894, 1.11168, 0.0422392, 0.102937, 0.0422577
285.302, 1.00766, -6468.71, 1.00178, -6468.84, 0.97627, -6467.54, -0.000121432, -0.000121446, -0.000121433, 0.0414894, 1.11168, 0.0422393, 0.102936, 0.0422568
285.353, 1.00766, -6468.84, 1.00177, -6468.98, 0.976267, -6467.67, -0.00012142, -0.000121419, -0.000121429, 0.0414894, 1.11168, 0.0422391, 0.102936, 0.0422558
285.403, 1.00765, -6468.97, 1.00177, -6469.11, 0.976265, -6467.8, -0.000121415, -0.000121419, -0.000121424, 0.0414894, 1.11168, 0.0422392, 0.102935, 0.0422547
285.453, 1.00765, -6469.1, 1.00177, -6469.24, 0.976263, -6467.94, -0.000121421, -0.000121423, -0.000121421, 0.0414894, 1.11168, 0.0422391, 0.102936, 0.0422535
285.504, 1.00765, -6469.23, 1.00177, -6469.37, 0.976261, -6468.07, -0.000121421, -0.000121431, -0.000121436, 0.0414894, 1.11168, 0.0422393, 0.102935, 0.0422523
285.554, 1.00765, -6469.36, 1.00177, -6469.5, 0.97626, -6468.2, -0.000121424, -0.000121426, -0.000121433, 0.0414894, 1.11168, 0.0422393, 0.102934, 0.0422511
285.604, 1.00765, -6469.49, 1.00176, -6469.63, 0.976258, -6468.33, -0.00012143, -0.000121429, -0.000121432, 0.0414894, 1.11168, 0.0422393, 0.102934, 0.0422498
285.655, 1.00764, -6469.62, 1.00176, -6469.76, 0.976256, -6468.46, -0.000121421, -0.000121432, -0.000121436, 0.0414894, 1.11168, 0.0422393, 0.102933, 0.0422484
285.705, 1.00764, -6469.76, 1.00176, -6469.89, 0.976254, -6468.59, -0.000121422, -0.000121433, -0.000121421, 0.0414894, 1.11168, 0.0422391, 0.102933, 0.042247
285.755, 1.00764, -6469.89, 1.00176, -6470.02, 0.976252, -6468.72, -0.000121429, -0.000121441, -0.000121433, 0.0414894, 1.11168, 0.0422391, 0.102933, 0.0422456
285.806, 1.00764, -6470.02, 1.00176, -6470.16, 0.976251, -6468.85, -0.000121417, -0.00012142, -0.000121423, 0.0414894, 1.11168, 0.0422392, 0.102933, 0.0422441
285.856, 1.00764, -6470.15, 1.00176, -6470.29, 0.976249, -6468.98, -0.000121431, -0.000121418, -0.000121439, 0.0414894, 1.11168, 0.0422392, 0.102932, 0.0422427
285.906, 1.00764, -6470.28, 1.00175, -6470.42, 0.976247, -6469.12, -0.000121406, -0.000121415, -0.000121426, 0.0414894, 1.11168, 0.0422391, 0.102932, 0.0422411
285.957, 1.00763, -6470.41, 1.00175, -6470.55, 0.976246, -6469.25, -0.000121418, -0.000121405, -0.000121411, 0.0414894, 1.11168, 0.0422391, 0.102932, 0.0422395
286, 1.00763, -6470.52, 1.00175, -6470.66, 0.976244, -6469.36, -0.000121427, -0.00012143, -0.000121423, 0.0414894, 1.11168, 0.0422391, 0.102932, 0.042238
286, 1.00763, -6470.52, 1.00175, -6470.66, 0.976244, -6469.36, -0.000121427, -0.00012143, -0.000121423, 0.041538, 1.11168, 0.042239, 0.102934, 0.042238
286.05, 1.00763, -6470.66, 1.00175, -6470.79, 0.976242, -6469.49, -0.00012141, -0.00012141, -0.000121418, 0.041538, 1.11168, 0.0422392, 0.102931, 0.0422375
286.101, 1.00763, -6470.79, 1.00175, -6470.92, 0.976241, -6469.62, -0.000121428, -0.00012142, -0.000121435, 0.041538, 1.11168, 0.0422391, 0.102931, 0.0422369
286.151, 1.00763, -6470.92, 1.00175, -6471.06, 0.976239, -6469.75, -0.000121428, -0.000121419, -0.00012142, 0.041538, 1.11168, 0.0422392, 0.102931, 0.0422364
286.201, 1.00763, -6471.05, 1.00174, -6471.19, 0.976237, -6469.88, -0.000121422, -0.000121437, -0.000121427, 0.041538, 1.11168, 0.0422392, 0.10293, 0.0422357
286.252, 1.00762, -6471.18, 1.00174, -6471.32, 0.976236, -6470.02, -0.000121422, -0.000121425, -0.000121433, 0.041538, 1.11168, 0.0422391, 0.10293, 0.042235
286.302, 1.00762, -6471.31, 1.00174, -6471.45, 0.976234, -6470.15, -0.000121446, -0.000121443, -0.000121452, 0.041538, 1.11168, 0.0422392, 0.102929, 0.0422342
286.353, 1.00762, -6471.44, 1.00174, -6471.58, 0.976233, -6470.28, -0.000121422, -0.000121428, -0.000121428, 0.041538, 1.11168, 0.0422393, 0.102929, 0.0422333
286.403, 1.00762, -6471.57, 1.00174, -6471.71, 0.976231, -6470.41, -0.000121425, -0.000121431, -0.000121424, 0.041538, 1.11168, 0.0422392, 0.102929, 0.0422324
286.453, 1.00762, -6471.7, 1.00174, -6471.84, 0.97623, -6470.54, -0.000121414, -0.000121424, -0.00012142, 0.041538, 1.11168, 0.0422391, 0.102929, 0.0422314
286.504, 1.00762, -6471.84, 1.00174, -6471.97, 0.976229, -6470.67, -0.000121455, -0.000121451, -0.000121456, 0.041538, 1.11168, 0.0422392, 0.102928, 0.0422304
286.554, 1.00762, -6471.96, 1.00174, -6472.1, 0.976228, -6470.8, -0.000102706, -0.000102708, -0.000102698, 0.041538, 1.11168, 0.0422392, 0.102928, 0.0422293
286.604, 1.00762, -6472.07, 1.00173, -6472.21, 0.976227, -6470.91, -0.000101186, -0.000101183, -0.000101187, 0.041538, 1.11168, 0.0422392, 0.102928, 0.0422282
286.655, 1.00761, -6472.18, 1.00173, -6472.32, 0.976226, -6471.02, -0.000101186, -0.000101178, -0.000101185, 0.041538, 1.11168, 0.0422391, 0.102929, 0.0422271
286.705, 1.00761, -6472.29, 1.00173, -6472.43, 0.976225, -6471.13, -0.00010118, -0.000101183, -0.00010119, 0.041538, 1.11168, 0.0422393, 0.102928, 0.0422259
286.755, 1.00761, -6472.4, 1.00173, -6472.54, 0.976224, -6471.24, -0.000101188, -0.000101191, -0.000101192, 0.041538, 1.11168, 0.0422392, 0.102928, 0.0422247
286.806, 1.00761, -6472.51, 1.00173, -6472.65, 0.976223, -6471.34, -0.000101192, -0.000101198, -0.000101197, 0.041538, 1.11168, 0.0422392, 0.102928, 0.0422233
286.856, 1.00761, -6472.62, 1.00173, -6472.76, 0.976222, -6471.45, -0.000101198, -0.000101194, -0.0001012, 0.041538, 1.11168, 0.0422391, 0.102928, 0.0422219
286.906, 1.00761, -6472.73, 1.00173, -6472.87, 0.976221, -6471.56, -0.000101194, -0.000101195, -0.000101192, 0.041538, 1.11168, 0.0422391, 0.102928, 0.0422205
286.957, 1.00761, -6472.84, 1.00173, -6472.97, 0.976221, -6471.67, -0.000101199, -0.000101197, -0.000101191, 0.041538, 1.11168, 0.0422391, 0.102928, 0.042219
287, 1.00761, -6472.93, 1.00173, -6473.07, 0.97622, -6471.77, -0.000101185, -0.000101183, -0.00010119, 0.041538, 1.11168, 0.0422391, 0.102927, 0.0422178
287, 1.00761, -6472.93, 1.00173, -6473.07, 0.976219, -6471.77, -0.000101185, -0.000101183, -0.00010119, 0.0415785, 1.11168, 0.0422391, 0.102928, 0.0422178
287.05, 1.00761, -6473.04, 1.00173, -6473.18, 0.976219, -6471.88, -0.000101184, -0.000101189, -0.000101185, 0.0415785, 1.11168, 0.0422393, 0.102926, 0.0422173
287.101, 1.00761, -6473.15, 1.00173, -6473.29, 0.976218, -6471.98, -0.000101185, -0.000101186, -0.000101178, 0.0415785, 1.11168, 0.0422391, 0.102927, 0.0422167
287.151, 1.00761, -6473.26, 1.00172, -6473.4, 0.976217, -6472.09, -0.0001012, -0.000101203, -0.000101194, 0.0415785, 1.11168, 0.0422393, 0.102926, 0.0422161
287.202, 1.0076, -6473.37, 1.00172, -6473.51, 0.976216, -6472.2, -0.00010121, -0.000101206, -0.000101195, 0.0415785, 1.11168, 0.0422391, 0.102927, 0.0422155
287.252, 1.0076, -6473.48, 1.00172, -6473.62, 0.976215, -6472.31, -0.000101197, -0.000101201, -0.000101201, 0.0415785, 1.11168, 0.0422392, 0.102926, 0.0422148
287.302, 1.0076, -6473.59, 1.00172, -6473.72, 0.976215, -6472.42, -0.000101184, -0.000101186, -0.000101192, 0.0415785, 1.11168, 0.0422391, 0.102926, 0.0422141
287.353, 1.0076, -6473.7, 1.00172, -6473.83, 0.976214, -6472.53, -0.000101188, -0.000101183, -0.000101179, 0.0415785, 1.11168, 0.0422391, 0.102926, 0.0422133
287.403, 1.0076, -6473.8, 1.00172, -6473.94, 0.976213, -6472.64, -0.000101193, -0.000101196, -0.000101192, 0.0415785, 1.11168, 0.0422393, 0.102925, 0.0422125
287.453, 1.0076, -6473.91, 1.00172, -6474.05, 0.976213, -6472.75, -0.000101181, -0.000101187, -0.000101183, 0.0415785, 1.11168, 0.0422392, 0.102925, 0.0422116
287.504, 1.0076, -6474.02, 1.00172, -6474.16, 0.976212, -6472.86, -0.000101195, -0.000101191, -0.000101197, 0.0415785, 1.11168, 0.0422392, 0.102926, 0.0422107
287.554, 1.0076, -6474.13, 1.00172, -6474.27, 0.976212, -6472.97, -0.000101187, -0.000101192, -0.000101191, 0.0415785, 1.11168, 0.0422393, 0.102925, 0.0422098
287.604, 1.0076, -6474.24, 1.00172, -6474.38, 0.976212, -6473.08, -0.000101179, -0.00010118, -0.000101181, 0.0415785, 1.11168, 0.0422392, 0.102925, 0.0422087
287.655, 1.0076, -6474.35, 1.00172, -6474.49, 0.976212, -6473.19, -0.000101192, -0.000101189, -0.000101187, 0.0415785, 1.11168, 0.0422391, 0.102925, 0.0422077
287.705, 1.0076, -6474.46, 1.00172, -6474.6, 0.976211, -6473.3, -0.000101181, -0.000101183, -0.000101188, 0.0415785, 1.11168, 0.0422392, 0.102925, 0.0422067
287.755, 1.0076, -6474.57, 1.00172, -6474.71, 0.976211, -6473.41, -0.000101179, -0.000101186, -0.00010118, 0.0415785, 1.11168, 0.0422392, 0.102925, 0.0422056
287.806, 1.0076, -6474.68, 1.00172, -6474.82, 0.976211, -6473.51, -0.00010119, -0.00010119, -0.000101189, 0.0415785, 1.11168, 0.0422391, 0.102925, 0.0422044
287.856, 1.0076, -6474.79, 1.00172, -6474.93, 0.976211, -6473.62, -0.000101178, -0.000101182, -0.000101183, 0.0415785, 1.11168, 0.0422391, 0.102925, 0.0422033
287.906, 1.0076, -6474.9, 1.00172, -6475.04, 0.97621, -6473.73, -0.000101189, -0.000101194, -0.00010119, 0.0415785, 1.11168, 0.0422391, 0.102925, 0.0422021
287.957, 1.0076, -6475.01, 1.00172, -6475.14, 0.97621, -6473.84, -0.000101187, -0.000101187, -0.000101185, 0.0415785, 1.11168, 0.0422392, 0.102925, 0.0422009
288, 1.0076, -6475.1, 1.00172, -6475.24, 0.97621, -6473.94, -0.000101181, -0.000101189, -0.000101185, 0.0415785, 1.11168, 0.0422392, 0.102925, 0.0421998
288, 1.0076, -6475.1, 1.00172, -6475.24, 0.976209, -6473.94, -0.000101181, -0.000101189, -0.000101185, 0.041619, 1.11168, 0.042239, 0.102927, 0.0421997
288.05, 1.0076, -6475.21, 1.00172, -6475.35, 0.97621, -6474.05, -0.000101191, -0.000101188, -0.000101192, 0.041619, 1.11168, 0.0422392, 0.102925, 0.0421995
288.101, 1.0076, -6475.32, 1.00172, -6475.46, 0.976209, -6474.15, -0.000101192, -0.000101192, -0.000101192, 0.041619, 1.11168, 0.0422392, 0.102925, 0.0421992
288.151, 1.0076, -6475.43, 1.00172, -6475.57, 0.976209, -6474.26, -0.00010118, -0.000101185, -0.000101185, 0.041619, 1.11168, 0.0422392, 0.102925, 0.0421988
288.202, 1.0076, -6475.54, 1.00172, -6475.68, 0.976209, -6474.37, -0.000101188, -0.000101192, -0.000101186, 0.041619, 1.11168, 0.0422392, 0.102924, 0.0421984
288.252, 1.0076, -6475.65, 1.00172, -6475.79, 0.976208, -6474.48, -0.000101203, -0.000101194, -0.000101198, 0.041619, 1.11168, 0.0422392, 0.102925, 0.0421979
288.302, 1.0076, -6475.76, 1.00172, -6475.89, 0.976208, -6474.59, -0.000101186, -0.00010119, -0.000101188, 0.041619, 1.11168, 0.0422392, 0.102925, 0.0421973
288.353, 1.0076, -6475.87, 1.00172, -6476, 0.976208, -6474.7, -0.000101186, -0.000101183, -0.00010118, 0.041619, 1.11168, 0.0422392, 0.102924, 0.0421968
288.403, 1.0076, -6475.97, 1.00172, -6476.11, 0.976208, -6474.81, -0.000101195, -0.000101195, -0.000101199, 0.041619, 1.11168, 0.0422392, 0.102924, 0.0421961
288.453, 1.0076, -6476.08, 1.00172, -6476.22, 0.976208, -6474.92, -0.000101194, -0.000101185, -0.000101188, 0.041619, 1.11168, 0.0422392, 0.102925, 0.0421954
288.504, 1.0076, -6476.19, 1.00172, -6476.33, 0.976208, -6475.03, -0.000101185, -0.000101185, -0.000101184, 0.041619, 1.11168, 0.0422392, 0.102925, 0.0421947
288.554, 1.0076, -6476.3, 1.00172, -6476.44, 0.976208, -6475.14, -0.000101186, -0.000101194, -0.000101193, 0.041619, 1.11168, 0.0422392, 0.102925, 0.0421939
288.604, 1.0076, -6476.41, 1.00172, -6476.55, 0.976208, -6475.25, -0.00010119, -0.000101192, -0.000101192, 0.041619, 1.11168, 0.0422392, 0.102924, 0.0421931
288.655, 1.0076, -6476.52, 1.00172, -6476.66, 0.976208, -6475.36, -0.000101194, -0.000101195, -0.000101198, 0.041619, 1.11168, 0.0422392, 0.102925, 0.0421923
288.705, 1.0076, -6476.63, 1.00172, -6476.77, 0.976208, -6475.47, -0.000101192, -0.000101188, -0.000101191, 0.041619, 1.11168, 0.0422391, 0.102925, 0.0421915
288.755, 1.0076, -6476.74, 1.00172, -6476.88, 0.976208, -6475.58, -0.000101191, -0.000101191, -0.00010119, 0.041619, 1.11168, 0.0422392, 0.102924, 0.0421906
288.806, 1.0076, -6476.85, 1.00172, -6476.99, 0.976208, -6475.68, -0.000101183, -0.000101184, -0.000101185, 0.041619, 1.11168, 0.0422392, 0.102925, 0.0421896
288.856, 1.0076, -6476.96, 1.00172, -6477.1, 0.976208, -6475.79, -0.000101187, -0.00010119, -0.000101188, 0.041619, 1.11168, 0.0422392, 0.102924, 0.0421887
288.906, 1.0076, -6477.07, 1.00172, -6477.21, 0.976208, -6475.9, -0.000101189, -0.00010119, -0.00010119, 0.041619, 1.11168, 0.0422392, 0.102924, 0.0421877
288.957, 1.0076, -6477.18, 1.00172, -6477.31, 0.976208, -6476.01, -0.000101188, -0.000101188, -0.000101187, 0.041619, 1.11168, 0.0422391, 0.102925, 0.0421867
289, 1.0076, -6477.27, 1.00172, -6477.41, 0.976208, -6476.11, -0.000101186, -0.000101183, -0.000101184, 0.041619, 1.11168, 0.0422392, 0.102925, 0.0421858
289, 1.0076, -6477.27, 1.00172, -6477.41, 0.976208, -6476.11, -0.000101186, -0.000101183, -0.000101184, 0.0416594, 1.11168, 0.0422391, 0.102925, 0.0421858
289.051, 1.0076, -6477.38, 1.00172, -6477.52, 0.976208, -6476.22, -0.00010119, -0.00010119, -0.000101191, 0.0416594, 1.11168, 0.0422391, 0.102925, 0.0421859
289.101, 1.0076, -6477.49, 1.00172, -6477.63, 0.976208, -6476.33, -0.000101188, -0.000101188, -0.000101186, 0.0416594, 1.11168, 0.0422392, 0.102924, 0.0421859
289.151, 1.0076, -6477.6, 1.00172, -6477.74, 0.976208, -6476.43, -0.000101182, -0.000101185, -0.000101186, 0.0416594, 1.11168, 0.0422392, 0.102925, 0.0421858
289.202, 1.0076, -6477.71, 1.00172, -6477.85, 0.976208, -6476.54, -0.000101187, -0.000101188, -0.000101185, 0.0416594, 1.11168, 0.0422392, 0.102924, 0.0421856
289.252, 1.0076, -6477.82, 1.00172, -6477.96, 0.976208, -6476.65, -0.000101188, -0.000101187, -0.000101189, 0.0416594, 1.11168, 0.0422392, 0.102924, 0.0421854
289.302, 1.0076, -6477.93, 1.00172, -6478.06, 0.976208, -6476.76, -0.000101187, -0.000101188, -0.000101188, 0.0416594, 1.11168, 0.0422392, 0.102925, 0.0421852
289.353, 1.0076, -6478.04, 1.00172, -6478.17, 0.976208, -6476.87, -0.00010119, -0.000101188, -0.000101187, 0.0416594, 1.11168, 0.0422391, 0.102926, 0.0421849
289.403, 1.0076, -6478.15, 1.00172, -6478.28, 0.976208, -6476.98, -0.000101186, -0.000101188, -0.000101188, 0.0416594, 1.11168, 0.0422392, 0.102924, 0.0421845
289.453, 1.0076, -6478.25, 1.00172, -6478.39, 0.976208, -6477.09, -0.000101188, -0.000101188, -0.000101188, 0.0416594, 1.11168, 0.0422392, 0.102925, 0.0421842
289.504, 1.0076, -6478.36, 1.00172, -6478.5, 0.976208, -6477.2, -0.000101188, -0.000101187, -0.000101188, 0.0416594, 1.11168, 0.0422392, 0.102925, 0.0421839
289.554, 1.0076, -6478.47, 1.00172, -6478.61, 0.976208, -6477.31, -0.00010119, -0.000101191, -0.000101191, 0.0416594, 1.11168, 0.0422392, 0.102925, 0.0421835
289.604, 1.0076, -6478.58, 1.00172, -6478.72, 0.976208, -6477.42, -9.61254e-05, -9.61252e-05, -9.60209e-05, 0.0416594, 1.11168, 0.0422391, 0.102925, 0.0421831
289.655, 1.0076, -6478.67, 1.00172, -6478.81, 0.976208, -6477.5, -8.09516e-05, -8.09513e-05, -8.09511e-05, 0.0416594, 1.11168, 0.0422392, 0.102925, 0.0421826
289.705, 1.0076, -6478.76, 1.00172, -6478.89, 0.976208, -6477.59, -8.09509e-05, -8.09506e-05, -8.09506e-05, 0.0416594, 1.11168, 0.0422392, 0.102924, 0.0421822
289.755, 1.0076, -6478.84, 1.00172, -6478.98, 0.976208, -6477.68, -8.09504e-05, -8.09512e-05, -8.0953e-05, 0.0416594, 1.11168, 0.0422392, 0.102925, 0.0421817
289.806, 1.0076, -6478.93, 1.00172, -6479.07, 0.976208, -6477.77, -8.09492e-05, -8.09504e-05, -8.09507e-05, 0.0416594, 1.11168, 0.0422392, 0.102925, 0.0421811
289.856, 1.0076, -6479.02, 1.00172, -6479.16, 0.976208, -6477.85, -8.09509e-05, -8.09513e-05, -8.09521e-05, 0.0416594, 1.11168, 0.0422392, 0.102925, 0.0421806
289.907, 1.0076, -6479.11, 1.00172, -6479.24, 0.976208, -6477.94, -8.09535e-05, -8.09526e-05, -8.09519e-05, 0.0416594, 1.11168, 0.0422392, 0.102924, 0.04218
289.957, 1.0076, -6479.19, 1.00172, -6479.33, 0.976208, -6478.03, -8.09517e-05, -8.09515e-05, -8.09515e-05, 0.0416594, 1.11168, 0.0422391, 0.102925, 0.0421794
290, 1.0076, -6479.27, 1.00172, -6479.41, 0.976208, -6478.1, -8.09528e-05, -8.09519e-05, -8.09516e-05, 0.0416594, 1.11168, 0.0422392, 0.102924, 0.0421788
290, 1.0076, -6479.27, 1.00172, -6479.41, 0.976208, -6478.1, -8.09528e-05, -8.09519e-05, -8.09516e-05, 0.0416918, 1.11168, 0.0422391, 0.102927, 0.0421788
290.051, 1.0076, -6479.36, 1.00172, -6479.49, 0.976208, -6478.19, -8.09518e-05, -8.09516e-05, -8.09519e-05, 0.0416918, 1.11168, 0.0422392, 0.102925, 0.042179
290.101, 1.0076, -6479.44, 1.00172, -6479.58, 0.976208, -6478.28, -8.09504e-05, -8.09499e-05, -8.09504e-05, 0.0416918, 1.11168, 0.0422391, 0.102925, 0.042179
290.151, 1.0076, -6479.53, 1.00172, -6479.67, 0.976208, -6478.37, -8.09505e-05, -8.09504e-05, -8.0951e-05, 0.0416918, 1.11168, 0.0422392, 0.102925, 0.0421791
290.202, 1.0076, -6479.62, 1.00172, -6479.76, 0.976208, -6478.45, -8.09501e-05, -8.09495e-05, -8.09501e-05, 0.0416918, 1.11168, 0.0422392, 0.102924, 0.0421791
290.252, 1.0076, -6479.71, 1.00172, -6479.84, 0.976208, -6478.54, -8.09504e-05, -8.09507e-05, -8.09503e-05, 0.0416918, 1.11168, 0.0422392, 0.102924, 0.042179
290.302, 1.0076, -6479.79, 1.00172, -6479.93, 0.976208, -6478.63, -8.095e-05, -8.095e-05, -8.095e-05, 0.0416918, 1.11168, 0.0422392, 0.102924, 0.0421789
290.353, 1.0076, -6479.88, 1.00172, -6480.02, 0.976208, -6478.72, -8.09501e-05, -8.09502e-05, -8.09492e-05, 0.0416918, 1.11168, 0.0422392, 0.102925, 0.0421787
290.403, 1.0076, -6479.97, 1.00172, -6480.11, 0.976208, -6478.8, -8.09506e-05, -8.09507e-05, -8.09515e-05, 0.0416918, 1.11168, 0.0422392, 0.102926, 0.0421786
290.453, 1.0076, -6480.06, 1.00172, -6480.19, 0.976208, -6478.89, -8.09507e-05, -8.09507e-05, -8.09501e-05, 0.0416918, 1.11168, 0.0422392, 0.102925, 0.0421784
290.504, 1.0076, -6480.14, 1.00172, -6480.28, 0.976208, -6478.98, -8.09502e-05, -8.09503e-05, -8.0949e-05, 0.0416918, 1.11168, 0.0422392, 0.102925, 0.0421782
290.554, 1.0076, -6480.23, 1.00172, -6480.37, 0.976208, -6479.07, -8.09504e-05, -8.095e-05, -8.09504e-05, 0.0416918, 1.11168, 0.0422391, 0.102924, 0.042178
290.604, 1.0076, -6480.32, 1.00172, -6480.46, 0.976208, -6479.15, -8.09504e-05, -8.0951e-05, -8.09501e-05, 0.0416918, 1.11168, 0.0422392, 0.102925, 0.0421777
290.655, 1.0076, -6480.41, 1.00172, -6480.54, 0.976208, -6479.24, -8.09504e-05, -8.09509e-05, -8.09508e-05, 0.0416918, 1.11168, 0.0422392, 0.102925, 0.0421775
290.705, 1.0076, -6480.49, 1.00172, -6480.63, 0.976208, -6479.33, -8.09503e-05, -8.09492e-05, -8.09504e-05, 0.0416918, 1.11168, 0.0422392, 0.102925, 0.0421772
290.755, 1.0076, -6480.58, 1.00172, -6480.72, 0.976208, -6479.42, -8.09504e-05, -8.09503e-05, -8.09507e-05, 0.0416918, 1.11168, 0.0422392, 0.102926, 0.0421768
290.806, 1.0076, -6480.67, 1.00172, -6480.81, 0.976208, -6479.5, -8.09505e-05, -8.09508e-05, -8.09506e-05, 0.0416918, 1.11168, 0.0422392, 0.102924, 0.0421764
290.856, 1.0076, -6480.75, 1.00172, -6480.89, 0.976208, -6479.59, -8.09503e-05, -8.09505e-05, -8.09504e-05, 0.0416918, 1.11168, 0.0422392, 0.102925, 0.0421761
290.907, 1.0076, -6480.84, 1.00172, -6480.98, 0.976208, -6479.68, -8.09504e-05, -8.09498e-05, -8.095e-05, 0.0416918, 1.11168, 0.0422392, 0.102925, 0.0421757
290.957, 1.0076, -6480.93, 1.00172, -6481.07, 0.976208, -6479.77, -8.09508e-05, -8.09498e-05, -8.09512e-05, 0.0416918, 1.11168, 0.0422392, 0.102925, 0.0421752
291, 1.0076, -6481, 1.00172, -6481.14, 0.976208, -6479.84, -8.09508e-05, -8.09505e-05, -8.09499e-05, 0.0416918, 1.11168, 0.0422392, 0.102925, 0.0421748
291, 1.0076, -6481, 1.00172, -6481.14, 0.976208, -6479.84, -8.09508e-05, -8.09505e-05, -8.09499e-05, 0.0417242, 1.11168, 0.0422391, 0.102926, 0.0421748
291.051, 1.0076, -6481.09, 1.00172, -6481.23, 0.976208, -6479.93, -8.09488e-05, -8.0949e-05, -8.09494e-05, 0.0417242, 1.11168, 0.0422392, 0.102925, 0.0421751
291.101, 1.0076, -6481.18, 1.00172, -6481.32, 0.976208, -6480.02, -8.09515e-05, -8.09503e-05, -8.0951e-05, 0.0417242, 1.11168, 0.0422391, 0.102925, 0.0421754
291.151, 1.0076, -6481.27, 1.00172, -6481.41, 0.976208, -6480.1, -8.09509e-05, -8.09525e-05, -8.09514e-05, 0.0417242, 1.11168, 0.0422392, 0.102925, 0.0421756
291.202, 1.0076, -6481.35, 1.00172, -6481.49, 0.976208, -6480.19, -8.09483e-05, -8.0949e-05, -8.09484e-05, 0.0417242, 1.11168, 0.0422391, 0.102925, 0.0421758
291.252, 1.0076, -6481.44, 1.00172, -6481.58, 0.976208, -6480.28, -8.09531e-05, -8.09526e-05, -8.09527e-05, 0.0417242, 1.11168, 0.0422392, 0.102926, 0.0421759
291.302, 1.0076, -6481.53, 1.00172, -6481.67, 0.976208, -6480.37, -8.09481e-05, -8.09492e-05, -8.09486e-05, 0.0417242, 1.11168, 0.0422392, 0.102925, 0.042176
291.353, 1.0076, -6481.62, 1.00172, -6481.75, 0.976208, -6480.45, -8.09521e-05, -8.09513e-05, -8.09504e-05, 0.0417242, 1.11168, 0.0422392, 0.102925, 0.042176
291.403, 1.0076, -6481.7, 1.00172, -6481.84, 0.976208, -6480.54, -8.09484e-05, -8.09488e-05, -8.09498e-05, 0.0417242, 1.11168, 0.0422392, 0.102925, 0.0421761
291.453, 1.0076, -6481.79, 1.00172, -6481.93, 0.976208, -6480.63, -8.09496e-05, -8.09498e-05, -8.09496e-05, 0.0417242, 1.11168, 0.0422391, 0.102924, 0.0421761
291.504, 1.0076, -6481.88, 1.00172, -6482.02, 0.976208, -6480.71, -8.09521e-05, -8.09538e-05, -8.09522e-05, 0.0417242, 1.11168, 0.0422392, 0.102925, 0.0421761
291.554, 1.0076, -6481.97, 1.00172, -6482.1, 0.976208, -6480.8, -8.09469e-05, -8.09463e-05, -8.09449e-05, 0.0417242, 1.11168, 0.0422392, 0.102925, 0.0421761
291.604, 1.0076, -6482.05, 1.00172, -6482.19, 0.976208, -6480.89, -8.09525e-05, -8.09498e-05, -8.09498e-05, 0.0417242, 1.11168, 0.0422392, 0.102925, 0.042176
291.655, 1.0076, -6482.14, 1.00172, -6482.28, 0.976208, -6480.98, -8.09485e-05, -8.09491e-05, -8.09502e-05, 0.0417242, 1.11168, 0.0422392, 0.102925, 0.0421759
291.705, 1.0076, -6482.23, 1.00172, -6482.37, 0.976208, -6481.06, -8.09536e-05, -8.09491e-05, -8.09522e-05, 0.0417242, 1.11168, 0.0422392, 0.102925, 0.0421758
291.756, 1.0076, -6482.32, 1.00172, -6482.45, 0.976208, -6481.15, -8.09551e-05, -8.0954e-05, -8.09552e-05, 0.0417242, 1.11168, 0.0422392, 0.102925, 0.0421757
291.806, 1.0076, -6482.4, 1.00172, -6482.54, 0.976208, -6481.24, -8.0952e-05, -8.09522e-05, -8.09517e-05, 0.0417242, 1.11168, 0.0422391, 0.102925, 0.0421755
291.856, 1.0076, -6482.49, 1.00172, -6482.63, 0.976208, -6481.33, -8.09545e-05, -8.09539e-05, -8.09539e-05, 0.0417242, 1.11168, 0.0422392, 0.102925, 0.0421753
291.907, 1.0076, -6482.58, 1.00172, -6482.72, 0.976208, -6481.41, -8.09562e-05, -8.09513e-05, -8.09534e-05, 0.0417242, 1.11168, 0.0422392, 0.102925, 0.0421751
291.957, 1.0076, -6482.67, 1.00172, -6482.8, 0.976208, -6481.5, -8.09525e-05, -8.09529e-05, -8.09522e-05, 0.0417242, 1.11168, 0.0422391, 0.102924, 0.0421749
292, 1.0076, -6482.74, 1.00172, -6482.88, 0.976208, -6481.58, -8.09468e-05, -8.09486e-05, -8.09475e-05, 0.0417242, 1.11168, 0.0422391, 0.102924, 0.0421746
292, 1.0076, -6482.74, 1.00172, -6482.88, 0.976208, -6481.58, -8.09468e-05, -8.09486e-05, -8.09475e-05, 0.0417566, 1.11168, 0.0422391, 0.102926, 0.0421746
292.051, 1.0076, -6482.83, 1.00172, -6482.97, 0.976208, -6481.66, -8.09478e-05, -8.0947e-05, -8.09498e-05, 0.0417566, 1.11168, 0.0422392, 0.102925, 0.0421751
292.101, 1.0076, -6482.92, 1.00172, -6483.05, 0.976208, -6481.75, -8.09532e-05, -8.09526e-05, -8.09555e-05, 0.0417566, 1.11168, 0.0422391, 0.102925, 0.0421756
292.151, 1.0076, -6483, 1.00172, -6483.14, 0.976208, -6481.84, -8.09461e-05, -8.09499e-05, -8.09495e-05, 0.0417566, 1.11168, 0.0422392, 0.102925, 0.042176
292.202, 1.0076, -6483.09, 1.00172, -6483.23, 0.976208, -6481.93, -8.09487e-05, -8.09519e-05, -8.09501e-05, 0.0417566, 1.11168, 0.0422392, 0.102925, 0.0421764
292.252, 1.0076, -6483.18, 1.00172, -6483.32, 0.976208, -6482.01, -8.09437e-05, -8.09459e-05, -8.09444e-05, 0.0417566, 1.11168, 0.0422392, 0.102926, 0.0421767
292.302, 1.0076, -6483.27, 1.00172, -6483.4, 0.976208, -6482.1, -8.09459e-05, -8.09484e-05, -8.09483e-05, 0.0417566, 1.11168, 0.0422391, 0.102925, 0.0421769
292.353, 1.0076, -6483.35, 1.00172, -6483.49, 0.976208, -6482.19, -8.09534e-05, -8.09497e-05, -8.09523e-05, 0.0417566, 1.11168, 0.0422392, 0.102925, 0.0421772
292.403, 1.0076, -6483.44, 1.00172, -6483.58, 0.976208, -6482.28, -8.0953e-05, -8.09499e-05, -8.09515e-05, 0.0417566, 1.11168, 0.0422392, 0.102925, 0.0421775
292.453, 1.0076, -6483.53, 1.00172, -6483.67, 0.976208, -6482.36, -8.09493e-05, -8.09463e-05, -8.09487e-05, 0.0417566, 1.11168, 0.0422392, 0.102925, 0.0421777
292.504, 1.0076, -6483.62, 1.00172, -6483.75, 0.976208, -6482.45, -8.0943e-05, -8.09454e-05, -8.09479e-05, 0.0417566, 1.11168, 0.0422392, 0.102925, 0.0421779
292.554, 1.0076, -6483.7, 1.00172, -6483.84, 0.976208, -6482.54, -8.09484e-05, -8.09508e-05, -8.09469e-05, 0.0417566, 1.11168, 0.0422392, 0.102925, 0.0421781
292.604, 1.0076, -6483.79, 1.00172, -6483.93, 0.976208, -6482.63, -8.09527e-05, -8.09541e-05, -8.09513e-05, 0.0417566, 1.11168, 0.0422391, 0.102925, 0.0421782
292.655, 1.0076, -6483.88, 1.00172, -6484.02, 0.976208, -6482.71, -8.09477e-05, -8.09467e-05, -8.09453e-05, 0.0417566, 1.11168, 0.0422391, 0.102925, 0.0421783
292.705, 1.0076, -6483.96, 1.00172, -6484.1, 0.976208, -6482.8, -8.09416e-05, -8.09459e-05, -8.09451e-05, 0.0417566, 1.11168, 0.0422392, 0.102925, 0.0421784
292.756, 1.0076, -6484.05, 1.00172, -6484.19, 0.976208, -6482.89, -8.09575e-05, -8.09556e-05, -8.09581e-05, 0.0417566, 1.11168, 0.0422392, 0.102925, 0.0421784
292.806, 1.0076, -6484.14, 1.00172, -6484.28, 0.976208, -6482.98, -8.09494e-05, -8.09525e-05, -8.0951e-05, 0.0417566, 1.11168, 0.0422391, 0.102925, 0.0421784
292.856, 1.0076, -6484.23, 1.00172, -6484.37, 0.976208, -6483.06, -8.09563e-05, -8.09587e-05, -8.09547e-05, 0.0417566, 1.11168, 0.0422392, 0.102925, 0.0421784
292.907, 1.0076, -6484.31, 1.00172, -6484.45, 0.976208, -6483.15, -8.09555e-05, -8.09518e-05, -8.09515e-05, 0.0417566, 1.11168, 0.0422392, 0.102925, 0.0421784
292.957, 1.0076, -6484.4, 1.00172, -6484.54, 0.976208, -6483.24, -8.09499e-05, -8.09523e-05, -8.09553e-05, 0.0417566, 1.11168, 0.0422391, 0.102924, 0.0421783
293, 1.0076, -6484.48, 1.00172, -6484.62, 0.976208, -6483.31, -8.09548e-05, -8.0958e-05, -8.09538e-05, 0.0417566, 1.11168, 0.0422391, 0.102924, 0.0421782
293, 1.0076, -6484.48, 1.00172, -6484.62, 0.976208, -6483.31, -8.09548e-05, -8.0958e-05, -8.09538e-05, 0.041789, 1.11168, 0.0422391, 0.102925, 0.0421782
293.051, 1.0076, -6484.56, 1.00172, -6484.7, 0.976208, -6483.4, -8.09426e-05, -8.09492e-05, -8.09463e-05, 0.041789, 1.11168, 0.0422391, 0.102924, 0.0421789
293.101, 1.0076, -6484.65, 1.00172, -6484.79, 0.976208, -6483.49, -8.09425e-05, -8.0944e-05, -8.09429e-05, 0.041789, 1.11168, 0.0422392, 0.102925, 0.0421795
293.151, 1.0076, -6484.74, 1.00172, -6484.88, 0.976209, -6483.58, -8.09561e-05, -8.09562e-05, -8.09513e-05, 0.041789, 1.11168, 0.0422392, 0.102925, 0.0421801
293.202, 1.0076, -6484.83, 1.00172, -6484.97, 0.976212, -6483.66, -8.09477e-05, -8.09507e-05, -8.09482e-05, 0.041789, 1.11168, 0.0422392, 0.102925, 0.0421806
293.252, 1.00761, -6484.91, 1.00173, -6485.05, 0.976218, -6483.75, -8.09477e-05, -8.09475e-05, -8.09508e-05, 0.041789, 1.11168, 0.0422392, 0.102927, 0.0421811
293.302, 1.00761, -6485, 1.00173, -6485.14, 0.976224, -6483.84, -8.094e-05, -8.0935e-05, -8.09351e-05, 0.041789, 1.11168, 0.0422392, 0.102928, 0.0421815
293.353, 1.00762, -6485.09, 1.00174, -6485.23, 0.97623, -6483.93, -8.09417e-05, -8.09393e-05, -8.0941e-05, 0.041789, 1.11168, 0.0422392, 0.102929, 0.0421819
293.403, 1.00762, -6485.18, 1.00174, -6485.31, 0.976236, -6484.01, -8.09475e-05, -8.09473e-05, -8.09453e-05, 0.041789, 1.11168, 0.0422391, 0.102931, 0.0421824
293.453, 1.00763, -6485.26, 1.00175, -6485.4, 0.976239, -6484.1, -8.09396e-05, -8.09421e-05, -8.09395e-05, 0.041789, 1.11168, 0.0422391, 0.102931, 0.0421828
293.504, 1.00763, -6485.35, 1.00175, -6485.49, 0.976239, -6484.19, -8.09553e-05, -8.09559e-05, -8.09548e-05, 0.041789, 1.11168, 0.0422392, 0.102931, 0.0421831
293.554, 1.00763, -6485.44, 1.00175, -6485.58, 0.976239, -6484.27, -8.09429e-05, -8.09417e-05, -8.09389e-05, 0.041789, 1.11168, 0.0422392, 0.102931, 0.0421835
293.605, 1.00763, -6485.53, 1.00175, -6485.66, 0.976239, -6484.36, -8.09369e-05, -8.09475e-05, -8.09468e-05, 0.041789, 1.11168, 0.0422391, 0.102931, 0.0421837
293.655, 1.00763, -6485.61, 1.00175, -6485.75, 0.976239, -6484.45, -8.09451e-05, -8.09446e-05, -8.09476e-05, 0.041789, 1.11168, 0.0422391, 0.102931, 0.042184
293.705, 1.00763, -6485.7, 1.00175, -6485.84, 0.976239, -6484.54, -8.09523e-05, -8.09578e-05, -8.09567e-05, 0.041789, 1.11168, 0.0422392, 0.102931, 0.0421842
293.756, 1.00763, -6485.79, 1.00175, -6485.93, 0.976242, -6484.62, -8.09558e-05, -8.09496e-05, -8.0949e-05, 0.041789, 1.11168, 0.0422391, 0.102931, 0.0421844
293.806, 1.00764, -6485.88, 1.00176, -6486.01, 0.976248, -6484.71, -8.09489e-05, -8.09453e-05, -8.0942e-05, 0.041789, 1.11168, 0.0422392, 0.102934, 0.0421846
293.856, 1.00764, -6485.96, 1.00176, -6486.1, 0.976254, -6484.8, -8.09439e-05, -8.09472e-05, -8.09456e-05, 0.041789, 1.11168, 0.0422392, 0.102934, 0.0421847
293.907, 1.00764, -6486.05, 1.00176, -6486.19, 0.976256, -6484.89, -8.09536e-05, -8.09524e-05, -8.09557e-05, 0.041789, 1.11168, 0.0422392, 0.102934, 0.0421848
293.957, 1.00764, -6486.14, 1.00176, -6486.28, 0.976256, -6484.97, -8.09479e-05, -8.09444e-05, -8.0947e-05, 0.041789, 1.11168, 0.042239, 0.102934, 0.0421849
294, 1.00764, -6486.21, 1.00176, -6486.35, 0.976256, -6485.05, -8.09466e-05, -8.09478e-05, -8.09456e-05, 0.041789, 1.11168, 0.0422392, 0.102934, 0.042185
294, 1.00764, -6486.21, 1.00176, -6486.35, 0.976256, -6485.05, -8.09466e-05, -8.09478e-05, -8.09456e-05, 0.0418213, 1.11168, 0.0422392, 0.102935, 0.042185
294.051, 1.00764, -6486.3, 1.00176, -6486.44, 0.976256, -6485.14, -8.0961e-05, -8.09599e-05, -8.09594e-05, 0.0418213, 1.11168, 0.042239, 0.102934, 0.0421858
294.101, 1.00764, -6486.39, 1.00176, -6486.53, 0.976256, -6485.22, -8.09607e-05, -8.09565e-05, -8.09548e-05, 0.0418213, 1.11168, 0.0422393, 0.102935, 0.0421866
294.151, 1.00764, -6486.48, 1.00176, -6486.61, 0.976256, -6485.31, -8.09582e-05, -8.09548e-05, -8.09526e-05, 0.0418213, 1.11168, 0.0422392, 0.102935, 0.0421874
294.202, 1.00764, -6486.56, 1.00176, -6486.7, 0.976256, -6485.4, -8.09387e-05, -8.0943e-05, -8.0939e-05, 0.0418213, 1.11168, 0.0422392, 0.102935, 0.042188
294.252, 1.00765, -6486.65, 1.00177, -6486.79, 0.976259, -6485.49, -8.09514e-05, -8.0947e-05, -8.09523e-05, 0.0418213, 1.11168, 0.0422392, 0.102935, 0.0421886
294.302, 1.00765, -6486.74, 1.00177, -6486.88, 0.976259, -6485.57, -8.09546e-05, -8.09533e-05, -8.09444e-05, 0.0418213, 1.11168, 0.0422392, 0.102936, 0.0421892
294.353, 1.00765, -6486.83, 1.00177, -6486.96, 0.976261, -6485.66, -8.09509e-05, -8.09536e-05, -8.09554e-05, 0.0418213, 1.11168, 0.0422392, 0.102935, 0.0421897
294.403, 1.00765, -6486.91, 1.00177, -6487.05, 0.976262, -6485.75, -8.09661e-05, -8.09548e-05, -8.09606e-05, 0.0418213, 1.11168, 0.0422392, 0.102935, 0.0421902
294.453, 1.00765, -6487, 1.00177, -6487.14, 0.976263, -6485.84, -8.09431e-05, -8.09495e-05, -8.09479e-05, 0.0418213, 1.11168, 0.0422393, 0.102936, 0.0421907
294.504, 1.00765, -6487.09, 1.00177, -6487.23, 0.976264, -6485.92, -8.09415e-05, -8.09466e-05, -8.09412e-05, 0.0418213, 1.11168, 0.0422393, 0.102936, 0.0421912
294.554, 1.00765, -6487.18, 1.00177, -6487.31, 0.976266, -6486.01, -8.09507e-05, -8.09434e-05, -8.09437e-05, 0.0418213, 1.11168, 0.0422392, 0.102936, 0.0421917
294.605, 1.00766, -6487.26, 1.00177, -6487.4, 0.976267, -6486.1, -8.09511e-05, -8.09605e-05, -8.09479e-05, 0.0418213, 1.11168, 0.0422392, 0.102936, 0.0421921
294.655, 1.00766, -6487.35, 1.00178, -6487.49, 0.976268, -6486.19, -8.09458e-05, -8.09546e-05, -8.09441e-05, 0.0418213, 1.11168, 0.0422391, 0.102937, 0.0421924
294.705, 1.00766, -6487.44, 1.00178, -6487.58, 0.976269, -6486.27, -8.09551e-05, -8.09497e-05, -8.09494e-05, 0.0418213, 1.11168, 0.0422393, 0.102937, 0.0421928
294.756, 1.00766, -6487.52, 1.00178, -6487.66, 0.976271, -6486.36, -8.09379e-05, -8.09351e-05, -8.09378e-05, 0.0418213, 1.11168, 0.0422392, 0.102937, 0.0421932
294.806, 1.00766, -6487.61, 1.00178, -6487.75, 0.976272, -6486.45, -8.09333e-05, -8.09335e-05, -8.09393e-05, 0.0418213, 1.11168, 0.0422391, 0.102938, 0.0421934
294.856, 1.00766, -6487.7, 1.00178, -6487.84, 0.976273, -6486.54, -8.0944e-05, -8.09384e-05, -8.09405e-05, 0.0418213, 1.11168, 0.0422393, 0.102938, 0.0421937
294.907, 1.00766, -6487.78, 1.00178, -6487.92, 0.976274, -6486.62, -6.09843e-05, -6.09864e-05, -6.09823e-05, 0.0418213, 1.11168, 0.0422393, 0.102938, 0.042194
294.957, 1.00766, -6487.85, 1.00178, -6487.98, 0.976275, -6486.68, -6.07088e-05, -6.07152e-05, -6.07192e-05, 0.0418213, 1.11168, 0.0422391, 0.102938, 0.0421941
295, 1.00766, -6487.9, 1.00178, -6488.04, 0.976276, -6486.74, -6.07027e-05, -6.07123e-05, -6.07081e-05, 0.0418213, 1.11168, 0.0422392, 0.102939, 0.0421941
295, 1.00766, -6487.9, 1.00178, -6488.04, 0.976276, -6486.74, -6.07027e-05, -6.07123e-05, -6.07081e-05, 0.0418456, 1.11168, 0.0422391, 0.10294, 0.0421942
295.051, 1.00767, -6487.97, 1.00178, -6488.11, 0.976277, -6486.8, -6.07093e-05, -6.07196e-05, -6.07133e-05, 0.0418456, 1.11168, 0.0422392, 0.102939, 0.0421949
295.101, 1.00767, -6488.03, 1.00178, -6488.17, 0.976278, -6486.87, -6.07061e-05, -6.07104e-05, -6.07093e-05, 0.0418456, 1.11168, 0.0422392, 0.102939, 0.0421956
295.151, 1.00767, -6488.1, 1.00179, -6488.24, 0.976279, -6486.93, -6.07038e-05, -6.07098e-05, -6.07131e-05, 0.0418456, 1.11168, 0.0422392, 0.102939, 0.0421962
295.202, 1.00767, -6488.16, 1.00179, -6488.3, 0.97628, -6487, -6.07085e-05, -6.07084e-05, -6.07063e-05, 0.0418456, 1.11168, 0.0422392, 0.10294, 0.0421969
295.252, 1.00767, -6488.23, 1.00179, -6488.37, 0.976281, -6487.07, -6.07075e-05, -6.07168e-05, -6.07112e-05, 0.0418456, 1.11168, 0.0422392, 0.102939, 0.0421974
295.302, 1.00767, -6488.3, 1.00179, -6488.43, 0.976282, -6487.13, -6.07037e-05, -6.07093e-05, -6.07104e-05, 0.0418456, 1.11168, 0.0422393, 0.10294, 0.042198
295.353, 1.00767, -6488.36, 1.00179, -6488.5, 0.976283, -6487.2, -6.07133e-05, -6.07124e-05, -6.07127e-05, 0.0418456, 1.11168, 0.0422391, 0.102939, 0.0421985
295.403, 1.00767, -6488.43, 1.00179, -6488.56, 0.976284, -6487.26, -6.07209e-05, -6.07134e-05, -6.07105e-05, 0.0418456, 1.11168, 0.0422393, 0.102941, 0.0421989
295.454, 1.00767, -6488.49, 1.00179, -6488.63, 0.976285, -6487.33, -6.07179e-05, -6.0715e-05, -6.07113e-05, 0.0418456, 1.11168, 0.0422393, 0.102941, 0.0421994
295.504, 1.00767, -6488.56, 1.00179, -6488.7, 0.976286, -6487.39, -6.07004e-05, -6.07015e-05, -6.07022e-05, 0.0418456, 1.11168, 0.0422393, 0.10294, 0.0421998
295.554, 1.00767, -6488.62, 1.00179, -6488.76, 0.976287, -6487.46, -6.07187e-05, -6.07061e-05, -6.07206e-05, 0.0418456, 1.11168, 0.0422393, 0.102941, 0.0422001
295.605, 1.00768, -6488.69, 1.00179, -6488.83, 0.976288, -6487.52, -6.07029e-05, -6.07072e-05, -6.07019e-05, 0.0418456, 1.11168, 0.0422393, 0.102941, 0.0422005
295.655, 1.00768, -6488.75, 1.0018, -6488.89, 0.976289, -6487.59, -6.07029e-05, -6.07069e-05, -6.06999e-05, 0.0418456, 1.11168, 0.0422393, 0.102941, 0.0422007
295.705, 1.00768, -6488.82, 1.0018, -6488.96, 0.97629, -6487.66, -6.07136e-05, -6.07106e-05, -6.07138e-05, 0.0418456, 1.11168, 0.0422391, 0.102941, 0.042201
295.756, 1.00768, -6488.89, 1.0018, -6489.02, 0.976291, -6487.72, -6.07057e-05, -6.07126e-05, -6.07095e-05, 0.0418456, 1.11168, 0.0422392, 0.102941, 0.0422013
295.806, 1.00768, -6488.95, 1.0018, -6489.09, 0.976292, -6487.79, -6.06993e-05, -6.06964e-05, -6.07034e-05, 0.0418456, 1.11168, 0.0422393, 0.102942, 0.0422015
295.856, 1.00768, -6489.02, 1.0018, -6489.16, 0.976293, -6487.85, -6.07232e-05, -6.07137e-05, -6.07216e-05, 0.0418456, 1.11168, 0.0422393, 0.102942, 0.0422017
295.907, 1.00768, -6489.08, 1.0018, -6489.22, 0.976294, -6487.92, -6.07088e-05, -6.07114e-05, -6.07063e-05, 0.0418456, 1.11168, 0.0422392, 0.102942, 0.0422018
295.957, 1.00768, -6489.15, 1.0018, -6489.29, 0.976294, -6487.98, -6.07065e-05, -6.07136e-05, -6.07064e-05, 0.0418456, 1.11168, 0.0422392, 0.102942, 0.042202
296, 1.00768, -6489.2, 1.0018, -6489.34, 0.976295, -6488.04, -6.07054e-05, -6.071e-05, -6.07089e-05, 0.0418456, 1.11168, 0.0422392, 0.102942, 0.0422021
296, 1.00768, -6489.2, 1.0018, -6489.34, 0.976295, -6488.04, -6.07054e-05, -6.071e-05, -6.07089e-05, 0.0418699, 1.11168, 0.0422391, 0.102943, 0.0422021
296.051, 1.00768, -6489.27, 1.0018, -6489.41, 0.976296, -6488.11, -6.07231e-05, -6.0722e-05, -6.07149e-05, 0.0418699, 1.11168, 0.0422392, 0.102942, 0.0422028
296.101, 1.00768, -6489.34, 1.0018, -6489.47, 0.976296, -6488.17, -6.07202e-05, -6.07069e-05, -6.07172e-05, 0.0418699, 1.11168, 0.0422391, 0.102942, 0.0422035
296.151, 1.00768, -6489.4, 1.0018, -6489.54, 0.976297, -6488.24, -6.07053e-05, -6.07154e-05, -6.07204e-05, 0.0418699, 1.11168, 0.0422392, 0.102943, 0.0422041
296.202, 1.00769, -6489.47, 1.0018, -6489.6, 0.976298, -6488.3, -6.07186e-05, -6.07132e-05, -6.07173e-05, 0.0418699, 1.11168, 0.0422392, 0.102943, 0.0422046
296.252, 1.00769, -6489.53, 1.0018, -6489.67, 0.976298, -6488.37, -6.07251e-05, -6.07224e-05, -6.072e-05, 0.0418699, 1.11168, 0.0422392, 0.102943, 0.0422052
296.302, 1.00769, -6489.6, 1.00181, -6489.74, 0.976299, -6488.43, -6.07067e-05, -6.06973e-05, -6.0705e-05, 0.0418699, 1.11168, 0.0422392, 0.102943, 0.0422056
296.353, 1.00769, -6489.66, 1.00181, -6489.8, 0.9763, -6488.5, -6.0732e-05, -6.07336e-05, -6.07326e-05, 0.0418699, 1.11168, 0.0422392, 0.102943, 0.0422061
296.403, 1.00769, -6489.73, 1.00181, -6489.87, 0.9763, -6488.56, -6.07091e-05, -6.07249e-05, -6.07186e-05, 0.0418699, 1.11168, 0.0422392, 0.102943, 0.0422065
296.454, 1.00769, -6489.79, 1.00181, -6489.93, 0.976301, -6488.63, -6.07014e-05, -6.0701e-05, -6.06971e-05, 0.0418699, 1.11168, 0.0422391, 0.102943, 0.0422069
296.504, 1.00769, -6489.86, 1.00181, -6490, 0.976302, -6488.7, -6.07018e-05, -6.06978e-05, -6.07068e-05, 0.0418699, 1.11168, 0.0422393, 0.102944, 0.0422073
296.554, 1.00769, -6489.93, 1.00181, -6490.06, 0.976303, -6488.76, -6.07328e-05, -6.07324e-05, -6.0733e-05, 0.0418699, 1.11168, 0.0422391, 0.102943, 0.0422075
296.605, 1.00769, -6489.99, 1.00181, -6490.13, 0.976304, -6488.83, -6.07214e-05, -6.07162e-05, -6.07162e-05, 0.0418699, 1.11168, 0.0422392, 0.102944, 0.0422078
296.655, 1.00769, -6490.06, 1.00181, -6490.19, 0.976304, -6488.89, -6.07083e-05, -6.0706e-05, -6.07067e-05, 0.0418699, 1.11168, 0.0422391, 0.102944, 0.0422081
296.705, 1.00769, -6490.12, 1.00181, -6490.26, 0.976305, -6488.96, -6.07038e-05, -6.07003e-05, -6.07058e-05, 0.0418699, 1.11168, 0.0422392, 0.102944, 0.0422083
296.756, 1.00769, -6490.19, 1.00181, -6490.33, 0.976306, -6489.02, -6.0739e-05, -6.07283e-05, -6.0737e-05, 0.0418699, 1.11168, 0.0422392, 0.102944, 0.0422085
296.806, 1.00769, -6490.25, 1.00181, -6490.39, 0.976306, -6489.09, -6.07273e-05, -6.07334e-05, -6.07221e-05, 0.0418699, 1.11168, 0.0422392, 0.102944, 0.0422087
296.856, 1.00769, -6490.32, 1.00181, -6490.46, 0.976307, -6489.15, -6.07052e-05, -6.07123e-05, -6.07086e-05, 0.0418699, 1.11168, 0.0422393, 0.102945, 0.0422089
296.907, 1.00769, -6490.38, 1.00181, -6490.52, 0.976307, -6489.22, -6.07206e-05, -6.07135e-05, -6.0705e-05, 0.0418699, 1.11168, 0.0422391, 0.102945, 0.042209
296.957, 1.0077, -6490.45, 1.00181, -6490.59, 0.976308, -6489.29, -6.07125e-05, -6.07086e-05, -6.0717e-05, 0.0418699, 1.11168, 0.0422392, 0.102944, 0.0422091
297, 1.0077, -6490.51, 1.00181, -6490.64, 0.976308, -6489.34, -6.07372e-05, -6.07252e-05, -6.07284e-05, 0.0418699, 1.11168, 0.0422393, 0.102945, 0.0422092
297, 1.0077, -6490.51, 1.00181, -6490.64, 0.976308, -6489.34, -6.07372e-05, -6.07252e-05, -6.07284e-05, 0.0418942, 1.11168, 0.0422392, 0.102946, 0.0422092
297.051, 1.0077, -6490.57, 1.00181, -6490.71, 0.976309, -6489.41, -6.0709e-05, -6.07089e-05, -6.07059e-05, 0.0418942, 1.11168, 0.0422393, 0.102945, 0.0422098
297.101, 1.0077, -6490.64, 1.00182, -6490.78, 0.976309, -6489.47, -6.07087e-05, -6.0718e-05, -6.07154e-05, 0.0418942, 1.11168, 0.0422393, 0.102945, 0.0422105
297.151, 1.0077, -6490.7, 1.00182, -6490.84, 0.976309, -6489.54, -6.07159e-05, -6.07176e-05, -6.07188e-05, 0.0418942, 1.11168, 0.0422393, 0.102945, 0.0422111
297.202, 1.0077, -6490.77, 1.00182, -6490.91, 0.97631, -6489.6, -6.07253e-05, -6.07252e-05, -6.07147e-05, 0.0418942, 1.11168, 0.0422391, 0.102945, 0.0422116
297.252, 1.0077, -6490.83, 1.00182, -6490.97, 0.97631, -6489.67, -6.07261e-05, -6.07183e-05, -6.07245e-05, 0.0418942, 1.11168, 0.0422392, 0.102946, 0.0422121
297.303, 1.0077, -6490.9, 1.00182, -6491.04, 0.97631, -6489.74, -6.07263e-05, -6.07247e-05, -6.07233e-05, 0.0418942, 1.11168, 0.0422392, 0.102945, 0.0422126
297.353, 1.0077, -6490.97, 1.00182, -6491.1, 0.976311, -6489.8, -6.07098e-05, -6.07019e-05, -6.07103e-05, 0.0418942, 1.11168, 0.0422392, 0.102945, 0.042213
297.403, 1.0077, -6491.03, 1.00182, -6491.17, 0.976311, -6489.87, -6.07202e-05, -6.07175e-05, -6.07216e-05, 0.0418942, 1.11168, 0.0422392, 0.102945, 0.0422134
297.454, 1.0077, -6491.1, 1.00182, -6491.23, 0.976312, -6489.93, -6.06917e-05, -6.06951e-05, -6.07038e-05, 0.0418942, 1.11168, 0.0422394, 0.102946, 0.0422137
297.504, 1.0077, -6491.16, 1.00182, -6491.3, 0.976313, -6490, -6.0714e-05, -6.07194e-05, -6.07164e-05, 0.0418942, 1.11168, 0.0422393, 0.102946, 0.0422141
297.554, 1.0077, -6491.23, 1.00182, -6491.37, 0.976313, -6490.06, -6.00328e-05, -6.00354e-05, -6.00385e-05, 0.0418942, 1.11168, 0.0422391, 0.102946, 0.0422144
297.605, 1.0077, -6491.29, 1.00182, -6491.43, 0.976313, -6490.13, -6.07361e-05, -6.07412e-05, -6.0742e-05, 0.0418942, 1.11168, 0.0422393, 0.102946, 0.0422146
297.655, 1.0077, -6491.36, 1.00182, -6491.5, 0.976314, -6490.19, -6.07243e-05, -6.07243e-05, -6.07314e-05, 0.0418942, 1.11168, 0.0422392, 0.102946, 0.0422149
297.705, 1.0077, -6491.42, 1.00182, -6491.56, 0.976314, -6490.26, -6.0715e-05, -6.07138e-05, -6.07118e-05, 0.0418942, 1.11168, 0.0422392, 0.102946, 0.0422151
297.756, 1.0077, -6491.49, 1.00182, -6491.63, 0.976315, -6490.33, -6.07126e-05, -6.07144e-05, -6.07273e-05, 0.0418942, 1.11168, 0.042239, 0.102946, 0.0422153
297.806, 1.0077, -6491.56, 1.00182, -6491.69, 0.976315, -6490.39, -6.07104e-05, -6.07246e-05, -6.07096e-05, 0.0418942, 1.11168, 0.0422392, 0.102946, 0.0422154
297.856, 1.0077, -6491.62, 1.00182, -6491.76, 0.976316, -6490.46, -6.07274e-05, -6.07178e-05, -6.07198e-05, 0.0418942, 1.11168, 0.0422392, 0.102947, 0.0422156
297.907, 1.0077, -6491.69, 1.00182, -6491.82, 0.976316, -6490.52, -6.0707e-05, -6.07103e-05, -6.07062e-05, 0.0418942, 1.11168, 0.042239, 0.102946, 0.0422157
297.957, 1.0077, -6491.75, 1.00182, -6491.89, 0.976316, -6490.59, -6.07081e-05, -6.07084e-05, -6.07051e-05, 0.0418942, 1.11168, 0.0422392, 0.102947, 0.0422157
298, 1.0077, -6491.81, 1.00182, -6491.95, 0.976317, -6490.64, -6.07164e-05, -6.07089e-05, -6.0707e-05, 0.0418942, 1.11168, 0.0422393, 0.102947, 0.0422157
298, 1.0077, -6491.81, 1.00182, -6491.95, 0.976316, -6490.64, -6.07164e-05, -6.07089e-05, -6.0707e-05, 0.0419185, 1.11168, 0.042239, 0.102947, 0.0422157
298.051, 1.0077, -6491.87, 1.00182, -6492.01, 0.976317, -6490.71, -6.07064e-05, -6.07133e-05, -6.07131e-05, 0.0419185, 1.11168, 0.0422393, 0.102947, 0.0422162
298.101, 1.0077, -6491.94, 1.00182, -6492.08, 0.976317, -6490.78, -6.07162e-05, -6.07119e-05, -6.07063e-05, 0.0419185, 1.11168, 0.0422392, 0.102947, 0.0422169
298.151, 1.0077, -6492, 1.00182, -6492.14, 0.976317, -6490.84, -6.07122e-05, -6.07074e-05, -6.07096e-05, 0.0419185, 1.11168, 0.0422391, 0.102946, 0.0422174
298.202, 1.0077, -6492.07, 1.00182, -6492.21, 0.976317, -6490.91, -6.06995e-05, -6.07053e-05, -6.06993e-05, 0.0419185, 1.11168, 0.0422393, 0.102947, 0.042218
298.252, 1.00771, -6492.14, 1.00182, -6492.27, 0.976318, -6490.97, -6.07095e-05, -6.07188e-05, -6.07136e-05, 0.0419185, 1.11168, 0.0422394, 0.102947, 0.0422184
298.303, 1.00771, -6492.2, 1.00182, -6492.34, 0.976318, -6491.04, -6.07185e-05, -6.0715e-05, -6.07206e-05, 0.0419185, 1.11168, 0.0422393, 0.102947, 0.0422189
298.353, 1.00771, -6492.27, 1.00182, -6492.41, 0.976318, -6491.1, -6.07027e-05, -6.07e-05, -6.0693e-05, 0.0419185, 1.11168, 0.0422392, 0.102947, 0.0422193
298.403, 1.00771, -6492.33, 1.00182, -6492.47, 0.976318, -6491.17, -6.07174e-05, -6.07073e-05, -6.07038e-05, 0.0419185, 1.11168, 0.0422392, 0.102947, 0.0422197
298.454, 1.00771, -6492.4, 1.00182, -6492.54, 0.976319, -6491.23, -6.06935e-05, -6.07042e-05, -6.07117e-05, 0.0419185, 1.11168, 0.0422393, 0.102947, 0.04222
298.504, 1.00771, -6492.46, 1.00182, -6492.6, 0.976319, -6491.3, -6.07146e-05, -6.0705e-05, -6.07079e-05, 0.0419185, 1.11168, 0.0422394, 0.102947, 0.0422203
298.554, 1.00771, -6492.53, 1.00183, -6492.67, 0.97632, -6491.37, -6.07184e-05, -6.07095e-05, -6.07099e-05, 0.0419185, 1.11168, 0.0422393, 0.102948, 0.0422206
298.605, 1.00771, -6492.6, 1.00183, -6492.73, 0.976319, -6491.43, -6.07039e-05, -6.07072e-05, -6.07072e-05, 0.0419185, 1.11168, 0.0422391, 0.102947, 0.0422209
298.655, 1.00771, -6492.66, 1.00183, -6492.8, 0.97632, -6491.5, -6.07e-05, -6.06966e-05, -6.06921e-05, 0.0419185, 1.11168, 0.0422391, 0.102947, 0.0422211
298.705, 1.00771, -6492.73, 1.00183, -6492.86, 0.97632, -6491.56, -6.0695e-05, -6.07048e-05, -6.07048e-05, 0.0419185, 1.11168, 0.0422393, 0.102947, 0.0422213
298.756, 1.00771, -6492.79, 1.00183, -6492.93, 0.976321, -6491.63, -6.07172e-05, -6.07101e-05, -6.07253e-05, 0.0419185, 1.11168, 0.0422394, 0.102948, 0.0422215
298.806, 1.00771, -6492.86, 1.00183, -6493, 0.976321, -6491.69, -6.06897e-05, -6.06884e-05, -6.0691e-05, 0.0419185, 1.11168, 0.0422392, 0.102947, 0.0422216
298.856, 1.00771, -6492.92, 1.00183, -6493.06, 0.976321, -6491.76, -6.07309e-05, -6.07234e-05, -6.07241e-05, 0.0419185, 1.11168, 0.0422393, 0.102948, 0.0422216
298.907, 1.00771, -6492.99, 1.00183, -6493.13, 0.976321, -6491.82, -6.07233e-05, -6.07239e-05, -6.07222e-05, 0.0419185, 1.11168, 0.0422392, 0.102947, 0.0422216
298.957, 1.00771, -6493.05, 1.00183, -6493.19, 0.976321, -6491.89, -6.07095e-05, -6.07091e-05, -6.07025e-05, 0.0419185, 1.11168, 0.0422393, 0.102948, 0.0422216
299, 1.00771, -6493.11, 1.00183, -6493.25, 0.976321, -6491.95, -6.07025e-05, -6.07017e-05, -6.06976e-05, 0.0419185, 1.11168, 0.0422392, 0.102948, 0.0422216
299, 1.00771, -6493.11, 1.00183, -6493.25, 0.976321, -6491.95, -6.07025e-05, -6.07017e-05, -6.06976e-05, 0.0419428, 1.11168, 0.0422392, 0.102948, 0.0422216
299.051, 1.00771, -6493.18, 1.00183, -6493.31, 0.976321, -6492.01, -6.07252e-05, -6.07348e-05, -6.0721e-05, 0.0419428, 1.11168, 0.0422393, 0.102947, 0.0422221
299.101, 1.00771, -6493.24, 1.00183, -6493.38, 0.976321, -6492.08, -6.07252e-05, -6.07354e-05, -6.07226e-05, 0.0419428, 1.11168, 0.0422392, 0.102947, 0.0422226
299.152, 1.00771, -6493.31, 1.00183, -6493.45, 0.976322, -6492.14, -6.07129e-05, -6.07138e-05, -6.0719e-05, 0.0419428, 1.11168, 0.0422391, 0.102948, 0.0422232
299.202, 1.00771, -6493.37, 1.00183, -6493.51, 0.976322, -6492.21, -6.07269e-05, -6.07278e-05, -6.0726e-05, 0.0419428, 1.11168, 0.0422393, 0.102948, 0.0422237
299.252, 1.00771, -6493.44, 1.00183, -6493.58, 0.976322, -6492.27, -6.06958e-05, -6.06924e-05, -6.06895e-05, 0.0419428, 1.11168, 0.0422391, 0.102948, 0.0422242
299.303, 1.00771, -6493.5, 1.00183, -6493.64, 0.976322, -6492.34, -6.07269e-05, -6.0717e-05, -6.07211e-05, 0.0419428, 1.11168, 0.0422394, 0.102948, 0.0422246
299.353, 1.00771, -6493.57, 1.00183, -6493.71, 0.976322, -6492.41, -6.07021e-05, -6.07018e-05, -6.06986e-05, 0.0419428, 1.11168, 0.0422391, 0.102948, 0.042225
299.403, 1.00771, -6493.64, 1.00183, -6493.77, 0.976322, -6492.47, -6.0723e-05, -6.07097e-05, -6.07205e-05, 0.0419428, 1.11168, 0.0422393, 0.102948, 0.0422254
299.454, 1.00771, -6493.7, 1.00183, -6493.84, 0.976322, -6492.54, -6.07309e-05, -6.07264e-05, -6.07212e-05, 0.0419428, 1.11168, 0.0422393, 0.102948, 0.0422257
299.504, 1.00771, -6493.77, 1.00183, -6493.9, 0.976322, -6492.6, -6.07142e-05, -6.07197e-05, -6.07302e-05, 0.0419428, 1.11168, 0.0422394, 0.102948, 0.042226
299.554, 1.00771, -6493.83, 1.00183, -6493.97, 0.976322, -6492.67, -6.0733e-05, -6.07366e-05, -6.07339e-05, 0.0419428, 1.11168, 0.0422391, 0.102948, 0.0422263
299.605, 1.00771, -6493.9, 1.00183, -6494.04, 0.976323, -6492.73, -6.07005e-05, -6.06932e-05, -6.07027e-05, 0.0419428, 1.11168, 0.0422393, 0.102948, 0.0422266
299.655, 1.00771, -6493.96, 1.00183, -6494.1, 0.976323, -6492.8, -6.07108e-05, -6.07081e-05, -6.07161e-05, 0.0419428, 1.11168, 0.0422391, 0.102948, 0.0422268
299.705, 1.00771, -6494.03, 1.00183, -6494.17, 0.976323, -6492.86, -6.06924e-05, -6.07002e-05, -6.06886e-05, 0.0419428, 1.11168, 0.0422392, 0.102948, 0.0422269
299.756, 1.00771, -6494.09, 1.00183, -6494.23, 0.976323, -6492.93, -6.06835e-05, -6.0687e-05, -6.06912e-05, 0.0419428, 1.11168, 0.0422393, 0.102948, 0.042227
299.806, 1.00771, -6494.16, 1.00183, -6494.3, 0.976323, -6493, -6.07255e-05, -6.07208e-05, -6.07311e-05, 0.0419428, 1.11168, 0.0422393, 0.102948, 0.042227
299.856, 1.00771, -6494.23, 1.00183, -6494.36, 0.976323, -6493.06, -6.07306e-05, -6.07371e-05, -6.07255e-05, 0.0419428, 1.11168, 0.0422391, 0.102947, 0.042227
299.907, 1.00771, -6494.29, 1.00183, -6494.43, 0.976324, -6493.13, -6.0698e-05, -6.06946e-05, -6.06929e-05, 0.0419428, 1.11168, 0.0422391, 0.102948, 0.042227
299.957, 1.00771, -6494.36, 1.00183, -6494.49, 0.976324, -6493.19, -6.07067e-05, -6.0715e-05, -6.07148e-05, 0.0419428, 1.11168, 0.0422393, 0.102948, 0.042227
300, 1.00771, -6494.41, 1.00183, -6494.55, 0.976324, -6493.25, -6.07061e-05, -6.07167e-05, -6.07082e-05, 0.0419428, 1.11168, 0.042239, 0.102948, 0.042227
300, 1.00771, -6494.41, 1.00183, -6494.55, 0.976324, -6493.25, -6.07061e-05, -6.07167e-05, -6.07082e-05, 0.041967, 1.11168, 0.042239, 0.102949, 0.042227
300.051, 1.00771, -6494.48, 1.00183, -6494.62, 0.976324, -6493.31, -6.07274e-05, -6.0716e-05, -6.07148e-05, 0.041967, 1.11168, 0.0422394, 0.102949, 0.0422276
300.101, 1.00771, -6494.54, 1.00183, -6494.68, 0.976324, -6493.38, -6.07135e-05, -6.07414e-05, -6.07258e-05, 0.041967, 1.11168, 0.042239, 0.102948, 0.0422281
300.152, 1.00771, -6494.61, 1.00183, -6494.75, 0.976324, -6493.45, -6.07203e-05, -6.07051e-05, -6.07029e-05, 0.041967, 1.11168, 0.0422393, 0.102948, 0.0422286
300.202, 1.00771, -6494.67, 1.00183, -6494.8, 0.976324, -6493.5, -4.0522e-05, -4.05361e-05, -4.05212e-05, 0.041967, 1.11168, 0.0422392, 0.102949, 0.0422291
300.252, 1.00771, -6494.71, 1.00183, -6494.85, 0.976324, -6493.55, -4.04657e-05, -4.04711e-05, -4.04763e-05, 0.041967, 1.11168, 0.0422391, 0.102948, 0.0422295
300.303, 1.00771, -6494.75, 1.00183, -6494.89, 0.976324, -6493.59, -4.04631e-05, -4.04867e-05, -4.04753e-05, 0.041967, 1.11168, 0.042239, 0.102948, 0.04223
300.353, 1.00771, -6494.8, 1.00183, -6494.94, 0.976324, -6493.63, -4.04824e-05, -4.04608e-05, -4.04728e-05, 0.041967, 1.11168, 0.0422392, 0.102949, 0.0422304
300.403, 1.00771, -6494.84, 1.00183, -6494.98, 0.976324, -6493.68, -4.04836e-05, -4.04923e-05, -4.04977e-05, 0.041967, 1.11168, 0.0422391, 0.102948, 0.0422307
300.454, 1.00771, -6494.88, 1.00183, -6495.02, 0.976324, -6493.72, -4.04621e-05, -4.04663e-05, -4.04663e-05, 0.041967, 1.11168, 0.0422394, 0.102949, 0.0422311
300.504, 1.00771, -6494.93, 1.00183, -6495.07, 0.976324, -6493.76, -4.04686e-05, -4.04756e-05, -4.04636e-05, 0.041967, 1.11168, 0.0422391, 0.102948, 0.0422314
300.554, 1.00771, -6494.97, 1.00183, -6495.11, 0.976324, -6493.81, -4.04508e-05, -4.04622e-05, -4.04727e-05, 0.041967, 1.11168, 0.0422392, 0.102948, 0.0422316
300.605, 1.00771, -6495.02, 1.00183, -6495.15, 0.976324, -6493.85, -4.04825e-05, -4.04719e-05, -4.04781e-05, 0.041967, 1.11168, 0.042239, 0.102948, 0.0422319
300.655, 1.00771, -6495.06, 1.00183, -6495.2, 0.976324, -6493.9, -4.04788e-05, -4.04866e-05, -4.04764e-05, 0.041967, 1.11168, 0.0422393, 0.102949, 0.042232
300.705, 1.00771, -6495.1, 1.00183, -6495.24, 0.976325, -6493.94, -4.04657e-05, -4.04755e-05, -4.04633e-05, 0.041967, 1.11168, 0.0422392, 0.102949, 0.0422321
300.756, 1.00771, -6495.15, 1.00183, -6495.29, 0.976325, -6493.98, -4.04712e-05, -4.04811e-05, -4.04876e-05, 0.041967, 1.11168, 0.0422393, 0.102948, 0.0422322
300.806, 1.00771, -6495.19, 1.00183, -6495.33, 0.976325, -6494.03, -4.04881e-05, -4.04788e-05, -4.0493e-05, 0.041967, 1.11168, 0.0422393, 0.102948, 0.0422323
300.857, 1.00771, -6495.23, 1.00183, -6495.37, 0.976325, -6494.07, -4.04629e-05, -4.04679e-05, -4.04671e-05, 0.041967, 1.11168, 0.0422394, 0.102949, 0.0422323
300.907, 1.00771, -6495.28, 1.00183, -6495.42, 0.976325, -6494.11, -4.04619e-05, -4.04549e-05, -4.04372e-05, 0.041967, 1.11168, 0.0422394, 0.102949, 0.0422323
300.957, 1.00771, -6495.32, 1.00183, -6495.46, 0.976325, -6494.16, -4.04847e-05, -4.04825e-05, -4.04941e-05, 0.041967, 1.11168, 0.0422394, 0.102949, 0.0422323
301.001, 1.00771, -6495.36, 1.00183, -6495.5, 0.976325, -6494.2, -4.04601e-05, -4.04759e-05, -4.04769e-05, 0.041967, 1.11168, 0.0422392, 0.102949, 0.0422323
