time, 1, 2, 3, 4, 5, 6, 7, 8, 9, 10, 11, 12, 13, 14
Time(s), VOLT 1 [BUS1 16.500], ANGL 1 [BUS1 16.500], VOLT 2 [BUS2 230.00], ANGL 2 [BUS2 230.00], VOLT 3 [BUS3 230.00], ANGL 3 [BUS3 230.00], FREQ 1 [BUS1 16.500], FREQ 2 [BUS2 230.00], FREQ 3 [BUS3 230.00], GREFGEN1, VREFGEN1, PELECGEN1, QELECGEN1, PMECHGEN1
-0.002, 0.824872, 0.319671, 0, 0, 0, 0, 0, 0, 0, 0, 0.866115, 0, 0, 0
0.048, 0.824872, 0.319671, 0, 0, 0, 0, -2.33174e-16, 0, 0, 0, 0.866115, 0, 0, 0
0.098, 0.824872, 0.319671, 0, 0, 0, 0, -1.32052e-22, 0, 0, 0, 0.866115, 0, 0, 0
0.148, 0.824872, 0.319671, 0, 0, 0, 0, -7.47838e-29, 0, 0, 0, 0.866115, 0, 0, 0
0.198, 0.824872, 0.319671, 0, 0, 0, 0, -4.23517e-35, 0, 0, 0, 0.866115, 0, 0, 0
0.248, 0.824872, 0.319671, 0, 0, 0, 0, -2.39538e-41, 0, 0, 0, 0.866115, 0, 0, 0
0.298, 0.824872, 0.319671, 0, 0, 0, 0, -4.82047e-43, 0, 0, 0, 0.866115, 0, 0, 0
0.347999, 0.824872, 0.319671, 0, 0, 0, 0, -4.82047e-43, 0, 0, 0, 0.866115, 0, 0, 0
0.397998, 0.824872, 0.319671, 0, 0, 0, 0, -4.82047e-43, 0, 0, 0, 0.866115, 0, 0, 0
0.447998, 0.824872, 0.319671, 0, 0, 0, 0, -4.82047e-43, 0, 0, 0, 0.866115, 0, 0, 0
0.497997, 0.824872, 0.319671, 0, 0, 0, 0, -4.82047e-43, 0, 0, 0, 0.866115, 0, 0, 0
0.547997, 0.824872, 0.319671, 0, 0, 0, 0, -4.82047e-43, 0, 0, 0, 0.866115, 0, 0, 0
0.597996, 0.824872, 0.319671, 0, 0, 0, 0, -4.82047e-43, 0, 0, 0, 0.866115, 0, 0, 0
0.647995, 0.824872, 0.319671, 0, 0, 0, 0, -4.82047e-43, 0, 0, 0, 0.866115, 0, 0, 0
0.697995, 0.824872, 0.319671, 0, 0, 0, 0, -4.82047e-43, 0, 0, 0, 0.866115, 0, 0, 0
0.747994, 0.824872, 0.319671, 0, 0, 0, 0, -4.82047e-43, 0, 0, 0, 0.866115, 0, 0, 0
0.797993, 0.824872, 0.319671, 0, 0, 0, 0, -4.82047e-43, 0, 0, 0, 0.866115, 0, 0, 0
0.847993, 0.824872, 0.319671, 0, 0, 0, 0, -4.82047e-43, 0, 0, 0, 0.866115, 0, 0, 0
0.897992, 0.824872, 0.319671, 0, 0, 0, 0, -4.82047e-43, 0, 0, 0, 0.866115, 0, 0, 0
0.947991, 0.824872, 0.319671, 0, 0, 0, 0, -4.82047e-43, 0, 0, 0, 0.866115, 0, 0, 0
0.997991, 0.824872, 0.319671, 0, 0, 0, 0, -4.82047e-43, 0, 0, 0, 0.866115, 0, 0, 0
0.999991, 0.824872, 0.319671, 0, 0, 0, 0, -4.82047e-43, 0, 0, 0, 0.866115, 0, 0, 0
0.999991, 0.824872, 0.319671, 0, 0, 0, 0, -4.82047e-43, 0, 0, 0, 0.866115, 0, 0, 0
1.04999, 0.824872, 0.319671, 0, 0, 0, 0, -4.82047e-43, 0, 0, 0, 0.866115, 0, 0, 0
1.1, 0.824872, 0.319671, 0, 0, 0, 0, -4.82047e-43, 0, 0, 0, 0.866115, 0, 0, 0
1.15, 0.824872, 0.319671, 0, 0, 0, 0, -4.82047e-43, 0, 0, 0, 0.866115, 0, 0, 0
1.2, 0.824872, 0.319671, 0, 0, 0, 0, -4.82047e-43, 0, 0, 0, 0.866115, 0, 0, 0
1.25, 0.824872, 0.319671, 0, 0, 0, 0, -4.82047e-43, 0, 0, 0, 0.866115, 0, 0, 0
1.3, 0.824872, 0.319671, 0, 0, 0, 0, -4.82047e-43, 0, 0, 0, 0.866115, 0, 0, 0
1.35001, 0.824872, 0.319671, 0, 0, 0, 0, -4.82047e-43, 0, 0, 0, 0.866115, 0, 0, 0
1.40001, 0.824872, 0.319671, 0, 0, 0, 0, -4.82047e-43, 0, 0, 0, 0.866115, 0, 0, 0
1.45001, 0.824872, 0.319671, 0, 0, 0, 0, -4.82047e-43, 0, 0, 0, 0.866115, 0, 0, 0
1.50001, 0.824872, 0.319671, 0, 0, 0, 0, -4.82047e-43, 0, 0, 0, 0.866115, 0, 0, 0
1.55002, 0.824872, 0.319671, 0, 0, 0, 0, -4.82047e-43, 0, 0, 0, 0.866115, 0, 0, 0
1.60002, 0.824872, 0.319671, 0, 0, 0, 0, -4.82047e-43, 0, 0, 0, 0.866115, 0, 0, 0
1.65002, 0.824872, 0.319671, 0, 0, 0, 0, -4.82047e-43, 0, 0, 0, 0.866115, 0, 0, 0
1.70002, 0.824872, 0.319671, 0, 0, 0, 0, -4.82047e-43, 0, 0, 0, 0.866115, 0, 0, 0
1.75003, 0.824872, 0.319671, 0, 0, 0, 0, -4.82047e-43, 0, 0, 0, 0.866115, 0, 0, 0
1.80003, 0.824872, 0.319671, 0, 0, 0, 0, -4.82047e-43, 0, 0, 0, 0.866115, 0, 0, 0
1.85003, 0.824872, 0.319671, 0, 0, 0, 0, -4.82047e-43, 0, 0, 0, 0.866115, 0, 0, 0
1.90003, 0.824872, 0.319671, 0, 0, 0, 0, -4.82047e-43, 0, 0, 0, 0.866115, 0, 0, 0
1.95004, 0.824872, 0.319671, 0, 0, 0, 0, -4.82047e-43, 0, 0, 0, 0.866115, 0, 0, 0
2.00004, 0.824872, 0.319671, 0, 0, 0, 0, -4.82047e-43, 0, 0, 0, 0.866115, 0, 0, 0
2.00004, 0.824872, 0.319671, 0, 0, 0, 0, -4.82047e-43, 0, 0, 0, 0.866115, 0, 0, 0
2.05003, 0.824872, 0.319671, 0, 0, 0, 0, -4.82047e-43, 0, 0, 0, 0.866115, 0, 0, 0
2.10003, 0.824872, 0.319671, 0, 0, 0, 0, -4.82047e-43, 0, 0, 0, 0.866115, 0, 0, 0
2.15003, 0.824872, 0.319671, 0, 0, 0, 0, -4.82047e-43, 0, 0, 0, 0.866115, 0, 0, 0
2.20002, 0.824872, 0.319671, 0, 0, 0, 0, -4.82047e-43, 0, 0, 0, 0.866115, 0, 0, 0
2.25002, 0.824872, 0.319671, 0, 0, 0, 0, -4.82047e-43, 0, 0, 0, 0.866115, 0, 0, 0
2.30002, 0.824872, 0.319671, 0, 0, 0, 0, -4.82047e-43, 0, 0, 0, 0.866115, 0, 0, 0
2.35001, 0.824872, 0.319671, 0, 0, 0, 0, -4.82047e-43, 0, 0, 0, 0.866115, 0, 0, 0
2.40001, 0.824872, 0.319671, 0, 0, 0, 0, -4.82047e-43, 0, 0, 0, 0.866115, 0, 0, 0
2.45, 0.824872, 0.319671, 0, 0, 0, 0, -4.82047e-43, 0, 0, 0, 0.866115, 0, 0, 0
2.5, 0.824872, 0.319671, 0, 0, 0, 0, -4.82047e-43, 0, 0, 0, 0.866115, 0, 0, 0
2.55, 0.824872, 0.319671, 0, 0, 0, 0, -4.82047e-43, 0, 0, 0, 0.866115, 0, 0, 0
2.59999, 0.824872, 0.319671, 0, 0, 0, 0, -4.82047e-43, 0, 0, 0, 0.866115, 0, 0, 0
2.64999, 0.824872, 0.319671, 0, 0, 0, 0, -4.82047e-43, 0, 0, 0, 0.866115, 0, 0, 0
2.69999, 0.824872, 0.319671, 0, 0, 0, 0, -4.82047e-43, 0, 0, 0, 0.866115, 0, 0, 0
2.74998, 0.824872, 0.319671, 0, 0, 0, 0, -4.82047e-43, 0, 0, 0, 0.866115, 0, 0, 0
2.79998, 0.824872, 0.319671, 0, 0, 0, 0, -4.82047e-43, 0, 0, 0, 0.866115, 0, 0, 0
2.84998, 0.824872, 0.319671, 0, 0, 0, 0, -4.82047e-43, 0, 0, 0, 0.866115, 0, 0, 0
2.89997, 0.824872, 0.319671, 0, 0, 0, 0, -4.82047e-43, 0, 0, 0, 0.866115, 0, 0, 0
2.94997, 0.824872, 0.319671, 0, 0, 0, 0, -4.82047e-43, 0, 0, 0, 0.866115, 0, 0, 0
2.99996, 0.824872, 0.319671, 0, 0, 0, 0, -4.82047e-43, 0, 0, 0, 0.866115, 0, 0, 0
3.00096, 0.824872, 0.319671, 0, 0, 0, 0, -4.82047e-43, 0, 0, 0, 0.866115, 0, 0, 0
3.00096, 0.824872, 0.319671, 0, 0, 0, 0, -4.82047e-43, 0, 0, 0, 0.866115, 0, 0, 0
3.05096, 0.824872, 0.319671, 0, 0, 0, 0, -4.82047e-43, 0, 0, 0, 0.866115, 0, 0, 0
3.10096, 0.824872, 0.319671, 0, 0, 0, 0, -4.82047e-43, 0, 0, 0, 0.866115, 0, 0, 0
3.15095, 0.824872, 0.319671, 0, 0, 0, 0, -4.82047e-43, 0, 0, 0, 0.866115, 0, 0, 0
3.20095, 0.824872, 0.319671, 0, 0, 0, 0, -4.82047e-43, 0, 0, 0, 0.866115, 0, 0, 0
3.25095, 0.824872, 0.319671, 0, 0, 0, 0, -4.82047e-43, 0, 0, 0, 0.866115, 0, 0, 0
3.30094, 0.824872, 0.319671, 0, 0, 0, 0, -4.82047e-43, 0, 0, 0, 0.866115, 0, 0, 0
3.35094, 0.824872, 0.319671, 0, 0, 0, 0, -4.82047e-43, 0, 0, 0, 0.866115, 0, 0, 0
3.40094, 0.824872, 0.319671, 0, 0, 0, 0, -4.82047e-43, 0, 0, 0, 0.866115, 0, 0, 0
3.45093, 0.824872, 0.319671, 0, 0, 0, 0, -4.82047e-43, 0, 0, 0, 0.866115, 0, 0, 0
3.50093, 0.824872, 0.319671, 0, 0, 0, 0, -4.82047e-43, 0, 0, 0, 0.866115, 0, 0, 0
3.55093, 0.824872, 0.319671, 0, 0, 0, 0, -4.82047e-43, 0, 0, 0, 0.866115, 0, 0, 0
3.60092, 0.824872, 0.319671, 0, 0, 0, 0, -4.82047e-43, 0, 0, 0, 0.866115, 0, 0, 0
3.65092, 0.824872, 0.319671, 0, 0, 0, 0, -4.82047e-43, 0, 0, 0, 0.866115, 0, 0, 0
3.70091, 0.824872, 0.319671, 0, 0, 0, 0, -4.82047e-43, 0, 0, 0, 0.866115, 0, 0, 0
3.75091, 0.824872, 0.319671, 0, 0, 0, 0, -4.82047e-43, 0, 0, 0, 0.866115, 0, 0, 0
3.80091, 0.824872, 0.319671, 0, 0, 0, 0, -4.82047e-43, 0, 0, 0, 0.866115, 0, 0, 0
3.8509, 0.824872, 0.319671, 0, 0, 0, 0, -4.82047e-43, 0, 0, 0, 0.866115, 0, 0, 0
3.9009, 0.824872, 0.319671, 0, 0, 0, 0, -4.82047e-43, 0, 0, 0, 0.866115, 0, 0, 0
3.9509, 0.824872, 0.319671, 0, 0, 0, 0, -4.82047e-43, 0, 0, 0, 0.866115, 0, 0, 0
4.00089, 0.824872, 0.319671, 0, 0, 0, 0, -4.82047e-43, 0, 0, 0, 0.866115, 0, 0, 0
4.00089, 0.824872, 0.319671, 0, 0, 0, 0, -4.82047e-43, 0, 0, 0, 0.866115, 0, 0, 0
4.05089, 0.824872, 0.319671, 0, 0, 0, 0, -4.82047e-43, 0, 0, 0, 0.866115, 0, 0, 0
4.10089, 0.824872, 0.319671, 0, 0, 0, 0, -4.82047e-43, 0, 0, 0, 0.866115, 0, 0, 0
4.15088, 0.824872, 0.319671, 0, 0, 0, 0, -4.82047e-43, 0, 0, 0, 0.866115, 0, 0, 0
4.20088, 0.824872, 0.319671, 0, 0, 0, 0, -4.82047e-43, 0, 0, 0, 0.866115, 0, 0, 0
4.25087, 0.824872, 0.319671, 0, 0, 0, 0, -4.82047e-43, 0, 0, 0, 0.866115, 0, 0, 0
4.30087, 0.824872, 0.319671, 0, 0, 0, 0, -4.82047e-43, 0, 0, 0, 0.866115, 0, 0, 0
4.35087, 0.824872, 0.319671, 0, 0, 0, 0, -4.82047e-43, 0, 0, 0, 0.866115, 0, 0, 0
4.40086, 0.824872, 0.319671, 0, 0, 0, 0, -4.82047e-43, 0, 0, 0, 0.866115, 0, 0, 0
4.45086, 0.824872, 0.319671, 0, 0, 0, 0, -4.82047e-43, 0, 0, 0, 0.866115, 0, 0, 0
4.50086, 0.824872, 0.319671, 0, 0, 0, 0, -4.82047e-43, 0, 0, 0, 0.866115, 0, 0, 0
4.55085, 0.824872, 0.319671, 0, 0, 0, 0, -4.82047e-43, 0, 0, 0, 0.866115, 0, 0, 0
4.60085, 0.824872, 0.319671, 0, 0, 0, 0, -4.82047e-43, 0, 0, 0, 0.866115, 0, 0, 0
4.65085, 0.824872, 0.319671, 0, 0, 0, 0, -4.82047e-43, 0, 0, 0, 0.866115, 0, 0, 0
4.70084, 0.824872, 0.319671, 0, 0, 0, 0, -4.82047e-43, 0, 0, 0, 0.866115, 0, 0, 0
4.75084, 0.824872, 0.319671, 0, 0, 0, 0, -4.82047e-43, 0, 0, 0, 0.866115, 0, 0, 0
4.80083, 0.824872, 0.319671, 0, 0, 0, 0, -4.82047e-43, 0, 0, 0, 0.866115, 0, 0, 0
4.85083, 0.824872, 0.319671, 0, 0, 0, 0, -4.82047e-43, 0, 0, 0, 0.866115, 0, 0, 0
4.90083, 0.824872, 0.319671, 0, 0, 0, 0, -4.82047e-43, 0, 0, 0, 0.866115, 0, 0, 0
4.95082, 0.824872, 0.319671, 0, 0, 0, 0, -4.82047e-43, 0, 0, 0, 0.866115, 0, 0, 0
5.00082, 0.824872, 0.319671, 0, 0, 0, 0, -4.82047e-43, 0, 0, 0, 0.866115, 0, 0, 0
5.00082, 0.824872, 0.319671, 0, 0, 0, 0, -4.82047e-43, 0, 0, 0, 0.866115, 0, 0, 0
5.05082, 0.824872, 0.319671, 0, 0, 0, 0, -4.82047e-43, 0, 0, 0, 0.866115, 0, 0, 0
5.10081, 0.824872, 0.319671, 0, 0, 0, 0, -4.82047e-43, 0, 0, 0, 0.866115, 0, 0, 0
5.15081, 0.824872, 0.319671, 0, 0, 0, 0, -4.82047e-43, 0, 0, 0, 0.866115, 0, 0, 0
5.20081, 0.824872, 0.319671, 0, 0, 0, 0, -4.82047e-43, 0, 0, 0, 0.866115, 0, 0, 0
5.2508, 0.824872, 0.319671, 0, 0, 0, 0, -4.82047e-43, 0, 0, 0, 0.866115, 0, 0, 0
5.3008, 0.824872, 0.319671, 0, 0, 0, 0, -4.82047e-43, 0, 0, 0, 0.866115, 0, 0, 0
5.35079, 0.824872, 0.319671, 0, 0, 0, 0, -4.82047e-43, 0, 0, 0, 0.866115, 0, 0, 0
5.40079, 0.824872, 0.319671, 0, 0, 0, 0, -4.82047e-43, 0, 0, 0, 0.866115, 0, 0, 0
5.45079, 0.824872, 0.319671, 0, 0, 0, 0, -4.82047e-43, 0, 0, 0, 0.866115, 0, 0, 0
5.50078, 0.824872, 0.319671, 0, 0, 0, 0, -4.82047e-43, 0, 0, 0, 0.866115, 0, 0, 0
5.55078, 0.824872, 0.319671, 0, 0, 0, 0, -4.82047e-43, 0, 0, 0, 0.866115, 0, 0, 0
5.60078, 0.824872, 0.319671, 0, 0, 0, 0, -4.82047e-43, 0, 0, 0, 0.866115, 0, 0, 0
5.65077, 0.824872, 0.319671, 0, 0, 0, 0, -4.82047e-43, 0, 0, 0, 0.866115, 0, 0, 0
5.70077, 0.824872, 0.319671, 0, 0, 0, 0, -4.82047e-43, 0, 0, 0, 0.866115, 0, 0, 0
5.75077, 0.824872, 0.319671, 0, 0, 0, 0, -4.82047e-43, 0, 0, 0, 0.866115, 0, 0, 0
5.80076, 0.824872, 0.319671, 0, 0, 0, 0, -4.82047e-43, 0, 0, 0, 0.866115, 0, 0, 0
5.85076, 0.824872, 0.319671, 0, 0, 0, 0, -4.82047e-43, 0, 0, 0, 0.866115, 0, 0, 0
5.90075, 0.824872, 0.319671, 0, 0, 0, 0, -4.82047e-43, 0, 0, 0, 0.866115, 0, 0, 0
5.95075, 0.824872, 0.319671, 0, 0, 0, 0, -4.82047e-43, 0, 0, 0, 0.866115, 0, 0, 0
6.00075, 0.824872, 0.319671, 0, 0, 0, 0, -4.82047e-43, 0, 0, 0, 0.866115, 0, 0, 0
6.00075, 0.824872, 0.319671, 0, 0, 0, 0, -4.82047e-43, 0, 0, 0, 0.866115, 0, 0, 0
6.05074, 0.824872, 0.319671, 0, 0, 0, 0, -4.82047e-43, 0, 0, 0, 0.866115, 0, 0, 0
6.10074, 0.824872, 0.319671, 0, 0, 0, 0, -4.82047e-43, 0, 0, 0, 0.866115, 0, 0, 0
6.15074, 0.824872, 0.319671, 0, 0, 0, 0, -4.82047e-43, 0, 0, 0, 0.866115, 0, 0, 0
6.20073, 0.824872, 0.319671, 0, 0, 0, 0, -4.82047e-43, 0, 0, 0, 0.866115, 0, 0, 0
6.25073, 0.824872, 0.319671, 0, 0, 0, 0, -4.82047e-43, 0, 0, 0, 0.866115, 0, 0, 0
6.30073, 0.824872, 0.319671, 0, 0, 0, 0, -4.82047e-43, 0, 0, 0, 0.866115, 0, 0, 0
6.35072, 0.824872, 0.319671, 0, 0, 0, 0, -4.82047e-43, 0, 0, 0, 0.866115, 0, 0, 0
6.40072, 0.824872, 0.319671, 0, 0, 0, 0, -4.82047e-43, 0, 0, 0, 0.866115, 0, 0, 0
6.45072, 0.824872, 0.319671, 0, 0, 0, 0, -4.82047e-43, 0, 0, 0, 0.866115, 0, 0, 0
6.50071, 0.824872, 0.319671, 0, 0, 0, 0, -4.82047e-43, 0, 0, 0, 0.866115, 0, 0, 0
6.55071, 0.824872, 0.319671, 0, 0, 0, 0, -4.82047e-43, 0, 0, 0, 0.866115, 0, 0, 0
6.6007, 0.824872, 0.319671, 0, 0, 0, 0, -4.82047e-43, 0, 0, 0, 0.866115, 0, 0, 0
6.6507, 0.824872, 0.319671, 0, 0, 0, 0, -4.82047e-43, 0, 0, 0, 0.866115, 0, 0, 0
6.7007, 0.824872, 0.319671, 0, 0, 0, 0, -4.82047e-43, 0, 0, 0, 0.866115, 0, 0, 0
6.75069, 0.824872, 0.319671, 0, 0, 0, 0, -4.82047e-43, 0, 0, 0, 0.866115, 0, 0, 0
6.80069, 0.824872, 0.319671, 0, 0, 0, 0, -4.82047e-43, 0, 0, 0, 0.866115, 0, 0, 0
6.85069, 0.824872, 0.319671, 0, 0, 0, 0, -4.82047e-43, 0, 0, 0, 0.866115, 0, 0, 0
6.90068, 0.824872, 0.319671, 0, 0, 0, 0, -4.82047e-43, 0, 0, 0, 0.866115, 0, 0, 0
6.95068, 0.824872, 0.319671, 0, 0, 0, 0, -4.82047e-43, 0, 0, 0, 0.866115, 0, 0, 0
7.00068, 0.824872, 0.319671, 0, 0, 0, 0, -4.82047e-43, 0, 0, 0, 0.866115, 0, 0, 0
7.00068, 0.824872, 0.319671, 0, 0, 0, 0, -4.82047e-43, 0, 0, 0, 0.866115, 0, 0, 0
7.05067, 0.824872, 0.319671, 0, 0, 0, 0, -4.82047e-43, 0, 0, 0, 0.866115, 0, 0, 0
7.10067, 0.824872, 0.319671, 0, 0, 0, 0, -4.82047e-43, 0, 0, 0, 0.866115, 0, 0, 0
7.15066, 0.824872, 0.319671, 0, 0, 0, 0, -4.82047e-43, 0, 0, 0, 0.866115, 0, 0, 0
7.20066, 0.824872, 0.319671, 0, 0, 0, 0, -4.82047e-43, 0, 0, 0, 0.866115, 0, 0, 0
7.25066, 0.824872, 0.319671, 0, 0, 0, 0, -4.82047e-43, 0, 0, 0, 0.866115, 0, 0, 0
7.30065, 0.824872, 0.319671, 0, 0, 0, 0, -4.82047e-43, 0, 0, 0, 0.866115, 0, 0, 0
7.35065, 0.824872, 0.319671, 0, 0, 0, 0, -4.82047e-43, 0, 0, 0, 0.866115, 0, 0, 0
7.40065, 0.824872, 0.319671, 0, 0, 0, 0, -4.82047e-43, 0, 0, 0, 0.866115, 0, 0, 0
7.45064, 0.824872, 0.319671, 0, 0, 0, 0, -4.82047e-43, 0, 0, 0, 0.866115, 0, 0, 0
7.50064, 0.824872, 0.319671, 0, 0, 0, 0, -4.82047e-43, 0, 0, 0, 0.866115, 0, 0, 0
7.55064, 0.824872, 0.319671, 0, 0, 0, 0, -4.82047e-43, 0, 0, 0, 0.866115, 0, 0, 0
7.60063, 0.824872, 0.319671, 0, 0, 0, 0, -4.82047e-43, 0, 0, 0, 0.866115, 0, 0, 0
7.65063, 0.824872, 0.319671, 0, 0, 0, 0, -4.82047e-43, 0, 0, 0, 0.866115, 0, 0, 0
7.70062, 0.824872, 0.319671, 0, 0, 0, 0, -4.82047e-43, 0, 0, 0, 0.866115, 0, 0, 0
7.75062, 0.824872, 0.319671, 0, 0, 0, 0, -4.82047e-43, 0, 0, 0, 0.866115, 0, 0, 0
7.80062, 0.824872, 0.319671, 0, 0, 0, 0, -4.82047e-43, 0, 0, 0, 0.866115, 0, 0, 0
7.85061, 0.824872, 0.319671, 0, 0, 0, 0, -4.82047e-43, 0, 0, 0, 0.866115, 0, 0, 0
7.90061, 0.824872, 0.319671, 0, 0, 0, 0, -4.82047e-43, 0, 0, 0, 0.866115, 0, 0, 0
7.95061, 0.824872, 0.319671, 0, 0, 0, 0, -4.82047e-43, 0, 0, 0, 0.866115, 0, 0, 0
8.0006, 0.824872, 0.319671, 0, 0, 0, 0, -4.82047e-43, 0, 0, 0, 0.866115, 0, 0, 0
8.0006, 0.824872, 0.319671, 0, 0, 0, 0, -4.82047e-43, 0, 0, 0, 0.866115, 0, 0, 0
8.05062, 0.824872, 0.319671, 0, 0, 0, 0, -4.82047e-43, 0, 0, 0, 0.866115, 0, 0, 0
8.10064, 0.824872, 0.319671, 0, 0, 0, 0, -4.82047e-43, 0, 0, 0, 0.866115, 0, 0, 0
8.15066, 0.824872, 0.319671, 0, 0, 0, 0, -4.82047e-43, 0, 0, 0, 0.866115, 0, 0, 0
8.20068, 0.824872, 0.319671, 0, 0, 0, 0, -4.82047e-43, 0, 0, 0, 0.866115, 0, 0, 0
8.2507, 0.824872, 0.319671, 0, 0, 0, 0, -4.82047e-43, 0, 0, 0, 0.866115, 0, 0, 0
8.30072, 0.824872, 0.319671, 0, 0, 0, 0, -4.82047e-43, 0, 0, 0, 0.866115, 0, 0, 0
8.35074, 0.824872, 0.319671, 0, 0, 0, 0, -4.82047e-43, 0, 0, 0, 0.866115, 0, 0, 0
8.40076, 0.824872, 0.319671, 0, 0, 0, 0, -4.82047e-43, 0, 0, 0, 0.866115, 0, 0, 0
8.45078, 0.824872, 0.319671, 0, 0, 0, 0, -4.82047e-43, 0, 0, 0, 0.866115, 0, 0, 0
8.5008, 0.824872, 0.319671, 0, 0, 0, 0, -4.82047e-43, 0, 0, 0, 0.866115, 0, 0, 0
8.55083, 0.824872, 0.319671, 0, 0, 0, 0, -4.82047e-43, 0, 0, 0, 0.866115, 0, 0, 0
8.60085, 0.824872, 0.319671, 0, 0, 0, 0, -4.82047e-43, 0, 0, 0, 0.866115, 0, 0, 0
8.65087, 0.824872, 0.319671, 0, 0, 0, 0, -4.82047e-43, 0, 0, 0, 0.866115, 0, 0, 0
8.70089, 0.824872, 0.319671, 0, 0, 0, 0, -4.82047e-43, 0, 0, 0, 0.866115, 0, 0, 0
8.75091, 0.824872, 0.319671, 0, 0, 0, 0, -4.82047e-43, 0, 0, 0, 0.866115, 0, 0, 0
8.80093, 0.824872, 0.319671, 0, 0, 0, 0, -4.82047e-43, 0, 0, 0, 0.866115, 0, 0, 0
8.85095, 0.824872, 0.319671, 0, 0, 0, 0, -4.82047e-43, 0, 0, 0, 0.866115, 0, 0, 0
8.90097, 0.824872, 0.319671, 0, 0, 0, 0, -4.82047e-43, 0, 0, 0, 0.866115, 0, 0, 0
8.95099, 0.824872, 0.319671, 0, 0, 0, 0, -4.82047e-43, 0, 0, 0, 0.866115, 0, 0, 0
9.00001, 0.824872, 0.319671, 0, 0, 0, 0, -4.82047e-43, 0, 0, 0, 0.866115, 0, 0, 0
9.00001, 0.824872, 0.319671, 0, 0, 0, 0, -4.82047e-43, 0, 0, 0, 0.866115, 0, 0, 0
9.05003, 0.824872, 0.319671, 0, 0, 0, 0, -4.82047e-43, 0, 0, 0, 0.866115, 0, 0, 0
9.10005, 0.824872, 0.319671, 0, 0, 0, 0, -4.82047e-43, 0, 0, 0, 0.866115, 0, 0, 0
9.15007, 0.824872, 0.319671, 0, 0, 0, 0, -4.82047e-43, 0, 0, 0, 0.866115, 0, 0, 0
9.20009, 0.824872, 0.319671, 0, 0, 0, 0, -4.82047e-43, 0, 0, 0, 0.866115, 0, 0, 0
9.25011, 0.824872, 0.319671, 0, 0, 0, 0, -4.82047e-43, 0, 0, 0, 0.866115, 0, 0, 0
9.30013, 0.824872, 0.319671, 0, 0, 0, 0, -4.82047e-43, 0, 0, 0, 0.866115, 0, 0, 0
9.35015, 0.824872, 0.319671, 0, 0, 0, 0, -4.82047e-43, 0, 0, 0, 0.866115, 0, 0, 0
9.40017, 0.824872, 0.319671, 0, 0, 0, 0, -4.82047e-43, 0, 0, 0, 0.866115, 0, 0, 0
9.45019, 0.824872, 0.319671, 0, 0, 0, 0, -4.82047e-43, 0, 0, 0, 0.866115, 0, 0, 0
9.50021, 0.824872, 0.319671, 0, 0, 0, 0, -4.82047e-43, 0, 0, 0, 0.866115, 0, 0, 0
9.55023, 0.824872, 0.319671, 0, 0, 0, 0, -4.82047e-43, 0, 0, 0, 0.866115, 0, 0, 0
9.60025, 0.824872, 0.319671, 0, 0, 0, 0, -4.82047e-43, 0, 0, 0, 0.866115, 0, 0, 0
9.65027, 0.824872, 0.319671, 0, 0, 0, 0, -4.82047e-43, 0, 0, 0, 0.866115, 0, 0, 0
9.70029, 0.824872, 0.319671, 0, 0, 0, 0, -4.82047e-43, 0, 0, 0, 0.866115, 0, 0, 0
9.75031, 0.824872, 0.319671, 0, 0, 0, 0, -4.82047e-43, 0, 0, 0, 0.866115, 0, 0, 0
9.80033, 0.824872, 0.319671, 0, 0, 0, 0, -4.82047e-43, 0, 0, 0, 0.866115, 0, 0, 0
9.85035, 0.824872, 0.319671, 0, 0, 0, 0, -4.82047e-43, 0, 0, 0, 0.866115, 0, 0, 0
9.90037, 0.824872, 0.319671, 0, 0, 0, 0, -4.82047e-43, 0, 0, 0, 0.866115, 0, 0, 0
9.95039, 0.824872, 0.319671, 0, 0, 0, 0, -4.82047e-43, 0, 0, 0, 0.866115, 0, 0, 0
10.0004, 0.824872, 0.319671, 0, 0, 0, 0, -4.82047e-43, 0, 0, 0, 0.866115, 0, 0, 0
10.0004, 0.824872, 0.319671, 0, 0, 0, 0, -4.82047e-43, 0, 0, 0, 0.866115, 0, 0, 0
10.0504, 0.824872, 0.319671, 0, 0, 0, 0, -4.82047e-43, 0, 0, 0, 0.866115, 0, 0, 0
10.1005, 0.824872, 0.319671, 0, 0, 0, 0, -4.82047e-43, 0, 0, 0, 0.866115, 0, 0, 0
10.1505, 0.824872, 0.319671, 0, 0, 0, 0, -4.82047e-43, 0, 0, 0, 0.866115, 0, 0, 0
10.2005, 0.824872, 0.319671, 0, 0, 0, 0, -4.82047e-43, 0, 0, 0, 0.866115, 0, 0, 0
10.2505, 0.824872, 0.319671, 0, 0, 0, 0, -4.82047e-43, 0, 0, 0, 0.866115, 0, 0, 0
10.3005, 0.824872, 0.319671, 0, 0, 0, 0, -4.82047e-43, 0, 0, 0, 0.866115, 0, 0, 0
10.3506, 0.824872, 0.319671, 0, 0, 0, 0, -4.82047e-43, 0, 0, 0, 0.866115, 0, 0, 0
10.4006, 0.824872, 0.319671, 0, 0, 0, 0, -4.82047e-43, 0, 0, 0, 0.866115, 0, 0, 0
10.4506, 0.824872, 0.319671, 0, 0, 0, 0, -4.82047e-43, 0, 0, 0, 0.866115, 0, 0, 0
10.5006, 0.824872, 0.319671, 0, 0, 0, 0, -4.82047e-43, 0, 0, 0, 0.866115, 0, 0, 0
10.5506, 0.824872, 0.319671, 0, 0, 0, 0, -4.82047e-43, 0, 0, 0, 0.866115, 0, 0, 0
10.6007, 0.824872, 0.319671, 0, 0, 0, 0, -4.82047e-43, 0, 0, 0, 0.866115, 0, 0, 0
10.6507, 0.824872, 0.319671, 0, 0, 0, 0, -4.82047e-43, 0, 0, 0, 0.866115, 0, 0, 0
10.7007, 0.824872, 0.319671, 0, 0, 0, 0, -4.82047e-43, 0, 0, 0, 0.866115, 0, 0, 0
10.7507, 0.824872, 0.319671, 0, 0, 0, 0, -4.82047e-43, 0, 0, 0, 0.866115, 0, 0, 0
10.8007, 0.824872, 0.319671, 0, 0, 0, 0, -4.82047e-43, 0, 0, 0, 0.866115, 0, 0, 0
10.8508, 0.824872, 0.319671, 0, 0, 0, 0, -4.82047e-43, 0, 0, 0, 0.866115, 0, 0, 0
10.9008, 0.824872, 0.319671, 0, 0, 0, 0, -4.82047e-43, 0, 0, 0, 0.866115, 0, 0, 0
10.9508, 0.824872, 0.319671, 0, 0, 0, 0, -4.82047e-43, 0, 0, 0, 0.866115, 0, 0, 0
11.0008, 0.824872, 0.319671, 0, 0, 0, 0, -4.82047e-43, 0, 0, 0, 0.866115, 0, 0, 0
11.0008, 0.824872, 0.319671, 0, 0, 0, 0, -4.82047e-43, 0, 0, 0, 0.866115, 0, 0, 0
11.0508, 0.824872, 0.319671, 0, 0, 0, 0, -4.82047e-43, 0, 0, 0, 0.866115, 0, 0, 0
11.1009, 0.824872, 0.319671, 0, 0, 0, 0, -4.82047e-43, 0, 0, 0, 0.866115, 0, 0, 0
11.1509, 0.824872, 0.319671, 0, 0, 0, 0, -4.82047e-43, 0, 0, 0, 0.866115, 0, 0, 0
11.2009, 0.824872, 0.319671, 0, 0, 0, 0, -4.82047e-43, 0, 0, 0, 0.866115, 0, 0, 0
11.2509, 0.824872, 0.319671, 0, 0, 0, 0, -4.82047e-43, 0, 0, 0, 0.866115, 0, 0, 0
11.3009, 0.824872, 0.319671, 0, 0, 0, 0, -4.82047e-43, 0, 0, 0, 0.866115, 0, 0, 0
11.351, 0.824872, 0.319671, 0, 0, 0, 0, -4.82047e-43, 0, 0, 0, 0.866115, 0, 0, 0
11.401, 0.824872, 0.319671, 0, 0, 0, 0, -4.82047e-43, 0, 0, 0, 0.866115, 0, 0, 0
11.451, 0.824872, 0.319671, 0, 0, 0, 0, -4.82047e-43, 0, 0, 0, 0.866115, 0, 0, 0
11.501, 0.824872, 0.319671, 0, 0, 0, 0, -4.82047e-43, 0, 0, 0, 0.866115, 0, 0, 0
11.551, 0.824872, 0.319671, 0, 0, 0, 0, -4.82047e-43, 0, 0, 0, 0.866115, 0, 0, 0
11.6011, 0.824872, 0.319671, 0, 0, 0, 0, -4.82047e-43, 0, 0, 0, 0.866115, 0, 0, 0
11.6511, 0.824872, 0.319671, 0, 0, 0, 0, -4.82047e-43, 0, 0, 0, 0.866115, 0, 0, 0
11.7011, 0.824872, 0.319671, 0, 0, 0, 0, -4.82047e-43, 0, 0, 0, 0.866115, 0, 0, 0
11.7511, 0.824872, 0.319671, 0, 0, 0, 0, -4.82047e-43, 0, 0, 0, 0.866115, 0, 0, 0
11.8011, 0.824872, 0.319671, 0, 0, 0, 0, -4.82047e-43, 0, 0, 0, 0.866115, 0, 0, 0
11.8512, 0.824872, 0.319671, 0, 0, 0, 0, -4.82047e-43, 0, 0, 0, 0.866115, 0, 0, 0
11.9012, 0.824872, 0.319671, 0, 0, 0, 0, -4.82047e-43, 0, 0, 0, 0.866115, 0, 0, 0
11.9512, 0.824872, 0.319671, 0, 0, 0, 0, -4.82047e-43, 0, 0, 0, 0.866115, 0, 0, 0
12.0002, 0.824872, 0.319671, 0, 0, 0, 0, -4.82047e-43, 0, 0, 0, 0.866115, 0, 0, 0
12.0002, 0.824872, 0.319671, 0, 0, 0, 0, -4.82047e-43, 0, 0, 0, 0.866115, 0, 0, 0
12.0502, 0.824872, 0.319671, 0, 0, 0, 0, -4.82047e-43, 0, 0, 0, 0.866115, 0, 0, 0
12.1003, 0.824872, 0.319671, 0, 0, 0, 0, -4.82047e-43, 0, 0, 0, 0.866115, 0, 0, 0
12.1503, 0.824872, 0.319671, 0, 0, 0, 0, -4.82047e-43, 0, 0, 0, 0.866115, 0, 0, 0
12.2003, 0.824872, 0.319671, 0, 0, 0, 0, -4.82047e-43, 0, 0, 0, 0.866115, 0, 0, 0
12.2503, 0.824872, 0.319671, 0, 0, 0, 0, -4.82047e-43, 0, 0, 0, 0.866115, 0, 0, 0
12.3003, 0.824872, 0.319671, 0, 0, 0, 0, -4.82047e-43, 0, 0, 0, 0.866115, 0, 0, 0
12.3504, 0.824872, 0.319671, 0, 0, 0, 0, -4.82047e-43, 0, 0, 0, 0.866115, 0, 0, 0
12.4004, 0.824872, 0.319671, 0, 0, 0, 0, -4.82047e-43, 0, 0, 0, 0.866115, 0, 0, 0
12.4504, 0.824872, 0.319671, 0, 0, 0, 0, -4.82047e-43, 0, 0, 0, 0.866115, 0, 0, 0
12.5004, 0.824872, 0.319671, 0, 0, 0, 0, -4.82047e-43, 0, 0, 0, 0.866115, 0, 0, 0
12.5504, 0.824872, 0.319671, 0, 0, 0, 0, -4.82047e-43, 0, 0, 0, 0.866115, 0, 0, 0
12.6005, 0.824872, 0.319671, 0, 0, 0, 0, -4.82047e-43, 0, 0, 0, 0.866115, 0, 0, 0
12.6505, 0.824872, 0.319671, 0, 0, 0, 0, -4.82047e-43, 0, 0, 0, 0.866115, 0, 0, 0
12.7005, 0.824872, 0.319671, 0, 0, 0, 0, -4.82047e-43, 0, 0, 0, 0.866115, 0, 0, 0
12.7505, 0.824872, 0.319671, 0, 0, 0, 0, -4.82047e-43, 0, 0, 0, 0.866115, 0, 0, 0
12.8005, 0.824872, 0.319671, 0, 0, 0, 0, -4.82047e-43, 0, 0, 0, 0.866115, 0, 0, 0
12.8506, 0.824872, 0.319671, 0, 0, 0, 0, -4.82047e-43, 0, 0, 0, 0.866115, 0, 0, 0
12.9006, 0.824872, 0.319671, 0, 0, 0, 0, -4.82047e-43, 0, 0, 0, 0.866115, 0, 0, 0
12.9506, 0.824872, 0.319671, 0, 0, 0, 0, -4.82047e-43, 0, 0, 0, 0.866115, 0, 0, 0
13.0006, 0.824872, 0.319671, 0, 0, 0, 0, -4.82047e-43, 0, 0, 0, 0.866115, 0, 0, 0
13.0006, 0.824872, 0.319671, 0, 0, 0, 0, -4.82047e-43, 0, 0, 0, 0.866115, 0, 0, 0
13.0506, 0.824872, 0.319671, 0, 0, 0, 0, -4.82047e-43, 0, 0, 0, 0.866115, 0, 0, 0
13.1007, 0.824872, 0.319671, 0, 0, 0, 0, -4.82047e-43, 0, 0, 0, 0.866115, 0, 0, 0
13.1507, 0.824872, 0.319671, 0, 0, 0, 0, -4.82047e-43, 0, 0, 0, 0.866115, 0, 0, 0
13.2007, 0.824872, 0.319671, 0, 0, 0, 0, -4.82047e-43, 0, 0, 0, 0.866115, 0, 0, 0
13.2507, 0.824872, 0.319671, 0, 0, 0, 0, -4.82047e-43, 0, 0, 0, 0.866115, 0, 0, 0
13.3007, 0.824872, 0.319671, 0, 0, 0, 0, -4.82047e-43, 0, 0, 0, 0.866115, 0, 0, 0
13.3508, 0.824872, 0.319671, 0, 0, 0, 0, -4.82047e-43, 0, 0, 0, 0.866115, 0, 0, 0
13.4008, 0.824872, 0.319671, 0, 0, 0, 0, -4.82047e-43, 0, 0, 0, 0.866115, 0, 0, 0
13.4508, 0.824872, 0.319671, 0, 0, 0, 0, -4.82047e-43, 0, 0, 0, 0.866115, 0, 0, 0
13.5008, 0.824872, 0.319671, 0, 0, 0, 0, -4.82047e-43, 0, 0, 0, 0.866115, 0, 0, 0
13.5508, 0.824872, 0.319671, 0, 0, 0, 0, -4.82047e-43, 0, 0, 0, 0.866115, 0, 0, 0
13.6009, 0.824872, 0.319671, 0, 0, 0, 0, -4.82047e-43, 0, 0, 0, 0.866115, 0, 0, 0
13.6509, 0.824872, 0.319671, 0, 0, 0, 0, -4.82047e-43, 0, 0, 0, 0.866115, 0, 0, 0
13.7009, 0.824872, 0.319671, 0, 0, 0, 0, -4.82047e-43, 0, 0, 0, 0.866115, 0, 0, 0
13.7509, 0.824872, 0.319671, 0, 0, 0, 0, -4.82047e-43, 0, 0, 0, 0.866115, 0, 0, 0
13.8009, 0.824872, 0.319671, 0, 0, 0, 0, -4.82047e-43, 0, 0, 0, 0.866115, 0, 0, 0
13.851, 0.824872, 0.319671, 0, 0, 0, 0, -4.82047e-43, 0, 0, 0, 0.866115, 0, 0, 0
13.901, 0.824872, 0.319671, 0, 0, 0, 0, -4.82047e-43, 0, 0, 0, 0.866115, 0, 0, 0
13.951, 0.824872, 0.319671, 0, 0, 0, 0, -4.82047e-43, 0, 0, 0, 0.866115, 0, 0, 0
14, 0.824872, 0.319671, 0, 0, 0, 0, -4.82047e-43, 0, 0, 0, 0.866115, 0, 0, 0
14, 0.824872, 0.319671, 0, 0, 0, 0, -4.82047e-43, 0, 0, 0, 0.866115, 0, 0, 0
14.05, 0.824872, 0.319671, 0, 0, 0, 0, -4.82047e-43, 0, 0, 0, 0.866115, 0, 0, 0
14.1001, 0.824872, 0.319671, 0, 0, 0, 0, -4.82047e-43, 0, 0, 0, 0.866115, 0, 0, 0
14.1501, 0.824872, 0.319671, 0, 0, 0, 0, -4.82047e-43, 0, 0, 0, 0.866115, 0, 0, 0
14.2001, 0.824872, 0.319671, 0, 0, 0, 0, -4.82047e-43, 0, 0, 0, 0.866115, 0, 0, 0
14.2501, 0.824872, 0.319671, 0, 0, 0, 0, -4.82047e-43, 0, 0, 0, 0.866115, 0, 0, 0
14.3001, 0.824872, 0.319671, 0, 0, 0, 0, -4.82047e-43, 0, 0, 0, 0.866115, 0, 0, 0
14.3502, 0.824872, 0.319671, 0, 0, 0, 0, -4.82047e-43, 0, 0, 0, 0.866115, 0, 0, 0
14.4002, 0.824872, 0.319671, 0, 0, 0, 0, -4.82047e-43, 0, 0, 0, 0.866115, 0, 0, 0
14.4502, 0.824872, 0.319671, 0, 0, 0, 0, -4.82047e-43, 0, 0, 0, 0.866115, 0, 0, 0
14.5002, 0.824872, 0.319671, 0, 0, 0, 0, -4.82047e-43, 0, 0, 0, 0.866115, 0, 0, 0
14.5503, 0.824872, 0.319671, 0, 0, 0, 0, -4.82047e-43, 0, 0, 0, 0.866115, 0, 0, 0
14.6003, 0.824872, 0.319671, 0, 0, 0, 0, -4.82047e-43, 0, 0, 0, 0.866115, 0, 0, 0
14.6503, 0.824872, 0.319671, 0, 0, 0, 0, -4.82047e-43, 0, 0, 0, 0.866115, 0, 0, 0
14.7003, 0.824872, 0.319671, 0, 0, 0, 0, -4.82047e-43, 0, 0, 0, 0.866115, 0, 0, 0
14.7503, 0.824872, 0.319671, 0, 0, 0, 0, -4.82047e-43, 0, 0, 0, 0.866115, 0, 0, 0
14.8004, 0.824872, 0.319671, 0, 0, 0, 0, -4.82047e-43, 0, 0, 0, 0.866115, 0, 0, 0
14.8504, 0.824872, 0.319671, 0, 0, 0, 0, -4.82047e-43, 0, 0, 0, 0.866115, 0, 0, 0
14.9004, 0.824872, 0.319671, 0, 0, 0, 0, -4.82047e-43, 0, 0, 0, 0.866115, 0, 0, 0
14.9504, 0.824872, 0.319671, 0, 0, 0, 0, -4.82047e-43, 0, 0, 0, 0.866115, 0, 0, 0
15.0004, 0.824872, 0.319671, 0, 0, 0, 0, -4.82047e-43, 0, 0, 0, 0.866115, 0, 0, 0
15.0004, 0.824872, 0.319671, 0, 0, 0, 0, -4.82047e-43, 0, 0, 0, 0.866115, 0, 0, 0
15.0505, 0.824872, 0.319671, 0, 0, 0, 0, -4.82047e-43, 0, 0, 0, 0.866115, 0, 0, 0
15.1005, 0.824872, 0.319671, 0, 0, 0, 0, -4.82047e-43, 0, 0, 0, 0.866115, 0, 0, 0
15.1505, 0.824872, 0.319671, 0, 0, 0, 0, -4.82047e-43, 0, 0, 0, 0.866115, 0, 0, 0
15.2005, 0.824872, 0.319671, 0, 0, 0, 0, -4.82047e-43, 0, 0, 0, 0.866115, 0, 0, 0
15.2505, 0.824872, 0.319671, 0, 0, 0, 0, -4.82047e-43, 0, 0, 0, 0.866115, 0, 0, 0
15.3006, 0.824872, 0.319671, 0, 0, 0, 0, -4.82047e-43, 0, 0, 0, 0.866115, 0, 0, 0
15.3506, 0.824872, 0.319671, 0, 0, 0, 0, -4.82047e-43, 0, 0, 0, 0.866115, 0, 0, 0
15.4006, 0.824872, 0.319671, 0, 0, 0, 0, -4.82047e-43, 0, 0, 0, 0.866115, 0, 0, 0
15.4506, 0.824872, 0.319671, 0, 0, 0, 0, -4.82047e-43, 0, 0, 0, 0.866115, 0, 0, 0
15.5006, 0.824872, 0.319671, 0, 0, 0, 0, -4.82047e-43, 0, 0, 0, 0.866115, 0, 0, 0
15.5507, 0.824872, 0.319671, 0, 0, 0, 0, -4.82047e-43, 0, 0, 0, 0.866115, 0, 0, 0
15.6007, 0.824872, 0.319671, 0, 0, 0, 0, -4.82047e-43, 0, 0, 0, 0.866115, 0, 0, 0
15.6507, 0.824872, 0.319671, 0, 0, 0, 0, -4.82047e-43, 0, 0, 0, 0.866115, 0, 0, 0
15.7007, 0.824872, 0.319671, 0, 0, 0, 0, -4.82047e-43, 0, 0, 0, 0.866115, 0, 0, 0
15.7507, 0.824872, 0.319671, 0, 0, 0, 0, -4.82047e-43, 0, 0, 0, 0.866115, 0, 0, 0
15.8008, 0.824872, 0.319671, 0, 0, 0, 0, -4.82047e-43, 0, 0, 0, 0.866115, 0, 0, 0
15.8508, 0.824872, 0.319671, 0, 0, 0, 0, -4.82047e-43, 0, 0, 0, 0.866115, 0, 0, 0
15.9008, 0.824872, 0.319671, 0, 0, 0, 0, -4.82047e-43, 0, 0, 0, 0.866115, 0, 0, 0
15.9508, 0.824872, 0.319671, 0, 0, 0, 0, -4.82047e-43, 0, 0, 0, 0.866115, 0, 0, 0
16.0008, 0.824872, 0.319671, 0, 0, 0, 0, -4.82047e-43, 0, 0, 0, 0.866115, 0, 0, 0
16.0008, 0.824872, 0.319671, 0, 0, 0, 0, -4.82047e-43, 0, 0, 0, 0.866115, 0, 0, 0
16.0508, 0.824872, 0.319671, 0, 0, 0, 0, -4.82047e-43, 0, 0, 0, 0.866115, 0, 0, 0
16.1008, 0.824872, 0.319671, 0, 0, 0, 0, -4.82047e-43, 0, 0, 0, 0.866115, 0, 0, 0
16.1508, 0.824872, 0.319671, 0, 0, 0, 0, -4.82047e-43, 0, 0, 0, 0.866115, 0, 0, 0
16.2007, 0.824872, 0.319671, 0, 0, 0, 0, -4.82047e-43, 0, 0, 0, 0.866115, 0, 0, 0
16.2507, 0.824872, 0.319671, 0, 0, 0, 0, -4.82047e-43, 0, 0, 0, 0.866115, 0, 0, 0
16.3007, 0.824872, 0.319671, 0, 0, 0, 0, -4.82047e-43, 0, 0, 0, 0.866115, 0, 0, 0
16.3506, 0.824872, 0.319671, 0, 0, 0, 0, -4.82047e-43, 0, 0, 0, 0.866115, 0, 0, 0
16.4006, 0.824872, 0.319671, 0, 0, 0, 0, -4.82047e-43, 0, 0, 0, 0.866115, 0, 0, 0
16.4506, 0.824872, 0.319671, 0, 0, 0, 0, -4.82047e-43, 0, 0, 0, 0.866115, 0, 0, 0
16.5006, 0.824872, 0.319671, 0, 0, 0, 0, -4.82047e-43, 0, 0, 0, 0.866115, 0, 0, 0
16.5505, 0.824872, 0.319671, 0, 0, 0, 0, -4.82047e-43, 0, 0, 0, 0.866115, 0, 0, 0
16.6005, 0.824872, 0.319671, 0, 0, 0, 0, -4.82047e-43, 0, 0, 0, 0.866115, 0, 0, 0
16.6505, 0.824872, 0.319671, 0, 0, 0, 0, -4.82047e-43, 0, 0, 0, 0.866115, 0, 0, 0
16.7005, 0.824872, 0.319671, 0, 0, 0, 0, -4.82047e-43, 0, 0, 0, 0.866115, 0, 0, 0
16.7504, 0.824872, 0.319671, 0, 0, 0, 0, -4.82047e-43, 0, 0, 0, 0.866115, 0, 0, 0
16.8004, 0.824872, 0.319671, 0, 0, 0, 0, -4.82047e-43, 0, 0, 0, 0.866115, 0, 0, 0
16.8504, 0.824872, 0.319671, 0, 0, 0, 0, -4.82047e-43, 0, 0, 0, 0.866115, 0, 0, 0
16.9003, 0.824872, 0.319671, 0, 0, 0, 0, -4.82047e-43, 0, 0, 0, 0.866115, 0, 0, 0
16.9503, 0.824872, 0.319671, 0, 0, 0, 0, -4.82047e-43, 0, 0, 0, 0.866115, 0, 0, 0
17.0003, 0.824872, 0.319671, 0, 0, 0, 0, -4.82047e-43, 0, 0, 0, 0.866115, 0, 0, 0
17.0003, 0.824872, 0.319671, 0, 0, 0, 0, -4.82047e-43, 0, 0, 0, 0.866115, 0, 0, 0
17.0503, 0.824872, 0.319671, 0, 0, 0, 0, -4.82047e-43, 0, 0, 0, 0.866115, 0, 0, 0
17.1002, 0.824872, 0.319671, 0, 0, 0, 0, -4.82047e-43, 0, 0, 0, 0.866115, 0, 0, 0
17.1502, 0.824872, 0.319671, 0, 0, 0, 0, -4.82047e-43, 0, 0, 0, 0.866115, 0, 0, 0
17.2002, 0.824872, 0.319671, 0, 0, 0, 0, -4.82047e-43, 0, 0, 0, 0.866115, 0, 0, 0
17.2501, 0.824872, 0.319671, 0, 0, 0, 0, -4.82047e-43, 0, 0, 0, 0.866115, 0, 0, 0
17.3001, 0.824872, 0.319671, 0, 0, 0, 0, -4.82047e-43, 0, 0, 0, 0.866115, 0, 0, 0
17.3501, 0.824872, 0.319671, 0, 0, 0, 0, -4.82047e-43, 0, 0, 0, 0.866115, 0, 0, 0
17.4001, 0.824872, 0.319671, 0, 0, 0, 0, -4.82047e-43, 0, 0, 0, 0.866115, 0, 0, 0
17.45, 0.824872, 0.319671, 0, 0, 0, 0, -4.82047e-43, 0, 0, 0, 0.866115, 0, 0, 0
17.5, 0.824872, 0.319671, 0, 0, 0, 0, -4.82047e-43, 0, 0, 0, 0.866115, 0, 0, 0
17.55, 0.824872, 0.319671, 0, 0, 0, 0, -4.82047e-43, 0, 0, 0, 0.866115, 0, 0, 0
17.6, 0.824872, 0.319671, 0, 0, 0, 0, -4.82047e-43, 0, 0, 0, 0.866115, 0, 0, 0
17.6499, 0.824872, 0.319671, 0, 0, 0, 0, -4.82047e-43, 0, 0, 0, 0.866115, 0, 0, 0
17.6999, 0.824872, 0.319671, 0, 0, 0, 0, -4.82047e-43, 0, 0, 0, 0.866115, 0, 0, 0
17.7499, 0.824872, 0.319671, 0, 0, 0, 0, -4.82047e-43, 0, 0, 0, 0.866115, 0, 0, 0
17.7998, 0.824872, 0.319671, 0, 0, 0, 0, -4.82047e-43, 0, 0, 0, 0.866115, 0, 0, 0
17.8498, 0.824872, 0.319671, 0, 0, 0, 0, -4.82047e-43, 0, 0, 0, 0.866115, 0, 0, 0
17.8998, 0.824872, 0.319671, 0, 0, 0, 0, -4.82047e-43, 0, 0, 0, 0.866115, 0, 0, 0
17.9498, 0.824872, 0.319671, 0, 0, 0, 0, -4.82047e-43, 0, 0, 0, 0.866115, 0, 0, 0
17.9997, 0.824872, 0.319671, 0, 0, 0, 0, -4.82047e-43, 0, 0, 0, 0.866115, 0, 0, 0
18.0007, 0.824872, 0.319671, 0, 0, 0, 0, -4.82047e-43, 0, 0, 0, 0.866115, 0, 0, 0
18.0007, 0.824872, 0.319671, 0, 0, 0, 0, -4.82047e-43, 0, 0, 0, 0.866115, 0, 0, 0
18.0507, 0.824872, 0.319671, 0, 0, 0, 0, -4.82047e-43, 0, 0, 0, 0.866115, 0, 0, 0
18.1007, 0.824872, 0.319671, 0, 0, 0, 0, -4.82047e-43, 0, 0, 0, 0.866115, 0, 0, 0
18.1507, 0.824872, 0.319671, 0, 0, 0, 0, -4.82047e-43, 0, 0, 0, 0.866115, 0, 0, 0
18.2006, 0.824872, 0.319671, 0, 0, 0, 0, -4.82047e-43, 0, 0, 0, 0.866115, 0, 0, 0
18.2506, 0.824872, 0.319671, 0, 0, 0, 0, -4.82047e-43, 0, 0, 0, 0.866115, 0, 0, 0
18.3006, 0.824872, 0.319671, 0, 0, 0, 0, -4.82047e-43, 0, 0, 0, 0.866115, 0, 0, 0
18.3505, 0.824872, 0.319671, 0, 0, 0, 0, -4.82047e-43, 0, 0, 0, 0.866115, 0, 0, 0
18.4005, 0.824872, 0.319671, 0, 0, 0, 0, -4.82047e-43, 0, 0, 0, 0.866115, 0, 0, 0
18.4505, 0.824872, 0.319671, 0, 0, 0, 0, -4.82047e-43, 0, 0, 0, 0.866115, 0, 0, 0
18.5005, 0.824872, 0.319671, 0, 0, 0, 0, -4.82047e-43, 0, 0, 0, 0.866115, 0, 0, 0
18.5504, 0.824872, 0.319671, 0, 0, 0, 0, -4.82047e-43, 0, 0, 0, 0.866115, 0, 0, 0
18.6004, 0.824872, 0.319671, 0, 0, 0, 0, -4.82047e-43, 0, 0, 0, 0.866115, 0, 0, 0
18.6504, 0.824872, 0.319671, 0, 0, 0, 0, -4.82047e-43, 0, 0, 0, 0.866115, 0, 0, 0
18.7004, 0.824872, 0.319671, 0, 0, 0, 0, -4.82047e-43, 0, 0, 0, 0.866115, 0, 0, 0
18.7503, 0.824872, 0.319671, 0, 0, 0, 0, -4.82047e-43, 0, 0, 0, 0.866115, 0, 0, 0
18.8003, 0.824872, 0.319671, 0, 0, 0, 0, -4.82047e-43, 0, 0, 0, 0.866115, 0, 0, 0
18.8503, 0.824872, 0.319671, 0, 0, 0, 0, -4.82047e-43, 0, 0, 0, 0.866115, 0, 0, 0
18.9002, 0.824872, 0.319671, 0, 0, 0, 0, -4.82047e-43, 0, 0, 0, 0.866115, 0, 0, 0
18.9502, 0.824872, 0.319671, 0, 0, 0, 0, -4.82047e-43, 0, 0, 0, 0.866115, 0, 0, 0
19.0002, 0.824872, 0.319671, 0, 0, 0, 0, -4.82047e-43, 0, 0, 0, 0.866115, 0, 0, 0
19.0002, 0.824872, 0.319671, 0, 0, 0, 0, -4.82047e-43, 0, 0, 0, 0.866115, 0, 0, 0
19.0502, 0.824872, 0.319671, 0, 0, 0, 0, -4.82047e-43, 0, 0, 0, 0.866115, 0, 0, 0
19.1001, 0.824872, 0.319671, 0, 0, 0, 0, -4.82047e-43, 0, 0, 0, 0.866115, 0, 0, 0
19.1501, 0.824872, 0.319671, 0, 0, 0, 0, -4.82047e-43, 0, 0, 0, 0.866115, 0, 0, 0
19.2001, 0.824872, 0.319671, 0, 0, 0, 0, -4.82047e-43, 0, 0, 0, 0.866115, 0, 0, 0
19.25, 0.824872, 0.319671, 0, 0, 0, 0, -4.82047e-43, 0, 0, 0, 0.866115, 0, 0, 0
19.3, 0.824872, 0.319671, 0, 0, 0, 0, -4.82047e-43, 0, 0, 0, 0.866115, 0, 0, 0
19.35, 0.824872, 0.319671, 0, 0, 0, 0, -4.82047e-43, 0, 0, 0, 0.866115, 0, 0, 0
19.4, 0.824872, 0.319671, 0, 0, 0, 0, -4.82047e-43, 0, 0, 0, 0.866115, 0, 0, 0
19.4499, 0.824872, 0.319671, 0, 0, 0, 0, -4.82047e-43, 0, 0, 0, 0.866115, 0, 0, 0
19.4999, 0.824872, 0.319671, 0, 0, 0, 0, -4.82047e-43, 0, 0, 0, 0.866115, 0, 0, 0
19.5499, 0.824872, 0.319671, 0, 0, 0, 0, -4.82047e-43, 0, 0, 0, 0.866115, 0, 0, 0
19.5999, 0.824872, 0.319671, 0, 0, 0, 0, -4.82047e-43, 0, 0, 0, 0.866115, 0, 0, 0
19.6498, 0.824872, 0.319671, 0, 0, 0, 0, -4.82047e-43, 0, 0, 0, 0.866115, 0, 0, 0
19.6998, 0.824872, 0.319671, 0, 0, 0, 0, -4.82047e-43, 0, 0, 0, 0.866115, 0, 0, 0
19.7498, 0.824872, 0.319671, 0, 0, 0, 0, -4.82047e-43, 0, 0, 0, 0.866115, 0, 0, 0
19.7997, 0.824872, 0.319671, 0, 0, 0, 0, -4.82047e-43, 0, 0, 0, 0.866115, 0, 0, 0
19.8497, 0.824872, 0.319671, 0, 0, 0, 0, -4.82047e-43, 0, 0, 0, 0.866115, 0, 0, 0
19.8997, 0.824872, 0.319671, 0, 0, 0, 0, -4.82047e-43, 0, 0, 0, 0.866115, 0, 0, 0
19.9497, 0.824872, 0.319671, 0, 0, 0, 0, -4.82047e-43, 0, 0, 0, 0.866115, 0, 0, 0
19.9996, 0.824872, 0.319671, 0, 0, 0, 0, -4.82047e-43, 0, 0, 0, 0.866115, 0, 0, 0
20.0006, 0.824872, 0.319671, 0, 0, 0, 0, -4.82047e-43, 0, 0, 0, 0.866115, 0, 0, 0
20.0006, 0.824872, 0.319671, 0, 0, 0, 0, -4.82047e-43, 0, 0, 0, 0.866115, 0, 0, 0
20.0506, 0.824872, 0.319671, 0, 0, 0, 0, -4.82047e-43, 0, 0, 0, 0.866115, 0, 0, 0
20.1006, 0.824872, 0.319671, 0, 0, 0, 0, -4.82047e-43, 0, 0, 0, 0.866115, 0, 0, 0
20.1506, 0.824872, 0.319671, 0, 0, 0, 0, -4.82047e-43, 0, 0, 0, 0.866115, 0, 0, 0
20.2005, 0.824872, 0.319671, 0, 0, 0, 0, -4.82047e-43, 0, 0, 0, 0.866115, 0, 0, 0
20.2505, 0.824872, 0.319671, 0, 0, 0, 0, -4.82047e-43, 0, 0, 0, 0.866115, 0, 0, 0
20.3005, 0.824872, 0.319671, 0, 0, 0, 0, -4.82047e-43, 0, 0, 0, 0.866115, 0, 0, 0
20.3504, 0.824872, 0.319671, 0, 0, 0, 0, -4.82047e-43, 0, 0, 0, 0.866115, 0, 0, 0
20.4004, 0.824872, 0.319671, 0, 0, 0, 0, -4.82047e-43, 0, 0, 0, 0.866115, 0, 0, 0
20.4504, 0.824872, 0.319671, 0, 0, 0, 0, -4.82047e-43, 0, 0, 0, 0.866115, 0, 0, 0
20.5004, 0.824872, 0.319671, 0, 0, 0, 0, -4.82047e-43, 0, 0, 0, 0.866115, 0, 0, 0
20.5503, 0.824872, 0.319671, 0, 0, 0, 0, -4.82047e-43, 0, 0, 0, 0.866115, 0, 0, 0
20.6003, 0.824872, 0.319671, 0, 0, 0, 0, -4.82047e-43, 0, 0, 0, 0.866115, 0, 0, 0
20.6503, 0.824872, 0.319671, 0, 0, 0, 0, -4.82047e-43, 0, 0, 0, 0.866115, 0, 0, 0
20.7003, 0.824872, 0.319671, 0, 0, 0, 0, -4.82047e-43, 0, 0, 0, 0.866115, 0, 0, 0
20.7502, 0.824872, 0.319671, 0, 0, 0, 0, -4.82047e-43, 0, 0, 0, 0.866115, 0, 0, 0
20.8002, 0.824872, 0.319671, 0, 0, 0, 0, -4.82047e-43, 0, 0, 0, 0.866115, 0, 0, 0
20.8502, 0.824872, 0.319671, 0, 0, 0, 0, -4.82047e-43, 0, 0, 0, 0.866115, 0, 0, 0
20.9001, 0.824872, 0.319671, 0, 0, 0, 0, -4.82047e-43, 0, 0, 0, 0.866115, 0, 0, 0
20.9501, 0.824872, 0.319671, 0, 0, 0, 0, -4.82047e-43, 0, 0, 0, 0.866115, 0, 0, 0
21.0001, 0.824872, 0.319671, 0, 0, 0, 0, -4.82047e-43, 0, 0, 0, 0.866115, 0, 0, 0
21.0001, 0.824872, 0.319671, 0, 0, 0, 0, -4.82047e-43, 0, 0, 0, 0.866115, 0, 0, 0
21.0501, 0.824872, 0.319671, 0, 0, 0, 0, -4.82047e-43, 0, 0, 0, 0.866115, 0, 0, 0
21.1, 0.824872, 0.319671, 0, 0, 0, 0, -4.82047e-43, 0, 0, 0, 0.866115, 0, 0, 0
21.15, 0.824872, 0.319671, 0, 0, 0, 0, -4.82047e-43, 0, 0, 0, 0.866115, 0, 0, 0
21.2, 0.824872, 0.319671, 0, 0, 0, 0, -4.82047e-43, 0, 0, 0, 0.866115, 0, 0, 0
21.25, 0.824872, 0.319671, 0, 0, 0, 0, -4.82047e-43, 0, 0, 0, 0.866115, 0, 0, 0
21.2999, 0.824872, 0.319671, 0, 0, 0, 0, -4.82047e-43, 0, 0, 0, 0.866115, 0, 0, 0
21.3499, 0.824872, 0.319671, 0, 0, 0, 0, -4.82047e-43, 0, 0, 0, 0.866115, 0, 0, 0
21.3999, 0.824872, 0.319671, 0, 0, 0, 0, -4.82047e-43, 0, 0, 0, 0.866115, 0, 0, 0
21.4498, 0.824872, 0.319671, 0, 0, 0, 0, -4.82047e-43, 0, 0, 0, 0.866115, 0, 0, 0
21.4998, 0.824872, 0.319671, 0, 0, 0, 0, -4.82047e-43, 0, 0, 0, 0.866115, 0, 0, 0
21.5498, 0.824872, 0.319671, 0, 0, 0, 0, -4.82047e-43, 0, 0, 0, 0.866115, 0, 0, 0
21.5998, 0.824872, 0.319671, 0, 0, 0, 0, -4.82047e-43, 0, 0, 0, 0.866115, 0, 0, 0
21.6497, 0.824872, 0.319671, 0, 0, 0, 0, -4.82047e-43, 0, 0, 0, 0.866115, 0, 0, 0
21.6997, 0.824872, 0.319671, 0, 0, 0, 0, -4.82047e-43, 0, 0, 0, 0.866115, 0, 0, 0
21.7497, 0.824872, 0.319671, 0, 0, 0, 0, -4.82047e-43, 0, 0, 0, 0.866115, 0, 0, 0
21.7996, 0.824872, 0.319671, 0, 0, 0, 0, -4.82047e-43, 0, 0, 0, 0.866115, 0, 0, 0
21.8496, 0.824872, 0.319671, 0, 0, 0, 0, -4.82047e-43, 0, 0, 0, 0.866115, 0, 0, 0
21.8996, 0.824872, 0.319671, 0, 0, 0, 0, -4.82047e-43, 0, 0, 0, 0.866115, 0, 0, 0
21.9496, 0.824872, 0.319671, 0, 0, 0, 0, -4.82047e-43, 0, 0, 0, 0.866115, 0, 0, 0
21.9995, 0.824872, 0.319671, 0, 0, 0, 0, -4.82047e-43, 0, 0, 0, 0.866115, 0, 0, 0
22.0005, 0.824872, 0.319671, 0, 0, 0, 0, -4.82047e-43, 0, 0, 0, 0.866115, 0, 0, 0
22.0005, 0.824872, 0.319671, 0, 0, 0, 0, -4.82047e-43, 0, 0, 0, 0.866115, 0, 0, 0
22.0505, 0.824872, 0.319671, 0, 0, 0, 0, -4.82047e-43, 0, 0, 0, 0.866115, 0, 0, 0
22.1005, 0.824872, 0.319671, 0, 0, 0, 0, -4.82047e-43, 0, 0, 0, 0.866115, 0, 0, 0
22.1505, 0.824872, 0.319671, 0, 0, 0, 0, -4.82047e-43, 0, 0, 0, 0.866115, 0, 0, 0
22.2004, 0.824872, 0.319671, 0, 0, 0, 0, -4.82047e-43, 0, 0, 0, 0.866115, 0, 0, 0
22.2504, 0.824872, 0.319671, 0, 0, 0, 0, -4.82047e-43, 0, 0, 0, 0.866115, 0, 0, 0
22.3004, 0.824872, 0.319671, 0, 0, 0, 0, -4.82047e-43, 0, 0, 0, 0.866115, 0, 0, 0
22.3503, 0.824872, 0.319671, 0, 0, 0, 0, -4.82047e-43, 0, 0, 0, 0.866115, 0, 0, 0
22.4003, 0.824872, 0.319671, 0, 0, 0, 0, -4.82047e-43, 0, 0, 0, 0.866115, 0, 0, 0
22.4503, 0.824872, 0.319671, 0, 0, 0, 0, -4.82047e-43, 0, 0, 0, 0.866115, 0, 0, 0
22.5003, 0.824872, 0.319671, 0, 0, 0, 0, -4.82047e-43, 0, 0, 0, 0.866115, 0, 0, 0
22.5502, 0.824872, 0.319671, 0, 0, 0, 0, -4.82047e-43, 0, 0, 0, 0.866115, 0, 0, 0
22.6002, 0.824872, 0.319671, 0, 0, 0, 0, -4.82047e-43, 0, 0, 0, 0.866115, 0, 0, 0
22.6502, 0.824872, 0.319671, 0, 0, 0, 0, -4.82047e-43, 0, 0, 0, 0.866115, 0, 0, 0
22.7002, 0.824872, 0.319671, 0, 0, 0, 0, -4.82047e-43, 0, 0, 0, 0.866115, 0, 0, 0
22.7501, 0.824872, 0.319671, 0, 0, 0, 0, -4.82047e-43, 0, 0, 0, 0.866115, 0, 0, 0
22.8001, 0.824872, 0.319671, 0, 0, 0, 0, -4.82047e-43, 0, 0, 0, 0.866115, 0, 0, 0
22.8501, 0.824872, 0.319671, 0, 0, 0, 0, -4.82047e-43, 0, 0, 0, 0.866115, 0, 0, 0
22.9, 0.824872, 0.319671, 0, 0, 0, 0, -4.82047e-43, 0, 0, 0, 0.866115, 0, 0, 0
22.95, 0.824872, 0.319671, 0, 0, 0, 0, -4.82047e-43, 0, 0, 0, 0.866115, 0, 0, 0
23, 0.824872, 0.319671, 0, 0, 0, 0, -4.82047e-43, 0, 0, 0, 0.866115, 0, 0, 0
23.001, 0.824872, 0.319671, 0, 0, 0, 0, -4.82047e-43, 0, 0, 0, 0.866115, 0, 0, 0
23.001, 0.824872, 0.319671, 0, 0, 0, 0, -4.82047e-43, 0, 0, 0, 0.866115, 0, 0, 0
23.051, 0.824872, 0.319671, 0, 0, 0, 0, -4.82047e-43, 0, 0, 0, 0.866115, 0, 0, 0
23.1009, 0.824872, 0.319671, 0, 0, 0, 0, -4.82047e-43, 0, 0, 0, 0.866115, 0, 0, 0
23.1509, 0.824872, 0.319671, 0, 0, 0, 0, -4.82047e-43, 0, 0, 0, 0.866115, 0, 0, 0
23.2009, 0.824872, 0.319671, 0, 0, 0, 0, -4.82047e-43, 0, 0, 0, 0.866115, 0, 0, 0
23.2509, 0.824872, 0.319671, 0, 0, 0, 0, -4.82047e-43, 0, 0, 0, 0.866115, 0, 0, 0
23.3008, 0.824872, 0.319671, 0, 0, 0, 0, -4.82047e-43, 0, 0, 0, 0.866115, 0, 0, 0
23.3508, 0.824872, 0.319671, 0, 0, 0, 0, -4.82047e-43, 0, 0, 0, 0.866115, 0, 0, 0
23.4008, 0.824872, 0.319671, 0, 0, 0, 0, -4.82047e-43, 0, 0, 0, 0.866115, 0, 0, 0
23.4507, 0.824872, 0.319671, 0, 0, 0, 0, -4.82047e-43, 0, 0, 0, 0.866115, 0, 0, 0
23.5007, 0.824872, 0.319671, 0, 0, 0, 0, -4.82047e-43, 0, 0, 0, 0.866115, 0, 0, 0
23.5507, 0.824872, 0.319671, 0, 0, 0, 0, -4.82047e-43, 0, 0, 0, 0.866115, 0, 0, 0
23.6007, 0.824872, 0.319671, 0, 0, 0, 0, -4.82047e-43, 0, 0, 0, 0.866115, 0, 0, 0
23.6506, 0.824872, 0.319671, 0, 0, 0, 0, -4.82047e-43, 0, 0, 0, 0.866115, 0, 0, 0
23.7006, 0.824872, 0.319671, 0, 0, 0, 0, -4.82047e-43, 0, 0, 0, 0.866115, 0, 0, 0
23.7506, 0.824872, 0.319671, 0, 0, 0, 0, -4.82047e-43, 0, 0, 0, 0.866115, 0, 0, 0
23.8005, 0.824872, 0.319671, 0, 0, 0, 0, -4.82047e-43, 0, 0, 0, 0.866115, 0, 0, 0
23.8505, 0.824872, 0.319671, 0, 0, 0, 0, -4.82047e-43, 0, 0, 0, 0.866115, 0, 0, 0
23.9005, 0.824872, 0.319671, 0, 0, 0, 0, -4.82047e-43, 0, 0, 0, 0.866115, 0, 0, 0
23.9505, 0.824872, 0.319671, 0, 0, 0, 0, -4.82047e-43, 0, 0, 0, 0.866115, 0, 0, 0
24.0004, 0.824872, 0.319671, 0, 0, 0, 0, -4.82047e-43, 0, 0, 0, 0.866115, 0, 0, 0
24.0004, 0.824872, 0.319671, 0, 0, 0, 0, -4.82047e-43, 0, 0, 0, 0.866115, 0, 0, 0
24.0504, 0.824872, 0.319671, 0, 0, 0, 0, -4.82047e-43, 0, 0, 0, 0.866115, 0, 0, 0
24.1004, 0.824872, 0.319671, 0, 0, 0, 0, -4.82047e-43, 0, 0, 0, 0.866115, 0, 0, 0
24.1504, 0.824872, 0.319671, 0, 0, 0, 0, -4.82047e-43, 0, 0, 0, 0.866115, 0, 0, 0
24.2003, 0.824872, 0.319671, 0, 0, 0, 0, -4.82047e-43, 0, 0, 0, 0.866115, 0, 0, 0
24.2503, 0.824872, 0.319671, 0, 0, 0, 0, -4.82047e-43, 0, 0, 0, 0.866115, 0, 0, 0
24.3003, 0.824872, 0.319671, 0, 0, 0, 0, -4.82047e-43, 0, 0, 0, 0.866115, 0, 0, 0
24.3502, 0.824872, 0.319671, 0, 0, 0, 0, -4.82047e-43, 0, 0, 0, 0.866115, 0, 0, 0
24.4002, 0.824872, 0.319671, 0, 0, 0, 0, -4.82047e-43, 0, 0, 0, 0.866115, 0, 0, 0
24.4502, 0.824872, 0.319671, 0, 0, 0, 0, -4.82047e-43, 0, 0, 0, 0.866115, 0, 0, 0
24.5002, 0.824872, 0.319671, 0, 0, 0, 0, -4.82047e-43, 0, 0, 0, 0.866115, 0, 0, 0
24.5501, 0.824872, 0.319671, 0, 0, 0, 0, -4.82047e-43, 0, 0, 0, 0.866115, 0, 0, 0
24.6001, 0.824872, 0.319671, 0, 0, 0, 0, -4.82047e-43, 0, 0, 0, 0.866115, 0, 0, 0
24.6501, 0.824872, 0.319671, 0, 0, 0, 0, -4.82047e-43, 0, 0, 0, 0.866115, 0, 0, 0
24.7001, 0.824872, 0.319671, 0, 0, 0, 0, -4.82047e-43, 0, 0, 0, 0.866115, 0, 0, 0
24.75, 0.824872, 0.319671, 0, 0, 0, 0, -4.82047e-43, 0, 0, 0, 0.866115, 0, 0, 0
24.8, 0.824872, 0.319671, 0, 0, 0, 0, -4.82047e-43, 0, 0, 0, 0.866115, 0, 0, 0
24.85, 0.824872, 0.319671, 0, 0, 0, 0, -4.82047e-43, 0, 0, 0, 0.866115, 0, 0, 0
24.8999, 0.824872, 0.319671, 0, 0, 0, 0, -4.82047e-43, 0, 0, 0, 0.866115, 0, 0, 0
24.9499, 0.824872, 0.319671, 0, 0, 0, 0, -4.82047e-43, 0, 0, 0, 0.866115, 0, 0, 0
24.9999, 0.824872, 0.319671, 0, 0, 0, 0, -4.82047e-43, 0, 0, 0, 0.866115, 0, 0, 0
25.0009, 0.824872, 0.319671, 0, 0, 0, 0, -4.82047e-43, 0, 0, 0, 0.866115, 0, 0, 0
25.0009, 0.824872, 0.319671, 0, 0, 0, 0, -4.82047e-43, 0, 0, 0, 0.866115, 0, 0, 0
25.0509, 0.824872, 0.319671, 0, 0, 0, 0, -4.82047e-43, 0, 0, 0, 0.866115, 0, 0, 0
25.1008, 0.824872, 0.319671, 0, 0, 0, 0, -4.82047e-43, 0, 0, 0, 0.866115, 0, 0, 0
25.1508, 0.824872, 0.319671, 0, 0, 0, 0, -4.82047e-43, 0, 0, 0, 0.866115, 0, 0, 0
25.2008, 0.824872, 0.319671, 0, 0, 0, 0, -4.82047e-43, 0, 0, 0, 0.866115, 0, 0, 0
25.2508, 0.824872, 0.319671, 0, 0, 0, 0, -4.82047e-43, 0, 0, 0, 0.866115, 0, 0, 0
25.3007, 0.824872, 0.319671, 0, 0, 0, 0, -4.82047e-43, 0, 0, 0, 0.866115, 0, 0, 0
25.3507, 0.824872, 0.319671, 0, 0, 0, 0, -4.82047e-43, 0, 0, 0, 0.866115, 0, 0, 0
25.4007, 0.824872, 0.319671, 0, 0, 0, 0, -4.82047e-43, 0, 0, 0, 0.866115, 0, 0, 0
25.4506, 0.824872, 0.319671, 0, 0, 0, 0, -4.82047e-43, 0, 0, 0, 0.866115, 0, 0, 0
25.5006, 0.824872, 0.319671, 0, 0, 0, 0, -4.82047e-43, 0, 0, 0, 0.866115, 0, 0, 0
25.5506, 0.824872, 0.319671, 0, 0, 0, 0, -4.82047e-43, 0, 0, 0, 0.866115, 0, 0, 0
25.6006, 0.824872, 0.319671, 0, 0, 0, 0, -4.82047e-43, 0, 0, 0, 0.866115, 0, 0, 0
25.6505, 0.824872, 0.319671, 0, 0, 0, 0, -4.82047e-43, 0, 0, 0, 0.866115, 0, 0, 0
25.7005, 0.824872, 0.319671, 0, 0, 0, 0, -4.82047e-43, 0, 0, 0, 0.866115, 0, 0, 0
25.7505, 0.824872, 0.319671, 0, 0, 0, 0, -4.82047e-43, 0, 0, 0, 0.866115, 0, 0, 0
25.8004, 0.824872, 0.319671, 0, 0, 0, 0, -4.82047e-43, 0, 0, 0, 0.866115, 0, 0, 0
25.8504, 0.824872, 0.319671, 0, 0, 0, 0, -4.82047e-43, 0, 0, 0, 0.866115, 0, 0, 0
25.9004, 0.824872, 0.319671, 0, 0, 0, 0, -4.82047e-43, 0, 0, 0, 0.866115, 0, 0, 0
25.9504, 0.824872, 0.319671, 0, 0, 0, 0, -4.82047e-43, 0, 0, 0, 0.866115, 0, 0, 0
26.0003, 0.824872, 0.319671, 0, 0, 0, 0, -4.82047e-43, 0, 0, 0, 0.866115, 0, 0, 0
26.0003, 0.824872, 0.319671, 0, 0, 0, 0, -4.82047e-43, 0, 0, 0, 0.866115, 0, 0, 0
26.0503, 0.824872, 0.319671, 0, 0, 0, 0, -4.82047e-43, 0, 0, 0, 0.866115, 0, 0, 0
26.1003, 0.824872, 0.319671, 0, 0, 0, 0, -4.82047e-43, 0, 0, 0, 0.866115, 0, 0, 0
26.1503, 0.824872, 0.319671, 0, 0, 0, 0, -4.82047e-43, 0, 0, 0, 0.866115, 0, 0, 0
26.2002, 0.824872, 0.319671, 0, 0, 0, 0, -4.82047e-43, 0, 0, 0, 0.866115, 0, 0, 0
26.2502, 0.824872, 0.319671, 0, 0, 0, 0, -4.82047e-43, 0, 0, 0, 0.866115, 0, 0, 0
26.3002, 0.824872, 0.319671, 0, 0, 0, 0, -4.82047e-43, 0, 0, 0, 0.866115, 0, 0, 0
26.3501, 0.824872, 0.319671, 0, 0, 0, 0, -4.82047e-43, 0, 0, 0, 0.866115, 0, 0, 0
26.4001, 0.824872, 0.319671, 0, 0, 0, 0, -4.82047e-43, 0, 0, 0, 0.866115, 0, 0, 0
26.4501, 0.824872, 0.319671, 0, 0, 0, 0, -4.82047e-43, 0, 0, 0, 0.866115, 0, 0, 0
26.5001, 0.824872, 0.319671, 0, 0, 0, 0, -4.82047e-43, 0, 0, 0, 0.866115, 0, 0, 0
26.55, 0.824872, 0.319671, 0, 0, 0, 0, -4.82047e-43, 0, 0, 0, 0.866115, 0, 0, 0
26.6, 0.824872, 0.319671, 0, 0, 0, 0, -4.82047e-43, 0, 0, 0, 0.866115, 0, 0, 0
26.65, 0.824872, 0.319671, 0, 0, 0, 0, -4.82047e-43, 0, 0, 0, 0.866115, 0, 0, 0
26.7, 0.824872, 0.319671, 0, 0, 0, 0, -4.82047e-43, 0, 0, 0, 0.866115, 0, 0, 0
26.7499, 0.824872, 0.319671, 0, 0, 0, 0, -4.82047e-43, 0, 0, 0, 0.866115, 0, 0, 0
26.7999, 0.824872, 0.319671, 0, 0, 0, 0, -4.82047e-43, 0, 0, 0, 0.866115, 0, 0, 0
26.8499, 0.824872, 0.319671, 0, 0, 0, 0, -4.82047e-43, 0, 0, 0, 0.866115, 0, 0, 0
26.8998, 0.824872, 0.319671, 0, 0, 0, 0, -4.82047e-43, 0, 0, 0, 0.866115, 0, 0, 0
26.9498, 0.824872, 0.319671, 0, 0, 0, 0, -4.82047e-43, 0, 0, 0, 0.866115, 0, 0, 0
26.9998, 0.824872, 0.319671, 0, 0, 0, 0, -4.82047e-43, 0, 0, 0, 0.866115, 0, 0, 0
27.0008, 0.824872, 0.319671, 0, 0, 0, 0, -4.82047e-43, 0, 0, 0, 0.866115, 0, 0, 0
27.0008, 0.824872, 0.319671, 0, 0, 0, 0, -4.82047e-43, 0, 0, 0, 0.866115, 0, 0, 0
27.0508, 0.824872, 0.319671, 0, 0, 0, 0, -4.82047e-43, 0, 0, 0, 0.866115, 0, 0, 0
27.1007, 0.824872, 0.319671, 0, 0, 0, 0, -4.82047e-43, 0, 0, 0, 0.866115, 0, 0, 0
27.1507, 0.824872, 0.319671, 0, 0, 0, 0, -4.82047e-43, 0, 0, 0, 0.866115, 0, 0, 0
27.2007, 0.824872, 0.319671, 0, 0, 0, 0, -4.82047e-43, 0, 0, 0, 0.866115, 0, 0, 0
27.2507, 0.824872, 0.319671, 0, 0, 0, 0, -4.82047e-43, 0, 0, 0, 0.866115, 0, 0, 0
27.3006, 0.824872, 0.319671, 0, 0, 0, 0, -4.82047e-43, 0, 0, 0, 0.866115, 0, 0, 0
27.3506, 0.824872, 0.319671, 0, 0, 0, 0, -4.82047e-43, 0, 0, 0, 0.866115, 0, 0, 0
27.4006, 0.824872, 0.319671, 0, 0, 0, 0, -4.82047e-43, 0, 0, 0, 0.866115, 0, 0, 0
27.4505, 0.824872, 0.319671, 0, 0, 0, 0, -4.82047e-43, 0, 0, 0, 0.866115, 0, 0, 0
27.5005, 0.824872, 0.319671, 0, 0, 0, 0, -4.82047e-43, 0, 0, 0, 0.866115, 0, 0, 0
27.5505, 0.824872, 0.319671, 0, 0, 0, 0, -4.82047e-43, 0, 0, 0, 0.866115, 0, 0, 0
27.6005, 0.824872, 0.319671, 0, 0, 0, 0, -4.82047e-43, 0, 0, 0, 0.866115, 0, 0, 0
27.6504, 0.824872, 0.319671, 0, 0, 0, 0, -4.82047e-43, 0, 0, 0, 0.866115, 0, 0, 0
27.7004, 0.824872, 0.319671, 0, 0, 0, 0, -4.82047e-43, 0, 0, 0, 0.866115, 0, 0, 0
27.7504, 0.824872, 0.319671, 0, 0, 0, 0, -4.82047e-43, 0, 0, 0, 0.866115, 0, 0, 0
27.8004, 0.824872, 0.319671, 0, 0, 0, 0, -4.82047e-43, 0, 0, 0, 0.866115, 0, 0, 0
27.8503, 0.824872, 0.319671, 0, 0, 0, 0, -4.82047e-43, 0, 0, 0, 0.866115, 0, 0, 0
27.9003, 0.824872, 0.319671, 0, 0, 0, 0, -4.82047e-43, 0, 0, 0, 0.866115, 0, 0, 0
27.9503, 0.824872, 0.319671, 0, 0, 0, 0, -4.82047e-43, 0, 0, 0, 0.866115, 0, 0, 0
28.0002, 0.824872, 0.319671, 0, 0, 0, 0, -4.82047e-43, 0, 0, 0, 0.866115, 0, 0, 0
28.0002, 0.824872, 0.319671, 0, 0, 0, 0, -4.82047e-43, 0, 0, 0, 0.866115, 0, 0, 0
28.0502, 0.824872, 0.319671, 0, 0, 0, 0, -4.82047e-43, 0, 0, 0, 0.866115, 0, 0, 0
28.1002, 0.824872, 0.319671, 0, 0, 0, 0, -4.82047e-43, 0, 0, 0, 0.866115, 0, 0, 0
28.1502, 0.824872, 0.319671, 0, 0, 0, 0, -4.82047e-43, 0, 0, 0, 0.866115, 0, 0, 0
28.2001, 0.824872, 0.319671, 0, 0, 0, 0, -4.82047e-43, 0, 0, 0, 0.866115, 0, 0, 0
28.2501, 0.824872, 0.319671, 0, 0, 0, 0, -4.82047e-43, 0, 0, 0, 0.866115, 0, 0, 0
28.3001, 0.824872, 0.319671, 0, 0, 0, 0, -4.82047e-43, 0, 0, 0, 0.866115, 0, 0, 0
28.35, 0.824872, 0.319671, 0, 0, 0, 0, -4.82047e-43, 0, 0, 0, 0.866115, 0, 0, 0
28.4, 0.824872, 0.319671, 0, 0, 0, 0, -4.82047e-43, 0, 0, 0, 0.866115, 0, 0, 0
28.45, 0.824872, 0.319671, 0, 0, 0, 0, -4.82047e-43, 0, 0, 0, 0.866115, 0, 0, 0
28.5, 0.824872, 0.319671, 0, 0, 0, 0, -4.82047e-43, 0, 0, 0, 0.866115, 0, 0, 0
28.5499, 0.824872, 0.319671, 0, 0, 0, 0, -4.82047e-43, 0, 0, 0, 0.866115, 0, 0, 0
28.5999, 0.824872, 0.319671, 0, 0, 0, 0, -4.82047e-43, 0, 0, 0, 0.866115, 0, 0, 0
28.6499, 0.824872, 0.319671, 0, 0, 0, 0, -4.82047e-43, 0, 0, 0, 0.866115, 0, 0, 0
28.6999, 0.824872, 0.319671, 0, 0, 0, 0, -4.82047e-43, 0, 0, 0, 0.866115, 0, 0, 0
28.7498, 0.824872, 0.319671, 0, 0, 0, 0, -4.82047e-43, 0, 0, 0, 0.866115, 0, 0, 0
28.7998, 0.824872, 0.319671, 0, 0, 0, 0, -4.82047e-43, 0, 0, 0, 0.866115, 0, 0, 0
28.8498, 0.824872, 0.319671, 0, 0, 0, 0, -4.82047e-43, 0, 0, 0, 0.866115, 0, 0, 0
28.8997, 0.824872, 0.319671, 0, 0, 0, 0, -4.82047e-43, 0, 0, 0, 0.866115, 0, 0, 0
28.9497, 0.824872, 0.319671, 0, 0, 0, 0, -4.82047e-43, 0, 0, 0, 0.866115, 0, 0, 0
28.9997, 0.824872, 0.319671, 0, 0, 0, 0, -4.82047e-43, 0, 0, 0, 0.866115, 0, 0, 0
29.0007, 0.824872, 0.319671, 0, 0, 0, 0, -4.82047e-43, 0, 0, 0, 0.866115, 0, 0, 0
29.0007, 0.824872, 0.319671, 0, 0, 0, 0, -4.82047e-43, 0, 0, 0, 0.866115, 0, 0, 0
29.0507, 0.824872, 0.319671, 0, 0, 0, 0, -4.82047e-43, 0, 0, 0, 0.866115, 0, 0, 0
29.1006, 0.824872, 0.319671, 0, 0, 0, 0, -4.82047e-43, 0, 0, 0, 0.866115, 0, 0, 0
29.1506, 0.824872, 0.319671, 0, 0, 0, 0, -4.82047e-43, 0, 0, 0, 0.866115, 0, 0, 0
29.2006, 0.824872, 0.319671, 0, 0, 0, 0, -4.82047e-43, 0, 0, 0, 0.866115, 0, 0, 0
29.2506, 0.824872, 0.319671, 0, 0, 0, 0, -4.82047e-43, 0, 0, 0, 0.866115, 0, 0, 0
29.3005, 0.824872, 0.319671, 0, 0, 0, 0, -4.82047e-43, 0, 0, 0, 0.866115, 0, 0, 0
29.3505, 0.824872, 0.319671, 0, 0, 0, 0, -4.82047e-43, 0, 0, 0, 0.866115, 0, 0, 0
29.4005, 0.824872, 0.319671, 0, 0, 0, 0, -4.82047e-43, 0, 0, 0, 0.866115, 0, 0, 0
29.4504, 0.824872, 0.319671, 0, 0, 0, 0, -4.82047e-43, 0, 0, 0, 0.866115, 0, 0, 0
29.5004, 0.824872, 0.319671, 0, 0, 0, 0, -4.82047e-43, 0, 0, 0, 0.866115, 0, 0, 0
29.5504, 0.824872, 0.319671, 0, 0, 0, 0, -4.82047e-43, 0, 0, 0, 0.866115, 0, 0, 0
29.6004, 0.824872, 0.319671, 0, 0, 0, 0, -4.82047e-43, 0, 0, 0, 0.866115, 0, 0, 0
29.6503, 0.824872, 0.319671, 0, 0, 0, 0, -4.82047e-43, 0, 0, 0, 0.866115, 0, 0, 0
29.7003, 0.824872, 0.319671, 0, 0, 0, 0, -4.82047e-43, 0, 0, 0, 0.866115, 0, 0, 0
29.7503, 0.824872, 0.319671, 0, 0, 0, 0, -4.82047e-43, 0, 0, 0, 0.866115, 0, 0, 0
29.8003, 0.824872, 0.319671, 0, 0, 0, 0, -4.82047e-43, 0, 0, 0, 0.866115, 0, 0, 0
29.8502, 0.824872, 0.319671, 0, 0, 0, 0, -4.82047e-43, 0, 0, 0, 0.866115, 0, 0, 0
29.9002, 0.824872, 0.319671, 0, 0, 0, 0, -4.82047e-43, 0, 0, 0, 0.866115, 0, 0, 0
29.9502, 0.824872, 0.319671, 0, 0, 0, 0, -4.82047e-43, 0, 0, 0, 0.866115, 0, 0, 0
30.0001, 0.824872, 0.319671, 0, 0, 0, 0, -4.82047e-43, 0, 0, 0, 0.866115, 0, 0, 0
30.0001, 0.824872, 0.319671, 0, 0, 0, 0, -4.82047e-43, 0, 0, 0, 0.866115, 0, 0, 0
30.0501, 0.824872, 0.319671, 0, 0, 0, 0, -4.82047e-43, 0, 0, 0, 0.866115, 0, 0, 0
30.1001, 0.824872, 0.319671, 0, 0, 0, 0, -4.82047e-43, 0, 0, 0, 0.866115, 0, 0, 0
30.1501, 0.824872, 0.319671, 0, 0, 0, 0, -4.82047e-43, 0, 0, 0, 0.866115, 0, 0, 0
30.2, 0.824872, 0.319671, 0, 0, 0, 0, -4.82047e-43, 0, 0, 0, 0.866115, 0, 0, 0
30.25, 0.824872, 0.319671, 0, 0, 0, 0, -4.82047e-43, 0, 0, 0, 0.866115, 0, 0, 0
30.3, 0.824872, 0.319671, 0, 0, 0, 0, -4.82047e-43, 0, 0, 0, 0.866115, 0, 0, 0
30.3499, 0.824872, 0.319671, 0, 0, 0, 0, -4.82047e-43, 0, 0, 0, 0.866115, 0, 0, 0
30.3999, 0.824872, 0.319671, 0, 0, 0, 0, -4.82047e-43, 0, 0, 0, 0.866115, 0, 0, 0
30.4499, 0.824872, 0.319671, 0, 0, 0, 0, -4.82047e-43, 0, 0, 0, 0.866115, 0, 0, 0
30.4999, 0.824872, 0.319671, 0, 0, 0, 0, -4.82047e-43, 0, 0, 0, 0.866115, 0, 0, 0
30.5498, 0.824872, 0.319671, 0, 0, 0, 0, -4.82047e-43, 0, 0, 0, 0.866115, 0, 0, 0
30.5998, 0.824872, 0.319671, 0, 0, 0, 0, -4.82047e-43, 0, 0, 0, 0.866115, 0, 0, 0
30.6498, 0.824872, 0.319671, 0, 0, 0, 0, -4.82047e-43, 0, 0, 0, 0.866115, 0, 0, 0
30.6998, 0.824872, 0.319671, 0, 0, 0, 0, -4.82047e-43, 0, 0, 0, 0.866115, 0, 0, 0
30.7497, 0.824872, 0.319671, 0, 0, 0, 0, -4.82047e-43, 0, 0, 0, 0.866115, 0, 0, 0
30.7997, 0.824872, 0.319671, 0, 0, 0, 0, -4.82047e-43, 0, 0, 0, 0.866115, 0, 0, 0
30.8497, 0.824872, 0.319671, 0, 0, 0, 0, -4.82047e-43, 0, 0, 0, 0.866115, 0, 0, 0
30.8996, 0.824872, 0.319671, 0, 0, 0, 0, -4.82047e-43, 0, 0, 0, 0.866115, 0, 0, 0
30.9496, 0.824872, 0.319671, 0, 0, 0, 0, -4.82047e-43, 0, 0, 0, 0.866115, 0, 0, 0
30.9996, 0.824872, 0.319671, 0, 0, 0, 0, -4.82047e-43, 0, 0, 0, 0.866115, 0, 0, 0
31.0006, 0.824872, 0.319671, 0, 0, 0, 0, -4.82047e-43, 0, 0, 0, 0.866115, 0, 0, 0
31.0006, 0.824872, 0.319671, 0, 0, 0, 0, -4.82047e-43, 0, 0, 0, 0.866115, 0, 0, 0
31.0506, 0.824872, 0.319671, 0, 0, 0, 0, -4.82047e-43, 0, 0, 0, 0.866115, 0, 0, 0
31.1005, 0.824872, 0.319671, 0, 0, 0, 0, -4.82047e-43, 0, 0, 0, 0.866115, 0, 0, 0
31.1505, 0.824872, 0.319671, 0, 0, 0, 0, -4.82047e-43, 0, 0, 0, 0.866115, 0, 0, 0
31.2005, 0.824872, 0.319671, 0, 0, 0, 0, -4.82047e-43, 0, 0, 0, 0.866115, 0, 0, 0
31.2505, 0.824872, 0.319671, 0, 0, 0, 0, -4.82047e-43, 0, 0, 0, 0.866115, 0, 0, 0
31.3004, 0.824872, 0.319671, 0, 0, 0, 0, -4.82047e-43, 0, 0, 0, 0.866115, 0, 0, 0
31.3504, 0.824872, 0.319671, 0, 0, 0, 0, -4.82047e-43, 0, 0, 0, 0.866115, 0, 0, 0
31.4004, 0.824872, 0.319671, 0, 0, 0, 0, -4.82047e-43, 0, 0, 0, 0.866115, 0, 0, 0
31.4503, 0.824872, 0.319671, 0, 0, 0, 0, -4.82047e-43, 0, 0, 0, 0.866115, 0, 0, 0
31.5003, 0.824872, 0.319671, 0, 0, 0, 0, -4.82047e-43, 0, 0, 0, 0.866115, 0, 0, 0
31.5503, 0.824872, 0.319671, 0, 0, 0, 0, -4.82047e-43, 0, 0, 0, 0.866115, 0, 0, 0
31.6003, 0.824872, 0.319671, 0, 0, 0, 0, -4.82047e-43, 0, 0, 0, 0.866115, 0, 0, 0
31.6502, 0.824872, 0.319671, 0, 0, 0, 0, -4.82047e-43, 0, 0, 0, 0.866115, 0, 0, 0
31.7002, 0.824872, 0.319671, 0, 0, 0, 0, -4.82047e-43, 0, 0, 0, 0.866115, 0, 0, 0
31.7502, 0.824872, 0.319671, 0, 0, 0, 0, -4.82047e-43, 0, 0, 0, 0.866115, 0, 0, 0
31.8002, 0.824872, 0.319671, 0, 0, 0, 0, -4.82047e-43, 0, 0, 0, 0.866115, 0, 0, 0
31.8501, 0.824872, 0.319671, 0, 0, 0, 0, -4.82047e-43, 0, 0, 0, 0.866115, 0, 0, 0
31.9001, 0.824872, 0.319671, 0, 0, 0, 0, -4.82047e-43, 0, 0, 0, 0.866115, 0, 0, 0
31.9501, 0.824872, 0.319671, 0, 0, 0, 0, -4.82047e-43, 0, 0, 0, 0.866115, 0, 0, 0
32, 0.824872, 0.319671, 0, 0, 0, 0, -4.82047e-43, 0, 0, 0, 0.866115, 0, 0, 0
32, 0.824872, 0.319671, 0, 0, 0, 0, -4.82047e-43, 0, 0, 0, 0.866115, 0, 0, 0
32.05, 0.824872, 0.319671, 0, 0, 0, 0, -4.82047e-43, 0, 0, 0, 0.866115, 0, 0, 0
32.1, 0.824872, 0.319671, 0, 0, 0, 0, -4.82047e-43, 0, 0, 0, 0.866115, 0, 0, 0
32.15, 0.824872, 0.319671, 0, 0, 0, 0, -4.82047e-43, 0, 0, 0, 0.866115, 0, 0, 0
32.1999, 0.824872, 0.319671, 0, 0, 0, 0, -4.82047e-43, 0, 0, 0, 0.866115, 0, 0, 0
32.2499, 0.824872, 0.319671, 0, 0, 0, 0, -4.82047e-43, 0, 0, 0, 0.866115, 0, 0, 0
32.2999, 0.824872, 0.319671, 0, 0, 0, 0, -4.82047e-43, 0, 0, 0, 0.866115, 0, 0, 0
32.3498, 0.824872, 0.319671, 0, 0, 0, 0, -4.82047e-43, 0, 0, 0, 0.866115, 0, 0, 0
32.3998, 0.824872, 0.319671, 0, 0, 0, 0, -4.82047e-43, 0, 0, 0, 0.866115, 0, 0, 0
32.4498, 0.824872, 0.319671, 0, 0, 0, 0, -4.82047e-43, 0, 0, 0, 0.866115, 0, 0, 0
32.4998, 0.824872, 0.319671, 0, 0, 0, 0, -4.82047e-43, 0, 0, 0, 0.866115, 0, 0, 0
32.5497, 0.824872, 0.319671, 0, 0, 0, 0, -4.82047e-43, 0, 0, 0, 0.866115, 0, 0, 0
32.5997, 0.824872, 0.319671, 0, 0, 0, 0, -4.82047e-43, 0, 0, 0, 0.866115, 0, 0, 0
32.6497, 0.824872, 0.319671, 0, 0, 0, 0, -4.82047e-43, 0, 0, 0, 0.866115, 0, 0, 0
32.6997, 0.824872, 0.319671, 0, 0, 0, 0, -4.82047e-43, 0, 0, 0, 0.866115, 0, 0, 0
32.7496, 0.824872, 0.319671, 0, 0, 0, 0, -4.82047e-43, 0, 0, 0, 0.866115, 0, 0, 0
32.7996, 0.824872, 0.319671, 0, 0, 0, 0, -4.82047e-43, 0, 0, 0, 0.866115, 0, 0, 0
32.8496, 0.824872, 0.319671, 0, 0, 0, 0, -4.82047e-43, 0, 0, 0, 0.866115, 0, 0, 0
32.8995, 0.824872, 0.319671, 0, 0, 0, 0, -4.82047e-43, 0, 0, 0, 0.866115, 0, 0, 0
32.9495, 0.824872, 0.319671, 0, 0, 0, 0, -4.82047e-43, 0, 0, 0, 0.866115, 0, 0, 0
32.9995, 0.824872, 0.319671, 0, 0, 0, 0, -4.82047e-43, 0, 0, 0, 0.866115, 0, 0, 0
33.0005, 0.824872, 0.319671, 0, 0, 0, 0, -4.82047e-43, 0, 0, 0, 0.866115, 0, 0, 0
33.0005, 0.824872, 0.319671, 0, 0, 0, 0, -4.82047e-43, 0, 0, 0, 0.866115, 0, 0, 0
33.0505, 0.824872, 0.319671, 0, 0, 0, 0, -4.82047e-43, 0, 0, 0, 0.866115, 0, 0, 0
33.1004, 0.824872, 0.319671, 0, 0, 0, 0, -4.82047e-43, 0, 0, 0, 0.866115, 0, 0, 0
33.1504, 0.824872, 0.319671, 0, 0, 0, 0, -4.82047e-43, 0, 0, 0, 0.866115, 0, 0, 0
33.2004, 0.824872, 0.319671, 0, 0, 0, 0, -4.82047e-43, 0, 0, 0, 0.866115, 0, 0, 0
33.2504, 0.824872, 0.319671, 0, 0, 0, 0, -4.82047e-43, 0, 0, 0, 0.866115, 0, 0, 0
33.3003, 0.824872, 0.319671, 0, 0, 0, 0, -4.82047e-43, 0, 0, 0, 0.866115, 0, 0, 0
33.3503, 0.824872, 0.319671, 0, 0, 0, 0, -4.82047e-43, 0, 0, 0, 0.866115, 0, 0, 0
33.4003, 0.824872, 0.319671, 0, 0, 0, 0, -4.82047e-43, 0, 0, 0, 0.866115, 0, 0, 0
33.4502, 0.824872, 0.319671, 0, 0, 0, 0, -4.82047e-43, 0, 0, 0, 0.866115, 0, 0, 0
33.5002, 0.824872, 0.319671, 0, 0, 0, 0, -4.82047e-43, 0, 0, 0, 0.866115, 0, 0, 0
33.5502, 0.824872, 0.319671, 0, 0, 0, 0, -4.82047e-43, 0, 0, 0, 0.866115, 0, 0, 0
33.6002, 0.824872, 0.319671, 0, 0, 0, 0, -4.82047e-43, 0, 0, 0, 0.866115, 0, 0, 0
33.6501, 0.824872, 0.319671, 0, 0, 0, 0, -4.82047e-43, 0, 0, 0, 0.866115, 0, 0, 0
33.7001, 0.824872, 0.319671, 0, 0, 0, 0, -4.82047e-43, 0, 0, 0, 0.866115, 0, 0, 0
33.7501, 0.824872, 0.319671, 0, 0, 0, 0, -4.82047e-43, 0, 0, 0, 0.866115, 0, 0, 0
33.8001, 0.824872, 0.319671, 0, 0, 0, 0, -4.82047e-43, 0, 0, 0, 0.866115, 0, 0, 0
33.85, 0.824872, 0.319671, 0, 0, 0, 0, -4.82047e-43, 0, 0, 0, 0.866115, 0, 0, 0
33.9, 0.824872, 0.319671, 0, 0, 0, 0, -4.82047e-43, 0, 0, 0, 0.866115, 0, 0, 0
33.95, 0.824872, 0.319671, 0, 0, 0, 0, -4.82047e-43, 0, 0, 0, 0.866115, 0, 0, 0
33.9999, 0.824872, 0.319671, 0, 0, 0, 0, -4.82047e-43, 0, 0, 0, 0.866115, 0, 0, 0
34.0009, 0.824872, 0.319671, 0, 0, 0, 0, -4.82047e-43, 0, 0, 0, 0.866115, 0, 0, 0
34.0009, 0.824872, 0.319671, 0, 0, 0, 0, -4.82047e-43, 0, 0, 0, 0.866115, 0, 0, 0
34.0509, 0.824872, 0.319671, 0, 0, 0, 0, -4.82047e-43, 0, 0, 0, 0.866115, 0, 0, 0
34.1009, 0.824872, 0.319671, 0, 0, 0, 0, -4.82047e-43, 0, 0, 0, 0.866115, 0, 0, 0
34.1509, 0.824872, 0.319671, 0, 0, 0, 0, -4.82047e-43, 0, 0, 0, 0.866115, 0, 0, 0
34.2008, 0.824872, 0.319671, 0, 0, 0, 0, -4.82047e-43, 0, 0, 0, 0.866115, 0, 0, 0
34.2508, 0.824872, 0.319671, 0, 0, 0, 0, -4.82047e-43, 0, 0, 0, 0.866115, 0, 0, 0
34.3008, 0.824872, 0.319671, 0, 0, 0, 0, -4.82047e-43, 0, 0, 0, 0.866115, 0, 0, 0
34.3507, 0.824872, 0.319671, 0, 0, 0, 0, -4.82047e-43, 0, 0, 0, 0.866115, 0, 0, 0
34.4007, 0.824872, 0.319671, 0, 0, 0, 0, -4.82047e-43, 0, 0, 0, 0.866115, 0, 0, 0
34.4507, 0.824872, 0.319671, 0, 0, 0, 0, -4.82047e-43, 0, 0, 0, 0.866115, 0, 0, 0
34.5007, 0.824872, 0.319671, 0, 0, 0, 0, -4.82047e-43, 0, 0, 0, 0.866115, 0, 0, 0
34.5506, 0.824872, 0.319671, 0, 0, 0, 0, -4.82047e-43, 0, 0, 0, 0.866115, 0, 0, 0
34.6006, 0.824872, 0.319671, 0, 0, 0, 0, -4.82047e-43, 0, 0, 0, 0.866115, 0, 0, 0
34.6506, 0.824872, 0.319671, 0, 0, 0, 0, -4.82047e-43, 0, 0, 0, 0.866115, 0, 0, 0
34.7006, 0.824872, 0.319671, 0, 0, 0, 0, -4.82047e-43, 0, 0, 0, 0.866115, 0, 0, 0
34.7505, 0.824872, 0.319671, 0, 0, 0, 0, -4.82047e-43, 0, 0, 0, 0.866115, 0, 0, 0
34.8005, 0.824872, 0.319671, 0, 0, 0, 0, -4.82047e-43, 0, 0, 0, 0.866115, 0, 0, 0
34.8505, 0.824872, 0.319671, 0, 0, 0, 0, -4.82047e-43, 0, 0, 0, 0.866115, 0, 0, 0
34.9004, 0.824872, 0.319671, 0, 0, 0, 0, -4.82047e-43, 0, 0, 0, 0.866115, 0, 0, 0
34.9504, 0.824872, 0.319671, 0, 0, 0, 0, -4.82047e-43, 0, 0, 0, 0.866115, 0, 0, 0
35.0004, 0.824872, 0.319671, 0, 0, 0, 0, -4.82047e-43, 0, 0, 0, 0.866115, 0, 0, 0
35.0004, 0.824872, 0.319671, 0, 0, 0, 0, -4.82047e-43, 0, 0, 0, 0.866115, 0, 0, 0
35.0504, 0.824872, 0.319671, 0, 0, 0, 0, -4.82047e-43, 0, 0, 0, 0.866115, 0, 0, 0
35.1003, 0.824872, 0.319671, 0, 0, 0, 0, -4.82047e-43, 0, 0, 0, 0.866115, 0, 0, 0
35.1503, 0.824872, 0.319671, 0, 0, 0, 0, -4.82047e-43, 0, 0, 0, 0.866115, 0, 0, 0
35.2003, 0.824872, 0.319671, 0, 0, 0, 0, -4.82047e-43, 0, 0, 0, 0.866115, 0, 0, 0
35.2503, 0.824872, 0.319671, 0, 0, 0, 0, -4.82047e-43, 0, 0, 0, 0.866115, 0, 0, 0
35.3002, 0.824872, 0.319671, 0, 0, 0, 0, -4.82047e-43, 0, 0, 0, 0.866115, 0, 0, 0
35.3502, 0.824872, 0.319671, 0, 0, 0, 0, -4.82047e-43, 0, 0, 0, 0.866115, 0, 0, 0
35.4002, 0.824872, 0.319671, 0, 0, 0, 0, -4.82047e-43, 0, 0, 0, 0.866115, 0, 0, 0
35.4501, 0.824872, 0.319671, 0, 0, 0, 0, -4.82047e-43, 0, 0, 0, 0.866115, 0, 0, 0
35.5001, 0.824872, 0.319671, 0, 0, 0, 0, -4.82047e-43, 0, 0, 0, 0.866115, 0, 0, 0
35.5501, 0.824872, 0.319671, 0, 0, 0, 0, -4.82047e-43, 0, 0, 0, 0.866115, 0, 0, 0
35.6001, 0.824872, 0.319671, 0, 0, 0, 0, -4.82047e-43, 0, 0, 0, 0.866115, 0, 0, 0
35.65, 0.824872, 0.319671, 0, 0, 0, 0, -4.82047e-43, 0, 0, 0, 0.866115, 0, 0, 0
35.7, 0.824872, 0.319671, 0, 0, 0, 0, -4.82047e-43, 0, 0, 0, 0.866115, 0, 0, 0
35.75, 0.824872, 0.319671, 0, 0, 0, 0, -4.82047e-43, 0, 0, 0, 0.866115, 0, 0, 0
35.8, 0.824872, 0.319671, 0, 0, 0, 0, -4.82047e-43, 0, 0, 0, 0.866115, 0, 0, 0
35.8499, 0.824872, 0.319671, 0, 0, 0, 0, -4.82047e-43, 0, 0, 0, 0.866115, 0, 0, 0
35.8999, 0.824872, 0.319671, 0, 0, 0, 0, -4.82047e-43, 0, 0, 0, 0.866115, 0, 0, 0
35.9499, 0.824872, 0.319671, 0, 0, 0, 0, -4.82047e-43, 0, 0, 0, 0.866115, 0, 0, 0
35.9998, 0.824872, 0.319671, 0, 0, 0, 0, -4.82047e-43, 0, 0, 0, 0.866115, 0, 0, 0
36.0008, 0.824872, 0.319671, 0, 0, 0, 0, -4.82047e-43, 0, 0, 0, 0.866115, 0, 0, 0
36.0008, 0.824872, 0.319671, 0, 0, 0, 0, -4.82047e-43, 0, 0, 0, 0.866115, 0, 0, 0
36.0508, 0.824872, 0.319671, 0, 0, 0, 0, -4.82047e-43, 0, 0, 0, 0.866115, 0, 0, 0
36.1008, 0.824872, 0.319671, 0, 0, 0, 0, -4.82047e-43, 0, 0, 0, 0.866115, 0, 0, 0
36.1508, 0.824872, 0.319671, 0, 0, 0, 0, -4.82047e-43, 0, 0, 0, 0.866115, 0, 0, 0
36.2007, 0.824872, 0.319671, 0, 0, 0, 0, -4.82047e-43, 0, 0, 0, 0.866115, 0, 0, 0
36.2507, 0.824872, 0.319671, 0, 0, 0, 0, -4.82047e-43, 0, 0, 0, 0.866115, 0, 0, 0
36.3007, 0.824872, 0.319671, 0, 0, 0, 0, -4.82047e-43, 0, 0, 0, 0.866115, 0, 0, 0
36.3507, 0.824872, 0.319671, 0, 0, 0, 0, -4.82047e-43, 0, 0, 0, 0.866115, 0, 0, 0
36.4006, 0.824872, 0.319671, 0, 0, 0, 0, -4.82047e-43, 0, 0, 0, 0.866115, 0, 0, 0
36.4506, 0.824872, 0.319671, 0, 0, 0, 0, -4.82047e-43, 0, 0, 0, 0.866115, 0, 0, 0
36.5006, 0.824872, 0.319671, 0, 0, 0, 0, -4.82047e-43, 0, 0, 0, 0.866115, 0, 0, 0
36.5505, 0.824872, 0.319671, 0, 0, 0, 0, -4.82047e-43, 0, 0, 0, 0.866115, 0, 0, 0
36.6005, 0.824872, 0.319671, 0, 0, 0, 0, -4.82047e-43, 0, 0, 0, 0.866115, 0, 0, 0
36.6505, 0.824872, 0.319671, 0, 0, 0, 0, -4.82047e-43, 0, 0, 0, 0.866115, 0, 0, 0
36.7005, 0.824872, 0.319671, 0, 0, 0, 0, -4.82047e-43, 0, 0, 0, 0.866115, 0, 0, 0
36.7504, 0.824872, 0.319671, 0, 0, 0, 0, -4.82047e-43, 0, 0, 0, 0.866115, 0, 0, 0
36.8004, 0.824872, 0.319671, 0, 0, 0, 0, -4.82047e-43, 0, 0, 0, 0.866115, 0, 0, 0
36.8504, 0.824872, 0.319671, 0, 0, 0, 0, -4.82047e-43, 0, 0, 0, 0.866115, 0, 0, 0
36.9003, 0.824872, 0.319671, 0, 0, 0, 0, -4.82047e-43, 0, 0, 0, 0.866115, 0, 0, 0
36.9503, 0.824872, 0.319671, 0, 0, 0, 0, -4.82047e-43, 0, 0, 0, 0.866115, 0, 0, 0
37.0003, 0.824872, 0.319671, 0, 0, 0, 0, -4.82047e-43, 0, 0, 0, 0.866115, 0, 0, 0
37.0003, 0.824872, 0.319671, 0, 0, 0, 0, -4.82047e-43, 0, 0, 0, 0.866115, 0, 0, 0
37.0503, 0.824872, 0.319671, 0, 0, 0, 0, -4.82047e-43, 0, 0, 0, 0.866115, 0, 0, 0
37.1002, 0.824872, 0.319671, 0, 0, 0, 0, -4.82047e-43, 0, 0, 0, 0.866115, 0, 0, 0
37.1502, 0.824872, 0.319671, 0, 0, 0, 0, -4.82047e-43, 0, 0, 0, 0.866115, 0, 0, 0
37.2002, 0.824872, 0.319671, 0, 0, 0, 0, -4.82047e-43, 0, 0, 0, 0.866115, 0, 0, 0
37.2502, 0.824872, 0.319671, 0, 0, 0, 0, -4.82047e-43, 0, 0, 0, 0.866115, 0, 0, 0
37.3001, 0.824872, 0.319671, 0, 0, 0, 0, -4.82047e-43, 0, 0, 0, 0.866115, 0, 0, 0
37.3501, 0.824872, 0.319671, 0, 0, 0, 0, -4.82047e-43, 0, 0, 0, 0.866115, 0, 0, 0
37.4001, 0.824872, 0.319671, 0, 0, 0, 0, -4.82047e-43, 0, 0, 0, 0.866115, 0, 0, 0
37.45, 0.824872, 0.319671, 0, 0, 0, 0, -4.82047e-43, 0, 0, 0, 0.866115, 0, 0, 0
37.5, 0.824872, 0.319671, 0, 0, 0, 0, -4.82047e-43, 0, 0, 0, 0.866115, 0, 0, 0
37.55, 0.824872, 0.319671, 0, 0, 0, 0, -4.82047e-43, 0, 0, 0, 0.866115, 0, 0, 0
37.6, 0.824872, 0.319671, 0, 0, 0, 0, -4.82047e-43, 0, 0, 0, 0.866115, 0, 0, 0
37.6499, 0.824872, 0.319671, 0, 0, 0, 0, -4.82047e-43, 0, 0, 0, 0.866115, 0, 0, 0
37.6999, 0.824872, 0.319671, 0, 0, 0, 0, -4.82047e-43, 0, 0, 0, 0.866115, 0, 0, 0
37.7499, 0.824872, 0.319671, 0, 0, 0, 0, -4.82047e-43, 0, 0, 0, 0.866115, 0, 0, 0
37.7999, 0.824872, 0.319671, 0, 0, 0, 0, -4.82047e-43, 0, 0, 0, 0.866115, 0, 0, 0
37.8498, 0.824872, 0.319671, 0, 0, 0, 0, -4.82047e-43, 0, 0, 0, 0.866115, 0, 0, 0
37.8998, 0.824872, 0.319671, 0, 0, 0, 0, -4.82047e-43, 0, 0, 0, 0.866115, 0, 0, 0
37.9498, 0.824872, 0.319671, 0, 0, 0, 0, -4.82047e-43, 0, 0, 0, 0.866115, 0, 0, 0
37.9997, 0.824872, 0.319671, 0, 0, 0, 0, -4.82047e-43, 0, 0, 0, 0.866115, 0, 0, 0
38.0007, 0.824872, 0.319671, 0, 0, 0, 0, -4.82047e-43, 0, 0, 0, 0.866115, 0, 0, 0
38.0007, 0.824872, 0.319671, 0, 0, 0, 0, -4.82047e-43, 0, 0, 0, 0.866115, 0, 0, 0
38.0507, 0.824872, 0.319671, 0, 0, 0, 0, -4.82047e-43, 0, 0, 0, 0.866115, 0, 0, 0
38.1007, 0.824872, 0.319671, 0, 0, 0, 0, -4.82047e-43, 0, 0, 0, 0.866115, 0, 0, 0
38.1507, 0.824872, 0.319671, 0, 0, 0, 0, -4.82047e-43, 0, 0, 0, 0.866115, 0, 0, 0
38.2006, 0.824872, 0.319671, 0, 0, 0, 0, -4.82047e-43, 0, 0, 0, 0.866115, 0, 0, 0
38.2506, 0.824872, 0.319671, 0, 0, 0, 0, -4.82047e-43, 0, 0, 0, 0.866115, 0, 0, 0
38.3006, 0.824872, 0.319671, 0, 0, 0, 0, -4.82047e-43, 0, 0, 0, 0.866115, 0, 0, 0
38.3506, 0.824872, 0.319671, 0, 0, 0, 0, -4.82047e-43, 0, 0, 0, 0.866115, 0, 0, 0
38.4005, 0.824872, 0.319671, 0, 0, 0, 0, -4.82047e-43, 0, 0, 0, 0.866115, 0, 0, 0
38.4505, 0.824872, 0.319671, 0, 0, 0, 0, -4.82047e-43, 0, 0, 0, 0.866115, 0, 0, 0
38.5005, 0.824872, 0.319671, 0, 0, 0, 0, -4.82047e-43, 0, 0, 0, 0.866115, 0, 0, 0
38.5504, 0.824872, 0.319671, 0, 0, 0, 0, -4.82047e-43, 0, 0, 0, 0.866115, 0, 0, 0
38.6004, 0.824872, 0.319671, 0, 0, 0, 0, -4.82047e-43, 0, 0, 0, 0.866115, 0, 0, 0
38.6504, 0.824872, 0.319671, 0, 0, 0, 0, -4.82047e-43, 0, 0, 0, 0.866115, 0, 0, 0
38.7004, 0.824872, 0.319671, 0, 0, 0, 0, -4.82047e-43, 0, 0, 0, 0.866115, 0, 0, 0
38.7503, 0.824872, 0.319671, 0, 0, 0, 0, -4.82047e-43, 0, 0, 0, 0.866115, 0, 0, 0
38.8003, 0.824872, 0.319671, 0, 0, 0, 0, -4.82047e-43, 0, 0, 0, 0.866115, 0, 0, 0
38.8503, 0.824872, 0.319671, 0, 0, 0, 0, -4.82047e-43, 0, 0, 0, 0.866115, 0, 0, 0
38.9002, 0.824872, 0.319671, 0, 0, 0, 0, -4.82047e-43, 0, 0, 0, 0.866115, 0, 0, 0
38.9502, 0.824872, 0.319671, 0, 0, 0, 0, -4.82047e-43, 0, 0, 0, 0.866115, 0, 0, 0
39.0002, 0.824872, 0.319671, 0, 0, 0, 0, -4.82047e-43, 0, 0, 0, 0.866115, 0, 0, 0
39.0002, 0.824872, 0.319671, 0, 0, 0, 0, -4.82047e-43, 0, 0, 0, 0.866115, 0, 0, 0
39.0502, 0.824872, 0.319671, 0, 0, 0, 0, -4.82047e-43, 0, 0, 0, 0.866115, 0, 0, 0
39.1001, 0.824872, 0.319671, 0, 0, 0, 0, -4.82047e-43, 0, 0, 0, 0.866115, 0, 0, 0
39.1501, 0.824872, 0.319671, 0, 0, 0, 0, -4.82047e-43, 0, 0, 0, 0.866115, 0, 0, 0
39.2001, 0.824872, 0.319671, 0, 0, 0, 0, -4.82047e-43, 0, 0, 0, 0.866115, 0, 0, 0
39.2501, 0.824872, 0.319671, 0, 0, 0, 0, -4.82047e-43, 0, 0, 0, 0.866115, 0, 0, 0
39.3, 0.824872, 0.319671, 0, 0, 0, 0, -4.82047e-43, 0, 0, 0, 0.866115, 0, 0, 0
39.35, 0.824872, 0.319671, 0, 0, 0, 0, -4.82047e-43, 0, 0, 0, 0.866115, 0, 0, 0
39.4, 0.824872, 0.319671, 0, 0, 0, 0, -4.82047e-43, 0, 0, 0, 0.866115, 0, 0, 0
39.4499, 0.824872, 0.319671, 0, 0, 0, 0, -4.82047e-43, 0, 0, 0, 0.866115, 0, 0, 0
39.4999, 0.824872, 0.319671, 0, 0, 0, 0, -4.82047e-43, 0, 0, 0, 0.866115, 0, 0, 0
39.5499, 0.824872, 0.319671, 0, 0, 0, 0, -4.82047e-43, 0, 0, 0, 0.866115, 0, 0, 0
39.5999, 0.824872, 0.319671, 0, 0, 0, 0, -4.82047e-43, 0, 0, 0, 0.866115, 0, 0, 0
39.6498, 0.824872, 0.319671, 0, 0, 0, 0, -4.82047e-43, 0, 0, 0, 0.866115, 0, 0, 0
39.6998, 0.824872, 0.319671, 0, 0, 0, 0, -4.82047e-43, 0, 0, 0, 0.866115, 0, 0, 0
39.7498, 0.824872, 0.319671, 0, 0, 0, 0, -4.82047e-43, 0, 0, 0, 0.866115, 0, 0, 0
39.7998, 0.824872, 0.319671, 0, 0, 0, 0, -4.82047e-43, 0, 0, 0, 0.866115, 0, 0, 0
39.8497, 0.824872, 0.319671, 0, 0, 0, 0, -4.82047e-43, 0, 0, 0, 0.866115, 0, 0, 0
39.8997, 0.824872, 0.319671, 0, 0, 0, 0, -4.82047e-43, 0, 0, 0, 0.866115, 0, 0, 0
39.9497, 0.824872, 0.319671, 0, 0, 0, 0, -4.82047e-43, 0, 0, 0, 0.866115, 0, 0, 0
39.9996, 0.824872, 0.319671, 0, 0, 0, 0, -4.82047e-43, 0, 0, 0, 0.866115, 0, 0, 0
40.0006, 0.824872, 0.319671, 0, 0, 0, 0, -4.82047e-43, 0, 0, 0, 0.866115, 0, 0, 0
40.0006, 0.824872, 0.319671, 0, 0, 0, 0, -4.82047e-43, 0, 0, 0, 0.866115, 0, 0, 0
40.0506, 0.824872, 0.319671, 0, 0, 0, 0, -4.82047e-43, 0, 0, 0, 0.866115, 0, 0, 0
40.1006, 0.824872, 0.319671, 0, 0, 0, 0, -4.82047e-43, 0, 0, 0, 0.866115, 0, 0, 0
40.1506, 0.824872, 0.319671, 0, 0, 0, 0, -4.82047e-43, 0, 0, 0, 0.866115, 0, 0, 0
40.2005, 0.824872, 0.319671, 0, 0, 0, 0, -4.82047e-43, 0, 0, 0, 0.866115, 0, 0, 0
40.2505, 0.824872, 0.319671, 0, 0, 0, 0, -4.82047e-43, 0, 0, 0, 0.866115, 0, 0, 0
40.3005, 0.824872, 0.319671, 0, 0, 0, 0, -4.82047e-43, 0, 0, 0, 0.866115, 0, 0, 0
40.3505, 0.824872, 0.319671, 0, 0, 0, 0, -4.82047e-43, 0, 0, 0, 0.866115, 0, 0, 0
40.4004, 0.824872, 0.319671, 0, 0, 0, 0, -4.82047e-43, 0, 0, 0, 0.866115, 0, 0, 0
40.4504, 0.824872, 0.319671, 0, 0, 0, 0, -4.82047e-43, 0, 0, 0, 0.866115, 0, 0, 0
40.5004, 0.824872, 0.319671, 0, 0, 0, 0, -4.82047e-43, 0, 0, 0, 0.866115, 0, 0, 0
40.5503, 0.824872, 0.319671, 0, 0, 0, 0, -4.82047e-43, 0, 0, 0, 0.866115, 0, 0, 0
40.6003, 0.824872, 0.319671, 0, 0, 0, 0, -4.82047e-43, 0, 0, 0, 0.866115, 0, 0, 0
40.6503, 0.824872, 0.319671, 0, 0, 0, 0, -4.82047e-43, 0, 0, 0, 0.866115, 0, 0, 0
40.7003, 0.824872, 0.319671, 0, 0, 0, 0, -4.82047e-43, 0, 0, 0, 0.866115, 0, 0, 0
40.7502, 0.824872, 0.319671, 0, 0, 0, 0, -4.82047e-43, 0, 0, 0, 0.866115, 0, 0, 0
40.8002, 0.824872, 0.319671, 0, 0, 0, 0, -4.82047e-43, 0, 0, 0, 0.866115, 0, 0, 0
40.8502, 0.824872, 0.319671, 0, 0, 0, 0, -4.82047e-43, 0, 0, 0, 0.866115, 0, 0, 0
40.9002, 0.824872, 0.319671, 0, 0, 0, 0, -4.82047e-43, 0, 0, 0, 0.866115, 0, 0, 0
40.9501, 0.824872, 0.319671, 0, 0, 0, 0, -4.82047e-43, 0, 0, 0, 0.866115, 0, 0, 0
41.0001, 0.824872, 0.319671, 0, 0, 0, 0, -4.82047e-43, 0, 0, 0, 0.866115, 0, 0, 0
41.0001, 0.824872, 0.319671, 0, 0, 0, 0, -4.82047e-43, 0, 0, 0, 0.866115, 0, 0, 0
41.0501, 0.824872, 0.319671, 0, 0, 0, 0, -4.82047e-43, 0, 0, 0, 0.866115, 0, 0, 0
41.1, 0.824872, 0.319671, 0, 0, 0, 0, -4.82047e-43, 0, 0, 0, 0.866115, 0, 0, 0
41.15, 0.824872, 0.319671, 0, 0, 0, 0, -4.82047e-43, 0, 0, 0, 0.866115, 0, 0, 0
41.2, 0.824872, 0.319671, 0, 0, 0, 0, -4.82047e-43, 0, 0, 0, 0.866115, 0, 0, 0
41.25, 0.824872, 0.319671, 0, 0, 0, 0, -4.82047e-43, 0, 0, 0, 0.866115, 0, 0, 0
41.2999, 0.824872, 0.319671, 0, 0, 0, 0, -4.82047e-43, 0, 0, 0, 0.866115, 0, 0, 0
41.3499, 0.824872, 0.319671, 0, 0, 0, 0, -4.82047e-43, 0, 0, 0, 0.866115, 0, 0, 0
41.3999, 0.824872, 0.319671, 0, 0, 0, 0, -4.82047e-43, 0, 0, 0, 0.866115, 0, 0, 0
41.4498, 0.824872, 0.319671, 0, 0, 0, 0, -4.82047e-43, 0, 0, 0, 0.866115, 0, 0, 0
41.4998, 0.824872, 0.319671, 0, 0, 0, 0, -4.82047e-43, 0, 0, 0, 0.866115, 0, 0, 0
41.5498, 0.824872, 0.319671, 0, 0, 0, 0, -4.82047e-43, 0, 0, 0, 0.866115, 0, 0, 0
41.5998, 0.824872, 0.319671, 0, 0, 0, 0, -4.82047e-43, 0, 0, 0, 0.866115, 0, 0, 0
41.6497, 0.824872, 0.319671, 0, 0, 0, 0, -4.82047e-43, 0, 0, 0, 0.866115, 0, 0, 0
41.6997, 0.824872, 0.319671, 0, 0, 0, 0, -4.82047e-43, 0, 0, 0, 0.866115, 0, 0, 0
41.7497, 0.824872, 0.319671, 0, 0, 0, 0, -4.82047e-43, 0, 0, 0, 0.866115, 0, 0, 0
41.7997, 0.824872, 0.319671, 0, 0, 0, 0, -4.82047e-43, 0, 0, 0, 0.866115, 0, 0, 0
41.8496, 0.824872, 0.319671, 0, 0, 0, 0, -4.82047e-43, 0, 0, 0, 0.866115, 0, 0, 0
41.8996, 0.824872, 0.319671, 0, 0, 0, 0, -4.82047e-43, 0, 0, 0, 0.866115, 0, 0, 0
41.9496, 0.824872, 0.319671, 0, 0, 0, 0, -4.82047e-43, 0, 0, 0, 0.866115, 0, 0, 0
41.9995, 0.824872, 0.319671, 0, 0, 0, 0, -4.82047e-43, 0, 0, 0, 0.866115, 0, 0, 0
42.0005, 0.824872, 0.319671, 0, 0, 0, 0, -4.82047e-43, 0, 0, 0, 0.866115, 0, 0, 0
42.0005, 0.824872, 0.319671, 0, 0, 0, 0, -4.82047e-43, 0, 0, 0, 0.866115, 0, 0, 0
42.0505, 0.824872, 0.319671, 0, 0, 0, 0, -4.82047e-43, 0, 0, 0, 0.866115, 0, 0, 0
42.1005, 0.824872, 0.319671, 0, 0, 0, 0, -4.82047e-43, 0, 0, 0, 0.866115, 0, 0, 0
42.1505, 0.824872, 0.319671, 0, 0, 0, 0, -4.82047e-43, 0, 0, 0, 0.866115, 0, 0, 0
42.2004, 0.824872, 0.319671, 0, 0, 0, 0, -4.82047e-43, 0, 0, 0, 0.866115, 0, 0, 0
42.2504, 0.824872, 0.319671, 0, 0, 0, 0, -4.82047e-43, 0, 0, 0, 0.866115, 0, 0, 0
42.3004, 0.824872, 0.319671, 0, 0, 0, 0, -4.82047e-43, 0, 0, 0, 0.866115, 0, 0, 0
42.3504, 0.824872, 0.319671, 0, 0, 0, 0, -4.82047e-43, 0, 0, 0, 0.866115, 0, 0, 0
42.4003, 0.824872, 0.319671, 0, 0, 0, 0, -4.82047e-43, 0, 0, 0, 0.866115, 0, 0, 0
42.4503, 0.824872, 0.319671, 0, 0, 0, 0, -4.82047e-43, 0, 0, 0, 0.866115, 0, 0, 0
42.5003, 0.824872, 0.319671, 0, 0, 0, 0, -4.82047e-43, 0, 0, 0, 0.866115, 0, 0, 0
42.5502, 0.824872, 0.319671, 0, 0, 0, 0, -4.82047e-43, 0, 0, 0, 0.866115, 0, 0, 0
42.6002, 0.824872, 0.319671, 0, 0, 0, 0, -4.82047e-43, 0, 0, 0, 0.866115, 0, 0, 0
42.6502, 0.824872, 0.319671, 0, 0, 0, 0, -4.82047e-43, 0, 0, 0, 0.866115, 0, 0, 0
42.7002, 0.824872, 0.319671, 0, 0, 0, 0, -4.82047e-43, 0, 0, 0, 0.866115, 0, 0, 0
42.7501, 0.824872, 0.319671, 0, 0, 0, 0, -4.82047e-43, 0, 0, 0, 0.866115, 0, 0, 0
42.8001, 0.824872, 0.319671, 0, 0, 0, 0, -4.82047e-43, 0, 0, 0, 0.866115, 0, 0, 0
42.8501, 0.824872, 0.319671, 0, 0, 0, 0, -4.82047e-43, 0, 0, 0, 0.866115, 0, 0, 0
42.9001, 0.824872, 0.319671, 0, 0, 0, 0, -4.82047e-43, 0, 0, 0, 0.866115, 0, 0, 0
42.95, 0.824872, 0.319671, 0, 0, 0, 0, -4.82047e-43, 0, 0, 0, 0.866115, 0, 0, 0
43, 0.824872, 0.319671, 0, 0, 0, 0, -4.82047e-43, 0, 0, 0, 0.866115, 0, 0, 0
43, 0.824872, 0.319671, 0, 0, 0, 0, -4.82047e-43, 0, 0, 0, 0.866115, 0, 0, 0
43.05, 0.824872, 0.319671, 0, 0, 0, 0, -4.82047e-43, 0, 0, 0, 0.866115, 0, 0, 0
43.0999, 0.824872, 0.319671, 0, 0, 0, 0, -4.82047e-43, 0, 0, 0, 0.866115, 0, 0, 0
43.1499, 0.824872, 0.319671, 0, 0, 0, 0, -4.82047e-43, 0, 0, 0, 0.866115, 0, 0, 0
43.1999, 0.824872, 0.319671, 0, 0, 0, 0, -4.82047e-43, 0, 0, 0, 0.866115, 0, 0, 0
43.2499, 0.824872, 0.319671, 0, 0, 0, 0, -4.82047e-43, 0, 0, 0, 0.866115, 0, 0, 0
43.2998, 0.824872, 0.319671, 0, 0, 0, 0, -4.82047e-43, 0, 0, 0, 0.866115, 0, 0, 0
43.3498, 0.824872, 0.319671, 0, 0, 0, 0, -4.82047e-43, 0, 0, 0, 0.866115, 0, 0, 0
43.3998, 0.824872, 0.319671, 0, 0, 0, 0, -4.82047e-43, 0, 0, 0, 0.866115, 0, 0, 0
43.4497, 0.824872, 0.319671, 0, 0, 0, 0, -4.82047e-43, 0, 0, 0, 0.866115, 0, 0, 0
43.4997, 0.824872, 0.319671, 0, 0, 0, 0, -4.82047e-43, 0, 0, 0, 0.866115, 0, 0, 0
43.5497, 0.824872, 0.319671, 0, 0, 0, 0, -4.82047e-43, 0, 0, 0, 0.866115, 0, 0, 0
43.5997, 0.824872, 0.319671, 0, 0, 0, 0, -4.82047e-43, 0, 0, 0, 0.866115, 0, 0, 0
43.6496, 0.824872, 0.319671, 0, 0, 0, 0, -4.82047e-43, 0, 0, 0, 0.866115, 0, 0, 0
43.6996, 0.824872, 0.319671, 0, 0, 0, 0, -4.82047e-43, 0, 0, 0, 0.866115, 0, 0, 0
43.7496, 0.824872, 0.319671, 0, 0, 0, 0, -4.82047e-43, 0, 0, 0, 0.866115, 0, 0, 0
43.7996, 0.824872, 0.319671, 0, 0, 0, 0, -4.82047e-43, 0, 0, 0, 0.866115, 0, 0, 0
43.8495, 0.824872, 0.319671, 0, 0, 0, 0, -4.82047e-43, 0, 0, 0, 0.866115, 0, 0, 0
43.8995, 0.824872, 0.319671, 0, 0, 0, 0, -4.82047e-43, 0, 0, 0, 0.866115, 0, 0, 0
43.9495, 0.824872, 0.319671, 0, 0, 0, 0, -4.82047e-43, 0, 0, 0, 0.866115, 0, 0, 0
43.9994, 0.824872, 0.319671, 0, 0, 0, 0, -4.82047e-43, 0, 0, 0, 0.866115, 0, 0, 0
44.0004, 0.824872, 0.319671, 0, 0, 0, 0, -4.82047e-43, 0, 0, 0, 0.866115, 0, 0, 0
44.0004, 0.824872, 0.319671, 0, 0, 0, 0, -4.82047e-43, 0, 0, 0, 0.866115, 0, 0, 0
44.0504, 0.824872, 0.319671, 0, 0, 0, 0, -4.82047e-43, 0, 0, 0, 0.866115, 0, 0, 0
44.1004, 0.824872, 0.319671, 0, 0, 0, 0, -4.82047e-43, 0, 0, 0, 0.866115, 0, 0, 0
44.1504, 0.824872, 0.319671, 0, 0, 0, 0, -4.82047e-43, 0, 0, 0, 0.866115, 0, 0, 0
44.2003, 0.824872, 0.319671, 0, 0, 0, 0, -4.82047e-43, 0, 0, 0, 0.866115, 0, 0, 0
44.2503, 0.824872, 0.319671, 0, 0, 0, 0, -4.82047e-43, 0, 0, 0, 0.866115, 0, 0, 0
44.3003, 0.824872, 0.319671, 0, 0, 0, 0, -4.82047e-43, 0, 0, 0, 0.866115, 0, 0, 0
44.3503, 0.824872, 0.319671, 0, 0, 0, 0, -4.82047e-43, 0, 0, 0, 0.866115, 0, 0, 0
44.4002, 0.824872, 0.319671, 0, 0, 0, 0, -4.82047e-43, 0, 0, 0, 0.866115, 0, 0, 0
44.4502, 0.824872, 0.319671, 0, 0, 0, 0, -4.82047e-43, 0, 0, 0, 0.866115, 0, 0, 0
44.5002, 0.824872, 0.319671, 0, 0, 0, 0, -4.82047e-43, 0, 0, 0, 0.866115, 0, 0, 0
44.5501, 0.824872, 0.319671, 0, 0, 0, 0, -4.82047e-43, 0, 0, 0, 0.866115, 0, 0, 0
44.6001, 0.824872, 0.319671, 0, 0, 0, 0, -4.82047e-43, 0, 0, 0, 0.866115, 0, 0, 0
44.6501, 0.824872, 0.319671, 0, 0, 0, 0, -4.82047e-43, 0, 0, 0, 0.866115, 0, 0, 0
44.7001, 0.824872, 0.319671, 0, 0, 0, 0, -4.82047e-43, 0, 0, 0, 0.866115, 0, 0, 0
44.75, 0.824872, 0.319671, 0, 0, 0, 0, -4.82047e-43, 0, 0, 0, 0.866115, 0, 0, 0
44.8, 0.824872, 0.319671, 0, 0, 0, 0, -4.82047e-43, 0, 0, 0, 0.866115, 0, 0, 0
44.85, 0.824872, 0.319671, 0, 0, 0, 0, -4.82047e-43, 0, 0, 0, 0.866115, 0, 0, 0
44.9, 0.824872, 0.319671, 0, 0, 0, 0, -4.82047e-43, 0, 0, 0, 0.866115, 0, 0, 0
44.9499, 0.824872, 0.319671, 0, 0, 0, 0, -4.82047e-43, 0, 0, 0, 0.866115, 0, 0, 0
44.9999, 0.824872, 0.319671, 0, 0, 0, 0, -4.82047e-43, 0, 0, 0, 0.866115, 0, 0, 0
45.0009, 0.824872, 0.319671, 0, 0, 0, 0, -4.82047e-43, 0, 0, 0, 0.866115, 0, 0, 0
45.0009, 0.824872, 0.319671, 0, 0, 0, 0, -4.82047e-43, 0, 0, 0, 0.866115, 0, 0, 0
45.0509, 0.824872, 0.319671, 0, 0, 0, 0, -4.82047e-43, 0, 0, 0, 0.866115, 0, 0, 0
45.1008, 0.824872, 0.319671, 0, 0, 0, 0, -4.82047e-43, 0, 0, 0, 0.866115, 0, 0, 0
45.1508, 0.824872, 0.319671, 0, 0, 0, 0, -4.82047e-43, 0, 0, 0, 0.866115, 0, 0, 0
45.2008, 0.824872, 0.319671, 0, 0, 0, 0, -4.82047e-43, 0, 0, 0, 0.866115, 0, 0, 0
45.2508, 0.824872, 0.319671, 0, 0, 0, 0, -4.82047e-43, 0, 0, 0, 0.866115, 0, 0, 0
45.3007, 0.824872, 0.319671, 0, 0, 0, 0, -4.82047e-43, 0, 0, 0, 0.866115, 0, 0, 0
45.3507, 0.824872, 0.319671, 0, 0, 0, 0, -4.82047e-43, 0, 0, 0, 0.866115, 0, 0, 0
45.4007, 0.824872, 0.319671, 0, 0, 0, 0, -4.82047e-43, 0, 0, 0, 0.866115, 0, 0, 0
45.4506, 0.824872, 0.319671, 0, 0, 0, 0, -4.82047e-43, 0, 0, 0, 0.866115, 0, 0, 0
45.5006, 0.824872, 0.319671, 0, 0, 0, 0, -4.82047e-43, 0, 0, 0, 0.866115, 0, 0, 0
45.5506, 0.824872, 0.319671, 0, 0, 0, 0, -4.82047e-43, 0, 0, 0, 0.866115, 0, 0, 0
45.6006, 0.824872, 0.319671, 0, 0, 0, 0, -4.82047e-43, 0, 0, 0, 0.866115, 0, 0, 0
45.6505, 0.824872, 0.319671, 0, 0, 0, 0, -4.82047e-43, 0, 0, 0, 0.866115, 0, 0, 0
45.7005, 0.824872, 0.319671, 0, 0, 0, 0, -4.82047e-43, 0, 0, 0, 0.866115, 0, 0, 0
45.7505, 0.824872, 0.319671, 0, 0, 0, 0, -4.82047e-43, 0, 0, 0, 0.866115, 0, 0, 0
45.8005, 0.824872, 0.319671, 0, 0, 0, 0, -4.82047e-43, 0, 0, 0, 0.866115, 0, 0, 0
45.8504, 0.824872, 0.319671, 0, 0, 0, 0, -4.82047e-43, 0, 0, 0, 0.866115, 0, 0, 0
45.9004, 0.824872, 0.319671, 0, 0, 0, 0, -4.82047e-43, 0, 0, 0, 0.866115, 0, 0, 0
45.9504, 0.824872, 0.319671, 0, 0, 0, 0, -4.82047e-43, 0, 0, 0, 0.866115, 0, 0, 0
46.0003, 0.824872, 0.319671, 0, 0, 0, 0, -4.82047e-43, 0, 0, 0, 0.866115, 0, 0, 0
46.0003, 0.824872, 0.319671, 0, 0, 0, 0, -4.82047e-43, 0, 0, 0, 0.866115, 0, 0, 0
46.0503, 0.824872, 0.319671, 0, 0, 0, 0, -4.82047e-43, 0, 0, 0, 0.866115, 0, 0, 0
46.1003, 0.824872, 0.319671, 0, 0, 0, 0, -4.82047e-43, 0, 0, 0, 0.866115, 0, 0, 0
46.1503, 0.824872, 0.319671, 0, 0, 0, 0, -4.82047e-43, 0, 0, 0, 0.866115, 0, 0, 0
46.2002, 0.824872, 0.319671, 0, 0, 0, 0, -4.82047e-43, 0, 0, 0, 0.866115, 0, 0, 0
46.2502, 0.824872, 0.319671, 0, 0, 0, 0, -4.82047e-43, 0, 0, 0, 0.866115, 0, 0, 0
46.3002, 0.824872, 0.319671, 0, 0, 0, 0, -4.82047e-43, 0, 0, 0, 0.866115, 0, 0, 0
46.3502, 0.824872, 0.319671, 0, 0, 0, 0, -4.82047e-43, 0, 0, 0, 0.866115, 0, 0, 0
46.4001, 0.824872, 0.319671, 0, 0, 0, 0, -4.82047e-43, 0, 0, 0, 0.866115, 0, 0, 0
46.4501, 0.824872, 0.319671, 0, 0, 0, 0, -4.82047e-43, 0, 0, 0, 0.866115, 0, 0, 0
46.5001, 0.824872, 0.319671, 0, 0, 0, 0, -4.82047e-43, 0, 0, 0, 0.866115, 0, 0, 0
46.55, 0.824872, 0.319671, 0, 0, 0, 0, -4.82047e-43, 0, 0, 0, 0.866115, 0, 0, 0
46.6, 0.824872, 0.319671, 0, 0, 0, 0, -4.82047e-43, 0, 0, 0, 0.866115, 0, 0, 0
46.65, 0.824872, 0.319671, 0, 0, 0, 0, -4.82047e-43, 0, 0, 0, 0.866115, 0, 0, 0
46.7, 0.824872, 0.319671, 0, 0, 0, 0, -4.82047e-43, 0, 0, 0, 0.866115, 0, 0, 0
46.7499, 0.824872, 0.319671, 0, 0, 0, 0, -4.82047e-43, 0, 0, 0, 0.866115, 0, 0, 0
46.7999, 0.824872, 0.319671, 0, 0, 0, 0, -4.82047e-43, 0, 0, 0, 0.866115, 0, 0, 0
46.8499, 0.824872, 0.319671, 0, 0, 0, 0, -4.82047e-43, 0, 0, 0, 0.866115, 0, 0, 0
46.8999, 0.824872, 0.319671, 0, 0, 0, 0, -4.82047e-43, 0, 0, 0, 0.866115, 0, 0, 0
46.9498, 0.824872, 0.319671, 0, 0, 0, 0, -4.82047e-43, 0, 0, 0, 0.866115, 0, 0, 0
46.9998, 0.824872, 0.319671, 0, 0, 0, 0, -4.82047e-43, 0, 0, 0, 0.866115, 0, 0, 0
47.0008, 0.824872, 0.319671, 0, 0, 0, 0, -4.82047e-43, 0, 0, 0, 0.866115, 0, 0, 0
47.0008, 0.824872, 0.319671, 0, 0, 0, 0, -4.82047e-43, 0, 0, 0, 0.866115, 0, 0, 0
47.0508, 0.824872, 0.319671, 0, 0, 0, 0, -4.82047e-43, 0, 0, 0, 0.866115, 0, 0, 0
47.1007, 0.824872, 0.319671, 0, 0, 0, 0, -4.82047e-43, 0, 0, 0, 0.866115, 0, 0, 0
47.1507, 0.824872, 0.319671, 0, 0, 0, 0, -4.82047e-43, 0, 0, 0, 0.866115, 0, 0, 0
47.2007, 0.824872, 0.319671, 0, 0, 0, 0, -4.82047e-43, 0, 0, 0, 0.866115, 0, 0, 0
47.2507, 0.824872, 0.319671, 0, 0, 0, 0, -4.82047e-43, 0, 0, 0, 0.866115, 0, 0, 0
47.3006, 0.824872, 0.319671, 0, 0, 0, 0, -4.82047e-43, 0, 0, 0, 0.866115, 0, 0, 0
47.3506, 0.824872, 0.319671, 0, 0, 0, 0, -4.82047e-43, 0, 0, 0, 0.866115, 0, 0, 0
47.4006, 0.824872, 0.319671, 0, 0, 0, 0, -4.82047e-43, 0, 0, 0, 0.866115, 0, 0, 0
47.4506, 0.824872, 0.319671, 0, 0, 0, 0, -4.82047e-43, 0, 0, 0, 0.866115, 0, 0, 0
47.5005, 0.824872, 0.319671, 0, 0, 0, 0, -4.82047e-43, 0, 0, 0, 0.866115, 0, 0, 0
47.5505, 0.824872, 0.319671, 0, 0, 0, 0, -4.82047e-43, 0, 0, 0, 0.866115, 0, 0, 0
47.6005, 0.824872, 0.319671, 0, 0, 0, 0, -4.82047e-43, 0, 0, 0, 0.866115, 0, 0, 0
47.6504, 0.824872, 0.319671, 0, 0, 0, 0, -4.82047e-43, 0, 0, 0, 0.866115, 0, 0, 0
47.7004, 0.824872, 0.319671, 0, 0, 0, 0, -4.82047e-43, 0, 0, 0, 0.866115, 0, 0, 0
47.7504, 0.824872, 0.319671, 0, 0, 0, 0, -4.82047e-43, 0, 0, 0, 0.866115, 0, 0, 0
47.8004, 0.824872, 0.319671, 0, 0, 0, 0, -4.82047e-43, 0, 0, 0, 0.866115, 0, 0, 0
47.8503, 0.824872, 0.319671, 0, 0, 0, 0, -4.82047e-43, 0, 0, 0, 0.866115, 0, 0, 0
47.9003, 0.824872, 0.319671, 0, 0, 0, 0, -4.82047e-43, 0, 0, 0, 0.866115, 0, 0, 0
47.9503, 0.824872, 0.319671, 0, 0, 0, 0, -4.82047e-43, 0, 0, 0, 0.866115, 0, 0, 0
48.0002, 0.824872, 0.319671, 0, 0, 0, 0, -4.82047e-43, 0, 0, 0, 0.866115, 0, 0, 0
48.0002, 0.824872, 0.319671, 0, 0, 0, 0, -4.82047e-43, 0, 0, 0, 0.866115, 0, 0, 0
48.0502, 0.824872, 0.319671, 0, 0, 0, 0, -4.82047e-43, 0, 0, 0, 0.866115, 0, 0, 0
48.1002, 0.824872, 0.319671, 0, 0, 0, 0, -4.82047e-43, 0, 0, 0, 0.866115, 0, 0, 0
48.1502, 0.824872, 0.319671, 0, 0, 0, 0, -4.82047e-43, 0, 0, 0, 0.866115, 0, 0, 0
48.2001, 0.824872, 0.319671, 0, 0, 0, 0, -4.82047e-43, 0, 0, 0, 0.866115, 0, 0, 0
48.2501, 0.824872, 0.319671, 0, 0, 0, 0, -4.82047e-43, 0, 0, 0, 0.866115, 0, 0, 0
48.3001, 0.824872, 0.319671, 0, 0, 0, 0, -4.82047e-43, 0, 0, 0, 0.866115, 0, 0, 0
48.3501, 0.824872, 0.319671, 0, 0, 0, 0, -4.82047e-43, 0, 0, 0, 0.866115, 0, 0, 0
48.4, 0.824872, 0.319671, 0, 0, 0, 0, -4.82047e-43, 0, 0, 0, 0.866115, 0, 0, 0
48.45, 0.824872, 0.319671, 0, 0, 0, 0, -4.82047e-43, 0, 0, 0, 0.866115, 0, 0, 0
48.5, 0.824872, 0.319671, 0, 0, 0, 0, -4.82047e-43, 0, 0, 0, 0.866115, 0, 0, 0
48.5499, 0.824872, 0.319671, 0, 0, 0, 0, -4.82047e-43, 0, 0, 0, 0.866115, 0, 0, 0
48.5999, 0.824872, 0.319671, 0, 0, 0, 0, -4.82047e-43, 0, 0, 0, 0.866115, 0, 0, 0
48.6499, 0.824872, 0.319671, 0, 0, 0, 0, -4.82047e-43, 0, 0, 0, 0.866115, 0, 0, 0
48.6999, 0.824872, 0.319671, 0, 0, 0, 0, -4.82047e-43, 0, 0, 0, 0.866115, 0, 0, 0
48.7498, 0.824872, 0.319671, 0, 0, 0, 0, -4.82047e-43, 0, 0, 0, 0.866115, 0, 0, 0
48.7998, 0.824872, 0.319671, 0, 0, 0, 0, -4.82047e-43, 0, 0, 0, 0.866115, 0, 0, 0
48.8498, 0.824872, 0.319671, 0, 0, 0, 0, -4.82047e-43, 0, 0, 0, 0.866115, 0, 0, 0
48.8998, 0.824872, 0.319671, 0, 0, 0, 0, -4.82047e-43, 0, 0, 0, 0.866115, 0, 0, 0
48.9497, 0.824872, 0.319671, 0, 0, 0, 0, -4.82047e-43, 0, 0, 0, 0.866115, 0, 0, 0
48.9997, 0.824872, 0.319671, 0, 0, 0, 0, -4.82047e-43, 0, 0, 0, 0.866115, 0, 0, 0
49.0007, 0.824872, 0.319671, 0, 0, 0, 0, -4.82047e-43, 0, 0, 0, 0.866115, 0, 0, 0
49.0007, 0.824872, 0.319671, 0, 0, 0, 0, -4.82047e-43, 0, 0, 0, 0.866115, 0, 0, 0
49.0507, 0.824872, 0.319671, 0, 0, 0, 0, -4.82047e-43, 0, 0, 0, 0.866115, 0, 0, 0
49.1006, 0.824872, 0.319671, 0, 0, 0, 0, -4.82047e-43, 0, 0, 0, 0.866115, 0, 0, 0
49.1506, 0.824872, 0.319671, 0, 0, 0, 0, -4.82047e-43, 0, 0, 0, 0.866115, 0, 0, 0
49.2006, 0.824872, 0.319671, 0, 0, 0, 0, -4.82047e-43, 0, 0, 0, 0.866115, 0, 0, 0
49.2506, 0.824872, 0.319671, 0, 0, 0, 0, -4.82047e-43, 0, 0, 0, 0.866115, 0, 0, 0
49.3005, 0.824872, 0.319671, 0, 0, 0, 0, -4.82047e-43, 0, 0, 0, 0.866115, 0, 0, 0
49.3505, 0.824872, 0.319671, 0, 0, 0, 0, -4.82047e-43, 0, 0, 0, 0.866115, 0, 0, 0
49.4005, 0.824872, 0.319671, 0, 0, 0, 0, -4.82047e-43, 0, 0, 0, 0.866115, 0, 0, 0
49.4505, 0.824872, 0.319671, 0, 0, 0, 0, -4.82047e-43, 0, 0, 0, 0.866115, 0, 0, 0
49.5004, 0.824872, 0.319671, 0, 0, 0, 0, -4.82047e-43, 0, 0, 0, 0.866115, 0, 0, 0
49.5504, 0.824872, 0.319671, 0, 0, 0, 0, -4.82047e-43, 0, 0, 0, 0.866115, 0, 0, 0
49.6004, 0.824872, 0.319671, 0, 0, 0, 0, -4.82047e-43, 0, 0, 0, 0.866115, 0, 0, 0
49.6503, 0.824872, 0.319671, 0, 0, 0, 0, -4.82047e-43, 0, 0, 0, 0.866115, 0, 0, 0
49.7003, 0.824872, 0.319671, 0, 0, 0, 0, -4.82047e-43, 0, 0, 0, 0.866115, 0, 0, 0
49.7503, 0.824872, 0.319671, 0, 0, 0, 0, -4.82047e-43, 0, 0, 0, 0.866115, 0, 0, 0
49.8003, 0.824872, 0.319671, 0, 0, 0, 0, -4.82047e-43, 0, 0, 0, 0.866115, 0, 0, 0
49.8502, 0.824872, 0.319671, 0, 0, 0, 0, -4.82047e-43, 0, 0, 0, 0.866115, 0, 0, 0
49.9002, 0.824872, 0.319671, 0, 0, 0, 0, -4.82047e-43, 0, 0, 0, 0.866115, 0, 0, 0
49.9502, 0.824872, 0.319671, 0, 0, 0, 0, -4.82047e-43, 0, 0, 0, 0.866115, 0, 0, 0
50.0001, 0.824872, 0.319671, 0, 0, 0, 0, -4.82047e-43, 0, 0, 0, 0.866115, 0, 0, 0
50.0001, 0.824872, 0.319671, 0, 0, 0, 0, -4.82047e-43, 0, 0, 0, 0.866115, 0, 0, 0
50.0501, 0.824872, 0.319671, 0, 0, 0, 0, -4.82047e-43, 0, 0, 0, 0.866115, 0, 0, 0
50.1001, 0.824872, 0.319671, 0, 0, 0, 0, -4.82047e-43, 0, 0, 0, 0.866115, 0, 0, 0
50.1501, 0.824872, 0.319671, 0, 0, 0, 0, -4.82047e-43, 0, 0, 0, 0.866115, 0, 0, 0
50.2, 0.824872, 0.319671, 0, 0, 0, 0, -4.82047e-43, 0, 0, 0, 0.866115, 0, 0, 0
50.25, 0.824872, 0.319671, 0, 0, 0, 0, -4.82047e-43, 0, 0, 0, 0.866115, 0, 0, 0
50.3, 0.824872, 0.319671, 0, 0, 0, 0, -4.82047e-43, 0, 0, 0, 0.866115, 0, 0, 0
50.35, 0.824872, 0.319671, 0, 0, 0, 0, -4.82047e-43, 0, 0, 0, 0.866115, 0, 0, 0
50.3999, 0.824872, 0.319671, 0, 0, 0, 0, -4.82047e-43, 0, 0, 0, 0.866115, 0, 0, 0
50.4499, 0.824872, 0.319671, 0, 0, 0, 0, -4.82047e-43, 0, 0, 0, 0.866115, 0, 0, 0
50.4999, 0.824872, 0.319671, 0, 0, 0, 0, -4.82047e-43, 0, 0, 0, 0.866115, 0, 0, 0
50.5498, 0.824872, 0.319671, 0, 0, 0, 0, -4.82047e-43, 0, 0, 0, 0.866115, 0, 0, 0
50.5998, 0.824872, 0.319671, 0, 0, 0, 0, -4.82047e-43, 0, 0, 0, 0.866115, 0, 0, 0
50.6498, 0.824872, 0.319671, 0, 0, 0, 0, -4.82047e-43, 0, 0, 0, 0.866115, 0, 0, 0
50.6998, 0.824872, 0.319671, 0, 0, 0, 0, -4.82047e-43, 0, 0, 0, 0.866115, 0, 0, 0
50.7497, 0.824872, 0.319671, 0, 0, 0, 0, -4.82047e-43, 0, 0, 0, 0.866115, 0, 0, 0
50.7997, 0.824872, 0.319671, 0, 0, 0, 0, -4.82047e-43, 0, 0, 0, 0.866115, 0, 0, 0
50.8497, 0.824872, 0.319671, 0, 0, 0, 0, -4.82047e-43, 0, 0, 0, 0.866115, 0, 0, 0
50.8997, 0.824872, 0.319671, 0, 0, 0, 0, -4.82047e-43, 0, 0, 0, 0.866115, 0, 0, 0
50.9496, 0.824872, 0.319671, 0, 0, 0, 0, -4.82047e-43, 0, 0, 0, 0.866115, 0, 0, 0
50.9996, 0.824872, 0.319671, 0, 0, 0, 0, -4.82047e-43, 0, 0, 0, 0.866115, 0, 0, 0
51.0006, 0.824872, 0.319671, 0, 0, 0, 0, -4.82047e-43, 0, 0, 0, 0.866115, 0, 0, 0
51.0006, 0.824872, 0.319671, 0, 0, 0, 0, -4.82047e-43, 0, 0, 0, 0.866115, 0, 0, 0
51.0506, 0.824872, 0.319671, 0, 0, 0, 0, -4.82047e-43, 0, 0, 0, 0.866115, 0, 0, 0
51.1005, 0.824872, 0.319671, 0, 0, 0, 0, -4.82047e-43, 0, 0, 0, 0.866115, 0, 0, 0
51.1505, 0.824872, 0.319671, 0, 0, 0, 0, -4.82047e-43, 0, 0, 0, 0.866115, 0, 0, 0
51.2005, 0.824872, 0.319671, 0, 0, 0, 0, -4.82047e-43, 0, 0, 0, 0.866115, 0, 0, 0
51.2505, 0.824872, 0.319671, 0, 0, 0, 0, -4.82047e-43, 0, 0, 0, 0.866115, 0, 0, 0
51.3004, 0.824872, 0.319671, 0, 0, 0, 0, -4.82047e-43, 0, 0, 0, 0.866115, 0, 0, 0
51.3504, 0.824872, 0.319671, 0, 0, 0, 0, -4.82047e-43, 0, 0, 0, 0.866115, 0, 0, 0
51.4004, 0.824872, 0.319671, 0, 0, 0, 0, -4.82047e-43, 0, 0, 0, 0.866115, 0, 0, 0
51.4504, 0.824872, 0.319671, 0, 0, 0, 0, -4.82047e-43, 0, 0, 0, 0.866115, 0, 0, 0
51.5003, 0.824872, 0.319671, 0, 0, 0, 0, -4.82047e-43, 0, 0, 0, 0.866115, 0, 0, 0
51.5503, 0.824872, 0.319671, 0, 0, 0, 0, -4.82047e-43, 0, 0, 0, 0.866115, 0, 0, 0
51.6003, 0.824872, 0.319671, 0, 0, 0, 0, -4.82047e-43, 0, 0, 0, 0.866115, 0, 0, 0
51.6502, 0.824872, 0.319671, 0, 0, 0, 0, -4.82047e-43, 0, 0, 0, 0.866115, 0, 0, 0
51.7002, 0.824872, 0.319671, 0, 0, 0, 0, -4.82047e-43, 0, 0, 0, 0.866115, 0, 0, 0
51.7502, 0.824872, 0.319671, 0, 0, 0, 0, -4.82047e-43, 0, 0, 0, 0.866115, 0, 0, 0
51.8002, 0.824872, 0.319671, 0, 0, 0, 0, -4.82047e-43, 0, 0, 0, 0.866115, 0, 0, 0
51.8501, 0.824872, 0.319671, 0, 0, 0, 0, -4.82047e-43, 0, 0, 0, 0.866115, 0, 0, 0
51.9001, 0.824872, 0.319671, 0, 0, 0, 0, -4.82047e-43, 0, 0, 0, 0.866115, 0, 0, 0
51.9501, 0.824872, 0.319671, 0, 0, 0, 0, -4.82047e-43, 0, 0, 0, 0.866115, 0, 0, 0
52, 0.824872, 0.319671, 0, 0, 0, 0, -4.82047e-43, 0, 0, 0, 0.866115, 0, 0, 0
52, 0.824872, 0.319671, 0, 0, 0, 0, -4.82047e-43, 0, 0, 0, 0.866115, 0, 0, 0
52.05, 0.824872, 0.319671, 0, 0, 0, 0, -4.82047e-43, 0, 0, 0, 0.866115, 0, 0, 0
52.1, 0.824872, 0.319671, 0, 0, 0, 0, -4.82047e-43, 0, 0, 0, 0.866115, 0, 0, 0
52.15, 0.824872, 0.319671, 0, 0, 0, 0, -4.82047e-43, 0, 0, 0, 0.866115, 0, 0, 0
52.1999, 0.824872, 0.319671, 0, 0, 0, 0, -4.82047e-43, 0, 0, 0, 0.866115, 0, 0, 0
52.2499, 0.824872, 0.319671, 0, 0, 0, 0, -4.82047e-43, 0, 0, 0, 0.866115, 0, 0, 0
52.2999, 0.824872, 0.319671, 0, 0, 0, 0, -4.82047e-43, 0, 0, 0, 0.866115, 0, 0, 0
52.3499, 0.824872, 0.319671, 0, 0, 0, 0, -4.82047e-43, 0, 0, 0, 0.866115, 0, 0, 0
52.3998, 0.824872, 0.319671, 0, 0, 0, 0, -4.82047e-43, 0, 0, 0, 0.866115, 0, 0, 0
52.4498, 0.824872, 0.319671, 0, 0, 0, 0, -4.82047e-43, 0, 0, 0, 0.866115, 0, 0, 0
52.4998, 0.824872, 0.319671, 0, 0, 0, 0, -4.82047e-43, 0, 0, 0, 0.866115, 0, 0, 0
52.5497, 0.824872, 0.319671, 0, 0, 0, 0, -4.82047e-43, 0, 0, 0, 0.866115, 0, 0, 0
52.5997, 0.824872, 0.319671, 0, 0, 0, 0, -4.82047e-43, 0, 0, 0, 0.866115, 0, 0, 0
52.6497, 0.824872, 0.319671, 0, 0, 0, 0, -4.82047e-43, 0, 0, 0, 0.866115, 0, 0, 0
52.6997, 0.824872, 0.319671, 0, 0, 0, 0, -4.82047e-43, 0, 0, 0, 0.866115, 0, 0, 0
52.7496, 0.824872, 0.319671, 0, 0, 0, 0, -4.82047e-43, 0, 0, 0, 0.866115, 0, 0, 0
52.7996, 0.824872, 0.319671, 0, 0, 0, 0, -4.82047e-43, 0, 0, 0, 0.866115, 0, 0, 0
52.8496, 0.824872, 0.319671, 0, 0, 0, 0, -4.82047e-43, 0, 0, 0, 0.866115, 0, 0, 0
52.8996, 0.824872, 0.319671, 0, 0, 0, 0, -4.82047e-43, 0, 0, 0, 0.866115, 0, 0, 0
52.9495, 0.824872, 0.319671, 0, 0, 0, 0, -4.82047e-43, 0, 0, 0, 0.866115, 0, 0, 0
52.9995, 0.824872, 0.319671, 0, 0, 0, 0, -4.82047e-43, 0, 0, 0, 0.866115, 0, 0, 0
53.0005, 0.824872, 0.319671, 0, 0, 0, 0, -4.82047e-43, 0, 0, 0, 0.866115, 0, 0, 0
53.0005, 0.824872, 0.319671, 0, 0, 0, 0, -4.82047e-43, 0, 0, 0, 0.866115, 0, 0, 0
53.0505, 0.824872, 0.319671, 0, 0, 0, 0, -4.82047e-43, 0, 0, 0, 0.866115, 0, 0, 0
53.1004, 0.824872, 0.319671, 0, 0, 0, 0, -4.82047e-43, 0, 0, 0, 0.866115, 0, 0, 0
53.1504, 0.824872, 0.319671, 0, 0, 0, 0, -4.82047e-43, 0, 0, 0, 0.866115, 0, 0, 0
53.2004, 0.824872, 0.319671, 0, 0, 0, 0, -4.82047e-43, 0, 0, 0, 0.866115, 0, 0, 0
53.2504, 0.824872, 0.319671, 0, 0, 0, 0, -4.82047e-43, 0, 0, 0, 0.866115, 0, 0, 0
53.3003, 0.824872, 0.319671, 0, 0, 0, 0, -4.82047e-43, 0, 0, 0, 0.866115, 0, 0, 0
53.3503, 0.824872, 0.319671, 0, 0, 0, 0, -4.82047e-43, 0, 0, 0, 0.866115, 0, 0, 0
53.4003, 0.824872, 0.319671, 0, 0, 0, 0, -4.82047e-43, 0, 0, 0, 0.866115, 0, 0, 0
53.4503, 0.824872, 0.319671, 0, 0, 0, 0, -4.82047e-43, 0, 0, 0, 0.866115, 0, 0, 0
53.5002, 0.824872, 0.319671, 0, 0, 0, 0, -4.82047e-43, 0, 0, 0, 0.866115, 0, 0, 0
53.5502, 0.824872, 0.319671, 0, 0, 0, 0, -4.82047e-43, 0, 0, 0, 0.866115, 0, 0, 0
53.6002, 0.824872, 0.319671, 0, 0, 0, 0, -4.82047e-43, 0, 0, 0, 0.866115, 0, 0, 0
53.6501, 0.824872, 0.319671, 0, 0, 0, 0, -4.82047e-43, 0, 0, 0, 0.866115, 0, 0, 0
53.7001, 0.824872, 0.319671, 0, 0, 0, 0, -4.82047e-43, 0, 0, 0, 0.866115, 0, 0, 0
53.7501, 0.824872, 0.319671, 0, 0, 0, 0, -4.82047e-43, 0, 0, 0, 0.866115, 0, 0, 0
53.8001, 0.824872, 0.319671, 0, 0, 0, 0, -4.82047e-43, 0, 0, 0, 0.866115, 0, 0, 0
53.85, 0.824872, 0.319671, 0, 0, 0, 0, -4.82047e-43, 0, 0, 0, 0.866115, 0, 0, 0
53.9, 0.824872, 0.319671, 0, 0, 0, 0, -4.82047e-43, 0, 0, 0, 0.866115, 0, 0, 0
53.95, 0.824872, 0.319671, 0, 0, 0, 0, -4.82047e-43, 0, 0, 0, 0.866115, 0, 0, 0
54, 0.824872, 0.319671, 0, 0, 0, 0, -4.82047e-43, 0, 0, 0, 0.866115, 0, 0, 0
54.0009, 0.824872, 0.319671, 0, 0, 0, 0, -4.82047e-43, 0, 0, 0, 0.866115, 0, 0, 0
54.0009, 0.824872, 0.319671, 0, 0, 0, 0, -4.82047e-43, 0, 0, 0, 0.866115, 0, 0, 0
54.0509, 0.824872, 0.319671, 0, 0, 0, 0, -4.82047e-43, 0, 0, 0, 0.866115, 0, 0, 0
54.1009, 0.824872, 0.319671, 0, 0, 0, 0, -4.82047e-43, 0, 0, 0, 0.866115, 0, 0, 0
54.1509, 0.824872, 0.319671, 0, 0, 0, 0, -4.82047e-43, 0, 0, 0, 0.866115, 0, 0, 0
54.2008, 0.824872, 0.319671, 0, 0, 0, 0, -4.82047e-43, 0, 0, 0, 0.866115, 0, 0, 0
54.2508, 0.824872, 0.319671, 0, 0, 0, 0, -4.82047e-43, 0, 0, 0, 0.866115, 0, 0, 0
54.3008, 0.824872, 0.319671, 0, 0, 0, 0, -4.82047e-43, 0, 0, 0, 0.866115, 0, 0, 0
54.3508, 0.824872, 0.319671, 0, 0, 0, 0, -4.82047e-43, 0, 0, 0, 0.866115, 0, 0, 0
54.4007, 0.824872, 0.319671, 0, 0, 0, 0, -4.82047e-43, 0, 0, 0, 0.866115, 0, 0, 0
54.4507, 0.824872, 0.319671, 0, 0, 0, 0, -4.82047e-43, 0, 0, 0, 0.866115, 0, 0, 0
54.5007, 0.824872, 0.319671, 0, 0, 0, 0, -4.82047e-43, 0, 0, 0, 0.866115, 0, 0, 0
54.5506, 0.824872, 0.319671, 0, 0, 0, 0, -4.82047e-43, 0, 0, 0, 0.866115, 0, 0, 0
54.6006, 0.824872, 0.319671, 0, 0, 0, 0, -4.82047e-43, 0, 0, 0, 0.866115, 0, 0, 0
54.6506, 0.824872, 0.319671, 0, 0, 0, 0, -4.82047e-43, 0, 0, 0, 0.866115, 0, 0, 0
54.7006, 0.824872, 0.319671, 0, 0, 0, 0, -4.82047e-43, 0, 0, 0, 0.866115, 0, 0, 0
54.7505, 0.824872, 0.319671, 0, 0, 0, 0, -4.82047e-43, 0, 0, 0, 0.866115, 0, 0, 0
54.8005, 0.824872, 0.319671, 0, 0, 0, 0, -4.82047e-43, 0, 0, 0, 0.866115, 0, 0, 0
54.8505, 0.824872, 0.319671, 0, 0, 0, 0, -4.82047e-43, 0, 0, 0, 0.866115, 0, 0, 0
54.9005, 0.824872, 0.319671, 0, 0, 0, 0, -4.82047e-43, 0, 0, 0, 0.866115, 0, 0, 0
54.9504, 0.824872, 0.319671, 0, 0, 0, 0, -4.82047e-43, 0, 0, 0, 0.866115, 0, 0, 0
55.0004, 0.824872, 0.319671, 0, 0, 0, 0, -4.82047e-43, 0, 0, 0, 0.866115, 0, 0, 0
55.0004, 0.824872, 0.319671, 0, 0, 0, 0, -4.82047e-43, 0, 0, 0, 0.866115, 0, 0, 0
55.0504, 0.824872, 0.319671, 0, 0, 0, 0, -4.82047e-43, 0, 0, 0, 0.866115, 0, 0, 0
55.1003, 0.824872, 0.319671, 0, 0, 0, 0, -4.82047e-43, 0, 0, 0, 0.866115, 0, 0, 0
55.1503, 0.824872, 0.319671, 0, 0, 0, 0, -4.82047e-43, 0, 0, 0, 0.866115, 0, 0, 0
55.2003, 0.824872, 0.319671, 0, 0, 0, 0, -4.82047e-43, 0, 0, 0, 0.866115, 0, 0, 0
55.2503, 0.824872, 0.319671, 0, 0, 0, 0, -4.82047e-43, 0, 0, 0, 0.866115, 0, 0, 0
55.3002, 0.824872, 0.319671, 0, 0, 0, 0, -4.82047e-43, 0, 0, 0, 0.866115, 0, 0, 0
55.3502, 0.824872, 0.319671, 0, 0, 0, 0, -4.82047e-43, 0, 0, 0, 0.866115, 0, 0, 0
55.4002, 0.824872, 0.319671, 0, 0, 0, 0, -4.82047e-43, 0, 0, 0, 0.866115, 0, 0, 0
55.4502, 0.824872, 0.319671, 0, 0, 0, 0, -4.82047e-43, 0, 0, 0, 0.866115, 0, 0, 0
55.5001, 0.824872, 0.319671, 0, 0, 0, 0, -4.82047e-43, 0, 0, 0, 0.866115, 0, 0, 0
55.5501, 0.824872, 0.319671, 0, 0, 0, 0, -4.82047e-43, 0, 0, 0, 0.866115, 0, 0, 0
55.6001, 0.824872, 0.319671, 0, 0, 0, 0, -4.82047e-43, 0, 0, 0, 0.866115, 0, 0, 0
55.65, 0.824872, 0.319671, 0, 0, 0, 0, -4.82047e-43, 0, 0, 0, 0.866115, 0, 0, 0
55.7, 0.824872, 0.319671, 0, 0, 0, 0, -4.82047e-43, 0, 0, 0, 0.866115, 0, 0, 0
55.75, 0.824872, 0.319671, 0, 0, 0, 0, -4.82047e-43, 0, 0, 0, 0.866115, 0, 0, 0
55.8, 0.824872, 0.319671, 0, 0, 0, 0, -4.82047e-43, 0, 0, 0, 0.866115, 0, 0, 0
55.8499, 0.824872, 0.319671, 0, 0, 0, 0, -4.82047e-43, 0, 0, 0, 0.866115, 0, 0, 0
55.8999, 0.824872, 0.319671, 0, 0, 0, 0, -4.82047e-43, 0, 0, 0, 0.866115, 0, 0, 0
55.9499, 0.824872, 0.319671, 0, 0, 0, 0, -4.82047e-43, 0, 0, 0, 0.866115, 0, 0, 0
55.9999, 0.824872, 0.319671, 0, 0, 0, 0, -4.82047e-43, 0, 0, 0, 0.866115, 0, 0, 0
56.0009, 0.824872, 0.319671, 0, 0, 0, 0, -4.82047e-43, 0, 0, 0, 0.866115, 0, 0, 0
56.0009, 0.824872, 0.319671, 0, 0, 0, 0, -4.82047e-43, 0, 0, 0, 0.866115, 0, 0, 0
56.0508, 0.824872, 0.319671, 0, 0, 0, 0, -4.82047e-43, 0, 0, 0, 0.866115, 0, 0, 0
56.1008, 0.824872, 0.319671, 0, 0, 0, 0, -4.82047e-43, 0, 0, 0, 0.866115, 0, 0, 0
56.1508, 0.824872, 0.319671, 0, 0, 0, 0, -4.82047e-43, 0, 0, 0, 0.866115, 0, 0, 0
56.2007, 0.824872, 0.319671, 0, 0, 0, 0, -4.82047e-43, 0, 0, 0, 0.866115, 0, 0, 0
56.2507, 0.824872, 0.319671, 0, 0, 0, 0, -4.82047e-43, 0, 0, 0, 0.866115, 0, 0, 0
56.3007, 0.824872, 0.319671, 0, 0, 0, 0, -4.82047e-43, 0, 0, 0, 0.866115, 0, 0, 0
56.3507, 0.824872, 0.319671, 0, 0, 0, 0, -4.82047e-43, 0, 0, 0, 0.866115, 0, 0, 0
56.4006, 0.824872, 0.319671, 0, 0, 0, 0, -4.82047e-43, 0, 0, 0, 0.866115, 0, 0, 0
56.4506, 0.824872, 0.319671, 0, 0, 0, 0, -4.82047e-43, 0, 0, 0, 0.866115, 0, 0, 0
56.5006, 0.824872, 0.319671, 0, 0, 0, 0, -4.82047e-43, 0, 0, 0, 0.866115, 0, 0, 0
56.5505, 0.824872, 0.319671, 0, 0, 0, 0, -4.82047e-43, 0, 0, 0, 0.866115, 0, 0, 0
56.6005, 0.824872, 0.319671, 0, 0, 0, 0, -4.82047e-43, 0, 0, 0, 0.866115, 0, 0, 0
56.6505, 0.824872, 0.319671, 0, 0, 0, 0, -4.82047e-43, 0, 0, 0, 0.866115, 0, 0, 0
56.7005, 0.824872, 0.319671, 0, 0, 0, 0, -4.82047e-43, 0, 0, 0, 0.866115, 0, 0, 0
56.7504, 0.824872, 0.319671, 0, 0, 0, 0, -4.82047e-43, 0, 0, 0, 0.866115, 0, 0, 0
56.8004, 0.824872, 0.319671, 0, 0, 0, 0, -4.82047e-43, 0, 0, 0, 0.866115, 0, 0, 0
56.8504, 0.824872, 0.319671, 0, 0, 0, 0, -4.82047e-43, 0, 0, 0, 0.866115, 0, 0, 0
56.9004, 0.824872, 0.319671, 0, 0, 0, 0, -4.82047e-43, 0, 0, 0, 0.866115, 0, 0, 0
56.9503, 0.824872, 0.319671, 0, 0, 0, 0, -4.82047e-43, 0, 0, 0, 0.866115, 0, 0, 0
57.0003, 0.824872, 0.319671, 0, 0, 0, 0, -4.82047e-43, 0, 0, 0, 0.866115, 0, 0, 0
57.0003, 0.824872, 0.319671, 0, 0, 0, 0, -4.82047e-43, 0, 0, 0, 0.866115, 0, 0, 0
57.0503, 0.824872, 0.319671, 0, 0, 0, 0, -4.82047e-43, 0, 0, 0, 0.866115, 0, 0, 0
57.1002, 0.824872, 0.319671, 0, 0, 0, 0, -4.82047e-43, 0, 0, 0, 0.866115, 0, 0, 0
57.1502, 0.824872, 0.319671, 0, 0, 0, 0, -4.82047e-43, 0, 0, 0, 0.866115, 0, 0, 0
57.2002, 0.824872, 0.319671, 0, 0, 0, 0, -4.82047e-43, 0, 0, 0, 0.866115, 0, 0, 0
57.2502, 0.824872, 0.319671, 0, 0, 0, 0, -4.82047e-43, 0, 0, 0, 0.866115, 0, 0, 0
57.3001, 0.824872, 0.319671, 0, 0, 0, 0, -4.82047e-43, 0, 0, 0, 0.866115, 0, 0, 0
57.3501, 0.824872, 0.319671, 0, 0, 0, 0, -4.82047e-43, 0, 0, 0, 0.866115, 0, 0, 0
57.4001, 0.824872, 0.319671, 0, 0, 0, 0, -4.82047e-43, 0, 0, 0, 0.866115, 0, 0, 0
57.4501, 0.824872, 0.319671, 0, 0, 0, 0, -4.82047e-43, 0, 0, 0, 0.866115, 0, 0, 0
57.5, 0.824872, 0.319671, 0, 0, 0, 0, -4.82047e-43, 0, 0, 0, 0.866115, 0, 0, 0
57.55, 0.824872, 0.319671, 0, 0, 0, 0, -4.82047e-43, 0, 0, 0, 0.866115, 0, 0, 0
57.6, 0.824872, 0.319671, 0, 0, 0, 0, -4.82047e-43, 0, 0, 0, 0.866115, 0, 0, 0
57.6499, 0.824872, 0.319671, 0, 0, 0, 0, -4.82047e-43, 0, 0, 0, 0.866115, 0, 0, 0
57.6999, 0.824872, 0.319671, 0, 0, 0, 0, -4.82047e-43, 0, 0, 0, 0.866115, 0, 0, 0
57.7499, 0.824872, 0.319671, 0, 0, 0, 0, -4.82047e-43, 0, 0, 0, 0.866115, 0, 0, 0
57.7999, 0.824872, 0.319671, 0, 0, 0, 0, -4.82047e-43, 0, 0, 0, 0.866115, 0, 0, 0
57.8498, 0.824872, 0.319671, 0, 0, 0, 0, -4.82047e-43, 0, 0, 0, 0.866115, 0, 0, 0
57.8998, 0.824872, 0.319671, 0, 0, 0, 0, -4.82047e-43, 0, 0, 0, 0.866115, 0, 0, 0
57.9498, 0.824872, 0.319671, 0, 0, 0, 0, -4.82047e-43, 0, 0, 0, 0.866115, 0, 0, 0
57.9998, 0.824872, 0.319671, 0, 0, 0, 0, -4.82047e-43, 0, 0, 0, 0.866115, 0, 0, 0
58.0008, 0.824872, 0.319671, 0, 0, 0, 0, -4.82047e-43, 0, 0, 0, 0.866115, 0, 0, 0
58.0008, 0.824872, 0.319671, 0, 0, 0, 0, -4.82047e-43, 0, 0, 0, 0.866115, 0, 0, 0
58.0507, 0.824872, 0.319671, 0, 0, 0, 0, -4.82047e-43, 0, 0, 0, 0.866115, 0, 0, 0
58.1007, 0.824872, 0.319671, 0, 0, 0, 0, -4.82047e-43, 0, 0, 0, 0.866115, 0, 0, 0
58.1507, 0.824872, 0.319671, 0, 0, 0, 0, -4.82047e-43, 0, 0, 0, 0.866115, 0, 0, 0
58.2006, 0.824872, 0.319671, 0, 0, 0, 0, -4.82047e-43, 0, 0, 0, 0.866115, 0, 0, 0
58.2506, 0.824872, 0.319671, 0, 0, 0, 0, -4.82047e-43, 0, 0, 0, 0.866115, 0, 0, 0
58.3006, 0.824872, 0.319671, 0, 0, 0, 0, -4.82047e-43, 0, 0, 0, 0.866115, 0, 0, 0
58.3506, 0.824872, 0.319671, 0, 0, 0, 0, -4.82047e-43, 0, 0, 0, 0.866115, 0, 0, 0
58.4005, 0.824872, 0.319671, 0, 0, 0, 0, -4.82047e-43, 0, 0, 0, 0.866115, 0, 0, 0
58.4505, 0.824872, 0.319671, 0, 0, 0, 0, -4.82047e-43, 0, 0, 0, 0.866115, 0, 0, 0
58.5005, 0.824872, 0.319671, 0, 0, 0, 0, -4.82047e-43, 0, 0, 0, 0.866115, 0, 0, 0
58.5504, 0.824872, 0.319671, 0, 0, 0, 0, -4.82047e-43, 0, 0, 0, 0.866115, 0, 0, 0
58.6004, 0.824872, 0.319671, 0, 0, 0, 0, -4.82047e-43, 0, 0, 0, 0.866115, 0, 0, 0
58.6504, 0.824872, 0.319671, 0, 0, 0, 0, -4.82047e-43, 0, 0, 0, 0.866115, 0, 0, 0
58.7004, 0.824872, 0.319671, 0, 0, 0, 0, -4.82047e-43, 0, 0, 0, 0.866115, 0, 0, 0
58.7503, 0.824872, 0.319671, 0, 0, 0, 0, -4.82047e-43, 0, 0, 0, 0.866115, 0, 0, 0
58.8003, 0.824872, 0.319671, 0, 0, 0, 0, -4.82047e-43, 0, 0, 0, 0.866115, 0, 0, 0
58.8503, 0.824872, 0.319671, 0, 0, 0, 0, -4.82047e-43, 0, 0, 0, 0.866115, 0, 0, 0
58.9003, 0.824872, 0.319671, 0, 0, 0, 0, -4.82047e-43, 0, 0, 0, 0.866115, 0, 0, 0
58.9502, 0.824872, 0.319671, 0, 0, 0, 0, -4.82047e-43, 0, 0, 0, 0.866115, 0, 0, 0
59.0002, 0.824872, 0.319671, 0, 0, 0, 0, -4.82047e-43, 0, 0, 0, 0.866115, 0, 0, 0
59.0002, 0.824872, 0.319671, 0, 0, 0, 0, -4.82047e-43, 0, 0, 0, 0.866115, 0, 0, 0
59.0502, 0.824872, 0.319671, 0, 0, 0, 0, -4.82047e-43, 0, 0, 0, 0.866115, 0, 0, 0
59.1001, 0.824872, 0.319671, 0, 0, 0, 0, -4.82047e-43, 0, 0, 0, 0.866115, 0, 0, 0
59.1501, 0.824872, 0.319671, 0, 0, 0, 0, -4.82047e-43, 0, 0, 0, 0.866115, 0, 0, 0
59.2001, 0.824872, 0.319671, 0, 0, 0, 0, -4.82047e-43, 0, 0, 0, 0.866115, 0, 0, 0
59.2501, 0.824872, 0.319671, 0, 0, 0, 0, -4.82047e-43, 0, 0, 0, 0.866115, 0, 0, 0
59.3, 0.824872, 0.319671, 0, 0, 0, 0, -4.82047e-43, 0, 0, 0, 0.866115, 0, 0, 0
59.35, 0.824872, 0.319671, 0, 0, 0, 0, -4.82047e-43, 0, 0, 0, 0.866115, 0, 0, 0
59.4, 0.824872, 0.319671, 0, 0, 0, 0, -4.82047e-43, 0, 0, 0, 0.866115, 0, 0, 0
59.45, 0.824872, 0.319671, 0, 0, 0, 0, -4.82047e-43, 0, 0, 0, 0.866115, 0, 0, 0
59.4999, 0.824872, 0.319671, 0, 0, 0, 0, -4.82047e-43, 0, 0, 0, 0.866115, 0, 0, 0
59.5499, 0.824872, 0.319671, 0, 0, 0, 0, -4.82047e-43, 0, 0, 0, 0.866115, 0, 0, 0
59.5999, 0.824872, 0.319671, 0, 0, 0, 0, -4.82047e-43, 0, 0, 0, 0.866115, 0, 0, 0
59.6498, 0.824872, 0.319671, 0, 0, 0, 0, -4.82047e-43, 0, 0, 0, 0.866115, 0, 0, 0
59.6998, 0.824872, 0.319671, 0, 0, 0, 0, -4.82047e-43, 0, 0, 0, 0.866115, 0, 0, 0
59.7498, 0.824872, 0.319671, 0, 0, 0, 0, -4.82047e-43, 0, 0, 0, 0.866115, 0, 0, 0
59.7998, 0.824872, 0.319671, 0, 0, 0, 0, -4.82047e-43, 0, 0, 0, 0.866115, 0, 0, 0
59.8497, 0.824872, 0.319671, 0, 0, 0, 0, -4.82047e-43, 0, 0, 0, 0.866115, 0, 0, 0
59.8997, 0.824872, 0.319671, 0, 0, 0, 0, -4.82047e-43, 0, 0, 0, 0.866115, 0, 0, 0
59.9497, 0.824872, 0.319671, 0, 0, 0, 0, -4.82047e-43, 0, 0, 0, 0.866115, 0, 0, 0
59.9997, 0.824872, 0.319671, 0, 0, 0, 0, -4.82047e-43, 0, 0, 0, 0.866115, 0, 0, 0
60.0007, 0.824872, 0.319671, 0, 0, 0, 0, -4.82047e-43, 0, 0, 0, 0.866115, 0, 0, 0
60.0007, 0.824872, 0.319671, 0.824872, 0.319671, 0, 0, -4.82047e-43, 0, 0, 0, 0.866115, 0, 0, 0
60.0506, 0.824872, 0.319671, 0.824872, 0.319671, 0, 0, -4.82047e-43, 0, 0, 0, 0.866115, 0, 0, 0
60.1006, 0.824872, 0.319671, 0.824872, 0.319671, 0, 0, -4.82047e-43, 0, 0, 0, 0.866115, 0, 0, 0
60.1506, 0.824872, 0.319671, 0.824872, 0.319671, 0, 0, -4.82047e-43, 0, 0, 0, 0.866115, 0, 0, 0
60.2005, 0.824872, 0.319671, 0.824872, 0.319671, 0, 0, -4.82047e-43, 0, 0, 0, 0.866115, 0, 0, 0
60.2505, 0.824872, 0.319671, 0.824872, 0.319671, 0, 0, -4.82047e-43, 0, 0, 0, 0.866115, 0, 0, 0
60.3005, 0.824872, 0.319671, 0.824872, 0.319671, 0, 0, -4.82047e-43, 0, 0, 0, 0.866115, 0, 0, 0
60.3505, 0.824872, 0.319671, 0.824872, 0.319671, 0, 0, -4.82047e-43, 0, 0, 0, 0.866115, 0, 0, 0
60.4004, 0.824872, 0.319671, 0.824872, 0.319671, 0, 0, -4.82047e-43, 0, 0, 0, 0.866115, 0, 0, 0
60.4504, 0.824872, 0.319671, 0.824872, 0.319671, 0, 0, -4.82047e-43, 0, 0, 0, 0.866115, 0, 0, 0
60.5004, 0.824872, 0.319671, 0.824872, 0.319671, 0, 0, -4.82047e-43, 0, 0, 0, 0.866115, 0, 0, 0
60.5504, 0.824872, 0.319671, 0.824872, 0.319671, 0, 0, -4.82047e-43, 0, 0, 0, 0.866115, 0, 0, 0
60.6003, 0.824872, 0.319671, 0.824872, 0.319671, 0, 0, -4.82047e-43, 0, 0, 0, 0.866115, 0, 0, 0
60.6503, 0.824872, 0.319671, 0.824872, 0.319671, 0, 0, -4.82047e-43, 0, 0, 0, 0.866115, 0, 0, 0
60.7003, 0.824872, 0.319671, 0.824872, 0.319671, 0, 0, -4.82047e-43, 0, 0, 0, 0.866115, 0, 0, 0
60.7502, 0.824872, 0.319671, 0.824872, 0.319671, 0, 0, -4.82047e-43, 0, 0, 0, 0.866115, 0, 0, 0
60.8002, 0.824872, 0.319671, 0.824872, 0.319671, 0, 0, -4.82047e-43, 0, 0, 0, 0.866115, 0, 0, 0
60.8502, 0.824872, 0.319671, 0.824872, 0.319671, 0, 0, -4.82047e-43, 0, 0, 0, 0.866115, 0, 0, 0
60.9002, 0.824872, 0.319671, 0.824872, 0.319671, 0, 0, -4.82047e-43, 0, 0, 0, 0.866115, 0, 0, 0
60.9501, 0.824872, 0.319671, 0.824872, 0.319671, 0, 0, -4.82047e-43, 0, 0, 0, 0.866115, 0, 0, 0
61.0001, 0.824872, 0.319671, 0.824872, 0.319671, 0, 0, -4.82047e-43, 0, 0, 0, 0.866115, 0, 0, 0
61.0001, 0.824872, 0.319671, 0.824872, 0.319671, 0, 0, -4.82047e-43, 0, 0, 0, 0.866115, 0, 0, 0
61.0501, 0.824872, 0.319671, 0.824872, 0.319671, 0, 0, -4.82047e-43, 0, 0, 0, 0.866115, 0, 0, 0
61.1, 0.824872, 0.319671, 0.824872, 0.319671, 0, 0, -4.82047e-43, 0, 0, 0, 0.866115, 0, 0, 0
61.15, 0.824872, 0.319671, 0.824872, 0.319671, 0, 0, -4.82047e-43, 0, 0, 0, 0.866115, 0, 0, 0
61.2, 0.824872, 0.319671, 0.824872, 0.319671, 0, 0, -4.82047e-43, 0, 0, 0, 0.866115, 0, 0, 0
61.25, 0.824872, 0.319671, 0.824872, 0.319671, 0, 0, -4.82047e-43, 0, 0, 0, 0.866115, 0, 0, 0
61.2999, 0.824872, 0.319671, 0.824872, 0.319671, 0, 0, -4.82047e-43, 0, 0, 0, 0.866115, 0, 0, 0
61.3499, 0.824872, 0.319671, 0.824872, 0.319671, 0, 0, -4.82047e-43, 0, 0, 0, 0.866115, 0, 0, 0
61.3999, 0.824872, 0.319671, 0.824872, 0.319671, 0, 0, -4.82047e-43, 0, 0, 0, 0.866115, 0, 0, 0
61.4499, 0.824872, 0.319671, 0.824872, 0.319671, 0, 0, -4.82047e-43, 0, 0, 0, 0.866115, 0, 0, 0
61.4998, 0.824872, 0.319671, 0.824872, 0.319671, 0, 0, -4.82047e-43, 0, 0, 0, 0.866115, 0, 0, 0
61.5498, 0.824872, 0.319671, 0.824872, 0.319671, 0, 0, -4.82047e-43, 0, 0, 0, 0.866115, 0, 0, 0
61.5998, 0.824872, 0.319671, 0.824872, 0.319671, 0, 0, -4.82047e-43, 0, 0, 0, 0.866115, 0, 0, 0
61.6497, 0.824872, 0.319671, 0.824872, 0.319671, 0, 0, -4.82047e-43, 0, 0, 0, 0.866115, 0, 0, 0
61.6997, 0.824872, 0.319671, 0.824872, 0.319671, 0, 0, -4.82047e-43, 0, 0, 0, 0.866115, 0, 0, 0
61.7497, 0.824872, 0.319671, 0.824872, 0.319671, 0, 0, -4.82047e-43, 0, 0, 0, 0.866115, 0, 0, 0
61.7997, 0.824872, 0.319671, 0.824872, 0.319671, 0, 0, -4.82047e-43, 0, 0, 0, 0.866115, 0, 0, 0
61.8496, 0.824872, 0.319671, 0.824872, 0.319671, 0, 0, -4.82047e-43, 0, 0, 0, 0.866115, 0, 0, 0
61.8996, 0.824872, 0.319671, 0.824872, 0.319671, 0, 0, -4.82047e-43, 0, 0, 0, 0.866115, 0, 0, 0
61.9496, 0.824872, 0.319671, 0.824872, 0.319671, 0, 0, -4.82047e-43, 0, 0, 0, 0.866115, 0, 0, 0
61.9996, 0.824872, 0.319671, 0.824872, 0.319671, 0, 0, -4.82047e-43, 0, 0, 0, 0.866115, 0, 0, 0
62.0006, 0.824872, 0.319671, 0.824872, 0.319671, 0, 0, -4.82047e-43, 0, 0, 0, 0.866115, 0, 0, 0
62.0006, 0.824872, 0.319671, 0.824872, 0.319671, 0, 0, -4.82047e-43, 0, 0, 0, 0.866115, 0, 0, 0
62.0505, 0.824872, 0.319671, 0.824872, 0.319671, 0, 0, -4.82047e-43, 0, 0, 0, 0.866115, 0, 0, 0
62.1005, 0.824872, 0.319671, 0.824872, 0.319671, 0, 0, -4.82047e-43, 0, 0, 0, 0.866115, 0, 0, 0
62.1505, 0.824872, 0.319671, 0.824872, 0.319671, 0, 0, -4.82047e-43, 0, 0, 0, 0.866115, 0, 0, 0
62.2004, 0.824872, 0.319671, 0.824872, 0.319671, 0, 0, -4.82047e-43, 0, 0, 0, 0.866115, 0, 0, 0
62.2504, 0.824872, 0.319671, 0.824872, 0.319671, 0, 0, -4.82047e-43, 0, 0, 0, 0.866115, 0, 0, 0
62.3004, 0.824872, 0.319671, 0.824872, 0.319671, 0, 0, -4.82047e-43, 0, 0, 0, 0.866115, 0, 0, 0
62.3504, 0.824872, 0.319671, 0.824872, 0.319671, 0, 0, -4.82047e-43, 0, 0, 0, 0.866115, 0, 0, 0
62.4003, 0.824872, 0.319671, 0.824872, 0.319671, 0, 0, -4.82047e-43, 0, 0, 0, 0.866115, 0, 0, 0
62.4503, 0.824872, 0.319671, 0.824872, 0.319671, 0, 0, -4.82047e-43, 0, 0, 0, 0.866115, 0, 0, 0
62.5003, 0.824872, 0.319671, 0.824872, 0.319671, 0, 0, -4.82047e-43, 0, 0, 0, 0.866115, 0, 0, 0
62.5503, 0.824872, 0.319671, 0.824872, 0.319671, 0, 0, -4.82047e-43, 0, 0, 0, 0.866115, 0, 0, 0
62.6002, 0.824872, 0.319671, 0.824872, 0.319671, 0, 0, -4.82047e-43, 0, 0, 0, 0.866115, 0, 0, 0
62.6502, 0.824872, 0.319671, 0.824872, 0.319671, 0, 0, -4.82047e-43, 0, 0, 0, 0.866115, 0, 0, 0
62.7002, 0.824872, 0.319671, 0.824872, 0.319671, 0, 0, -4.82047e-43, 0, 0, 0, 0.866115, 0, 0, 0
62.7501, 0.824872, 0.319671, 0.824872, 0.319671, 0, 0, -4.82047e-43, 0, 0, 0, 0.866115, 0, 0, 0
62.8001, 0.824872, 0.319671, 0.824872, 0.319671, 0, 0, -4.82047e-43, 0, 0, 0, 0.866115, 0, 0, 0
62.8501, 0.824872, 0.319671, 0.824872, 0.319671, 0, 0, -4.82047e-43, 0, 0, 0, 0.866115, 0, 0, 0
62.9001, 0.824872, 0.319671, 0.824872, 0.319671, 0, 0, -4.82047e-43, 0, 0, 0, 0.866115, 0, 0, 0
62.95, 0.824872, 0.319671, 0.824872, 0.319671, 0, 0, -4.82047e-43, 0, 0, 0, 0.866115, 0, 0, 0
63, 0.824872, 0.319671, 0.824872, 0.319671, 0, 0, -4.82047e-43, 0, 0, 0, 0.866115, 0, 0, 0
63, 0.824872, 0.319671, 0.824872, 0.319671, 0, 0, -4.82047e-43, 0, 0, 0, 0.866115, 0, 0, 0
63.05, 0.824872, 0.319671, 0.824872, 0.319671, 0, 0, -4.82047e-43, 0, 0, 0, 0.866115, 0, 0, 0
63.0999, 0.824872, 0.319671, 0.824872, 0.319671, 0, 0, -4.82047e-43, 0, 0, 0, 0.866115, 0, 0, 0
63.1499, 0.824872, 0.319671, 0.824872, 0.319671, 0, 0, -4.82047e-43, 0, 0, 0, 0.866115, 0, 0, 0
63.1999, 0.824872, 0.319671, 0.824872, 0.319671, 0, 0, -4.82047e-43, 0, 0, 0, 0.866115, 0, 0, 0
63.2499, 0.824872, 0.319671, 0.824872, 0.319671, 0, 0, -4.82047e-43, 0, 0, 0, 0.866115, 0, 0, 0
63.2998, 0.824872, 0.319671, 0.824872, 0.319671, 0, 0, -4.82047e-43, 0, 0, 0, 0.866115, 0, 0, 0
63.3498, 0.824872, 0.319671, 0.824872, 0.319671, 0, 0, -4.82047e-43, 0, 0, 0, 0.866115, 0, 0, 0
63.3998, 0.824872, 0.319671, 0.824872, 0.319671, 0, 0, -4.82047e-43, 0, 0, 0, 0.866115, 0, 0, 0
63.4498, 0.824872, 0.319671, 0.824872, 0.319671, 0, 0, -4.82047e-43, 0, 0, 0, 0.866115, 0, 0, 0
63.4997, 0.824872, 0.319671, 0.824872, 0.319671, 0, 0, -4.82047e-43, 0, 0, 0, 0.866115, 0, 0, 0
63.5497, 0.824872, 0.319671, 0.824872, 0.319671, 0, 0, -4.82047e-43, 0, 0, 0, 0.866115, 0, 0, 0
63.5997, 0.824872, 0.319671, 0.824872, 0.319671, 0, 0, -4.82047e-43, 0, 0, 0, 0.866115, 0, 0, 0
63.6496, 0.824872, 0.319671, 0.824872, 0.319671, 0, 0, -4.82047e-43, 0, 0, 0, 0.866115, 0, 0, 0
63.6996, 0.824872, 0.319671, 0.824872, 0.319671, 0, 0, -4.82047e-43, 0, 0, 0, 0.866115, 0, 0, 0
63.7496, 0.824872, 0.319671, 0.824872, 0.319671, 0, 0, -4.82047e-43, 0, 0, 0, 0.866115, 0, 0, 0
63.7996, 0.824872, 0.319671, 0.824872, 0.319671, 0, 0, -4.82047e-43, 0, 0, 0, 0.866115, 0, 0, 0
63.8495, 0.824872, 0.319671, 0.824872, 0.319671, 0, 0, -4.82047e-43, 0, 0, 0, 0.866115, 0, 0, 0
63.8995, 0.824872, 0.319671, 0.824872, 0.319671, 0, 0, -4.82047e-43, 0, 0, 0, 0.866115, 0, 0, 0
63.9495, 0.824872, 0.319671, 0.824872, 0.319671, 0, 0, -4.82047e-43, 0, 0, 0, 0.866115, 0, 0, 0
63.9995, 0.824872, 0.319671, 0.824872, 0.319671, 0, 0, -4.82047e-43, 0, 0, 0, 0.866115, 0, 0, 0
64.0005, 0.824872, 0.319671, 0.824872, 0.319671, 0, 0, -4.82047e-43, 0, 0, 0, 0.866115, 0, 0, 0
64.0005, 0.824872, 0.319671, 0.824872, 0.319671, 0, 0, -4.82047e-43, 0, 0, 0, 0.866115, 0, 0, 0
64.0504, 0.824872, 0.319671, 0.824872, 0.319671, 0, 0, -4.82047e-43, 0, 0, 0, 0.866115, 0, 0, 0
64.1004, 0.824872, 0.319671, 0.824872, 0.319671, 0, 0, -4.82047e-43, 0, 0, 0, 0.866115, 0, 0, 0
64.1504, 0.824872, 0.319671, 0.824872, 0.319671, 0, 0, -4.82047e-43, 0, 0, 0, 0.866115, 0, 0, 0
64.2003, 0.824872, 0.319671, 0.824872, 0.319671, 0, 0, -4.82047e-43, 0, 0, 0, 0.866115, 0, 0, 0
64.2503, 0.824872, 0.319671, 0.824872, 0.319671, 0, 0, -4.82047e-43, 0, 0, 0, 0.866115, 0, 0, 0
64.3003, 0.824872, 0.319671, 0.824872, 0.319671, 0, 0, -4.82047e-43, 0, 0, 0, 0.866115, 0, 0, 0
64.3503, 0.824872, 0.319671, 0.824872, 0.319671, 0, 0, -4.82047e-43, 0, 0, 0, 0.866115, 0, 0, 0
64.4002, 0.824872, 0.319671, 0.824872, 0.319671, 0, 0, -4.82047e-43, 0, 0, 0, 0.866115, 0, 0, 0
64.4502, 0.824872, 0.319671, 0.824872, 0.319671, 0, 0, -4.82047e-43, 0, 0, 0, 0.866115, 0, 0, 0
64.5002, 0.824872, 0.319671, 0.824872, 0.319671, 0, 0, -4.82047e-43, 0, 0, 0, 0.866115, 0, 0, 0
64.5502, 0.824872, 0.319671, 0.824872, 0.319671, 0, 0, -4.82047e-43, 0, 0, 0, 0.866115, 0, 0, 0
64.6001, 0.824872, 0.319671, 0.824872, 0.319671, 0, 0, -4.82047e-43, 0, 0, 0, 0.866115, 0, 0, 0
64.6501, 0.824872, 0.319671, 0.824872, 0.319671, 0, 0, -4.82047e-43, 0, 0, 0, 0.866115, 0, 0, 0
64.7001, 0.824872, 0.319671, 0.824872, 0.319671, 0, 0, -4.82047e-43, 0, 0, 0, 0.866115, 0, 0, 0
64.75, 0.824872, 0.319671, 0.824872, 0.319671, 0, 0, -4.82047e-43, 0, 0, 0, 0.866115, 0, 0, 0
64.8, 0.824872, 0.319671, 0.824872, 0.319671, 0, 0, -4.82047e-43, 0, 0, 0, 0.866115, 0, 0, 0
64.85, 0.824872, 0.319671, 0.824872, 0.319671, 0, 0, -4.82047e-43, 0, 0, 0, 0.866115, 0, 0, 0
64.9, 0.824872, 0.319671, 0.824872, 0.319671, 0, 0, -4.82047e-43, 0, 0, 0, 0.866115, 0, 0, 0
64.9499, 0.824872, 0.319671, 0.824872, 0.319671, 0, 0, -4.82047e-43, 0, 0, 0, 0.866115, 0, 0, 0
64.9999, 0.824872, 0.319671, 0.824872, 0.319671, 0, 0, -4.82047e-43, 0, 0, 0, 0.866115, 0, 0, 0
65.0009, 0.824872, 0.319671, 0.824872, 0.319671, 0, 0, -4.82047e-43, 0, 0, 0, 0.866115, 0, 0, 0
65.0009, 0.824872, 0.319671, 0.824872, 0.319671, 0, 0, -4.82047e-43, 0, 0, 0, 0.866115, 0, 0, 0
65.0509, 0.824872, 0.319671, 0.824872, 0.319671, 0, 0, -4.82047e-43, 0, 0, 0, 0.866115, 0, 0, 0
65.1009, 0.824872, 0.319671, 0.824872, 0.319671, 0, 0, -4.82047e-43, 0, 0, 0, 0.866115, 0, 0, 0
65.1508, 0.824872, 0.319671, 0.824872, 0.319671, 0, 0, -4.82047e-43, 0, 0, 0, 0.866115, 0, 0, 0
65.2008, 0.824872, 0.319671, 0.824872, 0.319671, 0, 0, -4.82047e-43, 0, 0, 0, 0.866115, 0, 0, 0
65.2508, 0.824872, 0.319671, 0.824872, 0.319671, 0, 0, -4.82047e-43, 0, 0, 0, 0.866115, 0, 0, 0
65.3007, 0.824872, 0.319671, 0.824872, 0.319671, 0, 0, -4.82047e-43, 0, 0, 0, 0.866115, 0, 0, 0
65.3507, 0.824872, 0.319671, 0.824872, 0.319671, 0, 0, -4.82047e-43, 0, 0, 0, 0.866115, 0, 0, 0
65.4007, 0.824872, 0.319671, 0.824872, 0.319671, 0, 0, -4.82047e-43, 0, 0, 0, 0.866115, 0, 0, 0
65.4507, 0.824872, 0.319671, 0.824872, 0.319671, 0, 0, -4.82047e-43, 0, 0, 0, 0.866115, 0, 0, 0
65.5006, 0.824872, 0.319671, 0.824872, 0.319671, 0, 0, -4.82047e-43, 0, 0, 0, 0.866115, 0, 0, 0
65.5506, 0.824872, 0.319671, 0.824872, 0.319671, 0, 0, -4.82047e-43, 0, 0, 0, 0.866115, 0, 0, 0
65.6006, 0.824872, 0.319671, 0.824872, 0.319671, 0, 0, -4.82047e-43, 0, 0, 0, 0.866115, 0, 0, 0
65.6506, 0.824872, 0.319671, 0.824872, 0.319671, 0, 0, -4.82047e-43, 0, 0, 0, 0.866115, 0, 0, 0
65.7005, 0.824872, 0.319671, 0.824872, 0.319671, 0, 0, -4.82047e-43, 0, 0, 0, 0.866115, 0, 0, 0
65.7505, 0.824872, 0.319671, 0.824872, 0.319671, 0, 0, -4.82047e-43, 0, 0, 0, 0.866115, 0, 0, 0
65.8005, 0.824872, 0.319671, 0.824872, 0.319671, 0, 0, -4.82047e-43, 0, 0, 0, 0.866115, 0, 0, 0
65.8504, 0.824872, 0.319671, 0.824872, 0.319671, 0, 0, -4.82047e-43, 0, 0, 0, 0.866115, 0, 0, 0
65.9004, 0.824872, 0.319671, 0.824872, 0.319671, 0, 0, -4.82047e-43, 0, 0, 0, 0.866115, 0, 0, 0
65.9504, 0.824872, 0.319671, 0.824872, 0.319671, 0, 0, -4.82047e-43, 0, 0, 0, 0.866115, 0, 0, 0
66.0004, 0.824872, 0.319671, 0.824872, 0.319671, 0, 0, -4.82047e-43, 0, 0, 0, 0.866115, 0, 0, 0
66.0004, 0.824872, 0.319671, 0.824872, 0.319671, 0, 0, -4.82047e-43, 0, 0, 0, 0.866115, 0, 0, 0
66.0503, 0.824872, 0.319671, 0.824872, 0.319671, 0, 0, -4.82047e-43, 0, 0, 0, 0.866115, 0, 0, 0
66.1003, 0.824872, 0.319671, 0.824872, 0.319671, 0, 0, -4.82047e-43, 0, 0, 0, 0.866115, 0, 0, 0
66.1503, 0.824872, 0.319671, 0.824872, 0.319671, 0, 0, -4.82047e-43, 0, 0, 0, 0.866115, 0, 0, 0
66.2002, 0.824872, 0.319671, 0.824872, 0.319671, 0, 0, -4.82047e-43, 0, 0, 0, 0.866115, 0, 0, 0
66.2502, 0.824872, 0.319671, 0.824872, 0.319671, 0, 0, -4.82047e-43, 0, 0, 0, 0.866115, 0, 0, 0
66.3002, 0.824872, 0.319671, 0.824872, 0.319671, 0, 0, -4.82047e-43, 0, 0, 0, 0.866115, 0, 0, 0
66.3502, 0.824872, 0.319671, 0.824872, 0.319671, 0, 0, -4.82047e-43, 0, 0, 0, 0.866115, 0, 0, 0
66.4001, 0.824872, 0.319671, 0.824872, 0.319671, 0, 0, -4.82047e-43, 0, 0, 0, 0.866115, 0, 0, 0
66.4501, 0.824872, 0.319671, 0.824872, 0.319671, 0, 0, -4.82047e-43, 0, 0, 0, 0.866115, 0, 0, 0
66.5001, 0.824872, 0.319671, 0.824872, 0.319671, 0, 0, -4.82047e-43, 0, 0, 0, 0.866115, 0, 0, 0
66.5501, 0.824872, 0.319671, 0.824872, 0.319671, 0, 0, -4.82047e-43, 0, 0, 0, 0.866115, 0, 0, 0
66.6, 0.824872, 0.319671, 0.824872, 0.319671, 0, 0, -4.82047e-43, 0, 0, 0, 0.866115, 0, 0, 0
66.65, 0.824872, 0.319671, 0.824872, 0.319671, 0, 0, -4.82047e-43, 0, 0, 0, 0.866115, 0, 0, 0
66.7, 0.824872, 0.319671, 0.824872, 0.319671, 0, 0, -4.82047e-43, 0, 0, 0, 0.866115, 0, 0, 0
66.7499, 0.824872, 0.319671, 0.824872, 0.319671, 0, 0, -4.82047e-43, 0, 0, 0, 0.866115, 0, 0, 0
66.7999, 0.824872, 0.319671, 0.824872, 0.319671, 0, 0, -4.82047e-43, 0, 0, 0, 0.866115, 0, 0, 0
66.8499, 0.824872, 0.319671, 0.824872, 0.319671, 0, 0, -4.82047e-43, 0, 0, 0, 0.866115, 0, 0, 0
66.8999, 0.824872, 0.319671, 0.824872, 0.319671, 0, 0, -4.82047e-43, 0, 0, 0, 0.866115, 0, 0, 0
66.9498, 0.824872, 0.319671, 0.824872, 0.319671, 0, 0, -4.82047e-43, 0, 0, 0, 0.866115, 0, 0, 0
66.9998, 0.824872, 0.319671, 0.824872, 0.319671, 0, 0, -4.82047e-43, 0, 0, 0, 0.866115, 0, 0, 0
67.0008, 0.824872, 0.319671, 0.824872, 0.319671, 0, 0, -4.82047e-43, 0, 0, 0, 0.866115, 0, 0, 0
67.0008, 0.824872, 0.319671, 0.824872, 0.319671, 0, 0, -4.82047e-43, 0, 0, 0, 0.866115, 0, 0, 0
67.0508, 0.824872, 0.319671, 0.824872, 0.319671, 0, 0, -4.82047e-43, 0, 0, 0, 0.866115, 0, 0, 0
67.1008, 0.824872, 0.319671, 0.824872, 0.319671, 0, 0, -4.82047e-43, 0, 0, 0, 0.866115, 0, 0, 0
67.1507, 0.824872, 0.319671, 0.824872, 0.319671, 0, 0, -4.82047e-43, 0, 0, 0, 0.866115, 0, 0, 0
67.2007, 0.824872, 0.319671, 0.824872, 0.319671, 0, 0, -4.82047e-43, 0, 0, 0, 0.866115, 0, 0, 0
67.2507, 0.824872, 0.319671, 0.824872, 0.319671, 0, 0, -4.82047e-43, 0, 0, 0, 0.866115, 0, 0, 0
67.3006, 0.824872, 0.319671, 0.824872, 0.319671, 0, 0, -4.82047e-43, 0, 0, 0, 0.866115, 0, 0, 0
67.3506, 0.824872, 0.319671, 0.824872, 0.319671, 0, 0, -4.82047e-43, 0, 0, 0, 0.866115, 0, 0, 0
67.4006, 0.824872, 0.319671, 0.824872, 0.319671, 0, 0, -4.82047e-43, 0, 0, 0, 0.866115, 0, 0, 0
67.4506, 0.824872, 0.319671, 0.824872, 0.319671, 0, 0, -4.82047e-43, 0, 0, 0, 0.866115, 0, 0, 0
67.5005, 0.824872, 0.319671, 0.824872, 0.319671, 0, 0, -4.82047e-43, 0, 0, 0, 0.866115, 0, 0, 0
67.5505, 0.824872, 0.319671, 0.824872, 0.319671, 0, 0, -4.82047e-43, 0, 0, 0, 0.866115, 0, 0, 0
67.6005, 0.824872, 0.319671, 0.824872, 0.319671, 0, 0, -4.82047e-43, 0, 0, 0, 0.866115, 0, 0, 0
67.6505, 0.824872, 0.319671, 0.824872, 0.319671, 0, 0, -4.82047e-43, 0, 0, 0, 0.866115, 0, 0, 0
67.7004, 0.824872, 0.319671, 0.824872, 0.319671, 0, 0, -4.82047e-43, 0, 0, 0, 0.866115, 0, 0, 0
67.7504, 0.824872, 0.319671, 0.824872, 0.319671, 0, 0, -4.82047e-43, 0, 0, 0, 0.866115, 0, 0, 0
67.8004, 0.824872, 0.319671, 0.824872, 0.319671, 0, 0, -4.82047e-43, 0, 0, 0, 0.866115, 0, 0, 0
67.8503, 0.824872, 0.319671, 0.824872, 0.319671, 0, 0, -4.82047e-43, 0, 0, 0, 0.866115, 0, 0, 0
67.9003, 0.824872, 0.319671, 0.824872, 0.319671, 0, 0, -4.82047e-43, 0, 0, 0, 0.866115, 0, 0, 0
67.9503, 0.824872, 0.319671, 0.824872, 0.319671, 0, 0, -4.82047e-43, 0, 0, 0, 0.866115, 0, 0, 0
68.0003, 0.824872, 0.319671, 0.824872, 0.319671, 0, 0, -4.82047e-43, 0, 0, 0, 0.866115, 0, 0, 0
68.0003, 0.824872, 0.319671, 0.824872, 0.319671, 0, 0, -4.82047e-43, 0, 0, 0, 0.866115, 0, 0, 0
68.0502, 0.824872, 0.319671, 0.824872, 0.319671, 0, 0, -4.82047e-43, 0, 0, 0, 0.866115, 0, 0, 0
68.1002, 0.824872, 0.319671, 0.824872, 0.319671, 0, 0, -4.82047e-43, 0, 0, 0, 0.866115, 0, 0, 0
68.1502, 0.824872, 0.319671, 0.824872, 0.319671, 0, 0, -4.82047e-43, 0, 0, 0, 0.866115, 0, 0, 0
68.2001, 0.824872, 0.319671, 0.824872, 0.319671, 0, 0, -4.82047e-43, 0, 0, 0, 0.866115, 0, 0, 0
68.2501, 0.824872, 0.319671, 0.824872, 0.319671, 0, 0, -4.82047e-43, 0, 0, 0, 0.866115, 0, 0, 0
68.3001, 0.824872, 0.319671, 0.824872, 0.319671, 0, 0, -4.82047e-43, 0, 0, 0, 0.866115, 0, 0, 0
68.3501, 0.824872, 0.319671, 0.824872, 0.319671, 0, 0, -4.82047e-43, 0, 0, 0, 0.866115, 0, 0, 0
68.4, 0.824872, 0.319671, 0.824872, 0.319671, 0, 0, -4.82047e-43, 0, 0, 0, 0.866115, 0, 0, 0
68.45, 0.824872, 0.319671, 0.824872, 0.319671, 0, 0, -4.82047e-43, 0, 0, 0, 0.866115, 0, 0, 0
68.5, 0.824872, 0.319671, 0.824872, 0.319671, 0, 0, -4.82047e-43, 0, 0, 0, 0.866115, 0, 0, 0
68.55, 0.824872, 0.319671, 0.824872, 0.319671, 0, 0, -4.82047e-43, 0, 0, 0, 0.866115, 0, 0, 0
68.5999, 0.824872, 0.319671, 0.824872, 0.319671, 0, 0, -4.82047e-43, 0, 0, 0, 0.866115, 0, 0, 0
68.6499, 0.824872, 0.319671, 0.824872, 0.319671, 0, 0, -4.82047e-43, 0, 0, 0, 0.866115, 0, 0, 0
68.6999, 0.824872, 0.319671, 0.824872, 0.319671, 0, 0, -4.82047e-43, 0, 0, 0, 0.866115, 0, 0, 0
68.7498, 0.824872, 0.319671, 0.824872, 0.319671, 0, 0, -4.82047e-43, 0, 0, 0, 0.866115, 0, 0, 0
68.7998, 0.824872, 0.319671, 0.824872, 0.319671, 0, 0, -4.82047e-43, 0, 0, 0, 0.866115, 0, 0, 0
68.8498, 0.824872, 0.319671, 0.824872, 0.319671, 0, 0, -4.82047e-43, 0, 0, 0, 0.866115, 0, 0, 0
68.8998, 0.824872, 0.319671, 0.824872, 0.319671, 0, 0, -4.82047e-43, 0, 0, 0, 0.866115, 0, 0, 0
68.9497, 0.824872, 0.319671, 0.824872, 0.319671, 0, 0, -4.82047e-43, 0, 0, 0, 0.866115, 0, 0, 0
68.9997, 0.824872, 0.319671, 0.824872, 0.319671, 0, 0, -4.82047e-43, 0, 0, 0, 0.866115, 0, 0, 0
69.0007, 0.824872, 0.319671, 0.824872, 0.319671, 0, 0, -4.82047e-43, 0, 0, 0, 0.866115, 0, 0, 0
69.0007, 0.824872, 0.319671, 0.824872, 0.319671, 0, 0, -4.82047e-43, 0, 0, 0, 0.866115, 0, 0, 0
69.0507, 0.824872, 0.319671, 0.824872, 0.319671, 0, 0, -4.82047e-43, 0, 0, 0, 0.866115, 0, 0, 0
69.1007, 0.824872, 0.319671, 0.824872, 0.319671, 0, 0, -4.82047e-43, 0, 0, 0, 0.866115, 0, 0, 0
69.1506, 0.824872, 0.319671, 0.824872, 0.319671, 0, 0, -4.82047e-43, 0, 0, 0, 0.866115, 0, 0, 0
69.2006, 0.824872, 0.319671, 0.824872, 0.319671, 0, 0, -4.82047e-43, 0, 0, 0, 0.866115, 0, 0, 0
69.2506, 0.824872, 0.319671, 0.824872, 0.319671, 0, 0, -4.82047e-43, 0, 0, 0, 0.866115, 0, 0, 0
69.3005, 0.824872, 0.319671, 0.824872, 0.319671, 0, 0, -4.82047e-43, 0, 0, 0, 0.866115, 0, 0, 0
69.3505, 0.824872, 0.319671, 0.824872, 0.319671, 0, 0, -4.82047e-43, 0, 0, 0, 0.866115, 0, 0, 0
69.4005, 0.824872, 0.319671, 0.824872, 0.319671, 0, 0, -4.82047e-43, 0, 0, 0, 0.866115, 0, 0, 0
69.4505, 0.824872, 0.319671, 0.824872, 0.319671, 0, 0, -4.82047e-43, 0, 0, 0, 0.866115, 0, 0, 0
69.5004, 0.824872, 0.319671, 0.824872, 0.319671, 0, 0, -4.82047e-43, 0, 0, 0, 0.866115, 0, 0, 0
69.5504, 0.824872, 0.319671, 0.824872, 0.319671, 0, 0, -4.82047e-43, 0, 0, 0, 0.866115, 0, 0, 0
69.6004, 0.824872, 0.319671, 0.824872, 0.319671, 0, 0, -4.82047e-43, 0, 0, 0, 0.866115, 0, 0, 0
69.6504, 0.824872, 0.319671, 0.824872, 0.319671, 0, 0, -4.82047e-43, 0, 0, 0, 0.866115, 0, 0, 0
69.7003, 0.824872, 0.319671, 0.824872, 0.319671, 0, 0, -4.82047e-43, 0, 0, 0, 0.866115, 0, 0, 0
69.7503, 0.824872, 0.319671, 0.824872, 0.319671, 0, 0, -4.82047e-43, 0, 0, 0, 0.866115, 0, 0, 0
69.8003, 0.824872, 0.319671, 0.824872, 0.319671, 0, 0, -4.82047e-43, 0, 0, 0, 0.866115, 0, 0, 0
69.8502, 0.824872, 0.319671, 0.824872, 0.319671, 0, 0, -4.82047e-43, 0, 0, 0, 0.866115, 0, 0, 0
69.9002, 0.824872, 0.319671, 0.824872, 0.319671, 0, 0, -4.82047e-43, 0, 0, 0, 0.866115, 0, 0, 0
69.9502, 0.824872, 0.319671, 0.824872, 0.319671, 0, 0, -4.82047e-43, 0, 0, 0, 0.866115, 0, 0, 0
70.0002, 0.824872, 0.319671, 0.824872, 0.319671, 0, 0, -4.82047e-43, 0, 0, 0, 0.866115, 0, 0, 0
70.0002, 0.824872, 0.319671, 0.824872, 0.319671, 0, 0, -4.82047e-43, 0, 0, 0, 0.866115, 0, 0, 0
70.0501, 0.824872, 0.319671, 0.824872, 0.319671, 0, 0, -4.82047e-43, 0, 0, 0, 0.866115, 0, 0, 0
70.1001, 0.824872, 0.319671, 0.824872, 0.319671, 0, 0, -4.82047e-43, 0, 0, 0, 0.866115, 0, 0, 0
70.1501, 0.824872, 0.319671, 0.824872, 0.319671, 0, 0, -4.82047e-43, 0, 0, 0, 0.866115, 0, 0, 0
70.2001, 0.824872, 0.319671, 0.824872, 0.319671, 0, 0, -4.82047e-43, 0, 0, 0, 0.866115, 0, 0, 0
70.25, 0.824872, 0.319671, 0.824872, 0.319671, 0, 0, -4.82047e-43, 0, 0, 0, 0.866115, 0, 0, 0
70.3, 0.824872, 0.319671, 0.824872, 0.319671, 0, 0, -4.82047e-43, 0, 0, 0, 0.866115, 0, 0, 0
70.35, 0.824872, 0.319671, 0.824872, 0.319671, 0, 0, -4.82047e-43, 0, 0, 0, 0.866115, 0, 0, 0
70.3999, 0.824872, 0.319671, 0.824872, 0.319671, 0, 0, -4.82047e-43, 0, 0, 0, 0.866115, 0, 0, 0
70.4499, 0.824872, 0.319671, 0.824872, 0.319671, 0, 0, -4.82047e-43, 0, 0, 0, 0.866115, 0, 0, 0
70.4999, 0.824872, 0.319671, 0.824872, 0.319671, 0, 0, -4.82047e-43, 0, 0, 0, 0.866115, 0, 0, 0
70.5499, 0.824872, 0.319671, 0.824872, 0.319671, 0, 0, -4.82047e-43, 0, 0, 0, 0.866115, 0, 0, 0
70.5998, 0.824872, 0.319671, 0.824872, 0.319671, 0, 0, -4.82047e-43, 0, 0, 0, 0.866115, 0, 0, 0
70.6498, 0.824872, 0.319671, 0.824872, 0.319671, 0, 0, -4.82047e-43, 0, 0, 0, 0.866115, 0, 0, 0
70.6998, 0.824872, 0.319671, 0.824872, 0.319671, 0, 0, -4.82047e-43, 0, 0, 0, 0.866115, 0, 0, 0
70.7497, 0.824872, 0.319671, 0.824872, 0.319671, 0, 0, -4.82047e-43, 0, 0, 0, 0.866115, 0, 0, 0
70.7997, 0.824872, 0.319671, 0.824872, 0.319671, 0, 0, -4.82047e-43, 0, 0, 0, 0.866115, 0, 0, 0
70.8497, 0.824872, 0.319671, 0.824872, 0.319671, 0, 0, -4.82047e-43, 0, 0, 0, 0.866115, 0, 0, 0
70.8997, 0.824872, 0.319671, 0.824872, 0.319671, 0, 0, -4.82047e-43, 0, 0, 0, 0.866115, 0, 0, 0
70.9496, 0.824872, 0.319671, 0.824872, 0.319671, 0, 0, -4.82047e-43, 0, 0, 0, 0.866115, 0, 0, 0
70.9996, 0.824872, 0.319671, 0.824872, 0.319671, 0, 0, -4.82047e-43, 0, 0, 0, 0.866115, 0, 0, 0
71.0006, 0.824872, 0.319671, 0.824872, 0.319671, 0, 0, -4.82047e-43, 0, 0, 0, 0.866115, 0, 0, 0
71.0006, 0.824872, 0.319671, 0.824872, 0.319671, 0, 0, -4.82047e-43, 0, 0, 0, 0.866115, 0, 0, 0
71.0506, 0.824872, 0.319671, 0.824872, 0.319671, 0, 0, -4.82047e-43, 0, 0, 0, 0.866115, 0, 0, 0
71.1006, 0.824872, 0.319671, 0.824872, 0.319671, 0, 0, -4.82047e-43, 0, 0, 0, 0.866115, 0, 0, 0
71.1505, 0.824872, 0.319671, 0.824872, 0.319671, 0, 0, -4.82047e-43, 0, 0, 0, 0.866115, 0, 0, 0
71.2005, 0.824872, 0.319671, 0.824872, 0.319671, 0, 0, -4.82047e-43, 0, 0, 0, 0.866115, 0, 0, 0
71.2505, 0.824872, 0.319671, 0.824872, 0.319671, 0, 0, -4.82047e-43, 0, 0, 0, 0.866115, 0, 0, 0
71.3004, 0.824872, 0.319671, 0.824872, 0.319671, 0, 0, -4.82047e-43, 0, 0, 0, 0.866115, 0, 0, 0
71.3504, 0.824872, 0.319671, 0.824872, 0.319671, 0, 0, -4.82047e-43, 0, 0, 0, 0.866115, 0, 0, 0
71.4004, 0.824872, 0.319671, 0.824872, 0.319671, 0, 0, -4.82047e-43, 0, 0, 0, 0.866115, 0, 0, 0
71.4504, 0.824872, 0.319671, 0.824872, 0.319671, 0, 0, -4.82047e-43, 0, 0, 0, 0.866115, 0, 0, 0
71.5003, 0.824872, 0.319671, 0.824872, 0.319671, 0, 0, -4.82047e-43, 0, 0, 0, 0.866115, 0, 0, 0
71.5503, 0.824872, 0.319671, 0.824872, 0.319671, 0, 0, -4.82047e-43, 0, 0, 0, 0.866115, 0, 0, 0
71.6003, 0.824872, 0.319671, 0.824872, 0.319671, 0, 0, -4.82047e-43, 0, 0, 0, 0.866115, 0, 0, 0
71.6503, 0.824872, 0.319671, 0.824872, 0.319671, 0, 0, -4.82047e-43, 0, 0, 0, 0.866115, 0, 0, 0
71.7002, 0.824872, 0.319671, 0.824872, 0.319671, 0, 0, -4.82047e-43, 0, 0, 0, 0.866115, 0, 0, 0
71.7502, 0.824872, 0.319671, 0.824872, 0.319671, 0, 0, -4.82047e-43, 0, 0, 0, 0.866115, 0, 0, 0
71.8002, 0.824872, 0.319671, 0.824872, 0.319671, 0, 0, -4.82047e-43, 0, 0, 0, 0.866115, 0, 0, 0
71.8501, 0.824872, 0.319671, 0.824872, 0.319671, 0, 0, -4.82047e-43, 0, 0, 0, 0.866115, 0, 0, 0
71.9001, 0.824872, 0.319671, 0.824872, 0.319671, 0, 0, -4.82047e-43, 0, 0, 0, 0.866115, 0, 0, 0
71.9501, 0.824872, 0.319671, 0.824872, 0.319671, 0, 0, -4.82047e-43, 0, 0, 0, 0.866115, 0, 0, 0
72.0001, 0.824872, 0.319671, 0.824872, 0.319671, 0, 0, -4.82047e-43, 0, 0, 0, 0.866115, 0, 0, 0
72.0001, 0.824872, 0.319671, 0.824872, 0.319671, 0, 0, -4.82047e-43, 0, 0, 0, 0.866115, 0, 0, 0
72.05, 0.824872, 0.319671, 0.824872, 0.319671, 0, 0, -4.82047e-43, 0, 0, 0, 0.866115, 0, 0, 0
72.1, 0.824872, 0.319671, 0.824872, 0.319671, 0, 0, -4.82047e-43, 0, 0, 0, 0.866115, 0, 0, 0
72.15, 0.824872, 0.319671, 0.824872, 0.319671, 0, 0, -4.82047e-43, 0, 0, 0, 0.866115, 0, 0, 0
72.2, 0.824872, 0.319671, 0.824872, 0.319671, 0, 0, -4.82047e-43, 0, 0, 0, 0.866115, 0, 0, 0
72.2499, 0.824872, 0.319671, 0.824872, 0.319671, 0, 0, -4.82047e-43, 0, 0, 0, 0.866115, 0, 0, 0
72.2999, 0.824872, 0.319671, 0.824872, 0.319671, 0, 0, -4.82047e-43, 0, 0, 0, 0.866115, 0, 0, 0
72.3499, 0.824872, 0.319671, 0.824872, 0.319671, 0, 0, -4.82047e-43, 0, 0, 0, 0.866115, 0, 0, 0
72.3998, 0.824872, 0.319671, 0.824872, 0.319671, 0, 0, -4.82047e-43, 0, 0, 0, 0.866115, 0, 0, 0
72.4498, 0.824872, 0.319671, 0.824872, 0.319671, 0, 0, -4.82047e-43, 0, 0, 0, 0.866115, 0, 0, 0
72.4998, 0.824872, 0.319671, 0.824872, 0.319671, 0, 0, -4.82047e-43, 0, 0, 0, 0.866115, 0, 0, 0
72.5498, 0.824872, 0.319671, 0.824872, 0.319671, 0, 0, -4.82047e-43, 0, 0, 0, 0.866115, 0, 0, 0
72.5997, 0.824872, 0.319671, 0.824872, 0.319671, 0, 0, -4.82047e-43, 0, 0, 0, 0.866115, 0, 0, 0
72.6497, 0.824872, 0.319671, 0.824872, 0.319671, 0, 0, -4.82047e-43, 0, 0, 0, 0.866115, 0, 0, 0
72.6997, 0.824872, 0.319671, 0.824872, 0.319671, 0, 0, -4.82047e-43, 0, 0, 0, 0.866115, 0, 0, 0
72.7496, 0.824872, 0.319671, 0.824872, 0.319671, 0, 0, -4.82047e-43, 0, 0, 0, 0.866115, 0, 0, 0
72.7996, 0.824872, 0.319671, 0.824872, 0.319671, 0, 0, -4.82047e-43, 0, 0, 0, 0.866115, 0, 0, 0
72.8496, 0.824872, 0.319671, 0.824872, 0.319671, 0, 0, -4.82047e-43, 0, 0, 0, 0.866115, 0, 0, 0
72.8996, 0.824872, 0.319671, 0.824872, 0.319671, 0, 0, -4.82047e-43, 0, 0, 0, 0.866115, 0, 0, 0
72.9495, 0.824872, 0.319671, 0.824872, 0.319671, 0, 0, -4.82047e-43, 0, 0, 0, 0.866115, 0, 0, 0
72.9995, 0.824872, 0.319671, 0.824872, 0.319671, 0, 0, -4.82047e-43, 0, 0, 0, 0.866115, 0, 0, 0
73.0005, 0.824872, 0.319671, 0.824872, 0.319671, 0, 0, -4.82047e-43, 0, 0, 0, 0.866115, 0, 0, 0
73.0005, 0.824872, 0.319671, 0.824872, 0.319671, 0, 0, -4.82047e-43, 0, 0, 0, 0.866115, 0, 0, 0
73.0505, 0.824872, 0.319671, 0.824872, 0.319671, 0, 0, -4.82047e-43, 0, 0, 0, 0.866115, 0, 0, 0
73.1005, 0.824872, 0.319671, 0.824872, 0.319671, 0, 0, -4.82047e-43, 0, 0, 0, 0.866115, 0, 0, 0
73.1504, 0.824872, 0.319671, 0.824872, 0.319671, 0, 0, -4.82047e-43, 0, 0, 0, 0.866115, 0, 0, 0
73.2004, 0.824872, 0.319671, 0.824872, 0.319671, 0, 0, -4.82047e-43, 0, 0, 0, 0.866115, 0, 0, 0
73.2504, 0.824872, 0.319671, 0.824872, 0.319671, 0, 0, -4.82047e-43, 0, 0, 0, 0.866115, 0, 0, 0
73.3003, 0.824872, 0.319671, 0.824872, 0.319671, 0, 0, -4.82047e-43, 0, 0, 0, 0.866115, 0, 0, 0
73.3503, 0.824872, 0.319671, 0.824872, 0.319671, 0, 0, -4.82047e-43, 0, 0, 0, 0.866115, 0, 0, 0
73.4003, 0.824872, 0.319671, 0.824872, 0.319671, 0, 0, -4.82047e-43, 0, 0, 0, 0.866115, 0, 0, 0
73.4503, 0.824872, 0.319671, 0.824872, 0.319671, 0, 0, -4.82047e-43, 0, 0, 0, 0.866115, 0, 0, 0
73.5002, 0.824872, 0.319671, 0.824872, 0.319671, 0, 0, -4.82047e-43, 0, 0, 0, 0.866115, 0, 0, 0
73.5502, 0.824872, 0.319671, 0.824872, 0.319671, 0, 0, -4.82047e-43, 0, 0, 0, 0.866115, 0, 0, 0
73.6002, 0.824872, 0.319671, 0.824872, 0.319671, 0, 0, -4.82047e-43, 0, 0, 0, 0.866115, 0, 0, 0
73.6502, 0.824872, 0.319671, 0.824872, 0.319671, 0, 0, -4.82047e-43, 0, 0, 0, 0.866115, 0, 0, 0
73.7001, 0.824872, 0.319671, 0.824872, 0.319671, 0, 0, -4.82047e-43, 0, 0, 0, 0.866115, 0, 0, 0
73.7501, 0.824872, 0.319671, 0.824872, 0.319671, 0, 0, -4.82047e-43, 0, 0, 0, 0.866115, 0, 0, 0
73.8001, 0.824872, 0.319671, 0.824872, 0.319671, 0, 0, -4.82047e-43, 0, 0, 0, 0.866115, 0, 0, 0
73.85, 0.824872, 0.319671, 0.824872, 0.319671, 0, 0, -4.82047e-43, 0, 0, 0, 0.866115, 0, 0, 0
73.9, 0.824872, 0.319671, 0.824872, 0.319671, 0, 0, -4.82047e-43, 0, 0, 0, 0.866115, 0, 0, 0
73.95, 0.824872, 0.319671, 0.824872, 0.319671, 0, 0, -4.82047e-43, 0, 0, 0, 0.866115, 0, 0, 0
74, 0.824872, 0.319671, 0.824872, 0.319671, 0, 0, -4.82047e-43, 0, 0, 0, 0.866115, 0, 0, 0
74.001, 0.824872, 0.319671, 0.824872, 0.319671, 0, 0, -4.82047e-43, 0, 0, 0, 0.866115, 0, 0, 0
74.001, 0.824872, 0.319671, 0.824872, 0.319671, 0, 0, -4.82047e-43, 0, 0, 0, 0.866115, 0, 0, 0
74.0509, 0.824872, 0.319671, 0.824872, 0.319671, 0, 0, -4.82047e-43, 0, 0, 0, 0.866115, 0, 0, 0
74.1009, 0.824872, 0.319671, 0.824872, 0.319671, 0, 0, -4.82047e-43, 0, 0, 0, 0.866115, 0, 0, 0
74.1509, 0.824872, 0.319671, 0.824872, 0.319671, 0, 0, -4.82047e-43, 0, 0, 0, 0.866115, 0, 0, 0
74.2009, 0.824872, 0.319671, 0.824872, 0.319671, 0, 0, -4.82047e-43, 0, 0, 0, 0.866115, 0, 0, 0
74.2508, 0.824872, 0.319671, 0.824872, 0.319671, 0, 0, -4.82047e-43, 0, 0, 0, 0.866115, 0, 0, 0
74.3008, 0.824872, 0.319671, 0.824872, 0.319671, 0, 0, -4.82047e-43, 0, 0, 0, 0.866115, 0, 0, 0
74.3508, 0.824872, 0.319671, 0.824872, 0.319671, 0, 0, -4.82047e-43, 0, 0, 0, 0.866115, 0, 0, 0
74.4007, 0.824872, 0.319671, 0.824872, 0.319671, 0, 0, -4.82047e-43, 0, 0, 0, 0.866115, 0, 0, 0
74.4507, 0.824872, 0.319671, 0.824872, 0.319671, 0, 0, -4.82047e-43, 0, 0, 0, 0.866115, 0, 0, 0
74.5007, 0.824872, 0.319671, 0.824872, 0.319671, 0, 0, -4.82047e-43, 0, 0, 0, 0.866115, 0, 0, 0
74.5507, 0.824872, 0.319671, 0.824872, 0.319671, 0, 0, -4.82047e-43, 0, 0, 0, 0.866115, 0, 0, 0
74.6006, 0.824872, 0.319671, 0.824872, 0.319671, 0, 0, -4.82047e-43, 0, 0, 0, 0.866115, 0, 0, 0
74.6506, 0.824872, 0.319671, 0.824872, 0.319671, 0, 0, -4.82047e-43, 0, 0, 0, 0.866115, 0, 0, 0
74.7006, 0.824872, 0.319671, 0.824872, 0.319671, 0, 0, -4.82047e-43, 0, 0, 0, 0.866115, 0, 0, 0
74.7505, 0.824872, 0.319671, 0.824872, 0.319671, 0, 0, -4.82047e-43, 0, 0, 0, 0.866115, 0, 0, 0
74.8005, 0.824872, 0.319671, 0.824872, 0.319671, 0, 0, -4.82047e-43, 0, 0, 0, 0.866115, 0, 0, 0
74.8505, 0.824872, 0.319671, 0.824872, 0.319671, 0, 0, -4.82047e-43, 0, 0, 0, 0.866115, 0, 0, 0
74.9005, 0.824872, 0.319671, 0.824872, 0.319671, 0, 0, -4.82047e-43, 0, 0, 0, 0.866115, 0, 0, 0
74.9504, 0.824872, 0.319671, 0.824872, 0.319671, 0, 0, -4.82047e-43, 0, 0, 0, 0.866115, 0, 0, 0
75.0004, 0.824872, 0.319671, 0.824872, 0.319671, 0, 0, -4.82047e-43, 0, 0, 0, 0.866115, 0, 0, 0
75.0004, 0.824872, 0.319671, 0.824872, 0.319671, 0, 0, -4.82047e-43, 0, 0, 0, 0.866115, 0, 0, 0
75.0504, 0.824872, 0.319671, 0.824872, 0.319671, 0, 0, -4.82047e-43, 0, 0, 0, 0.866115, 0, 0, 0
75.1004, 0.824872, 0.319671, 0.824872, 0.319671, 0, 0, -4.82047e-43, 0, 0, 0, 0.866115, 0, 0, 0
75.1503, 0.824872, 0.319671, 0.824872, 0.319671, 0, 0, -4.82047e-43, 0, 0, 0, 0.866115, 0, 0, 0
75.2003, 0.824872, 0.319671, 0.824872, 0.319671, 0, 0, -4.82047e-43, 0, 0, 0, 0.866115, 0, 0, 0
75.2503, 0.824872, 0.319671, 0.824872, 0.319671, 0, 0, -4.82047e-43, 0, 0, 0, 0.866115, 0, 0, 0
75.3002, 0.824872, 0.319671, 0.824872, 0.319671, 0, 0, -4.82047e-43, 0, 0, 0, 0.866115, 0, 0, 0
75.3502, 0.824872, 0.319671, 0.824872, 0.319671, 0, 0, -4.82047e-43, 0, 0, 0, 0.866115, 0, 0, 0
75.4002, 0.824872, 0.319671, 0.824872, 0.319671, 0, 0, -4.82047e-43, 0, 0, 0, 0.866115, 0, 0, 0
75.4502, 0.824872, 0.319671, 0.824872, 0.319671, 0, 0, -4.82047e-43, 0, 0, 0, 0.866115, 0, 0, 0
75.5001, 0.824872, 0.319671, 0.824872, 0.319671, 0, 0, -4.82047e-43, 0, 0, 0, 0.866115, 0, 0, 0
75.5501, 0.824872, 0.319671, 0.824872, 0.319671, 0, 0, -4.82047e-43, 0, 0, 0, 0.866115, 0, 0, 0
75.6001, 0.824872, 0.319671, 0.824872, 0.319671, 0, 0, -4.82047e-43, 0, 0, 0, 0.866115, 0, 0, 0
75.6501, 0.824872, 0.319671, 0.824872, 0.319671, 0, 0, -4.82047e-43, 0, 0, 0, 0.866115, 0, 0, 0
75.7, 0.824872, 0.319671, 0.824872, 0.319671, 0, 0, -4.82047e-43, 0, 0, 0, 0.866115, 0, 0, 0
75.75, 0.824872, 0.319671, 0.824872, 0.319671, 0, 0, -4.82047e-43, 0, 0, 0, 0.866115, 0, 0, 0
75.8, 0.824872, 0.319671, 0.824872, 0.319671, 0, 0, -4.82047e-43, 0, 0, 0, 0.866115, 0, 0, 0
75.8499, 0.824872, 0.319671, 0.824872, 0.319671, 0, 0, -4.82047e-43, 0, 0, 0, 0.866115, 0, 0, 0
75.8999, 0.824872, 0.319671, 0.824872, 0.319671, 0, 0, -4.82047e-43, 0, 0, 0, 0.866115, 0, 0, 0
75.9499, 0.824872, 0.319671, 0.824872, 0.319671, 0, 0, -4.82047e-43, 0, 0, 0, 0.866115, 0, 0, 0
75.9999, 0.824872, 0.319671, 0.824872, 0.319671, 0, 0, -4.82047e-43, 0, 0, 0, 0.866115, 0, 0, 0
76.0009, 0.824872, 0.319671, 0.824872, 0.319671, 0, 0, -4.82047e-43, 0, 0, 0, 0.866115, 0, 0, 0
76.0009, 0.824872, 0.319671, 0.824872, 0.319671, 0, 0, -4.82047e-43, 0, 0, 0, 0.866115, 0, 0, 0
76.0508, 0.824872, 0.319671, 0.824872, 0.319671, 0, 0, -4.82047e-43, 0, 0, 0, 0.866115, 0, 0, 0
76.1008, 0.824872, 0.319671, 0.824872, 0.319671, 0, 0, -4.82047e-43, 0, 0, 0, 0.866115, 0, 0, 0
76.1508, 0.824872, 0.319671, 0.824872, 0.319671, 0, 0, -4.82047e-43, 0, 0, 0, 0.866115, 0, 0, 0
76.2008, 0.824872, 0.319671, 0.824872, 0.319671, 0, 0, -4.82047e-43, 0, 0, 0, 0.866115, 0, 0, 0
76.2507, 0.824872, 0.319671, 0.824872, 0.319671, 0, 0, -4.82047e-43, 0, 0, 0, 0.866115, 0, 0, 0
76.3007, 0.824872, 0.319671, 0.824872, 0.319671, 0, 0, -4.82047e-43, 0, 0, 0, 0.866115, 0, 0, 0
76.3507, 0.824872, 0.319671, 0.824872, 0.319671, 0, 0, -4.82047e-43, 0, 0, 0, 0.866115, 0, 0, 0
76.4006, 0.824872, 0.319671, 0.824872, 0.319671, 0, 0, -4.82047e-43, 0, 0, 0, 0.866115, 0, 0, 0
76.4506, 0.824872, 0.319671, 0.824872, 0.319671, 0, 0, -4.82047e-43, 0, 0, 0, 0.866115, 0, 0, 0
76.5006, 0.824872, 0.319671, 0.824872, 0.319671, 0, 0, -4.82047e-43, 0, 0, 0, 0.866115, 0, 0, 0
76.5506, 0.824872, 0.319671, 0.824872, 0.319671, 0, 0, -4.82047e-43, 0, 0, 0, 0.866115, 0, 0, 0
76.6005, 0.824872, 0.319671, 0.824872, 0.319671, 0, 0, -4.82047e-43, 0, 0, 0, 0.866115, 0, 0, 0
76.6505, 0.824872, 0.319671, 0.824872, 0.319671, 0, 0, -4.82047e-43, 0, 0, 0, 0.866115, 0, 0, 0
76.7005, 0.824872, 0.319671, 0.824872, 0.319671, 0, 0, -4.82047e-43, 0, 0, 0, 0.866115, 0, 0, 0
76.7505, 0.824872, 0.319671, 0.824872, 0.319671, 0, 0, -4.82047e-43, 0, 0, 0, 0.866115, 0, 0, 0
76.8004, 0.824872, 0.319671, 0.824872, 0.319671, 0, 0, -4.82047e-43, 0, 0, 0, 0.866115, 0, 0, 0
76.8504, 0.824872, 0.319671, 0.824872, 0.319671, 0, 0, -4.82047e-43, 0, 0, 0, 0.866115, 0, 0, 0
76.9004, 0.824872, 0.319671, 0.824872, 0.319671, 0, 0, -4.82047e-43, 0, 0, 0, 0.866115, 0, 0, 0
76.9503, 0.824872, 0.319671, 0.824872, 0.319671, 0, 0, -4.82047e-43, 0, 0, 0, 0.866115, 0, 0, 0
77.0003, 0.824872, 0.319671, 0.824872, 0.319671, 0, 0, -4.82047e-43, 0, 0, 0, 0.866115, 0, 0, 0
77.0003, 0.824872, 0.319671, 0.824872, 0.319671, 0, 0, -4.82047e-43, 0, 0, 0, 0.866115, 0, 0, 0
77.0503, 0.824872, 0.319671, 0.824872, 0.319671, 0, 0, -4.82047e-43, 0, 0, 0, 0.866115, 0, 0, 0
77.1003, 0.824872, 0.319671, 0.824872, 0.319671, 0, 0, -4.82047e-43, 0, 0, 0, 0.866115, 0, 0, 0
77.1502, 0.824872, 0.319671, 0.824872, 0.319671, 0, 0, -4.82047e-43, 0, 0, 0, 0.866115, 0, 0, 0
77.2002, 0.824872, 0.319671, 0.824872, 0.319671, 0, 0, -4.82047e-43, 0, 0, 0, 0.866115, 0, 0, 0
77.2502, 0.824872, 0.319671, 0.824872, 0.319671, 0, 0, -4.82047e-43, 0, 0, 0, 0.866115, 0, 0, 0
77.3001, 0.824872, 0.319671, 0.824872, 0.319671, 0, 0, -4.82047e-43, 0, 0, 0, 0.866115, 0, 0, 0
77.3501, 0.824872, 0.319671, 0.824872, 0.319671, 0, 0, -4.82047e-43, 0, 0, 0, 0.866115, 0, 0, 0
77.4001, 0.824872, 0.319671, 0.824872, 0.319671, 0, 0, -4.82047e-43, 0, 0, 0, 0.866115, 0, 0, 0
77.4501, 0.824872, 0.319671, 0.824872, 0.319671, 0, 0, -4.82047e-43, 0, 0, 0, 0.866115, 0, 0, 0
77.5, 0.824872, 0.319671, 0.824872, 0.319671, 0, 0, -4.82047e-43, 0, 0, 0, 0.866115, 0, 0, 0
77.55, 0.824872, 0.319671, 0.824872, 0.319671, 0, 0, -4.82047e-43, 0, 0, 0, 0.866115, 0, 0, 0
77.6, 0.824872, 0.319671, 0.824872, 0.319671, 0, 0, -4.82047e-43, 0, 0, 0, 0.866115, 0, 0, 0
77.65, 0.824872, 0.319671, 0.824872, 0.319671, 0, 0, -4.82047e-43, 0, 0, 0, 0.866115, 0, 0, 0
77.6999, 0.824872, 0.319671, 0.824872, 0.319671, 0, 0, -4.82047e-43, 0, 0, 0, 0.866115, 0, 0, 0
77.7499, 0.824872, 0.319671, 0.824872, 0.319671, 0, 0, -4.82047e-43, 0, 0, 0, 0.866115, 0, 0, 0
77.7999, 0.824872, 0.319671, 0.824872, 0.319671, 0, 0, -4.82047e-43, 0, 0, 0, 0.866115, 0, 0, 0
77.8498, 0.824872, 0.319671, 0.824872, 0.319671, 0, 0, -4.82047e-43, 0, 0, 0, 0.866115, 0, 0, 0
77.8998, 0.824872, 0.319671, 0.824872, 0.319671, 0, 0, -4.82047e-43, 0, 0, 0, 0.866115, 0, 0, 0
77.9498, 0.824872, 0.319671, 0.824872, 0.319671, 0, 0, -4.82047e-43, 0, 0, 0, 0.866115, 0, 0, 0
77.9998, 0.824872, 0.319671, 0.824872, 0.319671, 0, 0, -4.82047e-43, 0, 0, 0, 0.866115, 0, 0, 0
78.0008, 0.824872, 0.319671, 0.824872, 0.319671, 0, 0, -4.82047e-43, 0, 0, 0, 0.866115, 0, 0, 0
78.0008, 0.824872, 0.319671, 0.824872, 0.319671, 0, 0, -4.82047e-43, 0, 0, 0, 0.866115, 0, 0, 0
78.0507, 0.824872, 0.319671, 0.824872, 0.319671, 0, 0, -4.82047e-43, 0, 0, 0, 0.866115, 0, 0, 0
78.1007, 0.824872, 0.319671, 0.824872, 0.319671, 0, 0, -4.82047e-43, 0, 0, 0, 0.866115, 0, 0, 0
78.1507, 0.824872, 0.319671, 0.824872, 0.319671, 0, 0, -4.82047e-43, 0, 0, 0, 0.866115, 0, 0, 0
78.2007, 0.824872, 0.319671, 0.824872, 0.319671, 0, 0, -4.82047e-43, 0, 0, 0, 0.866115, 0, 0, 0
78.2506, 0.824872, 0.319671, 0.824872, 0.319671, 0, 0, -4.82047e-43, 0, 0, 0, 0.866115, 0, 0, 0
78.3006, 0.824872, 0.319671, 0.824872, 0.319671, 0, 0, -4.82047e-43, 0, 0, 0, 0.866115, 0, 0, 0
78.3506, 0.824872, 0.319671, 0.824872, 0.319671, 0, 0, -4.82047e-43, 0, 0, 0, 0.866115, 0, 0, 0
78.4005, 0.824872, 0.319671, 0.824872, 0.319671, 0, 0, -4.82047e-43, 0, 0, 0, 0.866115, 0, 0, 0
78.4505, 0.824872, 0.319671, 0.824872, 0.319671, 0, 0, -4.82047e-43, 0, 0, 0, 0.866115, 0, 0, 0
78.5005, 0.824872, 0.319671, 0.824872, 0.319671, 0, 0, -4.82047e-43, 0, 0, 0, 0.866115, 0, 0, 0
78.5505, 0.824872, 0.319671, 0.824872, 0.319671, 0, 0, -4.82047e-43, 0, 0, 0, 0.866115, 0, 0, 0
78.6004, 0.824872, 0.319671, 0.824872, 0.319671, 0, 0, -4.82047e-43, 0, 0, 0, 0.866115, 0, 0, 0
78.6504, 0.824872, 0.319671, 0.824872, 0.319671, 0, 0, -4.82047e-43, 0, 0, 0, 0.866115, 0, 0, 0
78.7004, 0.824872, 0.319671, 0.824872, 0.319671, 0, 0, -4.82047e-43, 0, 0, 0, 0.866115, 0, 0, 0
78.7504, 0.824872, 0.319671, 0.824872, 0.319671, 0, 0, -4.82047e-43, 0, 0, 0, 0.866115, 0, 0, 0
78.8003, 0.824872, 0.319671, 0.824872, 0.319671, 0, 0, -4.82047e-43, 0, 0, 0, 0.866115, 0, 0, 0
78.8503, 0.824872, 0.319671, 0.824872, 0.319671, 0, 0, -4.82047e-43, 0, 0, 0, 0.866115, 0, 0, 0
78.9003, 0.824872, 0.319671, 0.824872, 0.319671, 0, 0, -4.82047e-43, 0, 0, 0, 0.866115, 0, 0, 0
78.9502, 0.824872, 0.319671, 0.824872, 0.319671, 0, 0, -4.82047e-43, 0, 0, 0, 0.866115, 0, 0, 0
79.0002, 0.824872, 0.319671, 0.824872, 0.319671, 0, 0, -4.82047e-43, 0, 0, 0, 0.866115, 0, 0, 0
79.0002, 0.824872, 0.319671, 0.824872, 0.319671, 0, 0, -4.82047e-43, 0, 0, 0, 0.866115, 0, 0, 0
79.0502, 0.824872, 0.319671, 0.824872, 0.319671, 0, 0, -4.82047e-43, 0, 0, 0, 0.866115, 0, 0, 0
79.1002, 0.824872, 0.319671, 0.824872, 0.319671, 0, 0, -4.82047e-43, 0, 0, 0, 0.866115, 0, 0, 0
79.1501, 0.824872, 0.319671, 0.824872, 0.319671, 0, 0, -4.82047e-43, 0, 0, 0, 0.866115, 0, 0, 0
79.2001, 0.824872, 0.319671, 0.824872, 0.319671, 0, 0, -4.82047e-43, 0, 0, 0, 0.866115, 0, 0, 0
79.2501, 0.824872, 0.319671, 0.824872, 0.319671, 0, 0, -4.82047e-43, 0, 0, 0, 0.866115, 0, 0, 0
79.3, 0.824872, 0.319671, 0.824872, 0.319671, 0, 0, -4.82047e-43, 0, 0, 0, 0.866115, 0, 0, 0
79.35, 0.824872, 0.319671, 0.824872, 0.319671, 0, 0, -4.82047e-43, 0, 0, 0, 0.866115, 0, 0, 0
79.4, 0.824872, 0.319671, 0.824872, 0.319671, 0, 0, -4.82047e-43, 0, 0, 0, 0.866115, 0, 0, 0
79.45, 0.824872, 0.319671, 0.824872, 0.319671, 0, 0, -4.82047e-43, 0, 0, 0, 0.866115, 0, 0, 0
79.4999, 0.824872, 0.319671, 0.824872, 0.319671, 0, 0, -4.82047e-43, 0, 0, 0, 0.866115, 0, 0, 0
79.5499, 0.824872, 0.319671, 0.824872, 0.319671, 0, 0, -4.82047e-43, 0, 0, 0, 0.866115, 0, 0, 0
79.5999, 0.824872, 0.319671, 0.824872, 0.319671, 0, 0, -4.82047e-43, 0, 0, 0, 0.866115, 0, 0, 0
79.6499, 0.824872, 0.319671, 0.824872, 0.319671, 0, 0, -4.82047e-43, 0, 0, 0, 0.866115, 0, 0, 0
79.6998, 0.824872, 0.319671, 0.824872, 0.319671, 0, 0, -4.82047e-43, 0, 0, 0, 0.866115, 0, 0, 0
79.7498, 0.824872, 0.319671, 0.824872, 0.319671, 0, 0, -4.82047e-43, 0, 0, 0, 0.866115, 0, 0, 0
79.7998, 0.824872, 0.319671, 0.824872, 0.319671, 0, 0, -4.82047e-43, 0, 0, 0, 0.866115, 0, 0, 0
79.8497, 0.824872, 0.319671, 0.824872, 0.319671, 0, 0, -4.82047e-43, 0, 0, 0, 0.866115, 0, 0, 0
79.8997, 0.824872, 0.319671, 0.824872, 0.319671, 0, 0, -4.82047e-43, 0, 0, 0, 0.866115, 0, 0, 0
79.9497, 0.824872, 0.319671, 0.824872, 0.319671, 0, 0, -4.82047e-43, 0, 0, 0, 0.866115, 0, 0, 0
79.9997, 0.824872, 0.319671, 0.824872, 0.319671, 0, 0, -4.82047e-43, 0, 0, 0, 0.866115, 0, 0, 0
80.0007, 0.824872, 0.319671, 0.824872, 0.319671, 0, 0, -4.82047e-43, 0, 0, 0, 0.866115, 0, 0, 0
80.0007, 0.824872, 0.319671, 0.824872, 0.319671, 0, 0, -4.82047e-43, 0, 0, 0, 0.866115, 0, 0, 0
80.0506, 0.824872, 0.319671, 0.824872, 0.319671, 0, 0, -4.82047e-43, 0, 0, 0, 0.866115, 0, 0, 0
80.1006, 0.824872, 0.319671, 0.824872, 0.319671, 0, 0, -4.82047e-43, 0, 0, 0, 0.866115, 0, 0, 0
80.1506, 0.824872, 0.319671, 0.824872, 0.319671, 0, 0, -4.82047e-43, 0, 0, 0, 0.866115, 0, 0, 0
80.2006, 0.824872, 0.319671, 0.824872, 0.319671, 0, 0, -4.82047e-43, 0, 0, 0, 0.866115, 0, 0, 0
80.2505, 0.824872, 0.319671, 0.824872, 0.319671, 0, 0, -4.82047e-43, 0, 0, 0, 0.866115, 0, 0, 0
80.3005, 0.824872, 0.319671, 0.824872, 0.319671, 0, 0, -4.82047e-43, 0, 0, 0, 0.866115, 0, 0, 0
80.3505, 0.824872, 0.319671, 0.824872, 0.319671, 0, 0, -4.82047e-43, 0, 0, 0, 0.866115, 0, 0, 0
80.4004, 0.824872, 0.319671, 0.824872, 0.319671, 0, 0, -4.82047e-43, 0, 0, 0, 0.866115, 0, 0, 0
80.4504, 0.824872, 0.319671, 0.824872, 0.319671, 0, 0, -4.82047e-43, 0, 0, 0, 0.866115, 0, 0, 0
80.5004, 0.824872, 0.319671, 0.824872, 0.319671, 0, 0, -4.82047e-43, 0, 0, 0, 0.866115, 0, 0, 0
80.5504, 0.824872, 0.319671, 0.824872, 0.319671, 0, 0, -4.82047e-43, 0, 0, 0, 0.866115, 0, 0, 0
80.6003, 0.824872, 0.319671, 0.824872, 0.319671, 0, 0, -4.82047e-43, 0, 0, 0, 0.866115, 0, 0, 0
80.6503, 0.824872, 0.319671, 0.824872, 0.319671, 0, 0, -4.82047e-43, 0, 0, 0, 0.866115, 0, 0, 0
80.7003, 0.824872, 0.319671, 0.824872, 0.319671, 0, 0, -4.82047e-43, 0, 0, 0, 0.866115, 0, 0, 0
80.7503, 0.824872, 0.319671, 0.824872, 0.319671, 0, 0, -4.82047e-43, 0, 0, 0, 0.866115, 0, 0, 0
80.8002, 0.824872, 0.319671, 0.824872, 0.319671, 0, 0, -4.82047e-43, 0, 0, 0, 0.866115, 0, 0, 0
80.8502, 0.824872, 0.319671, 0.824872, 0.319671, 0, 0, -4.82047e-43, 0, 0, 0, 0.866115, 0, 0, 0
80.9002, 0.824872, 0.319671, 0.824872, 0.319671, 0, 0, -4.82047e-43, 0, 0, 0, 0.866115, 0, 0, 0
80.9501, 0.824872, 0.319671, 0.824872, 0.319671, 0, 0, -4.82047e-43, 0, 0, 0, 0.866115, 0, 0, 0
81.0001, 0.824872, 0.319671, 0.824872, 0.319671, 0, 0, -4.82047e-43, 0, 0, 0, 0.866115, 0, 0, 0
81.0001, 0.824872, 0.319671, 0.824872, 0.319671, 0, 0, -4.82047e-43, 0, 0, 0, 0.866115, 0, 0, 0
81.0501, 0.824872, 0.319671, 0.824872, 0.319671, 0, 0, -4.82047e-43, 0, 0, 0, 0.866115, 0, 0, 0
81.1001, 0.824872, 0.319671, 0.824872, 0.319671, 0, 0, -4.82047e-43, 0, 0, 0, 0.866115, 0, 0, 0
81.15, 0.824872, 0.319671, 0.824872, 0.319671, 0, 0, -4.82047e-43, 0, 0, 0, 0.866115, 0, 0, 0
81.2, 0.824872, 0.319671, 0.824872, 0.319671, 0, 0, -4.82047e-43, 0, 0, 0, 0.866115, 0, 0, 0
81.25, 0.824872, 0.319671, 0.824872, 0.319671, 0, 0, -4.82047e-43, 0, 0, 0, 0.866115, 0, 0, 0
81.2999, 0.824872, 0.319671, 0.824872, 0.319671, 0, 0, -4.82047e-43, 0, 0, 0, 0.866115, 0, 0, 0
81.3499, 0.824872, 0.319671, 0.824872, 0.319671, 0, 0, -4.82047e-43, 0, 0, 0, 0.866115, 0, 0, 0
81.3999, 0.824872, 0.319671, 0.824872, 0.319671, 0, 0, -4.82047e-43, 0, 0, 0, 0.866115, 0, 0, 0
81.4499, 0.824872, 0.319671, 0.824872, 0.319671, 0, 0, -4.82047e-43, 0, 0, 0, 0.866115, 0, 0, 0
81.4998, 0.824872, 0.319671, 0.824872, 0.319671, 0, 0, -4.82047e-43, 0, 0, 0, 0.866115, 0, 0, 0
81.5498, 0.824872, 0.319671, 0.824872, 0.319671, 0, 0, -4.82047e-43, 0, 0, 0, 0.866115, 0, 0, 0
81.5998, 0.824872, 0.319671, 0.824872, 0.319671, 0, 0, -4.82047e-43, 0, 0, 0, 0.866115, 0, 0, 0
81.6498, 0.824872, 0.319671, 0.824872, 0.319671, 0, 0, -4.82047e-43, 0, 0, 0, 0.866115, 0, 0, 0
81.6997, 0.824872, 0.319671, 0.824872, 0.319671, 0, 0, -4.82047e-43, 0, 0, 0, 0.866115, 0, 0, 0
81.7497, 0.824872, 0.319671, 0.824872, 0.319671, 0, 0, -4.82047e-43, 0, 0, 0, 0.866115, 0, 0, 0
81.7997, 0.824872, 0.319671, 0.824872, 0.319671, 0, 0, -4.82047e-43, 0, 0, 0, 0.866115, 0, 0, 0
81.8496, 0.824872, 0.319671, 0.824872, 0.319671, 0, 0, -4.82047e-43, 0, 0, 0, 0.866115, 0, 0, 0
81.8996, 0.824872, 0.319671, 0.824872, 0.319671, 0, 0, -4.82047e-43, 0, 0, 0, 0.866115, 0, 0, 0
81.9496, 0.824872, 0.319671, 0.824872, 0.319671, 0, 0, -4.82047e-43, 0, 0, 0, 0.866115, 0, 0, 0
81.9996, 0.824872, 0.319671, 0.824872, 0.319671, 0, 0, -4.82047e-43, 0, 0, 0, 0.866115, 0, 0, 0
82.0006, 0.824872, 0.319671, 0.824872, 0.319671, 0, 0, -4.82047e-43, 0, 0, 0, 0.866115, 0, 0, 0
82.0006, 0.824872, 0.319671, 0.824872, 0.319671, 0, 0, -4.82047e-43, 0, 0, 0, 0.866115, 0, 0, 0
82.0505, 0.824872, 0.319671, 0.824872, 0.319671, 0, 0, -4.82047e-43, 0, 0, 0, 0.866115, 0, 0, 0
82.1005, 0.824872, 0.319671, 0.824872, 0.319671, 0, 0, -4.82047e-43, 0, 0, 0, 0.866115, 0, 0, 0
82.1505, 0.824872, 0.319671, 0.824872, 0.319671, 0, 0, -4.82047e-43, 0, 0, 0, 0.866115, 0, 0, 0
82.2005, 0.824872, 0.319671, 0.824872, 0.319671, 0, 0, -4.82047e-43, 0, 0, 0, 0.866115, 0, 0, 0
82.2504, 0.824872, 0.319671, 0.824872, 0.319671, 0, 0, -4.82047e-43, 0, 0, 0, 0.866115, 0, 0, 0
82.3004, 0.824872, 0.319671, 0.824872, 0.319671, 0, 0, -4.82047e-43, 0, 0, 0, 0.866115, 0, 0, 0
82.3504, 0.824872, 0.319671, 0.824872, 0.319671, 0, 0, -4.82047e-43, 0, 0, 0, 0.866115, 0, 0, 0
82.4003, 0.824872, 0.319671, 0.824872, 0.319671, 0, 0, -4.82047e-43, 0, 0, 0, 0.866115, 0, 0, 0
82.4503, 0.824872, 0.319671, 0.824872, 0.319671, 0, 0, -4.82047e-43, 0, 0, 0, 0.866115, 0, 0, 0
82.5003, 0.824872, 0.319671, 0.824872, 0.319671, 0, 0, -4.82047e-43, 0, 0, 0, 0.866115, 0, 0, 0
82.5503, 0.824872, 0.319671, 0.824872, 0.319671, 0, 0, -4.82047e-43, 0, 0, 0, 0.866115, 0, 0, 0
82.6002, 0.824872, 0.319671, 0.824872, 0.319671, 0, 0, -4.82047e-43, 0, 0, 0, 0.866115, 0, 0, 0
82.6502, 0.824872, 0.319671, 0.824872, 0.319671, 0, 0, -4.82047e-43, 0, 0, 0, 0.866115, 0, 0, 0
82.7002, 0.824872, 0.319671, 0.824872, 0.319671, 0, 0, -4.82047e-43, 0, 0, 0, 0.866115, 0, 0, 0
82.7502, 0.824872, 0.319671, 0.824872, 0.319671, 0, 0, -4.82047e-43, 0, 0, 0, 0.866115, 0, 0, 0
82.8001, 0.824872, 0.319671, 0.824872, 0.319671, 0, 0, -4.82047e-43, 0, 0, 0, 0.866115, 0, 0, 0
82.8501, 0.824872, 0.319671, 0.824872, 0.319671, 0, 0, -4.82047e-43, 0, 0, 0, 0.866115, 0, 0, 0
82.9001, 0.824872, 0.319671, 0.824872, 0.319671, 0, 0, -4.82047e-43, 0, 0, 0, 0.866115, 0, 0, 0
82.95, 0.824872, 0.319671, 0.824872, 0.319671, 0, 0, -4.82047e-43, 0, 0, 0, 0.866115, 0, 0, 0
83, 0.824872, 0.319671, 0.824872, 0.319671, 0, 0, -4.82047e-43, 0, 0, 0, 0.866115, 0, 0, 0
83, 0.824872, 0.319671, 0.824872, 0.319671, 0, 0, -4.82047e-43, 0, 0, 0, 0.866115, 0, 0, 0
83.05, 0.824872, 0.319671, 0.824872, 0.319671, 0, 0, -4.82047e-43, 0, 0, 0, 0.866115, 0, 0, 0
83.1, 0.824872, 0.319671, 0.824872, 0.319671, 0, 0, -4.82047e-43, 0, 0, 0, 0.866115, 0, 0, 0
83.1499, 0.824872, 0.319671, 0.824872, 0.319671, 0, 0, -4.82047e-43, 0, 0, 0, 0.866115, 0, 0, 0
83.1999, 0.824872, 0.319671, 0.824872, 0.319671, 0, 0, -4.82047e-43, 0, 0, 0, 0.866115, 0, 0, 0
83.2499, 0.824872, 0.319671, 0.824872, 0.319671, 0, 0, -4.82047e-43, 0, 0, 0, 0.866115, 0, 0, 0
83.2999, 0.824872, 0.319671, 0.824872, 0.319671, 0, 0, -4.82047e-43, 0, 0, 0, 0.866115, 0, 0, 0
83.3498, 0.824872, 0.319671, 0.824872, 0.319671, 0, 0, -4.82047e-43, 0, 0, 0, 0.866115, 0, 0, 0
83.3998, 0.824872, 0.319671, 0.824872, 0.319671, 0, 0, -4.82047e-43, 0, 0, 0, 0.866115, 0, 0, 0
83.4498, 0.824872, 0.319671, 0.824872, 0.319671, 0, 0, -4.82047e-43, 0, 0, 0, 0.866115, 0, 0, 0
83.4997, 0.824872, 0.319671, 0.824872, 0.319671, 0, 0, -4.82047e-43, 0, 0, 0, 0.866115, 0, 0, 0
83.5497, 0.824872, 0.319671, 0.824872, 0.319671, 0, 0, -4.82047e-43, 0, 0, 0, 0.866115, 0, 0, 0
83.5997, 0.824872, 0.319671, 0.824872, 0.319671, 0, 0, -4.82047e-43, 0, 0, 0, 0.866115, 0, 0, 0
83.6497, 0.824872, 0.319671, 0.824872, 0.319671, 0, 0, -4.82047e-43, 0, 0, 0, 0.866115, 0, 0, 0
83.6996, 0.824872, 0.319671, 0.824872, 0.319671, 0, 0, -4.82047e-43, 0, 0, 0, 0.866115, 0, 0, 0
83.7496, 0.824872, 0.319671, 0.824872, 0.319671, 0, 0, -4.82047e-43, 0, 0, 0, 0.866115, 0, 0, 0
83.7996, 0.824872, 0.319671, 0.824872, 0.319671, 0, 0, -4.82047e-43, 0, 0, 0, 0.866115, 0, 0, 0
83.8495, 0.824872, 0.319671, 0.824872, 0.319671, 0, 0, -4.82047e-43, 0, 0, 0, 0.866115, 0, 0, 0
83.8995, 0.824872, 0.319671, 0.824872, 0.319671, 0, 0, -4.82047e-43, 0, 0, 0, 0.866115, 0, 0, 0
83.9495, 0.824872, 0.319671, 0.824872, 0.319671, 0, 0, -4.82047e-43, 0, 0, 0, 0.866115, 0, 0, 0
83.9995, 0.824872, 0.319671, 0.824872, 0.319671, 0, 0, -4.82047e-43, 0, 0, 0, 0.866115, 0, 0, 0
84.0005, 0.824872, 0.319671, 0.824872, 0.319671, 0, 0, -4.82047e-43, 0, 0, 0, 0.866115, 0, 0, 0
84.0005, 0.824872, 0.319671, 0.824872, 0.319671, 0, 0, -4.82047e-43, 0, 0, 0, 0.866115, 0, 0, 0
84.0504, 0.824872, 0.319671, 0.824872, 0.319671, 0, 0, -4.82047e-43, 0, 0, 0, 0.866115, 0, 0, 0
84.1004, 0.824872, 0.319671, 0.824872, 0.319671, 0, 0, -4.82047e-43, 0, 0, 0, 0.866115, 0, 0, 0
84.1504, 0.824872, 0.319671, 0.824872, 0.319671, 0, 0, -4.82047e-43, 0, 0, 0, 0.866115, 0, 0, 0
84.2004, 0.824872, 0.319671, 0.824872, 0.319671, 0, 0, -4.82047e-43, 0, 0, 0, 0.866115, 0, 0, 0
84.2503, 0.824872, 0.319671, 0.824872, 0.319671, 0, 0, -4.82047e-43, 0, 0, 0, 0.866115, 0, 0, 0
84.3003, 0.824872, 0.319671, 0.824872, 0.319671, 0, 0, -4.82047e-43, 0, 0, 0, 0.866115, 0, 0, 0
84.3503, 0.824872, 0.319671, 0.824872, 0.319671, 0, 0, -4.82047e-43, 0, 0, 0, 0.866115, 0, 0, 0
84.4002, 0.824872, 0.319671, 0.824872, 0.319671, 0, 0, -4.82047e-43, 0, 0, 0, 0.866115, 0, 0, 0
84.4502, 0.824872, 0.319671, 0.824872, 0.319671, 0, 0, -4.82047e-43, 0, 0, 0, 0.866115, 0, 0, 0
84.5002, 0.824872, 0.319671, 0.824872, 0.319671, 0, 0, -4.82047e-43, 0, 0, 0, 0.866115, 0, 0, 0
84.5502, 0.824872, 0.319671, 0.824872, 0.319671, 0, 0, -4.82047e-43, 0, 0, 0, 0.866115, 0, 0, 0
84.6001, 0.824872, 0.319671, 0.824872, 0.319671, 0, 0, -4.82047e-43, 0, 0, 0, 0.866115, 0, 0, 0
84.6501, 0.824872, 0.319671, 0.824872, 0.319671, 0, 0, -4.82047e-43, 0, 0, 0, 0.866115, 0, 0, 0
84.7001, 0.824872, 0.319671, 0.824872, 0.319671, 0, 0, -4.82047e-43, 0, 0, 0, 0.866115, 0, 0, 0
84.7501, 0.824872, 0.319671, 0.824872, 0.319671, 0, 0, -4.82047e-43, 0, 0, 0, 0.866115, 0, 0, 0
84.8, 0.824872, 0.319671, 0.824872, 0.319671, 0, 0, -4.82047e-43, 0, 0, 0, 0.866115, 0, 0, 0
84.85, 0.824872, 0.319671, 0.824872, 0.319671, 0, 0, -4.82047e-43, 0, 0, 0, 0.866115, 0, 0, 0
84.9, 0.824872, 0.319671, 0.824872, 0.319671, 0, 0, -4.82047e-43, 0, 0, 0, 0.866115, 0, 0, 0
84.9499, 0.824872, 0.319671, 0.824872, 0.319671, 0, 0, -4.82047e-43, 0, 0, 0, 0.866115, 0, 0, 0
84.9999, 0.824872, 0.319671, 0.824872, 0.319671, 0, 0, -4.82047e-43, 0, 0, 0, 0.866115, 0, 0, 0
85.0009, 0.824872, 0.319671, 0.824872, 0.319671, 0, 0, -4.82047e-43, 0, 0, 0, 0.866115, 0, 0, 0
85.0009, 0.824872, 0.319671, 0.824872, 0.319671, 0, 0, -4.82047e-43, 0, 0, 0, 0.866115, 0, 0, 0
85.0509, 0.824872, 0.319671, 0.824872, 0.319671, 0, 0, -4.82047e-43, 0, 0, 0, 0.866115, 0, 0, 0
85.1009, 0.824872, 0.319671, 0.824872, 0.319671, 0, 0, -4.82047e-43, 0, 0, 0, 0.866115, 0, 0, 0
85.1508, 0.824872, 0.319671, 0.824872, 0.319671, 0, 0, -4.82047e-43, 0, 0, 0, 0.866115, 0, 0, 0
85.2008, 0.824872, 0.319671, 0.824872, 0.319671, 0, 0, -4.82047e-43, 0, 0, 0, 0.866115, 0, 0, 0
85.2508, 0.824872, 0.319671, 0.824872, 0.319671, 0, 0, -4.82047e-43, 0, 0, 0, 0.866115, 0, 0, 0
85.3008, 0.824872, 0.319671, 0.824872, 0.319671, 0, 0, -4.82047e-43, 0, 0, 0, 0.866115, 0, 0, 0
85.3507, 0.824872, 0.319671, 0.824872, 0.319671, 0, 0, -4.82047e-43, 0, 0, 0, 0.866115, 0, 0, 0
85.4007, 0.824872, 0.319671, 0.824872, 0.319671, 0, 0, -4.82047e-43, 0, 0, 0, 0.866115, 0, 0, 0
85.4507, 0.824872, 0.319671, 0.824872, 0.319671, 0, 0, -4.82047e-43, 0, 0, 0, 0.866115, 0, 0, 0
85.5006, 0.824872, 0.319671, 0.824872, 0.319671, 0, 0, -4.82047e-43, 0, 0, 0, 0.866115, 0, 0, 0
85.5506, 0.824872, 0.319671, 0.824872, 0.319671, 0, 0, -4.82047e-43, 0, 0, 0, 0.866115, 0, 0, 0
85.6006, 0.824872, 0.319671, 0.824872, 0.319671, 0, 0, -4.82047e-43, 0, 0, 0, 0.866115, 0, 0, 0
85.6506, 0.824872, 0.319671, 0.824872, 0.319671, 0, 0, -4.82047e-43, 0, 0, 0, 0.866115, 0, 0, 0
85.7005, 0.824872, 0.319671, 0.824872, 0.319671, 0, 0, -4.82047e-43, 0, 0, 0, 0.866115, 0, 0, 0
85.7505, 0.824872, 0.319671, 0.824872, 0.319671, 0, 0, -4.82047e-43, 0, 0, 0, 0.866115, 0, 0, 0
85.8005, 0.824872, 0.319671, 0.824872, 0.319671, 0, 0, -4.82047e-43, 0, 0, 0, 0.866115, 0, 0, 0
85.8504, 0.824872, 0.319671, 0.824872, 0.319671, 0, 0, -4.82047e-43, 0, 0, 0, 0.866115, 0, 0, 0
85.9004, 0.824872, 0.319671, 0.824872, 0.319671, 0, 0, -4.82047e-43, 0, 0, 0, 0.866115, 0, 0, 0
85.9504, 0.824872, 0.319671, 0.824872, 0.319671, 0, 0, -4.82047e-43, 0, 0, 0, 0.866115, 0, 0, 0
86.0004, 0.824872, 0.319671, 0.824872, 0.319671, 0, 0, -4.82047e-43, 0, 0, 0, 0.866115, 0, 0, 0
86.0004, 0.824872, 0.319671, 0.824872, 0.319671, 0, 0, -4.82047e-43, 0, 0, 0, 0.866115, 0, 0, 0
86.0503, 0.824872, 0.319671, 0.824872, 0.319671, 0, 0, -4.82047e-43, 0, 0, 0, 0.866115, 0, 0, 0
86.1003, 0.824872, 0.319671, 0.824872, 0.319671, 0, 0, -4.82047e-43, 0, 0, 0, 0.866115, 0, 0, 0
86.1503, 0.824872, 0.319671, 0.824872, 0.319671, 0, 0, -4.82047e-43, 0, 0, 0, 0.866115, 0, 0, 0
86.2003, 0.824872, 0.319671, 0.824872, 0.319671, 0, 0, -4.82047e-43, 0, 0, 0, 0.866115, 0, 0, 0
86.2502, 0.824872, 0.319671, 0.824872, 0.319671, 0, 0, -4.82047e-43, 0, 0, 0, 0.866115, 0, 0, 0
86.3002, 0.824872, 0.319671, 0.824872, 0.319671, 0, 0, -4.82047e-43, 0, 0, 0, 0.866115, 0, 0, 0
86.3502, 0.824872, 0.319671, 0.824872, 0.319671, 0, 0, -4.82047e-43, 0, 0, 0, 0.866115, 0, 0, 0
86.4001, 0.824872, 0.319671, 0.824872, 0.319671, 0, 0, -4.82047e-43, 0, 0, 0, 0.866115, 0, 0, 0
86.4501, 0.824872, 0.319671, 0.824872, 0.319671, 0, 0, -4.82047e-43, 0, 0, 0, 0.866115, 0, 0, 0
86.5001, 0.824872, 0.319671, 0.824872, 0.319671, 0, 0, -4.82047e-43, 0, 0, 0, 0.866115, 0, 0, 0
86.5501, 0.824872, 0.319671, 0.824872, 0.319671, 0, 0, -4.82047e-43, 0, 0, 0, 0.866115, 0, 0, 0
86.6, 0.824872, 0.319671, 0.824872, 0.319671, 0, 0, -4.82047e-43, 0, 0, 0, 0.866115, 0, 0, 0
86.65, 0.824872, 0.319671, 0.824872, 0.319671, 0, 0, -4.82047e-43, 0, 0, 0, 0.866115, 0, 0, 0
86.7, 0.824872, 0.319671, 0.824872, 0.319671, 0, 0, -4.82047e-43, 0, 0, 0, 0.866115, 0, 0, 0
86.75, 0.824872, 0.319671, 0.824872, 0.319671, 0, 0, -4.82047e-43, 0, 0, 0, 0.866115, 0, 0, 0
86.7999, 0.824872, 0.319671, 0.824872, 0.319671, 0, 0, -4.82047e-43, 0, 0, 0, 0.866115, 0, 0, 0
86.8499, 0.824872, 0.319671, 0.824872, 0.319671, 0, 0, -4.82047e-43, 0, 0, 0, 0.866115, 0, 0, 0
86.8999, 0.824872, 0.319671, 0.824872, 0.319671, 0, 0, -4.82047e-43, 0, 0, 0, 0.866115, 0, 0, 0
86.9498, 0.824872, 0.319671, 0.824872, 0.319671, 0, 0, -4.82047e-43, 0, 0, 0, 0.866115, 0, 0, 0
86.9998, 0.824872, 0.319671, 0.824872, 0.319671, 0, 0, -4.82047e-43, 0, 0, 0, 0.866115, 0, 0, 0
87.0008, 0.824872, 0.319671, 0.824872, 0.319671, 0, 0, -4.82047e-43, 0, 0, 0, 0.866115, 0, 0, 0
87.0008, 0.824872, 0.319671, 0.824872, 0.319671, 0, 0, -4.82047e-43, 0, 0, 0, 0.866115, 0, 0, 0
87.0508, 0.824872, 0.319671, 0.824872, 0.319671, 0, 0, -4.82047e-43, 0, 0, 0, 0.866115, 0, 0, 0
87.1008, 0.824872, 0.319671, 0.824872, 0.319671, 0, 0, -4.82047e-43, 0, 0, 0, 0.866115, 0, 0, 0
87.1507, 0.824872, 0.319671, 0.824872, 0.319671, 0, 0, -4.82047e-43, 0, 0, 0, 0.866115, 0, 0, 0
87.2007, 0.824872, 0.319671, 0.824872, 0.319671, 0, 0, -4.82047e-43, 0, 0, 0, 0.866115, 0, 0, 0
87.2507, 0.824872, 0.319671, 0.824872, 0.319671, 0, 0, -4.82047e-43, 0, 0, 0, 0.866115, 0, 0, 0
87.3007, 0.824872, 0.319671, 0.824872, 0.319671, 0, 0, -4.82047e-43, 0, 0, 0, 0.866115, 0, 0, 0
87.3506, 0.824872, 0.319671, 0.824872, 0.319671, 0, 0, -4.82047e-43, 0, 0, 0, 0.866115, 0, 0, 0
87.4006, 0.824872, 0.319671, 0.824872, 0.319671, 0, 0, -4.82047e-43, 0, 0, 0, 0.866115, 0, 0, 0
87.4506, 0.824872, 0.319671, 0.824872, 0.319671, 0, 0, -4.82047e-43, 0, 0, 0, 0.866115, 0, 0, 0
87.5005, 0.824872, 0.319671, 0.824872, 0.319671, 0, 0, -4.82047e-43, 0, 0, 0, 0.866115, 0, 0, 0
87.5505, 0.824872, 0.319671, 0.824872, 0.319671, 0, 0, -4.82047e-43, 0, 0, 0, 0.866115, 0, 0, 0
87.6005, 0.824872, 0.319671, 0.824872, 0.319671, 0, 0, -4.82047e-43, 0, 0, 0, 0.866115, 0, 0, 0
87.6505, 0.824872, 0.319671, 0.824872, 0.319671, 0, 0, -4.82047e-43, 0, 0, 0, 0.866115, 0, 0, 0
87.7004, 0.824872, 0.319671, 0.824872, 0.319671, 0, 0, -4.82047e-43, 0, 0, 0, 0.866115, 0, 0, 0
87.7504, 0.824872, 0.319671, 0.824872, 0.319671, 0, 0, -4.82047e-43, 0, 0, 0, 0.866115, 0, 0, 0
87.8004, 0.824872, 0.319671, 0.824872, 0.319671, 0, 0, -4.82047e-43, 0, 0, 0, 0.866115, 0, 0, 0
87.8503, 0.824872, 0.319671, 0.824872, 0.319671, 0, 0, -4.82047e-43, 0, 0, 0, 0.866115, 0, 0, 0
87.9003, 0.824872, 0.319671, 0.824872, 0.319671, 0, 0, -4.82047e-43, 0, 0, 0, 0.866115, 0, 0, 0
87.9503, 0.824872, 0.319671, 0.824872, 0.319671, 0, 0, -4.82047e-43, 0, 0, 0, 0.866115, 0, 0, 0
88.0003, 0.824872, 0.319671, 0.824872, 0.319671, 0, 0, -4.82047e-43, 0, 0, 0, 0.866115, 0, 0, 0
88.0003, 0.824872, 0.319671, 0.824872, 0.319671, 0, 0, -4.82047e-43, 0, 0, 0, 0.866115, 0, 0, 0
88.0502, 0.824872, 0.319671, 0.824872, 0.319671, 0, 0, -4.82047e-43, 0, 0, 0, 0.866115, 0, 0, 0
88.1002, 0.824872, 0.319671, 0.824872, 0.319671, 0, 0, -4.82047e-43, 0, 0, 0, 0.866115, 0, 0, 0
88.1502, 0.824872, 0.319671, 0.824872, 0.319671, 0, 0, -4.82047e-43, 0, 0, 0, 0.866115, 0, 0, 0
88.2002, 0.824872, 0.319671, 0.824872, 0.319671, 0, 0, -4.82047e-43, 0, 0, 0, 0.866115, 0, 0, 0
88.2501, 0.824872, 0.319671, 0.824872, 0.319671, 0, 0, -4.82047e-43, 0, 0, 0, 0.866115, 0, 0, 0
88.3001, 0.824872, 0.319671, 0.824872, 0.319671, 0, 0, -4.82047e-43, 0, 0, 0, 0.866115, 0, 0, 0
88.3501, 0.824872, 0.319671, 0.824872, 0.319671, 0, 0, -4.82047e-43, 0, 0, 0, 0.866115, 0, 0, 0
88.4, 0.824872, 0.319671, 0.824872, 0.319671, 0, 0, -4.82047e-43, 0, 0, 0, 0.866115, 0, 0, 0
88.45, 0.824872, 0.319671, 0.824872, 0.319671, 0, 0, -4.82047e-43, 0, 0, 0, 0.866115, 0, 0, 0
88.5, 0.824872, 0.319671, 0.824872, 0.319671, 0, 0, -4.82047e-43, 0, 0, 0, 0.866115, 0, 0, 0
88.55, 0.824872, 0.319671, 0.824872, 0.319671, 0, 0, -4.82047e-43, 0, 0, 0, 0.866115, 0, 0, 0
88.5999, 0.824872, 0.319671, 0.824872, 0.319671, 0, 0, -4.82047e-43, 0, 0, 0, 0.866115, 0, 0, 0
88.6499, 0.824872, 0.319671, 0.824872, 0.319671, 0, 0, -4.82047e-43, 0, 0, 0, 0.866115, 0, 0, 0
88.6999, 0.824872, 0.319671, 0.824872, 0.319671, 0, 0, -4.82047e-43, 0, 0, 0, 0.866115, 0, 0, 0
88.7499, 0.824872, 0.319671, 0.824872, 0.319671, 0, 0, -4.82047e-43, 0, 0, 0, 0.866115, 0, 0, 0
88.7998, 0.824872, 0.319671, 0.824872, 0.319671, 0, 0, -4.82047e-43, 0, 0, 0, 0.866115, 0, 0, 0
88.8498, 0.824872, 0.319671, 0.824872, 0.319671, 0, 0, -4.82047e-43, 0, 0, 0, 0.866115, 0, 0, 0
88.8998, 0.824872, 0.319671, 0.824872, 0.319671, 0, 0, -4.82047e-43, 0, 0, 0, 0.866115, 0, 0, 0
88.9497, 0.824872, 0.319671, 0.824872, 0.319671, 0, 0, -4.82047e-43, 0, 0, 0, 0.866115, 0, 0, 0
88.9997, 0.824872, 0.319671, 0.824872, 0.319671, 0, 0, -4.82047e-43, 0, 0, 0, 0.866115, 0, 0, 0
89.0007, 0.824872, 0.319671, 0.824872, 0.319671, 0, 0, -4.82047e-43, 0, 0, 0, 0.866115, 0, 0, 0
89.0007, 0.824872, 0.319671, 0.824872, 0.319671, 0, 0, -4.82047e-43, 0, 0, 0, 0.866115, 0, 0, 0
89.0507, 0.824872, 0.319671, 0.824872, 0.319671, 0, 0, -4.82047e-43, 0, 0, 0, 0.866115, 0, 0, 0
89.1007, 0.824872, 0.319671, 0.824872, 0.319671, 0, 0, -4.82047e-43, 0, 0, 0, 0.866115, 0, 0, 0
89.1506, 0.824872, 0.319671, 0.824872, 0.319671, 0, 0, -4.82047e-43, 0, 0, 0, 0.866115, 0, 0, 0
89.2006, 0.824872, 0.319671, 0.824872, 0.319671, 0, 0, -4.82047e-43, 0, 0, 0, 0.866115, 0, 0, 0
89.2506, 0.824872, 0.319671, 0.824872, 0.319671, 0, 0, -4.82047e-43, 0, 0, 0, 0.866115, 0, 0, 0
89.3006, 0.824872, 0.319671, 0.824872, 0.319671, 0, 0, -4.82047e-43, 0, 0, 0, 0.866115, 0, 0, 0
89.3505, 0.824872, 0.319671, 0.824872, 0.319671, 0, 0, -4.82047e-43, 0, 0, 0, 0.866115, 0, 0, 0
89.4005, 0.824872, 0.319671, 0.824872, 0.319671, 0, 0, -4.82047e-43, 0, 0, 0, 0.866115, 0, 0, 0
89.4505, 0.824872, 0.319671, 0.824872, 0.319671, 0, 0, -4.82047e-43, 0, 0, 0, 0.866115, 0, 0, 0
89.5004, 0.824872, 0.319671, 0.824872, 0.319671, 0, 0, -4.82047e-43, 0, 0, 0, 0.866115, 0, 0, 0
89.5504, 0.824872, 0.319671, 0.824872, 0.319671, 0, 0, -4.82047e-43, 0, 0, 0, 0.866115, 0, 0, 0
89.6004, 0.824872, 0.319671, 0.824872, 0.319671, 0, 0, -4.82047e-43, 0, 0, 0, 0.866115, 0, 0, 0
89.6504, 0.824872, 0.319671, 0.824872, 0.319671, 0, 0, -4.82047e-43, 0, 0, 0, 0.866115, 0, 0, 0
89.7003, 0.824872, 0.319671, 0.824872, 0.319671, 0, 0, -4.82047e-43, 0, 0, 0, 0.866115, 0, 0, 0
89.7503, 0.824872, 0.319671, 0.824872, 0.319671, 0, 0, -4.82047e-43, 0, 0, 0, 0.866115, 0, 0, 0
89.8003, 0.824872, 0.319671, 0.824872, 0.319671, 0, 0, -4.82047e-43, 0, 0, 0, 0.866115, 0, 0, 0
89.8503, 0.824872, 0.319671, 0.824872, 0.319671, 0, 0, -4.82047e-43, 0, 0, 0, 0.866115, 0, 0, 0
89.9002, 0.824872, 0.319671, 0.824872, 0.319671, 0, 0, -4.82047e-43, 0, 0, 0, 0.866115, 0, 0, 0
89.9502, 0.824872, 0.319671, 0.824872, 0.319671, 0, 0, -4.82047e-43, 0, 0, 0, 0.866115, 0, 0, 0
90.0002, 0.824872, 0.319671, 0.824872, 0.319671, 0, 0, -4.82047e-43, 0, 0, 0, 0.866115, 0, 0, 0
90.0002, 0.824872, 0.319671, 0.824872, 0.319671, 0, 0, -4.82047e-43, 0, 0, 0, 0.866115, 0, 0, 0
90.0501, 0.824872, 0.319671, 0.824872, 0.319671, 0, 0, -4.82047e-43, 0, 0, 0, 0.866115, 0, 0, 0
90.1001, 0.824872, 0.319671, 0.824872, 0.319671, 0, 0, -4.82047e-43, 0, 0, 0, 0.866115, 0, 0, 0
90.1501, 0.824872, 0.319671, 0.824872, 0.319671, 0, 0, -4.82047e-43, 0, 0, 0, 0.866115, 0, 0, 0
90.2001, 0.824872, 0.319671, 0.824872, 0.319671, 0, 0, -4.82047e-43, 0, 0, 0, 0.866115, 0, 0, 0
90.25, 0.824872, 0.319671, 0.824872, 0.319671, 0, 0, -4.82047e-43, 0, 0, 0, 0.866115, 0, 0, 0
90.3, 0.824872, 0.319671, 0.824872, 0.319671, 0, 0, -4.82047e-43, 0, 0, 0, 0.866115, 0, 0, 0
90.35, 0.824872, 0.319671, 0.824872, 0.319671, 0, 0, -4.82047e-43, 0, 0, 0, 0.866115, 0, 0, 0
90.3999, 0.824872, 0.319671, 0.824872, 0.319671, 0, 0, -4.82047e-43, 0, 0, 0, 0.866115, 0, 0, 0
90.4499, 0.824872, 0.319671, 0.824872, 0.319671, 0, 0, -4.82047e-43, 0, 0, 0, 0.866115, 0, 0, 0
90.4999, 0.824872, 0.319671, 0.824872, 0.319671, 0, 0, -4.82047e-43, 0, 0, 0, 0.866115, 0, 0, 0
90.5499, 0.824872, 0.319671, 0.824872, 0.319671, 0, 0, -4.82047e-43, 0, 0, 0, 0.866115, 0, 0, 0
90.5998, 0.824872, 0.319671, 0.824872, 0.319671, 0, 0, -4.82047e-43, 0, 0, 0, 0.866115, 0, 0, 0
90.6498, 0.824872, 0.319671, 0.824872, 0.319671, 0, 0, -4.82047e-43, 0, 0, 0, 0.866115, 0, 0, 0
90.6998, 0.824872, 0.319671, 0.824872, 0.319671, 0, 0, -4.82047e-43, 0, 0, 0, 0.866115, 0, 0, 0
90.7498, 0.824872, 0.319671, 0.824872, 0.319671, 0, 0, -4.82047e-43, 0, 0, 0, 0.866115, 0, 0, 0
90.7997, 0.824872, 0.319671, 0.824872, 0.319671, 0, 0, -4.82047e-43, 0, 0, 0, 0.866115, 0, 0, 0
90.8497, 0.824872, 0.319671, 0.824872, 0.319671, 0, 0, -4.82047e-43, 0, 0, 0, 0.866115, 0, 0, 0
90.8997, 0.824872, 0.319671, 0.824872, 0.319671, 0, 0, -4.82047e-43, 0, 0, 0, 0.866115, 0, 0, 0
90.9496, 0.824872, 0.319671, 0.824872, 0.319671, 0, 0, -4.82047e-43, 0, 0, 0, 0.866115, 0, 0, 0
90.9996, 0.824872, 0.319671, 0.824872, 0.319671, 0, 0, -4.82047e-43, 0, 0, 0, 0.866115, 0, 0, 0
91.0006, 0.824872, 0.319671, 0.824872, 0.319671, 0, 0, -4.82047e-43, 0, 0, 0, 0.866115, 0, 0, 0
91.0006, 0.824872, 0.319671, 0.824872, 0.319671, 0, 0, -4.82047e-43, 0, 0, 0, 0.866115, 0, 0, 0
91.0506, 0.824872, 0.319671, 0.824872, 0.319671, 0, 0, -4.82047e-43, 0, 0, 0, 0.866115, 0, 0, 0
91.1006, 0.824872, 0.319671, 0.824872, 0.319671, 0, 0, -4.82047e-43, 0, 0, 0, 0.866115, 0, 0, 0
91.1505, 0.824872, 0.319671, 0.824872, 0.319671, 0, 0, -4.82047e-43, 0, 0, 0, 0.866115, 0, 0, 0
91.2005, 0.824872, 0.319671, 0.824872, 0.319671, 0, 0, -4.82047e-43, 0, 0, 0, 0.866115, 0, 0, 0
91.2505, 0.824872, 0.319671, 0.824872, 0.319671, 0, 0, -4.82047e-43, 0, 0, 0, 0.866115, 0, 0, 0
91.3005, 0.824872, 0.319671, 0.824872, 0.319671, 0, 0, -4.82047e-43, 0, 0, 0, 0.866115, 0, 0, 0
91.3504, 0.824872, 0.319671, 0.824872, 0.319671, 0, 0, -4.82047e-43, 0, 0, 0, 0.866115, 0, 0, 0
91.4004, 0.824872, 0.319671, 0.824872, 0.319671, 0, 0, -4.82047e-43, 0, 0, 0, 0.866115, 0, 0, 0
91.4504, 0.824872, 0.319671, 0.824872, 0.319671, 0, 0, -4.82047e-43, 0, 0, 0, 0.866115, 0, 0, 0
91.5003, 0.824872, 0.319671, 0.824872, 0.319671, 0, 0, -4.82047e-43, 0, 0, 0, 0.866115, 0, 0, 0
91.5503, 0.824872, 0.319671, 0.824872, 0.319671, 0, 0, -4.82047e-43, 0, 0, 0, 0.866115, 0, 0, 0
91.6003, 0.824872, 0.319671, 0.824872, 0.319671, 0, 0, -4.82047e-43, 0, 0, 0, 0.866115, 0, 0, 0
91.6503, 0.824872, 0.319671, 0.824872, 0.319671, 0, 0, -4.82047e-43, 0, 0, 0, 0.866115, 0, 0, 0
91.7002, 0.824872, 0.319671, 0.824872, 0.319671, 0, 0, -4.82047e-43, 0, 0, 0, 0.866115, 0, 0, 0
91.7502, 0.824872, 0.319671, 0.824872, 0.319671, 0, 0, -4.82047e-43, 0, 0, 0, 0.866115, 0, 0, 0
91.8002, 0.824872, 0.319671, 0.824872, 0.319671, 0, 0, -4.82047e-43, 0, 0, 0, 0.866115, 0, 0, 0
91.8502, 0.824872, 0.319671, 0.824872, 0.319671, 0, 0, -4.82047e-43, 0, 0, 0, 0.866115, 0, 0, 0
91.9001, 0.824872, 0.319671, 0.824872, 0.319671, 0, 0, -4.82047e-43, 0, 0, 0, 0.866115, 0, 0, 0
91.9501, 0.824872, 0.319671, 0.824872, 0.319671, 0, 0, -4.82047e-43, 0, 0, 0, 0.866115, 0, 0, 0
92.0001, 0.824872, 0.319671, 0.824872, 0.319671, 0, 0, -4.82047e-43, 0, 0, 0, 0.866115, 0, 0, 0
92.0001, 0.824872, 0.319671, 0.824872, 0.319671, 0, 0, -4.82047e-43, 0, 0, 0, 0.866115, 0, 0, 0
92.05, 0.824872, 0.319671, 0.824872, 0.319671, 0, 0, -4.82047e-43, 0, 0, 0, 0.866115, 0, 0, 0
92.1, 0.824872, 0.319671, 0.824872, 0.319671, 0, 0, -4.82047e-43, 0, 0, 0, 0.866115, 0, 0, 0
92.15, 0.824872, 0.319671, 0.824872, 0.319671, 0, 0, -4.82047e-43, 0, 0, 0, 0.866115, 0, 0, 0
92.2, 0.824872, 0.319671, 0.824872, 0.319671, 0, 0, -4.82047e-43, 0, 0, 0, 0.866115, 0, 0, 0
92.2499, 0.824872, 0.319671, 0.824872, 0.319671, 0, 0, -4.82047e-43, 0, 0, 0, 0.866115, 0, 0, 0
92.2999, 0.824872, 0.319671, 0.824872, 0.319671, 0, 0, -4.82047e-43, 0, 0, 0, 0.866115, 0, 0, 0
92.3499, 0.824872, 0.319671, 0.824872, 0.319671, 0, 0, -4.82047e-43, 0, 0, 0, 0.866115, 0, 0, 0
92.3998, 0.824872, 0.319671, 0.824872, 0.319671, 0, 0, -4.82047e-43, 0, 0, 0, 0.866115, 0, 0, 0
92.4498, 0.824872, 0.319671, 0.824872, 0.319671, 0, 0, -4.82047e-43, 0, 0, 0, 0.866115, 0, 0, 0
92.4998, 0.824872, 0.319671, 0.824872, 0.319671, 0, 0, -4.82047e-43, 0, 0, 0, 0.866115, 0, 0, 0
92.5498, 0.824872, 0.319671, 0.824872, 0.319671, 0, 0, -4.82047e-43, 0, 0, 0, 0.866115, 0, 0, 0
92.5997, 0.824872, 0.319671, 0.824872, 0.319671, 0, 0, -4.82047e-43, 0, 0, 0, 0.866115, 0, 0, 0
92.6497, 0.824872, 0.319671, 0.824872, 0.319671, 0, 0, -4.82047e-43, 0, 0, 0, 0.866115, 0, 0, 0
92.6997, 0.824872, 0.319671, 0.824872, 0.319671, 0, 0, -4.82047e-43, 0, 0, 0, 0.866115, 0, 0, 0
92.7497, 0.824872, 0.319671, 0.824872, 0.319671, 0, 0, -4.82047e-43, 0, 0, 0, 0.866115, 0, 0, 0
92.7996, 0.824872, 0.319671, 0.824872, 0.319671, 0, 0, -4.82047e-43, 0, 0, 0, 0.866115, 0, 0, 0
92.8496, 0.824872, 0.319671, 0.824872, 0.319671, 0, 0, -4.82047e-43, 0, 0, 0, 0.866115, 0, 0, 0
92.8996, 0.824872, 0.319671, 0.824872, 0.319671, 0, 0, -4.82047e-43, 0, 0, 0, 0.866115, 0, 0, 0
92.9495, 0.824872, 0.319671, 0.824872, 0.319671, 0, 0, -4.82047e-43, 0, 0, 0, 0.866115, 0, 0, 0
92.9995, 0.824872, 0.319671, 0.824872, 0.319671, 0, 0, -4.82047e-43, 0, 0, 0, 0.866115, 0, 0, 0
93.0005, 0.824872, 0.319671, 0.824872, 0.319671, 0, 0, -4.82047e-43, 0, 0, 0, 0.866115, 0, 0, 0
93.0005, 0.824872, 0.319671, 0.824872, 0.319671, 0, 0, -4.82047e-43, 0, 0, 0, 0.866115, 0, 0, 0
93.0505, 0.824872, 0.319671, 0.824872, 0.319671, 0, 0, -4.82047e-43, 0, 0, 0, 0.866115, 0, 0, 0
93.1005, 0.824872, 0.319671, 0.824872, 0.319671, 0, 0, -4.82047e-43, 0, 0, 0, 0.866115, 0, 0, 0
93.1504, 0.824872, 0.319671, 0.824872, 0.319671, 0, 0, -4.82047e-43, 0, 0, 0, 0.866115, 0, 0, 0
93.2004, 0.824872, 0.319671, 0.824872, 0.319671, 0, 0, -4.82047e-43, 0, 0, 0, 0.866115, 0, 0, 0
93.2504, 0.824872, 0.319671, 0.824872, 0.319671, 0, 0, -4.82047e-43, 0, 0, 0, 0.866115, 0, 0, 0
93.3004, 0.824872, 0.319671, 0.824872, 0.319671, 0, 0, -4.82047e-43, 0, 0, 0, 0.866115, 0, 0, 0
93.3503, 0.824872, 0.319671, 0.824872, 0.319671, 0, 0, -4.82047e-43, 0, 0, 0, 0.866115, 0, 0, 0
93.4003, 0.824872, 0.319671, 0.824872, 0.319671, 0, 0, -4.82047e-43, 0, 0, 0, 0.866115, 0, 0, 0
93.4503, 0.824872, 0.319671, 0.824872, 0.319671, 0, 0, -4.82047e-43, 0, 0, 0, 0.866115, 0, 0, 0
93.5002, 0.824872, 0.319671, 0.824872, 0.319671, 0, 0, -4.82047e-43, 0, 0, 0, 0.866115, 0, 0, 0
93.5502, 0.824872, 0.319671, 0.824872, 0.319671, 0, 0, -4.82047e-43, 0, 0, 0, 0.866115, 0, 0, 0
93.6002, 0.824872, 0.319671, 0.824872, 0.319671, 0, 0, -4.82047e-43, 0, 0, 0, 0.866115, 0, 0, 0
93.6502, 0.824872, 0.319671, 0.824872, 0.319671, 0, 0, -4.82047e-43, 0, 0, 0, 0.866115, 0, 0, 0
93.7001, 0.824872, 0.319671, 0.824872, 0.319671, 0, 0, -4.82047e-43, 0, 0, 0, 0.866115, 0, 0, 0
93.7501, 0.824872, 0.319671, 0.824872, 0.319671, 0, 0, -4.82047e-43, 0, 0, 0, 0.866115, 0, 0, 0
93.8001, 0.824872, 0.319671, 0.824872, 0.319671, 0, 0, -4.82047e-43, 0, 0, 0, 0.866115, 0, 0, 0
93.8501, 0.824872, 0.319671, 0.824872, 0.319671, 0, 0, -4.82047e-43, 0, 0, 0, 0.866115, 0, 0, 0
93.9, 0.824872, 0.319671, 0.824872, 0.319671, 0, 0, -4.82047e-43, 0, 0, 0, 0.866115, 0, 0, 0
93.95, 0.824872, 0.319671, 0.824872, 0.319671, 0, 0, -4.82047e-43, 0, 0, 0, 0.866115, 0, 0, 0
94, 0.824872, 0.319671, 0.824872, 0.319671, 0, 0, -4.82047e-43, 0, 0, 0, 0.866115, 0, 0, 0
94.001, 0.824872, 0.319671, 0.824872, 0.319671, 0, 0, -4.82047e-43, 0, 0, 0, 0.866115, 0, 0, 0
94.001, 0.824872, 0.319671, 0.824872, 0.319671, 0, 0, -4.82047e-43, 0, 0, 0, 0.866115, 0, 0, 0
94.0509, 0.824872, 0.319671, 0.824872, 0.319671, 0, 0, -4.82047e-43, 0, 0, 0, 0.866115, 0, 0, 0
94.1009, 0.824872, 0.319671, 0.824872, 0.319671, 0, 0, -4.82047e-43, 0, 0, 0, 0.866115, 0, 0, 0
94.1509, 0.824872, 0.319671, 0.824872, 0.319671, 0, 0, -4.82047e-43, 0, 0, 0, 0.866115, 0, 0, 0
94.2009, 0.824872, 0.319671, 0.824872, 0.319671, 0, 0, -4.82047e-43, 0, 0, 0, 0.866115, 0, 0, 0
94.2508, 0.824872, 0.319671, 0.824872, 0.319671, 0, 0, -4.82047e-43, 0, 0, 0, 0.866115, 0, 0, 0
94.3008, 0.824872, 0.319671, 0.824872, 0.319671, 0, 0, -4.82047e-43, 0, 0, 0, 0.866115, 0, 0, 0
94.3508, 0.824872, 0.319671, 0.824872, 0.319671, 0, 0, -4.82047e-43, 0, 0, 0, 0.866115, 0, 0, 0
94.4007, 0.824872, 0.319671, 0.824872, 0.319671, 0, 0, -4.82047e-43, 0, 0, 0, 0.866115, 0, 0, 0
94.4507, 0.824872, 0.319671, 0.824872, 0.319671, 0, 0, -4.82047e-43, 0, 0, 0, 0.866115, 0, 0, 0
94.5007, 0.824872, 0.319671, 0.824872, 0.319671, 0, 0, -4.82047e-43, 0, 0, 0, 0.866115, 0, 0, 0
94.5507, 0.824872, 0.319671, 0.824872, 0.319671, 0, 0, -4.82047e-43, 0, 0, 0, 0.866115, 0, 0, 0
94.6006, 0.824872, 0.319671, 0.824872, 0.319671, 0, 0, -4.82047e-43, 0, 0, 0, 0.866115, 0, 0, 0
94.6506, 0.824872, 0.319671, 0.824872, 0.319671, 0, 0, -4.82047e-43, 0, 0, 0, 0.866115, 0, 0, 0
94.7006, 0.824872, 0.319671, 0.824872, 0.319671, 0, 0, -4.82047e-43, 0, 0, 0, 0.866115, 0, 0, 0
94.7506, 0.824872, 0.319671, 0.824872, 0.319671, 0, 0, -4.82047e-43, 0, 0, 0, 0.866115, 0, 0, 0
94.8005, 0.824872, 0.319671, 0.824872, 0.319671, 0, 0, -4.82047e-43, 0, 0, 0, 0.866115, 0, 0, 0
94.8505, 0.824872, 0.319671, 0.824872, 0.319671, 0, 0, -4.82047e-43, 0, 0, 0, 0.866115, 0, 0, 0
94.9005, 0.824872, 0.319671, 0.824872, 0.319671, 0, 0, -4.82047e-43, 0, 0, 0, 0.866115, 0, 0, 0
94.9504, 0.824872, 0.319671, 0.824872, 0.319671, 0, 0, -4.82047e-43, 0, 0, 0, 0.866115, 0, 0, 0
95.0004, 0.824872, 0.319671, 0.824872, 0.319671, 0, 0, -4.82047e-43, 0, 0, 0, 0.866115, 0, 0, 0
95.0004, 0.824872, 0.319671, 0.824872, 0.319671, 0, 0, -4.82047e-43, 0, 0, 0, 0.866115, 0, 0, 0
95.0504, 0.824872, 0.319671, 0.824872, 0.319671, 0, 0, -4.82047e-43, 0, 0, 0, 0.866115, 0, 0, 0
95.1004, 0.824872, 0.319671, 0.824872, 0.319671, 0, 0, -4.82047e-43, 0, 0, 0, 0.866115, 0, 0, 0
95.1503, 0.824872, 0.319671, 0.824872, 0.319671, 0, 0, -4.82047e-43, 0, 0, 0, 0.866115, 0, 0, 0
95.2003, 0.824872, 0.319671, 0.824872, 0.319671, 0, 0, -4.82047e-43, 0, 0, 0, 0.866115, 0, 0, 0
95.2503, 0.824872, 0.319671, 0.824872, 0.319671, 0, 0, -4.82047e-43, 0, 0, 0, 0.866115, 0, 0, 0
95.3003, 0.824872, 0.319671, 0.824872, 0.319671, 0, 0, -4.82047e-43, 0, 0, 0, 0.866115, 0, 0, 0
95.3502, 0.824872, 0.319671, 0.824872, 0.319671, 0, 0, -4.82047e-43, 0, 0, 0, 0.866115, 0, 0, 0
95.4002, 0.824872, 0.319671, 0.824872, 0.319671, 0, 0, -4.82047e-43, 0, 0, 0, 0.866115, 0, 0, 0
95.4502, 0.824872, 0.319671, 0.824872, 0.319671, 0, 0, -4.82047e-43, 0, 0, 0, 0.866115, 0, 0, 0
95.5001, 0.824872, 0.319671, 0.824872, 0.319671, 0, 0, -4.82047e-43, 0, 0, 0, 0.866115, 0, 0, 0
95.5501, 0.824872, 0.319671, 0.824872, 0.319671, 0, 0, -4.82047e-43, 0, 0, 0, 0.866115, 0, 0, 0
95.6001, 0.824872, 0.319671, 0.824872, 0.319671, 0, 0, -4.82047e-43, 0, 0, 0, 0.866115, 0, 0, 0
95.6501, 0.824872, 0.319671, 0.824872, 0.319671, 0, 0, -4.82047e-43, 0, 0, 0, 0.866115, 0, 0, 0
95.7, 0.824872, 0.319671, 0.824872, 0.319671, 0, 0, -4.82047e-43, 0, 0, 0, 0.866115, 0, 0, 0
95.75, 0.824872, 0.319671, 0.824872, 0.319671, 0, 0, -4.82047e-43, 0, 0, 0, 0.866115, 0, 0, 0
95.8, 0.824872, 0.319671, 0.824872, 0.319671, 0, 0, -4.82047e-43, 0, 0, 0, 0.866115, 0, 0, 0
95.85, 0.824872, 0.319671, 0.824872, 0.319671, 0, 0, -4.82047e-43, 0, 0, 0, 0.866115, 0, 0, 0
95.8999, 0.824872, 0.319671, 0.824872, 0.319671, 0, 0, -4.82047e-43, 0, 0, 0, 0.866115, 0, 0, 0
95.9499, 0.824872, 0.319671, 0.824872, 0.319671, 0, 0, -4.82047e-43, 0, 0, 0, 0.866115, 0, 0, 0
95.9999, 0.824872, 0.319671, 0.824872, 0.319671, 0, 0, -4.82047e-43, 0, 0, 0, 0.866115, 0, 0, 0
96.0009, 0.824872, 0.319671, 0.824872, 0.319671, 0, 0, -4.82047e-43, 0, 0, 0, 0.866115, 0, 0, 0
96.0009, 0.824872, 0.319671, 0.824872, 0.319671, 0, 0, -4.82047e-43, 0, 0, 0, 0.866115, 0, 0, 0
96.0508, 0.824872, 0.319671, 0.824872, 0.319671, 0, 0, -4.82047e-43, 0, 0, 0, 0.866115, 0, 0, 0
96.1008, 0.824872, 0.319671, 0.824872, 0.319671, 0, 0, -4.82047e-43, 0, 0, 0, 0.866115, 0, 0, 0
96.1508, 0.824872, 0.319671, 0.824872, 0.319671, 0, 0, -4.82047e-43, 0, 0, 0, 0.866115, 0, 0, 0
96.2008, 0.824872, 0.319671, 0.824872, 0.319671, 0, 0, -4.82047e-43, 0, 0, 0, 0.866115, 0, 0, 0
96.2507, 0.824872, 0.319671, 0.824872, 0.319671, 0, 0, -4.82047e-43, 0, 0, 0, 0.866115, 0, 0, 0
96.3007, 0.824872, 0.319671, 0.824872, 0.319671, 0, 0, -4.82047e-43, 0, 0, 0, 0.866115, 0, 0, 0
96.3507, 0.824872, 0.319671, 0.824872, 0.319671, 0, 0, -4.82047e-43, 0, 0, 0, 0.866115, 0, 0, 0
96.4007, 0.824872, 0.319671, 0.824872, 0.319671, 0, 0, -4.82047e-43, 0, 0, 0, 0.866115, 0, 0, 0
96.4506, 0.824872, 0.319671, 0.824872, 0.319671, 0, 0, -4.82047e-43, 0, 0, 0, 0.866115, 0, 0, 0
96.5006, 0.824872, 0.319671, 0.824872, 0.319671, 0, 0, -4.82047e-43, 0, 0, 0, 0.866115, 0, 0, 0
96.5506, 0.824872, 0.319671, 0.824872, 0.319671, 0, 0, -4.82047e-43, 0, 0, 0, 0.866115, 0, 0, 0
96.6005, 0.824872, 0.319671, 0.824872, 0.319671, 0, 0, -4.82047e-43, 0, 0, 0, 0.866115, 0, 0, 0
96.6505, 0.824872, 0.319671, 0.824872, 0.319671, 0, 0, -4.82047e-43, 0, 0, 0, 0.866115, 0, 0, 0
96.7005, 0.824872, 0.319671, 0.824872, 0.319671, 0, 0, -4.82047e-43, 0, 0, 0, 0.866115, 0, 0, 0
96.7505, 0.824872, 0.319671, 0.824872, 0.319671, 0, 0, -4.82047e-43, 0, 0, 0, 0.866115, 0, 0, 0
96.8004, 0.824872, 0.319671, 0.824872, 0.319671, 0, 0, -4.82047e-43, 0, 0, 0, 0.866115, 0, 0, 0
96.8504, 0.824872, 0.319671, 0.824872, 0.319671, 0, 0, -4.82047e-43, 0, 0, 0, 0.866115, 0, 0, 0
96.9004, 0.824872, 0.319671, 0.824872, 0.319671, 0, 0, -4.82047e-43, 0, 0, 0, 0.866115, 0, 0, 0
96.9503, 0.824872, 0.319671, 0.824872, 0.319671, 0, 0, -4.82047e-43, 0, 0, 0, 0.866115, 0, 0, 0
97.0003, 0.824872, 0.319671, 0.824872, 0.319671, 0, 0, -4.82047e-43, 0, 0, 0, 0.866115, 0, 0, 0
97.0003, 0.824872, 0.319671, 0.824872, 0.319671, 0, 0, -4.82047e-43, 0, 0, 0, 0.866115, 0, 0, 0
97.0503, 0.824872, 0.319671, 0.824872, 0.319671, 0, 0, -4.82047e-43, 0, 0, 0, 0.866115, 0, 0, 0
97.1003, 0.824872, 0.319671, 0.824872, 0.319671, 0, 0, -4.82047e-43, 0, 0, 0, 0.866115, 0, 0, 0
97.1502, 0.824872, 0.319671, 0.824872, 0.319671, 0, 0, -4.82047e-43, 0, 0, 0, 0.866115, 0, 0, 0
97.2002, 0.824872, 0.319671, 0.824872, 0.319671, 0, 0, -4.82047e-43, 0, 0, 0, 0.866115, 0, 0, 0
97.2502, 0.824872, 0.319671, 0.824872, 0.319671, 0, 0, -4.82047e-43, 0, 0, 0, 0.866115, 0, 0, 0
97.3002, 0.824872, 0.319671, 0.824872, 0.319671, 0, 0, -4.82047e-43, 0, 0, 0, 0.866115, 0, 0, 0
97.3501, 0.824872, 0.319671, 0.824872, 0.319671, 0, 0, -4.82047e-43, 0, 0, 0, 0.866115, 0, 0, 0
97.4001, 0.824872, 0.319671, 0.824872, 0.319671, 0, 0, -4.82047e-43, 0, 0, 0, 0.866115, 0, 0, 0
97.4501, 0.824872, 0.319671, 0.824872, 0.319671, 0, 0, -4.82047e-43, 0, 0, 0, 0.866115, 0, 0, 0
97.5, 0.824872, 0.319671, 0.824872, 0.319671, 0, 0, -4.82047e-43, 0, 0, 0, 0.866115, 0, 0, 0
97.55, 0.824872, 0.319671, 0.824872, 0.319671, 0, 0, -4.82047e-43, 0, 0, 0, 0.866115, 0, 0, 0
97.6, 0.824872, 0.319671, 0.824872, 0.319671, 0, 0, -4.82047e-43, 0, 0, 0, 0.866115, 0, 0, 0
97.65, 0.824872, 0.319671, 0.824872, 0.319671, 0, 0, -4.82047e-43, 0, 0, 0, 0.866115, 0, 0, 0
97.6999, 0.824872, 0.319671, 0.824872, 0.319671, 0, 0, -4.82047e-43, 0, 0, 0, 0.866115, 0, 0, 0
97.7499, 0.824872, 0.319671, 0.824872, 0.319671, 0, 0, -4.82047e-43, 0, 0, 0, 0.866115, 0, 0, 0
97.7999, 0.824872, 0.319671, 0.824872, 0.319671, 0, 0, -4.82047e-43, 0, 0, 0, 0.866115, 0, 0, 0
97.8499, 0.824872, 0.319671, 0.824872, 0.319671, 0, 0, -4.82047e-43, 0, 0, 0, 0.866115, 0, 0, 0
97.8998, 0.824872, 0.319671, 0.824872, 0.319671, 0, 0, -4.82047e-43, 0, 0, 0, 0.866115, 0, 0, 0
97.9498, 0.824872, 0.319671, 0.824872, 0.319671, 0, 0, -4.82047e-43, 0, 0, 0, 0.866115, 0, 0, 0
97.9998, 0.824872, 0.319671, 0.824872, 0.319671, 0, 0, -4.82047e-43, 0, 0, 0, 0.866115, 0, 0, 0
98.0008, 0.824872, 0.319671, 0.824872, 0.319671, 0, 0, -4.82047e-43, 0, 0, 0, 0.866115, 0, 0, 0
98.0008, 0.824872, 0.319671, 0.824872, 0.319671, 0, 0, -4.82047e-43, 0, 0, 0, 0.866115, 0, 0, 0
98.0507, 0.824872, 0.319671, 0.824872, 0.319671, 0, 0, -4.82047e-43, 0, 0, 0, 0.866115, 0, 0, 0
98.1007, 0.824872, 0.319671, 0.824872, 0.319671, 0, 0, -4.82047e-43, 0, 0, 0, 0.866115, 0, 0, 0
98.1507, 0.824872, 0.319671, 0.824872, 0.319671, 0, 0, -4.82047e-43, 0, 0, 0, 0.866115, 0, 0, 0
98.2007, 0.824872, 0.319671, 0.824872, 0.319671, 0, 0, -4.82047e-43, 0, 0, 0, 0.866115, 0, 0, 0
98.2506, 0.824872, 0.319671, 0.824872, 0.319671, 0, 0, -4.82047e-43, 0, 0, 0, 0.866115, 0, 0, 0
98.3006, 0.824872, 0.319671, 0.824872, 0.319671, 0, 0, -4.82047e-43, 0, 0, 0, 0.866115, 0, 0, 0
98.3506, 0.824872, 0.319671, 0.824872, 0.319671, 0, 0, -4.82047e-43, 0, 0, 0, 0.866115, 0, 0, 0
98.4006, 0.824872, 0.319671, 0.824872, 0.319671, 0, 0, -4.82047e-43, 0, 0, 0, 0.866115, 0, 0, 0
98.4505, 0.824872, 0.319671, 0.824872, 0.319671, 0, 0, -4.82047e-43, 0, 0, 0, 0.866115, 0, 0, 0
98.5005, 0.824872, 0.319671, 0.824872, 0.319671, 0, 0, -4.82047e-43, 0, 0, 0, 0.866115, 0, 0, 0
98.5505, 0.824872, 0.319671, 0.824872, 0.319671, 0, 0, -4.82047e-43, 0, 0, 0, 0.866115, 0, 0, 0
98.6004, 0.824872, 0.319671, 0.824872, 0.319671, 0, 0, -4.82047e-43, 0, 0, 0, 0.866115, 0, 0, 0
98.6504, 0.824872, 0.319671, 0.824872, 0.319671, 0, 0, -4.82047e-43, 0, 0, 0, 0.866115, 0, 0, 0
98.7004, 0.824872, 0.319671, 0.824872, 0.319671, 0, 0, -4.82047e-43, 0, 0, 0, 0.866115, 0, 0, 0
98.7504, 0.824872, 0.319671, 0.824872, 0.319671, 0, 0, -4.82047e-43, 0, 0, 0, 0.866115, 0, 0, 0
98.8003, 0.824872, 0.319671, 0.824872, 0.319671, 0, 0, -4.82047e-43, 0, 0, 0, 0.866115, 0, 0, 0
98.8503, 0.824872, 0.319671, 0.824872, 0.319671, 0, 0, -4.82047e-43, 0, 0, 0, 0.866115, 0, 0, 0
98.9003, 0.824872, 0.319671, 0.824872, 0.319671, 0, 0, -4.82047e-43, 0, 0, 0, 0.866115, 0, 0, 0
98.9502, 0.824872, 0.319671, 0.824872, 0.319671, 0, 0, -4.82047e-43, 0, 0, 0, 0.866115, 0, 0, 0
99.0002, 0.824872, 0.319671, 0.824872, 0.319671, 0, 0, -4.82047e-43, 0, 0, 0, 0.866115, 0, 0, 0
99.0002, 0.824872, 0.319671, 0.824872, 0.319671, 0, 0, -4.82047e-43, 0, 0, 0, 0.866115, 0, 0, 0
99.0502, 0.824872, 0.319671, 0.824872, 0.319671, 0, 0, -4.82047e-43, 0, 0, 0, 0.866115, 0, 0, 0
99.1002, 0.824872, 0.319671, 0.824872, 0.319671, 0, 0, -4.82047e-43, 0, 0, 0, 0.866115, 0, 0, 0
99.1501, 0.824872, 0.319671, 0.824872, 0.319671, 0, 0, -4.82047e-43, 0, 0, 0, 0.866115, 0, 0, 0
99.2001, 0.824872, 0.319671, 0.824872, 0.319671, 0, 0, -4.82047e-43, 0, 0, 0, 0.866115, 0, 0, 0
99.2501, 0.824872, 0.319671, 0.824872, 0.319671, 0, 0, -4.82047e-43, 0, 0, 0, 0.866115, 0, 0, 0
99.3001, 0.824872, 0.319671, 0.824872, 0.319671, 0, 0, -4.82047e-43, 0, 0, 0, 0.866115, 0, 0, 0
99.35, 0.824872, 0.319671, 0.824872, 0.319671, 0, 0, -4.82047e-43, 0, 0, 0, 0.866115, 0, 0, 0
99.4, 0.824872, 0.319671, 0.824872, 0.319671, 0, 0, -4.82047e-43, 0, 0, 0, 0.866115, 0, 0, 0
99.45, 0.824872, 0.319671, 0.824872, 0.319671, 0, 0, -4.82047e-43, 0, 0, 0, 0.866115, 0, 0, 0
99.4999, 0.824872, 0.319671, 0.824872, 0.319671, 0, 0, -4.82047e-43, 0, 0, 0, 0.866115, 0, 0, 0
99.5499, 0.824872, 0.319671, 0.824872, 0.319671, 0, 0, -4.82047e-43, 0, 0, 0, 0.866115, 0, 0, 0
99.5999, 0.824872, 0.319671, 0.824872, 0.319671, 0, 0, -4.82047e-43, 0, 0, 0, 0.866115, 0, 0, 0
99.6499, 0.824872, 0.319671, 0.824872, 0.319671, 0, 0, -4.82047e-43, 0, 0, 0, 0.866115, 0, 0, 0
99.6998, 0.824872, 0.319671, 0.824872, 0.319671, 0, 0, -4.82047e-43, 0, 0, 0, 0.866115, 0, 0, 0
99.7498, 0.824872, 0.319671, 0.824872, 0.319671, 0, 0, -4.82047e-43, 0, 0, 0, 0.866115, 0, 0, 0
99.7998, 0.824872, 0.319671, 0.824872, 0.319671, 0, 0, -4.82047e-43, 0, 0, 0, 0.866115, 0, 0, 0
99.8498, 0.824872, 0.319671, 0.824872, 0.319671, 0, 0, -4.82047e-43, 0, 0, 0, 0.866115, 0, 0, 0
99.8997, 0.824872, 0.319671, 0.824872, 0.319671, 0, 0, -4.82047e-43, 0, 0, 0, 0.866115, 0, 0, 0
99.9497, 0.824872, 0.319671, 0.824872, 0.319671, 0, 0, -4.82047e-43, 0, 0, 0, 0.866115, 0, 0, 0
99.9997, 0.824872, 0.319671, 0.824872, 0.319671, 0, 0, -4.82047e-43, 0, 0, 0, 0.866115, 0, 0, 0
100.001, 0.824872, 0.319671, 0.824872, 0.319671, 0, 0, -4.82047e-43, 0, 0, 0, 0.866115, 0, 0, 0
100.001, 0.824872, 0.319671, 0.824872, 0.319671, 0, 0, -4.82047e-43, 0, 0, 0, 0.866115, 0, 0, 0
100.051, 0.824872, 0.319671, 0.824872, 0.319671, 0, 0, -4.82047e-43, 0, 0, 0, 0.866115, 0, 0, 0
100.101, 0.824872, 0.319671, 0.824872, 0.319671, 0, 0, -4.82047e-43, 0, 0, 0, 0.866115, 0, 0, 0
100.151, 0.824872, 0.319671, 0.824872, 0.319671, 0, 0, -4.82047e-43, 0, 0, 0, 0.866115, 0, 0, 0
100.201, 0.824872, 0.319671, 0.824872, 0.319671, 0, 0, -4.82047e-43, 0, 0, 0, 0.866115, 0, 0, 0
100.251, 0.824872, 0.319671, 0.824872, 0.319671, 0, 0, -4.82047e-43, 0, 0, 0, 0.866115, 0, 0, 0
100.301, 0.824872, 0.319671, 0.824872, 0.319671, 0, 0, -4.82047e-43, 0, 0, 0, 0.866115, 0, 0, 0
100.35, 0.824872, 0.319671, 0.824872, 0.319671, 0, 0, -4.82047e-43, 0, 0, 0, 0.866115, 0, 0, 0
100.4, 0.824872, 0.319671, 0.824872, 0.319671, 0, 0, -4.82047e-43, 0, 0, 0, 0.866115, 0, 0, 0
100.45, 0.824872, 0.319671, 0.824872, 0.319671, 0, 0, -4.82047e-43, 0, 0, 0, 0.866115, 0, 0, 0
100.5, 0.824872, 0.319671, 0.824872, 0.319671, 0, 0, -4.82047e-43, 0, 0, 0, 0.866115, 0, 0, 0
100.55, 0.824872, 0.319671, 0.824872, 0.319671, 0, 0, -4.82047e-43, 0, 0, 0, 0.866115, 0, 0, 0
100.6, 0.824872, 0.319671, 0.824872, 0.319671, 0, 0, -4.82047e-43, 0, 0, 0, 0.866115, 0, 0, 0
100.65, 0.824872, 0.319671, 0.824872, 0.319671, 0, 0, -4.82047e-43, 0, 0, 0, 0.866115, 0, 0, 0
100.7, 0.824872, 0.319671, 0.824872, 0.319671, 0, 0, -4.82047e-43, 0, 0, 0, 0.866115, 0, 0, 0
100.75, 0.824872, 0.319671, 0.824872, 0.319671, 0, 0, -4.82047e-43, 0, 0, 0, 0.866115, 0, 0, 0
100.8, 0.824872, 0.319671, 0.824872, 0.319671, 0, 0, -4.82047e-43, 0, 0, 0, 0.866115, 0, 0, 0
100.85, 0.824872, 0.319671, 0.824872, 0.319671, 0, 0, -4.82047e-43, 0, 0, 0, 0.866115, 0, 0, 0
100.9, 0.824872, 0.319671, 0.824872, 0.319671, 0, 0, -4.82047e-43, 0, 0, 0, 0.866115, 0, 0, 0
100.95, 0.824872, 0.319671, 0.824872, 0.319671, 0, 0, -4.82047e-43, 0, 0, 0, 0.866115, 0, 0, 0
101, 0.824872, 0.319671, 0.824872, 0.319671, 0, 0, -4.82047e-43, 0, 0, 0, 0.866115, 0, 0, 0
101, 0.824872, 0.319671, 0.824872, 0.319671, 0, 0, -4.82047e-43, 0, 0, 0, 0.866115, 0, 0, 0
101.05, 0.824872, 0.319671, 0.824872, 0.319671, 0, 0, -4.82047e-43, 0, 0, 0, 0.866115, 0, 0, 0
101.1, 0.824872, 0.319671, 0.824872, 0.319671, 0, 0, -4.82047e-43, 0, 0, 0, 0.866115, 0, 0, 0
101.15, 0.824872, 0.319671, 0.824872, 0.319671, 0, 0, -4.82047e-43, 0, 0, 0, 0.866115, 0, 0, 0
101.2, 0.824872, 0.319671, 0.824872, 0.319671, 0, 0, -4.82047e-43, 0, 0, 0, 0.866115, 0, 0, 0
101.25, 0.824872, 0.319671, 0.824872, 0.319671, 0, 0, -4.82047e-43, 0, 0, 0, 0.866115, 0, 0, 0
101.3, 0.824872, 0.319671, 0.824872, 0.319671, 0, 0, -4.82047e-43, 0, 0, 0, 0.866115, 0, 0, 0
101.35, 0.824872, 0.319671, 0.824872, 0.319671, 0, 0, -4.82047e-43, 0, 0, 0, 0.866115, 0, 0, 0
101.4, 0.824872, 0.319671, 0.824872, 0.319671, 0, 0, -4.82047e-43, 0, 0, 0, 0.866115, 0, 0, 0
101.45, 0.824872, 0.319671, 0.824872, 0.319671, 0, 0, -4.82047e-43, 0, 0, 0, 0.866115, 0, 0, 0
101.5, 0.824872, 0.319671, 0.824872, 0.319671, 0, 0, -4.82047e-43, 0, 0, 0, 0.866115, 0, 0, 0
101.55, 0.824872, 0.319671, 0.824872, 0.319671, 0, 0, -4.82047e-43, 0, 0, 0, 0.866115, 0, 0, 0
101.6, 0.824872, 0.319671, 0.824872, 0.319671, 0, 0, -4.82047e-43, 0, 0, 0, 0.866115, 0, 0, 0
101.65, 0.824872, 0.319671, 0.824872, 0.319671, 0, 0, -4.82047e-43, 0, 0, 0, 0.866115, 0, 0, 0
101.7, 0.824872, 0.319671, 0.824872, 0.319671, 0, 0, -4.82047e-43, 0, 0, 0, 0.866115, 0, 0, 0
101.75, 0.824872, 0.319671, 0.824872, 0.319671, 0, 0, -4.82047e-43, 0, 0, 0, 0.866115, 0, 0, 0
101.8, 0.824872, 0.319671, 0.824872, 0.319671, 0, 0, -4.82047e-43, 0, 0, 0, 0.866115, 0, 0, 0
101.85, 0.824872, 0.319671, 0.824872, 0.319671, 0, 0, -4.82047e-43, 0, 0, 0, 0.866115, 0, 0, 0
101.9, 0.824872, 0.319671, 0.824872, 0.319671, 0, 0, -4.82047e-43, 0, 0, 0, 0.866115, 0, 0, 0
101.95, 0.824872, 0.319671, 0.824872, 0.319671, 0, 0, -4.82047e-43, 0, 0, 0, 0.866115, 0, 0, 0
102, 0.824872, 0.319671, 0.824872, 0.319671, 0, 0, -4.82047e-43, 0, 0, 0, 0.866115, 0, 0, 0
102.001, 0.824872, 0.319671, 0.824872, 0.319671, 0, 0, -4.82047e-43, 0, 0, 0, 0.866115, 0, 0, 0
102.001, 0.824872, 0.319671, 0.824872, 0.319671, 0, 0, -4.82047e-43, 0, 0, 0, 0.866115, 0, 0, 0
102.051, 0.824872, 0.319671, 0.824872, 0.319671, 0, 0, -4.82047e-43, 0, 0, 0, 0.866115, 0, 0, 0
102.101, 0.824872, 0.319671, 0.824872, 0.319671, 0, 0, -4.82047e-43, 0, 0, 0, 0.866115, 0, 0, 0
102.15, 0.824872, 0.319671, 0.824872, 0.319671, 0, 0, -4.82047e-43, 0, 0, 0, 0.866115, 0, 0, 0
102.2, 0.824872, 0.319671, 0.824872, 0.319671, 0, 0, -4.82047e-43, 0, 0, 0, 0.866115, 0, 0, 0
102.25, 0.824872, 0.319671, 0.824872, 0.319671, 0, 0, -4.82047e-43, 0, 0, 0, 0.866115, 0, 0, 0
102.3, 0.824872, 0.319671, 0.824872, 0.319671, 0, 0, -4.82047e-43, 0, 0, 0, 0.866115, 0, 0, 0
102.35, 0.824872, 0.319671, 0.824872, 0.319671, 0, 0, -4.82047e-43, 0, 0, 0, 0.866115, 0, 0, 0
102.4, 0.824872, 0.319671, 0.824872, 0.319671, 0, 0, -4.82047e-43, 0, 0, 0, 0.866115, 0, 0, 0
102.45, 0.824872, 0.319671, 0.824872, 0.319671, 0, 0, -4.82047e-43, 0, 0, 0, 0.866115, 0, 0, 0
102.5, 0.824872, 0.319671, 0.824872, 0.319671, 0, 0, -4.82047e-43, 0, 0, 0, 0.866115, 0, 0, 0
102.55, 0.824872, 0.319671, 0.824872, 0.319671, 0, 0, -4.82047e-43, 0, 0, 0, 0.866115, 0, 0, 0
102.6, 0.824872, 0.319671, 0.824872, 0.319671, 0, 0, -4.82047e-43, 0, 0, 0, 0.866115, 0, 0, 0
102.65, 0.824872, 0.319671, 0.824872, 0.319671, 0, 0, -4.82047e-43, 0, 0, 0, 0.866115, 0, 0, 0
102.7, 0.824872, 0.319671, 0.824872, 0.319671, 0, 0, -4.82047e-43, 0, 0, 0, 0.866115, 0, 0, 0
102.75, 0.824872, 0.319671, 0.824872, 0.319671, 0, 0, -4.82047e-43, 0, 0, 0, 0.866115, 0, 0, 0
102.8, 0.824872, 0.319671, 0.824872, 0.319671, 0, 0, -4.82047e-43, 0, 0, 0, 0.866115, 0, 0, 0
102.85, 0.824872, 0.319671, 0.824872, 0.319671, 0, 0, -4.82047e-43, 0, 0, 0, 0.866115, 0, 0, 0
102.9, 0.824872, 0.319671, 0.824872, 0.319671, 0, 0, -4.82047e-43, 0, 0, 0, 0.866115, 0, 0, 0
102.95, 0.824872, 0.319671, 0.824872, 0.319671, 0, 0, -4.82047e-43, 0, 0, 0, 0.866115, 0, 0, 0
103, 0.824872, 0.319671, 0.824872, 0.319671, 0, 0, -4.82047e-43, 0, 0, 0, 0.866115, 0, 0, 0
103, 0.824872, 0.319671, 0.824872, 0.319671, 0, 0, -4.82047e-43, 0, 0, 0, 0.866115, 0, 0, 0
103.05, 0.824872, 0.319671, 0.824872, 0.319671, 0, 0, -4.82047e-43, 0, 0, 0, 0.866115, 0, 0, 0
103.1, 0.824872, 0.319671, 0.824872, 0.319671, 0, 0, -4.82047e-43, 0, 0, 0, 0.866115, 0, 0, 0
103.15, 0.824872, 0.319671, 0.824872, 0.319671, 0, 0, -4.82047e-43, 0, 0, 0, 0.866115, 0, 0, 0
103.2, 0.824872, 0.319671, 0.824872, 0.319671, 0, 0, -4.82047e-43, 0, 0, 0, 0.866115, 0, 0, 0
103.25, 0.824872, 0.319671, 0.824872, 0.319671, 0, 0, -4.82047e-43, 0, 0, 0, 0.866115, 0, 0, 0
103.3, 0.824872, 0.319671, 0.824872, 0.319671, 0, 0, -4.82047e-43, 0, 0, 0, 0.866115, 0, 0, 0
103.35, 0.824872, 0.319671, 0.824872, 0.319671, 0, 0, -4.82047e-43, 0, 0, 0, 0.866115, 0, 0, 0
103.4, 0.824872, 0.319671, 0.824872, 0.319671, 0, 0, -4.82047e-43, 0, 0, 0, 0.866115, 0, 0, 0
103.45, 0.824872, 0.319671, 0.824872, 0.319671, 0, 0, -4.82047e-43, 0, 0, 0, 0.866115, 0, 0, 0
103.5, 0.824872, 0.319671, 0.824872, 0.319671, 0, 0, -4.82047e-43, 0, 0, 0, 0.866115, 0, 0, 0
103.55, 0.824872, 0.319671, 0.824872, 0.319671, 0, 0, -4.82047e-43, 0, 0, 0, 0.866115, 0, 0, 0
103.6, 0.824872, 0.319671, 0.824872, 0.319671, 0, 0, -4.82047e-43, 0, 0, 0, 0.866115, 0, 0, 0
103.65, 0.824872, 0.319671, 0.824872, 0.319671, 0, 0, -4.82047e-43, 0, 0, 0, 0.866115, 0, 0, 0
103.7, 0.824872, 0.319671, 0.824872, 0.319671, 0, 0, -4.82047e-43, 0, 0, 0, 0.866115, 0, 0, 0
103.75, 0.824872, 0.319671, 0.824872, 0.319671, 0, 0, -4.82047e-43, 0, 0, 0, 0.866115, 0, 0, 0
103.8, 0.824872, 0.319671, 0.824872, 0.319671, 0, 0, -4.82047e-43, 0, 0, 0, 0.866115, 0, 0, 0
103.85, 0.824872, 0.319671, 0.824872, 0.319671, 0, 0, -4.82047e-43, 0, 0, 0, 0.866115, 0, 0, 0
103.9, 0.824872, 0.319671, 0.824872, 0.319671, 0, 0, -4.82047e-43, 0, 0, 0, 0.866115, 0, 0, 0
103.95, 0.824872, 0.319671, 0.824872, 0.319671, 0, 0, -4.82047e-43, 0, 0, 0, 0.866115, 0, 0, 0
103.999, 0.824872, 0.319671, 0.824872, 0.319671, 0, 0, -4.82047e-43, 0, 0, 0, 0.866115, 0, 0, 0
104, 0.824872, 0.319671, 0.824872, 0.319671, 0, 0, -4.82047e-43, 0, 0, 0, 0.866115, 0, 0, 0
104, 0.824872, 0.319671, 0.824872, 0.319671, 0, 0, -4.82047e-43, 0, 0, 0, 0.866115, 0, 0, 0
104.05, 0.824872, 0.319671, 0.824872, 0.319671, 0, 0, -4.82047e-43, 0, 0, 0, 0.866115, 0, 0, 0
104.1, 0.824872, 0.319671, 0.824872, 0.319671, 0, 0, -4.82047e-43, 0, 0, 0, 0.866115, 0, 0, 0
104.15, 0.824872, 0.319671, 0.824872, 0.319671, 0, 0, -4.82047e-43, 0, 0, 0, 0.866115, 0, 0, 0
104.2, 0.824872, 0.319671, 0.824872, 0.319671, 0, 0, -4.82047e-43, 0, 0, 0, 0.866115, 0, 0, 0
104.25, 0.824872, 0.319671, 0.824872, 0.319671, 0, 0, -4.82047e-43, 0, 0, 0, 0.866115, 0, 0, 0
104.3, 0.824872, 0.319671, 0.824872, 0.319671, 0, 0, -4.82047e-43, 0, 0, 0, 0.866115, 0, 0, 0
104.35, 0.824872, 0.319671, 0.824872, 0.319671, 0, 0, -4.82047e-43, 0, 0, 0, 0.866115, 0, 0, 0
104.4, 0.824872, 0.319671, 0.824872, 0.319671, 0, 0, -4.82047e-43, 0, 0, 0, 0.866115, 0, 0, 0
104.45, 0.824872, 0.319671, 0.824872, 0.319671, 0, 0, -4.82047e-43, 0, 0, 0, 0.866115, 0, 0, 0
104.5, 0.824872, 0.319671, 0.824872, 0.319671, 0, 0, -4.82047e-43, 0, 0, 0, 0.866115, 0, 0, 0
104.55, 0.824872, 0.319671, 0.824872, 0.319671, 0, 0, -4.82047e-43, 0, 0, 0, 0.866115, 0, 0, 0
104.6, 0.824872, 0.319671, 0.824872, 0.319671, 0, 0, -4.82047e-43, 0, 0, 0, 0.866115, 0, 0, 0
104.65, 0.824872, 0.319671, 0.824872, 0.319671, 0, 0, -4.82047e-43, 0, 0, 0, 0.866115, 0, 0, 0
104.7, 0.824872, 0.319671, 0.824872, 0.319671, 0, 0, -4.82047e-43, 0, 0, 0, 0.866115, 0, 0, 0
104.75, 0.824872, 0.319671, 0.824872, 0.319671, 0, 0, -4.82047e-43, 0, 0, 0, 0.866115, 0, 0, 0
104.8, 0.824872, 0.319671, 0.824872, 0.319671, 0, 0, -4.82047e-43, 0, 0, 0, 0.866115, 0, 0, 0
104.85, 0.824872, 0.319671, 0.824872, 0.319671, 0, 0, -4.82047e-43, 0, 0, 0, 0.866115, 0, 0, 0
104.9, 0.824872, 0.319671, 0.824872, 0.319671, 0, 0, -4.82047e-43, 0, 0, 0, 0.866115, 0, 0, 0
104.95, 0.824872, 0.319671, 0.824872, 0.319671, 0, 0, -4.82047e-43, 0, 0, 0, 0.866115, 0, 0, 0
105, 0.824872, 0.319671, 0.824872, 0.319671, 0, 0, -4.82047e-43, 0, 0, 0, 0.866115, 0, 0, 0
105.001, 0.824872, 0.319671, 0.824872, 0.319671, 0, 0, -4.82047e-43, 0, 0, 0, 0.866115, 0, 0, 0
105.001, 0.824872, 0.319671, 0.824872, 0.319671, 0, 0, -4.82047e-43, 0, 0, 0, 0.866115, 0, 0, 0
105.051, 0.824872, 0.319671, 0.824872, 0.319671, 0, 0, -4.82047e-43, 0, 0, 0, 0.866115, 0, 0, 0
105.101, 0.824872, 0.319671, 0.824872, 0.319671, 0, 0, -4.82047e-43, 0, 0, 0, 0.866115, 0, 0, 0
105.151, 0.824872, 0.319671, 0.824872, 0.319671, 0, 0, -4.82047e-43, 0, 0, 0, 0.866115, 0, 0, 0
105.201, 0.824872, 0.319671, 0.824872, 0.319671, 0, 0, -4.82047e-43, 0, 0, 0, 0.866115, 0, 0, 0
105.251, 0.824872, 0.319671, 0.824872, 0.319671, 0, 0, -4.82047e-43, 0, 0, 0, 0.866115, 0, 0, 0
105.301, 0.824872, 0.319671, 0.824872, 0.319671, 0, 0, -4.82047e-43, 0, 0, 0, 0.866115, 0, 0, 0
105.351, 0.824872, 0.319671, 0.824872, 0.319671, 0, 0, -4.82047e-43, 0, 0, 0, 0.866115, 0, 0, 0
105.401, 0.824872, 0.319671, 0.824872, 0.319671, 0, 0, -4.82047e-43, 0, 0, 0, 0.866115, 0, 0, 0
105.451, 0.824872, 0.319671, 0.824872, 0.319671, 0, 0, -4.82047e-43, 0, 0, 0, 0.866115, 0, 0, 0
105.501, 0.824872, 0.319671, 0.824872, 0.319671, 0, 0, -4.82047e-43, 0, 0, 0, 0.866115, 0, 0, 0
105.551, 0.824872, 0.319671, 0.824872, 0.319671, 0, 0, -4.82047e-43, 0, 0, 0, 0.866115, 0, 0, 0
105.601, 0.824872, 0.319671, 0.824872, 0.319671, 0, 0, -4.82047e-43, 0, 0, 0, 0.866115, 0, 0, 0
105.651, 0.824872, 0.319671, 0.824872, 0.319671, 0, 0, -4.82047e-43, 0, 0, 0, 0.866115, 0, 0, 0
105.701, 0.824872, 0.319671, 0.824872, 0.319671, 0, 0, -4.82047e-43, 0, 0, 0, 0.866115, 0, 0, 0
105.751, 0.824872, 0.319671, 0.824872, 0.319671, 0, 0, -4.82047e-43, 0, 0, 0, 0.866115, 0, 0, 0
105.8, 0.824872, 0.319671, 0.824872, 0.319671, 0, 0, -4.82047e-43, 0, 0, 0, 0.866115, 0, 0, 0
105.85, 0.824872, 0.319671, 0.824872, 0.319671, 0, 0, -4.82047e-43, 0, 0, 0, 0.866115, 0, 0, 0
105.9, 0.824872, 0.319671, 0.824872, 0.319671, 0, 0, -4.82047e-43, 0, 0, 0, 0.866115, 0, 0, 0
105.95, 0.824872, 0.319671, 0.824872, 0.319671, 0, 0, -4.82047e-43, 0, 0, 0, 0.866115, 0, 0, 0
106, 0.824872, 0.319671, 0.824872, 0.319671, 0, 0, -4.82047e-43, 0, 0, 0, 0.866115, 0, 0, 0
106, 0.824872, 0.319671, 0.824872, 0.319671, 0, 0, -4.82047e-43, 0, 0, 0, 0.866115, 0, 0, 0
106.05, 0.824872, 0.319671, 0.824872, 0.319671, 0, 0, -4.82047e-43, 0, 0, 0, 0.866115, 0, 0, 0
106.1, 0.824872, 0.319671, 0.824872, 0.319671, 0, 0, -4.82047e-43, 0, 0, 0, 0.866115, 0, 0, 0
106.15, 0.824872, 0.319671, 0.824872, 0.319671, 0, 0, -4.82047e-43, 0, 0, 0, 0.866115, 0, 0, 0
106.2, 0.824872, 0.319671, 0.824872, 0.319671, 0, 0, -4.82047e-43, 0, 0, 0, 0.866115, 0, 0, 0
106.25, 0.824872, 0.319671, 0.824872, 0.319671, 0, 0, -4.82047e-43, 0, 0, 0, 0.866115, 0, 0, 0
106.3, 0.824872, 0.319671, 0.824872, 0.319671, 0, 0, -4.82047e-43, 0, 0, 0, 0.866115, 0, 0, 0
106.35, 0.824872, 0.319671, 0.824872, 0.319671, 0, 0, -4.82047e-43, 0, 0, 0, 0.866115, 0, 0, 0
106.4, 0.824872, 0.319671, 0.824872, 0.319671, 0, 0, -4.82047e-43, 0, 0, 0, 0.866115, 0, 0, 0
106.45, 0.824872, 0.319671, 0.824872, 0.319671, 0, 0, -4.82047e-43, 0, 0, 0, 0.866115, 0, 0, 0
106.5, 0.824872, 0.319671, 0.824872, 0.319671, 0, 0, -4.82047e-43, 0, 0, 0, 0.866115, 0, 0, 0
106.55, 0.824872, 0.319671, 0.824872, 0.319671, 0, 0, -4.82047e-43, 0, 0, 0, 0.866115, 0, 0, 0
106.6, 0.824872, 0.319671, 0.824872, 0.319671, 0, 0, -4.82047e-43, 0, 0, 0, 0.866115, 0, 0, 0
106.65, 0.824872, 0.319671, 0.824872, 0.319671, 0, 0, -4.82047e-43, 0, 0, 0, 0.866115, 0, 0, 0
106.7, 0.824872, 0.319671, 0.824872, 0.319671, 0, 0, -4.82047e-43, 0, 0, 0, 0.866115, 0, 0, 0
106.75, 0.824872, 0.319671, 0.824872, 0.319671, 0, 0, -4.82047e-43, 0, 0, 0, 0.866115, 0, 0, 0
106.8, 0.824872, 0.319671, 0.824872, 0.319671, 0, 0, -4.82047e-43, 0, 0, 0, 0.866115, 0, 0, 0
106.85, 0.824872, 0.319671, 0.824872, 0.319671, 0, 0, -4.82047e-43, 0, 0, 0, 0.866115, 0, 0, 0
106.9, 0.824872, 0.319671, 0.824872, 0.319671, 0, 0, -4.82047e-43, 0, 0, 0, 0.866115, 0, 0, 0
106.95, 0.824872, 0.319671, 0.824872, 0.319671, 0, 0, -4.82047e-43, 0, 0, 0, 0.866115, 0, 0, 0
107, 0.824872, 0.319671, 0.824872, 0.319671, 0, 0, -4.82047e-43, 0, 0, 0, 0.866115, 0, 0, 0
107.001, 0.824872, 0.319671, 0.824872, 0.319671, 0, 0, -4.82047e-43, 0, 0, 0, 0.866115, 0, 0, 0
107.001, 0.824872, 0.319671, 0.824872, 0.319671, 0, 0, -4.82047e-43, 0, 0, 0, 0.866115, 0, 0, 0
107.051, 0.824872, 0.319671, 0.824872, 0.319671, 0, 0, -4.82047e-43, 0, 0, 0, 0.866115, 0, 0, 0
107.101, 0.824872, 0.319671, 0.824872, 0.319671, 0, 0, -4.82047e-43, 0, 0, 0, 0.866115, 0, 0, 0
107.151, 0.824872, 0.319671, 0.824872, 0.319671, 0, 0, -4.82047e-43, 0, 0, 0, 0.866115, 0, 0, 0
107.201, 0.824872, 0.319671, 0.824872, 0.319671, 0, 0, -4.82047e-43, 0, 0, 0, 0.866115, 0, 0, 0
107.251, 0.824872, 0.319671, 0.824872, 0.319671, 0, 0, -4.82047e-43, 0, 0, 0, 0.866115, 0, 0, 0
107.301, 0.824872, 0.319671, 0.824872, 0.319671, 0, 0, -4.82047e-43, 0, 0, 0, 0.866115, 0, 0, 0
107.351, 0.824872, 0.319671, 0.824872, 0.319671, 0, 0, -4.82047e-43, 0, 0, 0, 0.866115, 0, 0, 0
107.401, 0.824872, 0.319671, 0.824872, 0.319671, 0, 0, -4.82047e-43, 0, 0, 0, 0.866115, 0, 0, 0
107.451, 0.824872, 0.319671, 0.824872, 0.319671, 0, 0, -4.82047e-43, 0, 0, 0, 0.866115, 0, 0, 0
107.501, 0.824872, 0.319671, 0.824872, 0.319671, 0, 0, -4.82047e-43, 0, 0, 0, 0.866115, 0, 0, 0
107.551, 0.824872, 0.319671, 0.824872, 0.319671, 0, 0, -4.82047e-43, 0, 0, 0, 0.866115, 0, 0, 0
107.6, 0.824872, 0.319671, 0.824872, 0.319671, 0, 0, -4.82047e-43, 0, 0, 0, 0.866115, 0, 0, 0
107.65, 0.824872, 0.319671, 0.824872, 0.319671, 0, 0, -4.82047e-43, 0, 0, 0, 0.866115, 0, 0, 0
107.7, 0.824872, 0.319671, 0.824872, 0.319671, 0, 0, -4.82047e-43, 0, 0, 0, 0.866115, 0, 0, 0
107.75, 0.824872, 0.319671, 0.824872, 0.319671, 0, 0, -4.82047e-43, 0, 0, 0, 0.866115, 0, 0, 0
107.8, 0.824872, 0.319671, 0.824872, 0.319671, 0, 0, -4.82047e-43, 0, 0, 0, 0.866115, 0, 0, 0
107.85, 0.824872, 0.319671, 0.824872, 0.319671, 0, 0, -4.82047e-43, 0, 0, 0, 0.866115, 0, 0, 0
107.9, 0.824872, 0.319671, 0.824872, 0.319671, 0, 0, -4.82047e-43, 0, 0, 0, 0.866115, 0, 0, 0
107.95, 0.824872, 0.319671, 0.824872, 0.319671, 0, 0, -4.82047e-43, 0, 0, 0, 0.866115, 0, 0, 0
108, 0.824872, 0.319671, 0.824872, 0.319671, 0, 0, -4.82047e-43, 0, 0, 0, 0.866115, 0, 0, 0
108, 0.824872, 0.319671, 0.824872, 0.319671, 0, 0, -4.82047e-43, 0, 0, 0, 0.866115, 0, 0, 0
108.05, 0.824872, 0.319671, 0.824872, 0.319671, 0, 0, -4.82047e-43, 0, 0, 0, 0.866115, 0, 0, 0
108.1, 0.824872, 0.319671, 0.824872, 0.319671, 0, 0, -4.82047e-43, 0, 0, 0, 0.866115, 0, 0, 0
108.15, 0.824872, 0.319671, 0.824872, 0.319671, 0, 0, -4.82047e-43, 0, 0, 0, 0.866115, 0, 0, 0
108.2, 0.824872, 0.319671, 0.824872, 0.319671, 0, 0, -4.82047e-43, 0, 0, 0, 0.866115, 0, 0, 0
108.25, 0.824872, 0.319671, 0.824872, 0.319671, 0, 0, -4.82047e-43, 0, 0, 0, 0.866115, 0, 0, 0
108.3, 0.824872, 0.319671, 0.824872, 0.319671, 0, 0, -4.82047e-43, 0, 0, 0, 0.866115, 0, 0, 0
108.35, 0.824872, 0.319671, 0.824872, 0.319671, 0, 0, -4.82047e-43, 0, 0, 0, 0.866115, 0, 0, 0
108.4, 0.824872, 0.319671, 0.824872, 0.319671, 0, 0, -4.82047e-43, 0, 0, 0, 0.866115, 0, 0, 0
108.45, 0.824872, 0.319671, 0.824872, 0.319671, 0, 0, -4.82047e-43, 0, 0, 0, 0.866115, 0, 0, 0
108.5, 0.824872, 0.319671, 0.824872, 0.319671, 0, 0, -4.82047e-43, 0, 0, 0, 0.866115, 0, 0, 0
108.55, 0.824872, 0.319671, 0.824872, 0.319671, 0, 0, -4.82047e-43, 0, 0, 0, 0.866115, 0, 0, 0
108.6, 0.824872, 0.319671, 0.824872, 0.319671, 0, 0, -4.82047e-43, 0, 0, 0, 0.866115, 0, 0, 0
108.65, 0.824872, 0.319671, 0.824872, 0.319671, 0, 0, -4.82047e-43, 0, 0, 0, 0.866115, 0, 0, 0
108.7, 0.824872, 0.319671, 0.824872, 0.319671, 0, 0, -4.82047e-43, 0, 0, 0, 0.866115, 0, 0, 0
108.75, 0.824872, 0.319671, 0.824872, 0.319671, 0, 0, -4.82047e-43, 0, 0, 0, 0.866115, 0, 0, 0
108.8, 0.824872, 0.319671, 0.824872, 0.319671, 0, 0, -4.82047e-43, 0, 0, 0, 0.866115, 0, 0, 0
108.85, 0.824872, 0.319671, 0.824872, 0.319671, 0, 0, -4.82047e-43, 0, 0, 0, 0.866115, 0, 0, 0
108.9, 0.824872, 0.319671, 0.824872, 0.319671, 0, 0, -4.82047e-43, 0, 0, 0, 0.866115, 0, 0, 0
108.95, 0.824872, 0.319671, 0.824872, 0.319671, 0, 0, -4.82047e-43, 0, 0, 0, 0.866115, 0, 0, 0
109, 0.824872, 0.319671, 0.824872, 0.319671, 0, 0, -4.82047e-43, 0, 0, 0, 0.866115, 0, 0, 0
109.001, 0.824872, 0.319671, 0.824872, 0.319671, 0, 0, -4.82047e-43, 0, 0, 0, 0.866115, 0, 0, 0
109.001, 0.824872, 0.319671, 0.824872, 0.319671, 0, 0, -4.82047e-43, 0, 0, 0, 0.866115, 0, 0, 0
109.051, 0.824872, 0.319671, 0.824872, 0.319671, 0, 0, -4.82047e-43, 0, 0, 0, 0.866115, 0, 0, 0
109.101, 0.824872, 0.319671, 0.824872, 0.319671, 0, 0, -4.82047e-43, 0, 0, 0, 0.866115, 0, 0, 0
109.151, 0.824872, 0.319671, 0.824872, 0.319671, 0, 0, -4.82047e-43, 0, 0, 0, 0.866115, 0, 0, 0
109.201, 0.824872, 0.319671, 0.824872, 0.319671, 0, 0, -4.82047e-43, 0, 0, 0, 0.866115, 0, 0, 0
109.251, 0.824872, 0.319671, 0.824872, 0.319671, 0, 0, -4.82047e-43, 0, 0, 0, 0.866115, 0, 0, 0
109.301, 0.824872, 0.319671, 0.824872, 0.319671, 0, 0, -4.82047e-43, 0, 0, 0, 0.866115, 0, 0, 0
109.351, 0.824872, 0.319671, 0.824872, 0.319671, 0, 0, -4.82047e-43, 0, 0, 0, 0.866115, 0, 0, 0
109.401, 0.824872, 0.319671, 0.824872, 0.319671, 0, 0, -4.82047e-43, 0, 0, 0, 0.866115, 0, 0, 0
109.45, 0.824872, 0.319671, 0.824872, 0.319671, 0, 0, -4.82047e-43, 0, 0, 0, 0.866115, 0, 0, 0
109.5, 0.824872, 0.319671, 0.824872, 0.319671, 0, 0, -4.82047e-43, 0, 0, 0, 0.866115, 0, 0, 0
109.55, 0.824872, 0.319671, 0.824872, 0.319671, 0, 0, -4.82047e-43, 0, 0, 0, 0.866115, 0, 0, 0
109.6, 0.824872, 0.319671, 0.824872, 0.319671, 0, 0, -4.82047e-43, 0, 0, 0, 0.866115, 0, 0, 0
109.65, 0.824872, 0.319671, 0.824872, 0.319671, 0, 0, -4.82047e-43, 0, 0, 0, 0.866115, 0, 0, 0
109.7, 0.824872, 0.319671, 0.824872, 0.319671, 0, 0, -4.82047e-43, 0, 0, 0, 0.866115, 0, 0, 0
109.75, 0.824872, 0.319671, 0.824872, 0.319671, 0, 0, -4.82047e-43, 0, 0, 0, 0.866115, 0, 0, 0
109.8, 0.824872, 0.319671, 0.824872, 0.319671, 0, 0, -4.82047e-43, 0, 0, 0, 0.866115, 0, 0, 0
109.85, 0.824872, 0.319671, 0.824872, 0.319671, 0, 0, -4.82047e-43, 0, 0, 0, 0.866115, 0, 0, 0
109.9, 0.824872, 0.319671, 0.824872, 0.319671, 0, 0, -4.82047e-43, 0, 0, 0, 0.866115, 0, 0, 0
109.95, 0.824872, 0.319671, 0.824872, 0.319671, 0, 0, -4.82047e-43, 0, 0, 0, 0.866115, 0, 0, 0
110, 0.824872, 0.319671, 0.824872, 0.319671, 0, 0, -4.82047e-43, 0, 0, 0, 0.866115, 0, 0, 0
110, 0.824872, 0.319671, 0.824872, 0.319671, 0, 0, -4.82047e-43, 0, 0, 0, 0.866115, 0, 0, 0
110.05, 0.824872, 0.319671, 0.824872, 0.319671, 0, 0, -4.82047e-43, 0, 0, 0, 0.866115, 0, 0, 0
110.1, 0.824872, 0.319671, 0.824872, 0.319671, 0, 0, -4.82047e-43, 0, 0, 0, 0.866115, 0, 0, 0
110.15, 0.824872, 0.319671, 0.824872, 0.319671, 0, 0, -4.82047e-43, 0, 0, 0, 0.866115, 0, 0, 0
110.2, 0.824872, 0.319671, 0.824872, 0.319671, 0, 0, -4.82047e-43, 0, 0, 0, 0.866115, 0, 0, 0
110.25, 0.824872, 0.319671, 0.824872, 0.319671, 0, 0, -4.82047e-43, 0, 0, 0, 0.866115, 0, 0, 0
110.3, 0.824872, 0.319671, 0.824872, 0.319671, 0, 0, -4.82047e-43, 0, 0, 0, 0.866115, 0, 0, 0
110.35, 0.824872, 0.319671, 0.824872, 0.319671, 0, 0, -4.82047e-43, 0, 0, 0, 0.866115, 0, 0, 0
110.4, 0.824872, 0.319671, 0.824872, 0.319671, 0, 0, -4.82047e-43, 0, 0, 0, 0.866115, 0, 0, 0
110.45, 0.824872, 0.319671, 0.824872, 0.319671, 0, 0, -4.82047e-43, 0, 0, 0, 0.866115, 0, 0, 0
110.5, 0.824872, 0.319671, 0.824872, 0.319671, 0, 0, -4.82047e-43, 0, 0, 0, 0.866115, 0, 0, 0
110.55, 0.824872, 0.319671, 0.824872, 0.319671, 0, 0, -4.82047e-43, 0, 0, 0, 0.866115, 0, 0, 0
110.6, 0.824872, 0.319671, 0.824872, 0.319671, 0, 0, -4.82047e-43, 0, 0, 0, 0.866115, 0, 0, 0
110.65, 0.824872, 0.319671, 0.824872, 0.319671, 0, 0, -4.82047e-43, 0, 0, 0, 0.866115, 0, 0, 0
110.7, 0.824872, 0.319671, 0.824872, 0.319671, 0, 0, -4.82047e-43, 0, 0, 0, 0.866115, 0, 0, 0
110.75, 0.824872, 0.319671, 0.824872, 0.319671, 0, 0, -4.82047e-43, 0, 0, 0, 0.866115, 0, 0, 0
110.8, 0.824872, 0.319671, 0.824872, 0.319671, 0, 0, -4.82047e-43, 0, 0, 0, 0.866115, 0, 0, 0
110.85, 0.824872, 0.319671, 0.824872, 0.319671, 0, 0, -4.82047e-43, 0, 0, 0, 0.866115, 0, 0, 0
110.9, 0.824872, 0.319671, 0.824872, 0.319671, 0, 0, -4.82047e-43, 0, 0, 0, 0.866115, 0, 0, 0
110.95, 0.824872, 0.319671, 0.824872, 0.319671, 0, 0, -4.82047e-43, 0, 0, 0, 0.866115, 0, 0, 0
111, 0.824872, 0.319671, 0.824872, 0.319671, 0, 0, -4.82047e-43, 0, 0, 0, 0.866115, 0, 0, 0
111.001, 0.824872, 0.319671, 0.824872, 0.319671, 0, 0, -4.82047e-43, 0, 0, 0, 0.866115, 0, 0, 0
111.001, 0.824872, 0.319671, 0.824872, 0.319671, 0, 0, -4.82047e-43, 0, 0, 0, 0.866115, 0, 0, 0
111.051, 0.824872, 0.319671, 0.824872, 0.319671, 0, 0, -4.82047e-43, 0, 0, 0, 0.866115, 0, 0, 0
111.101, 0.824872, 0.319671, 0.824872, 0.319671, 0, 0, -4.82047e-43, 0, 0, 0, 0.866115, 0, 0, 0
111.151, 0.824872, 0.319671, 0.824872, 0.319671, 0, 0, -4.82047e-43, 0, 0, 0, 0.866115, 0, 0, 0
111.201, 0.824872, 0.319671, 0.824872, 0.319671, 0, 0, -4.82047e-43, 0, 0, 0, 0.866115, 0, 0, 0
111.25, 0.824872, 0.319671, 0.824872, 0.319671, 0, 0, -4.82047e-43, 0, 0, 0, 0.866115, 0, 0, 0
111.3, 0.824872, 0.319671, 0.824872, 0.319671, 0, 0, -4.82047e-43, 0, 0, 0, 0.866115, 0, 0, 0
111.35, 0.824872, 0.319671, 0.824872, 0.319671, 0, 0, -4.82047e-43, 0, 0, 0, 0.866115, 0, 0, 0
111.4, 0.824872, 0.319671, 0.824872, 0.319671, 0, 0, -4.82047e-43, 0, 0, 0, 0.866115, 0, 0, 0
111.45, 0.824872, 0.319671, 0.824872, 0.319671, 0, 0, -4.82047e-43, 0, 0, 0, 0.866115, 0, 0, 0
111.5, 0.824872, 0.319671, 0.824872, 0.319671, 0, 0, -4.82047e-43, 0, 0, 0, 0.866115, 0, 0, 0
111.55, 0.824872, 0.319671, 0.824872, 0.319671, 0, 0, -4.82047e-43, 0, 0, 0, 0.866115, 0, 0, 0
111.6, 0.824872, 0.319671, 0.824872, 0.319671, 0, 0, -4.82047e-43, 0, 0, 0, 0.866115, 0, 0, 0
111.65, 0.824872, 0.319671, 0.824872, 0.319671, 0, 0, -4.82047e-43, 0, 0, 0, 0.866115, 0, 0, 0
111.7, 0.824872, 0.319671, 0.824872, 0.319671, 0, 0, -4.82047e-43, 0, 0, 0, 0.866115, 0, 0, 0
111.75, 0.824872, 0.319671, 0.824872, 0.319671, 0, 0, -4.82047e-43, 0, 0, 0, 0.866115, 0, 0, 0
111.8, 0.824872, 0.319671, 0.824872, 0.319671, 0, 0, -4.82047e-43, 0, 0, 0, 0.866115, 0, 0, 0
111.85, 0.824872, 0.319671, 0.824872, 0.319671, 0, 0, -4.82047e-43, 0, 0, 0, 0.866115, 0, 0, 0
111.9, 0.824872, 0.319671, 0.824872, 0.319671, 0, 0, -4.82047e-43, 0, 0, 0, 0.866115, 0, 0, 0
111.95, 0.824872, 0.319671, 0.824872, 0.319671, 0, 0, -4.82047e-43, 0, 0, 0, 0.866115, 0, 0, 0
112, 0.824872, 0.319671, 0.824872, 0.319671, 0, 0, -4.82047e-43, 0, 0, 0, 0.866115, 0, 0, 0
112, 0.824872, 0.319671, 0.824872, 0.319671, 0, 0, -4.82047e-43, 0, 0, 0, 0.866115, 0, 0, 0
112.05, 0.824872, 0.319671, 0.824872, 0.319671, 0, 0, -4.82047e-43, 0, 0, 0, 0.866115, 0, 0, 0
112.1, 0.824872, 0.319671, 0.824872, 0.319671, 0, 0, -4.82047e-43, 0, 0, 0, 0.866115, 0, 0, 0
112.15, 0.824872, 0.319671, 0.824872, 0.319671, 0, 0, -4.82047e-43, 0, 0, 0, 0.866115, 0, 0, 0
112.2, 0.824872, 0.319671, 0.824872, 0.319671, 0, 0, -4.82047e-43, 0, 0, 0, 0.866115, 0, 0, 0
112.25, 0.824872, 0.319671, 0.824872, 0.319671, 0, 0, -4.82047e-43, 0, 0, 0, 0.866115, 0, 0, 0
112.3, 0.824872, 0.319671, 0.824872, 0.319671, 0, 0, -4.82047e-43, 0, 0, 0, 0.866115, 0, 0, 0
112.35, 0.824872, 0.319671, 0.824872, 0.319671, 0, 0, -4.82047e-43, 0, 0, 0, 0.866115, 0, 0, 0
112.4, 0.824872, 0.319671, 0.824872, 0.319671, 0, 0, -4.82047e-43, 0, 0, 0, 0.866115, 0, 0, 0
112.45, 0.824872, 0.319671, 0.824872, 0.319671, 0, 0, -4.82047e-43, 0, 0, 0, 0.866115, 0, 0, 0
112.5, 0.824872, 0.319671, 0.824872, 0.319671, 0, 0, -4.82047e-43, 0, 0, 0, 0.866115, 0, 0, 0
112.55, 0.824872, 0.319671, 0.824872, 0.319671, 0, 0, -4.82047e-43, 0, 0, 0, 0.866115, 0, 0, 0
112.6, 0.824872, 0.319671, 0.824872, 0.319671, 0, 0, -4.82047e-43, 0, 0, 0, 0.866115, 0, 0, 0
112.65, 0.824872, 0.319671, 0.824872, 0.319671, 0, 0, -4.82047e-43, 0, 0, 0, 0.866115, 0, 0, 0
112.7, 0.824872, 0.319671, 0.824872, 0.319671, 0, 0, -4.82047e-43, 0, 0, 0, 0.866115, 0, 0, 0
112.75, 0.824872, 0.319671, 0.824872, 0.319671, 0, 0, -4.82047e-43, 0, 0, 0, 0.866115, 0, 0, 0
112.8, 0.824872, 0.319671, 0.824872, 0.319671, 0, 0, -4.82047e-43, 0, 0, 0, 0.866115, 0, 0, 0
112.85, 0.824872, 0.319671, 0.824872, 0.319671, 0, 0, -4.82047e-43, 0, 0, 0, 0.866115, 0, 0, 0
112.9, 0.824872, 0.319671, 0.824872, 0.319671, 0, 0, -4.82047e-43, 0, 0, 0, 0.866115, 0, 0, 0
112.95, 0.824872, 0.319671, 0.824872, 0.319671, 0, 0, -4.82047e-43, 0, 0, 0, 0.866115, 0, 0, 0
113, 0.824872, 0.319671, 0.824872, 0.319671, 0, 0, -4.82047e-43, 0, 0, 0, 0.866115, 0, 0, 0
113.001, 0.824872, 0.319671, 0.824872, 0.319671, 0, 0, -4.82047e-43, 0, 0, 0, 0.866115, 0, 0, 0
113.001, 0.824872, 0.319671, 0.824872, 0.319671, 0, 0, -4.82047e-43, 0, 0, 0, 0.866115, 0, 0, 0
113.05, 0.824872, 0.319671, 0.824872, 0.319671, 0, 0, -4.82047e-43, 0, 0, 0, 0.866115, 0, 0, 0
113.1, 0.824872, 0.319671, 0.824872, 0.319671, 0, 0, -4.82047e-43, 0, 0, 0, 0.866115, 0, 0, 0
113.15, 0.824872, 0.319671, 0.824872, 0.319671, 0, 0, -4.82047e-43, 0, 0, 0, 0.866115, 0, 0, 0
113.2, 0.824872, 0.319671, 0.824872, 0.319671, 0, 0, -4.82047e-43, 0, 0, 0, 0.866115, 0, 0, 0
113.25, 0.824872, 0.319671, 0.824872, 0.319671, 0, 0, -4.82047e-43, 0, 0, 0, 0.866115, 0, 0, 0
113.3, 0.824872, 0.319671, 0.824872, 0.319671, 0, 0, -4.82047e-43, 0, 0, 0, 0.866115, 0, 0, 0
113.35, 0.824872, 0.319671, 0.824872, 0.319671, 0, 0, -4.82047e-43, 0, 0, 0, 0.866115, 0, 0, 0
113.4, 0.824872, 0.319671, 0.824872, 0.319671, 0, 0, -4.82047e-43, 0, 0, 0, 0.866115, 0, 0, 0
113.45, 0.824872, 0.319671, 0.824872, 0.319671, 0, 0, -4.82047e-43, 0, 0, 0, 0.866115, 0, 0, 0
113.5, 0.824872, 0.319671, 0.824872, 0.319671, 0, 0, -4.82047e-43, 0, 0, 0, 0.866115, 0, 0, 0
113.55, 0.824872, 0.319671, 0.824872, 0.319671, 0, 0, -4.82047e-43, 0, 0, 0, 0.866115, 0, 0, 0
113.6, 0.824872, 0.319671, 0.824872, 0.319671, 0, 0, -4.82047e-43, 0, 0, 0, 0.866115, 0, 0, 0
113.65, 0.824872, 0.319671, 0.824872, 0.319671, 0, 0, -4.82047e-43, 0, 0, 0, 0.866115, 0, 0, 0
113.7, 0.824872, 0.319671, 0.824872, 0.319671, 0, 0, -4.82047e-43, 0, 0, 0, 0.866115, 0, 0, 0
113.75, 0.824872, 0.319671, 0.824872, 0.319671, 0, 0, -4.82047e-43, 0, 0, 0, 0.866115, 0, 0, 0
113.8, 0.824872, 0.319671, 0.824872, 0.319671, 0, 0, -4.82047e-43, 0, 0, 0, 0.866115, 0, 0, 0
113.85, 0.824872, 0.319671, 0.824872, 0.319671, 0, 0, -4.82047e-43, 0, 0, 0, 0.866115, 0, 0, 0
113.9, 0.824872, 0.319671, 0.824872, 0.319671, 0, 0, -4.82047e-43, 0, 0, 0, 0.866115, 0, 0, 0
113.95, 0.824872, 0.319671, 0.824872, 0.319671, 0, 0, -4.82047e-43, 0, 0, 0, 0.866115, 0, 0, 0
114, 0.824872, 0.319671, 0.824872, 0.319671, 0, 0, -4.82047e-43, 0, 0, 0, 0.866115, 0, 0, 0
114.001, 0.824872, 0.319671, 0.824872, 0.319671, 0, 0, -4.82047e-43, 0, 0, 0, 0.866115, 0, 0, 0
114.001, 0.824872, 0.319671, 0.824872, 0.319671, 0, 0, -4.82047e-43, 0, 0, 0, 0.866115, 0, 0, 0
114.051, 0.824872, 0.319671, 0.824872, 0.319671, 0, 0, -4.82047e-43, 0, 0, 0, 0.866115, 0, 0, 0
114.101, 0.824872, 0.319671, 0.824872, 0.319671, 0, 0, -4.82047e-43, 0, 0, 0, 0.866115, 0, 0, 0
114.151, 0.824872, 0.319671, 0.824872, 0.319671, 0, 0, -4.82047e-43, 0, 0, 0, 0.866115, 0, 0, 0
114.201, 0.824872, 0.319671, 0.824872, 0.319671, 0, 0, -4.82047e-43, 0, 0, 0, 0.866115, 0, 0, 0
114.251, 0.824872, 0.319671, 0.824872, 0.319671, 0, 0, -4.82047e-43, 0, 0, 0, 0.866115, 0, 0, 0
114.301, 0.824872, 0.319671, 0.824872, 0.319671, 0, 0, -4.82047e-43, 0, 0, 0, 0.866115, 0, 0, 0
114.351, 0.824872, 0.319671, 0.824872, 0.319671, 0, 0, -4.82047e-43, 0, 0, 0, 0.866115, 0, 0, 0
114.401, 0.824872, 0.319671, 0.824872, 0.319671, 0, 0, -4.82047e-43, 0, 0, 0, 0.866115, 0, 0, 0
114.451, 0.824872, 0.319671, 0.824872, 0.319671, 0, 0, -4.82047e-43, 0, 0, 0, 0.866115, 0, 0, 0
114.501, 0.824872, 0.319671, 0.824872, 0.319671, 0, 0, -4.82047e-43, 0, 0, 0, 0.866115, 0, 0, 0
114.551, 0.824872, 0.319671, 0.824872, 0.319671, 0, 0, -4.82047e-43, 0, 0, 0, 0.866115, 0, 0, 0
114.601, 0.824872, 0.319671, 0.824872, 0.319671, 0, 0, -4.82047e-43, 0, 0, 0, 0.866115, 0, 0, 0
114.651, 0.824872, 0.319671, 0.824872, 0.319671, 0, 0, -4.82047e-43, 0, 0, 0, 0.866115, 0, 0, 0
114.701, 0.824872, 0.319671, 0.824872, 0.319671, 0, 0, -4.82047e-43, 0, 0, 0, 0.866115, 0, 0, 0
114.751, 0.824872, 0.319671, 0.824872, 0.319671, 0, 0, -4.82047e-43, 0, 0, 0, 0.866115, 0, 0, 0
114.801, 0.824872, 0.319671, 0.824872, 0.319671, 0, 0, -4.82047e-43, 0, 0, 0, 0.866115, 0, 0, 0
114.851, 0.824872, 0.319671, 0.824872, 0.319671, 0, 0, -4.82047e-43, 0, 0, 0, 0.866115, 0, 0, 0
114.9, 0.824872, 0.319671, 0.824872, 0.319671, 0, 0, -4.82047e-43, 0, 0, 0, 0.866115, 0, 0, 0
114.95, 0.824872, 0.319671, 0.824872, 0.319671, 0, 0, -4.82047e-43, 0, 0, 0, 0.866115, 0, 0, 0
115, 0.824872, 0.319671, 0.824872, 0.319671, 0, 0, -4.82047e-43, 0, 0, 0, 0.866115, 0, 0, 0
115, 0.824872, 0.319671, 0.824872, 0.319671, 0, 0, -4.82047e-43, 0, 0, 0, 0.866115, 0, 0, 0
115.05, 0.824872, 0.319671, 0.824872, 0.319671, 0, 0, -4.82047e-43, 0, 0, 0, 0.866115, 0, 0, 0
115.1, 0.824872, 0.319671, 0.824872, 0.319671, 0, 0, -4.82047e-43, 0, 0, 0, 0.866115, 0, 0, 0
115.15, 0.824872, 0.319671, 0.824872, 0.319671, 0, 0, -4.82047e-43, 0, 0, 0, 0.866115, 0, 0, 0
115.2, 0.824872, 0.319671, 0.824872, 0.319671, 0, 0, -4.82047e-43, 0, 0, 0, 0.866115, 0, 0, 0
115.25, 0.824872, 0.319671, 0.824872, 0.319671, 0, 0, -4.82047e-43, 0, 0, 0, 0.866115, 0, 0, 0
115.3, 0.824872, 0.319671, 0.824872, 0.319671, 0, 0, -4.82047e-43, 0, 0, 0, 0.866115, 0, 0, 0
115.35, 0.824872, 0.319671, 0.824872, 0.319671, 0, 0, -4.82047e-43, 0, 0, 0, 0.866115, 0, 0, 0
115.4, 0.824872, 0.319671, 0.824872, 0.319671, 0, 0, -4.82047e-43, 0, 0, 0, 0.866115, 0, 0, 0
115.45, 0.824872, 0.319671, 0.824872, 0.319671, 0, 0, -4.82047e-43, 0, 0, 0, 0.866115, 0, 0, 0
115.5, 0.824872, 0.319671, 0.824872, 0.319671, 0, 0, -4.82047e-43, 0, 0, 0, 0.866115, 0, 0, 0
115.55, 0.824872, 0.319671, 0.824872, 0.319671, 0, 0, -4.82047e-43, 0, 0, 0, 0.866115, 0, 0, 0
115.6, 0.824872, 0.319671, 0.824872, 0.319671, 0, 0, -4.82047e-43, 0, 0, 0, 0.866115, 0, 0, 0
115.65, 0.824872, 0.319671, 0.824872, 0.319671, 0, 0, -4.82047e-43, 0, 0, 0, 0.866115, 0, 0, 0
115.7, 0.824872, 0.319671, 0.824872, 0.319671, 0, 0, -4.82047e-43, 0, 0, 0, 0.866115, 0, 0, 0
115.75, 0.824872, 0.319671, 0.824872, 0.319671, 0, 0, -4.82047e-43, 0, 0, 0, 0.866115, 0, 0, 0
115.8, 0.824872, 0.319671, 0.824872, 0.319671, 0, 0, -4.82047e-43, 0, 0, 0, 0.866115, 0, 0, 0
115.85, 0.824872, 0.319671, 0.824872, 0.319671, 0, 0, -4.82047e-43, 0, 0, 0, 0.866115, 0, 0, 0
115.9, 0.824872, 0.319671, 0.824872, 0.319671, 0, 0, -4.82047e-43, 0, 0, 0, 0.866115, 0, 0, 0
115.95, 0.824872, 0.319671, 0.824872, 0.319671, 0, 0, -4.82047e-43, 0, 0, 0, 0.866115, 0, 0, 0
116, 0.824872, 0.319671, 0.824872, 0.319671, 0, 0, -4.82047e-43, 0, 0, 0, 0.866115, 0, 0, 0
116.001, 0.824872, 0.319671, 0.824872, 0.319671, 0, 0, -4.82047e-43, 0, 0, 0, 0.866115, 0, 0, 0
116.001, 0.824872, 0.319671, 0.824872, 0.319671, 0, 0, -4.82047e-43, 0, 0, 0, 0.866115, 0, 0, 0
116.051, 0.824872, 0.319671, 0.824872, 0.319671, 0, 0, -4.82047e-43, 0, 0, 0, 0.866115, 0, 0, 0
116.101, 0.824872, 0.319671, 0.824872, 0.319671, 0, 0, -4.82047e-43, 0, 0, 0, 0.866115, 0, 0, 0
116.151, 0.824872, 0.319671, 0.824872, 0.319671, 0, 0, -4.82047e-43, 0, 0, 0, 0.866115, 0, 0, 0
116.201, 0.824872, 0.319671, 0.824872, 0.319671, 0, 0, -4.82047e-43, 0, 0, 0, 0.866115, 0, 0, 0
116.251, 0.824872, 0.319671, 0.824872, 0.319671, 0, 0, -4.82047e-43, 0, 0, 0, 0.866115, 0, 0, 0
116.301, 0.824872, 0.319671, 0.824872, 0.319671, 0, 0, -4.82047e-43, 0, 0, 0, 0.866115, 0, 0, 0
116.351, 0.824872, 0.319671, 0.824872, 0.319671, 0, 0, -4.82047e-43, 0, 0, 0, 0.866115, 0, 0, 0
116.401, 0.824872, 0.319671, 0.824872, 0.319671, 0, 0, -4.82047e-43, 0, 0, 0, 0.866115, 0, 0, 0
116.451, 0.824872, 0.319671, 0.824872, 0.319671, 0, 0, -4.82047e-43, 0, 0, 0, 0.866115, 0, 0, 0
116.501, 0.824872, 0.319671, 0.824872, 0.319671, 0, 0, -4.82047e-43, 0, 0, 0, 0.866115, 0, 0, 0
116.551, 0.824872, 0.319671, 0.824872, 0.319671, 0, 0, -4.82047e-43, 0, 0, 0, 0.866115, 0, 0, 0
116.601, 0.824872, 0.319671, 0.824872, 0.319671, 0, 0, -4.82047e-43, 0, 0, 0, 0.866115, 0, 0, 0
116.651, 0.824872, 0.319671, 0.824872, 0.319671, 0, 0, -4.82047e-43, 0, 0, 0, 0.866115, 0, 0, 0
116.7, 0.824872, 0.319671, 0.824872, 0.319671, 0, 0, -4.82047e-43, 0, 0, 0, 0.866115, 0, 0, 0
116.75, 0.824872, 0.319671, 0.824872, 0.319671, 0, 0, -4.82047e-43, 0, 0, 0, 0.866115, 0, 0, 0
116.8, 0.824872, 0.319671, 0.824872, 0.319671, 0, 0, -4.82047e-43, 0, 0, 0, 0.866115, 0, 0, 0
116.85, 0.824872, 0.319671, 0.824872, 0.319671, 0, 0, -4.82047e-43, 0, 0, 0, 0.866115, 0, 0, 0
116.9, 0.824872, 0.319671, 0.824872, 0.319671, 0, 0, -4.82047e-43, 0, 0, 0, 0.866115, 0, 0, 0
116.95, 0.824872, 0.319671, 0.824872, 0.319671, 0, 0, -4.82047e-43, 0, 0, 0, 0.866115, 0, 0, 0
117, 0.824872, 0.319671, 0.824872, 0.319671, 0, 0, -4.82047e-43, 0, 0, 0, 0.866115, 0, 0, 0
117, 0.824872, 0.319671, 0.824872, 0.319671, 0, 0, -4.82047e-43, 0, 0, 0, 0.866115, 0, 0, 0
117.05, 0.824872, 0.319671, 0.824872, 0.319671, 0, 0, -4.82047e-43, 0, 0, 0, 0.866115, 0, 0, 0
117.1, 0.824872, 0.319671, 0.824872, 0.319671, 0, 0, -4.82047e-43, 0, 0, 0, 0.866115, 0, 0, 0
117.15, 0.824872, 0.319671, 0.824872, 0.319671, 0, 0, -4.82047e-43, 0, 0, 0, 0.866115, 0, 0, 0
117.2, 0.824872, 0.319671, 0.824872, 0.319671, 0, 0, -4.82047e-43, 0, 0, 0, 0.866115, 0, 0, 0
117.25, 0.824872, 0.319671, 0.824872, 0.319671, 0, 0, -4.82047e-43, 0, 0, 0, 0.866115, 0, 0, 0
117.3, 0.824872, 0.319671, 0.824872, 0.319671, 0, 0, -4.82047e-43, 0, 0, 0, 0.866115, 0, 0, 0
117.35, 0.824872, 0.319671, 0.824872, 0.319671, 0, 0, -4.82047e-43, 0, 0, 0, 0.866115, 0, 0, 0
117.4, 0.824872, 0.319671, 0.824872, 0.319671, 0, 0, -4.82047e-43, 0, 0, 0, 0.866115, 0, 0, 0
117.45, 0.824872, 0.319671, 0.824872, 0.319671, 0, 0, -4.82047e-43, 0, 0, 0, 0.866115, 0, 0, 0
117.5, 0.824872, 0.319671, 0.824872, 0.319671, 0, 0, -4.82047e-43, 0, 0, 0, 0.866115, 0, 0, 0
117.55, 0.824872, 0.319671, 0.824872, 0.319671, 0, 0, -4.82047e-43, 0, 0, 0, 0.866115, 0, 0, 0
117.6, 0.824872, 0.319671, 0.824872, 0.319671, 0, 0, -4.82047e-43, 0, 0, 0, 0.866115, 0, 0, 0
117.65, 0.824872, 0.319671, 0.824872, 0.319671, 0, 0, -4.82047e-43, 0, 0, 0, 0.866115, 0, 0, 0
117.7, 0.824872, 0.319671, 0.824872, 0.319671, 0, 0, -4.82047e-43, 0, 0, 0, 0.866115, 0, 0, 0
117.75, 0.824872, 0.319671, 0.824872, 0.319671, 0, 0, -4.82047e-43, 0, 0, 0, 0.866115, 0, 0, 0
117.8, 0.824872, 0.319671, 0.824872, 0.319671, 0, 0, -4.82047e-43, 0, 0, 0, 0.866115, 0, 0, 0
117.85, 0.824872, 0.319671, 0.824872, 0.319671, 0, 0, -4.82047e-43, 0, 0, 0, 0.866115, 0, 0, 0
117.9, 0.824872, 0.319671, 0.824872, 0.319671, 0, 0, -4.82047e-43, 0, 0, 0, 0.866115, 0, 0, 0
117.95, 0.824872, 0.319671, 0.824872, 0.319671, 0, 0, -4.82047e-43, 0, 0, 0, 0.866115, 0, 0, 0
118, 0.824872, 0.319671, 0.824872, 0.319671, 0, 0, -4.82047e-43, 0, 0, 0, 0.866115, 0, 0, 0
118.001, 0.824872, 0.319671, 0.824872, 0.319671, 0, 0, -4.82047e-43, 0, 0, 0, 0.866115, 0, 0, 0
118.001, 0.824872, 0.319671, 0.824872, 0.319671, 0, 0, -4.82047e-43, 0, 0, 0, 0.866115, 0, 0, 0
118.051, 0.824872, 0.319671, 0.824872, 0.319671, 0, 0, -4.82047e-43, 0, 0, 0, 0.866115, 0, 0, 0
118.101, 0.824872, 0.319671, 0.824872, 0.319671, 0, 0, -4.82047e-43, 0, 0, 0, 0.866115, 0, 0, 0
118.151, 0.824872, 0.319671, 0.824872, 0.319671, 0, 0, -4.82047e-43, 0, 0, 0, 0.866115, 0, 0, 0
118.201, 0.824872, 0.319671, 0.824872, 0.319671, 0, 0, -4.82047e-43, 0, 0, 0, 0.866115, 0, 0, 0
118.251, 0.824872, 0.319671, 0.824872, 0.319671, 0, 0, -4.82047e-43, 0, 0, 0, 0.866115, 0, 0, 0
118.301, 0.824872, 0.319671, 0.824872, 0.319671, 0, 0, -4.82047e-43, 0, 0, 0, 0.866115, 0, 0, 0
118.351, 0.824872, 0.319671, 0.824872, 0.319671, 0, 0, -4.82047e-43, 0, 0, 0, 0.866115, 0, 0, 0
118.401, 0.824872, 0.319671, 0.824872, 0.319671, 0, 0, -4.82047e-43, 0, 0, 0, 0.866115, 0, 0, 0
118.451, 0.824872, 0.319671, 0.824872, 0.319671, 0, 0, -4.82047e-43, 0, 0, 0, 0.866115, 0, 0, 0
118.501, 0.824872, 0.319671, 0.824872, 0.319671, 0, 0, -4.82047e-43, 0, 0, 0, 0.866115, 0, 0, 0
118.55, 0.824872, 0.319671, 0.824872, 0.319671, 0, 0, -4.82047e-43, 0, 0, 0, 0.866115, 0, 0, 0
118.6, 0.824872, 0.319671, 0.824872, 0.319671, 0, 0, -4.82047e-43, 0, 0, 0, 0.866115, 0, 0, 0
118.65, 0.824872, 0.319671, 0.824872, 0.319671, 0, 0, -4.82047e-43, 0, 0, 0, 0.866115, 0, 0, 0
118.7, 0.824872, 0.319671, 0.824872, 0.319671, 0, 0, -4.82047e-43, 0, 0, 0, 0.866115, 0, 0, 0
118.75, 0.824872, 0.319671, 0.824872, 0.319671, 0, 0, -4.82047e-43, 0, 0, 0, 0.866115, 0, 0, 0
118.8, 0.824872, 0.319671, 0.824872, 0.319671, 0, 0, -4.82047e-43, 0, 0, 0, 0.866115, 0, 0, 0
118.85, 0.824872, 0.319671, 0.824872, 0.319671, 0, 0, -4.82047e-43, 0, 0, 0, 0.866115, 0, 0, 0
118.9, 0.824872, 0.319671, 0.824872, 0.319671, 0, 0, -4.82047e-43, 0, 0, 0, 0.866115, 0, 0, 0
118.95, 0.824872, 0.319671, 0.824872, 0.319671, 0, 0, -4.82047e-43, 0, 0, 0, 0.866115, 0, 0, 0
119, 0.824872, 0.319671, 0.824872, 0.319671, 0, 0, -4.82047e-43, 0, 0, 0, 0.866115, 0, 0, 0
119, 0.824872, 0.319671, 0.824872, 0.319671, 0, 0, -4.82047e-43, 0, 0, 0, 0.866115, 0, 0, 0
119.05, 0.824872, 0.319671, 0.824872, 0.319671, 0, 0, -4.82047e-43, 0, 0, 0, 0.866115, 0, 0, 0
119.1, 0.824872, 0.319671, 0.824872, 0.319671, 0, 0, -4.82047e-43, 0, 0, 0, 0.866115, 0, 0, 0
119.15, 0.824872, 0.319671, 0.824872, 0.319671, 0, 0, -4.82047e-43, 0, 0, 0, 0.866115, 0, 0, 0
119.2, 0.824872, 0.319671, 0.824872, 0.319671, 0, 0, -4.82047e-43, 0, 0, 0, 0.866115, 0, 0, 0
119.25, 0.824872, 0.319671, 0.824872, 0.319671, 0, 0, -4.82047e-43, 0, 0, 0, 0.866115, 0, 0, 0
119.3, 0.824872, 0.319671, 0.824872, 0.319671, 0, 0, -4.82047e-43, 0, 0, 0, 0.866115, 0, 0, 0
119.35, 0.824872, 0.319671, 0.824872, 0.319671, 0, 0, -4.82047e-43, 0, 0, 0, 0.866115, 0, 0, 0
119.4, 0.824872, 0.319671, 0.824872, 0.319671, 0, 0, -4.82047e-43, 0, 0, 0, 0.866115, 0, 0, 0
119.45, 0.824872, 0.319671, 0.824872, 0.319671, 0, 0, -4.82047e-43, 0, 0, 0, 0.866115, 0, 0, 0
119.5, 0.824872, 0.319671, 0.824872, 0.319671, 0, 0, -4.82047e-43, 0, 0, 0, 0.866115, 0, 0, 0
119.55, 0.824872, 0.319671, 0.824872, 0.319671, 0, 0, -4.82047e-43, 0, 0, 0, 0.866115, 0, 0, 0
119.6, 0.824872, 0.319671, 0.824872, 0.319671, 0, 0, -4.82047e-43, 0, 0, 0, 0.866115, 0, 0, 0
119.65, 0.824872, 0.319671, 0.824872, 0.319671, 0, 0, -4.82047e-43, 0, 0, 0, 0.866115, 0, 0, 0
119.7, 0.824872, 0.319671, 0.824872, 0.319671, 0, 0, -4.82047e-43, 0, 0, 0, 0.866115, 0, 0, 0
119.75, 0.824872, 0.319671, 0.824872, 0.319671, 0, 0, -4.82047e-43, 0, 0, 0, 0.866115, 0, 0, 0
119.8, 0.824872, 0.319671, 0.824872, 0.319671, 0, 0, -4.82047e-43, 0, 0, 0, 0.866115, 0, 0, 0
119.85, 0.824872, 0.319671, 0.824872, 0.319671, 0, 0, -4.82047e-43, 0, 0, 0, 0.866115, 0, 0, 0
119.9, 0.824872, 0.319671, 0.824872, 0.319671, 0, 0, -4.82047e-43, 0, 0, 0, 0.866115, 0, 0, 0
119.95, 0.824872, 0.319671, 0.824872, 0.319671, 0, 0, -4.82047e-43, 0, 0, 0, 0.866115, 0, 0, 0
120, 0.824872, 0.319671, 0.824872, 0.319671, 0, 0, -4.82047e-43, 0, 0, 0, 0.866115, 0, 0, 0
120.001, 0.824872, 0.319671, 0.824872, 0.319671, 0, 0, -4.82047e-43, 0, 0, 0, 0.866115, 0, 0, 0
120.001, 0.900555, 0.308582, 0.944148, 0.303001, 0.947932, 0.0728988, -4.82047e-43, 0, 0, 0, 0.866115, 0.00143772, -0.681566, 0
120.051, 0.927985, 0.295307, 0.972907, 0.289727, 0.976806, 0.0596242, -1.05411e-05, -1.05414e-05, -1.05413e-05, 0, 0.866115, 0.00152664, -0.72372, 9.53019e-11
120.101, 0.938859, 0.28424, 0.984306, 0.27866, 0.988251, 0.0485573, -1.05372e-05, -1.05375e-05, -1.05374e-05, 0, 0.866115, 0.00156262, -0.740777, 1.49664e-09
120.151, 0.943003, 0.271475, 0.988652, 0.265895, 0.992614, 0.0357926, -1.29104e-05, -1.29104e-05, -1.29105e-05, 0, 0.866115, 0.00157645, -0.747333, 7.38416e-09
120.201, 0.944101, 0.255451, 0.989802, 0.249871, 0.993769, 0.0197685, -1.62587e-05, -1.62583e-05, -1.62585e-05, 0, 0.866115, 0.00158012, -0.749073, 2.2689e-08
120.251, 0.943562, 0.235524, 0.989238, 0.229944, 0.993203, -0.000158424, -2.00071e-05, -2.0007e-05, -2.00071e-05, 0, 0.866115, 0.00157832, -0.748219, 5.37758e-08
120.301, 0.941985, 0.211439, 0.987583, 0.205859, 0.991542, -0.0242435, -2.39059e-05, -2.3906e-05, -2.3906e-05, 0, 0.866115, 0.00157305, -0.745719, 1.08147e-07
120.35, 0.939675, 0.18311, 0.985162, 0.177529, 0.98911, -0.0525732, -2.78483e-05, -2.78481e-05, -2.78482e-05, 0, 0.866115, 0.00156534, -0.742066, 1.9418e-07
120.4, 0.936834, 0.150524, 0.982184, 0.144944, 0.98612, -0.0851589, -3.17839e-05, -3.17839e-05, -3.17838e-05, 0, 0.866115, 0.00155589, -0.737587, 3.20885e-07
120.45, 0.933615, 0.113705, 0.978809, 0.108125, 0.982732, -0.121978, -3.56903e-05, -3.56901e-05, -3.56902e-05, 0, 0.866115, 0.00154522, -0.732526, 4.97707e-07
120.5, 0.930132, 0.0726921, 0.975157, 0.0671116, 0.979065, -0.162991, -3.95571e-05, -3.95572e-05, -3.95571e-05, 0, 0.866115, 0.00153371, -0.72707, 7.34337e-07
120.55, 0.926469, 0.0275306, 0.971317, 0.0219502, 0.97521, -0.208152, -4.33797e-05, -4.33796e-05, -4.33796e-05, 0, 0.866115, 0.00152165, -0.721356, 1.04056e-06
120.6, 0.922685, -0.0217292, 0.967349, -0.0273097, 0.971227, -0.257412, -4.71549e-05, -4.71549e-05, -4.7155e-05, 0, 0.866115, 0.00150925, -0.715474, 1.42614e-06
120.65, 0.918814, -0.0750355, 0.963291, -0.0806159, 0.967152, -0.310718, -5.08816e-05, -5.08815e-05, -5.08815e-05, 0, 0.866115, 0.00149661, -0.709484, 1.90065e-06
120.7, 0.914877, -0.132335, 0.959164, -0.137915, 0.963008, -0.368018, -5.45585e-05, -5.45585e-05, -5.45585e-05, 0, 0.866115, 0.00148382, -0.703417, 2.47345e-06
120.75, 0.910883, -0.193574, 0.954977, -0.199154, 0.958804, -0.429256, -5.81851e-05, -5.81851e-05, -5.81852e-05, 0, 0.866115, 0.00147089, -0.697289, 3.15358e-06
120.8, 0.90684, -0.258697, 0.950737, -0.264277, 0.954548, -0.49438, -6.17616e-05, -6.17616e-05, -6.1762e-05, 0, 0.866115, 0.00145786, -0.691112, 3.94966e-06
120.85, 0.90275, -0.32765, 0.94645, -0.33323, 0.950243, -0.563332, -6.52859e-05, -6.5286e-05, -6.52861e-05, 0, 0.866115, 0.00144473, -0.684893, 4.8699e-06
120.9, 0.89862, -0.400376, 0.94212, -0.405957, 0.945896, -0.636059, -6.87595e-05, -6.87591e-05, -6.87592e-05, 0, 0.866115, 0.00143155, -0.678641, 5.92201e-06
120.95, 0.894458, -0.476821, 0.937757, -0.482401, 0.941515, -0.712504, -7.218e-05, -7.21803e-05, -7.21801e-05, 0, 0.866115, 0.00141832, -0.672369, 7.11319e-06
121, 0.890276, -0.556927, 0.933372, -0.562508, 0.937113, -0.79261, -7.55492e-05, -7.55493e-05, -7.55501e-05, 0, 0.866115, 0.00140509, -0.666095, 8.45013e-06
121, 0.890276, -0.556927, 0.933372, -0.562508, 0.937113, -0.79261, -7.55492e-05, -7.55493e-05, -7.55501e-05, 0, 0.866115, 0.00140509, -0.666095, 8.45155e-06
121.05, 0.886085, -0.640639, 0.928978, -0.646219, 0.932701, -0.876321, -7.8865e-05, -7.88653e-05, -7.88652e-05, 0, 0.866115, 0.00139189, -0.659839, 9.93893e-06
121.1, 0.8819, -0.727898, 0.92459, -0.733479, 0.928296, -0.963581, -8.21312e-05, -8.21308e-05, -8.21313e-05, 0, 0.866115, 0.00137878, -0.65362, 1.15852e-05
121.15, 0.877735, -0.818651, 0.920223, -0.824231, 0.923912, -1.05433, -8.53427e-05, -8.53437e-05, -8.53441e-05, 0, 0.866115, 0.00136578, -0.647461, 1.33939e-05
121.2, 0.873605, -0.912839, 0.915893, -0.918419, 0.919564, -1.14852, -8.85039e-05, -8.85028e-05, -8.85032e-05, 0, 0.866115, 0.00135296, -0.641383, 1.53694e-05
121.25, 0.869523, -1.01041, 0.911614, -1.01599, 0.915268, -1.24609, -9.16088e-05, -9.16088e-05, -9.16091e-05, 0, 0.866115, 0.00134035, -0.635404, 1.75158e-05
121.3, 0.865503, -1.1113, 0.9074, -1.11688, 0.911037, -1.34698, -9.46683e-05, -9.46701e-05, -9.46695e-05, 0, 0.866115, 0.00132798, -0.629542, 1.98363e-05
121.35, 0.861557, -1.21546, 0.903263, -1.22104, 0.906883, -1.45114, -9.7671e-05, -9.76731e-05, -9.7672e-05, 0, 0.866115, 0.0013159, -0.623815, 2.23337e-05
121.4, 0.857696, -1.32283, 0.899214, -1.32841, 0.902818, -1.55851, -0.000100631, -0.00010063, -0.000100631, 0, 0.866115, 0.00130413, -0.618236, 2.50103e-05
121.45, 0.853928, -1.43337, 0.895264, -1.43895, 0.898852, -1.66905, -0.000103534, -0.000103534, -0.000103534, 0, 0.866115, 0.0012927, -0.612816, 2.78679e-05
121.5, 0.850264, -1.54701, 0.891423, -1.55259, 0.894995, -1.78269, -0.000106389, -0.000106388, -0.000106388, 0, 0.866115, 0.00128162, -0.607568, 3.09079e-05
121.55, 0.84671, -1.6637, 0.887697, -1.66928, 0.891255, -1.89938, -0.000109195, -0.000109197, -0.000109198, 0, 0.866115, 0.00127094, -0.6025, 3.4131e-05
121.6, 0.843274, -1.78339, 0.884095, -1.78897, 0.887638, -2.01908, -0.000111957, -0.000111956, -0.000111956, 0, 0.866115, 0.00126063, -0.59762, 3.75377e-05
121.65, 0.839963, -1.90604, 0.880623, -1.91162, 0.884153, -2.14172, -0.000114668, -0.000114665, -0.000114668, 0, 0.866115, 0.00125077, -0.592936, 4.11279e-05
121.7, 0.836782, -2.03158, 0.877288, -2.03716, 0.880804, -2.26727, -0.000117336, -0.000117338, -0.000117338, 0, 0.866115, 0.00124131, -0.588453, 4.49013e-05
121.75, 0.833736, -2.15998, 0.874095, -2.16556, 0.877598, -2.39566, -0.000119953, -0.000119955, -0.000119955, 0, 0.866115, 0.00123229, -0.584177, 4.88569e-05
121.8, 0.830829, -2.29118, 0.871047, -2.29676, 0.874538, -2.52686, -0.000122528, -0.000122529, -0.000122533, 0, 0.866115, 0.00122371, -0.580111, 5.29936e-05
121.85, 0.828066, -2.42513, 0.868151, -2.43071, 0.87163, -2.66081, -0.000125066, -0.000125063, -0.000125066, 0, 0.866115, 0.00121559, -0.576259, 5.731e-05
121.9, 0.825449, -2.56179, 0.865407, -2.56737, 0.868876, -2.79747, -0.000127552, -0.000127552, -0.000127555, 0, 0.866115, 0.00120791, -0.572623, 6.18042e-05
121.95, 0.822982, -2.70111, 0.86282, -2.70669, 0.866278, -2.93679, -0.000130005, -0.00013, -0.000130005, 0, 0.866115, 0.0012007, -0.569204, 6.6474e-05
122, 0.820665, -2.84305, 0.860392, -2.84863, 0.86384, -3.07873, -0.000132409, -0.000132409, -0.000132408, 0, 0.866115, 0.00119399, -0.566004, 7.13172e-05
122.001, 0.820621, -2.84591, 0.860345, -2.85149, 0.863793, -3.0816, -0.000132457, -0.000132455, -0.000132454, 0, 0.866115, 0.00119379, -0.565943, 7.14158e-05
122.001, 0.820621, -2.84591, 0.860345, -2.85149, 0.863793, -3.0816, -0.000132457, -0.000132455, -0.000132454, 0, 0.866115, 0.00119379, -0.565943, 7.14258e-05
122.051, 0.81846, -2.99048, 0.858079, -2.99606, 0.861518, -3.22616, -0.000134824, -0.000134824, -0.000134826, 0, 0.866115, 0.00118757, -0.562966, 7.64331e-05
122.101, 0.816452, -3.13757, 0.855974, -3.14315, 0.859405, -3.37325, -0.000137149, -0.000137152, -0.000137151, 0, 0.866115, 0.00118171, -0.560207, 8.16181e-05
122.15, 0.814598, -3.28715, 0.85403, -3.29274, 0.857453, -3.52284, -0.000139435, -0.000139437, -0.000139435, 0, 0.866115, 0.00117635, -0.557666, 8.69679e-05
122.2, 0.812896, -3.43919, 0.852246, -3.44477, 0.855662, -3.67487, -0.000141696, -0.000141691, -0.000141692, 0, 0.866115, 0.00117148, -0.555338, 9.2479e-05
122.25, 0.811348, -3.59363, 0.850623, -3.59921, 0.854032, -3.82931, -0.000143897, -0.000143901, -0.000143903, 0, 0.866115, 0.00116698, -0.553225, 9.81483e-05
122.3, 0.80995, -3.75044, 0.849157, -3.75602, 0.852561, -3.98612, -0.000146078, -0.000146081, -0.000146079, 0, 0.866115, 0.00116304, -0.55132, 0.000103972
122.35, 0.808701, -3.90958, 0.847848, -3.91516, 0.851246, -4.14526, -0.000148236, -0.000148232, -0.000148235, 0, 0.866115, 0.00115942, -0.549622, 0.000109946
122.4, 0.8076, -4.07101, 0.846694, -4.07659, 0.850087, -4.3067, -0.000150344, -0.000150347, -0.000150342, 0, 0.866115, 0.00115624, -0.548126, 0.000116067
122.45, 0.806643, -4.23471, 0.84569, -4.24029, 0.84908, -4.4704, -0.000152428, -0.000152432, -0.000152431, 0, 0.866115, 0.00115351, -0.546827, 0.000122332
122.5, 0.805827, -4.40064, 0.844835, -4.40622, 0.848221, -4.63632, -0.000154465, -0.00015447, -0.000154467, 0, 0.866115, 0.00115117, -0.545722, 0.000128735
122.55, 0.80515, -4.56875, 0.844125, -4.57433, 0.847509, -4.80443, -0.000156489, -0.000156488, -0.000156486, 0, 0.866115, 0.00114926, -0.544805, 0.000135273
122.6, 0.804608, -4.73903, 0.843556, -4.74461, 0.846937, -4.97471, -0.00015848, -0.000158478, -0.000158484, 0, 0.866115, 0.00114774, -0.544071, 0.000141941
122.65, 0.804196, -4.91142, 0.843124, -4.917, 0.846504, -5.1471, -0.000160436, -0.000160434, -0.000160432, 0, 0.866115, 0.00114648, -0.543514, 0.000148736
122.7, 0.80391, -5.08591, 0.842825, -5.09149, 0.846203, -5.32159, -0.000162348, -0.000162345, -0.000162344, 0, 0.866115, 0.00114566, -0.543129, 0.000155654
122.75, 0.803746, -5.26247, 0.842653, -5.26805, 0.846031, -5.49815, -0.000164249, -0.000164251, -0.000164257, 0, 0.866115, 0.00114525, -0.542907, 0.000162689
122.8, 0.8037, -5.44106, 0.842605, -5.44664, 0.845982, -5.67674, -0.000166125, -0.000166125, -0.000166127, 0, 0.866115, 0.00114506, -0.542845, 0.000169838
122.85, 0.803766, -5.62165, 0.842674, -5.62723, 0.846051, -5.85733, -0.00016798, -0.000167979, -0.000167978, 0, 0.866115, 0.00114532, -0.542933, 0.000177096
122.9, 0.803939, -5.80422, 0.842856, -5.8098, 0.846234, -6.03991, -0.000169797, -0.000169802, -0.000169801, 0, 0.866115, 0.00114574, -0.543168, 0.000184459
122.95, 0.804215, -5.98874, 0.843145, -5.99432, 0.846524, -6.22443, -0.000171594, -0.000171587, -0.000171585, 0, 0.866115, 0.00114654, -0.543541, 0.000191923
123, 0.804588, -6.17518, 0.843535, -6.18076, 0.846916, -6.41087, -0.000173364, -0.000173369, -0.000173367, 0, 0.866115, 0.00114767, -0.544044, 0.000199484
123, 0.804588, -6.17518, 0.843535, -6.18076, 0.846916, -6.41087, -0.000173364, -0.000173369, -0.000173367, 0, 0.866115, 0.00114767, -0.544044, 0.000199507
123.05, 0.805052, -6.36352, 0.844022, -6.3691, 0.847405, -6.59921, -0.000175096, -0.000175096, -0.000175094, 0, 0.866115, 0.00114891, -0.544673, 0.000207137
123.1, 0.805602, -6.55373, 0.844599, -6.55931, 0.847984, -6.78941, -0.000176823, -0.000176828, -0.000176825, 0, 0.866115, 0.00115056, -0.545417, 0.000214878
123.15, 0.806233, -6.74578, 0.84526, -6.75136, 0.848648, -6.98147, -0.000178518, -0.000178517, -0.000178521, 0, 0.866115, 0.00115231, -0.546271, 0.000222703
123.2, 0.806938, -6.93966, 0.846, -6.94524, 0.849391, -7.17534, -0.000180201, -0.000180199, -0.000180191, 0, 0.866115, 0.00115434, -0.547228, 0.000230608
123.25, 0.807713, -7.13532, 0.846812, -7.1409, 0.850206, -7.37101, -0.000181853, -0.000181853, -0.000181851, 0, 0.866115, 0.00115658, -0.548279, 0.000238589
123.3, 0.808552, -7.33276, 0.847692, -7.33834, 0.851089, -7.56845, -0.000183479, -0.000183476, -0.000183477, 0, 0.866115, 0.001159, -0.549419, 0.000246642
123.35, 0.809449, -7.53195, 0.848632, -7.53754, 0.852033, -7.76764, -0.000185078, -0.00018509, -0.000185073, 0, 0.866115, 0.00116151, -0.550639, 0.000254763
123.4, 0.810399, -7.73287, 0.849628, -7.73845, 0.853033, -7.96855, -0.000186674, -0.000186684, -0.000186681, 0, 0.866115, 0.00116427, -0.551931, 0.000262948
123.45, 0.811396, -7.93549, 0.850673, -7.94107, 0.854083, -8.17117, -0.00018824, -0.000188253, -0.00018825, 0, 0.866115, 0.00116708, -0.553291, 0.000271193
123.5, 0.812435, -8.13978, 0.851763, -8.14537, 0.855177, -8.37547, -0.000189798, -0.000189797, -0.000189799, 0, 0.866115, 0.00117011, -0.554709, 0.000279495
123.55, 0.813511, -8.34574, 0.85289, -8.35132, 0.856309, -8.58143, -0.000191328, -0.000191324, -0.000191314, 0, 0.866115, 0.00117326, -0.556178, 0.000287849
123.6, 0.814618, -8.55334, 0.854051, -8.55892, 0.857474, -8.78902, -0.000192831, -0.00019284, -0.000192829, 0, 0.866115, 0.00117648, -0.557693, 0.000296253
123.65, 0.815752, -8.76255, 0.85524, -8.76813, 0.858668, -8.99823, -0.000194327, -0.000194323, -0.000194322, 0, 0.866115, 0.00117974, -0.559247, 0.000304702
123.7, 0.816907, -8.97335, 0.856451, -8.97893, 0.859884, -9.20903, -0.00019581, -0.000195801, -0.000195809, 0, 0.866115, 0.00118298, -0.560832, 0.000313194
123.75, 0.818079, -9.18573, 0.85768, -9.19131, 0.861118, -9.42141, -0.000197244, -0.000197242, -0.000197232, 0, 0.866115, 0.00118651, -0.562443, 0.000321725
123.8, 0.819264, -9.39966, 0.858922, -9.40524, 0.862364, -9.63534, -0.000198655, -0.000198652, -0.000198652, 0, 0.866115, 0.00118998, -0.564072, 0.000330291
123.85, 0.820456, -9.61511, 0.860172, -9.62069, 0.863619, -9.8508, -0.000200085, -0.000200073, -0.000200078, 0, 0.866115, 0.00119329, -0.565715, 0.00033889
123.9, 0.821651, -9.83208, 0.861425, -9.83766, 0.864878, -10.0678, -0.000201457, -0.000201459, -0.000201462, 0, 0.866115, 0.00119683, -0.567365, 0.000347518
123.95, 0.822846, -10.0505, 0.862678, -10.0561, 0.866135, -10.2862, -0.000202852, -0.000202859, -0.000202859, 0, 0.866115, 0.00120037, -0.569016, 0.000356173
123.999, 0.824035, -10.2705, 0.863925, -10.276, 0.867387, -10.5062, -0.000204197, -0.000204179, -0.000204179, 0, 0.866115, 0.00120383, -0.570662, 0.00036485
124, 0.824059, -10.2749, 0.86395, -10.2805, 0.867412, -10.5106, -0.000204246, -0.000204252, -0.000204242, 0, 0.866115, 0.00120383, -0.570696, 0.000365024
124, 0.824059, -10.2749, 0.86395, -10.2805, 0.867412, -10.5106, -0.000204246, -0.000204252, -0.000204242, 0, 0.866115, 0.00120383, -0.570696, 0.000365057
124.05, 0.82524, -10.4963, 0.865188, -10.5019, 0.868656, -10.732, -0.000205537, -0.000205546, -0.000205533, 0, 0.866115, 0.00120725, -0.572333, 0.000373723
124.1, 0.826409, -10.7191, 0.866413, -10.7247, 0.869886, -10.9548, -0.000206871, -0.000206868, -0.000206869, 0, 0.866115, 0.00121075, -0.573955, 0.000382438
124.15, 0.827563, -10.9433, 0.867623, -10.9489, 0.8711, -11.179, -0.000208154, -0.000208149, -0.000208156, 0, 0.866115, 0.00121409, -0.575559, 0.000391169
124.2, 0.828698, -11.169, 0.868812, -11.1745, 0.872295, -11.4046, -0.000209404, -0.000209411, -0.000209401, 0, 0.866115, 0.00121757, -0.577138, 0.000399911
124.25, 0.82981, -11.3959, 0.869979, -11.4015, 0.873466, -11.6316, -0.00021066, -0.000210669, -0.000210667, 0, 0.866115, 0.00122078, -0.578689, 0.000408663
124.3, 0.830899, -11.6243, 0.871121, -11.6298, 0.874612, -11.86, -0.000211889, -0.000211881, -0.000211873, 0, 0.866115, 0.00122398, -0.580209, 0.000417422
124.35, 0.831961, -11.8539, 0.872234, -11.8595, 0.87573, -12.0896, -0.00021312, -0.00021313, -0.000213124, 0, 0.866115, 0.00122707, -0.581693, 0.000426185
124.4, 0.832993, -12.0849, 0.873316, -12.0904, 0.876817, -12.3205, -0.000214348, -0.000214342, -0.000214333, 0, 0.866115, 0.00123023, -0.583137, 0.000434949
124.45, 0.833994, -12.3171, 0.874366, -12.3227, 0.87787, -12.5528, -0.000215507, -0.000215494, -0.0002155, 0, 0.866115, 0.00123305, -0.58454, 0.000443714
124.5, 0.834962, -12.5506, 0.87538, -12.5561, 0.878888, -12.7862, -0.000216644, -0.000216653, -0.000216651, 0, 0.866115, 0.00123586, -0.585896, 0.000452475
124.55, 0.835894, -12.7853, 0.876357, -12.7908, 0.87987, -13.0209, -0.000217798, -0.000217797, -0.000217799, 0, 0.866115, 0.00123875, -0.587205, 0.000461232
124.6, 0.836789, -13.0212, 0.877296, -13.0268, 0.880812, -13.2569, -0.000218903, -0.000218898, -0.000218913, 0, 0.866115, 0.00124148, -0.588464, 0.000469981
124.65, 0.837647, -13.2583, 0.878195, -13.2639, 0.881715, -13.494, -0.000220002, -0.000219993, -0.00022, 0, 0.866115, 0.00124383, -0.58967, 0.000478721
124.7, 0.838465, -13.4966, 0.879052, -13.5022, 0.882576, -13.7323, -0.000221048, -0.00022106, -0.000221061, 0, 0.866115, 0.00124632, -0.590823, 0.00048745
124.75, 0.839242, -13.736, 0.879868, -13.7416, 0.883394, -13.9717, -0.000222127, -0.000222136, -0.000222125, 0, 0.866115, 0.00124854, -0.591919, 0.000496166
124.8, 0.839979, -13.9765, 0.88064, -13.9821, 0.884169, -14.2122, -0.00022314, -0.000223137, -0.000223146, 0, 0.866115, 0.00125088, -0.592958, 0.000504866
124.85, 0.840673, -14.2182, 0.881368, -14.2238, 0.884901, -14.4539, -0.000224148, -0.000224156, -0.000224155, 0, 0.866115, 0.00125295, -0.593939, 0.000513549
124.9, 0.841326, -14.4609, 0.882052, -14.4665, 0.885587, -14.6966, -0.00022514, -0.000225142, -0.000225136, 0, 0.866115, 0.00125484, -0.594861, 0.000522212
124.95, 0.841936, -14.7047, 0.882691, -14.7103, 0.886229, -14.9404, -0.000226075, -0.000226088, -0.000226091, 0, 0.866115, 0.00125664, -0.595724, 0.000530855
125, 0.842503, -14.9495, 0.883286, -14.9551, 0.886826, -15.1852, -0.00022706, -0.00022704, -0.000227043, 0, 0.866115, 0.00125833, -0.596527, 0.000539475
125.001, 0.842514, -14.9544, 0.883297, -14.96, 0.886837, -15.1901, -0.000227055, -0.00022706, -0.000227062, 0, 0.866115, 0.00125842, -0.596542, 0.000539647
125.001, 0.842514, -14.9544, 0.883297, -14.96, 0.886837, -15.1901, -0.000227055, -0.00022706, -0.000227062, 0, 0.866115, 0.00125842, -0.596542, 0.000539686
125.051, 0.843037, -15.2002, 0.883846, -15.2058, 0.887388, -15.4359, -0.000227985, -0.000227983, -0.000227985, 0, 0.866115, 0.00125997, -0.597283, 0.000548242
125.101, 0.843517, -15.447, 0.88435, -15.4526, 0.887894, -15.6827, -0.000228872, -0.000228873, -0.000228875, 0, 0.866115, 0.0012614, -0.597965, 0.000556811
125.151, 0.843955, -15.6948, 0.884809, -15.7003, 0.888355, -15.9305, -0.000229751, -0.000229748, -0.00022974, 0, 0.866115, 0.00126262, -0.598586, 0.000565353
125.201, 0.844352, -15.9435, 0.885224, -15.949, 0.888772, -16.1791, -0.000230599, -0.000230607, -0.000230599, 0, 0.866115, 0.00126372, -0.599149, 0.000573864
125.251, 0.844707, -16.1931, 0.885596, -16.1986, 0.889146, -16.4287, -0.000231442, -0.000231438, -0.000231434, 0, 0.866115, 0.00126511, -0.599652, 0.000582345
125.301, 0.845021, -16.4435, 0.885926, -16.4491, 0.889477, -16.6792, -0.000232215, -0.000232231, -0.000232221, 0, 0.866115, 0.00126594, -0.600098, 0.000590793
125.351, 0.845295, -16.6949, 0.886213, -16.7004, 0.889765, -16.9305, -0.000233013, -0.000233018, -0.000233011, 0, 0.866115, 0.00126654, -0.600488, 0.000599207
125.401, 0.84553, -16.947, 0.886459, -16.9526, 0.890012, -17.1827, -0.000233797, -0.000233789, -0.00023377, 0, 0.866115, 0.00126733, -0.600822, 0.000607585
125.451, 0.845726, -17.2, 0.886666, -17.2056, 0.890219, -17.4357, -0.000234516, -0.000234503, -0.000234525, 0, 0.866115, 0.00126798, -0.601101, 0.000615926
125.501, 0.845886, -17.4538, 0.886833, -17.4593, 0.890387, -17.6895, -0.00023523, -0.000235251, -0.000235229, 0, 0.866115, 0.00126836, -0.601328, 0.000624228
125.551, 0.84601, -17.7083, 0.886963, -17.7139, 0.890517, -17.944, -0.000235952, -0.000235956, -0.000235949, 0, 0.866115, 0.00126888, -0.601503, 0.000632491
125.601, 0.846098, -17.9635, 0.887056, -17.9691, 0.890611, -18.1992, -0.000236628, -0.000236602, -0.000236602, 0, 0.866115, 0.00126906, -0.60163, 0.000640712
125.651, 0.846154, -18.2195, 0.887114, -18.2251, 0.890669, -18.4552, -0.000237253, -0.000237249, -0.000237252, 0, 0.866115, 0.00126943, -0.601708, 0.000648891
125.701, 0.846177, -18.4761, 0.887138, -18.4817, 0.890693, -18.7118, -0.000237872, -0.000237869, -0.000237851, 0, 0.866115, 0.00126924, -0.601741, 0.000657025
125.751, 0.846169, -18.7334, 0.887129, -18.739, 0.890685, -18.9691, -0.000238469, -0.000238463, -0.000238463, 0, 0.866115, 0.0012694, -0.601729, 0.000665115
125.8, 0.846131, -18.9913, 0.88709, -18.9969, 0.890645, -19.227, -0.000239037, -0.000239016, -0.000239015, 0, 0.866115, 0.00126901, -0.601676, 0.000673157
125.85, 0.846066, -19.2498, 0.887021, -19.2554, 0.890576, -19.4855, -0.000239592, -0.0002396, -0.000239616, 0, 0.866115, 0.00126897, -0.601583, 0.000681152
125.9, 0.845973, -19.5089, 0.886925, -19.5145, 0.890479, -19.7446, -0.000240138, -0.000240147, -0.000240149, 0, 0.866115, 0.00126866, -0.601452, 0.000689097
125.95, 0.845856, -19.7686, 0.886802, -19.7741, 0.890356, -20.0042, -0.000240634, -0.000240646, -0.000240646, 0, 0.866115, 0.00126824, -0.601286, 0.000696992
126, 0.845716, -20.0287, 0.886654, -20.0343, 0.890208, -20.2644, -0.000241073, -0.000241092, -0.000241097, 0, 0.866115, 0.001268, -0.601086, 0.000704835
126, 0.845716, -20.0287, 0.886654, -20.0343, 0.890208, -20.2644, -0.000241073, -0.000241092, -0.000241097, 0, 0.866115, 0.001268, -0.601086, 0.000704875
126.05, 0.845553, -20.2894, 0.886484, -20.295, 0.890037, -20.5251, -0.000241533, -0.000241538, -0.000241543, 0, 0.866115, 0.00126737, -0.600855, 0.000712626
126.1, 0.84537, -20.5505, 0.886292, -20.5561, 0.889845, -20.7862, -0.000241953, -0.000241957, -0.000241969, 0, 0.866115, 0.00126676, -0.600595, 0.000720362
126.15, 0.845169, -20.8121, 0.886081, -20.8177, 0.889632, -21.0478, -0.000242382, -0.000242362, -0.000242379, 0, 0.866115, 0.00126636, -0.600308, 0.000728043
126.2, 0.844949, -21.0741, 0.885851, -21.0797, 0.889402, -21.3098, -0.000242777, -0.000242776, -0.000242779, 0, 0.866115, 0.00126572, -0.599997, 0.000735668
126.25, 0.844715, -21.3366, 0.885605, -21.3421, 0.889154, -21.5722, -0.000243121, -0.000243119, -0.000243121, 0, 0.866115, 0.0012649, -0.599664, 0.000743236
126.3, 0.844465, -21.5994, 0.885344, -21.6049, 0.888892, -21.835, -0.000243473, -0.000243471, -0.000243454, 0, 0.866115, 0.00126423, -0.59931, 0.000750745
126.35, 0.844203, -21.8625, 0.885069, -21.8681, 0.888616, -22.0982, -0.000243774, -0.000243778, -0.000243783, 0, 0.866115, 0.00126342, -0.598938, 0.000758194
126.4, 0.84393, -22.126, 0.884782, -22.1315, 0.888329, -22.3616, -0.000244058, -0.000244074, -0.000244056, 0, 0.866115, 0.00126269, -0.59855, 0.000765583
126.45, 0.843647, -22.3897, 0.884486, -22.3953, 0.888031, -22.6254, -0.00024438, -0.000244377, -0.000244376, 0, 0.866115, 0.00126168, -0.598149, 0.000772909
126.5, 0.843355, -22.6538, 0.88418, -22.6594, 0.887724, -22.8895, -0.000244574, -0.000244581, -0.000244587, 0, 0.866115, 0.00126092, -0.597735, 0.000780173
126.55, 0.843057, -22.9181, 0.883867, -22.9236, 0.887409, -23.1538, -0.000244842, -0.000244846, -0.000244835, 0, 0.866115, 0.00126, -0.597312, 0.000787374
126.6, 0.842753, -23.1826, 0.883548, -23.1882, 0.887089, -23.4183, -0.000244988, -0.000245008, -0.000245001, 0, 0.866115, 0.00125906, -0.596882, 0.000794509
126.65, 0.842444, -23.4473, 0.883224, -23.4529, 0.886764, -23.683, -0.000245226, -0.000245219, -0.000245229, 0, 0.866115, 0.00125806, -0.596444, 0.000801579
126.7, 0.842132, -23.7122, 0.882897, -23.7178, 0.886436, -23.9479, -0.00024539, -0.000245387, -0.000245391, 0, 0.866115, 0.00125721, -0.596003, 0.000808581
126.75, 0.841819, -23.9773, 0.882569, -23.9829, 0.886106, -24.213, -0.000245521, -0.000245505, -0.000245496, 0, 0.866115, 0.00125612, -0.595559, 0.000815517
126.8, 0.841505, -24.2425, 0.882239, -24.2481, 0.885776, -24.4782, -0.000245621, -0.000245636, -0.000245635, 0, 0.866115, 0.00125541, -0.595115, 0.000822383
126.85, 0.841191, -24.5078, 0.88191, -24.5134, 0.885445, -24.7435, -0.000245695, -0.000245697, -0.000245672, 0, 0.866115, 0.00125422, -0.594671, 0.00082918
126.9, 0.840879, -24.7732, 0.881584, -24.7788, 0.885117, -25.0089, -0.000245774, -0.000245745, -0.000245768, 0, 0.866115, 0.00125341, -0.59423, 0.000835906
126.95, 0.840569, -25.0387, 0.881259, -25.0443, 0.884791, -25.2744, -0.000245842, -0.000245842, -0.000245864, 0, 0.866115, 0.00125258, -0.593793, 0.000842562
127, 0.840263, -25.3042, 0.880937, -25.3098, 0.884468, -25.5399, -0.000245874, -0.00024585, -0.000245884, 0, 0.866115, 0.00125165, -0.593359, 0.000849145
127.001, 0.840257, -25.3095, 0.880931, -25.3151, 0.884462, -25.5452, -0.00024587, -0.000245871, -0.000245857, 0, 0.866115, 0.00125177, -0.59335, 0.000849276
127.001, 0.840257, -25.3095, 0.880931, -25.3151, 0.884462, -25.5452, -0.00024587, -0.000245871, -0.000245857, 0, 0.866115, 0.00125177, -0.59335, 0.000849313
127.051, 0.839955, -25.575, 0.880615, -25.5806, 0.884144, -25.8107, -0.000245828, -0.000245845, -0.000245848, 0, 0.866115, 0.00125074, -0.592924, 0.000855785
127.101, 0.839658, -25.8406, 0.880303, -25.8461, 0.883832, -26.0762, -0.000245872, -0.000245864, -0.000245861, 0, 0.866115, 0.00124994, -0.592505, 0.00086222
127.151, 0.839367, -26.1061, 0.879999, -26.1117, 0.883526, -26.3418, -0.000245862, -0.000245857, -0.000245834, 0, 0.866115, 0.00124903, -0.592095, 0.00086858
127.201, 0.839083, -26.3716, 0.879701, -26.3771, 0.883227, -26.6073, -0.000245738, -0.000245742, -0.000245752, 0, 0.866115, 0.00124811, -0.591695, 0.000874866
127.251, 0.838807, -26.637, 0.879411, -26.6426, 0.882936, -26.8727, -0.000245763, -0.000245764, -0.000245763, 0, 0.866115, 0.00124727, -0.591305, 0.000881075
127.301, 0.838539, -26.9024, 0.87913, -26.9079, 0.882653, -27.138, -0.000245704, -0.000245688, -0.000245697, 0, 0.866115, 0.00124647, -0.590927, 0.000887208
127.351, 0.838279, -27.1676, 0.878858, -27.1732, 0.88238, -27.4033, -0.000245553, -0.000245538, -0.000245541, 0, 0.866115, 0.00124583, -0.590561, 0.000893263
127.401, 0.838028, -27.4328, 0.878595, -27.4383, 0.882116, -27.6684, -0.000245429, -0.000245436, -0.000245428, 0, 0.866115, 0.0012452, -0.590208, 0.00089924
127.451, 0.837788, -27.6978, 0.878343, -27.7034, 0.881863, -27.9335, -0.000245281, -0.000245276, -0.000245256, 0, 0.866115, 0.00124429, -0.589869, 0.000905139
127.501, 0.837557, -27.9626, 0.878101, -27.9682, 0.88162, -28.1983, -0.000245154, -0.000245151, -0.000245175, 0, 0.866115, 0.00124343, -0.589545, 0.000910958
127.551, 0.837337, -28.2273, 0.87787, -28.2329, 0.881389, -28.463, -0.000244973, -0.000244975, -0.000244979, 0, 0.866115, 0.00124289, -0.589235, 0.000916698
127.601, 0.837128, -28.4918, 0.87765, -28.4974, 0.881168, -28.7275, -0.000244812, -0.000244792, -0.000244788, 0, 0.866115, 0.00124228, -0.58894, 0.000922357
127.65, 0.836929, -28.7561, 0.877442, -28.7617, 0.880959, -28.9918, -0.00024455, -0.000244552, -0.000244575, 0, 0.866115, 0.00124183, -0.58866, 0.000927936
127.7, 0.836742, -29.0202, 0.877246, -29.0258, 0.880762, -29.2559, -0.00024443, -0.00024443, -0.00024443, 0, 0.866115, 0.00124095, -0.588397, 0.000933433
127.75, 0.836566, -29.284, 0.877062, -29.2896, 0.880577, -29.5197, -0.000244256, -0.000244204, -0.000244194, 0, 0.866115, 0.00124073, -0.58815, 0.000938848
127.8, 0.836402, -29.5476, 0.876889, -29.5532, 0.880404, -29.7833, -0.000243944, -0.000243945, -0.00024394, 0, 0.866115, 0.00124025, -0.587919, 0.000944181
127.85, 0.836249, -29.8109, 0.876729, -29.8165, 0.880243, -30.0466, -0.000243698, -0.000243647, -0.000243689, 0, 0.866115, 0.00123984, -0.587704, 0.000949432
127.9, 0.836108, -30.074, 0.876581, -30.0796, 0.880095, -30.3097, -0.000243502, -0.000243495, -0.000243491, 0, 0.866115, 0.00123948, -0.587506, 0.000954599
127.95, 0.835978, -30.3367, 0.876445, -30.3423, 0.879958, -30.5724, -0.000243142, -0.000243138, -0.000243153, 0, 0.866115, 0.00123915, -0.587323, 0.000959683
128, 0.83586, -30.5991, 0.876321, -30.6047, 0.879834, -30.8348, -0.000242824, -0.000242828, -0.000242817, 0, 0.866115, 0.00123858, -0.587157, 0.000964683
128, 0.83586, -30.5991, 0.876321, -30.6047, 0.879834, -30.8348, -0.000242824, -0.000242828, -0.000242817, 0, 0.866115, 0.00123858, -0.587157, 0.000964715
128.051, 0.835753, -30.8612, 0.876209, -30.8668, 0.879721, -31.0969, -0.000242523, -0.000242563, -0.000242522, 0, 0.866115, 0.00123823, -0.587007, 0.000969599
128.101, 0.835657, -31.123, 0.876109, -31.1286, 0.879621, -31.3587, -0.000242213, -0.000242243, -0.000242251, 0, 0.866115, 0.00123799, -0.586873, 0.000974431
128.151, 0.835573, -31.3844, 0.876021, -31.39, 0.879532, -31.6201, -0.000241948, -0.000241932, -0.00024193, 0, 0.866115, 0.00123751, -0.586755, 0.000979178
128.202, 0.835499, -31.6455, 0.875944, -31.6511, 0.879454, -31.8812, -0.000241537, -0.000241543, -0.000241582, 0, 0.866115, 0.00123769, -0.586651, 0.000983841
128.252, 0.835437, -31.9062, 0.875878, -31.9118, 0.879388, -32.1419, -0.000241268, -0.000241271, -0.000241262, 0, 0.866115, 0.00123718, -0.586563, 0.000988418
128.302, 0.835384, -32.1665, 0.875823, -32.172, 0.879333, -32.4021, -0.000240821, -0.000240815, -0.00024082, 0, 0.866115, 0.00123727, -0.58649, 0.000992911
128.353, 0.835342, -32.4263, 0.875779, -32.4319, 0.879289, -32.662, -0.000240444, -0.000240471, -0.00024043, 0, 0.866115, 0.001237, -0.58643, 0.000997318
128.403, 0.83531, -32.6858, 0.875745, -32.6914, 0.879255, -32.9215, -0.000240095, -0.000240094, -0.000240101, 0, 0.866115, 0.00123698, -0.586385, 0.00100164
128.453, 0.835287, -32.9449, 0.875721, -32.9505, 0.879231, -33.1805, -0.000239666, -0.000239699, -0.000239694, 0, 0.866115, 0.0012368, -0.586353, 0.00100588
128.504, 0.835274, -33.2035, 0.875707, -33.2091, 0.879217, -33.4392, -0.000239281, -0.000239273, -0.000239272, 0, 0.866115, 0.0012368, -0.586334, 0.00101003
128.554, 0.835269, -33.4617, 0.875702, -33.4673, 0.879212, -33.6974, -0.000238901, -0.00023891, -0.000238909, 0, 0.866115, 0.00123686, -0.586328, 0.00101409
128.605, 0.835273, -33.7194, 0.875706, -33.725, 0.879216, -33.9551, -0.000238391, -0.000238379, -0.000238427, 0, 0.866115, 0.00123668, -0.586333, 0.00101808
128.655, 0.835285, -33.9767, 0.875719, -33.9823, 0.879229, -34.2124, -0.000238025, -0.000238011, -0.000238009, 0, 0.866115, 0.00123709, -0.58635, 0.00102197
128.705, 0.835305, -34.2335, 0.87574, -34.2391, 0.879249, -34.4692, -0.000237665, -0.000237667, -0.00023767, 0, 0.866115, 0.00123718, -0.586378, 0.00102578
128.756, 0.835332, -34.4898, 0.875768, -34.4954, 0.879278, -34.7255, -0.000237109, -0.000237139, -0.000237149, 0, 0.866115, 0.00123692, -0.586416, 0.00102951
128.806, 0.835366, -34.7456, 0.875803, -34.7512, 0.879314, -34.9813, -0.000236711, -0.000236705, -0.000236665, 0, 0.866115, 0.001237, -0.586463, 0.00103315
128.856, 0.835406, -35.001, 0.875846, -35.0065, 0.879356, -35.2366, -0.000236216, -0.000236212, -0.000236208, 0, 0.866115, 0.00123721, -0.58652, 0.0010367
128.907, 0.835452, -35.2558, 0.875894, -35.2614, 0.879405, -35.4915, -0.000235739, -0.000235742, -0.000235759, 0, 0.866115, 0.00123706, -0.586585, 0.00104017
128.957, 0.835504, -35.5101, 0.875949, -35.5157, 0.87946, -35.7458, -0.000235223, -0.000235289, -0.000235229, 0, 0.866115, 0.00123766, -0.586658, 0.00104356
129, 0.835553, -35.7284, 0.876, -35.734, 0.879511, -35.9641, -0.00023488, -0.000234838, -0.000234867, 0, 0.866115, 0.00123751, -0.586727, 0.0010464
129, 0.835553, -35.7284, 0.876, -35.734, 0.879511, -35.9641, -0.00023488, -0.000234838, -0.000234867, 0, 0.866115, 0.00123751, -0.586727, 0.00104643
129.051, 0.835614, -35.9818, 0.876064, -35.9874, 0.879575, -36.2175, -0.000234398, -0.000234385, -0.00023438, 0, 0.866115, 0.0012376, -0.586813, 0.00104963
129.101, 0.83568, -36.2346, 0.876133, -36.2402, 0.879645, -36.4703, -0.000233901, -0.000233865, -0.000233902, 0, 0.866115, 0.0012379, -0.586905, 0.00105278
129.151, 0.83575, -36.4869, 0.876206, -36.4925, 0.879718, -36.7226, -0.000233394, -0.000233357, -0.000233404, 0, 0.866115, 0.00123826, -0.587003, 0.00105584
129.202, 0.835823, -36.7387, 0.876283, -36.7442, 0.879795, -36.9743, -0.000232836, -0.000232824, -0.000232837, 0, 0.866115, 0.00123823, -0.587105, 0.00105882
129.252, 0.835899, -36.9899, 0.876363, -36.9955, 0.879875, -37.2256, -0.000232409, -0.000232438, -0.000232442, 0, 0.866115, 0.00123852, -0.587213, 0.00106171
129.302, 0.835978, -37.2405, 0.876446, -37.2461, 0.879959, -37.4762, -0.00023184, -0.00023188, -0.000231848, 0, 0.866115, 0.00123888, -0.587324, 0.00106453
129.353, 0.83606, -37.4906, 0.876531, -37.4962, 0.880044, -37.7263, -0.000231352, -0.000231352, -0.000231379, 0, 0.866115, 0.00123936, -0.587438, 0.00106726
129.403, 0.836143, -37.7402, 0.876619, -37.7457, 0.880132, -37.9758, -0.000230861, -0.000230854, -0.000230858, 0, 0.866115, 0.00123927, -0.587556, 0.00106991
129.454, 0.836228, -37.9891, 0.876708, -37.9947, 0.880221, -38.2248, -0.000230309, -0.000230304, -0.000230312, 0, 0.866115, 0.00123951, -0.587675, 0.00107248
129.504, 0.836313, -38.2375, 0.876797, -38.2431, 0.880311, -38.4732, -0.000229716, -0.000229763, -0.00022976, 0, 0.866115, 0.00123981, -0.587794, 0.00107497
129.554, 0.836401, -38.4854, 0.876889, -38.4909, 0.880403, -38.7211, -0.000229266, -0.000229263, -0.00022926, 0, 0.866115, 0.00124019, -0.587918, 0.00107738
129.605, 0.836489, -38.7326, 0.876981, -38.7382, 0.880496, -38.9683, -0.000228724, -0.000228714, -0.000228729, 0, 0.866115, 0.00124049, -0.588042, 0.00107971
129.655, 0.836577, -38.9793, 0.877074, -38.9849, 0.880589, -39.215, -0.000228163, -0.000228121, -0.000228115, 0, 0.866115, 0.00124079, -0.588166, 0.00108196
129.705, 0.836665, -39.2254, 0.877166, -39.231, 0.880681, -39.4611, -0.000227717, -0.000227719, -0.000227675, 0, 0.866115, 0.00124103, -0.588289, 0.00108414
129.756, 0.836752, -39.4709, 0.877257, -39.4764, 0.880773, -39.7065, -0.000227079, -0.000227038, -0.000227071, 0, 0.866115, 0.00124133, -0.588411, 0.00108623
129.806, 0.836837, -39.7158, 0.877346, -39.7214, 0.880862, -39.9515, -0.000226564, -0.000226555, -0.000226593, 0, 0.866115, 0.00124159, -0.588532, 0.00108825
129.856, 0.836923, -39.9601, 0.877436, -39.9657, 0.880952, -40.1958, -0.000225936, -0.000225933, -0.000225969, 0, 0.866115, 0.00124174, -0.588652, 0.00109019
129.907, 0.837006, -40.2038, 0.877523, -40.2094, 0.88104, -40.4395, -0.000225441, -0.000225481, -0.000225424, 0, 0.866115, 0.00124189, -0.588769, 0.00109206
129.957, 0.837088, -40.4469, 0.877609, -40.4525, 0.881127, -40.6826, -0.000224863, -0.000224829, -0.000224873, 0, 0.866115, 0.00124246, -0.588884, 0.00109385
130, 0.837157, -40.6555, 0.877682, -40.6611, 0.8812, -40.8912, -0.000224394, -0.000224429, -0.000224386, 0, 0.866115, 0.0012421, -0.588982, 0.00109533
130, 0.837157, -40.6555, 0.877682, -40.6611, 0.8812, -40.8912, -0.000224394, -0.000224429, -0.000224386, 0, 0.866115, 0.0012421, -0.588982, 0.00109534
130.051, 0.837236, -40.8976, 0.877764, -40.9031, 0.881282, -41.1332, -0.000223856, -0.000223852, -0.000223851, 0, 0.866115, 0.00124243, -0.589092, 0.00109698
130.101, 0.837313, -41.139, 0.877845, -41.1445, 0.881363, -41.3746, -0.000223302, -0.000223239, -0.000223274, 0, 0.866115, 0.00124297, -0.5892, 0.00109856
130.151, 0.837387, -41.3798, 0.877922, -41.3854, 0.881441, -41.6155, -0.000222772, -0.000222781, -0.000222769, 0, 0.866115, 0.00124294, -0.589304, 0.00110006
130.202, 0.837458, -41.62, 0.877997, -41.6256, 0.881516, -41.8557, -0.000222161, -0.000222216, -0.000222166, 0, 0.866115, 0.00124353, -0.589405, 0.00110149
130.252, 0.837527, -41.8596, 0.878069, -41.8652, 0.881589, -42.0953, -0.000221654, -0.000221654, -0.000221683, 0, 0.866115, 0.00124326, -0.589502, 0.00110286
130.302, 0.837593, -42.0986, 0.878139, -42.1041, 0.881658, -42.3342, -0.000221132, -0.000221135, -0.000221152, 0, 0.866115, 0.00124368, -0.589595, 0.00110415
130.353, 0.837656, -42.3369, 0.878205, -42.3425, 0.881725, -42.5726, -0.000220501, -0.000220454, -0.000220502, 0, 0.866115, 0.00124395, -0.589684, 0.00110537
130.403, 0.837717, -42.5747, 0.878268, -42.5803, 0.881788, -42.8104, -0.000219957, -0.000219908, -0.000219927, 0, 0.866115, 0.00124389, -0.589769, 0.00110652
130.454, 0.837774, -42.8119, 0.878328, -42.8175, 0.881848, -43.0476, -0.000219305, -0.000219318, -0.000219311, 0, 0.866115, 0.0012441, -0.589849, 0.00110761
130.504, 0.837827, -43.0485, 0.878384, -43.054, 0.881905, -43.2841, -0.00021881, -0.000218894, -0.000218835, 0, 0.866115, 0.00124422, -0.589925, 0.00110862
130.554, 0.837878, -43.2844, 0.878437, -43.29, 0.881958, -43.5201, -0.000218233, -0.00021823, -0.00021822, 0, 0.866115, 0.00124472, -0.589997, 0.00110957
130.605, 0.837925, -43.5198, 0.878487, -43.5254, 0.882008, -43.7555, -0.000217694, -0.0002177, -0.000217698, 0, 0.866115, 0.00124484, -0.590063, 0.00111046
130.655, 0.837969, -43.7545, 0.878533, -43.7601, 0.882054, -43.9902, -0.000217154, -0.000217146, -0.00021715, 0, 0.866115, 0.00124481, -0.590125, 0.00111128
130.705, 0.83801, -43.9887, 0.878575, -43.9943, 0.882097, -44.2244, -0.000216639, -0.000216625, -0.000216586, 0, 0.866115, 0.00124508, -0.590182, 0.00111203
130.756, 0.838047, -44.2222, 0.878614, -44.2278, 0.882136, -44.4579, -0.00021596, -0.000216006, -0.000215949, 0, 0.866115, 0.00124499, -0.590234, 0.00111272
130.806, 0.83808, -44.4551, 0.87865, -44.4607, 0.882171, -44.6908, -0.000215432, -0.00021543, -0.000215469, 0, 0.866115, 0.00124508, -0.590281, 0.00111335
130.856, 0.838111, -44.6875, 0.878681, -44.6931, 0.882203, -44.9232, -0.00021486, -0.000214902, -0.000214892, 0, 0.866115, 0.00124517, -0.590324, 0.00111392
130.907, 0.838138, -44.9192, 0.87871, -44.9248, 0.882231, -45.1549, -0.000214333, -0.000214316, -0.000214333, 0, 0.866115, 0.00124532, -0.590362, 0.00111442
130.957, 0.838161, -45.1503, 0.878734, -45.1559, 0.882256, -45.386, -0.000213799, -0.000213754, -0.000213785, 0, 0.866115, 0.00124556, -0.590395, 0.00111487
131, 0.838179, -45.3486, 0.878753, -45.3542, 0.882275, -45.5843, -0.000213257, -0.000213203, -0.000213258, 0, 0.866115, 0.00124556, -0.59042, 0.00111521
131, 0.838179, -45.3486, 0.878753, -45.3542, 0.882275, -45.5843, -0.000213257, -0.000213203, -0.000213258, 0, 0.866115, 0.00124556, -0.59042, 0.00111522
131.051, 0.838196, -45.5787, 0.878771, -45.5842, 0.882293, -45.8143, -0.000212799, -0.000212795, -0.000212774, 0, 0.866115, 0.00124541, -0.590445, 0.00111554
131.101, 0.838211, -45.8081, 0.878786, -45.8136, 0.882308, -46.0437, -0.000212108, -0.000212151, -0.000212151, 0, 0.866115, 0.0012458, -0.590465, 0.00111582
131.151, 0.838222, -46.0369, 0.878798, -46.0425, 0.88232, -46.2726, -0.000211692, -0.000211731, -0.000211721, 0, 0.866115, 0.00124574, -0.590481, 0.00111604
131.202, 0.83823, -46.2651, 0.878806, -46.2707, 0.882329, -46.5008, -0.000211077, -0.000211082, -0.000211069, 0, 0.866115, 0.00124559, -0.590492, 0.00111621
131.252, 0.838235, -46.4928, 0.878812, -46.4984, 0.882334, -46.7285, -0.000210583, -0.000210572, -0.000210568, 0, 0.866115, 0.00124559, -0.590499, 0.00111632
131.303, 0.838237, -46.7198, 0.878814, -46.7254, 0.882336, -46.9555, -0.000210034, -0.000209989, -0.000209981, 0, 0.866115, 0.00124595, -0.590502, 0.00111638
131.353, 0.838237, -46.9463, 0.878813, -46.9519, 0.882336, -47.182, -0.0002095, -0.000209499, -0.000209497, 0, 0.866115, 0.0012458, -0.590501, 0.00111638
131.403, 0.838233, -47.1722, 0.87881, -47.1778, 0.882332, -47.4079, -0.000208964, -0.000208965, -0.000208922, 0, 0.866115, 0.00124526, -0.590497, 0.00111633
131.454, 0.838228, -47.3975, 0.878804, -47.4031, 0.882326, -47.6332, -0.000208367, -0.00020834, -0.000208377, 0, 0.866115, 0.00124583, -0.590489, 0.00111623
131.504, 0.838219, -47.6222, 0.878795, -47.6278, 0.882317, -47.8579, -0.000207912, -0.000207861, -0.000207908, 0, 0.866115, 0.00124541, -0.590477, 0.00111608
131.554, 0.838209, -47.8464, 0.878784, -47.852, 0.882306, -48.0821, -0.000207294, -0.000207266, -0.000207299, 0, 0.866115, 0.00124562, -0.590462, 0.00111588
131.605, 0.838196, -48.07, 0.87877, -48.0756, 0.882293, -48.3057, -0.000206772, -0.000206819, -0.000206784, 0, 0.866115, 0.00124526, -0.590444, 0.00111563
131.655, 0.83818, -48.293, 0.878754, -48.2986, 0.882276, -48.5287, -0.000206332, -0.000206328, -0.000206329, 0, 0.866115, 0.00124571, -0.590422, 0.00111533
131.705, 0.838164, -48.5154, 0.878737, -48.521, 0.882259, -48.7511, -0.000205688, -0.000205724, -0.000205738, 0, 0.866115, 0.00124538, -0.590399, 0.00111499
131.756, 0.838144, -48.7373, 0.878717, -48.7429, 0.882239, -48.973, -0.000205242, -0.000205244, -0.000205198, 0, 0.866115, 0.00124532, -0.590372, 0.00111459
131.806, 0.838124, -48.9587, 0.878695, -48.9642, 0.882217, -49.1943, -0.000204778, -0.000204821, -0.000204791, 0, 0.866115, 0.00124523, -0.590343, 0.00111416
131.856, 0.838101, -49.1794, 0.878672, -49.185, 0.882193, -49.4151, -0.000204239, -0.000204242, -0.000204235, 0, 0.866115, 0.00124523, -0.590311, 0.00111368
131.907, 0.838078, -49.3997, 0.878647, -49.4052, 0.882169, -49.6353, -0.000203675, -0.000203671, -0.000203665, 0, 0.866115, 0.00124553, -0.590278, 0.00111315
131.957, 0.838052, -49.6193, 0.87862, -49.6249, 0.882142, -49.855, -0.000203179, -0.000203187, -0.000203175, 0, 0.866115, 0.00124505, -0.590242, 0.00111258
132, 0.83803, -49.8078, 0.878596, -49.8134, 0.882118, -50.0435, -0.00020278, -0.000202771, -0.000202741, 0, 0.866115, 0.00124496, -0.59021, 0.00111206
132, 0.83803, -49.8078, 0.878596, -49.8134, 0.882118, -50.0435, -0.00020278, -0.000202771, -0.000202741, 0, 0.866115, 0.00124496, -0.59021, 0.00111207
132.051, 0.838002, -50.0265, 0.878568, -50.0321, 0.882089, -50.2622, -0.000202229, -0.000202218, -0.000202222, 0, 0.866115, 0.00124502, -0.590171, 0.00111142
132.101, 0.837973, -50.2446, 0.878537, -50.2502, 0.882058, -50.4803, -0.000201724, -0.000201712, -0.000201697, 0, 0.866115, 0.00124511, -0.59013, 0.00111073
132.151, 0.837943, -50.4622, 0.878506, -50.4678, 0.882027, -50.6979, -0.000201279, -0.00020125, -0.000201274, 0, 0.866115, 0.0012449, -0.590088, 0.00111
132.202, 0.837912, -50.6792, 0.878473, -50.6848, 0.881994, -50.9149, -0.000200797, -0.000200789, -0.000200788, 0, 0.866115, 0.00124487, -0.590045, 0.00110924
132.252, 0.837882, -50.8958, 0.878441, -50.9014, 0.881962, -51.1315, -0.000200317, -0.000200362, -0.000200318, 0, 0.866115, 0.00124452, -0.590002, 0.00110844
132.303, 0.837851, -51.1118, 0.878409, -51.1174, 0.88193, -51.3475, -0.000199788, -0.00019981, -0.000199784, 0, 0.866115, 0.00124425, -0.589958, 0.0011076
132.353, 0.837819, -51.3273, 0.878375, -51.3329, 0.881896, -51.563, -0.000199367, -0.000199403, -0.000199415, 0, 0.866115, 0.00124446, -0.589913, 0.00110673
132.403, 0.837786, -51.5423, 0.87834, -51.5478, 0.881861, -51.778, -0.0001989, -0.0001989, -0.000198886, 0, 0.866115, 0.00124392, -0.589866, 0.00110582
132.454, 0.837752, -51.7567, 0.878305, -51.7623, 0.881825, -51.9924, -0.000198379, -0.00019839, -0.000198344, 0, 0.866115, 0.00124407, -0.589818, 0.00110487
132.504, 0.837717, -51.9707, 0.878269, -51.9763, 0.881789, -52.2064, -0.000198001, -0.000197986, -0.000197991, 0, 0.866115, 0.00124422, -0.58977, 0.00110389
132.554, 0.837683, -52.1842, 0.878233, -52.1898, 0.881753, -52.4199, -0.000197465, -0.000197459, -0.000197416, 0, 0.866115, 0.00124404, -0.589722, 0.00110288
132.605, 0.837649, -52.3971, 0.878197, -52.4027, 0.881717, -52.6328, -0.000197001, -0.000197038, -0.000197048, 0, 0.866115, 0.00124395, -0.589674, 0.00110184
132.655, 0.837615, -52.6096, 0.878162, -52.6152, 0.881681, -52.8453, -0.000196564, -0.000196564, -0.00019656, 0, 0.866115, 0.00124386, -0.589626, 0.00110076
132.705, 0.837581, -52.8216, 0.878126, -52.8272, 0.881645, -53.0573, -0.000196046, -0.00019606, -0.000196002, 0, 0.866115, 0.00124356, -0.589578, 0.00109966
132.756, 0.83755, -53.0331, 0.878093, -53.0387, 0.881612, -53.2688, -0.000195656, -0.000195652, -0.000195643, 0, 0.866115, 0.00124344, -0.589534, 0.00109853
132.806, 0.837518, -53.2442, 0.87806, -53.2498, 0.88158, -53.4799, -0.000195253, -0.000195263, -0.000195246, 0, 0.866115, 0.00124356, -0.58949, 0.00109736
132.856, 0.837487, -53.4548, 0.878028, -53.4603, 0.881547, -53.6904, -0.000194796, -0.000194781, -0.000194772, 0, 0.866115, 0.00124329, -0.589446, 0.00109617
132.907, 0.837456, -53.6649, 0.877995, -53.6704, 0.881514, -53.9005, -0.000194294, -0.000194284, -0.000194277, 0, 0.866115, 0.00124344, -0.589402, 0.00109496
132.957, 0.837425, -53.8745, 0.877963, -53.8801, 0.881481, -54.1102, -0.000194033, -0.000193982, -0.000193983, 0, 0.866115, 0.00124338, -0.589359, 0.00109371
133, 0.837399, -54.0544, 0.877935, -54.06, 0.881454, -54.2901, -0.000193553, -0.000193507, -0.000193543, 0, 0.866115, 0.00124323, -0.589321, 0.00109262
133, 0.837399, -54.0544, 0.877935, -54.06, 0.881454, -54.2901, -0.000193553, -0.000193507, -0.000193543, 0, 0.866115, 0.00124323, -0.589321, 0.00109262
133.051, 0.837369, -54.2632, 0.877904, -54.2688, 0.881423, -54.4989, -0.0001932, -0.000193229, -0.000193182, 0, 0.866115, 0.00124317, -0.58928, 0.00109133
133.101, 0.837341, -54.4716, 0.877875, -54.4772, 0.881393, -54.7073, -0.000192704, -0.000192695, -0.000192704, 0, 0.866115, 0.00124297, -0.589241, 0.00109001
133.152, 0.837314, -54.6795, 0.877846, -54.6851, 0.881364, -54.9152, -0.000192337, -0.000192373, -0.00019238, 0, 0.866115, 0.00124297, -0.589202, 0.00108868
133.202, 0.837286, -54.887, 0.877816, -54.8926, 0.881335, -55.1227, -0.000191886, -0.00019192, -0.000191896, 0, 0.866115, 0.00124285, -0.589163, 0.00108732
133.252, 0.837259, -55.0941, 0.877788, -55.0996, 0.881306, -55.3297, -0.000191564, -0.000191563, -0.000191564, 0, 0.866115, 0.00124291, -0.589125, 0.00108593
133.303, 0.837234, -55.3007, 0.877762, -55.3063, 0.88128, -55.5364, -0.000191065, -0.000191068, -0.000191064, 0, 0.866115, 0.00124288, -0.58909, 0.00108453
133.353, 0.83721, -55.5069, 0.877737, -55.5125, 0.881254, -55.7426, -0.000190819, -0.000190775, -0.000190819, 0, 0.866115, 0.00124267, -0.589055, 0.0010831
133.403, 0.837185, -55.7127, 0.877711, -55.7183, 0.881229, -55.9484, -0.000190404, -0.000190447, -0.000190404, 0, 0.866115, 0.00124252, -0.589021, 0.00108166
133.454, 0.837162, -55.9181, 0.877687, -55.9237, 0.881205, -56.1538, -0.000190017, -0.000190022, -0.000190074, 0, 0.866115, 0.00124225, -0.588989, 0.0010802
133.504, 0.837141, -56.1231, 0.877665, -56.1287, 0.881182, -56.3588, -0.000189644, -0.00018969, -0.000189636, 0, 0.866115, 0.00124237, -0.588959, 0.00107872
133.554, 0.83712, -56.3277, 0.877642, -56.3333, 0.88116, -56.5634, -0.000189288, -0.000189284, -0.00018928, 0, 0.866115, 0.00124213, -0.588929, 0.00107722
133.605, 0.837099, -56.5319, 0.877621, -56.5375, 0.881138, -56.7676, -0.000188924, -0.000188929, -0.000188917, 0, 0.866115, 0.00124249, -0.5889, 0.00107571
133.655, 0.837081, -56.7357, 0.877602, -56.7413, 0.881119, -56.9714, -0.000188609, -0.000188602, -0.0001886, 0, 0.866115, 0.00124231, -0.588874, 0.00107417
133.705, 0.837063, -56.9392, 0.877583, -56.9447, 0.8811, -57.1748, -0.000188243, -0.000188236, -0.000188238, 0, 0.866115, 0.00124213, -0.588849, 0.00107263
133.756, 0.837046, -57.1422, 0.877565, -57.1478, 0.881082, -57.3779, -0.000187855, -0.000187853, -0.000187896, 0, 0.866115, 0.00124204, -0.588824, 0.00107107
133.806, 0.837029, -57.3449, 0.877547, -57.3505, 0.881064, -57.5806, -0.000187562, -0.000187556, -0.000187558, 0, 0.866115, 0.00124198, -0.588801, 0.00106949
133.856, 0.837014, -57.5473, 0.877532, -57.5529, 0.881049, -57.783, -0.000187193, -0.00018719, -0.000187199, 0, 0.866115, 0.00124195, -0.58878, 0.0010679
133.907, 0.837, -57.7493, 0.877517, -57.7548, 0.881034, -57.9849, -0.000186803, -0.000186806, -0.000186802, 0, 0.866115, 0.00124189, -0.588761, 0.0010663
133.957, 0.836987, -57.9509, 0.877503, -57.9565, 0.88102, -58.1866, -0.000186551, -0.000186565, -0.00018655, 0, 0.866115, 0.00124183, -0.588741, 0.00106469
134, 0.836976, -58.124, 0.877491, -58.1296, 0.881008, -58.3597, -0.000186247, -0.000186212, -0.000186168, 0, 0.866115, 0.00124177, -0.588726, 0.00106329
134, 0.836976, -58.124, 0.877491, -58.1296, 0.881008, -58.3597, -0.000186247, -0.000186212, -0.000186168, 0, 0.866115, 0.00124177, -0.588726, 0.00106329
134.051, 0.836964, -58.325, 0.877479, -58.3306, 0.880996, -58.5607, -0.000185934, -0.000185926, -0.000185937, 0, 0.866115, 0.00124195, -0.58871, 0.00106166
134.101, 0.836954, -58.5257, 0.877469, -58.5313, 0.880985, -58.7614, -0.000185617, -0.000185617, -0.000185628, 0, 0.866115, 0.00124204, -0.588696, 0.00106002
134.152, 0.836944, -58.7261, 0.877458, -58.7316, 0.880975, -58.9617, -0.000185309, -0.000185304, -0.000185306, 0, 0.866115, 0.00124171, -0.588681, 0.00105836
134.202, 0.836934, -58.9261, 0.877448, -58.9317, 0.880965, -59.1618, -0.000184998, -0.000185073, -0.000184998, 0, 0.866115, 0.00124198, -0.588668, 0.0010567
134.252, 0.836926, -59.1258, 0.87744, -59.1314, 0.880956, -59.3615, -0.000184697, -0.000184685, -0.000184682, 0, 0.866115, 0.00124177, -0.588657, 0.00105503
134.303, 0.83692, -59.3252, 0.877433, -59.3308, 0.880949, -59.5609, -0.000184541, -0.000184544, -0.000184537, 0, 0.866115, 0.00124165, -0.588647, 0.00105335
134.353, 0.836913, -59.5243, 0.877425, -59.5299, 0.880942, -59.76, -0.000184369, -0.000184359, -0.000184352, 0, 0.866115, 0.00124192, -0.588637, 0.00105167
134.403, 0.836906, -59.7231, 0.877418, -59.7287, 0.880935, -59.9588, -0.000184036, -0.000184037, -0.000184036, 0, 0.866115, 0.00124153, -0.588628, 0.00104998
134.454, 0.836901, -59.9216, 0.877413, -59.9272, 0.880929, -60.1573, -0.000183703, -0.000183723, -0.000183703, 0, 0.866115, 0.00124183, -0.588621, 0.00104828
134.504, 0.836897, -60.1198, 0.877409, -60.1254, 0.880925, -60.3555, -0.000183403, -0.000183403, -0.000183403, 0, 0.866115, 0.00124151, -0.588615, 0.00104658
134.554, 0.836893, -60.3178, 0.877405, -60.3234, 0.880922, -60.5535, -0.000183089, -0.00018309, -0.00018309, 0, 0.866115, 0.00124145, -0.588611, 0.00104487
134.605, 0.83689, -60.5155, 0.877402, -60.5211, 0.880918, -60.7512, -0.000182904, -0.000182904, -0.000182904, 0, 0.866115, 0.00124171, -0.588606, 0.00104316
134.655, 0.836887, -60.7129, 0.877398, -60.7185, 0.880915, -60.9486, -0.000182773, -0.000182776, -0.000182775, 0, 0.866115, 0.00124174, -0.588601, 0.00104145
134.705, 0.836883, -60.91, 0.877395, -60.9156, 0.880911, -61.1457, -0.000182441, -0.00018243, -0.00018243, 0, 0.866115, 0.0012418, -0.588596, 0.00103973
134.756, 0.836882, -61.1069, 0.877393, -61.1125, 0.880909, -61.3426, -0.000182139, -0.000182138, -0.000182138, 0, 0.866115, 0.00124158, -0.588594, 0.00103801
134.806, 0.836882, -61.3036, 0.877393, -61.3092, 0.880909, -61.5393, -0.000182005, -0.000182001, -0.000182013, 0, 0.866115, 0.00124165, -0.588594, 0.00103629
134.856, 0.836882, -61.4999, 0.877393, -61.5055, 0.880909, -61.7356, -0.000181742, -0.000181743, -0.000181821, 0, 0.866115, 0.00124155, -0.588594, 0.00103457
134.907, 0.836882, -61.6961, 0.877393, -61.7017, 0.880909, -61.9318, -0.000181506, -0.000181509, -0.000181508, 0, 0.866115, 0.00124155, -0.588594, 0.00103285
134.957, 0.836882, -61.8921, 0.877393, -61.8976, 0.880909, -62.1278, -0.000181153, -0.000181232, -0.000181232, 0, 0.866115, 0.00124161, -0.588594, 0.00103112
135.001, 0.836882, -62.0603, 0.877393, -62.0659, 0.880909, -62.296, -0.000181186, -0.00018119, -0.00018119, 0, 0.866115, 0.00124136, -0.588594, 0.00102964
135.001, 0.836882, -62.0603, 0.877393, -62.0659, 0.880909, -62.296, -0.000181186, -0.00018119, -0.00018119, 0, 0.866115, 0.00124136, -0.588594, 0.00102964
135.051, 0.836882, -62.2559, 0.877393, -62.2615, 0.880909, -62.4916, -0.000180882, -0.000180874, -0.000180874, 0, 0.866115, 0.00124148, -0.588594, 0.00102792
135.101, 0.836882, -62.4512, 0.877393, -62.4568, 0.880909, -62.6869, -0.000180874, -0.000180874, -0.000180874, 0, 0.866115, 0.00124164, -0.588594, 0.0010262
135.152, 0.836882, -62.6463, 0.877393, -62.6518, 0.880909, -62.8819, -0.000180498, -0.000180499, -0.000180499, 0, 0.866115, 0.00124165, -0.588594, 0.00102448
135.202, 0.836882, -62.8412, 0.877393, -62.8468, 0.880909, -63.0769, -0.000180288, -0.000180265, -0.000180265, 0, 0.866115, 0.00124155, -0.588594, 0.00102276
135.252, 0.836883, -63.0358, 0.877394, -63.0414, 0.88091, -63.2715, -0.000180254, -0.000180247, -0.000180247, 0, 0.866115, 0.00124159, -0.588595, 0.00102105
135.303, 0.836886, -63.2303, 0.877397, -63.2359, 0.880913, -63.466, -0.000179929, -0.000179938, -0.000179926, 0, 0.866115, 0.00124168, -0.588599, 0.00101934
135.353, 0.836889, -63.4247, 0.8774, -63.4302, 0.880917, -63.6604, -0.000179937, -0.000179928, -0.000179936, 0, 0.866115, 0.00124146, -0.588604, 0.00101763
135.403, 0.836892, -63.6188, 0.877404, -63.6244, 0.88092, -63.8545, -0.000179611, -0.000179624, -0.000179611, 0, 0.866115, 0.00124156, -0.588608, 0.00101592
135.454, 0.836895, -63.8128, 0.877407, -63.8183, 0.880924, -64.0484, -0.00017953, -0.000179609, -0.000179609, 0, 0.866115, 0.00124162, -0.588613, 0.00101423
135.504, 0.836899, -64.0065, 0.877411, -64.0121, 0.880927, -64.2422, -0.000179293, -0.000179293, -0.000179293, 0, 0.866115, 0.00124171, -0.588618, 0.00101253
135.554, 0.836902, -64.2002, 0.877414, -64.2057, 0.880931, -64.4358, -0.000179295, -0.000179307, -0.00017931, 0, 0.866115, 0.00124149, -0.588622, 0.00101084
135.605, 0.836905, -64.3936, 0.877417, -64.3992, 0.880934, -64.6293, -0.000178981, -0.00017898, -0.00017898, 0, 0.866115, 0.00124177, -0.588627, 0.00100916
135.655, 0.836908, -64.5869, 0.877421, -64.5925, 0.880938, -64.8226, -0.000178985, -0.000178998, -0.000178996, 0, 0.866115, 0.00124182, -0.588632, 0.00100748
135.705, 0.836912, -64.7801, 0.877424, -64.7857, 0.880941, -65.0158, -0.000178678, -0.000178678, -0.000178678, 0, 0.866115, 0.0012417, -0.588636, 0.00100581
135.756, 0.836915, -64.9731, 0.877428, -64.9787, 0.880944, -65.2088, -0.000178686, -0.000178709, -0.000178709, 0, 0.866115, 0.00124182, -0.588641, 0.00100415
135.806, 0.836918, -65.166, 0.877431, -65.1716, 0.880948, -65.4017, -0.00017866, -0.00017866, -0.000178655, 0, 0.866115, 0.00124171, -0.588645, 0.00100249
135.857, 0.836922, -65.3587, 0.877435, -65.3643, 0.880951, -65.5944, -0.000178265, -0.000178265, -0.000178265, 0, 0.866115, 0.00124191, -0.58865, 0.00100084
135.907, 0.836924, -65.5513, 0.877437, -65.5569, 0.880954, -65.787, -0.000178349, -0.000178344, -0.000178344, 0, 0.866115, 0.00124167, -0.588654, 0.000999199
135.957, 0.836925, -65.744, 0.877438, -65.7495, 0.880955, -65.9796, -0.000178345, -0.000178344, -0.000178344, 0, 0.866115, 0.0012417, -0.588654, 0.000997567
136.001, 0.836925, -65.9093, 0.877438, -65.9149, 0.880955, -66.145, -0.000178028, -0.000178028, -0.000177949, 0, 0.866115, 0.0012418, -0.588655, 0.00099617
136.001, 0.836925, -65.9093, 0.877438, -65.9149, 0.880955, -66.145, -0.000178028, -0.000178028, -0.000177949, 0, 0.866115, 0.0012418, -0.588655, 0.000996162
136.051, 0.836925, -66.1016, 0.877438, -66.1072, 0.880955, -66.3373, -0.000177947, -0.000178026, -0.000178026, 0, 0.866115, 0.00124186, -0.588655, 0.000994554
136.101, 0.836925, -66.2939, 0.877438, -66.2994, 0.880955, -66.5295, -0.000178054, -0.000178042, -0.000178042, 0, 0.866115, 0.00124167, -0.588655, 0.000992947
136.152, 0.836925, -66.4859, 0.877438, -66.4915, 0.880955, -66.7216, -0.000177732, -0.000177653, -0.000177732, 0, 0.866115, 0.00124185, -0.588654, 0.000991351
136.202, 0.836925, -66.6778, 0.877438, -66.6834, 0.880955, -66.9135, -0.000177727, -0.000177727, -0.000177718, 0, 0.866115, 0.00124155, -0.588654, 0.000989764
136.252, 0.836925, -66.8698, 0.877438, -66.8753, 0.880955, -67.1054, -0.00017772, -0.000177722, -0.00017772, 0, 0.866115, 0.00124182, -0.588655, 0.000988188
136.303, 0.836925, -67.0617, 0.877438, -67.0673, 0.880955, -67.2974, -0.000177711, -0.000177711, -0.000177711, 0, 0.866115, 0.0012418, -0.588655, 0.000986623
136.353, 0.836925, -67.2533, 0.877438, -67.2589, 0.880955, -67.489, -0.000177395, -0.000177395, -0.000177395, 0, 0.866115, 0.00124176, -0.588655, 0.000985068
136.403, 0.836925, -67.4449, 0.877438, -67.4505, 0.880955, -67.6806, -0.0001774, -0.000177396, -0.000177401, 0, 0.866115, 0.00124168, -0.588654, 0.000983523
136.454, 0.836925, -67.6365, 0.877438, -67.642, 0.880955, -67.8721, -0.000177406, -0.000177395, -0.000177406, 0, 0.866115, 0.00124177, -0.588655, 0.00098199
136.504, 0.836925, -67.828, 0.877438, -67.8336, 0.880955, -68.0637, -0.000177395, -0.000177395, -0.000177395, 0, 0.866115, 0.00124155, -0.588655, 0.000980471
136.554, 0.836925, -68.0196, 0.877438, -68.0252, 0.880955, -68.2553, -0.000177144, -0.000177144, -0.000177135, 0, 0.866115, 0.00124168, -0.588654, 0.000978964
136.605, 0.836925, -68.2108, 0.877438, -68.2164, 0.880955, -68.4465, -0.000177081, -0.000177079, -0.000177079, 0, 0.866115, 0.00124188, -0.588655, 0.000977468
136.655, 0.836925, -68.4021, 0.877438, -68.4077, 0.880955, -68.6378, -0.000177094, -0.000177094, -0.000177094, 0, 0.866115, 0.00124179, -0.588655, 0.000975985
136.705, 0.836925, -68.5933, 0.877438, -68.5989, 0.880955, -68.829, -0.000177079, -0.00017708, -0.000177079, 0, 0.866115, 0.00124176, -0.588655, 0.000974515
136.756, 0.836925, -68.7846, 0.877438, -68.7901, 0.880955, -69.0202, -0.000177079, -0.000177079, -0.000177079, 0, 0.866115, 0.00124161, -0.588654, 0.000973058
136.806, 0.836925, -68.9758, 0.877438, -68.9814, 0.880955, -69.2115, -0.00017709, -0.000177079, -0.000177079, 0, 0.866115, 0.00124171, -0.588655, 0.000971615
136.857, 0.836925, -69.1671, 0.877438, -69.1726, 0.880955, -69.4027, -0.000177081, -0.000177079, -0.000177081, 0, 0.866115, 0.00124164, -0.588654, 0.000970184
136.907, 0.836925, -69.3583, 0.877438, -69.3639, 0.880955, -69.594, -0.00017709, -0.00017708, -0.000177081, 0, 0.866115, 0.00124177, -0.588654, 0.000968768
136.957, 0.836925, -69.5495, 0.877438, -69.5551, 0.880955, -69.7852, -0.000176838, -0.000176838, -0.000176853, 0, 0.866115, 0.00124165, -0.588654, 0.000967366
137.001, 0.836925, -69.7137, 0.877438, -69.7193, 0.880955, -69.9494, -0.000176765, -0.000176763, -0.000176763, 0, 0.866115, 0.00124185, -0.588654, 0.000966171
137.001, 0.836925, -69.7137, 0.877438, -69.7193, 0.880955, -69.9494, -0.000176765, -0.000176763, -0.000176763, 0, 0.866115, 0.00124185, -0.588654, 0.000966163
137.051, 0.836924, -69.9046, 0.877437, -69.9102, 0.880953, -70.1403, -0.000176769, -0.000176763, -0.000176763, 0, 0.866115, 0.00124177, -0.588653, 0.000964795
137.101, 0.836921, -70.0955, 0.877434, -70.1011, 0.88095, -70.3312, -0.000176764, -0.000176763, -0.000176764, 0, 0.866115, 0.0012417, -0.588649, 0.000963433
137.152, 0.836917, -70.2864, 0.87743, -70.292, 0.880947, -70.5221, -0.00017677, -0.000176769, -0.000176769, 0, 0.866115, 0.00124171, -0.588644, 0.000962087
137.202, 0.836914, -70.4773, 0.877427, -70.4829, 0.880944, -70.713, -0.000176763, -0.000176763, -0.000176763, 0, 0.866115, 0.00124161, -0.58864, 0.000960755
137.252, 0.836911, -70.6682, 0.877423, -70.6738, 0.88094, -70.9039, -0.000176763, -0.000176763, -0.000176763, 0, 0.866115, 0.0012417, -0.588635, 0.000959438
137.303, 0.836908, -70.8591, 0.87742, -70.8647, 0.880937, -71.0948, -0.000176763, -0.000176763, -0.000176763, 0, 0.866115, 0.00124179, -0.588631, 0.000958136
137.353, 0.836904, -71.05, 0.877417, -71.0556, 0.880933, -71.2857, -0.000176763, -0.000176763, -0.000176783, 0, 0.866115, 0.00124174, -0.588626, 0.00095685
137.403, 0.836901, -71.2409, 0.877413, -71.2465, 0.88093, -71.4766, -0.000176763, -0.000176764, -0.000176764, 0, 0.866115, 0.00124158, -0.588621, 0.000955579
137.454, 0.836898, -71.4318, 0.87741, -71.4374, 0.880926, -71.6675, -0.000176763, -0.000176763, -0.000176763, 0, 0.866115, 0.00124176, -0.588617, 0.000954324
137.504, 0.836895, -71.6227, 0.877406, -71.6283, 0.880923, -71.8584, -0.000176763, -0.000176763, -0.000176763, 0, 0.866115, 0.00124179, -0.588612, 0.000953084
137.554, 0.836891, -71.8136, 0.877403, -71.8192, 0.88092, -72.0493, -0.000176763, -0.000176763, -0.000176763, 0, 0.866115, 0.00124158, -0.588608, 0.000951861
137.605, 0.836888, -72.0045, 0.8774, -72.0101, 0.880916, -72.2402, -0.000176763, -0.000176763, -0.000176763, 0, 0.866115, 0.00124176, -0.588603, 0.000950653
137.655, 0.836885, -72.1955, 0.877396, -72.2011, 0.880913, -72.4312, -0.000177076, -0.000177076, -0.000177076, 0, 0.866115, 0.00124168, -0.588598, 0.000949461
137.706, 0.836881, -72.3868, 0.877392, -72.3924, 0.880909, -72.6225, -0.000177079, -0.000177079, -0.000177079, 0, 0.866115, 0.00124171, -0.588593, 0.000948286
137.756, 0.836878, -72.578, 0.877389, -72.5836, 0.880905, -72.8137, -0.000177079, -0.000177079, -0.000177079, 0, 0.866115, 0.00124155, -0.588588, 0.000947127
137.806, 0.836875, -72.7693, 0.877385, -72.7749, 0.880902, -73.005, -0.000177079, -0.000177079, -0.000177079, 0, 0.866115, 0.00124156, -0.588584, 0.000945984
137.857, 0.836871, -72.9605, 0.877382, -72.9661, 0.880898, -73.1962, -0.000177079, -0.000177079, -0.000177079, 0, 0.866115, 0.00124155, -0.588579, 0.000944857
137.907, 0.836868, -73.1518, 0.877378, -73.1574, 0.880895, -73.3875, -0.000177079, -0.000177079, -0.000177079, 0, 0.866115, 0.00124152, -0.588574, 0.000943747
137.957, 0.836864, -73.343, 0.877375, -73.3486, 0.880891, -73.5787, -0.000177079, -0.000177079, -0.000177079, 0, 0.866115, 0.00124164, -0.588569, 0.000942654
138.001, 0.836861, -73.5075, 0.877371, -73.5131, 0.880888, -73.7432, -0.000177079, -0.000177079, -0.000177079, 0, 0.866115, 0.00124153, -0.588565, 0.000941728
138.001, 0.836861, -73.5075, 0.877371, -73.5131, 0.880888, -73.7432, -0.000177079, -0.000177079, -0.000177079, 0, 0.866115, 0.00124153, -0.588565, 0.000941721
138.051, 0.836858, -73.6987, 0.877368, -73.7043, 0.880884, -73.9344, -0.00017708, -0.000177079, -0.000177079, 0, 0.866115, 0.00124152, -0.588561, 0.000940665
138.101, 0.836855, -73.89, 0.877364, -73.8956, 0.880881, -74.1257, -0.000177339, -0.000177339, -0.000177339, 0, 0.866115, 0.00124158, -0.588556, 0.00093962
138.152, 0.836851, -74.0816, 0.877361, -74.0872, 0.880877, -74.3173, -0.000177395, -0.000177395, -0.000177395, 0, 0.866115, 0.00124159, -0.588551, 0.000938591
138.202, 0.836848, -74.2732, 0.877357, -74.2788, 0.880874, -74.5089, -0.000177395, -0.000177395, -0.000177395, 0, 0.866115, 0.00124153, -0.588546, 0.000937579
138.252, 0.836844, -74.4648, 0.877354, -74.4704, 0.88087, -74.7005, -0.000177474, -0.000177474, -0.000177474, 0, 0.866115, 0.00124142, -0.588541, 0.000936584
138.303, 0.836841, -74.6564, 0.87735, -74.662, 0.880866, -74.8921, -0.000177395, -0.000177397, -0.000177395, 0, 0.866115, 0.00124152, -0.588536, 0.000935606
138.353, 0.836837, -74.848, 0.877346, -74.8536, 0.880863, -75.0837, -0.000177395, -0.000177395, -0.000177395, 0, 0.866115, 0.00124152, -0.588532, 0.000934645
138.403, 0.836834, -75.0396, 0.877343, -75.0452, 0.880859, -75.2753, -0.000177704, -0.000177704, -0.000177704, 0, 0.866115, 0.00124148, -0.588527, 0.000933701
138.454, 0.836831, -75.2316, 0.877339, -75.2372, 0.880856, -75.4673, -0.000177711, -0.000177711, -0.000177711, 0, 0.866115, 0.00124148, -0.588522, 0.000932774
138.504, 0.836829, -75.4235, 0.877337, -75.4291, 0.880854, -75.6592, -0.000177712, -0.000177711, -0.000177711, 0, 0.866115, 0.00124133, -0.588519, 0.000931864
138.554, 0.836828, -75.6154, 0.877337, -75.621, 0.880853, -75.8511, -0.000177711, -0.000177711, -0.000177711, 0, 0.866115, 0.00124131, -0.588519, 0.000930971
138.605, 0.836828, -75.8074, 0.877337, -75.813, 0.880853, -76.043, -0.000177711, -0.000177711, -0.000177711, 0, 0.866115, 0.00124133, -0.588519, 0.000930095
138.655, 0.836828, -75.9995, 0.877337, -76.005, 0.880853, -76.2351, -0.000178027, -0.000178027, -0.000178027, 0, 0.866115, 0.00124134, -0.588518, 0.000929235
138.706, 0.836828, -76.1917, 0.877337, -76.1973, 0.880853, -76.4274, -0.000178028, -0.000178028, -0.000178028, 0, 0.866115, 0.00124143, -0.588519, 0.000928393
138.756, 0.836828, -76.384, 0.877337, -76.3896, 0.880853, -76.6197, -0.000178029, -0.000178029, -0.000178029, 0, 0.866115, 0.00124148, -0.588519, 0.000927568
138.806, 0.836828, -76.5763, 0.877337, -76.5819, 0.880853, -76.812, -0.000178043, -0.000178028, -0.000178034, 0, 0.866115, 0.00124162, -0.588519, 0.000926759
138.857, 0.836828, -76.7686, 0.877337, -76.7742, 0.880853, -77.0043, -0.00017833, -0.00017833, -0.00017833, 0, 0.866115, 0.00124145, -0.588519, 0.000925968
138.907, 0.836828, -76.9612, 0.877337, -76.9668, 0.880853, -77.1969, -0.000178344, -0.000178344, -0.000178344, 0, 0.866115, 0.0012414, -0.588519, 0.000925193
138.957, 0.836828, -77.1538, 0.877337, -77.1594, 0.880853, -77.3895, -0.000178344, -0.000178344, -0.000178344, 0, 0.866115, 0.00124149, -0.588519, 0.000924435
139.001, 0.836828, -77.3195, 0.877337, -77.3251, 0.880853, -77.5552, -0.000178344, -0.000178344, -0.000178344, 0, 0.866115, 0.00124145, -0.588519, 0.000923797
139.001, 0.836828, -77.3195, 0.877337, -77.3251, 0.880853, -77.5552, -0.000178344, -0.000178344, -0.000178344, 0, 0.866115, 0.00124145, -0.588519, 0.000923791
139.051, 0.836828, -77.5122, 0.877337, -77.5178, 0.880853, -77.7479, -0.000178642, -0.000178642, -0.000178642, 0, 0.866115, 0.00124136, -0.588518, 0.00092307
139.101, 0.836828, -77.7051, 0.877337, -77.7107, 0.880853, -77.9408, -0.00017866, -0.00017866, -0.00017866, 0, 0.866115, 0.00124133, -0.588518, 0.00092236
139.152, 0.836828, -77.8981, 0.877337, -77.9037, 0.880853, -78.1338, -0.000178661, -0.000178661, -0.000178661, 0, 0.866115, 0.00124139, -0.588518, 0.000921667
139.202, 0.836828, -78.091, 0.877337, -78.0966, 0.880853, -78.3267, -0.00017866, -0.00017866, -0.00017866, 0, 0.866115, 0.00124142, -0.588518, 0.00092099
139.252, 0.836828, -78.2842, 0.877337, -78.2898, 0.880853, -78.5199, -0.000178985, -0.000178976, -0.000178976, 0, 0.866115, 0.00124151, -0.588519, 0.00092033
139.303, 0.836828, -78.4775, 0.877337, -78.4831, 0.880853, -78.7132, -0.000178977, -0.000178976, -0.000178976, 0, 0.866115, 0.00124142, -0.588519, 0.000919686
139.353, 0.836828, -78.6708, 0.877337, -78.6764, 0.880853, -78.9065, -0.000178976, -0.000178976, -0.000178976, 0, 0.866115, 0.00124145, -0.588519, 0.000919058
139.403, 0.836828, -78.8642, 0.877337, -78.8697, 0.880853, -79.0998, -0.000179261, -0.000179261, -0.000179261, 0, 0.866115, 0.00124146, -0.588519, 0.000918447
139.454, 0.836828, -79.0578, 0.877337, -79.0634, 0.880853, -79.2935, -0.000179292, -0.000179292, -0.000179292, 0, 0.866115, 0.00124136, -0.588519, 0.000917853
139.504, 0.836828, -79.2514, 0.877337, -79.257, 0.880853, -79.4871, -0.000179293, -0.000179293, -0.000179293, 0, 0.866115, 0.00124144, -0.588519, 0.000917274
139.555, 0.836828, -79.4451, 0.877337, -79.4506, 0.880853, -79.6807, -0.000179292, -0.000179292, -0.000179292, 0, 0.866115, 0.00124147, -0.588519, 0.000916711
139.605, 0.836828, -79.639, 0.877337, -79.6446, 0.880853, -79.8747, -0.000179613, -0.000179609, -0.000179609, 0, 0.866115, 0.00124145, -0.588519, 0.000916165
139.655, 0.836828, -79.833, 0.877337, -79.8386, 0.880853, -80.0687, -0.000179609, -0.000179609, -0.000179609, 0, 0.866115, 0.00124143, -0.588519, 0.000915634
139.706, 0.836828, -80.027, 0.877337, -80.0325, 0.880853, -80.2626, -0.000179609, -0.000179609, -0.000179609, 0, 0.866115, 0.0012415, -0.588519, 0.000915119
139.756, 0.836828, -80.2212, 0.877337, -80.2268, 0.880853, -80.4569, -0.000179925, -0.000179925, -0.000179925, 0, 0.866115, 0.00124145, -0.588519, 0.00091462
139.806, 0.836828, -80.4155, 0.877337, -80.4211, 0.880853, -80.6512, -0.000179939, -0.000179939, -0.000179939, 0, 0.866115, 0.0012414, -0.588519, 0.000914136
139.857, 0.836828, -80.6098, 0.877337, -80.6154, 0.880853, -80.8455, -0.000179925, -0.000179925, -0.000179925, 0, 0.866115, 0.00124136, -0.588518, 0.000913668
139.907, 0.836828, -80.8044, 0.877337, -80.8099, 0.880853, -81.04, -0.000180241, -0.000180241, -0.000180241, 0, 0.866115, 0.00124135, -0.588519, 0.000913215
139.957, 0.836828, -80.999, 0.877337, -81.0046, 0.880853, -81.2347, -0.000180241, -0.000180241, -0.000180241, 0, 0.866115, 0.00124141, -0.588518, 0.000912778
140.001, 0.836828, -81.1664, 0.877337, -81.172, 0.880853, -81.4021, -0.000180241, -0.000180241, -0.000180241, 0, 0.866115, 0.0012414, -0.588519, 0.000912414
140.001, 0.836828, -81.1664, 0.877337, -81.172, 0.880853, -81.4021, -0.000180241, -0.000180241, -0.000180241, 0, 0.866115, 0.0012414, -0.588519, 0.00091241
140.051, 0.836828, -81.3613, 0.877337, -81.3668, 0.880853, -81.5969, -0.000180557, -0.000180557, -0.000180557, 0, 0.866115, 0.00124139, -0.588519, 0.000912004
140.101, 0.836828, -81.5563, 0.877337, -81.5618, 0.880853, -81.7919, -0.000180557, -0.000180557, -0.000180557, 0, 0.866115, 0.00124133, -0.588518, 0.00091161
140.152, 0.836828, -81.7513, 0.877337, -81.7568, 0.880853, -81.9869, -0.000180557, -0.000180557, -0.000180557, 0, 0.866115, 0.00124142, -0.588519, 0.000911231
140.202, 0.836828, -81.9464, 0.877337, -81.952, 0.880853, -82.1821, -0.000180873, -0.000180873, -0.000180873, 0, 0.866115, 0.00124148, -0.588519, 0.000910866
140.252, 0.836828, -82.1418, 0.877337, -82.1474, 0.880853, -82.3775, -0.000180873, -0.000180873, -0.000180873, 0, 0.866115, 0.00124147, -0.588519, 0.000910516
140.303, 0.836828, -82.3371, 0.877337, -82.3427, 0.880853, -82.5728, -0.000180873, -0.000180873, -0.000180873, 0, 0.866115, 0.00124142, -0.588519, 0.00091018
140.353, 0.836828, -82.5327, 0.877337, -82.5382, 0.880853, -82.7683, -0.00018119, -0.00018119, -0.00018119, 0, 0.866115, 0.00124143, -0.588519, 0.000909859
140.403, 0.836828, -82.7284, 0.877337, -82.7339, 0.880853, -82.964, -0.000181215, -0.000181215, -0.000181215, 0, 0.866115, 0.0012414, -0.588519, 0.000909552
140.454, 0.836828, -82.924, 0.877337, -82.9296, 0.880853, -83.1597, -0.00018119, -0.00018119, -0.00018119, 0, 0.866115, 0.00124149, -0.588519, 0.000909258
140.504, 0.836828, -83.12, 0.877337, -83.1255, 0.880853, -83.3556, -0.000181506, -0.000181506, -0.000181506, 0, 0.866115, 0.00124151, -0.588519, 0.000908979
140.555, 0.836828, -83.316, 0.877337, -83.3216, 0.880853, -83.5517, -0.000181506, -0.000181506, -0.000181506, 0, 0.866115, 0.00124146, -0.588519, 0.000908714
140.605, 0.836828, -83.512, 0.877337, -83.5176, 0.880853, -83.7477, -0.000181506, -0.000181506, -0.000181506, 0, 0.866115, 0.00124139, -0.588519, 0.000908462
140.655, 0.836828, -83.7083, 0.877337, -83.7139, 0.880853, -83.944, -0.000181822, -0.000181822, -0.000181822, 0, 0.866115, 0.00124152, -0.588519, 0.000908224
140.706, 0.836828, -83.9047, 0.877337, -83.9103, 0.880853, -84.1404, -0.000181823, -0.000181823, -0.000181823, 0, 0.866115, 0.00124142, -0.588518, 0.000907999
140.756, 0.836828, -84.1011, 0.877337, -84.1066, 0.880853, -84.3367, -0.000181822, -0.000181822, -0.000181822, 0, 0.866115, 0.00124144, -0.588519, 0.000907788
140.806, 0.836828, -84.2977, 0.877337, -84.3033, 0.880853, -84.5334, -0.000182138, -0.000182138, -0.000182138, 0, 0.866115, 0.00124147, -0.588519, 0.00090759
140.857, 0.836828, -84.4944, 0.877337, -84.5, 0.880853, -84.7301, -0.000182138, -0.000182138, -0.000182138, 0, 0.866115, 0.00124145, -0.588519, 0.000907404
140.907, 0.836828, -84.6912, 0.877337, -84.6968, 0.880853, -84.9269, -0.000182321, -0.000182321, -0.000182321, 0, 0.866115, 0.00124143, -0.588519, 0.000907231
140.957, 0.83683, -84.8882, 0.877339, -84.8938, 0.880855, -85.1239, -0.000182455, -0.000182455, -0.000182455, 0, 0.866115, 0.00124145, -0.588521, 0.000907071
141.001, 0.836833, -85.0577, 0.877342, -85.0633, 0.880858, -85.2934, -0.000182455, -0.000182455, -0.000182455, 0, 0.866115, 0.00124149, -0.588525, 0.000906944
141.001, 0.836833, -85.0577, 0.877342, -85.0633, 0.880858, -85.2934, -0.000182455, -0.000182455, -0.000182455, 0, 0.866115, 0.00124149, -0.588525, 0.000906941
141.051, 0.836836, -85.2548, 0.877345, -85.2604, 0.880862, -85.4905, -0.000182637, -0.000182637, -0.000182637, 0, 0.866115, 0.00124151, -0.58853, 0.000906807
141.101, 0.83684, -85.4522, 0.877349, -85.4578, 0.880865, -85.6879, -0.000182771, -0.000182771, -0.000182771, 0, 0.866115, 0.00124148, -0.588535, 0.000906682
141.152, 0.836843, -85.6496, 0.877352, -85.6552, 0.880868, -85.8853, -0.000182771, -0.000182771, -0.000182771, 0, 0.866115, 0.00124149, -0.588539, 0.00090657
141.202, 0.836846, -85.847, 0.877355, -85.8526, 0.880872, -86.0827, -0.000183069, -0.000183069, -0.000183069, 0, 0.866115, 0.00124146, -0.588543, 0.000906469
141.252, 0.836849, -86.0448, 0.877359, -86.0504, 0.880875, -86.2805, -0.000183087, -0.000183087, -0.000183087, 0, 0.866115, 0.00124146, -0.588548, 0.00090638
141.303, 0.836853, -86.2425, 0.877362, -86.2481, 0.880879, -86.4782, -0.000183087, -0.000183087, -0.000183087, 0, 0.866115, 0.00124153, -0.588553, 0.000906302
141.353, 0.836856, -86.4404, 0.877366, -86.4459, 0.880882, -86.676, -0.0001834, -0.0001834, -0.0001834, 0, 0.866115, 0.00124153, -0.588557, 0.000906236
141.404, 0.836859, -86.6384, 0.877369, -86.644, 0.880886, -86.8741, -0.000183403, -0.000183403, -0.000183403, 0, 0.866115, 0.00124152, -0.588562, 0.000906181
141.454, 0.836862, -86.8365, 0.877373, -86.8421, 0.880889, -87.0722, -0.000183403, -0.000183403, -0.000183403, 0, 0.866115, 0.00124152, -0.588566, 0.000906138
141.504, 0.836866, -87.0347, 0.877376, -87.0403, 0.880892, -87.2704, -0.000183719, -0.000183719, -0.000183719, 0, 0.866115, 0.00124155, -0.588571, 0.000906105
141.555, 0.836869, -87.2332, 0.877379, -87.2387, 0.880896, -87.4688, -0.000183719, -0.000183719, -0.000183719, 0, 0.866115, 0.00124155, -0.588576, 0.000906083
141.605, 0.836872, -87.4316, 0.877382, -87.4372, 0.880899, -87.6673, -0.000183719, -0.000183719, -0.000183719, 0, 0.866115, 0.00124155, -0.588579, 0.000906072
141.655, 0.836873, -87.6302, 0.877383, -87.6358, 0.8809, -87.8659, -0.000184035, -0.000184035, -0.000184035, 0, 0.866115, 0.00124157, -0.588581, 0.000906071
141.706, 0.836873, -87.8289, 0.877383, -87.8345, 0.8809, -88.0646, -0.000184036, -0.000184036, -0.000184036, 0, 0.866115, 0.00124154, -0.58858, 0.00090608
141.756, 0.836873, -88.0277, 0.877383, -88.0333, 0.8809, -88.2634, -0.000184036, -0.000184036, -0.000184036, 0, 0.866115, 0.00124157, -0.588581, 0.000906099
141.806, 0.836873, -88.2266, 0.877383, -88.2322, 0.8809, -88.4623, -0.000184352, -0.000184352, -0.000184352, 0, 0.866115, 0.00124159, -0.588581, 0.000906129
141.857, 0.836873, -88.4258, 0.877383, -88.4313, 0.8809, -88.6614, -0.000184411, -0.000184411, -0.000184411, 0, 0.866115, 0.00124158, -0.588581, 0.000906168
141.907, 0.836873, -88.6249, 0.877383, -88.6304, 0.8809, -88.8605, -0.000184352, -0.000184352, -0.000184352, 0, 0.866115, 0.00124158, -0.588581, 0.000906217
141.957, 0.836876, -88.8242, 0.877387, -88.8297, 0.880903, -89.0598, -0.000184668, -0.000184668, -0.000184668, 0, 0.866115, 0.00124157, -0.588585, 0.000906275
142.001, 0.836878, -88.9957, 0.877389, -89.0013, 0.880906, -89.2314, -0.000184668, -0.000184668, -0.000184668, 0, 0.866115, 0.00124159, -0.588589, 0.000906332
142.001, 0.836878, -88.9957, 0.877389, -89.0013, 0.880906, -89.2314, -0.000184668, -0.000184668, -0.000184668, 0, 0.866115, 0.00124159, -0.588589, 0.000906331
142.051, 0.836882, -89.1951, 0.877393, -89.2007, 0.880909, -89.4308, -0.000184668, -0.000184668, -0.000184668, 0, 0.866115, 0.0012416, -0.588594, 0.000906408
142.101, 0.836885, -89.3947, 0.877396, -89.4003, 0.880913, -89.6304, -0.000184982, -0.000184982, -0.000184982, 0, 0.866115, 0.00124162, -0.588598, 0.000906492
142.152, 0.836888, -89.5945, 0.8774, -89.6, 0.880916, -89.8301, -0.000184984, -0.000184984, -0.000184984, 0, 0.866115, 0.00124162, -0.588603, 0.000906585
142.202, 0.83689, -89.7943, 0.877402, -89.7998, 0.880918, -90.0299, -0.000184984, -0.000184984, -0.000184984, 0, 0.866115, 0.00124163, -0.588606, 0.000906687
142.252, 0.83689, -89.9941, 0.877402, -89.9997, 0.880918, -90.2298, -0.00018529, -0.00018529, -0.00018529, 0, 0.866115, 0.00124163, -0.588605, 0.000906797
142.303, 0.83689, -90.1942, 0.877402, -90.1998, 0.880918, -90.4299, -0.0001853, -0.0001853, -0.0001853, 0, 0.866115, 0.00124163, -0.588606, 0.000906916
142.353, 0.83689, -90.3944, 0.877402, -90.3999, 0.880918, -90.6301, -0.0001853, -0.0001853, -0.0001853, 0, 0.866115, 0.00124163, -0.588606, 0.000907043
142.404, 0.83689, -90.5945, 0.877402, -90.6001, 0.880918, -90.8302, -0.000185483, -0.000185483, -0.000185483, 0, 0.866115, 0.00124163, -0.588605, 0.000907177
142.454, 0.83689, -90.795, 0.877402, -90.8006, 0.880918, -91.0307, -0.000185617, -0.000185617, -0.000185617, 0, 0.866115, 0.00124163, -0.588606, 0.00090732
142.504, 0.83689, -90.9955, 0.877402, -91.001, 0.880918, -91.2311, -0.000185617, -0.000185617, -0.000185617, 0, 0.866115, 0.00124163, -0.588606, 0.00090747
142.555, 0.836891, -91.1959, 0.877402, -91.2015, 0.880919, -91.4316, -0.000185617, -0.000185617, -0.000185617, 0, 0.866115, 0.00124164, -0.588606, 0.000907628
142.605, 0.836894, -91.3967, 0.877406, -91.4023, 0.880922, -91.6324, -0.000185933, -0.000185933, -0.000185933, 0, 0.866115, 0.00124164, -0.588611, 0.000907792
142.655, 0.836897, -91.5975, 0.877409, -91.6031, 0.880926, -91.8332, -0.000185933, -0.000185933, -0.000185933, 0, 0.866115, 0.00124164, -0.588616, 0.000907965
142.706, 0.8369, -91.7983, 0.877412, -91.8039, 0.880929, -92.034, -0.000185933, -0.000185933, -0.000185933, 0, 0.866115, 0.00124166, -0.58862, 0.000908144
142.756, 0.836904, -91.9993, 0.877416, -92.0048, 0.880932, -92.2349, -0.000186249, -0.000186249, -0.000186249, 0, 0.866115, 0.00124165, -0.588625, 0.00090833
142.806, 0.836907, -92.2004, 0.877419, -92.206, 0.880936, -92.4361, -0.000186249, -0.000186249, -0.000186249, 0, 0.866115, 0.00124169, -0.588629, 0.000908522
142.857, 0.836909, -92.4016, 0.877421, -92.4071, 0.880938, -92.6372, -0.000186249, -0.000186249, -0.000186249, 0, 0.866115, 0.00124167, -0.588632, 0.000908721
142.907, 0.836909, -92.6027, 0.877421, -92.6083, 0.880938, -92.8384, -0.000186249, -0.000186249, -0.000186249, 0, 0.866115, 0.00124164, -0.588633, 0.000908926
142.957, 0.836909, -92.8042, 0.877421, -92.8098, 0.880938, -93.0399, -0.000186565, -0.000186565, -0.000186565, 0, 0.866115, 0.00124167, -0.588632, 0.000909138
143.001, 0.836909, -92.9775, 0.877421, -92.9831, 0.880938, -93.2132, -0.000186565, -0.000186565, -0.000186565, 0, 0.866115, 0.00124168, -0.588632, 0.000909325
143.001, 0.836909, -92.9775, 0.877421, -92.9831, 0.880938, -93.2132, -0.000186565, -0.000186565, -0.000186565, 0, 0.866115, 0.00124168, -0.588632, 0.000909325
143.051, 0.836909, -93.179, 0.877421, -93.1845, 0.880938, -93.4146, -0.000186565, -0.000186565, -0.000186565, 0, 0.866115, 0.00124171, -0.588632, 0.000909548
143.101, 0.836909, -93.3805, 0.877421, -93.3861, 0.880938, -93.6162, -0.000186872, -0.000186872, -0.000186872, 0, 0.866115, 0.0012417, -0.588632, 0.000909776
143.152, 0.836909, -93.5824, 0.877421, -93.588, 0.880938, -93.8181, -0.000186882, -0.000186882, -0.000186882, 0, 0.866115, 0.00124167, -0.588633, 0.00091001
143.202, 0.836909, -93.7842, 0.877421, -93.7898, 0.880938, -94.0199, -0.000186882, -0.000186882, -0.000186882, 0, 0.866115, 0.00124171, -0.588632, 0.000910249
143.253, 0.836911, -93.9861, 0.877424, -93.9916, 0.880941, -94.2217, -0.000186882, -0.000186882, -0.000186882, 0, 0.866115, 0.0012417, -0.588636, 0.000910494
143.303, 0.836915, -94.1881, 0.877427, -94.1936, 0.880944, -94.4237, -0.000187198, -0.000187198, -0.000187198, 0, 0.866115, 0.00124167, -0.588641, 0.000910744
143.353, 0.836918, -94.3902, 0.877431, -94.3958, 0.880948, -94.6259, -0.000187198, -0.000187198, -0.000187198, 0, 0.866115, 0.00124169, -0.588645, 0.000910998
143.404, 0.836921, -94.5924, 0.877434, -94.598, 0.880951, -94.8281, -0.000187198, -0.000187198, -0.000187198, 0, 0.866115, 0.00124178, -0.588649, 0.000911258
143.454, 0.836924, -94.7946, 0.877438, -94.8002, 0.880954, -95.0303, -0.000187198, -0.000187198, -0.000187198, 0, 0.866115, 0.00124172, -0.588654, 0.000911522
143.504, 0.836927, -94.997, 0.87744, -95.0025, 0.880957, -95.2326, -0.000187514, -0.000187514, -0.000187514, 0, 0.866115, 0.00124172, -0.588658, 0.00091179
143.555, 0.836927, -95.1995, 0.87744, -95.2051, 0.880957, -95.4352, -0.000187514, -0.000187514, -0.000187514, 0, 0.866115, 0.0012417, -0.588658, 0.000912063
143.605, 0.836927, -95.402, 0.87744, -95.4076, 0.880957, -95.6377, -0.000187514, -0.000187514, -0.000187514, 0, 0.866115, 0.00124172, -0.588658, 0.00091234
143.655, 0.836927, -95.6045, 0.87744, -95.6101, 0.880957, -95.8402, -0.000187514, -0.000187514, -0.000187514, 0, 0.866115, 0.00124172, -0.588658, 0.000912621
143.706, 0.836927, -95.8072, 0.87744, -95.8128, 0.880957, -96.0429, -0.00018783, -0.00018783, -0.00018783, 0, 0.866115, 0.00124173, -0.588658, 0.000912907
143.756, 0.836927, -96.01, 0.87744, -96.0156, 0.880957, -96.2457, -0.00018783, -0.00018783, -0.00018783, 0, 0.866115, 0.00124172, -0.588657, 0.000913196
143.806, 0.836927, -96.2129, 0.87744, -96.2185, 0.880957, -96.4486, -0.00018783, -0.00018783, -0.00018783, 0, 0.866115, 0.00124169, -0.588658, 0.000913489
143.857, 0.836927, -96.4158, 0.87744, -96.4213, 0.880957, -96.6514, -0.00018783, -0.00018783, -0.00018783, 0, 0.866115, 0.00124173, -0.588658, 0.000913784
143.907, 0.836928, -96.6187, 0.877442, -96.6242, 0.880958, -96.8543, -0.000188046, -0.000188046, -0.000188046, 0, 0.866115, 0.00124181, -0.588659, 0.000914083
143.957, 0.836931, -96.8219, 0.877445, -96.8274, 0.880962, -97.0575, -0.000188146, -0.000188146, -0.000188146, 0, 0.866115, 0.00124175, -0.588664, 0.000914385
144.001, 0.836934, -96.9966, 0.877448, -97.0022, 0.880965, -97.2323, -0.000188146, -0.000188146, -0.000188146, 0, 0.866115, 0.00124171, -0.588668, 0.000914647
144.001, 0.836934, -96.9966, 0.877448, -97.0022, 0.880965, -97.2323, -0.000188146, -0.000188146, -0.000188146, 0, 0.866115, 0.00124171, -0.588668, 0.000914648
144.051, 0.836937, -97.1998, 0.877451, -97.2054, 0.880968, -97.4355, -0.000188146, -0.000188146, -0.000188146, 0, 0.866115, 0.00124175, -0.588673, 0.000914955
144.101, 0.836941, -97.403, 0.877455, -97.4086, 0.880971, -97.6387, -0.000188146, -0.000188146, -0.000188146, 0, 0.866115, 0.00124177, -0.588677, 0.000915266
144.152, 0.836943, -97.6063, 0.877457, -97.6119, 0.880974, -97.842, -0.000188453, -0.000188453, -0.000188453, 0, 0.866115, 0.00124175, -0.588681, 0.000915579
144.202, 0.836944, -97.8098, 0.877458, -97.8154, 0.880975, -98.0455, -0.000188463, -0.000188463, -0.000188463, 0, 0.866115, 0.00124176, -0.588681, 0.000915895
144.253, 0.836944, -98.0134, 0.877458, -98.019, 0.880975, -98.2491, -0.000188463, -0.000188463, -0.000188463, 0, 0.866115, 0.00124177, -0.588681, 0.000916213
144.303, 0.836944, -98.2169, 0.877458, -98.2225, 0.880975, -98.4526, -0.000188463, -0.000188463, -0.000188463, 0, 0.866115, 0.00124175, -0.588681, 0.000916533
144.353, 0.836944, -98.4204, 0.877458, -98.426, 0.880975, -98.6561, -0.000188463, -0.000188463, -0.000188463, 0, 0.866115, 0.0012418, -0.588681, 0.000916855
144.404, 0.836944, -98.6241, 0.877458, -98.6296, 0.880975, -98.8597, -0.000188747, -0.000188747, -0.000188747, 0, 0.866115, 0.0012418, -0.588681, 0.00091718
144.454, 0.836944, -98.8279, 0.877458, -98.8335, 0.880975, -99.0636, -0.000188779, -0.000188779, -0.000188779, 0, 0.866115, 0.00124185, -0.588681, 0.000917506
144.504, 0.836944, -99.0318, 0.877458, -99.0374, 0.880975, -99.2675, -0.000188779, -0.000188779, -0.000188779, 0, 0.866115, 0.00124185, -0.588681, 0.000917834
144.555, 0.836944, -99.2357, 0.877458, -99.2413, 0.880975, -99.4714, -0.000188779, -0.000188779, -0.000188779, 0, 0.866115, 0.00124167, -0.588681, 0.000918164
144.605, 0.836945, -99.4396, 0.877459, -99.4452, 0.880976, -99.6753, -0.000188779, -0.000188779, -0.000188779, 0, 0.866115, 0.00124178, -0.588683, 0.000918495
144.655, 0.836948, -99.6435, 0.877463, -99.649, 0.88098, -99.8792, -0.000188779, -0.000188779, -0.000188779, 0, 0.866115, 0.00124177, -0.588688, 0.000918827
144.706, 0.836952, -99.8475, 0.877466, -99.8531, 0.880983, -100.083, -0.000189095, -0.000189095, -0.000189095, 0, 0.866115, 0.00124178, -0.588693, 0.000919161
144.756, 0.836955, -100.052, 0.87747, -100.057, 0.880986, -100.287, -0.000189095, -0.000189095, -0.000189095, 0, 0.866115, 0.00124179, -0.588697, 0.000919496
144.806, 0.836958, -100.256, 0.877473, -100.262, 0.88099, -100.492, -0.000189095, -0.000189095, -0.000189095, 0, 0.866115, 0.00124179, -0.588701, 0.000919832
144.857, 0.836958, -100.46, 0.877473, -100.466, 0.88099, -100.696, -0.000189095, -0.000189095, -0.000189095, 0, 0.866115, 0.00124184, -0.588702, 0.000920168
144.907, 0.836958, -100.664, 0.877473, -100.67, 0.88099, -100.9, -0.000189095, -0.000189095, -0.000189095, 0, 0.866115, 0.00124171, -0.588702, 0.000920506
144.958, 0.836958, -100.869, 0.877473, -100.874, 0.88099, -101.104, -0.000189095, -0.000189095, -0.000189095, 0, 0.866115, 0.00124182, -0.588702, 0.000920844
145.001, 0.836959, -101.044, 0.877473, -101.05, 0.88099, -101.28, -0.000189233, -0.000189233, -0.000189233, 0, 0.866115, 0.00124185, -0.588702, 0.000921135
145.001, 0.836959, -101.044, 0.877473, -101.05, 0.88099, -101.28, -0.000189233, -0.000189233, -0.000189233, 0, 0.866115, 0.00124185, -0.588702, 0.000921136
145.051, 0.836959, -101.249, 0.877473, -101.254, 0.88099, -101.485, -0.000189411, -0.000189411, -0.000189411, 0, 0.866115, 0.00124174, -0.588702, 0.000921474
145.102, 0.836958, -101.453, 0.877473, -101.459, 0.88099, -101.689, -0.000189411, -0.000189411, -0.000189411, 0, 0.866115, 0.00124191, -0.588702, 0.000921814
145.152, 0.836959, -101.658, 0.877473, -101.664, 0.88099, -101.894, -0.000189411, -0.000189411, -0.000189411, 0, 0.866115, 0.00124191, -0.588702, 0.000922153
145.202, 0.836959, -101.863, 0.877473, -101.868, 0.88099, -102.098, -0.000189411, -0.000189411, -0.000189411, 0, 0.866115, 0.0012418, -0.588702, 0.000922493
145.253, 0.836959, -102.067, 0.877473, -102.073, 0.88099, -102.303, -0.000189411, -0.000189411, -0.000189411, 0, 0.866115, 0.00124171, -0.588702, 0.000922833
145.303, 0.836961, -102.272, 0.877476, -102.277, 0.880992, -102.507, -0.000189411, -0.000189411, -0.000189411, 0, 0.866115, 0.00124188, -0.588705, 0.000923173
145.353, 0.836964, -102.476, 0.877479, -102.482, 0.880996, -102.712, -0.000189411, -0.000189411, -0.000189411, 0, 0.866115, 0.00124186, -0.58871, 0.000923512
145.404, 0.836967, -102.681, 0.877482, -102.687, 0.880999, -102.917, -0.000189727, -0.000189727, -0.000189727, 0, 0.866115, 0.00124191, -0.588714, 0.000923852
145.454, 0.83697, -102.886, 0.877485, -102.892, 0.881002, -103.122, -0.000189727, -0.000189727, -0.000189727, 0, 0.866115, 0.00124179, -0.588719, 0.000924191
145.504, 0.83697, -103.091, 0.877486, -103.096, 0.881003, -103.327, -0.000189727, -0.000189727, -0.000189727, 0, 0.866115, 0.00124194, -0.588719, 0.000924529
145.555, 0.83697, -103.296, 0.877486, -103.301, 0.881003, -103.531, -0.000189727, -0.000189727, -0.000189727, 0, 0.866115, 0.00124179, -0.588718, 0.000924867
145.605, 0.83697, -103.501, 0.877486, -103.506, 0.881003, -103.736, -0.000189727, -0.000189727, -0.000189727, 0, 0.866115, 0.00124188, -0.588719, 0.000925204
145.655, 0.83697, -103.706, 0.877486, -103.711, 0.881003, -103.941, -0.000189727, -0.000189727, -0.000189727, 0, 0.866115, 0.00124186, -0.588719, 0.000925541
145.706, 0.83697, -103.91, 0.877486, -103.916, 0.881003, -104.146, -0.000189727, -0.000189727, -0.000189727, 0, 0.866115, 0.00124203, -0.588718, 0.000925877
145.756, 0.83697, -104.115, 0.877486, -104.121, 0.881003, -104.351, -0.000189727, -0.000189727, -0.000189727, 0, 0.866115, 0.00124192, -0.588718, 0.000926211
145.806, 0.83697, -104.32, 0.877486, -104.326, 0.881003, -104.556, -0.000189727, -0.000189727, -0.000189727, 0, 0.866115, 0.0012418, -0.588718, 0.000926545
145.857, 0.83697, -104.525, 0.877486, -104.531, 0.881003, -104.761, -0.000190014, -0.000190012, -0.000190012, 0, 0.866115, 0.00124173, -0.588719, 0.000926878
145.907, 0.83697, -104.73, 0.877486, -104.736, 0.881003, -104.966, -0.000190044, -0.000190044, -0.000190044, 0, 0.866115, 0.00124195, -0.588718, 0.00092721
145.958, 0.836972, -104.936, 0.877488, -104.941, 0.881005, -105.171, -0.000190044, -0.000190044, -0.000190063, 0, 0.866115, 0.00124195, -0.588721, 0.00092754
146.001, 0.836975, -105.112, 0.877491, -105.118, 0.881007, -105.348, -0.000190044, -0.000190044, -0.000190044, 0, 0.866115, 0.00124176, -0.588725, 0.000927823
146.001, 0.836975, -105.112, 0.877491, -105.118, 0.881007, -105.348, -0.000190044, -0.000190044, -0.000190044, 0, 0.866115, 0.00124176, -0.588725, 0.000927825
146.051, 0.836978, -105.317, 0.877494, -105.323, 0.881011, -105.553, -0.000190044, -0.000190044, -0.000190044, 0, 0.866115, 0.0012418, -0.58873, 0.000928151
146.102, 0.83698, -105.523, 0.877495, -105.528, 0.881012, -105.758, -0.000190044, -0.000190044, -0.000190044, 0, 0.866115, 0.00124176, -0.588732, 0.000928478
146.152, 0.836979, -105.728, 0.877495, -105.734, 0.881012, -105.964, -0.000190059, -0.000190044, -0.000190044, 0, 0.866115, 0.00124197, -0.588731, 0.000928802
146.202, 0.836979, -105.933, 0.877495, -105.939, 0.881012, -106.169, -0.000190059, -0.000190047, -0.000190044, 0, 0.866115, 0.00124183, -0.588732, 0.000929126
146.253, 0.83698, -106.138, 0.877495, -106.144, 0.881012, -106.374, -0.000190046, -0.000190044, -0.000190046, 0, 0.866115, 0.00124185, -0.588731, 0.000929448
146.303, 0.836979, -106.344, 0.877495, -106.349, 0.881012, -106.579, -0.000190044, -0.000190044, -0.000190044, 0, 0.866115, 0.00124197, -0.588731, 0.000929767
146.353, 0.83698, -106.549, 0.877495, -106.555, 0.881012, -106.785, -0.000190048, -0.000190044, -0.000190044, 0, 0.866115, 0.00124203, -0.588731, 0.000930085
146.404, 0.836979, -106.754, 0.877495, -106.76, 0.881012, -106.99, -0.000189965, -0.000190044, -0.000189965, 0, 0.866115, 0.00124185, -0.588731, 0.000930402
146.454, 0.836979, -106.959, 0.877495, -106.965, 0.881012, -107.195, -0.000190044, -0.000190044, -0.000190044, 0, 0.866115, 0.00124203, -0.588731, 0.000930716
146.504, 0.83698, -107.165, 0.877495, -107.17, 0.881012, -107.4, -0.000190044, -0.000190044, -0.000190044, 0, 0.866115, 0.00124174, -0.588732, 0.000931028
146.555, 0.836979, -107.37, 0.877495, -107.376, 0.881012, -107.606, -0.000190046, -0.000190044, -0.000190044, 0, 0.866115, 0.00124191, -0.588731, 0.000931338
146.605, 0.836979, -107.575, 0.877495, -107.581, 0.881012, -107.811, -0.000190362, -0.00019036, -0.00019036, 0, 0.866115, 0.00124194, -0.588731, 0.000931646
146.655, 0.836981, -107.781, 0.877496, -107.787, 0.881013, -108.017, -0.00019036, -0.00019036, -0.00019036, 0, 0.866115, 0.001242, -0.588733, 0.000931951
146.706, 0.836984, -107.987, 0.8775, -107.992, 0.881017, -108.222, -0.000190371, -0.000190377, -0.000190363, 0, 0.866115, 0.00124183, -0.588738, 0.000932254
146.756, 0.836987, -108.192, 0.877503, -108.198, 0.88102, -108.428, -0.000190319, -0.00019031, -0.000190307, 0, 0.866115, 0.00124195, -0.588742, 0.000932555
146.807, 0.836987, -108.398, 0.877504, -108.403, 0.881021, -108.633, -0.00019036, -0.00019036, -0.00019036, 0, 0.866115, 0.00124206, -0.588743, 0.000932854
146.857, 0.836988, -108.603, 0.877504, -108.609, 0.881021, -108.839, -0.000190361, -0.00019036, -0.00019036, 0, 0.866115, 0.00124174, -0.588743, 0.00093315
146.907, 0.836988, -108.809, 0.877504, -108.815, 0.881021, -109.045, -0.000190361, -0.000190371, -0.000190368, 0, 0.866115, 0.00124194, -0.588743, 0.000933444
146.958, 0.836987, -109.015, 0.877504, -109.02, 0.881021, -109.25, -0.00019036, -0.000190375, -0.00019036, 0, 0.866115, 0.00124192, -0.588743, 0.000933736
147.001, 0.836988, -109.191, 0.877504, -109.197, 0.881021, -109.427, -0.00019036, -0.000190388, -0.00019036, 0, 0.866115, 0.00124171, -0.588743, 0.000933985
147.001, 0.836988, -109.191, 0.877504, -109.197, 0.881021, -109.427, -0.00019036, -0.000190388, -0.00019036, 0, 0.866115, 0.00124171, -0.588743, 0.000933987
147.051, 0.836988, -109.397, 0.877504, -109.403, 0.881021, -109.633, -0.000190363, -0.000190363, -0.000190363, 0, 0.866115, 0.00124197, -0.588743, 0.000934272
147.102, 0.836987, -109.603, 0.877504, -109.608, 0.881021, -109.838, -0.000190317, -0.000190282, -0.000190301, 0, 0.866115, 0.00124192, -0.588743, 0.000934556
147.152, 0.836988, -109.808, 0.877504, -109.814, 0.881021, -110.044, -0.000190362, -0.000190362, -0.000190362, 0, 0.866115, 0.00124207, -0.588743, 0.000934837
147.202, 0.836988, -110.014, 0.877504, -110.019, 0.881021, -110.249, -0.000190375, -0.000190375, -0.000190376, 0, 0.866115, 0.00124174, -0.588743, 0.000935116
147.253, 0.836987, -110.219, 0.877504, -110.225, 0.881021, -110.455, -0.000190368, -0.000190371, -0.000190367, 0, 0.866115, 0.00124191, -0.588743, 0.000935393
147.303, 0.836988, -110.425, 0.877504, -110.43, 0.881021, -110.661, -0.00019036, -0.000190362, -0.000190361, 0, 0.866115, 0.00124204, -0.588743, 0.000935665
147.353, 0.836988, -110.63, 0.877504, -110.636, 0.881021, -110.866, -0.000190363, -0.000190363, -0.000190363, 0, 0.866115, 0.00124194, -0.588743, 0.000935936
147.404, 0.836988, -110.836, 0.877504, -110.842, 0.881021, -111.072, -0.000190362, -0.000190362, -0.00019038, 0, 0.866115, 0.00124194, -0.588743, 0.000936204
147.454, 0.836991, -111.042, 0.877507, -111.047, 0.881024, -111.277, -0.000190281, -0.00019036, -0.000190281, 0, 0.866115, 0.00124212, -0.588748, 0.000936468
147.504, 0.836991, -111.247, 0.877507, -111.253, 0.881024, -111.483, -0.00019036, -0.000190365, -0.000190371, 0, 0.866115, 0.00124206, -0.588747, 0.00093673
147.555, 0.836991, -111.453, 0.877507, -111.458, 0.881024, -111.689, -0.000190289, -0.000190286, -0.000190281, 0, 0.866115, 0.00124186, -0.588747, 0.000936988
147.605, 0.836991, -111.658, 0.877507, -111.664, 0.881024, -111.894, -0.000190381, -0.000190363, -0.000190363, 0, 0.866115, 0.00124191, -0.588748, 0.000937245
147.655, 0.836991, -111.864, 0.877507, -111.87, 0.881024, -112.1, -0.000190283, -0.000190371, -0.000190292, 0, 0.866115, 0.00124197, -0.588748, 0.000937497
147.706, 0.836991, -112.07, 0.877507, -112.075, 0.881024, -112.305, -0.000190364, -0.00019036, -0.00019036, 0, 0.866115, 0.00124189, -0.588748, 0.000937747
147.756, 0.836991, -112.275, 0.877507, -112.281, 0.881024, -112.511, -0.000190363, -0.00019036, -0.000190375, 0, 0.866115, 0.00124183, -0.588748, 0.000937993
147.807, 0.836991, -112.481, 0.877507, -112.486, 0.881024, -112.716, -0.00019036, -0.000190361, -0.000190365, 0, 0.866115, 0.001242, -0.588747, 0.000938237
147.857, 0.836991, -112.686, 0.877507, -112.692, 0.881024, -112.922, -0.000190361, -0.000190375, -0.000190282, 0, 0.866115, 0.00124167, -0.588748, 0.000938477
147.907, 0.836991, -112.892, 0.877507, -112.898, 0.881024, -113.128, -0.00019036, -0.000190375, -0.000190361, 0, 0.866115, 0.00124188, -0.588748, 0.000938714
147.958, 0.836991, -113.098, 0.877507, -113.103, 0.881024, -113.333, -0.00019038, -0.00019036, -0.000190361, 0, 0.866115, 0.00124201, -0.588748, 0.000938948
148.001, 0.836992, -113.274, 0.877508, -113.28, 0.881025, -113.51, -0.00019036, -0.00019036, -0.00019036, 0, 0.866115, 0.00124176, -0.588749, 0.000939147
148.001, 0.836992, -113.274, 0.877508, -113.28, 0.881025, -113.51, -0.00019036, -0.00019036, -0.00019036, 0, 0.866115, 0.00124176, -0.588749, 0.000939148
148.051, 0.836992, -113.48, 0.877508, -113.486, 0.881025, -113.716, -0.000190371, -0.000190373, -0.000190371, 0, 0.866115, 0.00124197, -0.588748, 0.000939375
148.102, 0.836992, -113.686, 0.877508, -113.691, 0.881025, -113.921, -0.000190381, -0.000190382, -0.000190381, 0, 0.866115, 0.00124176, -0.588749, 0.0009396
148.152, 0.836992, -113.891, 0.877508, -113.897, 0.881025, -114.127, -0.000190282, -0.000190375, -0.00019036, 0, 0.866115, 0.00124204, -0.588749, 0.000939821
148.202, 0.836992, -114.097, 0.877508, -114.102, 0.881025, -114.332, -0.000190361, -0.00019036, -0.000190361, 0, 0.866115, 0.00124192, -0.588749, 0.00094004
148.253, 0.836992, -114.302, 0.877508, -114.308, 0.881025, -114.538, -0.000190364, -0.000190362, -0.000190382, 0, 0.866115, 0.00124189, -0.588749, 0.000940255
148.303, 0.836992, -114.508, 0.877509, -114.513, 0.881026, -114.744, -0.000190368, -0.000190391, -0.00019036, 0, 0.866115, 0.00124186, -0.58875, 0.000940467
148.353, 0.836993, -114.713, 0.877509, -114.719, 0.881026, -114.949, -0.000190491, -0.00019036, -0.000190494, 0, 0.866115, 0.00124183, -0.58875, 0.000940675
148.404, 0.836993, -114.919, 0.877509, -114.925, 0.881026, -115.155, -0.00019029, -0.00019036, -0.000190289, 0, 0.866115, 0.0012418, -0.58875, 0.00094088
148.454, 0.836993, -115.125, 0.877509, -115.13, 0.881026, -115.36, -0.000190426, -0.00019036, -0.000190408, 0, 0.866115, 0.00124206, -0.58875, 0.000941082
148.504, 0.836993, -115.33, 0.877509, -115.336, 0.881026, -115.566, -0.000190333, -0.00019036, -0.000190323, 0, 0.866115, 0.00124203, -0.58875, 0.000941281
148.555, 0.836993, -115.536, 0.87751, -115.541, 0.881027, -115.771, -0.000190315, -0.00019036, -0.000190315, 0, 0.866115, 0.00124188, -0.588751, 0.000941476
148.605, 0.836993, -115.741, 0.87751, -115.747, 0.881027, -115.977, -0.000190352, -0.00019036, -0.000190313, 0, 0.866115, 0.00124191, -0.588751, 0.000941668
148.656, 0.836993, -115.947, 0.87751, -115.953, 0.881027, -116.183, -0.000190296, -0.00019036, -0.000190292, 0, 0.866115, 0.00124221, -0.588751, 0.000941856
148.706, 0.836993, -116.153, 0.87751, -116.158, 0.881027, -116.388, -0.000190311, -0.00019036, -0.000190299, 0, 0.866115, 0.00124192, -0.588751, 0.000942042
148.756, 0.836993, -116.358, 0.87751, -116.364, 0.881027, -116.594, -0.000190331, -0.00019036, -0.000190331, 0, 0.866115, 0.00124176, -0.588751, 0.000942223
148.807, 0.836993, -116.564, 0.87751, -116.569, 0.881027, -116.799, -0.00019034, -0.00019036, -0.000190331, 0, 0.866115, 0.00124197, -0.588751, 0.000942402
148.857, 0.836993, -116.769, 0.87751, -116.775, 0.881027, -117.005, -0.000190281, -0.00019036, -0.000190313, 0, 0.866115, 0.00124216, -0.588751, 0.000942577
148.907, 0.836993, -116.975, 0.87751, -116.981, 0.881027, -117.211, -0.000190354, -0.00019036, -0.000190312, 0, 0.866115, 0.00124204, -0.588751, 0.000942749
148.958, 0.836993, -117.181, 0.87751, -117.186, 0.881027, -117.416, -0.000190478, -0.00019036, -0.000190477, 0, 0.866115, 0.00124203, -0.588751, 0.000942917
149.001, 0.836993, -117.357, 0.87751, -117.363, 0.881027, -117.593, -0.000190341, -0.00019036, -0.000190352, 0, 0.866115, 0.00124204, -0.588751, 0.00094306
149.001, 0.836993, -117.357, 0.87751, -117.363, 0.881027, -117.593, -0.000190341, -0.00019036, -0.000190352, 0, 0.866115, 0.00124204, -0.588751, 0.000943061
149.051, 0.836993, -117.563, 0.87751, -117.569, 0.881027, -117.799, -0.000190337, -0.00019036, -0.000190335, 0, 0.866115, 0.001242, -0.588751, 0.000943222
149.102, 0.836993, -117.769, 0.87751, -117.774, 0.881027, -118.004, -0.000190283, -0.00019036, -0.000190326, 0, 0.866115, 0.00124183, -0.588751, 0.000943381
149.152, 0.836993, -117.974, 0.87751, -117.98, 0.881027, -118.21, -0.000190355, -0.00019036, -0.00019028, 0, 0.866115, 0.00124195, -0.588751, 0.000943537
149.202, 0.836993, -118.18, 0.87751, -118.185, 0.881027, -118.415, -0.000190508, -0.00019036, -0.000190475, 0, 0.866115, 0.00124191, -0.588751, 0.000943689
149.253, 0.836994, -118.385, 0.87751, -118.391, 0.881027, -118.621, -0.000190343, -0.00019036, -0.000190327, 0, 0.866115, 0.00124165, -0.588751, 0.000943838
149.303, 0.836993, -118.59, 0.87751, -118.596, 0.881027, -118.826, -0.000189725, -0.000189727, -0.000189703, 0, 0.866115, 0.00124164, -0.588751, 0.000943984
149.353, 0.836993, -118.795, 0.87751, -118.801, 0.881027, -119.031, -0.000189682, -0.000189727, -0.000189704, 0, 0.866115, 0.00124194, -0.588751, 0.000944126
149.404, 0.836993, -119, 0.87751, -119.006, 0.881027, -119.236, -0.000189678, -0.000189728, -0.000189679, 0, 0.866115, 0.00124213, -0.588751, 0.000944265
149.454, 0.836993, -119.205, 0.87751, -119.211, 0.881027, -119.441, -0.000189677, -0.000189727, -0.000189654, 0, 0.866115, 0.0012418, -0.588751, 0.000944401
149.504, 0.836993, -119.41, 0.87751, -119.416, 0.881027, -119.646, -0.000189647, -0.000189727, -0.000189687, 0, 0.866115, 0.00124198, -0.588751, 0.000944533
149.555, 0.836994, -119.615, 0.87751, -119.62, 0.881027, -119.851, -0.000189872, -0.000189727, -0.000189704, 0, 0.866115, 0.00124171, -0.588751, 0.000944663
149.605, 0.836993, -119.82, 0.87751, -119.825, 0.881027, -120.055, -0.000189689, -0.000189727, -0.000189688, 0, 0.866115, 0.00124183, -0.588751, 0.000944789
149.656, 0.836993, -120.025, 0.87751, -120.03, 0.881027, -120.26, -0.000189654, -0.000189727, -0.000189654, 0, 0.866115, 0.00124201, -0.588751, 0.000944912
149.706, 0.836993, -120.23, 0.87751, -120.235, 0.881027, -120.465, -0.000189698, -0.000189727, -0.000189885, 0, 0.866115, 0.00124183, -0.588751, 0.000945031
149.756, 0.836993, -120.434, 0.87751, -120.44, 0.881027, -120.67, -0.000189711, -0.000189727, -0.000189707, 0, 0.866115, 0.00124192, -0.588751, 0.000945147
149.807, 0.836993, -120.639, 0.87751, -120.645, 0.881027, -120.875, -0.000189698, -0.000189727, -0.000189869, 0, 0.866115, 0.00124177, -0.588751, 0.000945261
149.857, 0.836993, -120.844, 0.87751, -120.85, 0.881027, -121.08, -0.000189839, -0.000189727, -0.000189841, 0, 0.866115, 0.00124189, -0.588751, 0.000945371
149.907, 0.836993, -121.049, 0.87751, -121.055, 0.881027, -121.285, -0.000189695, -0.000189727, -0.000189693, 0, 0.866115, 0.00124198, -0.588751, 0.000945478
149.958, 0.836993, -121.254, 0.87751, -121.26, 0.881027, -121.49, -0.000189724, -0.00018974, -0.000189725, 0, 0.866115, 0.00124195, -0.588751, 0.000945582
150.001, 0.836993, -121.43, 0.87751, -121.436, 0.881027, -121.666, -0.000189698, -0.000189727, -0.000189701, 0, 0.866115, 0.00124192, -0.588751, 0.000945668
150.001, 0.836993, -121.43, 0.87751, -121.436, 0.881027, -121.666, -0.000189698, -0.000189727, -0.000189701, 0, 0.866115, 0.00124192, -0.588751, 0.000945669
150.051, 0.836993, -121.635, 0.87751, -121.641, 0.881027, -121.871, -0.000189727, -0.000189727, -0.000189726, 0, 0.866115, 0.00124213, -0.588751, 0.000945766
150.102, 0.836993, -121.84, 0.87751, -121.846, 0.881027, -122.076, -0.000189727, -0.000189727, -0.000189727, 0, 0.866115, 0.00124198, -0.588751, 0.000945861
150.152, 0.836993, -122.045, 0.87751, -122.051, 0.881027, -122.281, -0.000189696, -0.000189727, -0.000189721, 0, 0.866115, 0.00124165, -0.588751, 0.000945953
150.202, 0.836993, -122.25, 0.87751, -122.256, 0.881027, -122.486, -0.000189723, -0.000189727, -0.000189683, 0, 0.866115, 0.00124207, -0.588751, 0.000946042
150.253, 0.836993, -122.455, 0.87751, -122.46, 0.881027, -122.691, -0.000189868, -0.000189731, -0.00018971, 0, 0.866115, 0.00124171, -0.588751, 0.000946128
150.303, 0.836993, -122.66, 0.87751, -122.665, 0.881027, -122.895, -0.000189839, -0.000189727, -0.000189861, 0, 0.866115, 0.00124168, -0.588751, 0.000946211
150.353, 0.836993, -122.865, 0.87751, -122.87, 0.881027, -123.1, -0.000189726, -0.000189727, -0.000189722, 0, 0.866115, 0.00124186, -0.588751, 0.00094629
150.404, 0.836993, -123.07, 0.87751, -123.075, 0.881027, -123.305, -0.000189869, -0.000189727, -0.000189869, 0, 0.866115, 0.00124204, -0.588751, 0.000946367
150.454, 0.836993, -123.274, 0.87751, -123.28, 0.881027, -123.51, -0.000189671, -0.000189727, -0.000189671, 0, 0.866115, 0.00124192, -0.588751, 0.000946441
150.505, 0.836993, -123.479, 0.87751, -123.485, 0.881027, -123.715, -0.000189726, -0.000189727, -0.000189717, 0, 0.866115, 0.00124192, -0.588751, 0.000946512
150.555, 0.836993, -123.684, 0.87751, -123.69, 0.881027, -123.92, -0.000189727, -0.000189727, -0.000189711, 0, 0.866115, 0.00124207, -0.588751, 0.000946581
150.605, 0.836993, -123.889, 0.87751, -123.895, 0.881027, -124.125, -0.000189821, -0.000189727, -0.000189884, 0, 0.866115, 0.00124225, -0.588751, 0.000946646
150.656, 0.836994, -124.094, 0.87751, -124.1, 0.881027, -124.33, -0.00018972, -0.000189727, -0.000189722, 0, 0.866115, 0.00124198, -0.588752, 0.000946708
150.706, 0.836993, -124.299, 0.87751, -124.305, 0.881027, -124.535, -0.000189683, -0.000189728, -0.000189687, 0, 0.866115, 0.00124168, -0.588751, 0.000946768
150.756, 0.836993, -124.504, 0.87751, -124.509, 0.881027, -124.74, -0.000189821, -0.000189727, -0.000189823, 0, 0.866115, 0.00124183, -0.588751, 0.000946825
150.807, 0.836993, -124.709, 0.87751, -124.714, 0.881027, -124.945, -0.000189718, -0.000189727, -0.000189876, 0, 0.866115, 0.0012418, -0.588751, 0.000946879
150.857, 0.836993, -124.914, 0.87751, -124.919, 0.881027, -125.149, -0.000189727, -0.000189727, -0.00018972, 0, 0.866115, 0.00124183, -0.588751, 0.00094693
150.907, 0.836993, -125.118, 0.87751, -125.124, 0.881027, -125.354, -0.00018909, -0.000189095, -0.000189092, 0, 0.866115, 0.0012421, -0.588751, 0.000946979
150.958, 0.836993, -125.322, 0.87751, -125.328, 0.881027, -125.558, -0.000189076, -0.000189095, -0.000189093, 0, 0.866115, 0.00124189, -0.588751, 0.000947025
151, 0.836993, -125.494, 0.87751, -125.499, 0.881027, -125.73, -0.000189087, -0.000189135, -0.000189063, 0, 0.866115, 0.00124171, -0.588751, 0.000947062
151, 0.836993, -125.494, 0.87751, -125.499, 0.881027, -125.73, -0.000189087, -0.000189135, -0.000189063, 7.56349e-05, 0.866115, 0.00124171, -0.588751, 0.000947063
151.05, 0.836993, -125.698, 0.87751, -125.704, 0.881027, -125.934, -0.000189094, -0.000189095, -0.000189052, 7.56349e-05, 0.866115, 0.00124153, -0.588751, 0.000948966
151.101, 0.836993, -125.902, 0.87751, -125.908, 0.881027, -126.138, -0.000189241, -0.000189095, -0.000189226, 7.56349e-05, 0.866115, 0.00124189, -0.588751, 0.000950812
151.151, 0.836993, -126.107, 0.87751, -126.112, 0.881027, -126.342, -0.000189245, -0.000189108, -0.000189237, 7.56349e-05, 0.866115, 0.00124189, -0.588751, 0.000952604
151.201, 0.836993, -126.311, 0.87751, -126.316, 0.881027, -126.546, -0.000189201, -0.000189095, -0.000189194, 7.56349e-05, 0.866115, 0.00124183, -0.588751, 0.000954341
151.252, 0.836993, -126.515, 0.87751, -126.521, 0.881027, -126.751, -0.000189072, -0.000189096, -0.00018906, 7.56349e-05, 0.866115, 0.00124159, -0.588751, 0.000956028
151.302, 0.836993, -126.719, 0.87751, -126.725, 0.881027, -126.955, -0.000188994, -0.000189095, -0.000189052, 7.56349e-05, 0.866115, 0.00124192, -0.588751, 0.000957664
151.352, 0.836993, -126.923, 0.87751, -126.929, 0.881027, -127.159, -0.000189016, -0.000189058, -0.000188963, 7.56349e-05, 0.866115, 0.00124222, -0.588751, 0.000959252
151.403, 0.836993, -127.128, 0.87751, -127.133, 0.881027, -127.363, -0.000188972, -0.000189095, -0.00018906, 7.56349e-05, 0.866115, 0.00124213, -0.588751, 0.000960794
151.453, 0.836993, -127.332, 0.87751, -127.337, 0.881027, -127.568, -0.000189079, -0.000189095, -0.000189068, 7.56349e-05, 0.866115, 0.00124195, -0.588751, 0.00096229
151.504, 0.836993, -127.536, 0.87751, -127.542, 0.881027, -127.772, -0.000189006, -0.000189095, -0.000189022, 7.56349e-05, 0.866115, 0.00124186, -0.588751, 0.000963743
151.554, 0.836993, -127.74, 0.87751, -127.746, 0.881027, -127.976, -0.000189047, -0.000189095, -0.000189072, 7.56349e-05, 0.866115, 0.00124198, -0.588751, 0.000965153
151.604, 0.836993, -127.945, 0.87751, -127.95, 0.881027, -128.18, -0.000189091, -0.000189097, -0.000188998, 7.56349e-05, 0.866115, 0.00124171, -0.588751, 0.000966522
151.655, 0.836993, -128.148, 0.87751, -128.154, 0.881027, -128.384, -0.000188373, -0.000188463, -0.000188381, 7.56349e-05, 0.866115, 0.00124174, -0.588751, 0.000967852
151.705, 0.836993, -128.352, 0.87751, -128.357, 0.881027, -128.587, -0.000188596, -0.000188463, -0.000188592, 7.56349e-05, 0.866115, 0.00124186, -0.588751, 0.000969142
151.755, 0.836994, -128.555, 0.87751, -128.561, 0.881027, -128.791, -0.000188556, -0.000188463, -0.000188404, 7.56349e-05, 0.866115, 0.00124177, -0.588752, 0.000970395
151.806, 0.836997, -128.759, 0.877514, -128.764, 0.881031, -128.994, -0.000188421, -0.000188463, -0.000188413, 7.56349e-05, 0.866115, 0.00124183, -0.588756, 0.000971612
151.856, 0.837, -128.962, 0.877517, -128.968, 0.881034, -129.198, -0.000188449, -0.000188463, -0.000188419, 7.56349e-05, 0.866115, 0.00124207, -0.588761, 0.000972793
151.906, 0.837003, -129.166, 0.877521, -129.171, 0.881038, -129.401, -0.000188565, -0.000188463, -0.000188427, 7.56349e-05, 0.866115, 0.00124198, -0.588765, 0.00097394
151.957, 0.837006, -129.369, 0.877523, -129.375, 0.88104, -129.605, -0.000188419, -0.000188463, -0.000188392, 7.56349e-05, 0.866115, 0.00124192, -0.588769, 0.000975053
152, 0.837006, -129.544, 0.877524, -129.55, 0.881041, -129.78, -0.000188074, -0.00018798, -0.000188051, 7.56349e-05, 0.866115, 0.00124222, -0.588769, 0.000975984
152, 0.837006, -129.544, 0.877524, -129.55, 0.881041, -129.78, -0.000188074, -0.00018798, -0.000188051, 0.000150865, 0.866115, 0.00124222, -0.588769, 0.000975988
152.05, 0.837006, -129.747, 0.877523, -129.753, 0.881041, -129.983, -0.000187774, -0.00018783, -0.000187773, 0.000150865, 0.866115, 0.00124207, -0.588769, 0.000978889
152.101, 0.837006, -129.95, 0.877523, -129.956, 0.881041, -130.186, -0.0001878, -0.00018783, -0.000187756, 0.000150865, 0.866115, 0.00124237, -0.588769, 0.000981709
152.151, 0.837006, -130.153, 0.877523, -130.158, 0.881041, -130.389, -0.000187748, -0.00018783, -0.000187755, 0.000150865, 0.866115, 0.00124162, -0.588769, 0.000984446
152.201, 0.837006, -130.356, 0.877523, -130.361, 0.881041, -130.591, -0.000187988, -0.00018783, -0.000187926, 0.000150865, 0.866115, 0.00124189, -0.588769, 0.000987102
152.252, 0.837006, -130.559, 0.877523, -130.564, 0.881041, -130.794, -0.000187786, -0.00018783, -0.000187901, 0.000150865, 0.866115, 0.00124204, -0.588769, 0.00098968
152.302, 0.837006, -130.761, 0.877523, -130.767, 0.881041, -130.997, -0.000187194, -0.0001872, -0.000187155, 0.000150865, 0.866115, 0.00124177, -0.588769, 0.000992183
152.352, 0.837007, -130.963, 0.877524, -130.969, 0.881041, -131.199, -0.000187142, -0.000187198, -0.000187111, 0.000150865, 0.866115, 0.00124204, -0.58877, 0.000994612
152.403, 0.83701, -131.165, 0.877528, -131.171, 0.881045, -131.401, -0.000187183, -0.000187198, -0.000187107, 0.000150865, 0.866115, 0.00124186, -0.588775, 0.00099697
152.453, 0.837013, -131.368, 0.877531, -131.373, 0.881048, -131.603, -0.000187166, -0.000187198, -0.000187168, 0.000150865, 0.866115, 0.00124201, -0.588779, 0.000999259
152.504, 0.837017, -131.57, 0.877534, -131.575, 0.881051, -131.805, -0.000187179, -0.000187198, -0.00018717, 0.000150865, 0.866115, 0.00124228, -0.588784, 0.00100148
152.554, 0.83702, -131.771, 0.877538, -131.777, 0.881055, -132.007, -0.000186544, -0.000186565, -0.000186487, 0.000150865, 0.866115, 0.0012421, -0.588788, 0.00100364
152.604, 0.837023, -131.973, 0.877541, -131.978, 0.881058, -132.208, -0.000186706, -0.000186571, -0.00018669, 0.000150865, 0.866115, 0.0012421, -0.588793, 0.00100573
152.655, 0.837026, -132.174, 0.877544, -132.18, 0.881061, -132.41, -0.000186533, -0.000186567, -0.000186481, 0.000150865, 0.866115, 0.00124204, -0.588797, 0.00100776
152.705, 0.837027, -132.376, 0.877545, -132.381, 0.881062, -132.611, -0.000186324, -0.000186229, -0.000186324, 0.000150865, 0.866115, 0.00124174, -0.588798, 0.00100973
152.755, 0.837026, -132.577, 0.877545, -132.582, 0.881062, -132.812, -0.00018588, -0.000185933, -0.000185875, 0.000150865, 0.866115, 0.00124192, -0.588797, 0.00101164
152.806, 0.837026, -132.777, 0.877545, -132.783, 0.881062, -133.013, -0.000186024, -0.000185933, -0.000185861, 0.000150865, 0.866115, 0.00124204, -0.588797, 0.0010135
152.856, 0.837027, -132.978, 0.877545, -132.984, 0.881062, -133.214, -0.000185861, -0.000185933, -0.000185901, 0.000150865, 0.866115, 0.00124213, -0.588798, 0.00101529
152.906, 0.837029, -133.179, 0.877547, -133.184, 0.881064, -133.414, -0.000185389, -0.000185301, -0.000185228, 0.000150865, 0.866115, 0.00124156, -0.588801, 0.00101704
152.957, 0.837032, -133.379, 0.877551, -133.384, 0.881068, -133.614, -0.000185424, -0.000185301, -0.000185402, 0.000150865, 0.866115, 0.00124216, -0.588806, 0.00101873
153, 0.837035, -133.551, 0.877554, -133.556, 0.881071, -133.786, -0.000185233, -0.0001853, -0.000185255, 0.000150865, 0.866115, 0.00124213, -0.58881, 0.00102014
153, 0.837035, -133.551, 0.877554, -133.556, 0.881071, -133.786, -0.000185233, -0.0001853, -0.000185255, 0.000224958, 0.866115, 0.00124213, -0.58881, 0.00102014
153.05, 0.837038, -133.751, 0.877557, -133.756, 0.881074, -133.986, -0.000184725, -0.000184797, -0.000184773, 0.000224958, 0.866115, 0.00124189, -0.588814, 0.00102355
153.101, 0.837042, -133.95, 0.87756, -133.956, 0.881078, -134.186, -0.000184616, -0.000184668, -0.000184586, 0.000224958, 0.866115, 0.00124195, -0.588819, 0.00102687
153.151, 0.837045, -134.15, 0.877564, -134.155, 0.881081, -134.385, -0.00018466, -0.000184668, -0.000184824, 0.000224958, 0.866115, 0.0012418, -0.588823, 0.00103008
153.201, 0.837048, -134.349, 0.877567, -134.355, 0.881085, -134.585, -0.000184056, -0.000184099, -0.000184044, 0.000224958, 0.866115, 0.00124195, -0.588828, 0.0010332
153.252, 0.83705, -134.548, 0.877569, -134.553, 0.881087, -134.783, -0.000183974, -0.000184036, -0.000183985, 0.000224958, 0.866115, 0.00124225, -0.588831, 0.00103622
153.302, 0.83705, -134.747, 0.877569, -134.752, 0.881087, -134.982, -0.000184177, -0.000184058, -0.000184179, 0.000224958, 0.866115, 0.00124222, -0.588831, 0.00103914
153.353, 0.83705, -134.945, 0.877569, -134.951, 0.881087, -135.181, -0.000183529, -0.000183404, -0.000183525, 0.000224958, 0.866115, 0.00124234, -0.588831, 0.00104198
153.403, 0.83705, -135.143, 0.877569, -135.149, 0.881087, -135.379, -0.000183384, -0.000183416, -0.000183348, 0.000224958, 0.866115, 0.00124195, -0.588831, 0.00104473
153.453, 0.83705, -135.341, 0.877569, -135.347, 0.881087, -135.577, -0.000183331, -0.000183403, -0.000183486, 0.000224958, 0.866115, 0.0012418, -0.588831, 0.00104739
153.504, 0.83705, -135.539, 0.87757, -135.544, 0.881087, -135.774, -0.000182735, -0.000182771, -0.000182731, 0.000224958, 0.866115, 0.00124222, -0.588831, 0.00104997
153.554, 0.837054, -135.736, 0.877573, -135.741, 0.88109, -135.972, -0.000182693, -0.000182771, -0.000182745, 0.000224958, 0.866115, 0.00124204, -0.588836, 0.00105247
153.604, 0.837057, -135.933, 0.877577, -135.939, 0.881094, -136.169, -0.000182062, -0.000182139, -0.000182215, 0.000224958, 0.866115, 0.00124231, -0.58884, 0.00105489
153.655, 0.83706, -136.13, 0.87758, -136.135, 0.881097, -136.365, -0.000182047, -0.000182138, -0.000182063, 0.000224958, 0.866115, 0.00124216, -0.588845, 0.00105723
153.705, 0.837063, -136.326, 0.877583, -136.332, 0.881101, -136.562, -0.000181489, -0.000181521, -0.000181476, 0.000224958, 0.866115, 0.00124234, -0.58885, 0.0010595
153.755, 0.837067, -136.522, 0.877587, -136.528, 0.881104, -136.758, -0.000181454, -0.00018149, -0.000181448, 0.000224958, 0.866115, 0.00124201, -0.588854, 0.00106169
153.806, 0.83707, -136.718, 0.87759, -136.724, 0.881108, -136.954, -0.000181089, -0.00018114, -0.000181109, 0.000224958, 0.866115, 0.00124228, -0.588858, 0.00106381
153.856, 0.837073, -136.913, 0.877594, -136.919, 0.881111, -137.149, -0.000180814, -0.000180874, -0.000180815, 0.000224958, 0.866115, 0.00124243, -0.588864, 0.00106586
153.906, 0.837076, -137.109, 0.877597, -137.114, 0.881114, -137.344, -0.000180963, -0.000180879, -0.000180966, 0.000224958, 0.866115, 0.00124252, -0.588868, 0.00106784
153.957, 0.83708, -137.304, 0.8776, -137.309, 0.881118, -137.539, -0.000180361, -0.000180241, -0.000180192, 0.000224958, 0.866115, 0.00124216, -0.588873, 0.00106975
154, 0.837082, -137.471, 0.877603, -137.477, 0.881121, -137.707, -0.000180205, -0.000180241, -0.00018017, 0.000224958, 0.866115, 0.00124213, -0.588876, 0.00107134
154, 0.837082, -137.471, 0.877603, -137.477, 0.881121, -137.707, -0.000180205, -0.000180241, -0.00018017, 0.00029704, 0.866115, 0.00124213, -0.588876, 0.00107135
154.05, 0.837084, -137.665, 0.877605, -137.671, 0.881123, -137.901, -0.000179523, -0.000179609, -0.000179541, 0.00029704, 0.866115, 0.00124222, -0.588879, 0.00107491
154.101, 0.837085, -137.859, 0.877606, -137.865, 0.881123, -138.095, -0.000179582, -0.000179609, -0.00017956, 0.00029704, 0.866115, 0.00124204, -0.588879, 0.00107836
154.151, 0.837085, -138.053, 0.877605, -138.058, 0.881123, -138.288, -0.000179108, -0.000178976, -0.000179087, 0.00029704, 0.866115, 0.00124198, -0.58888, 0.0010817
154.201, 0.837084, -138.246, 0.877605, -138.251, 0.881123, -138.481, -0.000179096, -0.000178976, -0.000179053, 0.00029704, 0.866115, 0.00124204, -0.588879, 0.00108492
154.252, 0.837085, -138.439, 0.877605, -138.444, 0.881123, -138.674, -0.000178473, -0.000178344, -0.000178476, 0.00029704, 0.866115, 0.00124198, -0.588879, 0.00108804
154.302, 0.837086, -138.631, 0.877607, -138.637, 0.881125, -138.867, -0.000178423, -0.000178344, -0.000178396, 0.00029704, 0.866115, 0.00124204, -0.588881, 0.00109106
154.353, 0.837089, -138.823, 0.87761, -138.829, 0.881128, -139.059, -0.000177762, -0.000177646, -0.000177734, 0.00029704, 0.866115, 0.00124216, -0.588886, 0.00109397
154.403, 0.837093, -139.015, 0.877614, -139.02, 0.881131, -139.251, -0.000177208, -0.000177115, -0.000177188, 0.00029704, 0.866115, 0.00124225, -0.58889, 0.00109679
154.453, 0.837096, -139.206, 0.877617, -139.212, 0.881135, -139.442, -0.000176974, -0.000177079, -0.000177168, 0.00029704, 0.866115, 0.00124201, -0.588895, 0.0010995
154.504, 0.837099, -139.397, 0.877621, -139.403, 0.881138, -139.633, -0.000176592, -0.000176447, -0.00017655, 0.00029704, 0.866115, 0.00124231, -0.5889, 0.00110213
154.554, 0.837102, -139.588, 0.877624, -139.593, 0.881142, -139.823, -0.000176543, -0.000176463, -0.000176531, 0.00029704, 0.866115, 0.00124177, -0.588904, 0.00110466
154.604, 0.837106, -139.778, 0.877628, -139.783, 0.881145, -140.013, -0.000175744, -0.000175814, -0.000175742, 0.00029704, 0.866115, 0.00124234, -0.588909, 0.0011071
154.655, 0.837108, -139.967, 0.87763, -139.973, 0.881147, -140.203, -0.000175265, -0.000175266, -0.000175246, 0.00029704, 0.866115, 0.0012424, -0.588911, 0.00110945
154.705, 0.837108, -140.156, 0.87763, -140.162, 0.881147, -140.392, -0.000175274, -0.00017518, -0.000175269, 0.00029704, 0.866115, 0.00124237, -0.588911, 0.00111172
154.755, 0.837108, -140.345, 0.87763, -140.351, 0.881147, -140.581, -0.000174486, -0.00017455, -0.000174491, 0.00029704, 0.866115, 0.00124207, -0.588911, 0.0011139
154.806, 0.837108, -140.534, 0.87763, -140.539, 0.881147, -140.77, -0.000174497, -0.000174549, -0.000174448, 0.00029704, 0.866115, 0.0012424, -0.588912, 0.001116
154.856, 0.837108, -140.722, 0.87763, -140.727, 0.881147, -140.957, -0.000173794, -0.000173889, -0.000173776, 0.00029704, 0.866115, 0.00124255, -0.588912, 0.00111802
154.906, 0.837111, -140.909, 0.877633, -140.915, 0.881151, -141.145, -0.00017327, -0.000173288, -0.000173268, 0.00029704, 0.866115, 0.00124204, -0.588916, 0.00111996
154.957, 0.837114, -141.096, 0.877636, -141.102, 0.881154, -141.332, -0.000173397, -0.000173284, -0.000173378, 0.00029704, 0.866115, 0.00124252, -0.588921, 0.00112183
155, 0.837117, -141.257, 0.877639, -141.262, 0.881157, -141.493, -0.000172738, -0.000172652, -0.000172572, 0.00029704, 0.866115, 0.0012421, -0.588925, 0.00112337
155, 0.837117, -141.257, 0.877639, -141.262, 0.881157, -141.493, -0.000172738, -0.000172652, -0.000172572, 0.000366135, 0.866115, 0.0012421, -0.588925, 0.00112338
155.05, 0.83712, -141.443, 0.877643, -141.449, 0.88116, -141.679, -0.000172218, -0.000172104, -0.000172023, 0.000366135, 0.866115, 0.00124252, -0.588929, 0.0011268
155.101, 0.837123, -141.629, 0.877646, -141.635, 0.881164, -141.865, -0.000172123, -0.00017202, -0.000172128, 0.000366135, 0.866115, 0.00124261, -0.588934, 0.0011301
155.151, 0.837126, -141.814, 0.877649, -141.82, 0.881167, -142.05, -0.000171462, -0.000171388, -0.000171311, 0.000366135, 0.866115, 0.00124207, -0.588938, 0.00113328
155.202, 0.837127, -141.999, 0.87765, -142.005, 0.881167, -142.235, -0.000170703, -0.000170802, -0.000170722, 0.000366135, 0.866115, 0.00124213, -0.588939, 0.00113635
155.252, 0.837127, -142.184, 0.87765, -142.189, 0.881167, -142.419, -0.000170654, -0.000170755, -0.000170643, 0.000366135, 0.866115, 0.00124252, -0.588938, 0.0011393
155.302, 0.837127, -142.368, 0.87765, -142.373, 0.881167, -142.603, -0.00016996, -0.000170004, -0.00016996, 0.000366135, 0.866115, 0.00124219, -0.588939, 0.00114214
155.353, 0.837127, -142.551, 0.87765, -142.557, 0.881167, -142.787, -0.000169622, -0.000169495, -0.000169472, 0.000366135, 0.866115, 0.00124255, -0.588939, 0.00114488
155.403, 0.837127, -142.734, 0.87765, -142.74, 0.881167, -142.97, -0.000169598, -0.00016949, -0.000169593, 0.000366135, 0.866115, 0.00124225, -0.588939, 0.0011475
155.453, 0.837127, -142.916, 0.87765, -142.922, 0.881167, -143.152, -0.000168957, -0.000168854, -0.000168957, 0.000366135, 0.866115, 0.00124252, -0.588938, 0.00115003
155.504, 0.837127, -143.098, 0.87765, -143.104, 0.881167, -143.334, -0.000168162, -0.000168225, -0.000168274, 0.000366135, 0.866115, 0.0012421, -0.588939, 0.00115245
155.554, 0.837127, -143.28, 0.87765, -143.285, 0.881168, -143.516, -0.000167517, -0.000167608, -0.000167559, 0.000366135, 0.866115, 0.00124213, -0.588939, 0.00115478
155.604, 0.83713, -143.461, 0.877653, -143.466, 0.881171, -143.697, -0.000167519, -0.000167593, -0.000167689, 0.000366135, 0.866115, 0.0012427, -0.588943, 0.00115701
155.655, 0.837133, -143.641, 0.877657, -143.647, 0.881174, -143.877, -0.000167062, -0.00016696, -0.00016703, 0.000366135, 0.866115, 0.00124231, -0.588948, 0.00115914
155.705, 0.837137, -143.821, 0.87766, -143.827, 0.881178, -144.057, -0.000166244, -0.000166328, -0.000166242, 0.000366135, 0.866115, 0.00124237, -0.588953, 0.00116119
155.755, 0.83714, -144.001, 0.877664, -144.006, 0.881181, -144.236, -0.000165565, -0.000165704, -0.000165565, 0.000366135, 0.866115, 0.00124249, -0.588957, 0.00116314
155.806, 0.837143, -144.179, 0.877667, -144.185, 0.881185, -144.415, -0.000165672, -0.000165537, -0.000165661, 0.000366135, 0.866115, 0.00124243, -0.588962, 0.00116501
155.856, 0.837145, -144.358, 0.877669, -144.363, 0.881186, -144.593, -0.000165142, -0.000165062, -0.000165146, 0.000366135, 0.866115, 0.00124234, -0.588964, 0.00116679
155.906, 0.837145, -144.535, 0.877669, -144.541, 0.881186, -144.771, -0.000164564, -0.000164431, -0.000164503, 0.000366135, 0.866115, 0.00124222, -0.588964, 0.00116849
155.957, 0.837145, -144.713, 0.877669, -144.718, 0.881186, -144.948, -0.000163869, -0.000163799, -0.000163881, 0.000366135, 0.866115, 0.00124252, -0.588964, 0.0011701
156, 0.837145, -144.865, 0.877669, -144.87, 0.881186, -145.101, -0.000163499, -0.000163521, -0.000163488, 0.000366135, 0.866115, 0.00124243, -0.588964, 0.00117142
156, 0.837145, -144.865, 0.877669, -144.87, 0.881186, -145.101, -0.000163499, -0.000163521, -0.000163488, 0.000431535, 0.866115, 0.00124243, -0.588964, 0.00117143
156.05, 0.837145, -145.041, 0.877669, -145.047, 0.881186, -145.277, -0.000163129, -0.000163166, -0.000163112, 0.000431535, 0.866115, 0.00124237, -0.588964, 0.0011745
156.101, 0.837145, -145.217, 0.877669, -145.222, 0.881186, -145.452, -0.000162454, -0.000162512, -0.000162634, 0.000431535, 0.866115, 0.00124231, -0.588964, 0.00117745
156.151, 0.837145, -145.392, 0.877669, -145.397, 0.881186, -145.628, -0.000161856, -0.000161901, -0.000161975, 0.000431535, 0.866115, 0.00124249, -0.588964, 0.00118028
156.202, 0.837145, -145.566, 0.877669, -145.572, 0.881186, -145.802, -0.000161213, -0.000161275, -0.000161313, 0.000431535, 0.866115, 0.00124231, -0.588964, 0.00118299
156.252, 0.837145, -145.741, 0.877669, -145.746, 0.881186, -145.976, -0.000160904, -0.000160786, -0.000160908, 0.000431535, 0.866115, 0.00124249, -0.588964, 0.00118558
156.302, 0.837145, -145.914, 0.877669, -145.92, 0.881186, -146.15, -0.00016059, -0.000160636, -0.000160542, 0.000431535, 0.866115, 0.00124243, -0.588964, 0.00118806
156.353, 0.837145, -146.087, 0.877669, -146.092, 0.881186, -146.323, -0.000159922, -0.000160001, -0.000159907, 0.000431535, 0.866115, 0.00124234, -0.588964, 0.00119043
156.403, 0.837145, -146.259, 0.877669, -146.265, 0.881186, -146.495, -0.000159318, -0.000159371, -0.000159269, 0.000431535, 0.866115, 0.00124228, -0.588964, 0.0011927
156.453, 0.837145, -146.431, 0.877669, -146.436, 0.881186, -146.667, -0.000158667, -0.000158739, -0.000158656, 0.000431535, 0.866115, 0.0012427, -0.588964, 0.00119486
156.504, 0.837145, -146.602, 0.877669, -146.608, 0.881186, -146.838, -0.000158018, -0.000158109, -0.000158176, 0.000431535, 0.866115, 0.00124246, -0.588964, 0.00119691
156.554, 0.837145, -146.773, 0.877669, -146.778, 0.881187, -147.008, -0.00015743, -0.000157501, -0.000157449, 0.000431535, 0.866115, 0.00124267, -0.588965, 0.00119887
156.604, 0.837148, -146.943, 0.877672, -146.948, 0.881189, -147.178, -0.000157188, -0.000157108, -0.000157198, 0.000431535, 0.866115, 0.00124255, -0.588968, 0.00120073
156.655, 0.837148, -147.112, 0.877672, -147.118, 0.88119, -147.348, -0.00015676, -0.000156841, -0.000156777, 0.000431535, 0.866115, 0.00124234, -0.588968, 0.00120249
156.705, 0.837148, -147.281, 0.877672, -147.286, 0.88119, -147.516, -0.000156072, -0.000156207, -0.000156071, 0.000431535, 0.866115, 0.00124252, -0.588969, 0.00120416
156.755, 0.837148, -147.449, 0.877672, -147.455, 0.88119, -147.685, -0.000155564, -0.000155577, -0.000155526, 0.000431535, 0.866115, 0.00124255, -0.588969, 0.00120574
156.806, 0.837148, -147.617, 0.877672, -147.622, 0.88119, -147.852, -0.00015481, -0.000154855, -0.000154746, 0.000431535, 0.866115, 0.0012427, -0.588969, 0.00120723
156.856, 0.837148, -147.784, 0.877672, -147.789, 0.88119, -148.019, -0.00015439, -0.000154312, -0.00015441, 0.000431535, 0.866115, 0.00124255, -0.588969, 0.00120864
156.907, 0.837148, -147.95, 0.877672, -147.955, 0.88119, -148.186, -0.000153631, -0.000153683, -0.000153604, 0.000431535, 0.866115, 0.00124216, -0.588968, 0.00120995
156.957, 0.837148, -148.116, 0.877672, -148.121, 0.88119, -148.351, -0.000152986, -0.000153067, -0.000152963, 0.000431535, 0.866115, 0.0012424, -0.588968, 0.00121119
157, 0.837148, -148.258, 0.877672, -148.263, 0.88119, -148.494, -0.000153007, -0.000153044, -0.00015316, 0.000431535, 0.866115, 0.00124237, -0.588969, 0.00121218
157, 0.837148, -148.258, 0.877672, -148.263, 0.88119, -148.494, -0.000153007, -0.000153044, -0.00015316, 0.000492738, 0.866115, 0.00124237, -0.588969, 0.00121219
157.051, 0.837148, -148.422, 0.877672, -148.428, 0.88119, -148.658, -0.000152536, -0.000152414, -0.000152327, 0.000492738, 0.866115, 0.0012424, -0.588969, 0.00121477
157.101, 0.837148, -148.586, 0.877672, -148.592, 0.88119, -148.822, -0.000151867, -0.000151782, -0.000151867, 0.000492738, 0.866115, 0.00124252, -0.588969, 0.00121724
157.151, 0.837148, -148.75, 0.877672, -148.755, 0.88119, -148.986, -0.000151024, -0.000151134, -0.000151033, 0.000492738, 0.866115, 0.00124252, -0.588968, 0.00121959
157.202, 0.837148, -148.913, 0.877672, -148.918, 0.88119, -149.148, -0.000150612, -0.000150517, -0.000150408, 0.000492738, 0.866115, 0.00124267, -0.588969, 0.00122182
157.252, 0.837148, -149.075, 0.877672, -149.08, 0.88119, -149.311, -0.000149825, -0.000149885, -0.000149794, 0.000492738, 0.866115, 0.00124261, -0.588969, 0.00122394
157.302, 0.837148, -149.236, 0.877672, -149.242, 0.88119, -149.472, -0.000149349, -0.000149253, -0.000149304, 0.000492738, 0.866115, 0.00124231, -0.588969, 0.00122595
157.353, 0.837148, -149.397, 0.877672, -149.403, 0.88119, -149.633, -0.000148578, -0.000148623, -0.000148542, 0.000492738, 0.866115, 0.00124246, -0.588969, 0.00122785
157.403, 0.837148, -149.558, 0.877672, -149.563, 0.88119, -149.793, -0.000147969, -0.000147999, -0.000148093, 0.000492738, 0.866115, 0.00124243, -0.588968, 0.00122965
157.453, 0.837148, -149.717, 0.877672, -149.723, 0.88119, -149.953, -0.0001473, -0.000147391, -0.000147331, 0.000492738, 0.866115, 0.00124219, -0.588968, 0.00123134
157.504, 0.837148, -149.876, 0.877672, -149.882, 0.88119, -150.112, -0.000146772, -0.000146835, -0.000146775, 0.000492738, 0.866115, 0.00124264, -0.588969, 0.00123293
157.554, 0.837148, -150.035, 0.877672, -150.04, 0.88119, -150.27, -0.000146292, -0.000146357, -0.000146292, 0.000492738, 0.866115, 0.00124258, -0.588969, 0.00123443
157.604, 0.837148, -150.193, 0.877672, -150.198, 0.88119, -150.428, -0.000146037, -0.00014609, -0.000146035, 0.000492738, 0.866115, 0.00124237, -0.588968, 0.00123583
157.655, 0.837148, -150.35, 0.877672, -150.355, 0.88119, -150.585, -0.000145392, -0.000145458, -0.000145392, 0.000492738, 0.866115, 0.0012424, -0.588969, 0.00123713
157.705, 0.837148, -150.506, 0.877672, -150.512, 0.88119, -150.742, -0.000144875, -0.000144825, -0.000144687, 0.000492738, 0.866115, 0.00124225, -0.588969, 0.00123835
157.755, 0.837148, -150.662, 0.877672, -150.667, 0.88119, -150.898, -0.000144273, -0.000144193, -0.000144093, 0.000492738, 0.866115, 0.00124267, -0.588968, 0.00123948
157.806, 0.837148, -150.817, 0.877672, -150.823, 0.88119, -151.053, -0.000143489, -0.000143555, -0.000143488, 0.000492738, 0.866115, 0.0012425, -0.588968, 0.00124052
157.856, 0.837148, -150.972, 0.877672, -150.977, 0.88119, -151.207, -0.000143031, -0.000142928, -0.000143014, 0.000492738, 0.866115, 0.00124252, -0.588968, 0.00124147
157.907, 0.837148, -151.125, 0.877672, -151.131, 0.88119, -151.361, -0.000142354, -0.000142267, -0.000142321, 0.000492738, 0.866115, 0.00124234, -0.588968, 0.00124235
157.957, 0.837148, -151.279, 0.877672, -151.284, 0.88119, -151.514, -0.000141613, -0.000141663, -0.00014158, 0.000492738, 0.866115, 0.00124252, -0.588968, 0.00124314
158, 0.837148, -151.41, 0.877672, -151.416, 0.88119, -151.646, -0.000140931, -0.000141032, -0.00014098, 0.000492738, 0.866115, 0.00124238, -0.588969, 0.00124376
158, 0.837148, -151.41, 0.877672, -151.416, 0.88119, -151.646, -0.000140931, -0.000141032, -0.00014098, 0.00054911, 0.866115, 0.00124238, -0.588969, 0.00124377
158.051, 0.837148, -151.562, 0.877672, -151.568, 0.88119, -151.798, -0.000140349, -0.000140402, -0.000140357, 0.00054911, 0.866115, 0.0012424, -0.588969, 0.00124579
158.101, 0.837148, -151.713, 0.877672, -151.719, 0.88119, -151.949, -0.000139844, -0.000139774, -0.000139884, 0.00054911, 0.866115, 0.00124258, -0.588969, 0.00124771
158.151, 0.837148, -151.864, 0.877672, -151.87, 0.88119, -152.1, -0.000139115, -0.000139153, -0.000139115, 0.00054911, 0.866115, 0.00124247, -0.588969, 0.00124952
158.202, 0.837148, -152.014, 0.877672, -152.02, 0.88119, -152.25, -0.000138484, -0.000138537, -0.00013849, 0.00054911, 0.866115, 0.0012424, -0.588969, 0.00125121
158.252, 0.837148, -152.164, 0.877672, -152.169, 0.88119, -152.399, -0.000137943, -0.000137953, -0.000137911, 0.00054911, 0.866115, 0.00124227, -0.588968, 0.0012528
158.302, 0.837148, -152.313, 0.877672, -152.318, 0.88119, -152.548, -0.000137494, -0.000137386, -0.000137498, 0.00054911, 0.866115, 0.00124247, -0.588968, 0.00125428
158.353, 0.837148, -152.461, 0.877672, -152.466, 0.88119, -152.696, -0.000136837, -0.000136871, -0.000136766, 0.00054911, 0.866115, 0.00124225, -0.588968, 0.00125566
158.403, 0.837148, -152.608, 0.877672, -152.614, 0.88119, -152.844, -0.000136442, -0.000136446, -0.000136414, 0.00054911, 0.866115, 0.00124246, -0.588968, 0.00125694
158.453, 0.837148, -152.755, 0.877672, -152.761, 0.88119, -152.991, -0.000135935, -0.000135971, -0.000135908, 0.00054911, 0.866115, 0.00124232, -0.588968, 0.00125813
158.504, 0.837148, -152.901, 0.877672, -152.907, 0.88119, -153.137, -0.000135288, -0.000135339, -0.000135279, 0.00054911, 0.866115, 0.00124247, -0.588969, 0.00125922
158.554, 0.837148, -153.047, 0.877672, -153.052, 0.88119, -153.282, -0.000134657, -0.000134706, -0.00013465, 0.00054911, 0.866115, 0.00124231, -0.588968, 0.00126022
158.604, 0.837148, -153.191, 0.877672, -153.197, 0.88119, -153.427, -0.000134052, -0.000134074, -0.00013402, 0.00054911, 0.866115, 0.00124232, -0.588968, 0.00126112
158.655, 0.837148, -153.336, 0.877672, -153.341, 0.88119, -153.571, -0.000133411, -0.00013344, -0.000133413, 0.00054911, 0.866115, 0.00124235, -0.588969, 0.00126195
158.705, 0.837148, -153.479, 0.877672, -153.485, 0.88119, -153.715, -0.000132747, -0.000132809, -0.000132909, 0.00054911, 0.866115, 0.00124225, -0.588968, 0.00126268
158.756, 0.837148, -153.622, 0.877672, -153.628, 0.88119, -153.858, -0.000132167, -0.000132173, -0.000132137, 0.00054911, 0.866115, 0.00124258, -0.588969, 0.00126333
158.806, 0.837148, -153.764, 0.877672, -153.77, 0.88119, -154, -0.000131613, -0.000131544, -0.00013168, 0.00054911, 0.866115, 0.00124246, -0.588968, 0.00126391
158.856, 0.837148, -153.906, 0.877672, -153.911, 0.88119, -154.141, -0.000130851, -0.0001309, -0.000130834, 0.00054911, 0.866115, 0.00124221, -0.588968, 0.0012644
158.907, 0.837148, -154.047, 0.877672, -154.052, 0.88119, -154.282, -0.000130271, -0.00013028, -0.000130232, 0.00054911, 0.866115, 0.00124255, -0.588969, 0.00126482
158.957, 0.837148, -154.187, 0.877672, -154.193, 0.88119, -154.423, -0.000129583, -0.00012961, -0.000129582, 0.00054911, 0.866115, 0.00124249, -0.588969, 0.00126516
159, 0.837148, -154.307, 0.877672, -154.313, 0.88119, -154.543, -0.000128941, -0.000129016, -0.000128942, 0.00054911, 0.866115, 0.00124238, -0.588968, 0.00126539
159, 0.837148, -154.307, 0.877672, -154.313, 0.88119, -154.543, -0.000128941, -0.000129016, -0.000128942, 0.000600687, 0.866115, 0.00124238, -0.588968, 0.0012654
159.051, 0.837148, -154.446, 0.877672, -154.452, 0.88119, -154.682, -0.000128521, -0.000128384, -0.000128363, 0.000600687, 0.866115, 0.00124247, -0.588969, 0.00126686
159.101, 0.837148, -154.585, 0.877672, -154.59, 0.88119, -154.82, -0.000127692, -0.000127755, -0.000127735, 0.000600687, 0.866115, 0.00124261, -0.588969, 0.00126823
159.151, 0.837148, -154.722, 0.877672, -154.728, 0.88119, -154.958, -0.000127115, -0.000127126, -0.000127119, 0.000600687, 0.866115, 0.00124249, -0.588969, 0.0012695
159.202, 0.837148, -154.859, 0.877672, -154.865, 0.88119, -155.095, -0.000126658, -0.0001265, -0.00012665, 0.000600687, 0.866115, 0.00124238, -0.588968, 0.00127066
159.252, 0.837148, -154.996, 0.877672, -155.001, 0.88119, -155.231, -0.000126014, -0.000125888, -0.000126016, 0.000600687, 0.866115, 0.00124235, -0.588968, 0.00127172
159.302, 0.837148, -155.132, 0.877672, -155.137, 0.88119, -155.367, -0.000125252, -0.000125283, -0.000125237, 0.000600687, 0.866115, 0.00124253, -0.588968, 0.00127269
159.353, 0.837148, -155.267, 0.877672, -155.272, 0.88119, -155.502, -0.000124653, -0.0001247, -0.000124632, 0.000600687, 0.866115, 0.00124231, -0.588968, 0.00127356
159.403, 0.837148, -155.401, 0.877672, -155.407, 0.88119, -155.637, -0.000124132, -0.000124155, -0.000124093, 0.000600687, 0.866115, 0.00124253, -0.588969, 0.00127434
159.453, 0.837148, -155.535, 0.877672, -155.541, 0.88119, -155.771, -0.000123742, -0.000123797, -0.000123887, 0.000600687, 0.866115, 0.00124246, -0.588968, 0.00127503
159.504, 0.837148, -155.668, 0.877672, -155.674, 0.88119, -155.904, -0.000123299, -0.000123323, -0.000123268, 0.000600687, 0.866115, 0.00124228, -0.588969, 0.00127564
159.554, 0.837148, -155.801, 0.877672, -155.806, 0.88119, -156.036, -0.000122689, -0.00012269, -0.000122801, 0.000600687, 0.866115, 0.00124241, -0.588969, 0.00127616
159.604, 0.837148, -155.933, 0.877672, -155.938, 0.88119, -156.168, -0.000122022, -0.000122057, -0.000122057, 0.000600687, 0.866115, 0.00124244, -0.588969, 0.0012766
159.655, 0.837148, -156.064, 0.877672, -156.069, 0.88119, -156.299, -0.000121579, -0.000121426, -0.000121546, 0.000600687, 0.866115, 0.00124232, -0.588968, 0.00127697
159.705, 0.837148, -156.194, 0.877672, -156.2, 0.88119, -156.43, -0.000120871, -0.000120789, -0.000120892, 0.000600687, 0.866115, 0.00124243, -0.588968, 0.00127725
159.756, 0.837147, -156.324, 0.877671, -156.33, 0.881189, -156.56, -0.000120105, -0.000120161, -0.000120251, 0.000600687, 0.866115, 0.0012424, -0.588967, 0.00127746
159.806, 0.837144, -156.454, 0.877668, -156.459, 0.881186, -156.689, -0.000119628, -0.000119507, -0.000119418, 0.000600687, 0.866115, 0.00124222, -0.588963, 0.0012776
159.856, 0.837141, -156.582, 0.877665, -156.588, 0.881182, -156.818, -0.000118865, -0.000118896, -0.000119014, 0.000600687, 0.866115, 0.00124252, -0.588959, 0.00127766
159.907, 0.837138, -156.71, 0.877661, -156.716, 0.881179, -156.946, -0.000118088, -0.000118106, -0.000118086, 0.000600687, 0.866115, 0.0012425, -0.588955, 0.00127766
159.957, 0.837135, -156.838, 0.877658, -156.843, 0.881176, -157.073, -0.000117584, -0.000117632, -0.000117623, 0.000600687, 0.866115, 0.00124225, -0.58895, 0.00127758
160, 0.837132, -156.947, 0.877655, -156.952, 0.881173, -157.182, -0.000117117, -0.000117014, -0.000117118, 0.000600687, 0.866115, 0.00124253, -0.588946, 0.00127747
160, 0.837132, -156.947, 0.877655, -156.952, 0.881173, -157.182, -0.000117117, -0.000117014, -0.000117118, 0.000647533, 0.866115, 0.00124253, -0.588946, 0.00127747
160.051, 0.837128, -157.073, 0.877652, -157.078, 0.881169, -157.308, -0.000116411, -0.000116414, -0.000116374, 0.000647533, 0.866115, 0.00124224, -0.588941, 0.00127843
160.101, 0.837125, -157.198, 0.877648, -157.204, 0.881166, -157.434, -0.000115844, -0.000115884, -0.000115823, 0.000647533, 0.866115, 0.00124238, -0.588936, 0.00127929
160.151, 0.837122, -157.323, 0.877645, -157.329, 0.881162, -157.559, -0.000115675, -0.000115576, -0.000115716, 0.000647533, 0.866115, 0.0012421, -0.588931, 0.00128006
160.202, 0.837119, -157.448, 0.877641, -157.453, 0.881159, -157.683, -0.000115049, -0.000115101, -0.000115242, 0.000647533, 0.866115, 0.00124229, -0.588928, 0.00128073
160.252, 0.837115, -157.571, 0.877638, -157.577, 0.881155, -157.807, -0.000114412, -0.000114468, -0.000114408, 0.000647533, 0.866115, 0.00124213, -0.588923, 0.00128132
160.302, 0.837112, -157.694, 0.877634, -157.7, 0.881152, -157.93, -0.000113812, -0.000113836, -0.000113827, 0.000647533, 0.866115, 0.00124225, -0.588918, 0.00128182
160.353, 0.837109, -157.817, 0.877631, -157.822, 0.881148, -158.052, -0.000113177, -0.000113192, -0.000113158, 0.000647533, 0.866115, 0.00124237, -0.588914, 0.00128224
160.403, 0.837106, -157.939, 0.877627, -157.944, 0.881145, -158.174, -0.000112552, -0.000112572, -0.000112568, 0.000647533, 0.866115, 0.00124241, -0.588909, 0.00128258
160.453, 0.837102, -158.06, 0.877624, -158.065, 0.881141, -158.295, -0.000111935, -0.000111939, -0.000111923, 0.000647533, 0.866115, 0.00124222, -0.588904, 0.00128284
160.504, 0.837099, -158.18, 0.87762, -158.186, 0.881138, -158.416, -0.000111259, -0.000111308, -0.00011124, 0.000647533, 0.866115, 0.00124227, -0.588899, 0.00128302
160.554, 0.837095, -158.3, 0.877617, -158.306, 0.881134, -158.536, -0.000110595, -0.000110678, -0.000110591, 0.000647533, 0.866115, 0.00124213, -0.588894, 0.00128313
160.605, 0.837092, -158.42, 0.877613, -158.425, 0.881131, -158.655, -0.000110017, -0.000110062, -0.000110019, 0.000647533, 0.866115, 0.00124222, -0.58889, 0.00128317
160.655, 0.837088, -158.538, 0.87761, -158.544, 0.881127, -158.774, -0.00010965, -0.000109494, -0.000109473, 0.000647533, 0.866115, 0.00124215, -0.588885, 0.00128313
160.705, 0.837085, -158.656, 0.877606, -158.662, 0.881123, -158.892, -0.000109247, -0.000109251, -0.000109206, 0.000647533, 0.866115, 0.00124228, -0.58888, 0.00128303
160.756, 0.837082, -158.774, 0.877602, -158.78, 0.88112, -159.01, -0.00010876, -0.000108777, -0.000108743, 0.000647533, 0.866115, 0.001242, -0.588875, 0.00128286
160.806, 0.837078, -158.891, 0.877599, -158.896, 0.881116, -159.126, -0.000108094, -0.000108143, -0.000108235, 0.000647533, 0.866115, 0.00124203, -0.58887, 0.00128263
160.856, 0.837075, -159.007, 0.877595, -159.013, 0.881113, -159.243, -0.000107467, -0.000107512, -0.000107633, 0.000647533, 0.866115, 0.00124215, -0.588866, 0.00128233
160.907, 0.837071, -159.123, 0.877592, -159.128, 0.881109, -159.358, -0.000106739, -0.000106791, -0.000106744, 0.000647533, 0.866115, 0.00124219, -0.588861, 0.00128197
160.957, 0.837068, -159.238, 0.877588, -159.243, 0.881105, -159.473, -0.000106226, -0.000106248, -0.000106216, 0.000647533, 0.866115, 0.00124195, -0.588856, 0.00128156
161, 0.837065, -159.336, 0.877585, -159.342, 0.881102, -159.572, -0.000105641, -0.000105662, -0.000105634, 0.000647533, 0.866115, 0.00124213, -0.588852, 0.00128115
161, 0.837065, -159.336, 0.877585, -159.342, 0.881102, -159.572, -0.000105641, -0.000105662, -0.000105634, 0.00068979, 0.866115, 0.00124213, -0.588852, 0.00128115
161.051, 0.837062, -159.45, 0.877581, -159.456, 0.881099, -159.686, -0.000105407, -0.000105457, -0.000105384, 0.00068979, 0.866115, 0.00124201, -0.588847, 0.00128167
161.101, 0.837058, -159.564, 0.877578, -159.569, 0.881095, -159.799, -0.000105101, -0.000104983, -0.000105068, 0.00068979, 0.866115, 0.0012421, -0.588842, 0.0012821
161.151, 0.837055, -159.676, 0.877574, -159.682, 0.881092, -159.912, -0.000104304, -0.000104346, -0.000104304, 0.00068979, 0.866115, 0.00124229, -0.588838, 0.00128245
161.202, 0.837051, -159.789, 0.877571, -159.794, 0.881088, -160.024, -0.000103711, -0.000103718, -0.000103664, 0.00068979, 0.866115, 0.00124207, -0.588833, 0.00128272
161.252, 0.837048, -159.9, 0.877567, -159.906, 0.881084, -160.136, -0.000103076, -0.000103086, -0.000103054, 0.00068979, 0.866115, 0.00124194, -0.588827, 0.00128292
161.302, 0.837045, -160.011, 0.877564, -160.017, 0.881081, -160.247, -0.000102371, -0.000102456, -0.000102352, 0.00068979, 0.866115, 0.00124212, -0.588823, 0.00128304
161.353, 0.837041, -160.122, 0.87756, -160.127, 0.881077, -160.358, -0.000101866, -0.000101868, -0.000101835, 0.00068979, 0.866115, 0.00124225, -0.588818, 0.00128308
161.403, 0.837038, -160.232, 0.877556, -160.237, 0.881074, -160.468, -0.000101933, -0.00010182, -0.000101961, 0.00068979, 0.866115, 0.00124201, -0.588813, 0.00128306
161.453, 0.837034, -160.341, 0.877553, -160.347, 0.88107, -160.577, -0.000101183, -0.000101188, -0.000101178, 0.00068979, 0.866115, 0.00124224, -0.588808, 0.00128296
161.504, 0.837031, -160.45, 0.877549, -160.455, 0.881067, -160.686, -0.000100467, -0.000100547, -0.000100462, 0.00068979, 0.866115, 0.00124212, -0.588804, 0.0012828
161.554, 0.837027, -160.558, 0.877546, -160.564, 0.881063, -160.794, -9.98647e-05, -9.99232e-05, -9.98742e-05, 0.00068979, 0.866115, 0.00124203, -0.588799, 0.00128258
161.605, 0.837025, -160.666, 0.877543, -160.671, 0.88106, -160.901, -9.92774e-05, -9.92927e-05, -9.92627e-05, 0.00068979, 0.866115, 0.00124198, -0.588795, 0.00128229
161.655, 0.837023, -160.773, 0.877541, -160.778, 0.881058, -161.008, -9.86325e-05, -9.86939e-05, -9.86329e-05, 0.00068979, 0.866115, 0.00124191, -0.588793, 0.00128195
161.705, 0.837023, -160.879, 0.877541, -160.885, 0.881058, -161.115, -9.86524e-05, -9.86583e-05, -9.85786e-05, 0.00068979, 0.866115, 0.00124201, -0.588793, 0.00128154
161.756, 0.837023, -160.985, 0.877541, -160.991, 0.881058, -161.221, -9.80033e-05, -9.80247e-05, -9.79931e-05, 0.00068979, 0.866115, 0.00124206, -0.588793, 0.00128108
161.806, 0.837023, -161.09, 0.877541, -161.096, 0.881058, -161.326, -9.735e-05, -9.73935e-05, -9.73457e-05, 0.00068979, 0.866115, 0.00124204, -0.588793, 0.00128056
161.856, 0.837023, -161.195, 0.877541, -161.201, 0.881058, -161.431, -9.67049e-05, -9.67615e-05, -9.66949e-05, 0.00068979, 0.866115, 0.00124198, -0.588793, 0.00127999
161.907, 0.837023, -161.3, 0.877541, -161.305, 0.881058, -161.535, -9.61213e-05, -9.61486e-05, -9.61236e-05, 0.00068979, 0.866115, 0.00124216, -0.588794, 0.00127937
161.957, 0.837023, -161.403, 0.877541, -161.409, 0.881059, -161.639, -9.6225e-05, -9.61286e-05, -9.60728e-05, 0.00068979, 0.866115, 0.00124206, -0.588793, 0.00127869
162, 0.837023, -161.492, 0.877541, -161.498, 0.881058, -161.728, -9.54559e-05, -9.54843e-05, -9.53924e-05, 0.00068979, 0.866115, 0.00124198, -0.588793, 0.00127807
162, 0.837023, -161.492, 0.877541, -161.498, 0.881058, -161.728, -9.54559e-05, -9.54843e-05, -9.53924e-05, 0.000727972, 0.866115, 0.00124198, -0.588793, 0.00127807
162.051, 0.83702, -161.595, 0.877538, -161.6, 0.881055, -161.831, -9.48107e-05, -9.48639e-05, -9.48315e-05, 0.000727972, 0.866115, 0.00124197, -0.588789, 0.00127825
162.101, 0.837017, -161.697, 0.877534, -161.703, 0.881052, -161.933, -9.43617e-05, -9.42426e-05, -9.41927e-05, 0.000727972, 0.866115, 0.00124186, -0.588784, 0.00127836
162.151, 0.837013, -161.799, 0.877531, -161.804, 0.881048, -162.035, -9.43601e-05, -9.42313e-05, -9.43517e-05, 0.000727972, 0.866115, 0.00124213, -0.588779, 0.00127839
162.202, 0.83701, -161.9, 0.877528, -161.906, 0.881045, -162.136, -9.35804e-05, -9.35989e-05, -9.35284e-05, 0.000727972, 0.866115, 0.00124215, -0.588775, 0.00127835
162.252, 0.837007, -162, 0.877524, -162.006, 0.881041, -162.236, -9.27821e-05, -9.28479e-05, -9.28026e-05, 0.000727972, 0.866115, 0.00124201, -0.58877, 0.00127825
162.302, 0.837004, -162.101, 0.877521, -162.106, 0.881038, -162.336, -9.22822e-05, -9.23367e-05, -9.22592e-05, 0.000727972, 0.866115, 0.00124192, -0.588765, 0.00127808
162.353, 0.837, -162.2, 0.877517, -162.206, 0.881034, -162.436, -9.17999e-05, -9.19017e-05, -9.18376e-05, 0.000727972, 0.866115, 0.00124206, -0.588761, 0.00127785
162.403, 0.836997, -162.299, 0.877514, -162.305, 0.881031, -162.535, -9.15833e-05, -9.17011e-05, -9.16345e-05, 0.000727972, 0.866115, 0.00124189, -0.588756, 0.00127757
162.454, 0.836996, -162.398, 0.877513, -162.403, 0.88103, -162.633, -9.12105e-05, -9.10692e-05, -9.12015e-05, 0.000727972, 0.866115, 0.00124206, -0.588755, 0.00127722
162.504, 0.836996, -162.496, 0.877513, -162.501, 0.88103, -162.732, -9.04068e-05, -9.04383e-05, -9.04159e-05, 0.000727972, 0.866115, 0.00124183, -0.588755, 0.00127681
162.554, 0.836996, -162.593, 0.877513, -162.599, 0.88103, -162.829, -8.99299e-05, -9.00044e-05, -8.99529e-05, 0.000727972, 0.866115, 0.00124186, -0.588755, 0.00127635
162.605, 0.836996, -162.69, 0.877513, -162.696, 0.88103, -162.926, -8.97958e-05, -8.98044e-05, -8.97746e-05, 0.000727972, 0.866115, 0.00124188, -0.588755, 0.00127584
162.655, 0.836996, -162.787, 0.877513, -162.792, 0.88103, -163.023, -8.90078e-05, -8.90533e-05, -8.89697e-05, 0.000727972, 0.866115, 0.00124191, -0.588755, 0.00127528
162.705, 0.836994, -162.883, 0.87751, -162.889, 0.881028, -163.119, -8.85005e-05, -8.85442e-05, -8.8482e-05, 0.000727972, 0.866115, 0.0012421, -0.588752, 0.00127467
162.756, 0.836991, -162.979, 0.877507, -162.984, 0.881024, -163.214, -8.85099e-05, -8.85395e-05, -8.84802e-05, 0.000727972, 0.866115, 0.00124186, -0.588747, 0.00127401
162.806, 0.836987, -163.074, 0.877504, -163.079, 0.881021, -163.309, -8.7897e-05, -8.79021e-05, -8.78971e-05, 0.000727972, 0.866115, 0.00124195, -0.588743, 0.0012733
162.856, 0.836984, -163.168, 0.8775, -163.174, 0.881017, -163.404, -8.72236e-05, -8.72748e-05, -8.72055e-05, 0.000727972, 0.866115, 0.00124192, -0.588738, 0.00127255
162.907, 0.836981, -163.262, 0.877497, -163.268, 0.881014, -163.498, -8.66788e-05, -8.67266e-05, -8.67181e-05, 0.000727972, 0.866115, 0.00124186, -0.588734, 0.00127176
162.957, 0.836978, -163.356, 0.877494, -163.361, 0.88101, -163.591, -8.67454e-05, -8.66417e-05, -8.67452e-05, 0.000727972, 0.866115, 0.00124183, -0.588729, 0.00127092
163, 0.836975, -163.436, 0.87749, -163.441, 0.881007, -163.672, -8.60068e-05, -8.601e-05, -8.6001e-05, 0.000727972, 0.866115, 0.00124188, -0.588725, 0.00127017
163, 0.836975, -163.436, 0.87749, -163.441, 0.881007, -163.672, -8.60068e-05, -8.601e-05, -8.6001e-05, 0.000762375, 0.866115, 0.00124188, -0.588725, 0.00127017
163.051, 0.836972, -163.529, 0.877488, -163.534, 0.881005, -163.764, -8.55004e-05, -8.55274e-05, -8.55003e-05, 0.000762375, 0.866115, 0.00124195, -0.588722, 0.00127011
163.101, 0.836972, -163.621, 0.877488, -163.626, 0.881005, -163.857, -8.53731e-05, -8.53765e-05, -8.53174e-05, 0.000762375, 0.866115, 0.00124173, -0.588721, 0.00126999
163.151, 0.836972, -163.713, 0.877488, -163.718, 0.881005, -163.948, -8.46765e-05, -8.4745e-05, -8.46913e-05, 0.000762375, 0.866115, 0.0012418, -0.588721, 0.0012698
163.202, 0.836972, -163.804, 0.877488, -163.81, 0.881005, -164.04, -8.41093e-05, -8.41758e-05, -8.41077e-05, 0.000762375, 0.866115, 0.001242, -0.588721, 0.00126956
163.252, 0.836972, -163.895, 0.877488, -163.9, 0.881005, -164.131, -8.41113e-05, -8.4112e-05, -8.41108e-05, 0.000762375, 0.866115, 0.00124171, -0.588721, 0.00126926
163.302, 0.836972, -163.985, 0.877487, -163.991, 0.881004, -164.221, -8.34697e-05, -8.34801e-05, -8.35904e-05, 0.000762375, 0.866115, 0.00124182, -0.58872, 0.00126891
163.353, 0.836968, -164.075, 0.877484, -164.081, 0.881001, -164.311, -8.28665e-05, -8.28951e-05, -8.2844e-05, 0.000762375, 0.866115, 0.00124179, -0.588716, 0.0012685
163.403, 0.836965, -164.165, 0.87748, -164.17, 0.880997, -164.4, -8.29173e-05, -8.28472e-05, -8.29133e-05, 0.000762375, 0.866115, 0.00124176, -0.588711, 0.00126804
163.454, 0.836962, -164.254, 0.877477, -164.259, 0.880994, -164.489, -8.22019e-05, -8.22153e-05, -8.22044e-05, 0.000762375, 0.866115, 0.00124183, -0.588707, 0.00126754
163.504, 0.836959, -164.342, 0.877474, -164.348, 0.88099, -164.578, -8.16415e-05, -8.16954e-05, -8.16174e-05, 0.000762375, 0.866115, 0.00124188, -0.588703, 0.00126698
163.554, 0.836956, -164.43, 0.87747, -164.436, 0.880987, -164.666, -8.15748e-05, -8.15812e-05, -8.15337e-05, 0.000762375, 0.866115, 0.00124195, -0.588698, 0.00126639
163.605, 0.836952, -164.518, 0.877467, -164.524, 0.880984, -164.754, -8.11087e-05, -8.09506e-05, -8.1062e-05, 0.000762375, 0.866115, 0.00124179, -0.588693, 0.00126574
163.655, 0.836949, -164.606, 0.877464, -164.611, 0.880981, -164.841, -8.10988e-05, -8.09504e-05, -8.10993e-05, 0.000762375, 0.866115, 0.00124185, -0.588689, 0.00126506
163.705, 0.836949, -164.692, 0.877463, -164.698, 0.88098, -164.928, -8.0424e-05, -8.03061e-05, -8.04028e-05, 0.000762375, 0.866115, 0.00124192, -0.588689, 0.00126433
163.756, 0.836949, -164.779, 0.877463, -164.784, 0.88098, -165.014, -7.98308e-05, -7.96875e-05, -7.98272e-05, 0.000762375, 0.866115, 0.00124177, -0.588688, 0.00126357
163.806, 0.836949, -164.865, 0.877463, -164.87, 0.88098, -165.101, -7.96832e-05, -7.96856e-05, -7.9635e-05, 0.000762375, 0.866115, 0.00124179, -0.588688, 0.00126277
163.856, 0.836949, -164.95, 0.877463, -164.956, 0.88098, -165.186, -7.91996e-05, -7.90531e-05, -7.90047e-05, 0.000762375, 0.866115, 0.00124195, -0.588689, 0.00126193
163.907, 0.836949, -165.036, 0.877463, -165.041, 0.88098, -165.271, -7.85317e-05, -7.85332e-05, -7.8668e-05, 0.000762375, 0.866115, 0.00124194, -0.588689, 0.00126105
163.957, 0.836949, -165.12, 0.877463, -165.126, 0.88098, -165.356, -7.84138e-05, -7.84207e-05, -7.84126e-05, 0.000762375, 0.866115, 0.00124189, -0.588688, 0.00126014
164, 0.836948, -165.193, 0.877462, -165.199, 0.880979, -165.429, -7.77692e-05, -7.77946e-05, -7.77691e-05, 0.000762375, 0.866115, 0.00124195, -0.588687, 0.00125934
164, 0.836948, -165.193, 0.877462, -165.199, 0.880979, -165.429, -7.77692e-05, -7.77946e-05, -7.77691e-05, 0.000793482, 0.866115, 0.00124195, -0.588687, 0.00125933
164.051, 0.836945, -165.277, 0.877459, -165.283, 0.880976, -165.513, -7.77683e-05, -7.7788e-05, -7.77288e-05, 0.000793482, 0.866115, 0.00124183, -0.588683, 0.00125913
164.101, 0.836941, -165.361, 0.877455, -165.366, 0.880972, -165.596, -7.72966e-05, -7.71559e-05, -7.72819e-05, 0.000793482, 0.866115, 0.00124179, -0.588678, 0.00125888
164.151, 0.836938, -165.444, 0.877452, -165.449, 0.880969, -165.68, -7.71513e-05, -7.71558e-05, -7.71513e-05, 0.000793482, 0.866115, 0.00124179, -0.588673, 0.00125857
164.202, 0.836935, -165.527, 0.877449, -165.532, 0.880965, -165.762, -7.63254e-05, -7.63653e-05, -7.63649e-05, 0.000793482, 0.866115, 0.00124188, -0.588669, 0.00125822
164.252, 0.836932, -165.609, 0.877445, -165.615, 0.880962, -165.845, -7.5928e-05, -7.59543e-05, -7.59197e-05, 0.000793482, 0.866115, 0.0012418, -0.588664, 0.00125781
164.303, 0.836929, -165.691, 0.877442, -165.697, 0.880959, -165.927, -7.58572e-05, -7.5891e-05, -7.58804e-05, 0.000793482, 0.866115, 0.00124168, -0.58866, 0.00125737
164.353, 0.836928, -165.773, 0.877441, -165.778, 0.880958, -166.008, -7.52427e-05, -7.52606e-05, -7.52405e-05, 0.000793482, 0.866115, 0.00124182, -0.588659, 0.00125687
164.403, 0.836928, -165.854, 0.877441, -165.86, 0.880958, -166.09, -7.52584e-05, -7.52584e-05, -7.52571e-05, 0.000793482, 0.866115, 0.00124182, -0.588659, 0.00125634
164.454, 0.836928, -165.935, 0.877441, -165.94, 0.880958, -166.17, -7.46208e-05, -7.46262e-05, -7.47293e-05, 0.000793482, 0.866115, 0.00124177, -0.588659, 0.00125577
164.504, 0.836928, -166.015, 0.877441, -166.021, 0.880958, -166.251, -7.46235e-05, -7.46262e-05, -7.46188e-05, 0.000793482, 0.866115, 0.00124161, -0.588658, 0.00125515
164.554, 0.836928, -166.095, 0.877441, -166.101, 0.880958, -166.331, -7.39685e-05, -7.39937e-05, -7.39643e-05, 0.000793482, 0.866115, 0.00124183, -0.588659, 0.0012545
164.605, 0.836928, -166.175, 0.877441, -166.181, 0.880958, -166.411, -7.3936e-05, -7.39937e-05, -7.3974e-05, 0.000793482, 0.866115, 0.00124176, -0.588659, 0.00125381
164.655, 0.836928, -166.255, 0.877441, -166.26, 0.880958, -166.49, -7.33559e-05, -7.33613e-05, -7.33165e-05, 0.000793482, 0.866115, 0.0012417, -0.588658, 0.00125309
164.705, 0.836926, -166.334, 0.877439, -166.339, 0.880956, -166.569, -7.2925e-05, -7.2929e-05, -7.29197e-05, 0.000793482, 0.866115, 0.00124155, -0.588655, 0.00125234
164.756, 0.836923, -166.412, 0.877436, -166.418, 0.880953, -166.648, -7.27e-05, -7.27007e-05, -7.27007e-05, 0.000793482, 0.866115, 0.00124179, -0.588652, 0.00125155
164.806, 0.836919, -166.491, 0.877432, -166.496, 0.880949, -166.726, -7.21044e-05, -7.21439e-05, -7.21438e-05, 0.000793482, 0.866115, 0.00124185, -0.588647, 0.00125073
164.856, 0.836916, -166.569, 0.877429, -166.574, 0.880946, -166.804, -7.20964e-05, -7.20965e-05, -7.20964e-05, 0.000793482, 0.866115, 0.00124174, -0.588643, 0.00124988
164.907, 0.836913, -166.646, 0.877426, -166.652, 0.880942, -166.882, -7.14902e-05, -7.14907e-05, -7.14907e-05, 0.000793482, 0.866115, 0.00124159, -0.588637, 0.001249
164.957, 0.836912, -166.723, 0.877425, -166.729, 0.880942, -166.959, -7.14545e-05, -7.14551e-05, -7.14551e-05, 0.000793482, 0.866115, 0.00124159, -0.588637, 0.0012481
165, 0.836912, -166.79, 0.877425, -166.795, 0.880942, -167.025, -7.10095e-05, -7.10317e-05, -7.10277e-05, 0.000793482, 0.866115, 0.00124174, -0.588637, 0.0012473
165, 0.836912, -166.79, 0.877425, -166.795, 0.880942, -167.025, -7.10095e-05, -7.10317e-05, -7.10277e-05, 0.000821886, 0.866115, 0.00124174, -0.588637, 0.0012473
165.051, 0.836912, -166.866, 0.877425, -166.872, 0.880941, -167.102, -7.08316e-05, -7.08316e-05, -7.08315e-05, 0.000821886, 0.866115, 0.00124161, -0.588637, 0.00124705
165.101, 0.836912, -166.943, 0.877425, -166.948, 0.880942, -167.178, -7.0466e-05, -7.0466e-05, -7.04425e-05, 0.000821886, 0.866115, 0.00124173, -0.588637, 0.00124675
165.151, 0.836912, -167.018, 0.877425, -167.024, 0.880942, -167.254, -7.0041e-05, -7.00411e-05, -7.00406e-05, 0.000821886, 0.866115, 0.00124167, -0.588637, 0.00124641
165.202, 0.836912, -167.094, 0.877425, -167.1, 0.880942, -167.33, -7.01991e-05, -7.01991e-05, -7.03502e-05, 0.000821886, 0.866115, 0.00124158, -0.588636, 0.00124603
165.252, 0.836912, -167.169, 0.877425, -167.175, 0.880942, -167.405, -6.95662e-05, -6.95667e-05, -6.95597e-05, 0.000821886, 0.866115, 0.00124165, -0.588637, 0.00124561
165.303, 0.836912, -167.245, 0.877425, -167.25, 0.880942, -167.48, -6.95665e-05, -6.95667e-05, -6.95648e-05, 0.000821886, 0.866115, 0.0012417, -0.588637, 0.00124515
165.353, 0.836911, -167.319, 0.877423, -167.325, 0.88094, -167.555, -6.89343e-05, -6.89343e-05, -6.90494e-05, 0.000821886, 0.866115, 0.00124174, -0.588635, 0.00124465
165.403, 0.836908, -167.393, 0.87742, -167.399, 0.880937, -167.629, -6.89343e-05, -6.89343e-05, -6.89034e-05, 0.000821886, 0.866115, 0.00124168, -0.588631, 0.00124412
165.454, 0.836904, -167.467, 0.877417, -167.473, 0.880933, -167.703, -6.83017e-05, -6.83019e-05, -6.82852e-05, 0.000821886, 0.866115, 0.00124157, -0.588625, 0.00124355
165.504, 0.836901, -167.541, 0.877413, -167.547, 0.88093, -167.777, -6.846e-05, -6.83019e-05, -6.8456e-05, 0.000821886, 0.866115, 0.00124168, -0.588621, 0.00124296
165.554, 0.836898, -167.615, 0.87741, -167.62, 0.880927, -167.85, -6.76696e-05, -6.76696e-05, -6.76643e-05, 0.000821886, 0.866115, 0.00124165, -0.588617, 0.00124233
165.605, 0.836898, -167.688, 0.87741, -167.693, 0.880927, -167.923, -6.76689e-05, -6.76693e-05, -6.76526e-05, 0.000821886, 0.866115, 0.00124166, -0.588617, 0.00124167
165.655, 0.836898, -167.76, 0.87741, -167.766, 0.880927, -167.996, -6.70366e-05, -6.70406e-05, -6.70393e-05, 0.000821886, 0.866115, 0.00124169, -0.588617, 0.00124098
165.705, 0.836898, -167.833, 0.87741, -167.838, 0.880927, -168.068, -6.69973e-05, -6.70371e-05, -6.6997e-05, 0.000821886, 0.866115, 0.00124184, -0.588617, 0.00124026
165.756, 0.836898, -167.905, 0.87741, -167.911, 0.880927, -168.141, -6.65546e-05, -6.65547e-05, -6.65546e-05, 0.000821886, 0.866115, 0.00124172, -0.588617, 0.00123952
165.806, 0.836898, -167.977, 0.87741, -167.982, 0.880927, -168.213, -6.63954e-05, -6.64046e-05, -6.65535e-05, 0.000821886, 0.866115, 0.00124162, -0.588617, 0.00123875
165.856, 0.836898, -168.049, 0.87741, -168.054, 0.880927, -168.284, -6.63618e-05, -6.64046e-05, -6.63921e-05, 0.000821886, 0.866115, 0.0012416, -0.588617, 0.00123796
165.907, 0.836898, -168.12, 0.87741, -168.125, 0.880927, -168.355, -6.57597e-05, -6.57722e-05, -6.57597e-05, 0.000821886, 0.866115, 0.0012417, -0.588617, 0.00123715
165.957, 0.836898, -168.191, 0.87741, -168.196, 0.880927, -168.426, -6.57722e-05, -6.57722e-05, -6.57325e-05, 0.000821886, 0.866115, 0.00124156, -0.588617, 0.00123631
166, 0.836898, -168.252, 0.87741, -168.257, 0.880927, -168.487, -6.51655e-05, -6.51665e-05, -6.51655e-05, 0.000821886, 0.866115, 0.00124162, -0.588617, 0.00123558
166, 0.836898, -168.252, 0.87741, -168.257, 0.880927, -168.487, -6.51655e-05, -6.51665e-05, -6.51655e-05, 0.000847952, 0.866115, 0.00124162, -0.588617, 0.00123557
166.051, 0.836898, -168.322, 0.87741, -168.328, 0.880927, -168.558, -6.51394e-05, -6.51398e-05, -6.51397e-05, 0.000847952, 0.866115, 0.00124166, -0.588617, 0.00123534
166.101, 0.836898, -168.392, 0.87741, -168.398, 0.880927, -168.628, -6.52962e-05, -6.51397e-05, -6.51341e-05, 0.000847952, 0.866115, 0.00124161, -0.588616, 0.00123507
166.152, 0.836898, -168.462, 0.87741, -168.468, 0.880927, -168.698, -6.45073e-05, -6.45074e-05, -6.44439e-05, 0.000847952, 0.866115, 0.00124164, -0.588617, 0.00123476
166.202, 0.836896, -168.532, 0.877408, -168.537, 0.880925, -168.768, -6.45071e-05, -6.45074e-05, -6.45063e-05, 0.000847952, 0.866115, 0.00124153, -0.588614, 0.00123442
166.252, 0.836893, -168.601, 0.877405, -168.607, 0.880921, -168.837, -6.38945e-05, -6.38949e-05, -6.38949e-05, 0.000847952, 0.866115, 0.00124163, -0.58861, 0.00123404
166.303, 0.83689, -168.67, 0.877401, -168.676, 0.880918, -168.906, -6.38746e-05, -6.38749e-05, -6.38693e-05, 0.000847952, 0.866115, 0.00124168, -0.588605, 0.00123363
166.353, 0.836889, -168.739, 0.8774, -168.745, 0.880917, -168.975, -6.40258e-05, -6.38749e-05, -6.40258e-05, 0.000847952, 0.866115, 0.00124157, -0.588604, 0.00123319
166.403, 0.836889, -168.808, 0.8774, -168.813, 0.880917, -169.044, -6.32424e-05, -6.32425e-05, -6.32406e-05, 0.000847952, 0.866115, 0.00124165, -0.588604, 0.00123272
166.454, 0.836889, -168.876, 0.8774, -168.882, 0.880917, -169.112, -6.32424e-05, -6.32425e-05, -6.32424e-05, 0.000847952, 0.866115, 0.00124153, -0.588604, 0.00123222
166.504, 0.836889, -168.944, 0.8774, -168.95, 0.880917, -169.18, -6.28769e-05, -6.28769e-05, -6.28769e-05, 0.000847952, 0.866115, 0.00124155, -0.588604, 0.00123169
166.554, 0.836889, -169.012, 0.877401, -169.018, 0.880917, -169.248, -6.26078e-05, -6.26101e-05, -6.26078e-05, 0.000847952, 0.866115, 0.00124168, -0.588604, 0.00123114
166.605, 0.836889, -169.08, 0.8774, -169.085, 0.880917, -169.315, -6.26088e-05, -6.26101e-05, -6.26099e-05, 0.000847952, 0.866115, 0.00124155, -0.588604, 0.00123056
166.655, 0.836889, -169.147, 0.8774, -169.153, 0.880917, -169.383, -6.19782e-05, -6.19812e-05, -6.19688e-05, 0.000847952, 0.866115, 0.0012417, -0.588604, 0.00122996
166.705, 0.836889, -169.214, 0.8774, -169.219, 0.880917, -169.45, -6.19683e-05, -6.19777e-05, -6.19516e-05, 0.000847952, 0.866115, 0.00124159, -0.588604, 0.00122933
166.756, 0.836889, -169.281, 0.8774, -169.286, 0.880917, -169.517, -6.19776e-05, -6.19777e-05, -6.19776e-05, 0.000847952, 0.866115, 0.00124164, -0.588604, 0.00122868
166.806, 0.836889, -169.347, 0.8774, -169.353, 0.880917, -169.583, -6.13452e-05, -6.13454e-05, -6.13453e-05, 0.000847952, 0.866115, 0.00124162, -0.588604, 0.00122802
166.856, 0.836889, -169.414, 0.8774, -169.419, 0.880917, -169.649, -6.13241e-05, -6.13241e-05, -6.13158e-05, 0.000847952, 0.866115, 0.00124159, -0.588604, 0.00122733
166.907, 0.836889, -169.48, 0.8774, -169.485, 0.880917, -169.716, -6.13451e-05, -6.13452e-05, -6.13284e-05, 0.000847952, 0.866115, 0.00124167, -0.588604, 0.00122662
166.957, 0.836889, -169.546, 0.8774, -169.551, 0.880917, -169.781, -6.06733e-05, -6.07128e-05, -6.06719e-05, 0.000847952, 0.866115, 0.00124165, -0.588604, 0.00122589
167, 0.836889, -169.602, 0.8774, -169.608, 0.880917, -169.838, -6.07034e-05, -6.07128e-05, -6.07034e-05, 0.000847952, 0.866115, 0.0012416, -0.588604, 0.00122526
167, 0.836889, -169.602, 0.8774, -169.608, 0.880917, -169.838, -6.07034e-05, -6.07128e-05, -6.07034e-05, 0.000872234, 0.866115, 0.0012416, -0.588604, 0.00122525
167.051, 0.836889, -169.668, 0.8774, -169.673, 0.880917, -169.903, -6.07128e-05, -6.07128e-05, -6.07115e-05, 0.000872234, 0.866115, 0.00124157, -0.588604, 0.0012251
167.101, 0.836888, -169.733, 0.8774, -169.738, 0.880917, -169.968, -6.00805e-05, -6.00805e-05, -6.00805e-05, 0.000872234, 0.866115, 0.00124148, -0.588603, 0.0012249
167.152, 0.836888, -169.798, 0.877399, -169.803, 0.880916, -170.033, -5.99618e-05, -5.99914e-05, -6.01194e-05, 0.000872234, 0.866115, 0.0012416, -0.588602, 0.00122468
167.202, 0.836888, -169.862, 0.877399, -169.868, 0.880916, -170.098, -6.00802e-05, -6.00804e-05, -6.00759e-05, 0.000872234, 0.866115, 0.00124162, -0.588603, 0.00122442
167.252, 0.836888, -169.927, 0.877399, -169.933, 0.880916, -170.163, -5.94482e-05, -5.94482e-05, -5.94472e-05, 0.000872234, 0.866115, 0.00124167, -0.588602, 0.00122413
167.303, 0.836887, -169.991, 0.877399, -169.997, 0.880915, -170.227, -5.94386e-05, -5.94479e-05, -5.94472e-05, 0.000872234, 0.866115, 0.00124167, -0.588602, 0.00122382
167.353, 0.836887, -170.055, 0.877398, -170.061, 0.880915, -170.291, -5.9447e-05, -5.94479e-05, -5.94409e-05, 0.000872234, 0.866115, 0.00124164, -0.588601, 0.00122348
167.403, 0.836887, -170.119, 0.877398, -170.125, 0.880915, -170.355, -5.8817e-05, -5.8817e-05, -5.88167e-05, 0.000872234, 0.866115, 0.00124148, -0.588601, 0.00122311
167.454, 0.836887, -170.183, 0.877398, -170.188, 0.880915, -170.419, -5.88146e-05, -5.88155e-05, -5.8773e-05, 0.000872234, 0.866115, 0.00124154, -0.588601, 0.00122272
167.504, 0.836887, -170.246, 0.877398, -170.252, 0.880915, -170.482, -5.88138e-05, -5.88155e-05, -5.88137e-05, 0.000872234, 0.866115, 0.00124161, -0.588601, 0.0012223
167.554, 0.836887, -170.31, 0.877398, -170.315, 0.880915, -170.545, -5.82182e-05, -5.82187e-05, -5.83756e-05, 0.000872234, 0.866115, 0.00124158, -0.588601, 0.00122186
167.605, 0.836887, -170.373, 0.877398, -170.378, 0.880915, -170.608, -5.81831e-05, -5.81831e-05, -5.81425e-05, 0.000872234, 0.866115, 0.00124159, -0.588601, 0.0012214
167.655, 0.836887, -170.435, 0.877398, -170.441, 0.880915, -170.671, -5.81761e-05, -5.81831e-05, -5.81761e-05, 0.000872234, 0.866115, 0.00124153, -0.588601, 0.00122092
167.705, 0.836887, -170.498, 0.877398, -170.504, 0.880915, -170.734, -5.81831e-05, -5.81831e-05, -5.81729e-05, 0.000872234, 0.866115, 0.00124168, -0.588601, 0.00122042
167.756, 0.836887, -170.56, 0.877398, -170.566, 0.880915, -170.796, -5.75403e-05, -5.75507e-05, -5.75403e-05, 0.000872234, 0.866115, 0.00124159, -0.588601, 0.0012199
167.806, 0.836887, -170.623, 0.877398, -170.628, 0.880915, -170.858, -5.76929e-05, -5.75348e-05, -5.75223e-05, 0.000872234, 0.866115, 0.00124158, -0.588601, 0.00121936
167.856, 0.836887, -170.685, 0.877398, -170.69, 0.880915, -170.92, -5.75507e-05, -5.75507e-05, -5.75413e-05, 0.000872234, 0.866115, 0.00124173, -0.588601, 0.00121881
167.907, 0.836887, -170.747, 0.877398, -170.752, 0.880915, -170.982, -5.69188e-05, -5.69194e-05, -5.69177e-05, 0.000872234, 0.866115, 0.00124162, -0.5886, 0.00121823
167.957, 0.836887, -170.808, 0.877398, -170.814, 0.880915, -171.044, -5.69182e-05, -5.69182e-05, -5.69143e-05, 0.000872234, 0.866115, 0.00124153, -0.588601, 0.00121765
168.001, 0.836887, -170.861, 0.877398, -170.867, 0.880915, -171.097, -5.69182e-05, -5.69182e-05, -5.69182e-05, 0.000872234, 0.866115, 0.00124153, -0.588601, 0.00121713
168.001, 0.836887, -170.861, 0.877398, -170.867, 0.880915, -171.097, -5.69182e-05, -5.69182e-05, -5.69182e-05, 0.000895001, 0.866115, 0.00124153, -0.588601, 0.00121713
168.051, 0.836887, -170.922, 0.877398, -170.928, 0.880915, -171.158, -5.69182e-05, -5.69182e-05, -5.69089e-05, 0.000895001, 0.866115, 0.00124151, -0.588601, 0.00121707
168.101, 0.836887, -170.983, 0.877398, -170.989, 0.880915, -171.219, -5.62842e-05, -5.62858e-05, -5.62842e-05, 0.000895001, 0.866115, 0.0012416, -0.588601, 0.00121699
168.152, 0.836887, -171.044, 0.877398, -171.05, 0.880915, -171.28, -5.62858e-05, -5.62858e-05, -5.62858e-05, 0.000895001, 0.866115, 0.00124173, -0.588602, 0.00121687
168.202, 0.836887, -171.105, 0.877398, -171.111, 0.880915, -171.341, -5.62858e-05, -5.62858e-05, -5.62858e-05, 0.000895001, 0.866115, 0.00124153, -0.588601, 0.00121673
168.252, 0.836887, -171.166, 0.877398, -171.171, 0.880915, -171.401, -5.64439e-05, -5.62858e-05, -5.64423e-05, 0.000895001, 0.866115, 0.00124166, -0.588601, 0.00121656
168.303, 0.836887, -171.226, 0.877398, -171.231, 0.880915, -171.461, -5.56534e-05, -5.56534e-05, -5.56534e-05, 0.000895001, 0.866115, 0.00124153, -0.5886, 0.00121637
168.353, 0.836887, -171.286, 0.877398, -171.292, 0.880915, -171.522, -5.56534e-05, -5.56534e-05, -5.56504e-05, 0.000895001, 0.866115, 0.00124156, -0.588601, 0.00121615
168.403, 0.836887, -171.346, 0.877398, -171.352, 0.880915, -171.582, -5.56311e-05, -5.56534e-05, -5.56101e-05, 0.000895001, 0.866115, 0.00124158, -0.588601, 0.00121591
168.454, 0.836887, -171.406, 0.877398, -171.412, 0.880915, -171.642, -5.50247e-05, -5.50566e-05, -5.50247e-05, 0.000895001, 0.866115, 0.00124159, -0.588601, 0.00121564
168.504, 0.836887, -171.465, 0.877398, -171.471, 0.880915, -171.701, -5.50209e-05, -5.5021e-05, -5.5021e-05, 0.000895001, 0.866115, 0.00124163, -0.588601, 0.00121536
168.554, 0.836887, -171.525, 0.877398, -171.53, 0.880915, -171.76, -5.5016e-05, -5.5016e-05, -5.49863e-05, 0.000895001, 0.866115, 0.00124168, -0.588602, 0.00121505
168.605, 0.836887, -171.584, 0.877398, -171.59, 0.880915, -171.82, -5.5021e-05, -5.5021e-05, -5.5021e-05, 0.000895001, 0.866115, 0.00124164, -0.588601, 0.00121473
168.655, 0.836887, -171.643, 0.877398, -171.649, 0.880915, -171.879, -5.43996e-05, -5.43998e-05, -5.43973e-05, 0.000895001, 0.866115, 0.00124164, -0.588601, 0.00121438
168.705, 0.836887, -171.702, 0.877398, -171.708, 0.880915, -171.938, -5.43589e-05, -5.43885e-05, -5.43576e-05, 0.000895001, 0.866115, 0.00124159, -0.588601, 0.00121402
168.756, 0.836887, -171.761, 0.877398, -171.767, 0.880915, -171.997, -5.43885e-05, -5.43885e-05, -5.43846e-05, 0.000895001, 0.866115, 0.00124162, -0.588601, 0.00121364
168.806, 0.836887, -171.82, 0.877398, -171.825, 0.880915, -172.055, -5.43885e-05, -5.43885e-05, -5.4388e-05, 0.000895001, 0.866115, 0.00124156, -0.588601, 0.00121324
168.857, 0.836887, -171.878, 0.877398, -171.884, 0.880915, -172.114, -5.37917e-05, -5.37917e-05, -5.37913e-05, 0.000895001, 0.866115, 0.00124165, -0.588601, 0.00121283
168.907, 0.836887, -171.936, 0.877398, -171.942, 0.880915, -172.172, -5.37166e-05, -5.37561e-05, -5.38747e-05, 0.000895001, 0.866115, 0.00124165, -0.588601, 0.0012124
168.957, 0.836887, -171.994, 0.877398, -172, 0.880915, -172.23, -5.3676e-05, -5.36894e-05, -5.36769e-05, 0.000895001, 0.866115, 0.00124156, -0.588601, 0.00121196
169.001, 0.836887, -172.044, 0.877398, -172.05, 0.880915, -172.28, -5.39142e-05, -5.37561e-05, -5.39142e-05, 0.000895001, 0.866115, 0.00124158, -0.588601, 0.00121157
169.001, 0.836887, -172.044, 0.877398, -172.05, 0.880915, -172.28, -5.39142e-05, -5.37561e-05, -5.39142e-05, 0.000916567, 0.866115, 0.00124158, -0.588601, 0.00121157
169.051, 0.836887, -172.102, 0.877398, -172.108, 0.880915, -172.338, -5.37342e-05, -5.37561e-05, -5.37337e-05, 0.000916567, 0.866115, 0.00124171, -0.588601, 0.00121163
169.101, 0.836887, -172.16, 0.877398, -172.165, 0.880915, -172.396, -5.31207e-05, -5.31237e-05, -5.31017e-05, 0.000916567, 0.866115, 0.00124163, -0.588601, 0.00121167
169.152, 0.836887, -172.217, 0.877398, -172.223, 0.880915, -172.453, -5.31112e-05, -5.31237e-05, -5.30806e-05, 0.000916567, 0.866115, 0.00124156, -0.588601, 0.00121168
169.202, 0.836887, -172.275, 0.877398, -172.28, 0.880915, -172.51, -5.31237e-05, -5.31237e-05, -5.31237e-05, 0.000916567, 0.866115, 0.00124165, -0.588601, 0.00121166
169.252, 0.836887, -172.332, 0.877398, -172.338, 0.880915, -172.568, -5.32777e-05, -5.31237e-05, -5.31143e-05, 0.000916567, 0.866115, 0.00124158, -0.588601, 0.00121162
169.303, 0.836887, -172.389, 0.877398, -172.395, 0.880915, -172.625, -5.24932e-05, -5.24933e-05, -5.24735e-05, 0.000916567, 0.866115, 0.00124164, -0.588601, 0.00121156
169.353, 0.836887, -172.446, 0.877398, -172.451, 0.880915, -172.681, -5.24913e-05, -5.24913e-05, -5.24889e-05, 0.000916567, 0.866115, 0.00124168, -0.588601, 0.00121147
169.403, 0.836887, -172.502, 0.877398, -172.508, 0.880915, -172.738, -5.24754e-05, -5.24754e-05, -5.24715e-05, 0.000916567, 0.866115, 0.00124164, -0.588601, 0.00121136
169.454, 0.836887, -172.559, 0.877398, -172.565, 0.880915, -172.795, -5.26494e-05, -5.24913e-05, -5.26098e-05, 0.000916567, 0.866115, 0.00124168, -0.588601, 0.00121123
169.504, 0.836887, -172.616, 0.877398, -172.621, 0.880915, -172.851, -5.24913e-05, -5.24913e-05, -5.24788e-05, 0.000916567, 0.866115, 0.00124159, -0.588601, 0.00121108
169.554, 0.836887, -172.672, 0.877398, -172.677, 0.880915, -172.908, -5.18586e-05, -5.18588e-05, -5.18586e-05, 0.000916567, 0.866115, 0.0012416, -0.588601, 0.0012109
169.605, 0.836887, -172.728, 0.877398, -172.733, 0.880915, -172.964, -5.18588e-05, -5.18588e-05, -5.18579e-05, 0.000916567, 0.866115, 0.00124168, -0.588601, 0.00121072
169.655, 0.836887, -172.784, 0.877398, -172.789, 0.880915, -173.02, -5.18588e-05, -5.18588e-05, -5.18588e-05, 0.000916567, 0.866115, 0.00124168, -0.588601, 0.00121051
169.705, 0.836887, -172.84, 0.877398, -172.845, 0.880915, -173.076, -5.18588e-05, -5.18588e-05, -5.18291e-05, 0.000916567, 0.866115, 0.00124161, -0.588601, 0.00121028
169.756, 0.836887, -172.896, 0.877398, -172.901, 0.880915, -173.131, -5.12155e-05, -5.12377e-05, -5.12377e-05, 0.000916567, 0.866115, 0.00124153, -0.588601, 0.00121004
169.806, 0.836887, -172.951, 0.877398, -172.957, 0.880915, -173.187, -5.12194e-05, -5.12264e-05, -5.121e-05, 0.000916567, 0.866115, 0.00124156, -0.588601, 0.00120979
169.857, 0.836887, -173.006, 0.877398, -173.012, 0.880915, -173.242, -5.12264e-05, -5.12264e-05, -5.12264e-05, 0.000916567, 0.866115, 0.00124162, -0.588601, 0.00120952
169.907, 0.836887, -173.062, 0.877398, -173.067, 0.880915, -173.297, -5.12264e-05, -5.12264e-05, -5.12264e-05, 0.000916567, 0.866115, 0.00124161, -0.588601, 0.00120923
169.957, 0.836887, -173.117, 0.877398, -173.123, 0.880915, -173.353, -5.12264e-05, -5.12264e-05, -5.1217e-05, 0.000916567, 0.866115, 0.00124159, -0.588601, 0.00120893
170.001, 0.836887, -173.164, 0.877398, -173.17, 0.880915, -173.4, -5.06053e-05, -5.06053e-05, -5.06053e-05, 0.000916567, 0.866115, 0.00124158, -0.588601, 0.00120866
170.001, 0.836887, -173.164, 0.877398, -173.17, 0.880915, -173.4, -5.06053e-05, -5.06053e-05, -5.06053e-05, 0.000936809, 0.866115, 0.00124158, -0.588601, 0.00120866
170.051, 0.836887, -173.219, 0.877398, -173.225, 0.880915, -173.455, -5.0594e-05, -5.0594e-05, -5.0594e-05, 0.000936809, 0.866115, 0.00124156, -0.588601, 0.00120884
170.101, 0.836887, -173.274, 0.877398, -173.279, 0.880915, -173.509, -5.0594e-05, -5.0594e-05, -5.0594e-05, 0.000936809, 0.866115, 0.00124154, -0.588601, 0.00120899
170.152, 0.836887, -173.328, 0.877398, -173.334, 0.880915, -173.564, -5.0594e-05, -5.0594e-05, -5.0594e-05, 0.000936809, 0.866115, 0.00124159, -0.588601, 0.00120911
170.202, 0.836887, -173.383, 0.877398, -173.388, 0.880915, -173.619, -5.0594e-05, -5.0594e-05, -5.05937e-05, 0.000936809, 0.866115, 0.00124163, -0.588601, 0.0012092
170.252, 0.836887, -173.437, 0.877398, -173.443, 0.880915, -173.673, -4.997e-05, -4.997e-05, -4.997e-05, 0.000936809, 0.866115, 0.00124165, -0.588601, 0.00120928
170.303, 0.836887, -173.491, 0.877398, -173.497, 0.880915, -173.727, -4.99616e-05, -4.99616e-05, -4.99616e-05, 0.000936809, 0.866115, 0.00124164, -0.588601, 0.00120933
170.353, 0.836887, -173.545, 0.877398, -173.551, 0.880915, -173.781, -4.99616e-05, -4.99616e-05, -4.99616e-05, 0.000936809, 0.866115, 0.00124159, -0.588601, 0.00120936
170.403, 0.836887, -173.599, 0.877398, -173.605, 0.880915, -173.835, -4.99616e-05, -4.99616e-05, -4.99616e-05, 0.000936809, 0.866115, 0.00124159, -0.588601, 0.00120936
170.454, 0.836887, -173.653, 0.877398, -173.659, 0.880915, -173.889, -4.99616e-05, -4.99616e-05, -4.99616e-05, 0.000936809, 0.866115, 0.00124159, -0.588601, 0.00120935
170.504, 0.836887, -173.707, 0.877398, -173.713, 0.880915, -173.943, -4.93492e-05, -4.93492e-05, -4.93492e-05, 0.000936809, 0.866115, 0.00124162, -0.588601, 0.00120932
170.554, 0.836887, -173.76, 0.877398, -173.766, 0.880915, -173.996, -4.93291e-05, -4.93291e-05, -4.93291e-05, 0.000936809, 0.866115, 0.00124158, -0.588601, 0.00120927
170.605, 0.836887, -173.813, 0.877398, -173.819, 0.880915, -174.049, -4.93291e-05, -4.93291e-05, -4.93291e-05, 0.000936809, 0.866115, 0.00124161, -0.588601, 0.0012092
170.655, 0.836887, -173.867, 0.877398, -173.872, 0.880915, -174.102, -4.93291e-05, -4.93291e-05, -4.93291e-05, 0.000936809, 0.866115, 0.00124159, -0.588601, 0.00120911
170.706, 0.836887, -173.92, 0.877398, -173.926, 0.880915, -174.156, -4.93291e-05, -4.93291e-05, -4.93291e-05, 0.000936809, 0.866115, 0.00124164, -0.588601, 0.00120901
170.756, 0.836887, -173.973, 0.877398, -173.979, 0.880915, -174.209, -4.90525e-05, -4.90525e-05, -4.90525e-05, 0.000936809, 0.866115, 0.00124163, -0.588601, 0.00120888
170.806, 0.836887, -174.026, 0.877398, -174.031, 0.880915, -174.262, -4.86967e-05, -4.86967e-05, -4.86967e-05, 0.000936809, 0.866115, 0.00124164, -0.588601, 0.00120875
170.857, 0.836887, -174.078, 0.877398, -174.084, 0.880915, -174.314, -4.86967e-05, -4.86967e-05, -4.86967e-05, 0.000936809, 0.866115, 0.00124159, -0.588601, 0.0012086
170.907, 0.836887, -174.131, 0.877398, -174.137, 0.880915, -174.367, -4.86958e-05, -4.86958e-05, -4.86887e-05, 0.000936809, 0.866115, 0.00124154, -0.588601, 0.00120843
170.957, 0.836887, -174.184, 0.877398, -174.189, 0.880915, -174.419, -4.86967e-05, -4.86967e-05, -4.86967e-05, 0.000936809, 0.866115, 0.00124157, -0.588601, 0.00120825
171.001, 0.836887, -174.229, 0.877398, -174.234, 0.880915, -174.465, -4.86967e-05, -4.86967e-05, -4.86967e-05, 0.000936809, 0.866115, 0.00124164, -0.588601, 0.00120809
171.001, 0.836887, -174.229, 0.877398, -174.234, 0.880915, -174.465, -4.86967e-05, -4.86967e-05, -4.86967e-05, 0.000956288, 0.866115, 0.00124164, -0.588601, 0.00120809
171.051, 0.836887, -174.281, 0.877398, -174.287, 0.880915, -174.517, -4.80646e-05, -4.80646e-05, -4.80646e-05, 0.000956288, 0.866115, 0.00124159, -0.588601, 0.00120837
171.101, 0.836887, -174.333, 0.877398, -174.339, 0.880915, -174.569, -4.80643e-05, -4.80643e-05, -4.80643e-05, 0.000956288, 0.866115, 0.0012416, -0.588601, 0.00120862
171.152, 0.836887, -174.385, 0.877398, -174.39, 0.880915, -174.621, -4.80643e-05, -4.80643e-05, -4.80643e-05, 0.000956288, 0.866115, 0.00124163, -0.588601, 0.00120884
171.202, 0.836887, -174.437, 0.877398, -174.442, 0.880915, -174.672, -4.80643e-05, -4.80643e-05, -4.80643e-05, 0.000956288, 0.866115, 0.00124161, -0.588601, 0.00120904
171.252, 0.836887, -174.489, 0.877398, -174.494, 0.880915, -174.724, -4.80643e-05, -4.80643e-05, -4.80643e-05, 0.000956288, 0.866115, 0.00124158, -0.588601, 0.00120922
171.303, 0.836887, -174.541, 0.877398, -174.546, 0.880915, -174.776, -4.76987e-05, -4.76987e-05, -4.76987e-05, 0.000956288, 0.866115, 0.00124164, -0.588601, 0.00120937
171.353, 0.836887, -174.592, 0.877398, -174.597, 0.880915, -174.827, -4.74319e-05, -4.74319e-05, -4.74319e-05, 0.000956288, 0.866115, 0.00124162, -0.588601, 0.00120951
171.403, 0.836887, -174.643, 0.877398, -174.649, 0.880915, -174.879, -4.74319e-05, -4.74319e-05, -4.74319e-05, 0.000956288, 0.866115, 0.00124161, -0.588601, 0.00120962
171.454, 0.836887, -174.694, 0.877398, -174.7, 0.880915, -174.93, -4.74298e-05, -4.74298e-05, -4.74298e-05, 0.000956288, 0.866115, 0.0012416, -0.588601, 0.00120971
171.504, 0.836887, -174.745, 0.877398, -174.751, 0.880915, -174.981, -4.74319e-05, -4.74319e-05, -4.74319e-05, 0.000956288, 0.866115, 0.00124161, -0.588601, 0.00120978
171.554, 0.836887, -174.797, 0.877398, -174.802, 0.880915, -175.032, -4.74319e-05, -4.74319e-05, -4.74319e-05, 0.000956288, 0.866115, 0.0012416, -0.588601, 0.00120983
171.605, 0.836887, -174.848, 0.877398, -174.853, 0.880915, -175.083, -4.67996e-05, -4.67996e-05, -4.67996e-05, 0.000956288, 0.866115, 0.00124168, -0.588602, 0.00120987
171.655, 0.836887, -174.898, 0.877398, -174.904, 0.880915, -175.134, -4.67994e-05, -4.67994e-05, -4.67994e-05, 0.000956288, 0.866115, 0.0012416, -0.588601, 0.00120989
171.706, 0.836887, -174.949, 0.877398, -174.954, 0.880915, -175.184, -4.67994e-05, -4.67994e-05, -4.67994e-05, 0.000956288, 0.866115, 0.00124157, -0.588601, 0.00120989
171.756, 0.836887, -174.999, 0.877398, -175.005, 0.880915, -175.235, -4.67994e-05, -4.67994e-05, -4.67994e-05, 0.000956288, 0.866115, 0.00124167, -0.588601, 0.00120987
171.806, 0.836887, -175.05, 0.877398, -175.055, 0.880915, -175.285, -4.67994e-05, -4.67994e-05, -4.67994e-05, 0.000956288, 0.866115, 0.0012416, -0.588601, 0.00120984
171.857, 0.836887, -175.1, 0.877398, -175.106, 0.880915, -175.336, -4.67994e-05, -4.67994e-05, -4.67994e-05, 0.000956288, 0.866115, 0.00124157, -0.588601, 0.00120979
171.907, 0.836887, -175.15, 0.877398, -175.156, 0.880915, -175.386, -4.6167e-05, -4.6167e-05, -4.6167e-05, 0.000956288, 0.866115, 0.00124164, -0.588601, 0.00120973
171.957, 0.836887, -175.2, 0.877398, -175.206, 0.880915, -175.436, -4.6167e-05, -4.6167e-05, -4.6167e-05, 0.000956288, 0.866115, 0.00124155, -0.588601, 0.00120965
172.001, 0.836887, -175.243, 0.877398, -175.248, 0.880915, -175.479, -4.6167e-05, -4.6167e-05, -4.6167e-05, 0.000956288, 0.866115, 0.00124158, -0.588601, 0.00120958
172.001, 0.836887, -175.243, 0.877398, -175.248, 0.880915, -175.479, -4.6167e-05, -4.6167e-05, -4.6167e-05, 0.000974754, 0.866115, 0.00124158, -0.588601, 0.00120958
172.051, 0.836887, -175.293, 0.877398, -175.298, 0.880915, -175.528, -4.6167e-05, -4.6167e-05, -4.6167e-05, 0.000974754, 0.866115, 0.00124162, -0.588601, 0.00120993
172.101, 0.836887, -175.343, 0.877398, -175.348, 0.880915, -175.578, -4.6167e-05, -4.6167e-05, -4.6167e-05, 0.000974754, 0.866115, 0.00124159, -0.588601, 0.00121026
172.152, 0.836887, -175.392, 0.877398, -175.398, 0.880915, -175.628, -4.56847e-05, -4.56847e-05, -4.56847e-05, 0.000974754, 0.866115, 0.00124163, -0.588601, 0.00121056
172.202, 0.836887, -175.442, 0.877398, -175.447, 0.880915, -175.677, -4.55346e-05, -4.55346e-05, -4.55346e-05, 0.000974754, 0.866115, 0.00124162, -0.588601, 0.00121084
172.252, 0.836887, -175.491, 0.877398, -175.496, 0.880915, -175.726, -4.55346e-05, -4.55346e-05, -4.55346e-05, 0.000974754, 0.866115, 0.00124159, -0.588601, 0.00121109
172.303, 0.836887, -175.54, 0.877398, -175.545, 0.880915, -175.776, -4.55346e-05, -4.55346e-05, -4.55346e-05, 0.000974754, 0.866115, 0.00124162, -0.588601, 0.00121132
172.353, 0.836889, -175.589, 0.8774, -175.595, 0.880917, -175.825, -4.55346e-05, -4.55346e-05, -4.55346e-05, 0.000974754, 0.866115, 0.00124163, -0.588604, 0.00121153
172.403, 0.836892, -175.638, 0.877404, -175.644, 0.88092, -175.874, -4.55346e-05, -4.55346e-05, -4.55346e-05, 0.000974754, 0.866115, 0.00124157, -0.588608, 0.00121172
172.454, 0.836895, -175.687, 0.877407, -175.693, 0.880924, -175.923, -4.49037e-05, -4.49037e-05, -4.49037e-05, 0.000974754, 0.866115, 0.00124168, -0.588613, 0.00121189
172.504, 0.836899, -175.736, 0.877411, -175.741, 0.880927, -175.971, -4.49022e-05, -4.49022e-05, -4.49022e-05, 0.000974754, 0.866115, 0.00124165, -0.588618, 0.00121204
172.555, 0.836902, -175.784, 0.877414, -175.79, 0.88093, -176.02, -4.49022e-05, -4.49022e-05, -4.49022e-05, 0.000974754, 0.866115, 0.00124167, -0.588622, 0.00121217
172.605, 0.836905, -175.833, 0.877417, -175.838, 0.880934, -176.068, -4.49021e-05, -4.49021e-05, -4.49021e-05, 0.000974754, 0.866115, 0.00124171, -0.588627, 0.00121228
172.655, 0.836908, -175.881, 0.877421, -175.887, 0.880938, -176.117, -4.49022e-05, -4.49022e-05, -4.49022e-05, 0.000974754, 0.866115, 0.00124171, -0.588632, 0.00121237
172.706, 0.836912, -175.93, 0.877424, -175.935, 0.880941, -176.165, -4.49022e-05, -4.49022e-05, -4.49022e-05, 0.000974754, 0.866115, 0.00124167, -0.588636, 0.00121244
172.756, 0.836913, -175.978, 0.877426, -175.983, 0.880943, -176.213, -4.42698e-05, -4.42698e-05, -4.42698e-05, 0.000974754, 0.866115, 0.00124171, -0.588638, 0.0012125
172.806, 0.836913, -176.025, 0.877426, -176.031, 0.880943, -176.261, -4.42697e-05, -4.42697e-05, -4.42697e-05, 0.000974754, 0.866115, 0.00124169, -0.588638, 0.00121255
172.857, 0.836913, -176.073, 0.877426, -176.079, 0.880943, -176.309, -4.42697e-05, -4.42697e-05, -4.42697e-05, 0.000974754, 0.866115, 0.00124168, -0.588638, 0.00121257
172.907, 0.836913, -176.121, 0.877426, -176.127, 0.880943, -176.357, -4.42697e-05, -4.42697e-05, -4.42697e-05, 0.000974754, 0.866115, 0.00124172, -0.588639, 0.00121259
172.957, 0.836913, -176.169, 0.877426, -176.174, 0.880943, -176.404, -4.42697e-05, -4.42697e-05, -4.42697e-05, 0.000974754, 0.866115, 0.00124169, -0.588639, 0.00121258
173.001, 0.836913, -176.21, 0.877426, -176.215, 0.880943, -176.446, -4.42697e-05, -4.42697e-05, -4.42697e-05, 0.000974754, 0.866115, 0.00124167, -0.588638, 0.00121257
173.001, 0.836913, -176.21, 0.877426, -176.215, 0.880943, -176.446, -4.42697e-05, -4.42697e-05, -4.42697e-05, 0.000992462, 0.866115, 0.00124167, -0.588638, 0.00121257
173.051, 0.836913, -176.257, 0.877426, -176.263, 0.880943, -176.493, -4.36373e-05, -4.36373e-05, -4.36373e-05, 0.000992462, 0.866115, 0.00124172, -0.588639, 0.00121298
173.101, 0.836913, -176.304, 0.877426, -176.31, 0.880943, -176.54, -4.36373e-05, -4.36373e-05, -4.36373e-05, 0.000992462, 0.866115, 0.00124172, -0.588639, 0.00121336
173.152, 0.836913, -176.351, 0.877426, -176.357, 0.880943, -176.587, -4.36373e-05, -4.36373e-05, -4.36373e-05, 0.000992462, 0.866115, 0.00124169, -0.588639, 0.00121371
173.202, 0.836914, -176.399, 0.877427, -176.404, 0.880944, -176.634, -4.36373e-05, -4.36373e-05, -4.36373e-05, 0.000992462, 0.866115, 0.00124172, -0.58864, 0.00121404
173.252, 0.836918, -176.446, 0.87743, -176.451, 0.880947, -176.681, -4.36373e-05, -4.36373e-05, -4.36373e-05, 0.000992462, 0.866115, 0.0012417, -0.588644, 0.00121435
173.303, 0.836921, -176.493, 0.877434, -176.498, 0.880951, -176.728, -4.34792e-05, -4.34792e-05, -4.34792e-05, 0.000992462, 0.866115, 0.00124173, -0.588649, 0.00121463
173.353, 0.836923, -176.539, 0.877436, -176.545, 0.880953, -176.775, -4.30049e-05, -4.30049e-05, -4.30049e-05, 0.000992462, 0.866115, 0.00124172, -0.588652, 0.0012149
173.403, 0.836923, -176.586, 0.877436, -176.591, 0.880953, -176.821, -4.30049e-05, -4.30049e-05, -4.30049e-05, 0.000992462, 0.866115, 0.00124173, -0.588652, 0.00121514
173.454, 0.836923, -176.632, 0.877436, -176.638, 0.880953, -176.868, -4.30049e-05, -4.30049e-05, -4.30049e-05, 0.000992462, 0.866115, 0.0012417, -0.588652, 0.00121536
173.504, 0.836923, -176.679, 0.877436, -176.684, 0.880953, -176.914, -4.30049e-05, -4.30049e-05, -4.30049e-05, 0.000992462, 0.866115, 0.0012417, -0.588652, 0.00121556
173.555, 0.836923, -176.725, 0.877436, -176.731, 0.880953, -176.961, -4.30049e-05, -4.30049e-05, -4.30049e-05, 0.000992462, 0.866115, 0.00124172, -0.588652, 0.00121574
173.605, 0.836923, -176.771, 0.877436, -176.777, 0.880953, -177.007, -4.23772e-05, -4.23772e-05, -4.23772e-05, 0.000992462, 0.866115, 0.00124173, -0.588652, 0.0012159
173.655, 0.836923, -176.817, 0.877436, -176.823, 0.880953, -177.053, -4.23725e-05, -4.23725e-05, -4.23725e-05, 0.000992462, 0.866115, 0.0012417, -0.588652, 0.00121605
173.706, 0.836923, -176.863, 0.877436, -176.868, 0.880953, -177.098, -4.23725e-05, -4.23725e-05, -4.23725e-05, 0.000992462, 0.866115, 0.00124175, -0.588652, 0.00121617
173.756, 0.836923, -176.908, 0.877436, -176.914, 0.880953, -177.144, -4.23723e-05, -4.23723e-05, -4.23723e-05, 0.000992462, 0.866115, 0.00124171, -0.588652, 0.00121628
173.806, 0.836923, -176.954, 0.877436, -176.96, 0.880953, -177.19, -4.23725e-05, -4.23725e-05, -4.23725e-05, 0.000992462, 0.866115, 0.00124172, -0.588652, 0.00121638
173.857, 0.836925, -177, 0.877438, -177.006, 0.880955, -177.236, -4.23725e-05, -4.23725e-05, -4.23725e-05, 0.000992462, 0.866115, 0.00124175, -0.588655, 0.00121645
173.907, 0.836928, -177.045, 0.877442, -177.051, 0.880958, -177.281, -4.17401e-05, -4.17401e-05, -4.17401e-05, 0.000992462, 0.866115, 0.00124172, -0.588659, 0.00121651
173.957, 0.836932, -177.09, 0.877445, -177.096, 0.880962, -177.326, -4.174e-05, -4.174e-05, -4.174e-05, 0.000992462, 0.866115, 0.00124173, -0.588664, 0.00121656
174.001, 0.836932, -177.129, 0.877446, -177.135, 0.880963, -177.365, -4.174e-05, -4.174e-05, -4.174e-05, 0.000992462, 0.866115, 0.00124178, -0.588665, 0.00121659
174.001, 0.836932, -177.129, 0.877446, -177.135, 0.880963, -177.365, -4.174e-05, -4.174e-05, -4.174e-05, 0.00100916, 0.866115, 0.00124178, -0.588665, 0.00121659
174.051, 0.836932, -177.174, 0.877446, -177.18, 0.880963, -177.41, -4.174e-05, -4.174e-05, -4.174e-05, 0.00100916, 0.866115, 0.00124172, -0.588665, 0.00121702
174.101, 0.836932, -177.219, 0.877446, -177.225, 0.880963, -177.455, -4.174e-05, -4.174e-05, -4.174e-05, 0.00100916, 0.866115, 0.00124174, -0.588665, 0.00121742
174.152, 0.836932, -177.264, 0.877446, -177.27, 0.880963, -177.5, -4.174e-05, -4.174e-05, -4.174e-05, 0.00100916, 0.866115, 0.00124175, -0.588665, 0.0012178
174.202, 0.836932, -177.309, 0.877446, -177.315, 0.880963, -177.545, -4.11076e-05, -4.11076e-05, -4.11076e-05, 0.00100916, 0.866115, 0.00124175, -0.588665, 0.00121815
174.252, 0.836932, -177.353, 0.877446, -177.359, 0.880963, -177.589, -4.11076e-05, -4.11076e-05, -4.11076e-05, 0.00100916, 0.866115, 0.00124173, -0.588665, 0.00121848
174.303, 0.836932, -177.398, 0.877446, -177.403, 0.880963, -177.633, -4.11076e-05, -4.11076e-05, -4.11076e-05, 0.00100916, 0.866115, 0.00124173, -0.588665, 0.00121879
174.353, 0.836932, -177.442, 0.877446, -177.448, 0.880963, -177.678, -4.11076e-05, -4.11076e-05, -4.11076e-05, 0.00100916, 0.866115, 0.00124174, -0.588665, 0.00121908
174.404, 0.836932, -177.487, 0.877446, -177.492, 0.880963, -177.722, -4.11076e-05, -4.11076e-05, -4.11076e-05, 0.00100916, 0.866115, 0.00124174, -0.588665, 0.00121934
174.454, 0.836932, -177.531, 0.877446, -177.536, 0.880963, -177.767, -4.06253e-05, -4.06253e-05, -4.06253e-05, 0.00100916, 0.866115, 0.00124175, -0.588665, 0.00121958
174.504, 0.836932, -177.575, 0.877446, -177.58, 0.880963, -177.81, -4.04752e-05, -4.04752e-05, -4.04752e-05, 0.00100916, 0.866115, 0.00124175, -0.588665, 0.00121981
174.555, 0.836932, -177.618, 0.877446, -177.624, 0.880963, -177.854, -4.04752e-05, -4.04752e-05, -4.04752e-05, 0.00100916, 0.866115, 0.00124173, -0.588665, 0.00122001
174.605, 0.836934, -177.662, 0.877448, -177.668, 0.880965, -177.898, -4.04752e-05, -4.04752e-05, -4.04752e-05, 0.00100916, 0.866115, 0.00124176, -0.588668, 0.0012202
174.655, 0.836938, -177.706, 0.877451, -177.711, 0.880968, -177.941, -4.04752e-05, -4.04752e-05, -4.04752e-05, 0.00100916, 0.866115, 0.00124175, -0.588672, 0.00122037
174.706, 0.83694, -177.749, 0.877454, -177.755, 0.880971, -177.985, -4.04752e-05, -4.04752e-05, -4.04752e-05, 0.00100916, 0.866115, 0.00124181, -0.588677, 0.00122051
174.756, 0.836941, -177.793, 0.877455, -177.798, 0.880971, -178.028, -3.98432e-05, -3.98432e-05, -3.98432e-05, 0.00100916, 0.866115, 0.00124177, -0.588677, 0.00122064
174.806, 0.836941, -177.836, 0.877455, -177.841, 0.880971, -178.071, -3.98428e-05, -3.98428e-05, -3.98428e-05, 0.00100916, 0.866115, 0.00124176, -0.588677, 0.00122076
174.857, 0.836941, -177.879, 0.877455, -177.884, 0.880972, -178.115, -3.98428e-05, -3.98428e-05, -3.98428e-05, 0.00100916, 0.866115, 0.00124177, -0.588677, 0.00122086
174.907, 0.836941, -177.922, 0.877455, -177.927, 0.880972, -178.158, -3.98428e-05, -3.98428e-05, -3.98428e-05, 0.00100916, 0.866115, 0.00124176, -0.588676, 0.00122094
174.957, 0.836941, -177.965, 0.877455, -177.97, 0.880971, -178.201, -3.98428e-05, -3.98428e-05, -3.98428e-05, 0.00100916, 0.866115, 0.00124179, -0.588677, 0.00122101
175.001, 0.836941, -178.002, 0.877455, -178.007, 0.880971, -178.238, -3.98428e-05, -3.98428e-05, -3.98428e-05, 0.00100916, 0.866115, 0.00124178, -0.588677, 0.00122105
175.001, 0.836941, -178.002, 0.877455, -178.007, 0.880971, -178.238, -3.98428e-05, -3.98428e-05, -3.98428e-05, 0.0010251, 0.866115, 0.00124178, -0.588677, 0.00122105
175.051, 0.836941, -178.044, 0.877455, -178.05, 0.880971, -178.28, -3.92104e-05, -3.92104e-05, -3.92104e-05, 0.0010251, 0.866115, 0.00124179, -0.588677, 0.00122148
175.101, 0.836941, -178.087, 0.877455, -178.092, 0.880972, -178.322, -3.92104e-05, -3.92104e-05, -3.92104e-05, 0.0010251, 0.866115, 0.00124177, -0.588677, 0.00122189
175.152, 0.836941, -178.129, 0.877455, -178.135, 0.880972, -178.365, -3.92104e-05, -3.92104e-05, -3.92104e-05, 0.0010251, 0.866115, 0.00124178, -0.588677, 0.00122227
175.202, 0.836941, -178.171, 0.877455, -178.177, 0.880972, -178.407, -3.92104e-05, -3.92104e-05, -3.92104e-05, 0.0010251, 0.866115, 0.00124176, -0.588677, 0.00122263
175.252, 0.836941, -178.214, 0.877455, -178.219, 0.880971, -178.449, -3.92104e-05, -3.92104e-05, -3.92104e-05, 0.0010251, 0.866115, 0.00124176, -0.588677, 0.00122296
175.303, 0.836941, -178.256, 0.877455, -178.262, 0.880972, -178.492, -3.86623e-05, -3.86623e-05, -3.86623e-05, 0.0010251, 0.866115, 0.00124176, -0.588678, 0.00122327
175.353, 0.836945, -178.298, 0.877459, -178.303, 0.880976, -178.533, -3.85779e-05, -3.85779e-05, -3.85779e-05, 0.0010251, 0.866115, 0.00124179, -0.588682, 0.00122356
175.404, 0.836946, -178.339, 0.87746, -178.345, 0.880977, -178.575, -3.85779e-05, -3.85779e-05, -3.85779e-05, 0.0010251, 0.866115, 0.00124179, -0.588684, 0.00122383
175.454, 0.836946, -178.381, 0.87746, -178.387, 0.880977, -178.617, -3.85773e-05, -3.85773e-05, -3.85773e-05, 0.0010251, 0.866115, 0.0012418, -0.588684, 0.00122408
175.504, 0.836946, -178.423, 0.87746, -178.428, 0.880977, -178.658, -3.85779e-05, -3.85779e-05, -3.85779e-05, 0.0010251, 0.866115, 0.00124178, -0.588683, 0.00122431
175.555, 0.836946, -178.464, 0.87746, -178.47, 0.880977, -178.7, -3.85779e-05, -3.85779e-05, -3.85779e-05, 0.0010251, 0.866115, 0.0012418, -0.588684, 0.00122452
175.605, 0.836946, -178.506, 0.87746, -178.511, 0.880976, -178.741, -3.79456e-05, -3.79456e-05, -3.79456e-05, 0.0010251, 0.866115, 0.00124179, -0.588683, 0.00122471
175.655, 0.836946, -178.547, 0.87746, -178.552, 0.880977, -178.782, -3.79455e-05, -3.79455e-05, -3.79455e-05, 0.0010251, 0.866115, 0.00124179, -0.588684, 0.00122487
175.706, 0.836946, -178.587, 0.87746, -178.593, 0.880977, -178.823, -3.79455e-05, -3.79455e-05, -3.79455e-05, 0.0010251, 0.866115, 0.00124178, -0.588683, 0.00122503
175.756, 0.836946, -178.628, 0.87746, -178.634, 0.880977, -178.864, -3.79455e-05, -3.79455e-05, -3.79455e-05, 0.0010251, 0.866115, 0.00124178, -0.588683, 0.00122516
175.806, 0.836946, -178.669, 0.87746, -178.675, 0.880977, -178.905, -3.79455e-05, -3.79455e-05, -3.79455e-05, 0.0010251, 0.866115, 0.00124179, -0.588684, 0.00122528
175.857, 0.836948, -178.71, 0.877463, -178.716, 0.880979, -178.946, -3.73764e-05, -3.73764e-05, -3.73764e-05, 0.0010251, 0.866115, 0.00124179, -0.588687, 0.00122538
175.907, 0.83695, -178.751, 0.877464, -178.756, 0.880981, -178.986, -3.73131e-05, -3.73131e-05, -3.73131e-05, 0.0010251, 0.866115, 0.00124179, -0.58869, 0.00122547
175.957, 0.83695, -178.791, 0.877464, -178.797, 0.880981, -179.027, -3.73131e-05, -3.73131e-05, -3.73131e-05, 0.0010251, 0.866115, 0.00124181, -0.58869, 0.00122554
176.001, 0.83695, -178.826, 0.877464, -178.831, 0.880981, -179.061, -3.73081e-05, -3.73081e-05, -3.73081e-05, 0.0010251, 0.866115, 0.0012418, -0.58869, 0.00122559
176.001, 0.83695, -178.826, 0.877464, -178.831, 0.880981, -179.061, -3.73081e-05, -3.73081e-05, -3.73081e-05, 0.00104002, 0.866115, 0.0012418, -0.58869, 0.00122559
176.051, 0.83695, -178.866, 0.877464, -178.871, 0.880981, -179.102, -3.73131e-05, -3.73131e-05, -3.73131e-05, 0.00104002, 0.866115, 0.00124179, -0.58869, 0.001226
176.101, 0.83695, -178.906, 0.877464, -178.912, 0.880981, -179.142, -3.73131e-05, -3.73131e-05, -3.73131e-05, 0.00104002, 0.866115, 0.0012418, -0.58869, 0.00122638
176.152, 0.83695, -178.946, 0.877464, -178.952, 0.880981, -179.182, -3.66813e-05, -3.66813e-05, -3.66813e-05, 0.00104002, 0.866115, 0.0012418, -0.58869, 0.00122674
176.202, 0.83695, -178.986, 0.877464, -178.991, 0.880981, -179.221, -3.66807e-05, -3.66807e-05, -3.66807e-05, 0.00104002, 0.866115, 0.0012418, -0.58869, 0.00122708
176.253, 0.83695, -179.025, 0.877464, -179.031, 0.880981, -179.261, -3.66807e-05, -3.66807e-05, -3.66807e-05, 0.00104002, 0.866115, 0.0012418, -0.58869, 0.0012274
176.303, 0.83695, -179.065, 0.877464, -179.071, 0.880981, -179.301, -3.66807e-05, -3.66807e-05, -3.66807e-05, 0.00104002, 0.866115, 0.00124181, -0.588689, 0.00122769
176.353, 0.83695, -179.105, 0.877464, -179.11, 0.880981, -179.34, -3.66807e-05, -3.66807e-05, -3.66807e-05, 0.00104002, 0.866115, 0.00124181, -0.58869, 0.00122796
176.404, 0.836951, -179.144, 0.877466, -179.15, 0.880983, -179.38, -3.6404e-05, -3.6404e-05, -3.6404e-05, 0.00104002, 0.866115, 0.00124181, -0.588692, 0.00122821
176.454, 0.836952, -179.183, 0.877466, -179.189, 0.880983, -179.419, -3.60482e-05, -3.60482e-05, -3.60482e-05, 0.00104002, 0.866115, 0.00124181, -0.588693, 0.00122844
176.504, 0.836952, -179.222, 0.877466, -179.228, 0.880983, -179.458, -3.60482e-05, -3.60482e-05, -3.60482e-05, 0.00104002, 0.866115, 0.0012418, -0.588692, 0.00122865
176.555, 0.836952, -179.261, 0.877466, -179.267, 0.880983, -179.497, -3.60466e-05, -3.60466e-05, -3.60466e-05, 0.00104002, 0.866115, 0.0012418, -0.588692, 0.00122884
176.605, 0.836952, -179.3, 0.877466, -179.305, 0.880983, -179.536, -3.60482e-05, -3.60482e-05, -3.60482e-05, 0.00104002, 0.866115, 0.00124181, -0.588693, 0.00122901
176.655, 0.836953, -179.339, 0.877467, -179.344, 0.880984, -179.574, -3.60482e-05, -3.60482e-05, -3.60482e-05, 0.00104002, 0.866115, 0.00124182, -0.588694, 0.00122916
176.706, 0.836953, -179.377, 0.877467, -179.383, 0.880984, -179.613, -3.54159e-05, -3.54159e-05, -3.54159e-05, 0.00104002, 0.866115, 0.00124182, -0.588695, 0.0012293
176.756, 0.836953, -179.416, 0.877468, -179.421, 0.880984, -179.651, -3.54158e-05, -3.54158e-05, -3.54158e-05, 0.00104002, 0.866115, 0.00124181, -0.588694, 0.00122942
176.806, 0.836953, -179.454, 0.877468, -179.459, 0.880985, -179.689, -3.54158e-05, -3.54158e-05, -3.54158e-05, 0.00104002, 0.866115, 0.00124181, -0.588695, 0.00122952
176.857, 0.836954, -179.492, 0.877468, -179.498, 0.880985, -179.728, -3.54158e-05, -3.54158e-05, -3.54158e-05, 0.00104002, 0.866115, 0.00124182, -0.588695, 0.00122961
176.907, 0.836954, -179.53, 0.877469, -179.536, 0.880986, -179.766, -3.54158e-05, -3.54158e-05, -3.54158e-05, 0.00104002, 0.866115, 0.00124182, -0.588696, 0.00122968
176.957, 0.836955, -179.568, 0.877469, -179.574, 0.880986, -179.804, -3.4819e-05, -3.4819e-05, -3.4819e-05, 0.00104002, 0.866115, 0.00124182, -0.588697, 0.00122974
177.001, 0.836955, -179.601, 0.877469, -179.606, 0.880986, -179.836, -3.47834e-05, -3.47834e-05, -3.47834e-05, 0.00104002, 0.866115, 0.00124182, -0.588696, 0.00122977
177.001, 0.836955, -179.601, 0.877469, -179.606, 0.880986, -179.836, -3.47834e-05, -3.47834e-05, -3.47834e-05, 0.00105393, 0.866115, 0.00124182, -0.588696, 0.00122978
177.051, 0.836955, -179.638, 0.877469, -179.644, 0.880986, -179.874, -3.47834e-05, -3.47834e-05, -3.47834e-05, 0.00105393, 0.866115, 0.00124182, -0.588697, 0.00123015
177.101, 0.836955, -179.676, 0.87747, -179.681, 0.880987, -179.911, -3.47813e-05, -3.47813e-05, -3.47813e-05, 0.00105393, 0.866115, 0.00124182, -0.588697, 0.00123049
177.152, 0.836955, -179.713, 0.87747, -179.719, 0.880987, -179.949, -3.47834e-05, -3.47834e-05, -3.47834e-05, 0.00105393, 0.866115, 0.00124182, -0.588697, 0.00123082
177.202, 0.836955, -179.751, 0.87747, -179.757, 0.880987, -179.987, -3.47834e-05, -3.47834e-05, -3.47834e-05, 0.00105393, 0.866115, 0.00124182, -0.588697, 0.00123112
177.253, 0.836955, -179.788, 0.87747, -179.794, 0.880987, -180.024, -3.41511e-05, -3.41511e-05, -3.41511e-05, 0.00105393, 0.866115, 0.00124182, -0.588698, 0.0012314
177.303, 0.836956, -179.825, 0.87747, -179.831, 0.880987, -180.061, -3.4151e-05, -3.4151e-05, -3.4151e-05, 0.00105393, 0.866115, 0.00124182, -0.588698, 0.00123165
177.353, 0.836956, -179.862, 0.87747, -179.867, 0.880987, -180.097, -3.4151e-05, -3.4151e-05, -3.4151e-05, 0.00105393, 0.866115, 0.00124182, -0.588698, 0.00123189
177.404, 0.836956, -179.899, 0.877471, -179.904, 0.880988, -180.134, -3.4151e-05, -3.4151e-05, -3.4151e-05, 0.00105393, 0.866115, 0.00124182, -0.588698, 0.00123211
177.454, 0.836956, -179.936, 0.877471, -179.941, 0.880988, -180.171, -3.4151e-05, -3.4151e-05, -3.4151e-05, 0.00105393, 0.866115, 0.00124182, -0.588699, 0.00123231
177.504, 0.836957, -179.972, 0.877471, -179.978, 0.880988, -180.208, -3.35541e-05, -3.35541e-05, -3.35541e-05, 0.00105393, 0.866115, 0.00124182, -0.588699, 0.00123249
177.555, 0.836957, -180.008, 0.877471, -180.014, 0.880988, -180.244, -3.35274e-05, -3.35194e-05, -3.35185e-05, 0.00105393, 0.866115, 0.00124182, -0.5887, 0.00123265
177.605, 0.836957, -180.045, 0.877472, -180.05, 0.880989, -180.28, -3.35185e-05, -3.35185e-05, -3.35185e-05, 0.00105393, 0.866115, 0.00124183, -0.5887, 0.00123279
177.655, 0.836957, -180.081, 0.877472, -180.086, 0.880989, -180.316, -3.35184e-05, -3.35184e-05, -3.35184e-05, 0.00105393, 0.866115, 0.00124183, -0.5887, 0.00123291
177.706, 0.836957, -180.117, 0.877472, -180.123, 0.880989, -180.353, -3.35185e-05, -3.35185e-05, -3.35185e-05, 0.00105393, 0.866115, 0.00124183, -0.5887, 0.00123302
177.756, 0.836958, -180.153, 0.877473, -180.159, 0.880989, -180.389, -3.35185e-05, -3.35185e-05, -3.35185e-05, 0.00105393, 0.866115, 0.00124183, -0.588701, 0.00123311
177.806, 0.836958, -180.189, 0.877473, -180.194, 0.880989, -180.425, -3.28861e-05, -3.28861e-05, -3.28861e-05, 0.00105393, 0.866115, 0.00124183, -0.5887, 0.00123319
177.857, 0.836958, -180.224, 0.877473, -180.23, 0.88099, -180.46, -3.28861e-05, -3.28861e-05, -3.28861e-05, 0.00105393, 0.866115, 0.00124183, -0.588701, 0.00123325
177.907, 0.836958, -180.26, 0.877473, -180.265, 0.88099, -180.496, -3.28861e-05, -3.28861e-05, -3.28861e-05, 0.00105393, 0.866115, 0.00124183, -0.588701, 0.00123329
177.958, 0.836958, -180.295, 0.877473, -180.301, 0.88099, -180.531, -3.28861e-05, -3.28861e-05, -3.28861e-05, 0.00105393, 0.866115, 0.00124183, -0.588702, 0.00123332
178.001, 0.836958, -180.326, 0.877473, -180.332, 0.88099, -180.562, -3.28861e-05, -3.28861e-05, -3.28861e-05, 0.00105393, 0.866115, 0.00124183, -0.588702, 0.00123334
178.001, 0.836958, -180.326, 0.877473, -180.332, 0.88099, -180.562, -3.28861e-05, -3.28861e-05, -3.28861e-05, 0.00106709, 0.866115, 0.00124183, -0.588702, 0.00123334
178.051, 0.836958, -180.361, 0.877473, -180.367, 0.88099, -180.597, -3.23012e-05, -3.23012e-05, -3.23012e-05, 0.00106709, 0.866115, 0.00124183, -0.588702, 0.00123367
178.102, 0.836959, -180.396, 0.877474, -180.402, 0.88099, -180.632, -3.22537e-05, -3.22537e-05, -3.22537e-05, 0.00106709, 0.866115, 0.00124183, -0.588702, 0.00123397
178.152, 0.836959, -180.431, 0.877474, -180.437, 0.880991, -180.667, -3.22537e-05, -3.22537e-05, -3.22537e-05, 0.00106709, 0.866115, 0.00124183, -0.588702, 0.00123425
178.202, 0.836959, -180.466, 0.877474, -180.471, 0.880991, -180.701, -3.22533e-05, -3.22533e-05, -3.22533e-05, 0.00106709, 0.866115, 0.00124183, -0.588703, 0.00123452
178.253, 0.836959, -180.501, 0.877474, -180.506, 0.880991, -180.736, -3.22537e-05, -3.22537e-05, -3.22537e-05, 0.00106709, 0.866115, 0.00124183, -0.588703, 0.00123475
178.303, 0.836959, -180.535, 0.877474, -180.541, 0.880991, -180.771, -3.22537e-05, -3.22537e-05, -3.22537e-05, 0.00106709, 0.866115, 0.00124183, -0.588703, 0.00123498
178.353, 0.836959, -180.57, 0.877474, -180.575, 0.880991, -180.805, -3.16213e-05, -3.16213e-05, -3.16213e-05, 0.00106709, 0.866115, 0.00124183, -0.588703, 0.00123518
178.404, 0.836959, -180.604, 0.877474, -180.61, 0.880991, -180.84, -3.16213e-05, -3.16213e-05, -3.16213e-05, 0.00106709, 0.866115, 0.00124183, -0.588703, 0.00123536
178.454, 0.836959, -180.638, 0.877474, -180.644, 0.880991, -180.874, -3.16213e-05, -3.16213e-05, -3.16213e-05, 0.00106709, 0.866115, 0.00124183, -0.588703, 0.00123552
178.504, 0.836959, -180.672, 0.877474, -180.678, 0.880991, -180.908, -3.16213e-05, -3.16213e-05, -3.16213e-05, 0.00106709, 0.866115, 0.00124183, -0.588703, 0.00123566
178.555, 0.836959, -180.706, 0.877474, -180.712, 0.880991, -180.942, -3.16213e-05, -3.16213e-05, -3.16213e-05, 0.00106709, 0.866115, 0.00124183, -0.588704, 0.00123579
178.605, 0.83696, -180.74, 0.877475, -180.746, 0.880991, -180.976, -3.10038e-05, -3.10038e-05, -3.10038e-05, 0.00106709, 0.866115, 0.00124183, -0.588703, 0.0012359
178.655, 0.83696, -180.774, 0.877475, -180.779, 0.880992, -181.01, -3.09888e-05, -3.09888e-05, -3.09888e-05, 0.00106709, 0.866115, 0.00124183, -0.588704, 0.00123599
178.706, 0.83696, -180.807, 0.877475, -180.813, 0.880992, -181.043, -3.09888e-05, -3.09888e-05, -3.09888e-05, 0.00106709, 0.866115, 0.00124184, -0.588704, 0.00123607
178.756, 0.83696, -180.841, 0.877475, -180.846, 0.880992, -181.076, -3.09887e-05, -3.09887e-05, -3.09887e-05, 0.00106709, 0.866115, 0.00124183, -0.588704, 0.00123613
178.806, 0.83696, -180.874, 0.877475, -180.88, 0.880992, -181.11, -3.09888e-05, -3.09888e-05, -3.09888e-05, 0.00106709, 0.866115, 0.00124183, -0.588705, 0.00123617
178.857, 0.83696, -180.908, 0.877475, -180.913, 0.880992, -181.143, -3.09888e-05, -3.09888e-05, -3.09888e-05, 0.00106709, 0.866115, 0.00124183, -0.588705, 0.0012362
178.907, 0.83696, -180.941, 0.877475, -180.946, 0.880992, -181.176, -3.03564e-05, -3.03564e-05, -3.03564e-05, 0.00106709, 0.866115, 0.00124184, -0.588704, 0.00123622
178.958, 0.83696, -180.973, 0.877475, -180.979, 0.880992, -181.209, -3.03564e-05, -3.03564e-05, -3.03564e-05, 0.00106709, 0.866115, 0.00124184, -0.588705, 0.00123622
179.001, 0.83696, -181.002, 0.877475, -181.007, 0.880992, -181.237, -3.03564e-05, -3.03564e-05, -3.03564e-05, 0.00106709, 0.866115, 0.00124184, -0.588704, 0.00123621
179.001, 0.83696, -181.002, 0.877475, -181.007, 0.880992, -181.237, -3.03564e-05, -3.03564e-05, -3.03564e-05, 0.00107923, 0.866115, 0.00124184, -0.588704, 0.00123621
179.051, 0.83696, -181.034, 0.877475, -181.04, 0.880992, -181.27, -3.03564e-05, -3.03564e-05, -3.03564e-05, 0.00107923, 0.866115, 0.00124183, -0.588705, 0.00123649
179.102, 0.83696, -181.067, 0.877475, -181.073, 0.880992, -181.303, -3.03564e-05, -3.03564e-05, -3.03564e-05, 0.00107923, 0.866115, 0.00124184, -0.588704, 0.00123674
179.152, 0.83696, -181.1, 0.877475, -181.106, 0.880992, -181.336, -3.01983e-05, -3.01983e-05, -3.01983e-05, 0.00107923, 0.866115, 0.00124183, -0.588705, 0.00123698
179.202, 0.83696, -181.132, 0.877475, -181.138, 0.880992, -181.368, -2.9724e-05, -2.9724e-05, -2.9724e-05, 0.00107923, 0.866115, 0.00124185, -0.588704, 0.00123719
179.253, 0.83696, -181.164, 0.877475, -181.17, 0.880992, -181.4, -2.9724e-05, -2.9724e-05, -2.9724e-05, 0.00107923, 0.866115, 0.00124184, -0.588705, 0.00123738
179.303, 0.83696, -181.196, 0.877475, -181.202, 0.880992, -181.432, -2.97151e-05, -2.97151e-05, -2.97151e-05, 0.00107923, 0.866115, 0.00124184, -0.588705, 0.00123755
179.353, 0.83696, -181.228, 0.877475, -181.234, 0.880992, -181.464, -2.9724e-05, -2.9724e-05, -2.9724e-05, 0.00107923, 0.866115, 0.00124182, -0.588705, 0.00123771
179.404, 0.83696, -181.26, 0.877475, -181.266, 0.880992, -181.496, -2.9724e-05, -2.9724e-05, -2.9724e-05, 0.00107923, 0.866115, 0.00124183, -0.588704, 0.00123785
179.454, 0.83696, -181.292, 0.877475, -181.298, 0.880992, -181.528, -2.9093e-05, -2.9093e-05, -2.9093e-05, 0.00107923, 0.866115, 0.00124183, -0.588705, 0.00123797
179.504, 0.83696, -181.324, 0.877475, -181.329, 0.880992, -181.559, -2.90915e-05, -2.90915e-05, -2.90915e-05, 0.00107923, 0.866115, 0.00124182, -0.588705, 0.00123807
179.555, 0.83696, -181.355, 0.877475, -181.361, 0.880992, -181.591, -2.90915e-05, -2.90915e-05, -2.90915e-05, 0.00107923, 0.866115, 0.00124184, -0.588705, 0.00123816
179.605, 0.83696, -181.387, 0.877475, -181.392, 0.880992, -181.622, -2.90915e-05, -2.90915e-05, -2.90915e-05, 0.00107923, 0.866115, 0.00124184, -0.588705, 0.00123823
179.655, 0.83696, -181.418, 0.877475, -181.424, 0.880992, -181.654, -2.90915e-05, -2.90915e-05, -2.90915e-05, 0.00107923, 0.866115, 0.00124184, -0.588704, 0.00123828
179.706, 0.836961, -181.449, 0.877476, -181.455, 0.880992, -181.685, -2.90915e-05, -2.90915e-05, -2.90915e-05, 0.00107923, 0.866115, 0.00124184, -0.588705, 0.00123832
179.756, 0.836961, -181.48, 0.877476, -181.486, 0.880993, -181.716, -2.84591e-05, -2.84591e-05, -2.84591e-05, 0.00107923, 0.866115, 0.00124183, -0.588705, 0.00123835
179.807, 0.836961, -181.511, 0.877476, -181.517, 0.880993, -181.747, -2.84591e-05, -2.84591e-05, -2.84591e-05, 0.00107923, 0.866115, 0.00124183, -0.588705, 0.00123836
179.857, 0.836961, -181.542, 0.877476, -181.547, 0.880993, -181.777, -2.84591e-05, -2.84591e-05, -2.84591e-05, 0.00107923, 0.866115, 0.00124183, -0.588705, 0.00123836
179.907, 0.836961, -181.572, 0.877476, -181.578, 0.880993, -181.808, -2.84591e-05, -2.84591e-05, -2.84591e-05, 0.00107923, 0.866115, 0.00124184, -0.588705, 0.00123834
179.958, 0.836961, -181.603, 0.877476, -181.609, 0.880992, -181.839, -2.84591e-05, -2.84591e-05, -2.84591e-05, 0.00107923, 0.866115, 0.00124185, -0.588704, 0.00123831
180.001, 0.836961, -181.63, 0.877476, -181.635, 0.880992, -181.865, -2.84591e-05, -2.84591e-05, -2.84591e-05, 0.00107923, 0.866115, 0.00124183, -0.588705, 0.00123828
180.001, 0.836359, -181.987, 0.876541, -182.172, 0.87955, -182.429, -2.84591e-05, -2.84591e-05, -2.84591e-05, 0.00107923, 0.866115, 0.0412227, -0.583382, 0.00123828
180.051, 0.836134, -182.438, 0.876305, -182.624, 0.879314, -182.88, -0.000352103, -0.000352138, -0.000352236, 0.00107923, 0.866115, 0.0412259, -0.583066, 0.00123823
180.102, 0.835933, -182.79, 0.876094, -182.976, 0.879101, -183.232, -0.000323151, -0.000323328, -0.000323297, 0.00107923, 0.866115, 0.0412254, -0.582783, 0.0012382
180.152, 0.83555, -183.165, 0.875692, -183.351, 0.878697, -183.608, -0.000371407, -0.000371564, -0.000371573, 0.00107923, 0.866115, 0.0412242, -0.582244, 0.00123828
180.202, 0.834905, -183.616, 0.875016, -183.802, 0.878018, -184.059, -0.000451867, -0.000452217, -0.000452237, 0.00107923, 0.866115, 0.0412224, -0.581339, 0.0012386
180.253, 0.83401, -184.163, 0.874077, -184.349, 0.877075, -184.606, -0.000545201, -0.000545644, -0.000545632, 0.00107923, 0.866115, 0.0412198, -0.580083, 0.00123932
180.303, 0.832931, -184.814, 0.872946, -185.001, 0.875938, -185.258, -0.000643715, -0.000644264, -0.000644279, 0.00107923, 0.866115, 0.0412166, -0.578571, 0.00124064
180.353, 0.83176, -185.573, 0.871717, -185.761, 0.874704, -186.018, -0.000743728, -0.000744327, -0.000744418, 0.00107923, 0.866115, 0.0412132, -0.576932, 0.00124276
180.404, 0.830583, -186.441, 0.870483, -186.629, 0.873464, -186.886, -0.000844481, -0.000845065, -0.000845052, 0.00107923, 0.866115, 0.0412097, -0.575288, 0.00124592
180.454, 0.829466, -187.417, 0.869312, -187.606, 0.872288, -187.863, -0.000945027, -0.000945537, -0.000945608, 0.00107923, 0.866115, 0.0412065, -0.573729, 0.00125036
180.504, 0.828445, -188.502, 0.868241, -188.691, 0.871212, -188.948, -0.00104517, -0.00104564, -0.00104556, 0.00107923, 0.866115, 0.0412036, -0.572306, 0.00125633
180.555, 0.827526, -189.694, 0.867277, -189.883, 0.870244, -190.141, -0.00114477, -0.00114522, -0.00114522, 0.00107923, 0.866115, 0.0412008, -0.571028, 0.00126407
180.605, 0.826694, -190.994, 0.866405, -191.183, 0.869368, -191.441, -0.00124417, -0.00124446, -0.00124449, 0.00107923, 0.866115, 0.0411985, -0.569871, 0.00127385
180.655, 0.825922, -192.4, 0.865594, -192.591, 0.868553, -192.848, -0.00134315, -0.00134344, -0.00134348, 0.00107923, 0.866115, 0.0411961, -0.568797, 0.0012859
180.706, 0.825175, -193.914, 0.864811, -194.104, 0.867767, -194.362, -0.00144173, -0.00144212, -0.00144206, 0.00107923, 0.866115, 0.041194, -0.567761, 0.00130048
180.756, 0.824424, -195.534, 0.864024, -195.724, 0.866976, -195.982, -0.00153992, -0.00154035, -0.00154036, 0.00107923, 0.866115, 0.0411919, -0.56672, 0.00131781
180.807, 0.823645, -197.259, 0.863207, -197.45, 0.866155, -197.708, -0.00163747, -0.00163783, -0.00163785, 0.00107923, 0.866115, 0.0411896, -0.56564, 0.00133813
180.857, 0.822822, -199.09, 0.862343, -199.281, 0.865287, -199.539, -0.00173501, -0.0017353, -0.00173536, 0.00107923, 0.866115, 0.0411872, -0.564501, 0.00136165
180.907, 0.821947, -201.025, 0.861426, -201.217, 0.864365, -201.475, -0.00183198, -0.00183233, -0.00183234, 0.00107923, 0.866115, 0.0411848, -0.563291, 0.00138859
180.958, 0.821019, -203.065, 0.860452, -203.258, 0.863388, -203.515, -0.0019283, -0.00192866, -0.00192877, 0.00107923, 0.866115, 0.0411821, -0.562009, 0.00141915
181.001, 0.820181, -204.902, 0.859574, -205.095, 0.862505, -205.353, -0.00201057, -0.00201099, -0.00201104, 0.00107923, 0.866115, 0.0411797, -0.560853, 0.00144845
181.001, 0.820181, -204.902, 0.859574, -205.095, 0.862505, -205.353, -0.00201057, -0.00201099, -0.00201104, 0.00107923, 0.866115, 0.04118, -0.560854, 0.00144849
181.051, 0.819167, -207.135, 0.85851, -207.328, 0.861437, -207.586, -0.00210613, -0.00210642, -0.00210664, 0.00107923, 0.866115, 0.0411768, -0.559456, 0.00148621
181.102, 0.818118, -209.47, 0.85741, -209.664, 0.860331, -209.922, -0.00220107, -0.00220153, -0.00220156, 0.00107923, 0.866115, 0.0411739, -0.558012, 0.00152808
181.152, 0.817041, -211.907, 0.856281, -212.102, 0.859197, -212.36, -0.00229542, -0.00229595, -0.00229587, 0.00107923, 0.866115, 0.0411706, -0.556532, 0.00157422
181.202, 0.815945, -214.446, 0.855131, -214.641, 0.858042, -214.899, -0.00238927, -0.00238962, -0.00238973, 0.00107923, 0.866115, 0.0411675, -0.555027, 0.00162477
181.253, 0.814836, -217.086, 0.853968, -217.281, 0.856873, -217.54, -0.00248267, -0.00248312, -0.00248322, 0.00107923, 0.866115, 0.0411644, -0.553507, 0.00167984
181.303, 0.813719, -219.826, 0.852796, -220.022, 0.855696, -220.28, -0.00257519, -0.00257574, -0.00257579, 0.00107923, 0.866115, 0.041161, -0.551978, 0.00173956
181.353, 0.8126, -222.666, 0.851623, -222.863, 0.854517, -223.121, -0.00266729, -0.00266781, -0.00266787, 0.00107923, 0.866115, 0.0411582, -0.550448, 0.00180403
181.404, 0.811482, -225.606, 0.85045, -225.802, 0.853339, -226.061, -0.00275889, -0.00275948, -0.00275944, 0.00107923, 0.866115, 0.041155, -0.548922, 0.00187334
181.454, 0.810368, -228.643, 0.849282, -228.841, 0.852166, -229.099, -0.00284988, -0.00285043, -0.00285041, 0.00107923, 0.866115, 0.0411519, -0.547403, 0.00194757
181.504, 0.809262, -231.779, 0.848122, -231.977, 0.851, -232.235, -0.00294037, -0.00294083, -0.00294086, 0.00107923, 0.866115, 0.0411488, -0.545897, 0.00202679
181.555, 0.808167, -235.011, 0.846973, -235.21, 0.849846, -235.468, -0.00303029, -0.00303071, -0.00303079, 0.00107923, 0.866115, 0.0411456, -0.544408, 0.00211106
181.605, 0.807086, -238.341, 0.845839, -238.54, 0.848707, -238.798, -0.00311902, -0.00311956, -0.00311961, 0.00107923, 0.866115, 0.0411426, -0.54294, 0.00220041
181.656, 0.806021, -241.766, 0.844723, -241.965, 0.847585, -242.224, -0.00320757, -0.00320809, -0.00320817, 0.00107923, 0.866115, 0.0411395, -0.541496, 0.0022949
181.706, 0.804977, -245.286, 0.843627, -245.486, 0.846485, -245.745, -0.00329551, -0.00329596, -0.00329598, 0.00107923, 0.866115, 0.0411364, -0.540082, 0.00239454
181.756, 0.803956, -248.901, 0.842556, -249.101, 0.845409, -249.36, -0.00338283, -0.0033833, -0.00338341, 0.00107923, 0.866115, 0.0411337, -0.538701, 0.00249936
181.807, 0.802961, -252.61, 0.841513, -252.81, 0.844361, -253.069, -0.0034692, -0.00346968, -0.00346974, 0.00107923, 0.866115, 0.0411309, -0.537357, 0.00260936
181.857, 0.801996, -256.411, 0.840501, -256.612, 0.843344, -256.872, -0.00355511, -0.00355557, -0.00355561, 0.00107923, 0.866115, 0.0411281, -0.536056, 0.00272454
181.907, 0.801064, -260.305, 0.839523, -260.507, 0.842362, -260.766, -0.00364059, -0.00364097, -0.00364102, 0.00107923, 0.866115, 0.0411255, -0.534798, 0.00284491
181.958, 0.800166, -264.29, 0.838582, -264.493, 0.841416, -264.752, -0.00372446, -0.00372483, -0.00372493, 0.00107923, 0.866115, 0.041123, -0.533591, 0.00297043
182.001, 0.799425, -267.791, 0.837805, -267.993, 0.840636, -268.252, -0.00379723, -0.00379766, -0.00379768, 0.00107923, 0.866115, 0.0411209, -0.532594, 0.00308249
182.001, 0.799425, -267.791, 0.837805, -267.993, 0.840636, -268.252, -0.00379723, -0.00379766, -0.00379768, 0.00107923, 0.866115, 0.0411215, -0.532594, 0.00308275
182.051, 0.798601, -271.944, 0.836941, -272.147, 0.839767, -272.407, -0.00388014, -0.0038805, -0.00388053, 0.00107923, 0.866115, 0.0411186, -0.531487, 0.00321756
182.102, 0.79782, -276.187, 0.836121, -276.391, 0.838944, -276.65, -0.00396254, -0.0039629, -0.00396298, 0.00107923, 0.866115, 0.0411164, -0.530439, 0.0033577
182.152, 0.797084, -280.519, 0.83535, -280.723, 0.838169, -280.982, -0.00404432, -0.00404468, -0.00404475, 0.00107923, 0.866115, 0.0411144, -0.529452, 0.00350289
182.202, 0.796395, -284.939, 0.834627, -285.143, 0.837443, -285.402, -0.00412532, -0.00412563, -0.00412567, 0.00107923, 0.866115, 0.0411125, -0.52853, 0.00365307
182.253, 0.795756, -289.445, 0.833956, -289.649, 0.836769, -289.909, -0.00420549, -0.00420579, -0.00420582, 0.00107923, 0.866115, 0.0411107, -0.527673, 0.00380819
182.303, 0.795166, -294.038, 0.833338, -294.242, 0.836148, -294.502, -0.00428496, -0.00428522, -0.0042853, 0.00107923, 0.866115, 0.0411089, -0.526885, 0.0039682
182.353, 0.79463, -298.716, 0.832775, -298.921, 0.835582, -299.18, -0.00436374, -0.00436394, -0.00436395, 0.00107923, 0.866115, 0.0411077, -0.526168, 0.00413303
182.404, 0.794146, -303.478, 0.832268, -303.683, 0.835073, -303.943, -0.00444158, -0.00444178, -0.00444185, 0.00107923, 0.866115, 0.0411061, -0.525522, 0.00430262
182.454, 0.793718, -308.324, 0.831819, -308.53, 0.834622, -308.789, -0.0045185, -0.00451865, -0.00451867, 0.00107923, 0.866115, 0.0411049, -0.524951, 0.00447689
182.504, 0.793346, -313.253, 0.831428, -313.459, 0.834229, -313.718, -0.00459506, -0.00459524, -0.00459527, 0.00107923, 0.866115, 0.0411039, -0.524454, 0.00465578
182.555, 0.79303, -318.264, 0.831097, -318.47, 0.833897, -318.729, -0.00467052, -0.00467069, -0.00467069, 0.00107923, 0.866115, 0.0411028, -0.524033, 0.0048392
182.605, 0.792771, -323.356, 0.830826, -323.561, 0.833624, -323.821, -0.00474533, -0.00474543, -0.00474547, 0.00107923, 0.866115, 0.0411024, -0.523688, 0.00502708
182.656, 0.79257, -328.528, 0.830615, -328.734, 0.833412, -328.993, -0.00481901, -0.00481908, -0.0048191, 0.00107923, 0.866115, 0.0411019, -0.52342, 0.00521932
182.706, 0.792427, -333.779, 0.830465, -333.985, 0.833262, -334.245, -0.00489192, -0.00489195, -0.00489199, 0.00107923, 0.866115, 0.0411014, -0.523229, 0.00541585
182.756, 0.792343, -339.109, 0.830376, -339.315, 0.833172, -339.574, -0.00496441, -0.00496445, -0.00496446, 0.00107923, 0.866115, 0.0411013, -0.523117, 0.00561658
182.807, 0.792316, -344.516, 0.830348, -344.722, 0.833144, -344.982, -0.00503584, -0.00503585, -0.00503586, 0.00107923, 0.866115, 0.041101, -0.523081, 0.0058214
182.857, 0.792347, -349.999, 0.830381, -350.206, 0.833177, -350.465, -0.00510653, -0.0051065, -0.00510649, 0.00107923, 0.866115, 0.0411011, -0.523123, 0.00603023
182.907, 0.792437, -355.559, 0.830475, -355.765, 0.833271, -356.025, -0.00517619, -0.00517614, -0.00517614, 0.00107923, 0.866115, 0.0411014, -0.523242, 0.00624298
182.958, 0.792583, -361.193, 0.830628, -361.399, 0.833426, -361.659, -0.00524514, -0.00524506, -0.00524504, 0.00107923, 0.866115, 0.0411017, -0.523437, 0.00645953
183.001, 0.792754, -366.097, 0.830808, -366.303, 0.833606, -366.563, -0.00530361, -0.0053035, -0.0053035, 0.00107923, 0.866115, 0.0411022, -0.523665, 0.00664875
183.001, 0.792754, -366.097, 0.830808, -366.303, 0.833606, -366.563, -0.00530361, -0.0053035, -0.0053035, 0.00107923, 0.866115, 0.0411031, -0.523665, 0.00664937
183.051, 0.793005, -371.868, 0.831071, -372.074, 0.83387, -372.334, -0.00537064, -0.00537052, -0.00537049, 0.00107923, 0.866115, 0.0411028, -0.523999, 0.00687213
183.102, 0.793311, -377.711, 0.831392, -377.917, 0.834193, -378.176, -0.0054374, -0.00543722, -0.00543721, 0.00107923, 0.866115, 0.0411035, -0.524408, 0.00709905
183.152, 0.793671, -383.625, 0.831769, -383.83, 0.834572, -384.09, -0.00550296, -0.00550277, -0.00550273, 0.00107923, 0.866115, 0.0411045, -0.524888, 0.00732939
183.202, 0.794083, -389.609, 0.832202, -389.814, 0.835007, -390.074, -0.00556734, -0.00556716, -0.00556716, 0.00107923, 0.866115, 0.0411058, -0.525438, 0.00756305
183.253, 0.794548, -395.662, 0.832689, -395.867, 0.835496, -396.126, -0.00563064, -0.00563038, -0.00563037, 0.00107923, 0.866115, 0.0411072, -0.526059, 0.00779992
183.303, 0.795063, -401.783, 0.833229, -401.988, 0.836039, -402.247, -0.00569373, -0.00569352, -0.00569346, 0.00107923, 0.866115, 0.0411086, -0.526747, 0.00803991
183.353, 0.795626, -407.972, 0.83382, -408.176, 0.836633, -408.436, -0.00575547, -0.00575517, -0.00575515, 0.00107923, 0.866115, 0.0411104, -0.5275, 0.0082829
183.404, 0.796237, -414.227, 0.834461, -414.431, 0.837276, -414.691, -0.00581645, -0.00581613, -0.00581609, 0.00107923, 0.866115, 0.0411117, -0.528318, 0.0085288
183.454, 0.796894, -420.547, 0.83515, -420.751, 0.837968, -421.011, -0.00587675, -0.00587643, -0.00587637, 0.00107923, 0.866115, 0.0411135, -0.529197, 0.00877749
183.505, 0.797595, -426.932, 0.835885, -427.136, 0.838707, -427.395, -0.00593597, -0.00593562, -0.00593562, 0.00107923, 0.866115, 0.0411153, -0.530137, 0.00902887
183.555, 0.798338, -433.381, 0.836665, -433.584, 0.83949, -433.843, -0.00599449, -0.00599412, -0.0059941, 0.00107923, 0.866115, 0.0411175, -0.531134, 0.00928282
183.605, 0.799122, -439.891, 0.837487, -440.094, 0.840316, -440.353, -0.00605188, -0.00605147, -0.00605141, 0.00107923, 0.866115, 0.0411197, -0.532186, 0.00953926
183.656, 0.799944, -446.463, 0.838349, -446.666, 0.841182, -446.925, -0.00610845, -0.00610805, -0.00610807, 0.00107923, 0.866115, 0.041122, -0.533291, 0.00979806
183.706, 0.800803, -453.096, 0.839249, -453.298, 0.842087, -453.557, -0.00616406, -0.00616363, -0.00616356, 0.00107923, 0.866115, 0.0411244, -0.534447, 0.0100591
183.756, 0.801696, -459.788, 0.840187, -459.99, 0.843028, -460.249, -0.00621864, -0.0062182, -0.00621817, 0.00107923, 0.866115, 0.0411269, -0.535651, 0.0103224
183.807, 0.802622, -466.539, 0.841158, -466.74, 0.844004, -466.999, -0.00627302, -0.00627258, -0.00627252, 0.00107923, 0.866115, 0.0411293, -0.5369, 0.0105876
183.857, 0.803579, -473.347, 0.842162, -473.547, 0.845012, -473.806, -0.00632514, -0.0063247, -0.00632463, 0.00107923, 0.866115, 0.0411321, -0.538192, 0.0108549
183.907, 0.804565, -480.211, 0.843195, -480.412, 0.846051, -480.67, -0.00637727, -0.00637688, -0.00637673, 0.00107923, 0.866115, 0.0411346, -0.539524, 0.0111239
183.958, 0.805577, -487.132, 0.844257, -487.331, 0.847117, -487.59, -0.00642869, -0.00642826, -0.00642829, 0.00107923, 0.866115, 0.0411376, -0.540894, 0.0113947
184, 0.806446, -492.987, 0.845168, -493.186, 0.848033, -493.445, -0.00647061, -0.00647012, -0.00647007, 0.00107923, 0.866115, 0.0411402, -0.542072, 0.0116235
184, 0.806446, -492.987, 0.845169, -493.186, 0.848033, -493.445, -0.00647061, -0.00647012, -0.00647007, 0.00107923, 0.866115, 0.0411409, -0.542072, 0.0116245
184.05, 0.807502, -500.006, 0.846275, -500.205, 0.849145, -500.464, -0.00652027, -0.00651978, -0.00651961, 0.00107923, 0.866115, 0.0411429, -0.543504, 0.0118972
184.101, 0.808578, -507.079, 0.847404, -507.277, 0.850279, -507.535, -0.00656795, -0.0065674, -0.00656734, 0.00107923, 0.866115, 0.0411463, -0.544966, 0.0121724
184.151, 0.809673, -514.203, 0.848553, -514.4, 0.851433, -514.659, -0.006616, -0.00661547, -0.00661535, 0.00107923, 0.866115, 0.041149, -0.546455, 0.012449
184.201, 0.810784, -521.378, 0.849718, -521.575, 0.852604, -521.833, -0.00666262, -0.00666221, -0.0066622, 0.00107923, 0.866115, 0.0411524, -0.54797, 0.0127267
184.252, 0.81191, -528.602, 0.850899, -528.799, 0.85379, -529.057, -0.00670844, -0.00670786, -0.00670778, 0.00107923, 0.866115, 0.0411554, -0.549506, 0.0130057
184.302, 0.813049, -535.875, 0.852093, -536.071, 0.85499, -536.33, -0.006753, -0.00675254, -0.0067525, 0.00107923, 0.866115, 0.0411586, -0.551061, 0.0132856
184.352, 0.814198, -543.196, 0.853298, -543.392, 0.856201, -543.65, -0.00679663, -0.0067961, -0.00679595, 0.00107923, 0.866115, 0.0411619, -0.552632, 0.0135666
184.403, 0.815356, -550.564, 0.854513, -550.759, 0.857421, -551.017, -0.00683994, -0.00683945, -0.00683929, 0.00107923, 0.866115, 0.0411653, -0.554218, 0.0138484
184.453, 0.81652, -557.978, 0.855734, -558.172, 0.858647, -558.43, -0.00688159, -0.00688106, -0.00688105, 0.00107923, 0.866115, 0.0411685, -0.555816, 0.0141309
184.504, 0.817689, -565.436, 0.85696, -565.63, 0.859879, -565.888, -0.00692212, -0.00692162, -0.00692151, 0.00107923, 0.866115, 0.0411719, -0.557422, 0.0144141
184.554, 0.818862, -572.938, 0.85819, -573.131, 0.861115, -573.389, -0.00696255, -0.00696202, -0.00696197, 0.00107923, 0.866115, 0.0411751, -0.559036, 0.0146979
184.604, 0.820036, -580.483, 0.859422, -580.676, 0.862352, -580.934, -0.00700201, -0.00700157, -0.00700145, 0.00107923, 0.866115, 0.0411784, -0.560654, 0.0149822
184.655, 0.821209, -588.07, 0.860652, -588.262, 0.863588, -588.52, -0.00704037, -0.0070399, -0.00703979, 0.00107923, 0.866115, 0.0411817, -0.562272, 0.0152668
184.705, 0.82238, -595.697, 0.86188, -595.889, 0.864821, -596.147, -0.00707807, -0.00707752, -0.00707749, 0.00107923, 0.866115, 0.041185, -0.563889, 0.0155518
184.755, 0.823547, -603.365, 0.863104, -603.556, 0.866051, -603.814, -0.00711446, -0.00711394, -0.0071138, 0.00107923, 0.866115, 0.0411886, -0.565504, 0.0158369
184.806, 0.824709, -611.072, 0.864322, -611.262, 0.867275, -611.52, -0.00714997, -0.00714946, -0.00714938, 0.00107923, 0.866115, 0.0411919, -0.567114, 0.0161222
184.856, 0.825864, -618.816, 0.865534, -619.006, 0.868493, -619.264, -0.00718495, -0.00718451, -0.00718445, 0.00107923, 0.866115, 0.0411952, -0.568717, 0.0164075
184.906, 0.827011, -626.598, 0.866737, -626.787, 0.869701, -627.045, -0.00721899, -0.00721846, -0.00721843, 0.00107923, 0.866115, 0.0411985, -0.570311, 0.0166928
184.957, 0.828148, -634.415, 0.86793, -634.604, 0.8709, -634.862, -0.00725163, -0.00725113, -0.00725109, 0.00107923, 0.866115, 0.0412017, -0.571894, 0.0169779
185, 0.829118, -641.166, 0.868947, -641.355, 0.871921, -641.612, -0.00727981, -0.00727935, -0.00727934, 0.00107923, 0.866115, 0.0412044, -0.573245, 0.017223
185, 0.829118, -641.166, 0.868947, -641.355, 0.871921, -641.612, -0.00727981, -0.00727935, -0.00727934, 0.00107923, 0.866115, 0.0412057, -0.573244, 0.0172242
185.05, 0.830234, -649.048, 0.870118, -649.237, 0.873097, -649.494, -0.00731107, -0.00731055, -0.0073105, 0.00107923, 0.866115, 0.0412077, -0.574801, 0.0175077
185.101, 0.831338, -656.964, 0.871275, -657.152, 0.87426, -657.409, -0.00734164, -0.00734124, -0.00734115, 0.00107923, 0.866115, 0.0412109, -0.576342, 0.017792
185.151, 0.832426, -664.912, 0.872417, -665.099, 0.875407, -665.356, -0.00737115, -0.00737068, -0.00737061, 0.00107923, 0.866115, 0.041214, -0.577865, 0.0180758
185.201, 0.8335, -672.891, 0.873543, -673.078, 0.876538, -673.335, -0.0074001, -0.00739969, -0.00739962, 0.00107923, 0.866115, 0.0412172, -0.579369, 0.0183592
185.252, 0.834558, -680.901, 0.874652, -681.087, 0.877653, -681.344, -0.00742821, -0.00742781, -0.00742772, 0.00107923, 0.866115, 0.0412202, -0.580852, 0.0186419
185.302, 0.835599, -688.94, 0.875744, -689.126, 0.878749, -689.383, -0.00745464, -0.00745419, -0.00745417, 0.00107923, 0.866115, 0.0412232, -0.582313, 0.018924
185.352, 0.836621, -697.009, 0.876816, -697.194, 0.879827, -697.451, -0.00748134, -0.00748096, -0.00748088, 0.00107923, 0.866115, 0.0412261, -0.583751, 0.0192053
185.403, 0.837625, -705.105, 0.877869, -705.29, 0.880884, -705.546, -0.00750668, -0.0075063, -0.00750624, 0.00107923, 0.866115, 0.0412292, -0.585163, 0.0194858
185.453, 0.83861, -713.227, 0.878902, -713.412, 0.881922, -713.669, -0.00753064, -0.00753026, -0.00753019, 0.00107923, 0.866115, 0.0412321, -0.58655, 0.0197654
185.504, 0.839574, -721.376, 0.879913, -721.56, 0.882938, -721.817, -0.00755511, -0.00755473, -0.00755468, 0.00107923, 0.866115, 0.0412349, -0.587912, 0.0200441
185.554, 0.840518, -729.55, 0.880903, -729.734, 0.883932, -729.99, -0.00757769, -0.00757733, -0.00757727, 0.00107923, 0.866115, 0.0412377, -0.589245, 0.0203217
185.604, 0.841441, -737.748, 0.881871, -737.932, 0.884905, -738.188, -0.00759956, -0.00759923, -0.00759916, 0.00107923, 0.866115, 0.0412404, -0.590549, 0.0205982
185.655, 0.842342, -745.969, 0.882816, -746.152, 0.885854, -746.409, -0.00762106, -0.00762072, -0.00762066, 0.00107923, 0.866115, 0.041243, -0.591825, 0.0208736
185.705, 0.843222, -754.213, 0.883739, -754.396, 0.886781, -754.652, -0.00764177, -0.00764143, -0.00764138, 0.00107923, 0.866115, 0.041246, -0.593071, 0.0211478
185.755, 0.844079, -762.479, 0.884638, -762.661, 0.887684, -762.917, -0.00766116, -0.00766082, -0.00766074, 0.00107923, 0.866115, 0.0412481, -0.594287, 0.0214206
185.806, 0.844914, -770.765, 0.885513, -770.947, 0.888563, -771.203, -0.00768001, -0.00767967, -0.00767965, 0.00107923, 0.866115, 0.0412504, -0.595472, 0.0216922
185.856, 0.845726, -779.071, 0.886365, -779.252, 0.889419, -779.508, -0.00769808, -0.00769782, -0.00769778, 0.00107923, 0.866115, 0.0412529, -0.596626, 0.0219623
185.906, 0.846515, -787.396, 0.887192, -787.577, 0.89025, -787.833, -0.00771527, -0.00771493, -0.0077149, 0.00107923, 0.866115, 0.0412554, -0.597749, 0.0222309
185.957, 0.847281, -795.739, 0.887996, -795.92, 0.891057, -796.176, -0.00773161, -0.00773133, -0.00773131, 0.00107923, 0.866115, 0.0412576, -0.598839, 0.022498
186, 0.847921, -802.927, 0.888667, -803.108, 0.891732, -803.364, -0.0077454, -0.0077451, -0.00774507, 0.00107923, 0.866115, 0.0412595, -0.599752, 0.0227265
186, 0.847921, -802.927, 0.888668, -803.108, 0.891732, -803.364, -0.0077454, -0.0077451, -0.00774507, 0.00107923, 0.866115, 0.0412606, -0.599752, 0.0227278
186.05, 0.848644, -811.302, 0.889426, -811.483, 0.892494, -811.739, -0.00776062, -0.00776033, -0.00776024, 0.00107923, 0.866115, 0.0412616, -0.600783, 0.0229906
186.101, 0.849345, -819.693, 0.89016, -819.873, 0.893232, -820.129, -0.00777454, -0.00777429, -0.00777422, 0.00107923, 0.866115, 0.0412637, -0.601783, 0.0232531
186.151, 0.850022, -828.098, 0.890871, -828.278, 0.893945, -828.534, -0.00778816, -0.00778797, -0.00778791, 0.00107923, 0.866115, 0.0412656, -0.60275, 0.0235138
186.201, 0.850676, -836.518, 0.891557, -836.697, 0.894635, -836.953, -0.0078013, -0.00780103, -0.00780097, 0.00107923, 0.866115, 0.0412679, -0.603686, 0.0237728
186.252, 0.851308, -844.951, 0.892219, -845.13, 0.8953, -845.386, -0.00781294, -0.00781268, -0.00781276, 0.00107923, 0.866115, 0.0412694, -0.60459, 0.0240299
186.302, 0.851917, -853.397, 0.892858, -853.576, 0.895942, -853.832, -0.00782506, -0.00782489, -0.0078249, 0.00107923, 0.866115, 0.0412712, -0.605462, 0.0242851
186.353, 0.852504, -861.854, 0.893474, -862.033, 0.89656, -862.289, -0.00783545, -0.00783534, -0.00783528, 0.00107923, 0.866115, 0.0412733, -0.606303, 0.0245384
186.403, 0.853069, -870.323, 0.894066, -870.502, 0.897156, -870.757, -0.0078456, -0.00784548, -0.00784532, 0.00107923, 0.866115, 0.0412745, -0.607112, 0.0247897
186.453, 0.853612, -878.802, 0.894636, -878.98, 0.897728, -879.236, -0.00785476, -0.00785452, -0.00785456, 0.00107923, 0.866115, 0.0412765, -0.607891, 0.025039
186.504, 0.854134, -887.291, 0.895183, -887.469, 0.898277, -887.724, -0.00786343, -0.00786331, -0.00786327, 0.00107923, 0.866115, 0.0412778, -0.60864, 0.0252863
186.554, 0.854634, -895.788, 0.895708, -895.966, 0.898805, -896.221, -0.00787119, -0.00787119, -0.00787102, 0.00107923, 0.866115, 0.0412794, -0.609359, 0.0255314
186.604, 0.855114, -904.293, 0.896211, -904.471, 0.89931, -904.727, -0.00787875, -0.0078786, -0.00787845, 0.00107923, 0.866115, 0.0412809, -0.610049, 0.0257744
186.655, 0.855574, -912.806, 0.896693, -912.984, 0.899795, -913.239, -0.00788422, -0.00788402, -0.00788407, 0.00107923, 0.866115, 0.0412823, -0.61071, 0.0260152
186.705, 0.856014, -921.326, 0.897154, -921.504, 0.900258, -921.759, -0.00789176, -0.00789154, -0.00789153, 0.00107923, 0.866115, 0.0412835, -0.611342, 0.0262538
186.755, 0.856434, -929.852, 0.897595, -930.029, 0.9007, -930.284, -0.00789677, -0.00789679, -0.00789677, 0.00107923, 0.866115, 0.0412847, -0.611947, 0.0264902
186.806, 0.856835, -938.383, 0.898015, -938.56, 0.901123, -938.815, -0.00790192, -0.00790186, -0.00790184, 0.00107923, 0.866115, 0.0412857, -0.612525, 0.0267242
186.856, 0.857217, -946.917, 0.898417, -947.094, 0.901526, -947.35, -0.00790582, -0.00790571, -0.00790578, 0.00107923, 0.866115, 0.041287, -0.613076, 0.026956
186.906, 0.857581, -955.457, 0.898799, -955.634, 0.901909, -955.889, -0.00790713, -0.00790693, -0.0079069, 0.00107923, 0.866115, 0.0412883, -0.613601, 0.0271853
186.957, 0.857928, -964, 0.899162, -964.176, 0.902274, -964.432, -0.00791225, -0.00791212, -0.007912, 0.00107923, 0.866115, 0.0412892, -0.6141, 0.0274123
187, 0.858212, -971.349, 0.89946, -971.525, 0.902574, -971.781, -0.00791225, -0.00791213, -0.00791209, 0.00107923, 0.866115, 0.0412901, -0.61451, 0.0276056
187, 0.858212, -971.349, 0.89946, -971.525, 0.902574, -971.781, -0.00791225, -0.00791213, -0.00791209, 0.00107923, 0.866115, 0.0412912, -0.614511, 0.0276068
187.05, 0.858527, -979.894, 0.89979, -980.07, 0.902905, -980.326, -0.00791227, -0.00791213, -0.00791215, 0.00107923, 0.866115, 0.0412911, -0.614965, 0.027828
187.101, 0.858825, -988.443, 0.900103, -988.619, 0.90322, -988.874, -0.00791735, -0.00791727, -0.00791723, 0.00107923, 0.866115, 0.0412919, -0.615396, 0.028048
187.151, 0.859108, -996.994, 0.9004, -997.17, 0.903518, -997.425, -0.00791744, -0.00791731, -0.0079173, 0.00107923, 0.866115, 0.0412929, -0.615804, 0.0282655
187.201, 0.859375, -1005.54, 0.90068, -1005.72, 0.903799, -1005.98, -0.00791743, -0.00791733, -0.0079173, 0.00107923, 0.866115, 0.0412936, -0.61619, 0.0284805
187.252, 0.859628, -1014.1, 0.900945, -1014.27, 0.904065, -1014.53, -0.00791752, -0.0079174, -0.00791736, 0.00107923, 0.866115, 0.0412946, -0.616555, 0.0286929
187.302, 0.859866, -1022.64, 0.901194, -1022.82, 0.904316, -1023.07, -0.00791242, -0.0079123, -0.00791235, 0.00107923, 0.866115, 0.0412948, -0.616899, 0.0289027
187.353, 0.86009, -1031.19, 0.901429, -1031.36, 0.904552, -1031.62, -0.00791247, -0.00791238, -0.00791241, 0.00107923, 0.866115, 0.0412957, -0.617223, 0.0291099
187.403, 0.8603, -1039.73, 0.90165, -1039.91, 0.904774, -1040.16, -0.00790809, -0.00790804, -0.00790804, 0.00107923, 0.866115, 0.0412965, -0.617527, 0.0293145
187.453, 0.860498, -1048.27, 0.901857, -1048.45, 0.904982, -1048.7, -0.00790736, -0.00790732, -0.00790728, 0.00107923, 0.866115, 0.041297, -0.617813, 0.0295165
187.504, 0.860683, -1056.81, 0.902052, -1056.98, 0.905177, -1057.24, -0.00790242, -0.00790235, -0.00790235, 0.00107923, 0.866115, 0.0412978, -0.618081, 0.0297158
187.554, 0.860856, -1065.34, 0.902233, -1065.52, 0.905359, -1065.77, -0.00789858, -0.00789853, -0.00789853, 0.00107923, 0.866115, 0.041298, -0.618331, 0.0299125
187.604, 0.861018, -1073.87, 0.902402, -1074.05, 0.90553, -1074.3, -0.0078974, -0.00789734, -0.00789733, 0.00107923, 0.866115, 0.0412985, -0.618565, 0.0301064
187.655, 0.861168, -1082.4, 0.90256, -1082.57, 0.905688, -1082.83, -0.00789236, -0.00789231, -0.0078923, 0.00107923, 0.866115, 0.041299, -0.618782, 0.0302977
187.705, 0.861307, -1090.91, 0.902706, -1091.09, 0.905835, -1091.34, -0.00788733, -0.00788727, -0.00788726, 0.00107923, 0.866115, 0.0412994, -0.618985, 0.0304862
187.755, 0.861436, -1099.43, 0.902841, -1099.6, 0.905971, -1099.86, -0.00787813, -0.00787806, -0.00787809, 0.00107923, 0.866115, 0.0412998, -0.619171, 0.030672
187.806, 0.861555, -1107.93, 0.902966, -1108.11, 0.906096, -1108.36, -0.00787228, -0.0078722, -0.00787221, 0.00107923, 0.866115, 0.0413003, -0.619344, 0.030855
187.856, 0.861665, -1116.43, 0.903081, -1116.61, 0.906212, -1116.86, -0.00786695, -0.00786692, -0.00786694, 0.00107923, 0.866115, 0.0413007, -0.619503, 0.0310353
187.906, 0.861765, -1124.92, 0.903187, -1125.1, 0.906318, -1125.35, -0.00785825, -0.00785824, -0.00785822, 0.00107923, 0.866115, 0.041301, -0.619648, 0.0312128
187.957, 0.861857, -1133.4, 0.903283, -1133.58, 0.906414, -1133.84, -0.00785199, -0.00785199, -0.00785193, 0.00107923, 0.866115, 0.0413013, -0.61978, 0.0313875
188, 0.861929, -1140.69, 0.903358, -1140.87, 0.90649, -1141.12, -0.00784688, -0.00784686, -0.00784689, 0.00107923, 0.866115, 0.0413015, -0.619885, 0.0315355
188, 0.861929, -1140.69, 0.903358, -1140.87, 0.90649, -1141.12, -0.00784688, -0.00784686, -0.00784689, 0.00107923, 0.866115, 0.0413024, -0.619885, 0.0315366
188.05, 0.862005, -1149.16, 0.903438, -1149.34, 0.90657, -1149.59, -0.00783647, -0.00783649, -0.00783649, 0.00107923, 0.866115, 0.0413016, -0.619995, 0.031705
188.101, 0.862073, -1157.62, 0.90351, -1157.79, 0.906642, -1158.05, -0.00782701, -0.00782693, -0.00782698, 0.00107923, 0.866115, 0.0413017, -0.620094, 0.0318718
188.151, 0.862134, -1166.07, 0.903573, -1166.24, 0.906706, -1166.5, -0.00781758, -0.00781756, -0.00781757, 0.00107923, 0.866115, 0.0413019, -0.620182, 0.0320357
188.202, 0.862187, -1174.51, 0.903629, -1174.68, 0.906762, -1174.94, -0.00780869, -0.00780867, -0.00780863, 0.00107923, 0.866115, 0.0413021, -0.620259, 0.0321968
188.252, 0.862234, -1182.93, 0.903678, -1183.11, 0.906811, -1183.36, -0.00779932, -0.00779927, -0.00779927, 0.00107923, 0.866115, 0.0413023, -0.620326, 0.0323551
188.302, 0.862273, -1191.35, 0.903719, -1191.52, 0.906853, -1191.78, -0.00778851, -0.0077885, -0.00778846, 0.00107923, 0.866115, 0.0413025, -0.620384, 0.0325106
188.353, 0.862306, -1199.75, 0.903754, -1199.93, 0.906887, -1200.18, -0.00777714, -0.00777708, -0.00777716, 0.00107923, 0.866115, 0.0413024, -0.620432, 0.0326632
188.403, 0.862333, -1208.15, 0.903782, -1208.32, 0.906916, -1208.58, -0.00776645, -0.00776642, -0.00776649, 0.00107923, 0.866115, 0.0413024, -0.620471, 0.032813
188.453, 0.862354, -1216.53, 0.903804, -1216.7, 0.906938, -1216.96, -0.00775558, -0.00775563, -0.00775555, 0.00107923, 0.866115, 0.0413026, -0.620501, 0.03296
188.504, 0.862369, -1224.9, 0.90382, -1225.07, 0.906954, -1225.33, -0.00774582, -0.00774588, -0.00774587, 0.00107923, 0.866115, 0.0413025, -0.620524, 0.0331042
188.554, 0.862379, -1233.25, 0.90383, -1233.43, 0.906964, -1233.68, -0.00773119, -0.00773119, -0.0077311, 0.00107923, 0.866115, 0.0413027, -0.620537, 0.0332455
188.604, 0.862383, -1241.6, 0.903835, -1241.77, 0.906969, -1242.03, -0.00772062, -0.00772068, -0.00772072, 0.00107923, 0.866115, 0.0413026, -0.620543, 0.0333841
188.655, 0.862382, -1249.93, 0.903833, -1250.1, 0.906967, -1250.36, -0.00770637, -0.00770637, -0.00770637, 0.00107923, 0.866115, 0.0413027, -0.620542, 0.0335198
188.705, 0.862376, -1258.24, 0.903827, -1258.42, 0.906961, -1258.67, -0.00769522, -0.00769522, -0.00769522, 0.00107923, 0.866115, 0.0413027, -0.620533, 0.0336527
188.755, 0.862365, -1266.54, 0.903815, -1266.72, 0.906949, -1266.97, -0.00768045, -0.0076806, -0.00768046, 0.00107923, 0.866115, 0.0413027, -0.620516, 0.0337828
188.806, 0.862348, -1274.83, 0.903798, -1275.01, 0.906932, -1275.26, -0.00766713, -0.00766714, -0.0076672, 0.00107923, 0.866115, 0.0413028, -0.620493, 0.0339101
188.856, 0.862328, -1283.1, 0.903776, -1283.28, 0.90691, -1283.53, -0.00765475, -0.00765481, -0.00765475, 0.00107923, 0.866115, 0.0413025, -0.620463, 0.0340346
188.906, 0.862302, -1291.36, 0.90375, -1291.53, 0.906883, -1291.79, -0.00763985, -0.00763985, -0.00763986, 0.00107923, 0.866115, 0.0413026, -0.620426, 0.0341563
188.957, 0.862272, -1299.6, 0.903718, -1299.78, 0.906852, -1300.03, -0.00762381, -0.00762381, -0.00762366, 0.00107923, 0.866115, 0.0413025, -0.620383, 0.0342752
189, 0.862243, -1306.68, 0.903688, -1306.85, 0.906821, -1307.11, -0.0076144, -0.00761432, -0.0076144, 0.00107923, 0.866115, 0.041302, -0.62034, 0.0343752
189, 0.862243, -1306.68, 0.903688, -1306.85, 0.906821, -1307.11, -0.0076144, -0.00761432, -0.0076144, 0.00107923, 0.866115, 0.0413036, -0.62034, 0.0343761
189.05, 0.862205, -1314.89, 0.903648, -1315.06, 0.906781, -1315.32, -0.0075994, -0.00759944, -0.0075994, 0.00107923, 0.866115, 0.041302, -0.620285, 0.034489
189.101, 0.862163, -1323.08, 0.903603, -1323.26, 0.906736, -1323.51, -0.00758398, -0.00758396, -0.00758408, 0.00107923, 0.866115, 0.0413022, -0.620224, 0.0346
189.151, 0.862116, -1331.26, 0.903554, -1331.44, 0.906687, -1331.69, -0.00756902, -0.00756904, -0.00756904, 0.00107923, 0.866115, 0.0413017, -0.620156, 0.0347083
189.202, 0.862065, -1339.43, 0.903501, -1339.6, 0.906633, -1339.86, -0.00755364, -0.00755365, -0.00755372, 0.00107923, 0.866115, 0.0413018, -0.620083, 0.0348138
189.252, 0.862011, -1347.57, 0.903444, -1347.75, 0.906576, -1348, -0.00753738, -0.00753739, -0.0075374, 0.00107923, 0.866115, 0.0413016, -0.620003, 0.0349166
189.302, 0.861952, -1355.7, 0.903382, -1355.88, 0.906514, -1356.13, -0.00752044, -0.00752052, -0.00752048, 0.00107923, 0.866115, 0.0413014, -0.619918, 0.0350167
189.353, 0.861888, -1363.82, 0.903316, -1363.99, 0.906447, -1364.25, -0.00750414, -0.00750417, -0.00750416, 0.00107923, 0.866115, 0.0413012, -0.619826, 0.035114
189.403, 0.861822, -1371.91, 0.903245, -1372.09, 0.906377, -1372.34, -0.00748838, -0.00748844, -0.00748847, 0.00107923, 0.866115, 0.041301, -0.619729, 0.0352087
189.453, 0.86175, -1379.99, 0.903171, -1380.16, 0.906302, -1380.42, -0.00747261, -0.00747262, -0.00747262, 0.00107923, 0.866115, 0.0413009, -0.619626, 0.0353008
189.504, 0.861675, -1388.05, 0.903092, -1388.22, 0.906223, -1388.48, -0.00745554, -0.00745552, -0.00745555, 0.00107923, 0.866115, 0.0413007, -0.619518, 0.0353901
189.554, 0.861597, -1396.09, 0.90301, -1396.26, 0.90614, -1396.52, -0.0074382, -0.00743819, -0.0074382, 0.00107923, 0.866115, 0.0413005, -0.619404, 0.0354768
189.604, 0.861514, -1404.11, 0.902923, -1404.29, 0.906053, -1404.54, -0.00742194, -0.00742196, -0.00742194, 0.00107923, 0.866115, 0.0413, -0.619283, 0.0355609
189.655, 0.861427, -1412.12, 0.902832, -1412.29, 0.905961, -1412.55, -0.00740497, -0.007405, -0.007405, 0.00107923, 0.866115, 0.0412998, -0.619158, 0.0356424
189.705, 0.861336, -1420.1, 0.902736, -1420.28, 0.905865, -1420.53, -0.00738742, -0.00738746, -0.00738746, 0.00107923, 0.866115, 0.0412994, -0.619025, 0.0357213
189.755, 0.861241, -1428.07, 0.902637, -1428.25, 0.905765, -1428.5, -0.00737159, -0.00737163, -0.00737163, 0.00107923, 0.866115, 0.0412992, -0.618889, 0.0357976
189.806, 0.861143, -1436.02, 0.902534, -1436.2, 0.905662, -1436.45, -0.00735241, -0.00735246, -0.00735246, 0.00107923, 0.866115, 0.041299, -0.618746, 0.0358714
189.856, 0.86104, -1443.95, 0.902426, -1444.13, 0.905553, -1444.38, -0.00733645, -0.00733649, -0.00733649, 0.00107923, 0.866115, 0.0412987, -0.618598, 0.0359426
189.907, 0.860934, -1451.86, 0.902314, -1452.04, 0.905441, -1452.29, -0.00731727, -0.00731732, -0.00731732, 0.00107923, 0.866115, 0.0412984, -0.618444, 0.0360113
189.957, 0.860823, -1459.75, 0.902199, -1459.93, 0.905325, -1460.18, -0.00730075, -0.00730081, -0.00730079, 0.00107923, 0.866115, 0.0412981, -0.618284, 0.0360775
190, 0.860725, -1466.52, 0.902096, -1466.7, 0.905222, -1466.96, -0.00728585, -0.00728589, -0.00728589, 0.00107923, 0.866115, 0.0412978, -0.618142, 0.0361324
190, 0.860725, -1466.52, 0.902096, -1466.7, 0.905222, -1466.96, -0.00728585, -0.00728589, -0.00728589, 0.00107923, 0.866115, 0.0412988, -0.618142, 0.036133
190.051, 0.860607, -1474.38, 0.901972, -1474.56, 0.905097, -1474.81, -0.00726621, -0.00726625, -0.00726624, 0.00107923, 0.866115, 0.0412972, -0.617972, 0.036194
190.101, 0.860486, -1482.22, 0.901844, -1482.39, 0.904969, -1482.65, -0.00725021, -0.00725026, -0.00725027, 0.00107923, 0.866115, 0.041297, -0.617796, 0.0362532
190.151, 0.86036, -1490.03, 0.901712, -1490.21, 0.904837, -1490.47, -0.00722957, -0.0072296, -0.00722965, 0.00107923, 0.866115, 0.0412966, -0.617613, 0.0363099
190.202, 0.86023, -1497.83, 0.901577, -1498.01, 0.9047, -1498.26, -0.00721209, -0.00721215, -0.00721224, 0.00107923, 0.866115, 0.0412962, -0.617426, 0.0363642
190.252, 0.860097, -1505.61, 0.901437, -1505.79, 0.904559, -1506.04, -0.00719488, -0.00719499, -0.00719496, 0.00107923, 0.866115, 0.041296, -0.617233, 0.0364161
190.302, 0.859959, -1513.37, 0.901292, -1513.54, 0.904414, -1513.8, -0.0071754, -0.00717542, -0.00717548, 0.00107923, 0.866115, 0.0412954, -0.617034, 0.0364657
190.353, 0.859818, -1521.11, 0.901144, -1521.28, 0.904265, -1521.54, -0.00715795, -0.00715801, -0.00715798, 0.00107923, 0.866115, 0.0412951, -0.61683, 0.0365129
190.403, 0.859672, -1528.82, 0.900991, -1529, 0.904112, -1529.26, -0.00713852, -0.00713865, -0.00713858, 0.00107923, 0.866115, 0.0412946, -0.616619, 0.0365579
190.453, 0.859523, -1536.52, 0.900835, -1536.7, 0.903955, -1536.95, -0.00712051, -0.00712056, -0.00712055, 0.00107923, 0.866115, 0.0412941, -0.616404, 0.0366005
190.504, 0.85937, -1544.2, 0.900674, -1544.38, 0.903794, -1544.63, -0.00710383, -0.00710389, -0.00710386, 0.00107923, 0.866115, 0.0412937, -0.616182, 0.0366409
190.554, 0.859213, -1551.86, 0.90051, -1552.04, 0.903628, -1552.29, -0.00708393, -0.00708401, -0.00708403, 0.00107923, 0.866115, 0.0412933, -0.615955, 0.036679
190.604, 0.859052, -1559.5, 0.900341, -1559.68, 0.903459, -1559.93, -0.0070647, -0.0070649, -0.0070648, 0.00107923, 0.866115, 0.0412925, -0.615723, 0.0367149
190.655, 0.858888, -1567.12, 0.900168, -1567.3, 0.903286, -1567.55, -0.00704784, -0.00704791, -0.00704788, 0.00107923, 0.866115, 0.0412922, -0.615486, 0.0367486
190.705, 0.858719, -1574.72, 0.899992, -1574.89, 0.903108, -1575.15, -0.00702712, -0.00702725, -0.00702725, 0.00107923, 0.866115, 0.0412919, -0.615242, 0.0367801
190.755, 0.858546, -1582.3, 0.899811, -1582.47, 0.902926, -1582.73, -0.00700981, -0.0070099, -0.00700976, 0.00107923, 0.866115, 0.0412911, -0.614993, 0.0368095
190.806, 0.85837, -1589.86, 0.899626, -1590.03, 0.902741, -1590.29, -0.00699263, -0.00699268, -0.00699261, 0.00107923, 0.866115, 0.0412909, -0.614739, 0.0368368
190.856, 0.858191, -1597.4, 0.899438, -1597.57, 0.902551, -1597.83, -0.00697268, -0.0069727, -0.00697286, 0.00107923, 0.866115, 0.0412902, -0.61448, 0.036862
190.907, 0.858007, -1604.91, 0.899245, -1605.09, 0.902358, -1605.35, -0.00695407, -0.00695405, -0.00695419, 0.00107923, 0.866115, 0.0412897, -0.614215, 0.0368851
190.957, 0.85782, -1612.41, 0.899049, -1612.59, 0.902161, -1612.85, -0.00693666, -0.00693672, -0.00693673, 0.00107923, 0.866115, 0.0412891, -0.613946, 0.0369062
191, 0.857657, -1618.85, 0.898878, -1619.02, 0.901989, -1619.28, -0.00692165, -0.00692174, -0.00692185, 0.00107923, 0.866115, 0.0412886, -0.613709, 0.0369227
191, 0.857657, -1618.85, 0.898878, -1619.02, 0.901989, -1619.28, -0.00692165, -0.00692174, -0.00692185, 0.00107923, 0.866115, 0.0412896, -0.613709, 0.0369231
191.051, 0.857463, -1626.31, 0.898675, -1626.49, 0.901785, -1626.74, -0.00690184, -0.00690183, -0.00690192, 0.00107923, 0.866115, 0.041288, -0.613431, 0.03694
191.101, 0.857266, -1633.75, 0.898468, -1633.93, 0.901577, -1634.18, -0.00688274, -0.00688279, -0.00688273, 0.00107923, 0.866115, 0.0412874, -0.613147, 0.0369554
191.151, 0.857066, -1641.17, 0.898258, -1641.35, 0.901366, -1641.61, -0.00686582, -0.00686584, -0.00686584, 0.00107923, 0.866115, 0.041287, -0.612857, 0.0369688
191.202, 0.856862, -1648.58, 0.898044, -1648.75, 0.901151, -1649.01, -0.00684643, -0.00684648, -0.00684648, 0.00107923, 0.866115, 0.0412863, -0.612564, 0.0369803
191.252, 0.856655, -1655.96, 0.897827, -1656.14, 0.900933, -1656.39, -0.00682945, -0.0068295, -0.00682951, 0.00107923, 0.866115, 0.0412857, -0.612266, 0.0369899
191.302, 0.856445, -1663.32, 0.897606, -1663.5, 0.900712, -1663.76, -0.00681062, -0.00681081, -0.00681065, 0.00107923, 0.866115, 0.0412851, -0.611963, 0.0369977
191.353, 0.856231, -1670.67, 0.897382, -1670.84, 0.900487, -1671.1, -0.00679164, -0.00679181, -0.00679184, 0.00107923, 0.866115, 0.0412843, -0.611656, 0.0370036
191.403, 0.856015, -1677.99, 0.897156, -1678.17, 0.900259, -1678.42, -0.00677478, -0.00677485, -0.0067749, 0.00107923, 0.866115, 0.0412837, -0.611344, 0.0370077
191.453, 0.855795, -1685.3, 0.896925, -1685.47, 0.900028, -1685.73, -0.00675571, -0.0067557, -0.00675571, 0.00107923, 0.866115, 0.0412831, -0.611028, 0.0370101
191.504, 0.855573, -1692.58, 0.896692, -1692.76, 0.899794, -1693.01, -0.00673967, -0.00673975, -0.00673983, 0.00107923, 0.866115, 0.0412824, -0.610709, 0.0370107
191.554, 0.855348, -1699.85, 0.896456, -1700.02, 0.899557, -1700.28, -0.00671998, -0.00672004, -0.00672011, 0.00107923, 0.866115, 0.0412818, -0.610386, 0.0370095
191.604, 0.855121, -1707.09, 0.896218, -1707.27, 0.899317, -1707.53, -0.00670402, -0.00670415, -0.00670415, 0.00107923, 0.866115, 0.041281, -0.610058, 0.0370067
191.655, 0.85489, -1714.32, 0.895976, -1714.5, 0.899074, -1714.75, -0.00668465, -0.0066847, -0.00668468, 0.00107923, 0.866115, 0.0412804, -0.609727, 0.0370022
191.705, 0.854657, -1721.53, 0.895732, -1721.71, 0.898829, -1721.96, -0.00666889, -0.00666898, -0.00666897, 0.00107923, 0.866115, 0.0412797, -0.609392, 0.0369961
191.756, 0.854422, -1728.72, 0.895485, -1728.9, 0.898581, -1729.15, -0.00664942, -0.00664952, -0.0066495, 0.00107923, 0.866115, 0.041279, -0.609054, 0.0369883
191.806, 0.854184, -1735.89, 0.895236, -1736.07, 0.89833, -1736.32, -0.00663311, -0.00663321, -0.00663325, 0.00107923, 0.866115, 0.0412782, -0.608712, 0.036979
191.856, 0.853944, -1743.04, 0.894984, -1743.22, 0.898078, -1743.48, -0.00661478, -0.00661488, -0.00661489, 0.00107923, 0.866115, 0.0412773, -0.608369, 0.0369681
191.907, 0.853702, -1750.18, 0.89473, -1750.36, 0.897823, -1750.61, -0.00659823, -0.00659832, -0.00659832, 0.00107923, 0.866115, 0.041277, -0.608021, 0.0369557
191.957, 0.853458, -1757.29, 0.894475, -1757.47, 0.897566, -1757.73, -0.00658138, -0.00658146, -0.00658151, 0.00107923, 0.866115, 0.041276, -0.607671, 0.0369417
192, 0.853247, -1763.4, 0.894253, -1763.57, 0.897343, -1763.83, -0.00656768, -0.00656778, -0.00656778, 0.00107923, 0.866115, 0.0412756, -0.607368, 0.0369286
192, 0.853247, -1763.4, 0.894253, -1763.57, 0.897343, -1763.83, -0.00656768, -0.00656778, -0.00656778, 0.00107923, 0.866115, 0.0412763, -0.607368, 0.0369287
192.051, 0.853, -1770.48, 0.893993, -1770.66, 0.897082, -1770.91, -0.00654891, -0.00654898, -0.00654901, 0.00107923, 0.866115, 0.041275, -0.607013, 0.0369119
192.101, 0.852751, -1777.54, 0.893733, -1777.72, 0.89682, -1777.97, -0.00653131, -0.00653143, -0.0065314, 0.00107923, 0.866115, 0.041274, -0.606656, 0.0368939
192.151, 0.8525, -1784.58, 0.893469, -1784.76, 0.896556, -1785.02, -0.00651715, -0.00651725, -0.00651726, 0.00107923, 0.866115, 0.0412732, -0.606297, 0.0368744
192.202, 0.852248, -1791.61, 0.893205, -1791.79, 0.896291, -1792.05, -0.00649957, -0.00649966, -0.00649968, 0.00107923, 0.866115, 0.0412725, -0.605936, 0.0368536
192.252, 0.851995, -1798.62, 0.89294, -1798.8, 0.896024, -1799.06, -0.00648253, -0.00648262, -0.00648264, 0.00107923, 0.866115, 0.0412718, -0.605573, 0.0368314
192.302, 0.85174, -1805.61, 0.892672, -1805.79, 0.895755, -1806.05, -0.00646681, -0.0064669, -0.00646692, 0.00107923, 0.866115, 0.041271, -0.605208, 0.036808
192.353, 0.851484, -1812.59, 0.892404, -1812.77, 0.895485, -1813.02, -0.00645102, -0.00645112, -0.00645114, 0.00107923, 0.866115, 0.0412703, -0.604841, 0.0367832
192.403, 0.851228, -1819.54, 0.892135, -1819.72, 0.895215, -1819.98, -0.00643616, -0.00643624, -0.00643626, 0.00107923, 0.866115, 0.0412695, -0.604474, 0.0367572
192.453, 0.850969, -1826.48, 0.891864, -1826.66, 0.894943, -1826.92, -0.00641959, -0.00641968, -0.00641967, 0.00107923, 0.866115, 0.0412687, -0.604105, 0.03673
192.504, 0.85071, -1833.4, 0.891592, -1833.58, 0.89467, -1833.84, -0.00640286, -0.00640298, -0.00640295, 0.00107923, 0.866115, 0.0412679, -0.603734, 0.0367016
192.554, 0.85045, -1840.31, 0.89132, -1840.49, 0.894397, -1840.75, -0.00638574, -0.00638584, -0.00638585, 0.00107923, 0.866115, 0.041267, -0.603363, 0.036672
192.604, 0.850191, -1847.2, 0.891048, -1847.38, 0.894123, -1847.63, -0.00637535, -0.00637545, -0.00637545, 0.00107923, 0.866115, 0.0412661, -0.602992, 0.0366412
192.655, 0.849931, -1854.07, 0.890775, -1854.25, 0.893849, -1854.51, -0.00635527, -0.0063554, -0.00635541, 0.00107923, 0.866115, 0.0412655, -0.60262, 0.0366094
192.705, 0.849671, -1860.93, 0.890503, -1861.11, 0.893576, -1861.36, -0.00634494, -0.00634506, -0.00634506, 0.00107923, 0.866115, 0.0412649, -0.602249, 0.0365764
192.756, 0.849412, -1867.77, 0.890231, -1867.95, 0.893302, -1868.2, -0.00632499, -0.00632508, -0.00632507, 0.00107923, 0.866115, 0.0412641, -0.601878, 0.0365424
192.806, 0.849152, -1874.59, 0.889958, -1874.77, 0.893029, -1875.03, -0.00631469, -0.00631475, -0.00631477, 0.00107923, 0.866115, 0.0412632, -0.601507, 0.0365073
192.856, 0.848892, -1881.4, 0.889686, -1881.58, 0.892755, -1881.83, -0.00629483, -0.00629495, -0.006295, 0.00107923, 0.866115, 0.0412625, -0.601137, 0.0364713
192.907, 0.848633, -1888.19, 0.889413, -1888.37, 0.892482, -1888.62, -0.00628403, -0.00628416, -0.00628418, 0.00107923, 0.866115, 0.0412618, -0.600767, 0.0364343
192.957, 0.848373, -1894.96, 0.889141, -1895.15, 0.892208, -1895.4, -0.0062659, -0.00626597, -0.00626597, 0.00107923, 0.866115, 0.041261, -0.600396, 0.0363963
193, 0.84815, -1900.78, 0.888907, -1900.96, 0.891973, -1901.22, -0.00625411, -0.00625423, -0.00625424, 0.00107923, 0.866115, 0.0412605, -0.600077, 0.0363629
193, 0.84815, -1900.78, 0.888907, -1900.96, 0.891973, -1901.22, -0.00625411, -0.00625423, -0.00625424, 0.00107923, 0.866115, 0.0412613, -0.600077, 0.0363628
193.051, 0.84789, -1907.53, 0.888635, -1907.71, 0.891699, -1907.96, -0.00624367, -0.00624376, -0.00624376, 0.00107923, 0.866115, 0.0412597, -0.599707, 0.0363232
193.101, 0.84763, -1914.26, 0.888362, -1914.44, 0.891425, -1914.7, -0.00622596, -0.0062261, -0.00622616, 0.00107923, 0.866115, 0.0412588, -0.599337, 0.0362826
193.151, 0.847371, -1920.98, 0.88809, -1921.16, 0.891152, -1921.41, -0.00621358, -0.00621364, -0.00621368, 0.00107923, 0.866115, 0.0412581, -0.598967, 0.0362412
193.202, 0.847111, -1927.68, 0.887818, -1927.86, 0.890878, -1928.12, -0.00620323, -0.00620345, -0.00620347, 0.00107923, 0.866115, 0.0412574, -0.598597, 0.0361989
193.252, 0.846854, -1934.37, 0.887548, -1934.55, 0.890607, -1934.81, -0.00618492, -0.00618502, -0.00618502, 0.00107923, 0.866115, 0.0412564, -0.598231, 0.0361559
193.302, 0.846597, -1941.04, 0.887278, -1941.22, 0.890337, -1941.48, -0.00617309, -0.00617313, -0.00617319, 0.00107923, 0.866115, 0.0412558, -0.597865, 0.0361121
193.353, 0.84634, -1947.7, 0.887009, -1947.88, 0.890066, -1948.14, -0.00616265, -0.00616283, -0.00616279, 0.00107923, 0.866115, 0.041255, -0.5975, 0.0360675
193.403, 0.846085, -1954.35, 0.886741, -1954.53, 0.889797, -1954.79, -0.00615029, -0.00615033, -0.00615039, 0.00107923, 0.866115, 0.0412543, -0.597137, 0.0360222
193.453, 0.845831, -1960.98, 0.886475, -1961.16, 0.88953, -1961.42, -0.00613288, -0.00613295, -0.00613305, 0.00107923, 0.866115, 0.0412536, -0.596776, 0.0359762
193.504, 0.845578, -1967.6, 0.886209, -1967.78, 0.889263, -1968.03, -0.00611992, -0.00611985, -0.00611991, 0.00107923, 0.866115, 0.0412528, -0.596416, 0.0359295
193.554, 0.845326, -1974.2, 0.885946, -1974.38, 0.888998, -1974.64, -0.00611233, -0.00611239, -0.00611239, 0.00107923, 0.866115, 0.0412521, -0.596058, 0.0358822
193.605, 0.845076, -1980.79, 0.885683, -1980.98, 0.888734, -1981.23, -0.00610217, -0.00610228, -0.00610227, 0.00107923, 0.866115, 0.0412513, -0.595703, 0.0358343
193.655, 0.844827, -1987.37, 0.885422, -1987.55, 0.888472, -1987.81, -0.00608377, -0.00608379, -0.00608383, 0.00107923, 0.866115, 0.0412506, -0.595349, 0.0357858
193.705, 0.84458, -1993.94, 0.885163, -1994.12, 0.888212, -1994.38, -0.00607204, -0.00607215, -0.00607215, 0.00107923, 0.866115, 0.0412498, -0.594999, 0.0357367
193.756, 0.844334, -2000.49, 0.884905, -2000.67, 0.887953, -2000.93, -0.0060617, -0.00606182, -0.00606187, 0.00107923, 0.866115, 0.0412491, -0.594649, 0.035687
193.806, 0.84409, -2007.03, 0.884649, -2007.21, 0.887696, -2007.47, -0.00605154, -0.00605166, -0.00605168, 0.00107923, 0.866115, 0.0412484, -0.594303, 0.0356368
193.856, 0.843848, -2013.56, 0.884395, -2013.74, 0.88744, -2014, -0.00604108, -0.00604125, -0.0060413, 0.00107923, 0.866115, 0.0412478, -0.593959, 0.0355861
193.907, 0.843607, -2020.08, 0.884143, -2020.26, 0.887187, -2020.51, -0.00603133, -0.00603142, -0.00603144, 0.00107923, 0.866115, 0.0412467, -0.593617, 0.0355349
193.957, 0.843368, -2026.58, 0.883892, -2026.76, 0.886935, -2027.02, -0.0060212, -0.00602123, -0.00602121, 0.00107923, 0.866115, 0.0412466, -0.593279, 0.0354832
194, 0.843164, -2032.16, 0.883678, -2032.35, 0.88672, -2032.6, -0.00601103, -0.00601119, -0.0060112, 0.00107923, 0.866115, 0.0412458, -0.59299, 0.0354385
194, 0.843164, -2032.16, 0.883678, -2032.35, 0.88672, -2032.6, -0.00601103, -0.00601119, -0.0060112, 0.00107923, 0.866115, 0.0412465, -0.59299, 0.0354384
194.051, 0.842929, -2038.65, 0.883432, -2038.83, 0.886473, -2039.09, -0.00600097, -0.00600105, -0.00600105, 0.00107923, 0.866115, 0.0412452, -0.592657, 0.035386
194.101, 0.842696, -2045.12, 0.883187, -2045.3, 0.886227, -2045.56, -0.00599083, -0.00599092, -0.00599097, 0.00107923, 0.866115, 0.0412444, -0.592326, 0.0353332
194.151, 0.842465, -2051.58, 0.882945, -2051.76, 0.885984, -2052.02, -0.00598068, -0.00598082, -0.00598081, 0.00107923, 0.866115, 0.0412436, -0.591999, 0.03528
194.202, 0.842236, -2058.03, 0.882705, -2058.21, 0.885743, -2058.47, -0.00597056, -0.00597069, -0.00597068, 0.00107923, 0.866115, 0.041243, -0.591675, 0.0352264
194.252, 0.84201, -2064.47, 0.882467, -2064.65, 0.885504, -2064.9, -0.00596048, -0.00596052, -0.00596056, 0.00107923, 0.866115, 0.0412423, -0.591354, 0.0351725
194.302, 0.841785, -2070.89, 0.882231, -2071.08, 0.885267, -2071.33, -0.00595031, -0.00595043, -0.00595039, 0.00107923, 0.866115, 0.0412417, -0.591035, 0.0351183
194.353, 0.841563, -2077.31, 0.881998, -2077.49, 0.885033, -2077.75, -0.00594016, -0.00594024, -0.00594019, 0.00107923, 0.866115, 0.041241, -0.590721, 0.0350639
194.403, 0.841343, -2083.72, 0.881768, -2083.9, 0.884801, -2084.16, -0.00593007, -0.00593017, -0.00593022, 0.00107923, 0.866115, 0.0412404, -0.59041, 0.0350091
194.453, 0.841125, -2090.11, 0.881539, -2090.3, 0.884571, -2090.55, -0.00591889, -0.00591903, -0.00591902, 0.00107923, 0.866115, 0.0412396, -0.590102, 0.0349541
194.504, 0.840909, -2096.5, 0.881313, -2096.69, 0.884344, -2096.94, -0.00590986, -0.00590995, -0.00590993, 0.00107923, 0.866115, 0.041239, -0.589797, 0.0348989
194.554, 0.840696, -2102.88, 0.88109, -2103.06, 0.88412, -2103.32, -0.00589982, -0.00589989, -0.0058999, 0.00107923, 0.866115, 0.0412382, -0.589496, 0.0348435
194.605, 0.840486, -2109.25, 0.880869, -2109.43, 0.883898, -2109.69, -0.00589015, -0.00589023, -0.00589024, 0.00107923, 0.866115, 0.041238, -0.589199, 0.0347879
194.655, 0.840278, -2115.61, 0.880651, -2115.79, 0.883679, -2116.05, -0.00588954, -0.00588967, -0.00588969, 0.00107923, 0.866115, 0.0412373, -0.588904, 0.0347321
194.705, 0.840071, -2121.96, 0.880435, -2122.14, 0.883462, -2122.4, -0.00587948, -0.00587957, -0.00587957, 0.00107923, 0.866115, 0.0412368, -0.588614, 0.0346762
194.756, 0.839869, -2128.3, 0.880222, -2128.49, 0.883248, -2128.74, -0.00586934, -0.00586942, -0.00586942, 0.00107923, 0.866115, 0.0412363, -0.588327, 0.0346201
194.806, 0.839668, -2134.63, 0.880012, -2134.82, 0.883037, -2135.08, -0.00585924, -0.00585932, -0.00585931, 0.00107923, 0.866115, 0.0412355, -0.588044, 0.034564
194.856, 0.83947, -2140.96, 0.879804, -2141.14, 0.882828, -2141.4, -0.00584985, -0.00584992, -0.00584993, 0.00107923, 0.866115, 0.0412349, -0.587765, 0.0345077
194.907, 0.839274, -2147.28, 0.879599, -2147.46, 0.882622, -2147.72, -0.00584908, -0.00584915, -0.00584916, 0.00107923, 0.866115, 0.0412342, -0.587488, 0.0344514
194.957, 0.839082, -2153.58, 0.879396, -2153.77, 0.882419, -2154.03, -0.0058385, -0.00583858, -0.00583859, 0.00107923, 0.866115, 0.0412337, -0.587216, 0.0343951
195, 0.838918, -2159, 0.879225, -2159.19, 0.882246, -2159.45, -0.00582897, -0.00582905, -0.00582906, 0.00107923, 0.866115, 0.0412333, -0.586986, 0.0343466
195, 0.838918, -2159, 0.879225, -2159.19, 0.882246, -2159.45, -0.00582897, -0.00582905, -0.00582906, 0.00107923, 0.866115, 0.0412341, -0.586985, 0.0343464
195.051, 0.83873, -2165.3, 0.879028, -2165.48, 0.882048, -2165.74, -0.00582883, -0.00582889, -0.00582891, 0.00107923, 0.866115, 0.0412327, -0.58672, 0.0342902
195.101, 0.838545, -2171.59, 0.878833, -2171.77, 0.881853, -2172.03, -0.00581791, -0.00581798, -0.00581797, 0.00107923, 0.866115, 0.0412322, -0.586459, 0.0342337
195.151, 0.838362, -2177.87, 0.878642, -2178.05, 0.88166, -2178.31, -0.00580869, -0.00580875, -0.00580875, 0.00107923, 0.866115, 0.0412317, -0.586202, 0.0341773
195.202, 0.838182, -2184.14, 0.878453, -2184.32, 0.881471, -2184.58, -0.00580859, -0.00580866, -0.00580867, 0.00107923, 0.866115, 0.041231, -0.585948, 0.034121
195.252, 0.838004, -2190.4, 0.878267, -2190.59, 0.881284, -2190.84, -0.0057985, -0.00579856, -0.00579857, 0.00107923, 0.866115, 0.0412309, -0.585697, 0.0340647
195.302, 0.837829, -2196.66, 0.878083, -2196.85, 0.881099, -2197.11, -0.00578966, -0.00578973, -0.00578981, 0.00107923, 0.866115, 0.04123, -0.585451, 0.0340084
195.353, 0.837657, -2202.92, 0.877903, -2203.1, 0.880918, -2203.36, -0.00578833, -0.00578841, -0.00578837, 0.00107923, 0.866115, 0.0412296, -0.585209, 0.0339522
195.403, 0.837488, -2209.16, 0.877725, -2209.35, 0.88074, -2209.6, -0.00577824, -0.00577833, -0.00577832, 0.00107923, 0.866115, 0.0412292, -0.58497, 0.0338961
195.454, 0.837321, -2215.4, 0.87755, -2215.59, 0.880564, -2215.84, -0.00577823, -0.00577826, -0.00577825, 0.00107923, 0.866115, 0.0412285, -0.584735, 0.0338402
195.504, 0.837157, -2221.64, 0.877378, -2221.82, 0.880391, -2222.08, -0.00576808, -0.00576814, -0.00576812, 0.00107923, 0.866115, 0.0412281, -0.584504, 0.0337843
195.554, 0.836995, -2227.86, 0.877208, -2228.05, 0.880221, -2228.31, -0.00576802, -0.00576814, -0.00576809, 0.00107923, 0.866115, 0.0412277, -0.584276, 0.0337286
195.605, 0.836836, -2234.09, 0.877042, -2234.27, 0.880053, -2234.53, -0.00575793, -0.00575798, -0.00575804, 0.00107923, 0.866115, 0.0412273, -0.584053, 0.0336731
195.655, 0.836681, -2240.3, 0.876878, -2240.49, 0.879889, -2240.75, -0.00575793, -0.00575798, -0.00575803, 0.00107923, 0.866115, 0.0412267, -0.583834, 0.0336177
195.705, 0.836527, -2246.52, 0.876718, -2246.7, 0.879727, -2246.96, -0.00574781, -0.0057479, -0.0057479, 0.00107923, 0.866115, 0.0412263, -0.583618, 0.0335625
195.756, 0.836376, -2252.72, 0.876559, -2252.91, 0.879569, -2253.17, -0.0057478, -0.00574784, -0.00574788, 0.00107923, 0.866115, 0.0412259, -0.583406, 0.0335075
195.806, 0.836228, -2258.93, 0.876404, -2259.11, 0.879412, -2259.37, -0.00573769, -0.00573775, -0.00573778, 0.00107923, 0.866115, 0.0412254, -0.583198, 0.0334527
195.856, 0.836083, -2265.12, 0.876252, -2265.31, 0.879259, -2265.56, -0.00573758, -0.00573764, -0.0057377, 0.00107923, 0.866115, 0.0412251, -0.582993, 0.0333981
195.907, 0.83594, -2271.32, 0.876102, -2271.5, 0.879109, -2271.76, -0.00573182, -0.0057319, -0.00573186, 0.00107923, 0.866115, 0.0412246, -0.582793, 0.0333438
195.957, 0.8358, -2277.5, 0.875955, -2277.69, 0.878961, -2277.95, -0.0057276, -0.00572761, -0.00572762, 0.00107923, 0.866115, 0.0412242, -0.582596, 0.0332897
196, 0.835681, -2282.82, 0.87583, -2283.01, 0.878836, -2283.27, -0.0057275, -0.00572752, -0.00572763, 0.00107923, 0.866115, 0.0412239, -0.582429, 0.0332434
196, 0.835681, -2282.82, 0.87583, -2283.01, 0.878836, -2283.27, -0.0057275, -0.00572752, -0.00572763, 0.00107923, 0.866115, 0.0412245, -0.58243, 0.0332432
196.051, 0.835546, -2289.01, 0.875689, -2289.19, 0.878694, -2289.45, -0.00571766, -0.00571767, -0.00571761, 0.00107923, 0.866115, 0.0412233, -0.58224, 0.0331898
196.101, 0.835414, -2295.18, 0.87555, -2295.37, 0.878554, -2295.62, -0.00571747, -0.0057174, -0.00571749, 0.00107923, 0.866115, 0.0412231, -0.582053, 0.0331365
196.151, 0.835284, -2301.36, 0.875413, -2301.54, 0.878417, -2301.8, -0.00571735, -0.00571747, -0.00571755, 0.00107923, 0.866115, 0.0412227, -0.58187, 0.0330835
196.202, 0.835156, -2307.53, 0.875279, -2307.71, 0.878283, -2307.97, -0.00570737, -0.00570746, -0.00570746, 0.00107923, 0.866115, 0.0412221, -0.581691, 0.0330308
196.252, 0.835031, -2313.69, 0.875148, -2313.88, 0.878151, -2314.13, -0.00570727, -0.00570736, -0.00570723, 0.00107923, 0.866115, 0.0412218, -0.581516, 0.0329784
196.302, 0.834909, -2319.85, 0.87502, -2320.04, 0.878023, -2320.3, -0.0057072, -0.00570728, -0.00570728, 0.00107923, 0.866115, 0.0412216, -0.581345, 0.0329264
196.353, 0.834789, -2326.02, 0.874895, -2326.2, 0.877896, -2326.46, -0.00570722, -0.00570736, -0.00570727, 0.00107923, 0.866115, 0.0412212, -0.581177, 0.0328747
196.403, 0.834672, -2332.17, 0.874772, -2332.36, 0.877773, -2332.62, -0.00569721, -0.00569723, -0.00569715, 0.00107923, 0.866115, 0.0412209, -0.581012, 0.0328233
196.454, 0.834558, -2338.33, 0.874652, -2338.51, 0.877652, -2338.77, -0.00569721, -0.00569713, -0.00569715, 0.00107923, 0.866115, 0.0412206, -0.580851, 0.0327722
196.504, 0.834446, -2344.48, 0.874534, -2344.67, 0.877534, -2344.92, -0.00569718, -0.00569715, -0.00569709, 0.00107923, 0.866115, 0.0412202, -0.580694, 0.0327216
196.554, 0.834336, -2350.63, 0.87442, -2350.82, 0.877419, -2351.08, -0.00569716, -0.00569723, -0.00569724, 0.00107923, 0.866115, 0.04122, -0.58054, 0.0326713
196.605, 0.834229, -2356.78, 0.874307, -2356.97, 0.877306, -2357.22, -0.0056871, -0.00568711, -0.00568704, 0.00107923, 0.866115, 0.0412197, -0.580391, 0.0326215
196.655, 0.834125, -2362.92, 0.874198, -2363.11, 0.877196, -2363.37, -0.00568704, -0.00568699, -0.00568701, 0.00107923, 0.866115, 0.0412195, -0.580244, 0.032572
196.705, 0.834022, -2369.06, 0.87409, -2369.25, 0.877088, -2369.51, -0.00568704, -0.00568698, -0.00568707, 0.00107923, 0.866115, 0.0412188, -0.580101, 0.0325229
196.756, 0.833923, -2375.21, 0.873986, -2375.39, 0.876983, -2375.65, -0.00568696, -0.00568705, -0.00568707, 0.00107923, 0.866115, 0.041219, -0.579961, 0.0324742
196.806, 0.833826, -2381.35, 0.873884, -2381.53, 0.876881, -2381.79, -0.00568694, -0.00568695, -0.00568695, 0.00107923, 0.866115, 0.0412185, -0.579825, 0.032426
196.856, 0.833731, -2387.49, 0.873785, -2387.68, 0.876781, -2387.93, -0.00568702, -0.00568704, -0.00568695, 0.00107923, 0.866115, 0.0412181, -0.579692, 0.0323781
196.907, 0.833638, -2393.63, 0.873688, -2393.82, 0.876684, -2394.07, -0.00568115, -0.00568117, -0.00568111, 0.00107923, 0.866115, 0.041218, -0.579562, 0.0323308
196.957, 0.833548, -2399.76, 0.873593, -2399.95, 0.876589, -2400.21, -0.00567674, -0.00567679, -0.00567686, 0.00107923, 0.866115, 0.0412176, -0.579436, 0.0322838
197, 0.833473, -2405.03, 0.873515, -2405.22, 0.87651, -2405.48, -0.00567689, -0.00567685, -0.00567687, 0.00107923, 0.866115, 0.0412173, -0.579331, 0.0322438
197, 0.833473, -2405.03, 0.873515, -2405.22, 0.87651, -2405.48, -0.00567689, -0.00567685, -0.00567687, 0.00107923, 0.866115, 0.0412181, -0.579331, 0.0322436
197.051, 0.833388, -2411.17, 0.873425, -2411.35, 0.87642, -2411.61, -0.00567687, -0.0056769, -0.00567685, 0.00107923, 0.866115, 0.041217, -0.579211, 0.0321977
197.101, 0.833304, -2417.3, 0.873337, -2417.48, 0.876332, -2417.74, -0.00567684, -0.00567686, -0.00567683, 0.00107923, 0.866115, 0.041217, -0.579094, 0.0321521
197.151, 0.833224, -2423.43, 0.873253, -2423.61, 0.876247, -2423.87, -0.00567681, -0.00567689, -0.00567689, 0.00107923, 0.866115, 0.0412167, -0.578981, 0.0321069
197.202, 0.833145, -2429.56, 0.873171, -2429.75, 0.876164, -2430, -0.00567686, -0.00567684, -0.00567686, 0.00107923, 0.866115, 0.0412164, -0.578872, 0.0320622
197.252, 0.833069, -2435.69, 0.873091, -2435.88, 0.876084, -2436.13, -0.00567489, -0.00567496, -0.00567492, 0.00107923, 0.866115, 0.0412163, -0.578765, 0.032018
197.303, 0.832996, -2441.82, 0.873013, -2442.01, 0.876006, -2442.26, -0.00567678, -0.0056768, -0.00567686, 0.00107923, 0.866115, 0.0412161, -0.578662, 0.0319743
197.353, 0.832924, -2447.95, 0.872939, -2448.14, 0.875931, -2448.39, -0.00567686, -0.00567682, -0.00567684, 0.00107923, 0.866115, 0.0412158, -0.578562, 0.031931
197.403, 0.832855, -2454.08, 0.872866, -2454.27, 0.875858, -2454.53, -0.00567681, -0.00567685, -0.00567679, 0.00107923, 0.866115, 0.0412156, -0.578465, 0.0318883
197.454, 0.832788, -2460.21, 0.872796, -2460.4, 0.875788, -2460.66, -0.00567683, -0.00567683, -0.0056768, 0.00107923, 0.866115, 0.0412156, -0.578371, 0.0318461
197.504, 0.832723, -2466.34, 0.872728, -2466.53, 0.875719, -2466.79, -0.00567674, -0.00567678, -0.00567679, 0.00107923, 0.866115, 0.0412152, -0.57828, 0.0318044
197.554, 0.83266, -2472.47, 0.872662, -2472.66, 0.875653, -2472.92, -0.00567686, -0.00567684, -0.00567685, 0.00107923, 0.866115, 0.0412148, -0.578193, 0.0317631
197.605, 0.8326, -2478.61, 0.872599, -2478.79, 0.87559, -2479.05, -0.0056768, -0.0056768, -0.00567684, 0.00107923, 0.866115, 0.041215, -0.578108, 0.0317224
197.655, 0.832541, -2484.74, 0.872537, -2484.92, 0.875528, -2485.18, -0.00567677, -0.00567679, -0.00567679, 0.00107923, 0.866115, 0.0412145, -0.578026, 0.0316823
197.705, 0.832485, -2490.87, 0.872479, -2491.05, 0.875469, -2491.31, -0.00567675, -0.00567677, -0.00567679, 0.00107923, 0.866115, 0.0412143, -0.577948, 0.0316426
197.756, 0.832431, -2497, 0.872422, -2497.19, 0.875412, -2497.44, -0.00567678, -0.00567677, -0.00567678, 0.00107923, 0.866115, 0.0412144, -0.577872, 0.0316035
197.806, 0.832379, -2503.13, 0.872367, -2503.32, 0.875357, -2503.57, -0.00567678, -0.0056768, -0.00567679, 0.00107923, 0.866115, 0.0412142, -0.577799, 0.0315649
197.856, 0.83233, -2509.26, 0.872315, -2509.45, 0.875305, -2509.7, -0.00567677, -0.00567678, -0.00567679, 0.00107923, 0.866115, 0.041214, -0.57773, 0.0315268
197.907, 0.832282, -2515.39, 0.872265, -2515.58, 0.875255, -2515.84, -0.00567928, -0.0056793, -0.0056793, 0.00107923, 0.866115, 0.0412139, -0.577663, 0.0314893
197.957, 0.832237, -2521.53, 0.872218, -2521.72, 0.875207, -2521.98, -0.00568686, -0.00568688, -0.00568689, 0.00107923, 0.866115, 0.0412138, -0.5776, 0.0314523
198, 0.8322, -2526.82, 0.872179, -2527, 0.875168, -2527.26, -0.00568686, -0.00568687, -0.00568688, 0.00107923, 0.866115, 0.0412137, -0.577547, 0.0314209
198, 0.8322, -2526.82, 0.872179, -2527, 0.875168, -2527.26, -0.00568686, -0.00568687, -0.00568688, 0.00107923, 0.866115, 0.0412146, -0.577548, 0.0314207
198.051, 0.832158, -2532.96, 0.872135, -2533.14, 0.875124, -2533.4, -0.00568688, -0.00568689, -0.00568689, 0.00107923, 0.866115, 0.0412136, -0.577488, 0.0313849
198.101, 0.832118, -2539.1, 0.872093, -2539.29, 0.875082, -2539.54, -0.00568681, -0.00568683, -0.00568682, 0.00107923, 0.866115, 0.0412136, -0.577434, 0.0313495
198.151, 0.83208, -2545.24, 0.872054, -2545.43, 0.875042, -2545.69, -0.00568686, -0.00568687, -0.00568687, 0.00107923, 0.866115, 0.0412135, -0.577381, 0.0313146
198.202, 0.832045, -2551.38, 0.872016, -2551.57, 0.875005, -2551.83, -0.00568685, -0.00568689, -0.00568686, 0.00107923, 0.866115, 0.0412129, -0.577331, 0.0312803
198.252, 0.832011, -2557.52, 0.871981, -2557.71, 0.874969, -2557.97, -0.00568682, -0.00568688, -0.00568686, 0.00107923, 0.866115, 0.0412134, -0.577284, 0.0312465
198.303, 0.831979, -2563.67, 0.871948, -2563.86, 0.874936, -2564.12, -0.00569694, -0.00569694, -0.00569699, 0.00107923, 0.866115, 0.0412133, -0.577239, 0.0312133
198.353, 0.831949, -2569.82, 0.871916, -2570.01, 0.874904, -2570.27, -0.00569697, -0.00569701, -0.005697, 0.00107923, 0.866115, 0.0412129, -0.577197, 0.0311806
198.403, 0.831921, -2575.98, 0.871887, -2576.17, 0.874875, -2576.42, -0.00569695, -0.00569697, -0.00569696, 0.00107923, 0.866115, 0.0412126, -0.577158, 0.0311485
198.454, 0.831895, -2582.13, 0.87186, -2582.32, 0.874847, -2582.57, -0.00569696, -0.00569692, -0.00569695, 0.00107923, 0.866115, 0.0412129, -0.577122, 0.0311169
198.504, 0.831871, -2588.28, 0.871834, -2588.47, 0.874821, -2588.73, -0.00569699, -0.00569701, -0.005697, 0.00107923, 0.866115, 0.0412128, -0.577088, 0.0310859
198.554, 0.831849, -2594.44, 0.871811, -2594.63, 0.874798, -2594.88, -0.00570626, -0.0057063, -0.00570629, 0.00107923, 0.866115, 0.0412127, -0.577057, 0.0310554
198.605, 0.831828, -2600.6, 0.871789, -2600.79, 0.874776, -2601.05, -0.00570704, -0.00570707, -0.00570703, 0.00107923, 0.866115, 0.0412125, -0.577027, 0.0310256
198.655, 0.831809, -2606.77, 0.871769, -2606.95, 0.874757, -2607.21, -0.00570709, -0.0057071, -0.00570704, 0.00107923, 0.866115, 0.0412126, -0.577002, 0.0309962
198.705, 0.831792, -2612.93, 0.871751, -2613.12, 0.874738, -2613.37, -0.00570704, -0.00570704, -0.00570707, 0.00107923, 0.866115, 0.0412125, -0.576977, 0.0309674
198.756, 0.831777, -2619.09, 0.871736, -2619.28, 0.874723, -2619.54, -0.00570709, -0.00570709, -0.00570701, 0.00107923, 0.866115, 0.0412125, -0.576956, 0.0309392
198.806, 0.831763, -2625.26, 0.871721, -2625.45, 0.874708, -2625.71, -0.0057172, -0.00571713, -0.00571713, 0.00107923, 0.866115, 0.0412125, -0.576937, 0.0309116
198.856, 0.831752, -2631.44, 0.871709, -2631.63, 0.874696, -2631.88, -0.00571718, -0.00571721, -0.00571719, 0.00107923, 0.866115, 0.0412124, -0.576921, 0.0308845
198.907, 0.831742, -2637.61, 0.871698, -2637.8, 0.874685, -2638.06, -0.00571712, -0.00571713, -0.00571713, 0.00107923, 0.866115, 0.0412124, -0.576907, 0.0308579
198.957, 0.831733, -2643.79, 0.87169, -2643.97, 0.874677, -2644.23, -0.00571718, -0.00571721, -0.00571718, 0.00107923, 0.866115, 0.0412119, -0.576896, 0.0308319
199, 0.831727, -2649.1, 0.871683, -2649.29, 0.87467, -2649.55, -0.00572724, -0.00572724, -0.00572723, 0.00107923, 0.866115, 0.0412123, -0.576887, 0.03081
199, 0.831727, -2649.1, 0.871684, -2649.29, 0.87467, -2649.55, -0.00572724, -0.00572724, -0.00572723, 0.00107923, 0.866115, 0.041213, -0.576887, 0.0308098
199.051, 0.831722, -2655.29, 0.871678, -2655.48, 0.874665, -2655.73, -0.00572724, -0.0057274, -0.00572735, 0.00107923, 0.866115, 0.0412124, -0.57688, 0.030785
199.101, 0.831719, -2661.47, 0.871674, -2661.66, 0.874661, -2661.92, -0.00572727, -0.00572724, -0.0057272, 0.00107923, 0.866115, 0.0412123, -0.576875, 0.0307606
199.152, 0.831717, -2667.66, 0.871672, -2667.85, 0.874659, -2668.1, -0.00572724, -0.00572736, -0.00572725, 0.00107923, 0.866115, 0.0412125, -0.576872, 0.0307368
199.202, 0.831716, -2673.85, 0.871672, -2674.04, 0.874659, -2674.3, -0.00573734, -0.00573736, -0.00573736, 0.00107923, 0.866115, 0.0412121, -0.576872, 0.0307134
199.252, 0.831717, -2680.05, 0.871673, -2680.24, 0.87466, -2680.49, -0.00573736, -0.0057372, -0.00573736, 0.00107923, 0.866115, 0.0412123, -0.576873, 0.0306907
199.303, 0.83172, -2686.25, 0.871676, -2686.43, 0.874663, -2686.69, -0.00573736, -0.00573736, -0.00573727, 0.00107923, 0.866115, 0.0412123, -0.576877, 0.0306685
199.353, 0.831724, -2692.45, 0.87168, -2692.63, 0.874667, -2692.89, -0.00574734, -0.00574734, -0.00574734, 0.00107923, 0.866115, 0.0412124, -0.576882, 0.0306468
199.403, 0.83173, -2698.65, 0.871686, -2698.84, 0.874673, -2699.1, -0.00574747, -0.00574743, -0.00574748, 0.00107923, 0.866115, 0.0412123, -0.57689, 0.0306256
199.454, 0.831736, -2704.86, 0.871693, -2705.05, 0.874679, -2705.3, -0.00574748, -0.00574748, -0.00574748, 0.00107923, 0.866115, 0.0412123, -0.576899, 0.030605
199.504, 0.831745, -2711.07, 0.871702, -2711.26, 0.874689, -2711.51, -0.00574748, -0.00574745, -0.00574744, 0.00107923, 0.866115, 0.0412124, -0.576911, 0.030585
199.554, 0.831755, -2717.29, 0.871712, -2717.47, 0.874699, -2717.73, -0.00575759, -0.00575756, -0.00575756, 0.00107923, 0.866115, 0.0412122, -0.576925, 0.0305655
199.605, 0.831765, -2723.5, 0.871723, -2723.69, 0.87471, -2723.95, -0.00575757, -0.00575758, -0.00575758, 0.00107923, 0.866115, 0.0412125, -0.57694, 0.0305465
199.655, 0.831778, -2729.72, 0.871737, -2729.91, 0.874724, -2730.17, -0.00575759, -0.00575766, -0.00575762, 0.00107923, 0.866115, 0.0412124, -0.576958, 0.030528
199.705, 0.831791, -2735.95, 0.871751, -2736.14, 0.874738, -2736.39, -0.00576771, -0.00576771, -0.00576771, 0.00107923, 0.866115, 0.0412124, -0.576976, 0.0305101
199.756, 0.831807, -2742.18, 0.871767, -2742.37, 0.874755, -2742.62, -0.00576769, -0.0057677, -0.00576775, 0.00107923, 0.866115, 0.0412126, -0.576999, 0.0304926
199.806, 0.831824, -2748.41, 0.871784, -2748.6, 0.874772, -2748.85, -0.00576766, -0.00576766, -0.00576768, 0.00107923, 0.866115, 0.0412122, -0.577022, 0.0304757
199.856, 0.831841, -2754.64, 0.871802, -2754.83, 0.87479, -2755.09, -0.00577774, -0.00577779, -0.00577771, 0.00107923, 0.866115, 0.0412126, -0.577046, 0.0304594
199.907, 0.83186, -2760.89, 0.871823, -2761.07, 0.87481, -2761.33, -0.00577793, -0.00577794, -0.00577797, 0.00107923, 0.866115, 0.0412129, -0.577073, 0.0304435
199.957, 0.83188, -2767.12, 0.871844, -2767.31, 0.874831, -2767.57, -0.00577774, -0.00577779, -0.00577781, 0.00107923, 0.866115, 0.0412127, -0.577101, 0.0304281
200, 0.831899, -2772.5, 0.871863, -2772.69, 0.874851, -2772.94, -0.0057879, -0.00578792, -0.00578787, 0.00107923, 0.866115, 0.0412128, -0.577127, 0.0304153
200, 0.831899, -2772.5, 0.871863, -2772.69, 0.874851, -2772.94, -0.0057879, -0.00578792, -0.00578787, 0.00107923, 0.866115, 0.0412137, -0.577127, 0.0304152
200.051, 0.831921, -2778.75, 0.871887, -2778.94, 0.874875, -2779.19, -0.0057879, -0.00578789, -0.00578792, 0.00107923, 0.866115, 0.0412128, -0.577159, 0.0304009
200.101, 0.831945, -2785, 0.871912, -2785.19, 0.8749, -2785.44, -0.00578788, -0.00578792, -0.00578791, 0.00107923, 0.866115, 0.0412129, -0.577191, 0.030387
200.152, 0.831969, -2791.26, 0.871937, -2791.45, 0.874925, -2791.7, -0.00579804, -0.00579803, -0.00579803, 0.00107923, 0.866115, 0.041213, -0.577225, 0.0303736
200.202, 0.831995, -2797.52, 0.871965, -2797.71, 0.874953, -2797.96, -0.00579822, -0.00579818, -0.00579821, 0.00107923, 0.866115, 0.0412131, -0.577262, 0.0303607
200.252, 0.832023, -2803.78, 0.871993, -2803.97, 0.874981, -2804.23, -0.00579803, -0.00579797, -0.00579803, 0.00107923, 0.866115, 0.0412133, -0.5773, 0.0303482
200.303, 0.83205, -2810.05, 0.872022, -2810.24, 0.87501, -2810.5, -0.00580813, -0.00580813, -0.00580813, 0.00107923, 0.866115, 0.0412133, -0.577338, 0.0303363
200.353, 0.832079, -2816.33, 0.872053, -2816.51, 0.875041, -2816.77, -0.00580813, -0.0058081, -0.00580811, 0.00107923, 0.866115, 0.0412134, -0.577379, 0.0303248
200.403, 0.83211, -2822.6, 0.872084, -2822.79, 0.875073, -2823.04, -0.00580807, -0.00580808, -0.00580807, 0.00107923, 0.866115, 0.0412133, -0.577422, 0.0303138
200.454, 0.832141, -2828.88, 0.872117, -2829.07, 0.875106, -2829.33, -0.00581825, -0.00581825, -0.00581826, 0.00107923, 0.866115, 0.0412135, -0.577465, 0.0303033
200.504, 0.832172, -2835.17, 0.87215, -2835.35, 0.875139, -2835.61, -0.00581827, -0.00581828, -0.00581827, 0.00107923, 0.866115, 0.0412134, -0.577509, 0.0302932
200.554, 0.832205, -2841.45, 0.872185, -2841.64, 0.875174, -2841.9, -0.00582655, -0.00582655, -0.00582652, 0.00107923, 0.866115, 0.0412137, -0.577556, 0.0302836
200.605, 0.832239, -2847.75, 0.872221, -2847.93, 0.87521, -2848.19, -0.00582837, -0.00582839, -0.00582833, 0.00107923, 0.866115, 0.0412139, -0.577603, 0.0302745
200.655, 0.832274, -2854.04, 0.872256, -2854.23, 0.875246, -2854.48, -0.00582834, -0.00582834, -0.00582832, 0.00107923, 0.866115, 0.041214, -0.577651, 0.0302658
200.705, 0.832309, -2860.34, 0.872293, -2860.53, 0.875283, -2860.78, -0.00583837, -0.00583836, -0.00583837, 0.00107923, 0.866115, 0.0412141, -0.577701, 0.0302576
200.756, 0.832345, -2866.64, 0.872332, -2866.83, 0.875322, -2867.09, -0.00583847, -0.00583846, -0.00583846, 0.00107923, 0.866115, 0.0412141, -0.577752, 0.0302498
200.806, 0.832383, -2872.95, 0.872371, -2873.14, 0.875361, -2873.39, -0.00583847, -0.00583845, -0.00583845, 0.00107923, 0.866115, 0.0412142, -0.577805, 0.0302424
200.856, 0.832421, -2879.26, 0.872411, -2879.45, 0.875401, -2879.71, -0.00584858, -0.00584856, -0.00584856, 0.00107923, 0.866115, 0.0412143, -0.577857, 0.0302355
200.907, 0.832459, -2885.58, 0.87245, -2885.76, 0.875441, -2886.02, -0.00584859, -0.00584857, -0.00584856, 0.00107923, 0.866115, 0.0412144, -0.57791, 0.030229
200.957, 0.832498, -2891.89, 0.872492, -2892.08, 0.875482, -2892.34, -0.00584857, -0.00584856, -0.00584856, 0.00107923, 0.866115, 0.0412146, -0.577965, 0.030223
201.001, 0.832533, -2897.33, 0.872529, -2897.52, 0.875519, -2897.78, -0.00585867, -0.00585867, -0.00585868, 0.00107923, 0.866115, 0.0412146, -0.578015, 0.0302181
201.001, 0.832533, -2897.33, 0.872529, -2897.52, 0.875519, -2897.78, -0.00585867, -0.00585867, -0.00585868, 0.00107923, 0.866115, 0.0412155, -0.578014, 0.030218
201.051, 0.832574, -2903.66, 0.872572, -2903.85, 0.875562, -2904.11, -0.00585881, -0.00585878, -0.0058588, 0.00107923, 0.866115, 0.0412149, -0.578071, 0.0302128
201.101, 0.832615, -2909.99, 0.872614, -2910.18, 0.875606, -2910.43, -0.00585868, -0.00585872, -0.00585872, 0.00107923, 0.866115, 0.0412149, -0.578129, 0.030208
201.152, 0.832656, -2916.33, 0.872657, -2916.51, 0.875649, -2916.77, -0.0058688, -0.00586879, -0.00586879, 0.00107923, 0.866115, 0.0412151, -0.578186, 0.0302035
201.202, 0.832698, -2922.66, 0.872702, -2922.85, 0.875693, -2923.11, -0.00586888, -0.00586885, -0.00586883, 0.00107923, 0.866115, 0.0412153, -0.578246, 0.0301994
201.252, 0.832742, -2929, 0.872748, -2929.19, 0.87574, -2929.45, -0.00587569, -0.00587569, -0.00587567, 0.00107923, 0.866115, 0.0412151, -0.578307, 0.0301958
201.303, 0.832787, -2935.35, 0.872794, -2935.54, 0.875786, -2935.8, -0.00587895, -0.00587892, -0.00587894, 0.00107923, 0.866115, 0.0412153, -0.578369, 0.0301925
201.353, 0.832831, -2941.7, 0.872841, -2941.89, 0.875833, -2942.15, -0.0058789, -0.00587897, -0.0058789, 0.00107923, 0.866115, 0.0412156, -0.578431, 0.0301896
201.403, 0.832875, -2948.05, 0.872887, -2948.24, 0.875879, -2948.5, -0.00588886, -0.00588886, -0.00588889, 0.00107923, 0.866115, 0.0412157, -0.578493, 0.0301871
201.454, 0.832919, -2954.41, 0.872933, -2954.6, 0.875926, -2954.86, -0.00588907, -0.00588903, -0.00588903, 0.00107923, 0.866115, 0.0412157, -0.578555, 0.030185
201.504, 0.832964, -2960.77, 0.87298, -2960.96, 0.875973, -2961.22, -0.00588902, -0.00588898, -0.00588901, 0.00107923, 0.866115, 0.0412159, -0.578617, 0.0301833
201.554, 0.833011, -2967.14, 0.87303, -2967.33, 0.876023, -2967.58, -0.00589917, -0.00589911, -0.0058991, 0.00107923, 0.866115, 0.041216, -0.578683, 0.0301819
201.605, 0.833059, -2973.51, 0.87308, -2973.7, 0.876073, -2973.96, -0.00590055, -0.00590059, -0.00590054, 0.00107923, 0.866115, 0.0412162, -0.57875, 0.0301808
201.655, 0.833106, -2979.88, 0.873129, -2980.07, 0.876123, -2980.33, -0.00589916, -0.00589912, -0.00589911, 0.00107923, 0.866115, 0.0412164, -0.578816, 0.0301802
201.705, 0.833153, -2986.26, 0.873179, -2986.45, 0.876173, -2986.7, -0.00590923, -0.00590929, -0.00590922, 0.00107923, 0.866115, 0.0412164, -0.578883, 0.0301798
201.756, 0.833201, -2992.64, 0.873229, -2992.83, 0.876223, -2993.09, -0.00590929, -0.00590924, -0.00590923, 0.00107923, 0.866115, 0.0412165, -0.57895, 0.0301798
201.806, 0.833249, -2999.02, 0.873279, -2999.21, 0.876274, -2999.47, -0.00590926, -0.00590929, -0.00590929, 0.00107923, 0.866115, 0.0412168, -0.579017, 0.0301802
201.857, 0.833297, -3005.42, 0.87333, -3005.6, 0.876324, -3005.86, -0.00591939, -0.00591941, -0.00591943, 0.00107923, 0.866115, 0.0412167, -0.579084, 0.0301809
201.907, 0.833345, -3011.81, 0.87338, -3012, 0.876374, -3012.25, -0.00591951, -0.00591943, -0.00591932, 0.00107923, 0.866115, 0.0412167, -0.579151, 0.0301819
201.957, 0.833393, -3018.2, 0.87343, -3018.39, 0.876425, -3018.65, -0.00591933, -0.00591929, -0.00591929, 0.00107923, 0.866115, 0.0412173, -0.579218, 0.0301832
202.001, 0.833435, -3023.71, 0.873475, -3023.89, 0.87647, -3024.15, -0.0059295, -0.00592938, -0.00592953, 0.00107923, 0.866115, 0.0412173, -0.579278, 0.0301846
202.001, 0.833435, -3023.71, 0.873475, -3023.89, 0.87647, -3024.15, -0.0059295, -0.00592938, -0.00592953, 0.00107923, 0.866115, 0.0412183, -0.579278, 0.0301846
202.051, 0.833486, -3030.11, 0.873528, -3030.3, 0.876523, -3030.55, -0.00592947, -0.00592945, -0.00592945, 0.00107923, 0.866115, 0.0412175, -0.579349, 0.0301865
202.101, 0.833537, -3036.51, 0.873581, -3036.7, 0.876577, -3036.96, -0.00592957, -0.0059295, -0.00592939, 0.00107923, 0.866115, 0.0412173, -0.57942, 0.0301888
202.152, 0.833588, -3042.93, 0.873635, -3043.11, 0.87663, -3043.37, -0.00593967, -0.00593951, -0.00593964, 0.00107923, 0.866115, 0.0412177, -0.579491, 0.0301913
202.202, 0.833639, -3049.34, 0.873688, -3049.53, 0.876684, -3049.79, -0.00593975, -0.0059397, -0.0059397, 0.00107923, 0.866115, 0.0412178, -0.579563, 0.0301941
202.252, 0.83369, -3055.76, 0.873742, -3055.94, 0.876738, -3056.2, -0.00593965, -0.00593953, -0.00593958, 0.00107923, 0.866115, 0.041218, -0.579635, 0.0301972
202.303, 0.833741, -3062.18, 0.873796, -3062.37, 0.876792, -3062.62, -0.00594979, -0.00594979, -0.0059497, 0.00107923, 0.866115, 0.0412181, -0.579706, 0.0302006
202.353, 0.833793, -3068.61, 0.87385, -3068.79, 0.876846, -3069.05, -0.00594977, -0.00594973, -0.00594964, 0.00107923, 0.866115, 0.0412183, -0.579778, 0.0302043
202.403, 0.833844, -3075.03, 0.873903, -3075.22, 0.8769, -3075.47, -0.00594977, -0.00594979, -0.00594976, 0.00107923, 0.866115, 0.0412186, -0.57985, 0.0302082
202.454, 0.833895, -3081.46, 0.873957, -3081.65, 0.876954, -3081.91, -0.00595983, -0.00595982, -0.00595982, 0.00107923, 0.866115, 0.0412185, -0.579922, 0.0302124
202.504, 0.833946, -3087.9, 0.874011, -3088.09, 0.877008, -3088.34, -0.00596059, -0.00596071, -0.00596056, 0.00107923, 0.866115, 0.0412189, -0.579994, 0.0302169
202.554, 0.833998, -3094.34, 0.874065, -3094.52, 0.877062, -3094.78, -0.00595978, -0.00595982, -0.0059599, 0.00107923, 0.866115, 0.0412191, -0.580066, 0.0302216
202.605, 0.834049, -3100.78, 0.874118, -3100.97, 0.877116, -3101.22, -0.00596988, -0.00597002, -0.00596999, 0.00107923, 0.866115, 0.0412189, -0.580138, 0.0302266
202.655, 0.8341, -3107.23, 0.874172, -3107.41, 0.87717, -3107.67, -0.00597005, -0.00596997, -0.00596997, 0.00107923, 0.866115, 0.0412196, -0.58021, 0.0302318
202.705, 0.834151, -3113.68, 0.874226, -3113.86, 0.877224, -3114.12, -0.00597003, -0.00597003, -0.00596993, 0.00107923, 0.866115, 0.0412195, -0.580282, 0.0302373
202.756, 0.834203, -3120.13, 0.874279, -3120.31, 0.877278, -3120.57, -0.00597992, -0.00597991, -0.00597978, 0.00107923, 0.866115, 0.0412194, -0.580353, 0.030243
202.806, 0.834254, -3126.58, 0.874333, -3126.77, 0.877332, -3127.03, -0.0059801, -0.00598006, -0.00598012, 0.00107923, 0.866115, 0.0412196, -0.580426, 0.0302489
202.857, 0.834305, -3133.04, 0.874387, -3133.23, 0.877386, -3133.49, -0.00598008, -0.00598008, -0.00598007, 0.00107923, 0.866115, 0.0412199, -0.580497, 0.030255
202.907, 0.834356, -3139.5, 0.874441, -3139.69, 0.87744, -3139.95, -0.00598007, -0.00598009, -0.00598011, 0.00107923, 0.866115, 0.04122, -0.580569, 0.0302614
202.957, 0.834408, -3145.97, 0.874495, -3146.16, 0.877494, -3146.41, -0.00599024, -0.0059902, -0.0059902, 0.00107923, 0.866115, 0.0412201, -0.580641, 0.030268
203.001, 0.834452, -3151.54, 0.874541, -3151.72, 0.877541, -3151.98, -0.00599018, -0.00599021, -0.00599016, 0.00107923, 0.866115, 0.0412202, -0.580703, 0.0302738
203.001, 0.834452, -3151.54, 0.874541, -3151.72, 0.877541, -3151.98, -0.00599018, -0.00599021, -0.00599016, 0.00107923, 0.866115, 0.0412211, -0.580703, 0.0302738
203.051, 0.834503, -3158, 0.874595, -3158.19, 0.877595, -3158.45, -0.00599025, -0.00599021, -0.0059902, 0.00107923, 0.866115, 0.0412204, -0.580775, 0.0302807
203.101, 0.834554, -3164.48, 0.874648, -3164.66, 0.877649, -3164.92, -0.00600028, -0.00600026, -0.00600029, 0.00107923, 0.866115, 0.0412204, -0.580847, 0.0302879
203.152, 0.834605, -3170.96, 0.874702, -3171.15, 0.877703, -3171.4, -0.0060003, -0.00600031, -0.00600028, 0.00107923, 0.866115, 0.0412208, -0.580918, 0.0302952
203.202, 0.834657, -3177.44, 0.874756, -3177.63, 0.877757, -3177.88, -0.00600037, -0.00600032, -0.00600033, 0.00107923, 0.866115, 0.0412207, -0.580991, 0.0303028
203.252, 0.834708, -3183.92, 0.874809, -3184.11, 0.877811, -3184.36, -0.0060003, -0.00600032, -0.00600031, 0.00107923, 0.866115, 0.0412206, -0.581063, 0.0303105
203.303, 0.834759, -3190.41, 0.874863, -3190.6, 0.877865, -3190.85, -0.00601046, -0.00601048, -0.00601046, 0.00107923, 0.866115, 0.0412214, -0.581135, 0.0303184
203.353, 0.83481, -3196.9, 0.874917, -3197.09, 0.877919, -3197.34, -0.00601045, -0.00601046, -0.00601049, 0.00107923, 0.866115, 0.0412215, -0.581206, 0.0303264
203.403, 0.834862, -3203.39, 0.874971, -3203.58, 0.877973, -3203.83, -0.00601051, -0.00601048, -0.00601046, 0.00107923, 0.866115, 0.0412216, -0.581278, 0.0303347
203.454, 0.834911, -3209.88, 0.875022, -3210.07, 0.878025, -3210.33, -0.00601629, -0.00601628, -0.00601625, 0.00107923, 0.866115, 0.0412217, -0.581348, 0.0303431
203.504, 0.834959, -3216.39, 0.875073, -3216.57, 0.878075, -3216.83, -0.00602056, -0.00602059, -0.00602055, 0.00107923, 0.866115, 0.0412216, -0.581415, 0.0303516
203.554, 0.835007, -3222.89, 0.875123, -3223.07, 0.878126, -3223.33, -0.00602116, -0.00602113, -0.00602113, 0.00107923, 0.866115, 0.0412219, -0.581482, 0.0303603
203.605, 0.835055, -3229.39, 0.875173, -3229.58, 0.878176, -3229.83, -0.00602059, -0.00602056, -0.00602056, 0.00107923, 0.866115, 0.0412219, -0.581549, 0.0303692
203.655, 0.835103, -3235.89, 0.875224, -3236.08, 0.878227, -3236.34, -0.00602935, -0.00602933, -0.00602933, 0.00107923, 0.866115, 0.0412221, -0.581617, 0.0303782
203.706, 0.835151, -3242.41, 0.875274, -3242.59, 0.878277, -3242.85, -0.0060307, -0.00603068, -0.00603068, 0.00107923, 0.866115, 0.0412222, -0.581684, 0.0303873
203.756, 0.835199, -3248.92, 0.875324, -3249.11, 0.878328, -3249.36, -0.00603069, -0.00603068, -0.00603067, 0.00107923, 0.866115, 0.0412225, -0.581751, 0.0303965
203.806, 0.835246, -3255.43, 0.875374, -3255.62, 0.878378, -3255.88, -0.00603071, -0.00603068, -0.00603067, 0.00107923, 0.866115, 0.0412226, -0.581818, 0.0304059
203.857, 0.835294, -3261.95, 0.875424, -3262.13, 0.878428, -3262.39, -0.00603073, -0.0060307, -0.0060307, 0.00107923, 0.866115, 0.0412227, -0.581885, 0.0304154
203.907, 0.835342, -3268.47, 0.875475, -3268.66, 0.878479, -3268.91, -0.0060408, -0.00604078, -0.00604076, 0.00107923, 0.866115, 0.0412225, -0.581953, 0.030425
203.957, 0.83539, -3275, 0.875525, -3275.18, 0.878529, -3275.44, -0.00604086, -0.00604081, -0.00604081, 0.00107923, 0.866115, 0.0412228, -0.58202, 0.0304348
204.001, 0.835431, -3280.61, 0.875568, -3280.79, 0.878572, -3281.05, -0.00604077, -0.00604076, -0.00604081, 0.00107923, 0.866115, 0.041223, -0.582078, 0.0304433
204.001, 0.835431, -3280.61, 0.875568, -3280.79, 0.878572, -3281.05, -0.00604077, -0.00604076, -0.00604081, 0.00107923, 0.866115, 0.0412238, -0.582078, 0.0304433
204.051, 0.835479, -3287.13, 0.875618, -3287.32, 0.878623, -3287.57, -0.00604081, -0.00604082, -0.00604082, 0.00107923, 0.866115, 0.0412236, -0.582145, 0.0304532
204.101, 0.835525, -3293.66, 0.875666, -3293.85, 0.878671, -3294.1, -0.00605095, -0.00605091, -0.0060509, 0.00107923, 0.866115, 0.0412231, -0.582209, 0.0304632
204.152, 0.83557, -3300.19, 0.875713, -3300.38, 0.878719, -3300.64, -0.00605095, -0.00605096, -0.00605095, 0.00107923, 0.866115, 0.0412237, -0.582272, 0.0304733
204.202, 0.835614, -3306.73, 0.87576, -3306.92, 0.878765, -3307.17, -0.00605097, -0.00605097, -0.006051, 0.00107923, 0.866115, 0.0412237, -0.582335, 0.0304835
204.252, 0.835658, -3313.26, 0.875806, -3313.45, 0.878812, -3313.71, -0.00605102, -0.00605097, -0.00605096, 0.00107923, 0.866115, 0.0412236, -0.582396, 0.0304938
204.303, 0.835703, -3319.8, 0.875853, -3319.99, 0.878859, -3320.24, -0.00605095, -0.00605092, -0.00605092, 0.00107923, 0.866115, 0.0412238, -0.582459, 0.0305042
204.353, 0.835747, -3326.34, 0.875899, -3326.53, 0.878906, -3326.79, -0.00606109, -0.00606102, -0.00606108, 0.00107923, 0.866115, 0.041224, -0.582522, 0.0305146
204.403, 0.835792, -3332.89, 0.875946, -3333.07, 0.878952, -3333.33, -0.0060611, -0.00606104, -0.00606104, 0.00107923, 0.866115, 0.0412241, -0.582584, 0.0305252
204.454, 0.835836, -3339.44, 0.875993, -3339.62, 0.878999, -3339.88, -0.00606125, -0.00606125, -0.00606127, 0.00107923, 0.866115, 0.0412243, -0.582646, 0.0305357
204.504, 0.83588, -3345.98, 0.876039, -3346.17, 0.879046, -3346.42, -0.00606107, -0.00606106, -0.00606105, 0.00107923, 0.866115, 0.0412245, -0.582708, 0.0305464
204.554, 0.835924, -3352.53, 0.876085, -3352.71, 0.879092, -3352.97, -0.00606102, -0.00606106, -0.00606101, 0.00107923, 0.866115, 0.0412244, -0.582771, 0.0305571
204.605, 0.835967, -3359.08, 0.87613, -3359.26, 0.879137, -3359.52, -0.00607121, -0.00607109, -0.00607123, 0.00107923, 0.866115, 0.0412246, -0.58283, 0.0305679
204.655, 0.836008, -3365.64, 0.876173, -3365.82, 0.87918, -3366.08, -0.00607123, -0.00607122, -0.0060712, 0.00107923, 0.866115, 0.0412246, -0.582888, 0.0305787
204.706, 0.836049, -3372.19, 0.876216, -3372.38, 0.879223, -3372.64, -0.0060712, -0.00607124, -0.00607114, 0.00107923, 0.866115, 0.0412246, -0.582945, 0.0305896
204.756, 0.83609, -3378.75, 0.876259, -3378.94, 0.879267, -3379.19, -0.00607109, -0.00607117, -0.00607105, 0.00107923, 0.866115, 0.0412249, -0.583004, 0.0306005
204.806, 0.836131, -3385.31, 0.876302, -3385.49, 0.87931, -3385.75, -0.00607124, -0.00607107, -0.00607112, 0.00107923, 0.866115, 0.0412253, -0.583061, 0.0306114
204.857, 0.836172, -3391.86, 0.876345, -3392.05, 0.879353, -3392.31, -0.00607125, -0.00607113, -0.00607123, 0.00107923, 0.866115, 0.0412251, -0.583119, 0.0306224
204.907, 0.836213, -3398.43, 0.876388, -3398.61, 0.879396, -3398.87, -0.00608141, -0.00608131, -0.00608129, 0.00107923, 0.866115, 0.0412253, -0.583176, 0.0306334
204.957, 0.836254, -3405, 0.876431, -3405.18, 0.879439, -3405.44, -0.00608137, -0.00608134, -0.00608135, 0.00107923, 0.866115, 0.0412256, -0.583234, 0.0306444
205.001, 0.836288, -3410.65, 0.876466, -3410.83, 0.879475, -3411.09, -0.00608137, -0.00608134, -0.00608121, 0.00107923, 0.866115, 0.0412257, -0.583282, 0.0306539
205.001, 0.836288, -3410.65, 0.876466, -3410.83, 0.879475, -3411.09, -0.00608137, -0.00608134, -0.00608121, 0.00107923, 0.866115, 0.0412266, -0.583282, 0.030654
205.051, 0.836326, -3417.21, 0.876506, -3417.4, 0.879515, -3417.66, -0.00608134, -0.00608132, -0.00608121, 0.00107923, 0.866115, 0.0412257, -0.583335, 0.030665
205.101, 0.836363, -3423.78, 0.876546, -3423.97, 0.879555, -3424.22, -0.00608127, -0.00608132, -0.00608125, 0.00107923, 0.866115, 0.0412257, -0.583388, 0.0306761
205.152, 0.836401, -3430.35, 0.876585, -3430.53, 0.879595, -3430.79, -0.00608136, -0.00608125, -0.00608121, 0.00107923, 0.866115, 0.0412258, -0.583441, 0.0306872
205.202, 0.836439, -3436.92, 0.876625, -3437.1, 0.879634, -3437.36, -0.00608712, -0.0060872, -0.0060872, 0.00107923, 0.866115, 0.0412261, -0.583493, 0.0306984
205.252, 0.836476, -3443.5, 0.876664, -3443.68, 0.879674, -3443.94, -0.00609146, -0.00609142, -0.00609143, 0.00107923, 0.866115, 0.041226, -0.583547, 0.0307095
205.303, 0.836514, -3450.08, 0.876704, -3450.26, 0.879713, -3450.52, -0.00609138, -0.00609133, -0.00609144, 0.00107923, 0.866115, 0.041226, -0.5836, 0.0307206
205.353, 0.836551, -3456.65, 0.876743, -3456.84, 0.879753, -3457.1, -0.00609148, -0.00609148, -0.00609141, 0.00107923, 0.866115, 0.0412264, -0.583652, 0.0307317
205.403, 0.836586, -3463.23, 0.87678, -3463.42, 0.87979, -3463.67, -0.00609149, -0.00609133, -0.00609146, 0.00107923, 0.866115, 0.041226, -0.583701, 0.0307429
205.454, 0.836621, -3469.81, 0.876816, -3470, 0.879826, -3470.25, -0.00609145, -0.00609134, -0.00609148, 0.00107923, 0.866115, 0.0412265, -0.58375, 0.030754
205.504, 0.836655, -3476.39, 0.876852, -3476.58, 0.879862, -3476.83, -0.00609147, -0.00609149, -0.00609148, 0.00107923, 0.866115, 0.0412267, -0.583798, 0.0307651
205.555, 0.836689, -3482.97, 0.876888, -3483.15, 0.879898, -3483.41, -0.00609145, -0.00609148, -0.00609134, 0.00107923, 0.866115, 0.0412267, -0.583846, 0.0307762
205.605, 0.836724, -3489.55, 0.876924, -3489.74, 0.879935, -3489.99, -0.0061008, -0.0061008, -0.00610076, 0.00107923, 0.866115, 0.0412268, -0.583895, 0.0307873
205.655, 0.836758, -3496.14, 0.87696, -3496.32, 0.879971, -3496.58, -0.0061016, -0.00610155, -0.00610154, 0.00107923, 0.866115, 0.0412269, -0.583943, 0.0307983
205.706, 0.836792, -3502.73, 0.876996, -3502.91, 0.880007, -3503.17, -0.00610159, -0.00610154, -0.00610157, 0.00107923, 0.866115, 0.041227, -0.583991, 0.0308094
205.756, 0.836824, -3509.32, 0.877028, -3509.5, 0.88004, -3509.76, -0.00610159, -0.00610155, -0.00610151, 0.00107923, 0.866115, 0.0412271, -0.584035, 0.0308204
205.806, 0.836855, -3515.91, 0.877061, -3516.09, 0.880073, -3516.35, -0.00610159, -0.00610152, -0.00610151, 0.00107923, 0.866115, 0.0412272, -0.584079, 0.0308313
205.857, 0.836886, -3522.5, 0.877094, -3522.68, 0.880105, -3522.94, -0.00610154, -0.00610158, -0.00610158, 0.00107923, 0.866115, 0.0412273, -0.584123, 0.0308423
205.907, 0.836917, -3529.09, 0.877126, -3529.27, 0.880138, -3529.53, -0.0061016, -0.00610152, -0.00610157, 0.00107923, 0.866115, 0.0412272, -0.584167, 0.0308532
205.957, 0.836948, -3535.68, 0.877159, -3535.86, 0.880171, -3536.12, -0.00610158, -0.00610159, -0.00610158, 0.00107923, 0.866115, 0.0412275, -0.58421, 0.0308641
206.001, 0.836975, -3541.35, 0.877187, -3541.53, 0.880199, -3541.79, -0.00610147, -0.00610149, -0.00610149, 0.00107923, 0.866115, 0.0412274, -0.584247, 0.0308734
206.001, 0.836975, -3541.35, 0.877187, -3541.53, 0.880199, -3541.79, -0.00610147, -0.00610149, -0.00610149, 0.00107923, 0.866115, 0.0412285, -0.584248, 0.0308734
206.051, 0.837005, -3547.93, 0.877219, -3548.12, 0.880231, -3548.38, -0.00610158, -0.00610157, -0.00610158, 0.00107923, 0.866115, 0.0412274, -0.584291, 0.0308842
206.101, 0.837033, -3554.52, 0.877248, -3554.71, 0.88026, -3554.97, -0.00610156, -0.00610152, -0.00610157, 0.00107923, 0.866115, 0.0412276, -0.58433, 0.030895
206.152, 0.837061, -3561.12, 0.877277, -3561.31, 0.88029, -3561.56, -0.00611169, -0.00611167, -0.00611166, 0.00107923, 0.866115, 0.0412275, -0.584369, 0.0309057
206.202, 0.837089, -3567.72, 0.877306, -3567.91, 0.880319, -3568.16, -0.0061117, -0.00611167, -0.00611168, 0.00107923, 0.866115, 0.041228, -0.584408, 0.0309163
206.252, 0.837116, -3574.32, 0.877335, -3574.51, 0.880348, -3574.77, -0.0061117, -0.0061117, -0.0061117, 0.00107923, 0.866115, 0.041228, -0.584447, 0.0309269
206.303, 0.837143, -3580.92, 0.877364, -3581.11, 0.880377, -3581.37, -0.00611171, -0.00611169, -0.00611171, 0.00107923, 0.866115, 0.041228, -0.584485, 0.0309375
206.353, 0.837171, -3587.52, 0.877392, -3587.71, 0.880405, -3587.97, -0.0061117, -0.0061117, -0.00611169, 0.00107923, 0.866115, 0.0412279, -0.584523, 0.030948
206.403, 0.837197, -3594.12, 0.87742, -3594.31, 0.880433, -3594.57, -0.0061117, -0.0061117, -0.00611169, 0.00107923, 0.866115, 0.0412282, -0.584561, 0.0309584
206.454, 0.837222, -3600.73, 0.877446, -3600.91, 0.880459, -3601.17, -0.0061117, -0.00611169, -0.00611169, 0.00107923, 0.866115, 0.0412283, -0.584596, 0.0309688
206.504, 0.837246, -3607.33, 0.877472, -3607.51, 0.880485, -3607.77, -0.00611169, -0.00611168, -0.00611168, 0.00107923, 0.866115, 0.0412283, -0.58463, 0.0309791
206.555, 0.83727, -3613.93, 0.877497, -3614.11, 0.88051, -3614.37, -0.00611172, -0.00611171, -0.0061117, 0.00107923, 0.866115, 0.0412284, -0.584664, 0.0309894
206.605, 0.837294, -3620.53, 0.877522, -3620.71, 0.880536, -3620.97, -0.00611172, -0.00611172, -0.00611171, 0.00107923, 0.866115, 0.0412284, -0.584697, 0.0309995
206.655, 0.837318, -3627.13, 0.877547, -3627.31, 0.880561, -3627.57, -0.00611167, -0.00611168, -0.00611169, 0.00107923, 0.866115, 0.0412285, -0.584731, 0.0310096
206.706, 0.837342, -3633.73, 0.877572, -3633.91, 0.880586, -3634.17, -0.0061117, -0.00611166, -0.0061117, 0.00107923, 0.866115, 0.0412286, -0.584765, 0.0310197
206.756, 0.837364, -3640.33, 0.877596, -3640.51, 0.88061, -3640.77, -0.00611168, -0.00611169, -0.00611166, 0.00107923, 0.866115, 0.0412286, -0.584797, 0.0310297
206.806, 0.837386, -3646.93, 0.877618, -3647.12, 0.880632, -3647.37, -0.00611168, -0.00611167, -0.00611171, 0.00107923, 0.866115, 0.0412287, -0.584826, 0.0310396
206.857, 0.837407, -3653.53, 0.87764, -3653.72, 0.880654, -3653.97, -0.00611169, -0.0061117, -0.00611168, 0.00107923, 0.866115, 0.0412289, -0.584856, 0.0310494
206.907, 0.837427, -3660.13, 0.877662, -3660.32, 0.880676, -3660.57, -0.00611166, -0.0061117, -0.00611167, 0.00107923, 0.866115, 0.0412289, -0.584885, 0.0310591
206.957, 0.837448, -3666.73, 0.877683, -3666.92, 0.880697, -3667.17, -0.00611167, -0.00611173, -0.0061117, 0.00107923, 0.866115, 0.0412289, -0.584914, 0.0310687
207.001, 0.837466, -3672.41, 0.877702, -3672.59, 0.880716, -3672.85, -0.00611166, -0.00611165, -0.00611172, 0.00107923, 0.866115, 0.0412291, -0.584939, 0.031077
207.001, 0.837466, -3672.41, 0.877702, -3672.59, 0.880716, -3672.85, -0.00611166, -0.00611165, -0.00611172, 0.00107923, 0.866115, 0.0412299, -0.584939, 0.031077
207.051, 0.837486, -3679.01, 0.877723, -3679.19, 0.880738, -3679.45, -0.00611166, -0.00611166, -0.00611165, 0.00107923, 0.866115, 0.041229, -0.584967, 0.0310865
207.101, 0.837505, -3685.61, 0.877743, -3685.8, 0.880758, -3686.05, -0.00611173, -0.00611166, -0.00611166, 0.00107923, 0.866115, 0.041229, -0.584994, 0.0310959
207.152, 0.837523, -3692.21, 0.877762, -3692.4, 0.880777, -3692.65, -0.00611166, -0.00611172, -0.00611173, 0.00107923, 0.866115, 0.0412291, -0.58502, 0.0311052
207.202, 0.83754, -3698.81, 0.87778, -3699, 0.880795, -3699.25, -0.00611167, -0.00611173, -0.00611168, 0.00107923, 0.866115, 0.0412291, -0.585045, 0.0311145
207.252, 0.837558, -3705.41, 0.877798, -3705.6, 0.880813, -3705.85, -0.00611174, -0.00611173, -0.00611166, 0.00107923, 0.866115, 0.0412292, -0.585068, 0.0311236
207.303, 0.837575, -3712.01, 0.877816, -3712.2, 0.880831, -3712.45, -0.00611174, -0.00611172, -0.00611168, 0.00107923, 0.866115, 0.0412293, -0.585092, 0.0311327
207.353, 0.837592, -3718.61, 0.877834, -3718.8, 0.880849, -3719.06, -0.00611182, -0.00611179, -0.00611171, 0.00107923, 0.866115, 0.0412291, -0.585116, 0.0311417
207.404, 0.837609, -3725.21, 0.877852, -3725.4, 0.880867, -3725.66, -0.00611181, -0.00611173, -0.00611182, 0.00107923, 0.866115, 0.0412294, -0.58514, 0.0311505
207.454, 0.837625, -3731.81, 0.877869, -3732, 0.880884, -3732.26, -0.00611175, -0.00611175, -0.00611169, 0.00107923, 0.866115, 0.0412295, -0.585163, 0.0311593
207.504, 0.83764, -3738.42, 0.877884, -3738.6, 0.880899, -3738.86, -0.00611173, -0.00611175, -0.00611171, 0.00107923, 0.866115, 0.0412293, -0.585184, 0.031168
207.555, 0.837653, -3745.02, 0.877899, -3745.2, 0.880914, -3745.46, -0.00611175, -0.00611175, -0.00611172, 0.00107923, 0.866115, 0.0412295, -0.585203, 0.0311766
207.605, 0.837667, -3751.62, 0.877913, -3751.8, 0.880928, -3752.06, -0.0061117, -0.00611175, -0.00611173, 0.00107923, 0.866115, 0.0412296, -0.585222, 0.0311851
207.655, 0.837681, -3758.22, 0.877927, -3758.4, 0.880943, -3758.66, -0.00611174, -0.0061117, -0.0061116, 0.00107923, 0.866115, 0.0412297, -0.585242, 0.0311935
207.706, 0.837695, -3764.82, 0.877942, -3765, 0.880957, -3765.26, -0.00611175, -0.00611178, -0.00611175, 0.00107923, 0.866115, 0.0412299, -0.585261, 0.0312018
207.756, 0.837708, -3771.42, 0.877956, -3771.6, 0.880972, -3771.86, -0.00611169, -0.00611175, -0.00611175, 0.00107923, 0.866115, 0.0412296, -0.58528, 0.03121
207.806, 0.837722, -3778.02, 0.87797, -3778.2, 0.880986, -3778.46, -0.00611175, -0.00611175, -0.00611175, 0.00107923, 0.866115, 0.0412297, -0.585299, 0.0312181
207.857, 0.837733, -3784.62, 0.877982, -3784.8, 0.880998, -3785.06, -0.00611175, -0.00611172, -0.00611173, 0.00107923, 0.866115, 0.0412298, -0.585316, 0.0312261
207.907, 0.837744, -3791.22, 0.877994, -3791.41, 0.88101, -3791.66, -0.00611175, -0.00611175, -0.00611175, 0.00107923, 0.866115, 0.0412298, -0.58533, 0.031234
207.957, 0.837754, -3797.82, 0.878005, -3798.01, 0.88102, -3798.26, -0.00611175, -0.00611175, -0.00611175, 0.00107923, 0.866115, 0.0412299, -0.585345, 0.0312418
208.001, 0.837763, -3803.5, 0.878014, -3803.68, 0.88103, -3803.94, -0.00611184, -0.00611174, -0.00611175, 0.00107923, 0.866115, 0.0412298, -0.585358, 0.0312484
208.001, 0.837763, -3803.5, 0.878014, -3803.68, 0.88103, -3803.94, -0.00611184, -0.00611174, -0.00611175, 0.00107923, 0.866115, 0.0412306, -0.585358, 0.0312484
208.051, 0.837774, -3810.1, 0.878025, -3810.28, 0.881041, -3810.54, -0.0061116, -0.00611175, -0.00611175, 0.00107923, 0.866115, 0.0412298, -0.585372, 0.031256
208.101, 0.837784, -3816.7, 0.878035, -3816.88, 0.881051, -3817.14, -0.00611175, -0.00611175, -0.0061116, 0.00107923, 0.866115, 0.04123, -0.585387, 0.0312635
208.152, 0.837794, -3823.3, 0.878046, -3823.48, 0.881062, -3823.74, -0.00611174, -0.00611175, -0.0061118, 0.00107923, 0.866115, 0.0412297, -0.585401, 0.0312708
208.202, 0.837804, -3829.9, 0.878057, -3830.09, 0.881073, -3830.34, -0.00611167, -0.00611175, -0.00611167, 0.00107923, 0.866115, 0.0412299, -0.585416, 0.0312781
208.252, 0.837812, -3836.5, 0.878065, -3836.69, 0.881082, -3836.94, -0.00611175, -0.00611175, -0.00611175, 0.00107923, 0.866115, 0.0412296, -0.585427, 0.0312853
208.303, 0.83782, -3843.1, 0.878073, -3843.29, 0.881089, -3843.54, -0.00611181, -0.00611182, -0.00611175, 0.00107923, 0.866115, 0.04123, -0.585437, 0.0312924
208.353, 0.837827, -3849.7, 0.87808, -3849.89, 0.881097, -3850.14, -0.00611176, -0.00611173, -0.00611173, 0.00107923, 0.866115, 0.0412302, -0.585448, 0.0312993
208.404, 0.837833, -3856.3, 0.878087, -3856.49, 0.881104, -3856.74, -0.00611179, -0.00611172, -0.00611172, 0.00107923, 0.866115, 0.0412299, -0.585456, 0.0313062
208.454, 0.83784, -3862.9, 0.878095, -3863.09, 0.881111, -3863.35, -0.00611175, -0.00611169, -0.00611169, 0.00107923, 0.866115, 0.04123, -0.585467, 0.0313129
208.504, 0.837847, -3869.5, 0.878102, -3869.69, 0.881118, -3869.95, -0.00611175, -0.00611175, -0.00611175, 0.00107923, 0.866115, 0.0412301, -0.585476, 0.0313195
208.555, 0.837854, -3876.11, 0.878109, -3876.29, 0.881125, -3876.55, -0.00611172, -0.00611175, -0.00611175, 0.00107923, 0.866115, 0.0412301, -0.585486, 0.031326
208.605, 0.837861, -3882.71, 0.878116, -3882.89, 0.881133, -3883.15, -0.00611175, -0.00611174, -0.00611175, 0.00107923, 0.866115, 0.0412301, -0.585496, 0.0313324
208.655, 0.837867, -3889.31, 0.878123, -3889.49, 0.881139, -3889.75, -0.00611175, -0.00611175, -0.00611172, 0.00107923, 0.866115, 0.0412301, -0.585504, 0.0313387
208.706, 0.837871, -3895.91, 0.878127, -3896.09, 0.881144, -3896.35, -0.00611174, -0.00611179, -0.00611172, 0.00107923, 0.866115, 0.04123, -0.58551, 0.0313449
208.756, 0.837875, -3902.51, 0.878131, -3902.69, 0.881147, -3902.95, -0.00611168, -0.00611175, -0.00611168, 0.00107923, 0.866115, 0.0412304, -0.585515, 0.031351
208.806, 0.837878, -3909.11, 0.878134, -3909.29, 0.881151, -3909.55, -0.00611166, -0.00611166, -0.00611171, 0.00107923, 0.866115, 0.0412302, -0.58552, 0.031357
208.857, 0.837882, -3915.71, 0.878138, -3915.89, 0.881155, -3916.15, -0.0061118, -0.00611182, -0.00611181, 0.00107923, 0.866115, 0.0412299, -0.585525, 0.0313628
208.907, 0.837885, -3922.31, 0.878142, -3922.5, 0.881158, -3922.75, -0.00611174, -0.00611176, -0.00611175, 0.00107923, 0.866115, 0.0412302, -0.585529, 0.0313686
208.957, 0.837888, -3928.91, 0.878145, -3929.1, 0.881162, -3929.35, -0.00611171, -0.00611171, -0.00611172, 0.00107923, 0.866115, 0.0412302, -0.585534, 0.0313742
209.001, 0.837891, -3934.59, 0.878148, -3934.77, 0.881165, -3935.03, -0.00611173, -0.00611172, -0.00611173, 0.00107923, 0.866115, 0.0412303, -0.585538, 0.031379
209.001, 0.837891, -3934.59, 0.878148, -3934.77, 0.881165, -3935.03, -0.00611173, -0.00611172, -0.00611173, 0.00107923, 0.866115, 0.0412311, -0.585539, 0.031379
209.051, 0.837895, -3941.19, 0.878152, -3941.37, 0.881168, -3941.63, -0.00611177, -0.00611174, -0.00611179, 0.00107923, 0.866115, 0.0412302, -0.585543, 0.0313844
209.101, 0.837898, -3947.79, 0.878155, -3947.97, 0.881172, -3948.23, -0.00611174, -0.00611173, -0.00611173, 0.00107923, 0.866115, 0.0412301, -0.585548, 0.0313898
209.152, 0.8379, -3954.39, 0.878158, -3954.57, 0.881174, -3954.83, -0.00611175, -0.00611175, -0.00611175, 0.00107923, 0.866115, 0.0412302, -0.585551, 0.031395
209.202, 0.837901, -3960.99, 0.878158, -3961.18, 0.881174, -3961.43, -0.00611175, -0.00611175, -0.00611175, 0.00107923, 0.866115, 0.0412302, -0.585551, 0.0314001
209.253, 0.837901, -3967.59, 0.878158, -3967.78, 0.881175, -3968.03, -0.00611175, -0.00611175, -0.00611174, 0.00107923, 0.866115, 0.0412302, -0.585551, 0.0314051
209.303, 0.837901, -3974.19, 0.878158, -3974.38, 0.881174, -3974.63, -0.00611176, -0.00611176, -0.00611175, 0.00107923, 0.866115, 0.0412301, -0.585552, 0.03141
209.353, 0.837901, -3980.79, 0.878158, -3980.98, 0.881175, -3981.23, -0.00611175, -0.00611175, -0.00611175, 0.00107923, 0.866115, 0.0412303, -0.585551, 0.0314147
209.404, 0.837901, -3987.39, 0.878158, -3987.58, 0.881175, -3987.83, -0.00611176, -0.00611176, -0.00611175, 0.00107923, 0.866115, 0.0412305, -0.585551, 0.0314194
209.454, 0.837901, -3993.99, 0.878158, -3994.18, 0.881175, -3994.44, -0.00611176, -0.00611179, -0.00611176, 0.00107923, 0.866115, 0.0412305, -0.585552, 0.031424
209.504, 0.837901, -4000.59, 0.878158, -4000.78, 0.881175, -4001.04, -0.00611171, -0.00611169, -0.00611171, 0.00107923, 0.866115, 0.0412301, -0.585551, 0.0314284
209.555, 0.837901, -4007.2, 0.878158, -4007.38, 0.881175, -4007.64, -0.00611171, -0.00611169, -0.0061117, 0.00107923, 0.866115, 0.0412303, -0.585551, 0.0314328
209.605, 0.837901, -4013.8, 0.878158, -4013.98, 0.881174, -4014.24, -0.00611176, -0.00611177, -0.00611177, 0.00107923, 0.866115, 0.0412304, -0.585551, 0.031437
209.655, 0.837901, -4020.4, 0.878158, -4020.58, 0.881175, -4020.84, -0.00611177, -0.00611181, -0.00611176, 0.00107923, 0.866115, 0.0412303, -0.585552, 0.0314411
209.706, 0.837899, -4027, 0.878157, -4027.18, 0.881173, -4027.44, -0.00611176, -0.00611178, -0.00611176, 0.00107923, 0.866115, 0.04123, -0.58555, 0.0314452
209.756, 0.837896, -4033.6, 0.878153, -4033.78, 0.88117, -4034.04, -0.00611176, -0.00611176, -0.00611176, 0.00107923, 0.866115, 0.0412302, -0.585545, 0.0314491
209.806, 0.837893, -4040.2, 0.87815, -4040.38, 0.881166, -4040.64, -0.00611176, -0.00611176, -0.00611176, 0.00107923, 0.866115, 0.0412301, -0.585541, 0.0314529
209.857, 0.83789, -4046.8, 0.878146, -4046.98, 0.881163, -4047.24, -0.00609632, -0.00609632, -0.00609633, 0.00107923, 0.866115, 0.0412302, -0.585536, 0.0314566
209.907, 0.837886, -4053.38, 0.878143, -4053.56, 0.88116, -4053.82, -0.00609152, -0.00609154, -0.00609152, 0.00107923, 0.866115, 0.0412302, -0.585531, 0.0314602
209.957, 0.837883, -4059.95, 0.87814, -4060.14, 0.881156, -4060.4, -0.00609152, -0.00609152, -0.00609152, 0.00107923, 0.866115, 0.0412302, -0.585527, 0.0314638
210.001, 0.83788, -4065.61, 0.878137, -4065.8, 0.881153, -4066.05, -0.00609152, -0.00609152, -0.00609147, 0.00107923, 0.866115, 0.0412302, -0.585523, 0.0314667
210.001, 0.83788, -4065.61, 0.878137, -4065.8, 0.881153, -4066.05, -0.00609152, -0.00609152, -0.00609147, 0.00107923, 0.866115, 0.0412313, -0.585522, 0.0314667
210.051, 0.837877, -4072.19, 0.878133, -4072.38, 0.88115, -4072.63, -0.00609152, -0.00609151, -0.00609153, 0.00107923, 0.866115, 0.0412302, -0.585518, 0.03147
210.101, 0.837874, -4078.77, 0.87813, -4078.95, 0.881146, -4079.21, -0.00609156, -0.00609152, -0.00609152, 0.00107923, 0.866115, 0.0412302, -0.585514, 0.0314732
210.152, 0.837871, -4085.35, 0.878126, -4085.53, 0.881143, -4085.79, -0.00609152, -0.00609148, -0.00609156, 0.00107923, 0.866115, 0.0412303, -0.585509, 0.0314763
210.202, 0.837867, -4091.93, 0.878123, -4092.11, 0.881139, -4092.37, -0.00609154, -0.00609152, -0.00609151, 0.00107923, 0.866115, 0.0412301, -0.585504, 0.0314793
210.253, 0.837864, -4098.51, 0.87812, -4098.69, 0.881136, -4098.95, -0.00609152, -0.00609153, -0.00609152, 0.00107923, 0.866115, 0.0412301, -0.5855, 0.0314822
210.303, 0.837861, -4105.08, 0.878116, -4105.27, 0.881132, -4105.53, -0.00609152, -0.00609145, -0.00609152, 0.00107923, 0.866115, 0.0412303, -0.585495, 0.031485
210.353, 0.837857, -4111.66, 0.878112, -4111.85, 0.881129, -4112.11, -0.0060914, -0.00609152, -0.00609155, 0.00107923, 0.866115, 0.0412302, -0.58549, 0.0314878
210.404, 0.837851, -4118.24, 0.878105, -4118.43, 0.881122, -4118.68, -0.00609145, -0.00609152, -0.00609152, 0.00107923, 0.866115, 0.0412299, -0.585481, 0.0314904
210.454, 0.837844, -4124.82, 0.878099, -4125.01, 0.881115, -4125.26, -0.00609161, -0.00609153, -0.00609152, 0.00107923, 0.866115, 0.0412302, -0.585472, 0.0314929
210.504, 0.837838, -4131.4, 0.878092, -4131.59, 0.881108, -4131.84, -0.00609156, -0.00609152, -0.00609152, 0.00107923, 0.866115, 0.04123, -0.585462, 0.0314953
210.555, 0.837831, -4137.98, 0.878085, -4138.16, 0.881101, -4138.42, -0.00609153, -0.00609152, -0.00609154, 0.00107923, 0.866115, 0.04123, -0.585453, 0.0314976
210.605, 0.837825, -4144.56, 0.878078, -4144.74, 0.881094, -4145, -0.00609161, -0.00609152, -0.00609152, 0.00107923, 0.866115, 0.04123, -0.585444, 0.0314999
210.655, 0.837818, -4151.14, 0.878071, -4151.32, 0.881087, -4151.58, -0.00609154, -0.00609161, -0.00609152, 0.00107923, 0.866115, 0.0412301, -0.585434, 0.031502
210.706, 0.837811, -4157.72, 0.878064, -4157.9, 0.88108, -4158.16, -0.00609153, -0.00609152, -0.00609163, 0.00107923, 0.866115, 0.0412302, -0.585425, 0.031504
210.756, 0.837804, -4164.29, 0.878057, -4164.48, 0.881073, -4164.74, -0.00609152, -0.00609168, -0.00609152, 0.00107923, 0.866115, 0.0412299, -0.585416, 0.031506
210.806, 0.837798, -4170.87, 0.87805, -4171.06, 0.881066, -4171.31, -0.00609152, -0.00609153, -0.00609152, 0.00107923, 0.866115, 0.0412298, -0.585407, 0.0315078
210.857, 0.837791, -4177.45, 0.878043, -4177.64, 0.881059, -4177.89, -0.00609149, -0.00609152, -0.00609154, 0.00107923, 0.866115, 0.0412298, -0.585397, 0.0315096
210.907, 0.837784, -4184.03, 0.878035, -4184.22, 0.881051, -4184.47, -0.00609157, -0.00609165, -0.00609152, 0.00107923, 0.866115, 0.0412301, -0.585387, 0.0315113
210.958, 0.837777, -4190.61, 0.878028, -4190.79, 0.881044, -4191.05, -0.00609145, -0.00609153, -0.00609143, 0.00107923, 0.866115, 0.0412294, -0.585377, 0.0315129
211.001, 0.837771, -4196.27, 0.878022, -4196.45, 0.881038, -4196.71, -0.00609157, -0.00609152, -0.00609152, 0.00107923, 0.866115, 0.0412302, -0.585369, 0.0315142
211.001, 0.837771, -4196.27, 0.878022, -4196.45, 0.881038, -4196.71, -0.00609157, -0.00609152, -0.00609152, 0.00351586, 0.866115, 0.0412306, -0.585369, 0.0315142
211.051, 0.837764, -4202.85, 0.878015, -4203.03, 0.881031, -4203.29, -0.00609152, -0.00609163, -0.00609152, 0.00351586, 0.866115, 0.0412297, -0.585359, 0.0315756
211.102, 0.837757, -4209.43, 0.878008, -4209.61, 0.881024, -4209.87, -0.00609152, -0.00609155, -0.00609152, 0.00351586, 0.866115, 0.0412297, -0.58535, 0.0316352
211.152, 0.837751, -4216, 0.878001, -4216.19, 0.881016, -4216.45, -0.0060916, -0.0060916, -0.00609152, 0.00351586, 0.866115, 0.0412299, -0.58534, 0.031693
211.202, 0.837744, -4222.58, 0.877993, -4222.77, 0.881009, -4223.02, -0.00609153, -0.00609152, -0.00609152, 0.00351586, 0.866115, 0.0412297, -0.58533, 0.0317491
211.253, 0.837737, -4229.15, 0.877986, -4229.33, 0.881002, -4229.59, -0.00607128, -0.00607128, -0.00607129, 0.00351586, 0.866115, 0.0412298, -0.585321, 0.0318035
211.303, 0.83773, -4235.7, 0.877979, -4235.89, 0.880995, -4236.15, -0.00607128, -0.0060713, -0.00607131, 0.00351586, 0.866115, 0.0412298, -0.585311, 0.0318563
211.353, 0.837723, -4242.26, 0.877972, -4242.45, 0.880988, -4242.7, -0.00607129, -0.00607131, -0.00607128, 0.00351586, 0.866115, 0.0412298, -0.585301, 0.0319076
211.404, 0.837717, -4248.82, 0.877965, -4249, 0.88098, -4249.26, -0.00607129, -0.00607125, -0.00607135, 0.00351586, 0.866115, 0.0412296, -0.585292, 0.0319573
211.454, 0.83771, -4255.38, 0.877958, -4255.56, 0.880973, -4255.82, -0.00607126, -0.00607128, -0.00607129, 0.00351586, 0.866115, 0.0412297, -0.585282, 0.0320056
211.504, 0.837703, -4261.93, 0.87795, -4262.12, 0.880966, -4262.37, -0.00607131, -0.00607132, -0.00607128, 0.00351586, 0.866115, 0.0412295, -0.585273, 0.0320525
211.555, 0.837696, -4268.49, 0.877943, -4268.67, 0.880959, -4268.93, -0.00607128, -0.00607126, -0.0060713, 0.00351586, 0.866115, 0.0412297, -0.585264, 0.032098
211.605, 0.837689, -4275.05, 0.877936, -4275.23, 0.880952, -4275.49, -0.0060713, -0.00607129, -0.00607132, 0.00351586, 0.866115, 0.0412299, -0.585254, 0.0321422
211.655, 0.837683, -4281.6, 0.87793, -4281.79, 0.880945, -4282.04, -0.0060713, -0.00607133, -0.00607134, 0.00351586, 0.866115, 0.0412296, -0.585245, 0.0321851
211.706, 0.837678, -4288.16, 0.877925, -4288.34, 0.88094, -4288.6, -0.00607134, -0.00607133, -0.00607134, 0.00351586, 0.866115, 0.04123, -0.585239, 0.0322267
211.756, 0.837675, -4294.71, 0.877921, -4294.89, 0.880937, -4295.15, -0.0060511, -0.00605109, -0.00605109, 0.00351586, 0.866115, 0.0412295, -0.585234, 0.0322672
211.806, 0.837673, -4301.24, 0.877919, -4301.43, 0.880935, -4301.68, -0.00605103, -0.00605104, -0.00605101, 0.00351586, 0.866115, 0.0412297, -0.585231, 0.0323064
211.857, 0.837673, -4307.78, 0.877919, -4307.96, 0.880934, -4308.22, -0.00605104, -0.00605104, -0.00605103, 0.00351586, 0.866115, 0.0412297, -0.58523, 0.0323446
211.907, 0.837674, -4314.31, 0.87792, -4314.5, 0.880935, -4314.75, -0.00605105, -0.00605105, -0.00605105, 0.00351586, 0.866115, 0.0412296, -0.585232, 0.0323816
211.958, 0.837677, -4320.85, 0.877923, -4321.03, 0.880938, -4321.29, -0.00605104, -0.00605103, -0.00605103, 0.00351586, 0.866115, 0.0412296, -0.585235, 0.0324175
212.001, 0.83768, -4326.47, 0.877927, -4326.65, 0.880942, -4326.91, -0.00605103, -0.00605103, -0.00605103, 0.00351586, 0.866115, 0.0412296, -0.585241, 0.0324475
212.001, 0.83768, -4326.47, 0.877927, -4326.65, 0.880942, -4326.91, -0.00605103, -0.00605103, -0.00605103, 0.00593627, 0.866115, 0.0412305, -0.585241, 0.0324476
212.051, 0.837687, -4333, 0.877933, -4333.19, 0.880949, -4333.44, -0.00605102, -0.00605102, -0.00605102, 0.00593627, 0.866115, 0.0412298, -0.585249, 0.0325411
212.102, 0.837694, -4339.53, 0.877942, -4339.71, 0.880957, -4339.97, -0.00603099, -0.00603098, -0.00603096, 0.00593627, 0.866115, 0.0412296, -0.585261, 0.0326319
212.152, 0.837704, -4346.04, 0.877952, -4346.23, 0.880968, -4346.48, -0.0060308, -0.00603079, -0.00603079, 0.00593627, 0.866115, 0.0412296, -0.585275, 0.03272
212.202, 0.837716, -4352.56, 0.877964, -4352.74, 0.88098, -4353, -0.00603078, -0.00603078, -0.00603077, 0.00593627, 0.866115, 0.0412295, -0.585291, 0.0328056
212.253, 0.837729, -4359.07, 0.877978, -4359.25, 0.880993, -4359.51, -0.00603081, -0.0060308, -0.0060308, 0.00593627, 0.866115, 0.0412299, -0.585309, 0.0328886
212.303, 0.837744, -4365.58, 0.877994, -4365.77, 0.88101, -4366.02, -0.00603077, -0.00603078, -0.00603078, 0.00593627, 0.866115, 0.0412299, -0.585331, 0.0329692
212.353, 0.83776, -4372.09, 0.878011, -4372.28, 0.881027, -4372.53, -0.0060126, -0.0060126, -0.00601264, 0.00593627, 0.866115, 0.04123, -0.585354, 0.0330474
212.404, 0.83778, -4378.58, 0.878031, -4378.77, 0.881047, -4379.02, -0.00601053, -0.00601056, -0.00601053, 0.00593627, 0.866115, 0.0412299, -0.585381, 0.0331234
212.454, 0.8378, -4385.07, 0.878052, -4385.26, 0.881068, -4385.52, -0.00601053, -0.00601049, -0.00601048, 0.00593627, 0.866115, 0.0412301, -0.585409, 0.0331971
212.504, 0.837822, -4391.56, 0.878076, -4391.75, 0.881092, -4392.01, -0.0060105, -0.00601049, -0.0060105, 0.00593627, 0.866115, 0.0412302, -0.585441, 0.0332686
212.555, 0.837847, -4398.06, 0.878102, -4398.24, 0.881118, -4398.5, -0.00601047, -0.00601047, -0.00601047, 0.00593627, 0.866115, 0.0412301, -0.585476, 0.0333381
212.605, 0.837874, -4404.53, 0.87813, -4404.71, 0.881146, -4404.97, -0.0059903, -0.00599025, -0.00599028, 0.00593627, 0.866115, 0.0412302, -0.585514, 0.0334054
212.655, 0.837903, -4411, 0.87816, -4411.18, 0.881177, -4411.44, -0.00599029, -0.00599022, -0.00599028, 0.00593627, 0.866115, 0.0412303, -0.585555, 0.0334708
212.706, 0.837935, -4417.47, 0.878194, -4417.65, 0.881211, -4417.91, -0.00599025, -0.00599028, -0.00599027, 0.00593627, 0.866115, 0.0412304, -0.585599, 0.0335343
212.756, 0.837969, -4423.93, 0.87823, -4424.12, 0.881247, -4424.37, -0.00597089, -0.00597084, -0.00597085, 0.00593627, 0.866115, 0.0412305, -0.585647, 0.0335958
212.807, 0.838006, -4430.38, 0.878268, -4430.56, 0.881285, -4430.82, -0.00597004, -0.00597001, -0.00597, 0.00593627, 0.866115, 0.0412305, -0.5857, 0.0336555
212.857, 0.838045, -4436.82, 0.87831, -4437.01, 0.881327, -4437.27, -0.00597005, -0.00596989, -0.00597, 0.00593627, 0.866115, 0.0412306, -0.585755, 0.0337133
212.907, 0.838088, -4443.27, 0.878354, -4443.46, 0.881371, -4443.71, -0.00597005, -0.0059699, -0.00597004, 0.00593627, 0.866115, 0.0412309, -0.585815, 0.0337694
212.958, 0.838133, -4449.7, 0.878401, -4449.89, 0.881419, -4450.14, -0.00594972, -0.0059497, -0.0059497, 0.00593627, 0.866115, 0.0412306, -0.585878, 0.0338238
213.001, 0.838173, -4455.23, 0.878443, -4455.41, 0.881461, -4455.67, -0.00594966, -0.00594969, -0.00594973, 0.00593627, 0.866115, 0.0412308, -0.585935, 0.0338693
213.001, 0.838173, -4455.23, 0.878443, -4455.41, 0.881461, -4455.67, -0.00594966, -0.00594969, -0.00594973, 0.00831614, 0.866115, 0.0412321, -0.585935, 0.0338695
213.051, 0.838222, -4461.65, 0.878495, -4461.84, 0.881514, -4462.1, -0.00594971, -0.00594979, -0.0059497, 0.00831614, 0.866115, 0.0412312, -0.586005, 0.0339791
213.102, 0.838274, -4468.07, 0.878549, -4468.25, 0.881568, -4468.51, -0.00592943, -0.00592944, -0.00592953, 0.00831614, 0.866115, 0.0412315, -0.586077, 0.0340857
213.152, 0.838328, -4474.47, 0.878606, -4474.66, 0.881625, -4474.91, -0.00592451, -0.00592447, -0.00592446, 0.00831614, 0.866115, 0.0412314, -0.586153, 0.034189
213.202, 0.838384, -4480.88, 0.878665, -4481.06, 0.881684, -4481.32, -0.0059295, -0.00592945, -0.00592945, 0.00831614, 0.866115, 0.0412317, -0.586233, 0.0342891
213.253, 0.838442, -4487.27, 0.878725, -4487.45, 0.881745, -4487.71, -0.00590918, -0.00590928, -0.00590915, 0.00831614, 0.866115, 0.0412318, -0.586314, 0.0343862
213.303, 0.838502, -4493.65, 0.878789, -4493.83, 0.881808, -4494.09, -0.00590922, -0.00590928, -0.0059092, 0.00831614, 0.866115, 0.041232, -0.586399, 0.0344803
213.353, 0.838563, -4500.03, 0.878853, -4500.21, 0.881873, -4500.47, -0.00590926, -0.00590928, -0.0059093, 0.00831614, 0.866115, 0.0412322, -0.586486, 0.0345715
213.404, 0.838627, -4506.39, 0.87892, -4506.57, 0.88194, -4506.83, -0.00588905, -0.00588891, -0.00588891, 0.00831614, 0.866115, 0.0412324, -0.586576, 0.0346598
213.454, 0.838692, -4512.75, 0.878988, -4512.93, 0.882008, -4513.19, -0.00588904, -0.00588888, -0.00588897, 0.00831614, 0.866115, 0.0412327, -0.586666, 0.0347455
213.504, 0.838759, -4519.1, 0.879058, -4519.28, 0.882079, -4519.54, -0.00586884, -0.00586873, -0.00586868, 0.00831614, 0.866115, 0.0412327, -0.586761, 0.0348284
213.555, 0.838827, -4525.44, 0.87913, -4525.62, 0.882151, -4525.88, -0.00586873, -0.00586866, -0.0058687, 0.00831614, 0.866115, 0.0412332, -0.586857, 0.0349087
213.605, 0.838897, -4531.77, 0.879203, -4531.95, 0.882225, -4532.21, -0.00585, -0.00584993, -0.00585002, 0.00831614, 0.866115, 0.0412331, -0.586956, 0.0349865
213.655, 0.838969, -4538.09, 0.879279, -4538.27, 0.8823, -4538.53, -0.00584474, -0.00584469, -0.00584463, 0.00831614, 0.866115, 0.0412334, -0.587058, 0.0350617
213.706, 0.839043, -4544.4, 0.879356, -4544.59, 0.882378, -4544.84, -0.00584857, -0.00584856, -0.00584845, 0.00831614, 0.866115, 0.0412338, -0.587161, 0.0351345
213.756, 0.839118, -4550.7, 0.879435, -4550.88, 0.882457, -4551.14, -0.00582829, -0.00582817, -0.00582827, 0.00831614, 0.866115, 0.041234, -0.587268, 0.035205
213.807, 0.839195, -4556.99, 0.879515, -4557.18, 0.882538, -4557.43, -0.00582826, -0.00582827, -0.00582822, 0.00831614, 0.866115, 0.0412342, -0.587376, 0.0352731
213.857, 0.839273, -4563.27, 0.879597, -4563.45, 0.882621, -4563.71, -0.00580803, -0.00580797, -0.00580798, 0.00831614, 0.866115, 0.0412343, -0.587486, 0.0353389
213.907, 0.839353, -4569.54, 0.879681, -4569.73, 0.882705, -4569.98, -0.00580801, -0.00580799, -0.00580798, 0.00831614, 0.866115, 0.0412344, -0.587599, 0.0354025
213.958, 0.839435, -4575.8, 0.879767, -4575.98, 0.882791, -4576.24, -0.00578785, -0.00578775, -0.00578771, 0.00831614, 0.866115, 0.0412346, -0.587714, 0.0354639
214.001, 0.839505, -4581.18, 0.87984, -4581.36, 0.882865, -4581.62, -0.00578773, -0.00578774, -0.0057877, 0.00831614, 0.866115, 0.0412349, -0.587813, 0.0355151
214.001, 0.839505, -4581.18, 0.87984, -4581.36, 0.882865, -4581.62, -0.00578773, -0.00578774, -0.0057877, 0.0106312, 0.866115, 0.0412358, -0.587813, 0.0355154
214.051, 0.839588, -4587.42, 0.879928, -4587.6, 0.882952, -4587.86, -0.00576752, -0.00576756, -0.00576756, 0.0106312, 0.866115, 0.0412352, -0.587931, 0.0356296
214.102, 0.839673, -4593.64, 0.880017, -4593.83, 0.883042, -4594.09, -0.00576755, -0.00576751, -0.00576751, 0.0106312, 0.866115, 0.0412355, -0.58805, 0.0357403
214.152, 0.839758, -4599.86, 0.880106, -4600.05, 0.883132, -4600.3, -0.00574732, -0.00574731, -0.00574728, 0.0106312, 0.866115, 0.0412357, -0.588171, 0.0358475
214.202, 0.839843, -4606.07, 0.880195, -4606.25, 0.883221, -4606.51, -0.00574728, -0.0057473, -0.00574724, 0.0106312, 0.866115, 0.0412359, -0.588291, 0.0359511
214.253, 0.839928, -4612.26, 0.880284, -4612.45, 0.883311, -4612.7, -0.00572702, -0.00572706, -0.00572701, 0.0106312, 0.866115, 0.0412362, -0.588411, 0.0360513
214.303, 0.840013, -4618.45, 0.880374, -4618.63, 0.8834, -4618.89, -0.00572701, -0.00572701, -0.00572701, 0.0106312, 0.866115, 0.0412364, -0.588532, 0.0361481
214.353, 0.840099, -4624.61, 0.880463, -4624.8, 0.88349, -4625.06, -0.00570686, -0.00570679, -0.00570681, 0.0106312, 0.866115, 0.0412371, -0.588652, 0.0362416
214.404, 0.840184, -4630.78, 0.880553, -4630.96, 0.88358, -4631.22, -0.00569513, -0.00569513, -0.00569509, 0.0106312, 0.866115, 0.0412371, -0.588772, 0.036332
214.454, 0.84027, -4636.92, 0.880643, -4637.1, 0.883671, -4637.36, -0.00568606, -0.00568603, -0.00568604, 0.0106312, 0.866115, 0.041237, -0.588894, 0.0364192
214.504, 0.840355, -4643.05, 0.880732, -4643.23, 0.88376, -4643.49, -0.00566642, -0.00566639, -0.0056664, 0.0106312, 0.866115, 0.0412376, -0.589014, 0.0365034
214.555, 0.84044, -4649.17, 0.880822, -4649.35, 0.88385, -4649.61, -0.00566635, -0.00566629, -0.00566626, 0.0106312, 0.866115, 0.0412378, -0.589135, 0.0365847
214.605, 0.840526, -4655.27, 0.880911, -4655.46, 0.88394, -4655.72, -0.00564608, -0.00564607, -0.00564605, 0.0106312, 0.866115, 0.041238, -0.589255, 0.0366631
214.656, 0.840611, -4661.37, 0.881001, -4661.55, 0.88403, -4661.81, -0.00563724, -0.0056372, -0.00563719, 0.0106312, 0.866115, 0.0412384, -0.589376, 0.0367386
214.706, 0.840697, -4667.45, 0.88109, -4667.63, 0.88412, -4667.89, -0.00562587, -0.00562584, -0.00562584, 0.0106312, 0.866115, 0.0412385, -0.589497, 0.0368113
214.756, 0.840782, -4673.51, 0.88118, -4673.7, 0.88421, -4673.95, -0.00560568, -0.00560564, -0.00560564, 0.0106312, 0.866115, 0.0412387, -0.589617, 0.0368814
214.807, 0.840868, -4679.57, 0.88127, -4679.75, 0.8843, -4680.01, -0.00560563, -0.0056056, -0.00560559, 0.0106312, 0.866115, 0.041239, -0.589738, 0.0369488
214.857, 0.840953, -4685.6, 0.881359, -4685.79, 0.88439, -4686.04, -0.00558539, -0.00558536, -0.00558535, 0.0106312, 0.866115, 0.0412392, -0.589859, 0.0370136
214.907, 0.841037, -4691.63, 0.881447, -4691.81, 0.884479, -4692.07, -0.00556541, -0.00556539, -0.00556537, 0.0106312, 0.866115, 0.0412394, -0.589978, 0.0370758
214.958, 0.841119, -4697.64, 0.881534, -4697.82, 0.884566, -4698.08, -0.00556518, -0.00556515, -0.00556515, 0.0106312, 0.866115, 0.0412397, -0.590095, 0.0371356
215.001, 0.84119, -4702.79, 0.881608, -4702.98, 0.88464, -4703.23, -0.00554493, -0.00554492, -0.00554488, 0.0106312, 0.866115, 0.0412399, -0.590194, 0.0371851
215.001, 0.84119, -4702.79, 0.881608, -4702.98, 0.88464, -4703.23, -0.00554493, -0.00554492, -0.00554488, 0.0128492, 0.866115, 0.0412407, -0.590195, 0.0371854
215.051, 0.841272, -4708.78, 0.881694, -4708.96, 0.884726, -4709.22, -0.00552952, -0.00552948, -0.0055295, 0.0128492, 0.866115, 0.0412403, -0.59031, 0.037295
215.102, 0.841353, -4714.74, 0.881779, -4714.93, 0.884812, -4715.18, -0.00552463, -0.00552463, -0.00552462, 0.0128492, 0.866115, 0.0412402, -0.590425, 0.0374009
215.152, 0.841433, -4720.7, 0.881862, -4720.88, 0.884896, -4721.14, -0.00550444, -0.00550443, -0.0055044, 0.0128492, 0.866115, 0.0412409, -0.590538, 0.037503
215.202, 0.841512, -4726.64, 0.881945, -4726.82, 0.884979, -4727.08, -0.00548621, -0.00548623, -0.00548619, 0.0128492, 0.866115, 0.0412408, -0.590649, 0.0376014
215.253, 0.841589, -4732.56, 0.882026, -4732.74, 0.88506, -4733, -0.0054842, -0.00548423, -0.00548417, 0.0128492, 0.866115, 0.0412414, -0.590759, 0.037696
215.303, 0.841664, -4738.47, 0.882105, -4738.65, 0.88514, -4738.91, -0.00546393, -0.00546397, -0.0054639, 0.0128492, 0.866115, 0.0412414, -0.590865, 0.0377872
215.353, 0.841738, -4744.36, 0.882183, -4744.54, 0.885218, -4744.8, -0.00544396, -0.00544385, -0.00544385, 0.0128492, 0.866115, 0.0412416, -0.59097, 0.0378748
215.404, 0.841811, -4750.24, 0.882259, -4750.42, 0.885294, -4750.68, -0.00544379, -0.00544371, -0.00544369, 0.0128492, 0.866115, 0.0412417, -0.591073, 0.0379591
215.454, 0.841881, -4756.1, 0.882333, -4756.28, 0.885369, -4756.54, -0.00542354, -0.00542353, -0.00542353, 0.0128492, 0.866115, 0.0412419, -0.591172, 0.03804
215.504, 0.84195, -4761.94, 0.882405, -4762.12, 0.885441, -4762.38, -0.00540326, -0.00540325, -0.00540325, 0.0128492, 0.866115, 0.0412422, -0.59127, 0.0381177
215.555, 0.842017, -4767.77, 0.882475, -4767.95, 0.885512, -4768.21, -0.00538345, -0.00538338, -0.00538342, 0.0128492, 0.866115, 0.0412424, -0.591365, 0.0381923
215.605, 0.842083, -4773.58, 0.882544, -4773.77, 0.885581, -4774.02, -0.00538303, -0.00538306, -0.00538306, 0.0128492, 0.866115, 0.0412426, -0.591457, 0.0382638
215.656, 0.842146, -4779.37, 0.882611, -4779.56, 0.885648, -4779.81, -0.00536276, -0.00536269, -0.00536274, 0.0128492, 0.866115, 0.0412429, -0.591547, 0.0383322
215.706, 0.842209, -4785.15, 0.882676, -4785.33, 0.885713, -4785.59, -0.00534263, -0.00534255, -0.00534256, 0.0128492, 0.866115, 0.0412431, -0.591635, 0.0383977
215.756, 0.842269, -4790.91, 0.88274, -4791.1, 0.885777, -4791.35, -0.0053225, -0.00532251, -0.00532255, 0.0128492, 0.866115, 0.0412431, -0.591721, 0.0384603
215.807, 0.842328, -4796.66, 0.882801, -4796.84, 0.885839, -4797.1, -0.00531072, -0.00531062, -0.00531065, 0.0128492, 0.866115, 0.0412432, -0.591805, 0.0385201
215.857, 0.842385, -4802.39, 0.882861, -4802.57, 0.8859, -4802.83, -0.00530218, -0.00530216, -0.00530208, 0.0128492, 0.866115, 0.0412434, -0.591886, 0.0385771
215.907, 0.842441, -4808.09, 0.88292, -4808.28, 0.885958, -4808.53, -0.00528099, -0.00528094, -0.00528102, 0.0128492, 0.866115, 0.0412439, -0.591965, 0.0386314
215.958, 0.842495, -4813.79, 0.882976, -4813.97, 0.886015, -4814.23, -0.00526165, -0.0052617, -0.00526168, 0.0128492, 0.866115, 0.0412437, -0.592041, 0.0386831
216.001, 0.84254, -4818.67, 0.883024, -4818.85, 0.886063, -4819.11, -0.00524615, -0.00524612, -0.00524613, 0.0128492, 0.866115, 0.0412441, -0.592105, 0.0387255
216.001, 0.84254, -4818.67, 0.883024, -4818.85, 0.886063, -4819.11, -0.00524615, -0.00524612, -0.00524613, 0.0149477, 0.866115, 0.041245, -0.592105, 0.0387258
216.051, 0.84259, -4824.33, 0.883076, -4824.51, 0.886115, -4824.77, -0.00524145, -0.00524135, -0.00524137, 0.0149477, 0.866115, 0.0412443, -0.592176, 0.038824
216.102, 0.84264, -4829.97, 0.883128, -4830.16, 0.886167, -4830.41, -0.00522124, -0.00522124, -0.00522117, 0.0149477, 0.866115, 0.0412443, -0.592246, 0.0389186
216.152, 0.842686, -4835.6, 0.883177, -4835.78, 0.886216, -4836.04, -0.00520101, -0.00520091, -0.00520085, 0.0149477, 0.866115, 0.0412444, -0.592312, 0.0390092
216.202, 0.84273, -4841.21, 0.883223, -4841.39, 0.886263, -4841.65, -0.00518079, -0.0051807, -0.0051807, 0.0149477, 0.866115, 0.0412446, -0.592375, 0.039096
216.253, 0.842773, -4846.8, 0.883268, -4846.98, 0.886308, -4847.24, -0.00516205, -0.00516205, -0.00516191, 0.0149477, 0.866115, 0.0412444, -0.592434, 0.0391791
216.303, 0.842813, -4852.37, 0.88331, -4852.55, 0.88635, -4852.81, -0.00516051, -0.00516053, -0.00516044, 0.0149477, 0.866115, 0.0412448, -0.592491, 0.0392586
216.353, 0.84285, -4857.92, 0.883349, -4858.1, 0.886389, -4858.36, -0.00514033, -0.00514025, -0.00514032, 0.0149477, 0.866115, 0.0412449, -0.592545, 0.0393346
216.404, 0.842886, -4863.45, 0.883386, -4863.64, 0.886427, -4863.89, -0.00511973, -0.00511979, -0.00511977, 0.0149477, 0.866115, 0.041245, -0.592595, 0.0394071
216.454, 0.842919, -4868.97, 0.883421, -4869.15, 0.886462, -4869.41, -0.0050997, -0.0050998, -0.0050998, 0.0149477, 0.866115, 0.0412451, -0.592642, 0.0394762
216.505, 0.84295, -4874.47, 0.883453, -4874.65, 0.886494, -4874.91, -0.00507957, -0.00507963, -0.00507964, 0.0149477, 0.866115, 0.0412452, -0.592685, 0.0395421
216.555, 0.842978, -4879.95, 0.883483, -4880.13, 0.886524, -4880.38, -0.00505955, -0.00505964, -0.00505965, 0.0149477, 0.866115, 0.0412453, -0.592726, 0.0396047
216.605, 0.843005, -4885.41, 0.883511, -4885.59, 0.886552, -4885.84, -0.00504118, -0.00504118, -0.00504112, 0.0149477, 0.866115, 0.0412453, -0.592763, 0.0396642
216.656, 0.84303, -4890.85, 0.883537, -4891.03, 0.886578, -4891.29, -0.00503907, -0.00503899, -0.00503911, 0.0149477, 0.866115, 0.0412456, -0.592799, 0.0397207
216.706, 0.843052, -4896.27, 0.88356, -4896.45, 0.886602, -4896.71, -0.00501892, -0.00501891, -0.00501883, 0.0149477, 0.866115, 0.0412456, -0.59283, 0.0397741
216.756, 0.843073, -4901.67, 0.883583, -4901.85, 0.886624, -4902.11, -0.00499857, -0.00499843, -0.00499857, 0.0149477, 0.866115, 0.0412454, -0.59286, 0.0398247
216.807, 0.843091, -4907.05, 0.883602, -4907.23, 0.886643, -4907.49, -0.00497833, -0.00497828, -0.00497841, 0.0149477, 0.866115, 0.0412459, -0.592886, 0.0398724
216.857, 0.843109, -4912.41, 0.88362, -4912.6, 0.886662, -4912.85, -0.00495442, -0.00495435, -0.00495442, 0.0149477, 0.866115, 0.0412458, -0.592911, 0.0399172
216.907, 0.843124, -4917.76, 0.883636, -4917.94, 0.886677, -4918.2, -0.00493797, -0.00493796, -0.00493795, 0.0149477, 0.866115, 0.0412457, -0.592932, 0.0399594
216.958, 0.843137, -4923.08, 0.88365, -4923.27, 0.886692, -4923.52, -0.00491789, -0.0049178, -0.00491793, 0.0149477, 0.866115, 0.0412457, -0.592951, 0.0399988
217, 0.843147, -4927.54, 0.88366, -4927.72, 0.886702, -4927.98, -0.00490602, -0.00490602, -0.00490601, 0.0149477, 0.866115, 0.0412456, -0.592965, 0.04003
217, 0.843147, -4927.54, 0.88366, -4927.72, 0.886702, -4927.98, -0.00490602, -0.00490602, -0.00490601, 0.0169101, 0.866115, 0.0412464, -0.592965, 0.0400303
217.05, 0.843157, -4932.83, 0.883671, -4933.01, 0.886713, -4933.27, -0.00489748, -0.00489751, -0.00489749, 0.0169101, 0.866115, 0.0412457, -0.592979, 0.040113
217.101, 0.843165, -4938.1, 0.883679, -4938.28, 0.886721, -4938.54, -0.00487715, -0.00487722, -0.00487722, 0.0169101, 0.866115, 0.0412459, -0.592991, 0.040192
217.151, 0.843171, -4943.35, 0.883685, -4943.53, 0.886727, -4943.79, -0.00485701, -0.00485696, -0.00485698, 0.0169101, 0.866115, 0.0412459, -0.592999, 0.0402673
217.201, 0.843175, -4948.58, 0.88369, -4948.76, 0.886732, -4949.02, -0.00483611, -0.00483611, -0.00483603, 0.0169101, 0.866115, 0.0412459, -0.593005, 0.0403388
217.252, 0.843177, -4953.79, 0.883692, -4953.97, 0.886734, -4954.23, -0.00481655, -0.00481655, -0.00481652, 0.0169101, 0.866115, 0.0412459, -0.593008, 0.0404067
217.302, 0.843177, -4958.98, 0.883692, -4959.16, 0.886734, -4959.42, -0.0047963, -0.00479632, -0.00479632, 0.0169101, 0.866115, 0.041246, -0.593008, 0.0404709
217.352, 0.843175, -4964.15, 0.88369, -4964.33, 0.886732, -4964.59, -0.00477611, -0.00477611, -0.00477611, 0.0169101, 0.866115, 0.041246, -0.593005, 0.0405318
217.403, 0.843171, -4969.3, 0.883685, -4969.48, 0.886727, -4969.74, -0.00475595, -0.00475603, -0.00475595, 0.0169101, 0.866115, 0.0412458, -0.592999, 0.0405893
217.453, 0.843165, -4974.42, 0.883679, -4974.61, 0.886721, -4974.86, -0.00473587, -0.00473593, -0.00473593, 0.0169101, 0.866115, 0.041246, -0.59299, 0.0406435
217.504, 0.843156, -4979.53, 0.88367, -4979.72, 0.886712, -4979.97, -0.00471622, -0.00471628, -0.00471629, 0.0169101, 0.866115, 0.0412457, -0.592978, 0.0406945
217.554, 0.843146, -4984.62, 0.88366, -4984.81, 0.886701, -4985.06, -0.00469718, -0.00469719, -0.00469723, 0.0169101, 0.866115, 0.0412457, -0.592964, 0.0407423
217.604, 0.843134, -4989.69, 0.883647, -4989.87, 0.886689, -4990.13, -0.00468138, -0.00468138, -0.0046814, 0.0169101, 0.866115, 0.0412455, -0.592947, 0.0407871
217.655, 0.843121, -4994.74, 0.883633, -4994.92, 0.886675, -4995.18, -0.00466988, -0.0046699, -0.00466991, 0.0169101, 0.866115, 0.0412457, -0.592928, 0.0408289
217.705, 0.843105, -4999.77, 0.883617, -4999.95, 0.886658, -5000.2, -0.00465466, -0.0046547, -0.0046547, 0.0169101, 0.866115, 0.0412456, -0.592906, 0.0408678
217.755, 0.843089, -5004.77, 0.8836, -5004.95, 0.886641, -5005.21, -0.00463443, -0.00463444, -0.00463446, 0.0169101, 0.866115, 0.0412454, -0.592883, 0.0409039
217.806, 0.843071, -5009.76, 0.88358, -5009.94, 0.886622, -5010.2, -0.00461419, -0.00461421, -0.00461422, 0.0169101, 0.866115, 0.0412456, -0.592857, 0.0409372
217.856, 0.843051, -5014.72, 0.88356, -5014.9, 0.886601, -5015.16, -0.0045939, -0.00459391, -0.00459391, 0.0169101, 0.866115, 0.0412456, -0.592829, 0.0409678
217.906, 0.843031, -5019.66, 0.883538, -5019.85, 0.88658, -5020.1, -0.00457377, -0.00457377, -0.00457376, 0.0169101, 0.866115, 0.0412455, -0.592801, 0.0409957
217.957, 0.843008, -5024.59, 0.883515, -5024.77, 0.886556, -5025.03, -0.00455298, -0.00455298, -0.00455297, 0.0169101, 0.866115, 0.0412453, -0.592768, 0.041021
218, 0.842988, -5028.8, 0.883494, -5028.99, 0.886535, -5029.24, -0.00453326, -0.00453328, -0.00453328, 0.0169101, 0.866115, 0.0412454, -0.59274, 0.0410407
218, 0.842988, -5028.8, 0.883494, -5028.99, 0.886535, -5029.24, -0.00453326, -0.00453328, -0.00453328, 0.0187234, 0.866115, 0.0412461, -0.59274, 0.041041
218.05, 0.842963, -5033.69, 0.883467, -5033.87, 0.886508, -5034.13, -0.00451307, -0.00451308, -0.00451308, 0.0187234, 0.866115, 0.0412453, -0.592705, 0.041106
218.101, 0.842937, -5038.56, 0.88344, -5038.74, 0.886481, -5038.99, -0.00449289, -0.0044929, -0.0044929, 0.0187234, 0.866115, 0.0412452, -0.592667, 0.0411676
218.151, 0.842909, -5043.4, 0.883411, -5043.58, 0.886452, -5043.84, -0.00447272, -0.00447273, -0.00447273, 0.0187234, 0.866115, 0.0412452, -0.592628, 0.0412256
218.201, 0.84288, -5048.22, 0.88338, -5048.41, 0.886421, -5048.66, -0.00445269, -0.00445271, -0.0044527, 0.0187234, 0.866115, 0.0412452, -0.592586, 0.04128
218.252, 0.842849, -5053.03, 0.883348, -5053.21, 0.886388, -5053.47, -0.00443275, -0.00443276, -0.00443276, 0.0187234, 0.866115, 0.041245, -0.592543, 0.0413309
218.302, 0.842817, -5057.81, 0.883314, -5057.99, 0.886354, -5058.25, -0.00441302, -0.00441302, -0.00441301, 0.0187234, 0.866115, 0.041245, -0.592497, 0.0413785
218.352, 0.842783, -5062.57, 0.883279, -5062.75, 0.886319, -5063.01, -0.00439363, -0.00439365, -0.00439365, 0.0187234, 0.866115, 0.0412448, -0.59245, 0.0414228
218.403, 0.842748, -5067.31, 0.883241, -5067.49, 0.886281, -5067.75, -0.004375, -0.00437501, -0.004375, 0.0187234, 0.866115, 0.0412447, -0.592399, 0.0414639
218.453, 0.84271, -5072.03, 0.883202, -5072.21, 0.886242, -5072.47, -0.00435758, -0.00435753, -0.00435757, 0.0187234, 0.866115, 0.0412445, -0.592346, 0.041502
218.504, 0.842672, -5076.72, 0.883162, -5076.91, 0.886202, -5077.16, -0.00434231, -0.00434235, -0.00434235, 0.0187234, 0.866115, 0.0412444, -0.592292, 0.041537
218.554, 0.842632, -5081.4, 0.88312, -5081.58, 0.88616, -5081.84, -0.0043309, -0.00433092, -0.00433094, 0.0187234, 0.866115, 0.0412446, -0.592236, 0.041569
218.604, 0.842592, -5086.06, 0.883078, -5086.24, 0.886117, -5086.5, -0.00431068, -0.00431073, -0.00431072, 0.0187234, 0.866115, 0.0412444, -0.592178, 0.0415982
218.655, 0.84255, -5090.69, 0.883034, -5090.87, 0.886073, -5091.13, -0.00429044, -0.00429048, -0.00429053, 0.0187234, 0.866115, 0.0412444, -0.592119, 0.0416246
218.705, 0.842506, -5095.3, 0.882988, -5095.49, 0.886027, -5095.74, -0.00427025, -0.00427028, -0.00427024, 0.0187234, 0.866115, 0.0412443, -0.592057, 0.0416482
218.755, 0.842462, -5099.9, 0.882942, -5100.08, 0.88598, -5100.33, -0.00424997, -0.00424998, -0.00425006, 0.0187234, 0.866115, 0.0412439, -0.591994, 0.0416692
218.806, 0.842418, -5104.47, 0.882895, -5104.65, 0.885934, -5104.91, -0.00422969, -0.00422973, -0.00422975, 0.0187234, 0.866115, 0.041244, -0.591932, 0.0416876
218.856, 0.842372, -5109.02, 0.882847, -5109.2, 0.885885, -5109.46, -0.00420957, -0.00420954, -0.0042096, 0.0187234, 0.866115, 0.0412435, -0.591866, 0.0417035
218.906, 0.842324, -5113.55, 0.882797, -5113.73, 0.885835, -5113.98, -0.004189, -0.00418904, -0.004189, 0.0187234, 0.866115, 0.0412435, -0.591799, 0.0417169
218.957, 0.842277, -5118.05, 0.882748, -5118.24, 0.885785, -5118.49, -0.00416905, -0.00416903, -0.00416903, 0.0187234, 0.866115, 0.0412433, -0.591732, 0.0417278
219, 0.842236, -5121.91, 0.882705, -5122.1, 0.885742, -5122.35, -0.00414885, -0.00414886, -0.00414883, 0.0187234, 0.866115, 0.0412432, -0.591674, 0.0417354
219, 0.842236, -5121.91, 0.882705, -5122.1, 0.885742, -5122.35, -0.00414885, -0.00414886, -0.00414883, 0.0203829, 0.866115, 0.0412438, -0.591674, 0.0417356
219.05, 0.842186, -5126.38, 0.882653, -5126.57, 0.88569, -5126.82, -0.00412857, -0.00412859, -0.00412861, 0.0203829, 0.866115, 0.0412431, -0.591603, 0.0417829
219.101, 0.842135, -5130.83, 0.882599, -5131.02, 0.885636, -5131.27, -0.0041084, -0.00410839, -0.00410845, 0.0203829, 0.866115, 0.041243, -0.591532, 0.0418269
219.151, 0.842085, -5135.26, 0.882546, -5135.45, 0.885583, -5135.7, -0.00408821, -0.0040882, -0.00408822, 0.0203829, 0.866115, 0.0412428, -0.59146, 0.0418676
219.201, 0.842033, -5139.67, 0.882492, -5139.85, 0.885528, -5140.11, -0.00406819, -0.00406815, -0.00406814, 0.0203829, 0.866115, 0.0412427, -0.591387, 0.041905
219.252, 0.841979, -5144.06, 0.882435, -5144.24, 0.885471, -5144.5, -0.00404815, -0.00404809, -0.00404815, 0.0203829, 0.866115, 0.0412425, -0.59131, 0.0419393
219.302, 0.841925, -5148.42, 0.882379, -5148.61, 0.885415, -5148.86, -0.00402856, -0.00402856, -0.00402855, 0.0203829, 0.866115, 0.0412424, -0.591235, 0.0419705
219.353, 0.84187, -5152.77, 0.882321, -5152.95, 0.885357, -5153.21, -0.0040092, -0.00400926, -0.00400919, 0.0203829, 0.866115, 0.0412421, -0.591157, 0.0419987
219.403, 0.841813, -5157.09, 0.882261, -5157.28, 0.885297, -5157.53, -0.00399055, -0.00399064, -0.00399058, 0.0203829, 0.866115, 0.041242, -0.591076, 0.0420239
219.453, 0.841756, -5161.4, 0.882201, -5161.58, 0.885236, -5161.84, -0.00397526, -0.00397523, -0.00397535, 0.0203829, 0.866115, 0.0412416, -0.590995, 0.0420463
219.504, 0.841698, -5165.68, 0.88214, -5165.86, 0.885175, -5166.12, -0.00396158, -0.00396174, -0.00396162, 0.0203829, 0.866115, 0.0412416, -0.590912, 0.042066
219.554, 0.841638, -5169.94, 0.882078, -5170.13, 0.885112, -5170.38, -0.00394643, -0.0039466, -0.00394645, 0.0203829, 0.866115, 0.0412417, -0.590828, 0.042083
219.604, 0.841578, -5174.18, 0.882014, -5174.37, 0.885049, -5174.62, -0.00392632, -0.00392635, -0.00392633, 0.0203829, 0.866115, 0.0412415, -0.590743, 0.0420973
219.655, 0.841517, -5178.4, 0.88195, -5178.59, 0.884984, -5178.84, -0.00390603, -0.00390608, -0.00390599, 0.0203829, 0.866115, 0.0412413, -0.590656, 0.0421091
219.705, 0.841455, -5182.6, 0.881886, -5182.79, 0.884919, -5183.04, -0.00388574, -0.00388564, -0.00388566, 0.0203829, 0.866115, 0.0412411, -0.59057, 0.0421184
219.755, 0.841394, -5186.78, 0.881821, -5186.96, 0.884855, -5187.22, -0.00386539, -0.00386531, -0.00386531, 0.0203829, 0.866115, 0.0412408, -0.590482, 0.0421253
219.806, 0.841332, -5190.94, 0.881757, -5191.12, 0.88479, -5191.38, -0.00384535, -0.00384526, -0.0038452, 0.0203829, 0.866115, 0.0412408, -0.590395, 0.0421299
219.856, 0.841269, -5195.08, 0.881691, -5195.26, 0.884723, -5195.52, -0.00382338, -0.00382354, -0.0038234, 0.0203829, 0.866115, 0.0412405, -0.590306, 0.0421322
219.906, 0.841205, -5199.2, 0.881623, -5199.38, 0.884656, -5199.64, -0.00380479, -0.00380491, -0.00380477, 0.0203829, 0.866115, 0.0412401, -0.590215, 0.0421322
219.957, 0.84114, -5203.29, 0.881555, -5203.48, 0.884588, -5203.73, -0.00378457, -0.00378454, -0.0037847, 0.0203829, 0.866115, 0.0412402, -0.590124, 0.04213
220, 0.841084, -5206.8, 0.881497, -5206.99, 0.884529, -5207.24, -0.00376476, -0.00376493, -0.00376481, 0.0203829, 0.866115, 0.0412399, -0.590045, 0.0421265
220, 0.841084, -5206.8, 0.881497, -5206.99, 0.884529, -5207.24, -0.00376476, -0.00376493, -0.00376481, 0.0218888, 0.866115, 0.0412404, -0.590045, 0.0421267
220.05, 0.841019, -5210.86, 0.881429, -5211.05, 0.88446, -5211.3, -0.00374556, -0.00374573, -0.00374558, 0.0218888, 0.866115, 0.0412397, -0.589952, 0.0421576
220.101, 0.840954, -5214.9, 0.881361, -5215.09, 0.884392, -5215.34, -0.00373021, -0.00373038, -0.00373036, 0.0218888, 0.866115, 0.0412395, -0.589861, 0.0421855
220.151, 0.840889, -5218.93, 0.881292, -5219.11, 0.884323, -5219.37, -0.00372381, -0.00372382, -0.0037239, 0.0218888, 0.866115, 0.0412394, -0.589769, 0.0422105
220.201, 0.840823, -5222.92, 0.881223, -5223.11, 0.884253, -5223.37, -0.00370357, -0.00370373, -0.00370361, 0.0218888, 0.866115, 0.0412392, -0.589675, 0.0422325
220.252, 0.840755, -5226.9, 0.881152, -5227.09, 0.884182, -5227.34, -0.00368347, -0.00368342, -0.00368342, 0.0218888, 0.866115, 0.041239, -0.589579, 0.0422517
220.302, 0.840687, -5230.86, 0.88108, -5231.05, 0.88411, -5231.3, -0.00366294, -0.00366308, -0.00366302, 0.0218888, 0.866115, 0.0412388, -0.589482, 0.0422681
220.353, 0.840618, -5234.8, 0.881008, -5234.99, 0.884038, -5235.24, -0.00364294, -0.00364287, -0.00364295, 0.0218888, 0.866115, 0.0412387, -0.589386, 0.0422818
220.403, 0.84055, -5238.72, 0.880937, -5238.91, 0.883966, -5239.16, -0.0036205, -0.00362057, -0.00362062, 0.0218888, 0.866115, 0.0412382, -0.58929, 0.0422929
220.453, 0.840481, -5242.62, 0.880864, -5242.81, 0.883893, -5243.06, -0.00360246, -0.0036025, -0.00360248, 0.0218888, 0.866115, 0.041238, -0.589192, 0.0423016
220.504, 0.84041, -5246.51, 0.88079, -5246.69, 0.883818, -5246.95, -0.00358227, -0.00358227, -0.0035822, 0.0218888, 0.866115, 0.0412378, -0.589092, 0.0423077
220.554, 0.840338, -5250.37, 0.880714, -5250.55, 0.883743, -5250.81, -0.00356215, -0.00356216, -0.00356217, 0.0218888, 0.866115, 0.0412378, -0.58899, 0.0423115
220.604, 0.840267, -5254.21, 0.880639, -5254.39, 0.883667, -5254.65, -0.00354289, -0.00354298, -0.00354298, 0.0218888, 0.866115, 0.0412376, -0.588889, 0.0423129
220.655, 0.840195, -5258.03, 0.880564, -5258.22, 0.883592, -5258.47, -0.00352787, -0.00352794, -0.00352801, 0.0218888, 0.866115, 0.0412374, -0.588788, 0.0423122
220.705, 0.840123, -5261.83, 0.880489, -5262.02, 0.883516, -5262.27, -0.00352144, -0.00352163, -0.00352148, 0.0218888, 0.866115, 0.0412374, -0.588686, 0.0423092
220.755, 0.840051, -5265.62, 0.880413, -5265.8, 0.88344, -5266.06, -0.00350132, -0.00350129, -0.00350123, 0.0218888, 0.866115, 0.0412369, -0.588584, 0.0423041
220.806, 0.83998, -5269.38, 0.880338, -5269.56, 0.883365, -5269.82, -0.00348101, -0.00348101, -0.00348106, 0.0218888, 0.866115, 0.0412366, -0.588484, 0.0422969
220.856, 0.839908, -5273.12, 0.880263, -5273.31, 0.883289, -5273.56, -0.0034596, -0.0034597, -0.0034597, 0.0218888, 0.866115, 0.0412369, -0.588382, 0.0422877
220.906, 0.839836, -5276.85, 0.880188, -5277.03, 0.883213, -5277.29, -0.00344053, -0.00344056, -0.00344055, 0.0218888, 0.866115, 0.0412363, -0.588281, 0.0422766
220.957, 0.839764, -5280.55, 0.880112, -5280.74, 0.883138, -5281, -0.00342034, -0.00342049, -0.00342041, 0.0218888, 0.866115, 0.041236, -0.58818, 0.0422636
221, 0.839702, -5283.73, 0.880048, -5283.91, 0.883073, -5284.17, -0.00340493, -0.00340495, -0.00340498, 0.0218888, 0.866115, 0.0412359, -0.588092, 0.0422509
221, 0.839703, -5283.73, 0.880048, -5283.91, 0.883073, -5284.17, -0.00340493, -0.00340495, -0.00340498, 0.0232508, 0.866115, 0.0412367, -0.588093, 0.042251
221.05, 0.839631, -5287.4, 0.879972, -5287.58, 0.882997, -5287.84, -0.00340001, -0.00340006, -0.00340012, 0.0232508, 0.866115, 0.0412356, -0.587991, 0.0422681
221.101, 0.839559, -5291.05, 0.879897, -5291.24, 0.882922, -5291.49, -0.00337976, -0.00337978, -0.00337978, 0.0232508, 0.866115, 0.0412355, -0.58789, 0.0422825
221.151, 0.839486, -5294.68, 0.879821, -5294.87, 0.882845, -5295.13, -0.00335962, -0.0033596, -0.00335963, 0.0232508, 0.866115, 0.0412352, -0.587787, 0.0422942
221.202, 0.839412, -5298.3, 0.879743, -5298.48, 0.882767, -5298.74, -0.00333939, -0.0033394, -0.00333937, 0.0232508, 0.866115, 0.0412351, -0.587683, 0.0423034
221.252, 0.839337, -5301.9, 0.879665, -5302.08, 0.882688, -5302.34, -0.00331917, -0.00331921, -0.00331921, 0.0232508, 0.866115, 0.0412348, -0.587577, 0.0423101
221.302, 0.839262, -5305.48, 0.879586, -5305.66, 0.882609, -5305.92, -0.00329977, -0.00329975, -0.00329978, 0.0232508, 0.866115, 0.0412346, -0.587471, 0.0423144
221.353, 0.839187, -5309.04, 0.879507, -5309.22, 0.88253, -5309.48, -0.00329002, -0.00329003, -0.00329008, 0.0232508, 0.866115, 0.0412344, -0.587365, 0.0423164
221.403, 0.839112, -5312.58, 0.879428, -5312.76, 0.88245, -5313.02, -0.00327867, -0.0032787, -0.0032787, 0.0232508, 0.866115, 0.0412342, -0.587258, 0.0423161
221.453, 0.839037, -5316.1, 0.879349, -5316.28, 0.882371, -5316.54, -0.00325818, -0.00325823, -0.00325825, 0.0232508, 0.866115, 0.041234, -0.587153, 0.0423136
221.504, 0.838961, -5319.6, 0.87927, -5319.79, 0.882292, -5320.05, -0.0032382, -0.00323817, -0.00323823, 0.0232508, 0.866115, 0.0412338, -0.587047, 0.042309
221.554, 0.838886, -5323.09, 0.879191, -5323.28, 0.882213, -5323.53, -0.00321795, -0.00321804, -0.00321802, 0.0232508, 0.866115, 0.0412336, -0.58694, 0.0423023
221.604, 0.838811, -5326.56, 0.879113, -5326.75, 0.882134, -5327, -0.00319854, -0.00319857, -0.00319861, 0.0232508, 0.866115, 0.0412334, -0.586835, 0.0422936
221.655, 0.838736, -5330.01, 0.879034, -5330.2, 0.882054, -5330.46, -0.00319773, -0.00319771, -0.00319774, 0.0232508, 0.866115, 0.0412331, -0.586728, 0.042283
221.705, 0.838661, -5333.45, 0.878955, -5333.63, 0.881975, -5333.89, -0.00317742, -0.00317743, -0.00317748, 0.0232508, 0.866115, 0.041233, -0.586622, 0.0422704
221.755, 0.838585, -5336.86, 0.878876, -5337.04, 0.881896, -5337.3, -0.00315725, -0.00315726, -0.00315727, 0.0232508, 0.866115, 0.0412326, -0.586516, 0.0422561
221.806, 0.83851, -5340.26, 0.878797, -5340.44, 0.881817, -5340.7, -0.00313704, -0.00313701, -0.00313703, 0.0232508, 0.866115, 0.0412322, -0.586411, 0.04224
221.856, 0.838435, -5343.64, 0.878718, -5343.82, 0.881738, -5344.08, -0.0031171, -0.00311713, -0.00311715, 0.0232508, 0.866115, 0.0412324, -0.586305, 0.0422222
221.906, 0.83836, -5347, 0.87864, -5347.19, 0.881658, -5347.45, -0.00311168, -0.0031117, -0.0031117, 0.0232508, 0.866115, 0.0412321, -0.586199, 0.0422027
221.957, 0.838285, -5350.35, 0.878561, -5350.53, 0.881579, -5350.79, -0.00309651, -0.00309654, -0.00309652, 0.0232508, 0.866115, 0.0412319, -0.586092, 0.0421817
222, 0.83822, -5353.21, 0.878493, -5353.4, 0.881511, -5353.65, -0.0030763, -0.00307634, -0.00307632, 0.0232508, 0.866115, 0.0412314, -0.586002, 0.0421623
222, 0.83822, -5353.21, 0.878493, -5353.4, 0.881511, -5353.65, -0.0030763, -0.00307634, -0.00307632, 0.0244813, 0.866115, 0.0412319, -0.586002, 0.0421623
222.05, 0.838145, -5356.52, 0.878414, -5356.71, 0.881432, -5356.97, -0.00305621, -0.00305626, -0.00305626, 0.0244813, 0.866115, 0.0412315, -0.585895, 0.0421686
222.101, 0.83807, -5359.82, 0.878335, -5360.01, 0.881353, -5360.27, -0.00305098, -0.00305099, -0.00305098, 0.0244813, 0.866115, 0.0412307, -0.58579, 0.0421727
222.151, 0.837997, -5363.1, 0.878259, -5363.29, 0.881276, -5363.54, -0.0030358, -0.00303584, -0.00303589, 0.0244813, 0.866115, 0.0412312, -0.585688, 0.0421744
222.202, 0.837925, -5366.37, 0.878184, -5366.55, 0.8812, -5366.81, -0.00301273, -0.00301276, -0.00301277, 0.0244813, 0.866115, 0.041231, -0.585586, 0.0421739
222.252, 0.837853, -5369.61, 0.878108, -5369.8, 0.881125, -5370.05, -0.00299541, -0.00299545, -0.00299543, 0.0244813, 0.866115, 0.0412308, -0.585485, 0.0421713
222.302, 0.837781, -5372.84, 0.878033, -5373.03, 0.881049, -5373.29, -0.00297987, -0.0029799, -0.00297991, 0.0244813, 0.866115, 0.0412302, -0.585383, 0.0421666
222.353, 0.837709, -5376.06, 0.877957, -5376.24, 0.880973, -5376.5, -0.00297505, -0.00297506, -0.0029751, 0.0244813, 0.866115, 0.04123, -0.585282, 0.0421599
222.403, 0.837637, -5379.25, 0.877882, -5379.44, 0.880897, -5379.7, -0.00295483, -0.00295487, -0.00295486, 0.0244813, 0.866115, 0.04123, -0.58518, 0.0421512
222.453, 0.837565, -5382.43, 0.877806, -5382.62, 0.880821, -5382.88, -0.00293464, -0.0029347, -0.00293467, 0.0244813, 0.866115, 0.0412297, -0.585079, 0.0421407
222.504, 0.837493, -5385.6, 0.877731, -5385.79, 0.880745, -5386.04, -0.00292076, -0.0029208, -0.00292081, 0.0244813, 0.866115, 0.0412295, -0.584978, 0.0421284
222.554, 0.837422, -5388.75, 0.877656, -5388.93, 0.88067, -5389.19, -0.00291438, -0.00291441, -0.00291441, 0.0244813, 0.866115, 0.0412292, -0.584876, 0.0421144
222.604, 0.83735, -5391.88, 0.87758, -5392.07, 0.880594, -5392.32, -0.00289034, -0.00289037, -0.00289037, 0.0244813, 0.866115, 0.0412292, -0.584776, 0.0420986
222.655, 0.837278, -5395, 0.877505, -5395.18, 0.880519, -5395.44, -0.00287401, -0.00287403, -0.00287404, 0.0244813, 0.866115, 0.041229, -0.584675, 0.0420812
222.705, 0.837206, -5398.1, 0.87743, -5398.29, 0.880443, -5398.54, -0.0028739, -0.00287392, -0.00287393, 0.0244813, 0.866115, 0.0412287, -0.584574, 0.0420623
222.755, 0.837135, -5401.18, 0.877355, -5401.37, 0.880367, -5401.62, -0.00285354, -0.00285357, -0.00285357, 0.0244813, 0.866115, 0.0412285, -0.584473, 0.0420418
222.806, 0.837063, -5404.25, 0.877279, -5404.44, 0.880292, -5404.69, -0.00283342, -0.00283345, -0.00283346, 0.0244813, 0.866115, 0.0412283, -0.584371, 0.0420198
222.856, 0.836993, -5407.31, 0.877205, -5407.49, 0.880218, -5407.75, -0.00281521, -0.00281524, -0.00281524, 0.0244813, 0.866115, 0.041228, -0.584273, 0.0419964
222.907, 0.836924, -5410.35, 0.877133, -5410.53, 0.880145, -5410.79, -0.00281316, -0.0028132, -0.0028132, 0.0244813, 0.866115, 0.0412279, -0.584176, 0.0419716
222.957, 0.836855, -5413.37, 0.877061, -5413.55, 0.880073, -5413.81, -0.00279292, -0.00279295, -0.00279294, 0.0244813, 0.866115, 0.0412277, -0.58408, 0.0419454
223, 0.836796, -5415.96, 0.876999, -5416.14, 0.88001, -5416.4, -0.00277632, -0.00277633, -0.00277635, 0.0244813, 0.866115, 0.0412275, -0.583996, 0.0419219
223, 0.836796, -5415.96, 0.876999, -5416.14, 0.880011, -5416.4, -0.00277632, -0.00277633, -0.00277635, 0.0255918, 0.866115, 0.0412279, -0.583996, 0.0419219
223.051, 0.836727, -5418.95, 0.876927, -5419.14, 0.879938, -5419.4, -0.00277269, -0.00277269, -0.00277269, 0.0255918, 0.866115, 0.0412272, -0.5839, 0.0419208
223.101, 0.836659, -5421.93, 0.876855, -5422.12, 0.879866, -5422.38, -0.00275245, -0.00275248, -0.00275248, 0.0255918, 0.866115, 0.041227, -0.583803, 0.0419176
223.151, 0.83659, -5424.9, 0.876784, -5425.09, 0.879794, -5425.34, -0.00273373, -0.00273379, -0.00273379, 0.0255918, 0.866115, 0.0412269, -0.583708, 0.0419125
223.202, 0.836523, -5427.85, 0.876713, -5428.04, 0.879723, -5428.29, -0.00273221, -0.00273223, -0.00273224, 0.0255918, 0.866115, 0.0412268, -0.583612, 0.0419055
223.252, 0.836457, -5430.79, 0.876644, -5430.97, 0.879654, -5431.23, -0.00271198, -0.00271203, -0.00271201, 0.0255918, 0.866115, 0.0412265, -0.58352, 0.0418968
223.302, 0.836392, -5433.71, 0.876575, -5433.9, 0.879585, -5434.15, -0.00269325, -0.0026933, -0.00269327, 0.0255918, 0.866115, 0.0412265, -0.583428, 0.0418862
223.353, 0.836326, -5436.62, 0.876507, -5436.8, 0.879516, -5437.06, -0.00269177, -0.00269179, -0.00269181, 0.0255918, 0.866115, 0.0412261, -0.583336, 0.041874
223.403, 0.836261, -5439.51, 0.876439, -5439.7, 0.879447, -5439.95, -0.00267147, -0.00267152, -0.00267152, 0.0255918, 0.866115, 0.0412261, -0.583244, 0.0418601
223.453, 0.836196, -5442.39, 0.87637, -5442.58, 0.879379, -5442.83, -0.00265489, -0.0026549, -0.00265492, 0.0255918, 0.866115, 0.0412258, -0.583153, 0.0418447
223.504, 0.836132, -5445.26, 0.876302, -5445.44, 0.879311, -5445.7, -0.00265122, -0.00265122, -0.00265123, 0.0255918, 0.866115, 0.0412254, -0.583062, 0.0418277
223.554, 0.836067, -5448.11, 0.876234, -5448.29, 0.879242, -5448.55, -0.00263104, -0.00263103, -0.00263103, 0.0255918, 0.866115, 0.0412252, -0.582971, 0.0418093
223.604, 0.836003, -5450.95, 0.876167, -5451.13, 0.879175, -5451.39, -0.00263106, -0.00263104, -0.00263105, 0.0255918, 0.866115, 0.0412251, -0.582881, 0.0417895
223.655, 0.83594, -5453.77, 0.876102, -5453.95, 0.879109, -5454.21, -0.00261045, -0.00261048, -0.0026105, 0.0255918, 0.866115, 0.041225, -0.582793, 0.0417684
223.705, 0.835878, -5456.58, 0.876037, -5456.76, 0.879044, -5457.02, -0.00259064, -0.00259065, -0.00259066, 0.0255918, 0.866115, 0.0412248, -0.582706, 0.0417459
223.755, 0.835817, -5459.38, 0.875972, -5459.56, 0.878979, -5459.82, -0.00259056, -0.00259058, -0.0025906, 0.0255918, 0.866115, 0.0412248, -0.582619, 0.0417221
223.806, 0.835755, -5462.16, 0.875908, -5462.34, 0.878914, -5462.6, -0.00257031, -0.00257031, -0.00257036, 0.0255918, 0.866115, 0.0412245, -0.582533, 0.0416972
223.856, 0.835695, -5464.93, 0.875845, -5465.11, 0.878851, -5465.37, -0.00255368, -0.00255372, -0.00255372, 0.0255918, 0.866115, 0.0412245, -0.582448, 0.041671
223.907, 0.835636, -5467.68, 0.875783, -5467.87, 0.878789, -5468.12, -0.00255012, -0.00255009, -0.00255016, 0.0255918, 0.866115, 0.0412243, -0.582366, 0.0416438
223.957, 0.835578, -5470.43, 0.875722, -5470.61, 0.878727, -5470.87, -0.00252991, -0.00252991, -0.0025299, 0.0255918, 0.866115, 0.041224, -0.582284, 0.0416154
224, 0.835528, -5472.78, 0.875669, -5472.96, 0.878674, -5473.22, -0.00252984, -0.00252981, -0.00252987, 0.0255918, 0.866115, 0.041224, -0.582214, 0.0415902
224, 0.835528, -5472.78, 0.875669, -5472.96, 0.878674, -5473.22, -0.00252984, -0.00252981, -0.00252987, 0.0266038, 0.866115, 0.0412243, -0.582213, 0.0415901
224.051, 0.83547, -5475.49, 0.875608, -5475.68, 0.878613, -5475.94, -0.00250961, -0.00250962, -0.0025096, 0.0266038, 0.866115, 0.0412237, -0.582132, 0.0415848
224.101, 0.835414, -5478.2, 0.875549, -5478.39, 0.878554, -5478.65, -0.00250955, -0.00250961, -0.00250964, 0.0266038, 0.866115, 0.0412234, -0.582053, 0.0415777
224.151, 0.835358, -5480.89, 0.875491, -5481.08, 0.878495, -5481.34, -0.00248431, -0.00248433, -0.0024843, 0.0266038, 0.866115, 0.0412234, -0.581975, 0.041569
224.202, 0.835303, -5483.58, 0.875434, -5483.76, 0.878438, -5484.02, -0.00247117, -0.00247114, -0.00247116, 0.0266038, 0.866115, 0.0412232, -0.581898, 0.0415587
224.252, 0.835248, -5486.24, 0.875376, -5486.43, 0.87838, -5486.69, -0.00246915, -0.00246916, -0.00246916, 0.0266038, 0.866115, 0.0412231, -0.581821, 0.0415468
224.302, 0.835194, -5488.9, 0.875319, -5489.09, 0.878323, -5489.35, -0.0024489, -0.00244897, -0.00244899, 0.0266038, 0.866115, 0.0412229, -0.581744, 0.0415335
224.353, 0.83514, -5491.55, 0.875262, -5491.73, 0.878266, -5491.99, -0.00244885, -0.00244887, -0.00244887, 0.0266038, 0.866115, 0.0412227, -0.581669, 0.0415188
224.403, 0.835087, -5494.18, 0.875207, -5494.36, 0.878211, -5494.62, -0.00242862, -0.00242869, -0.00242864, 0.0266038, 0.866115, 0.0412226, -0.581595, 0.0415027
224.453, 0.835036, -5496.8, 0.875153, -5496.99, 0.878156, -5497.24, -0.00242862, -0.00242868, -0.00242866, 0.0266038, 0.866115, 0.0412225, -0.581523, 0.0414853
224.504, 0.834985, -5499.41, 0.8751, -5499.59, 0.878102, -5499.85, -0.00240839, -0.00240844, -0.00240839, 0.0266038, 0.866115, 0.0412223, -0.581451, 0.0414666
224.554, 0.834933, -5502.01, 0.875046, -5502.19, 0.878048, -5502.45, -0.00240841, -0.00240842, -0.00240843, 0.0266038, 0.866115, 0.0412222, -0.581379, 0.0414468
224.604, 0.834882, -5504.59, 0.874992, -5504.77, 0.877995, -5505.03, -0.00238812, -0.0023882, -0.00238813, 0.0266038, 0.866115, 0.0412221, -0.581308, 0.0414257
224.655, 0.834833, -5507.16, 0.874941, -5507.35, 0.877943, -5507.61, -0.00237276, -0.00237273, -0.00237276, 0.0266038, 0.866115, 0.0412218, -0.581238, 0.0414035
224.705, 0.834785, -5509.72, 0.874891, -5509.91, 0.877892, -5510.16, -0.00236697, -0.00236704, -0.00236701, 0.0266038, 0.866115, 0.041222, -0.581171, 0.0413803
224.756, 0.834737, -5512.27, 0.87484, -5512.46, 0.877842, -5512.72, -0.00234922, -0.00234924, -0.00234917, 0.0266038, 0.866115, 0.0412215, -0.581104, 0.041356
224.806, 0.83469, -5514.81, 0.87479, -5514.99, 0.877792, -5515.25, -0.00234775, -0.00234763, -0.00234777, 0.0266038, 0.866115, 0.0412215, -0.581037, 0.0413307
224.856, 0.834644, -5517.34, 0.874742, -5517.52, 0.877743, -5517.78, -0.00232811, -0.00232811, -0.00232803, 0.0266038, 0.866115, 0.0412213, -0.580973, 0.0413044
224.907, 0.834599, -5519.85, 0.874695, -5520.04, 0.877696, -5520.29, -0.00232736, -0.00232725, -0.00232732, 0.0266038, 0.866115, 0.0412211, -0.58091, 0.0412773
224.957, 0.834555, -5522.36, 0.874649, -5522.54, 0.877649, -5522.8, -0.00230764, -0.00230765, -0.00230765, 0.0266038, 0.866115, 0.0412211, -0.580847, 0.0412492
225, 0.834517, -5524.5, 0.874609, -5524.69, 0.877609, -5524.94, -0.00230726, -0.0023072, -0.00230723, 0.0266038, 0.866115, 0.041221, -0.580794, 0.0412244
225, 0.834517, -5524.5, 0.874609, -5524.69, 0.877609, -5524.94, -0.00230726, -0.0023072, -0.00230723, 0.0275267, 0.866115, 0.0412213, -0.580794, 0.0412243
225.051, 0.834474, -5526.99, 0.874564, -5527.18, 0.877564, -5527.43, -0.00229331, -0.00229337, -0.00229335, 0.0275267, 0.866115, 0.0412209, -0.580734, 0.0412175
225.101, 0.834433, -5529.46, 0.874521, -5529.65, 0.877521, -5529.9, -0.00228418, -0.00228406, -0.00228414, 0.0275267, 0.866115, 0.0412206, -0.580677, 0.0412092
225.151, 0.834392, -5531.93, 0.874478, -5532.12, 0.877478, -5532.37, -0.00228193, -0.00228193, -0.00228183, 0.0275267, 0.866115, 0.0412208, -0.580619, 0.0411994
225.202, 0.834351, -5534.38, 0.874435, -5534.56, 0.877434, -5534.82, -0.00226677, -0.00226669, -0.0022667, 0.0275267, 0.866115, 0.0412206, -0.580561, 0.0411883
225.252, 0.834311, -5536.83, 0.874393, -5537.01, 0.877392, -5537.27, -0.0022667, -0.00226665, -0.00226667, 0.0275267, 0.866115, 0.0412202, -0.580505, 0.041176
225.302, 0.834272, -5539.25, 0.874352, -5539.44, 0.877352, -5539.7, -0.0022464, -0.00224658, -0.0022465, 0.0275267, 0.866115, 0.04122, -0.580451, 0.0411624
225.353, 0.834235, -5541.68, 0.874313, -5541.86, 0.877312, -5542.12, -0.00224643, -0.00224642, -0.00224656, 0.0275267, 0.866115, 0.0412199, -0.580398, 0.0411476
225.403, 0.834197, -5544.09, 0.874273, -5544.27, 0.877272, -5544.53, -0.00222612, -0.00222621, -0.00222617, 0.0275267, 0.866115, 0.04122, -0.580345, 0.0411316
225.453, 0.834159, -5546.49, 0.874234, -5546.68, 0.877233, -5546.93, -0.00222621, -0.00222625, -0.00222618, 0.0275267, 0.866115, 0.0412198, -0.580293, 0.0411146
225.504, 0.834122, -5548.88, 0.874195, -5549.07, 0.877194, -5549.32, -0.00220604, -0.00220609, -0.00220596, 0.0275267, 0.866115, 0.0412197, -0.580241, 0.0410965
225.554, 0.834087, -5551.26, 0.874158, -5551.45, 0.877157, -5551.71, -0.00220602, -0.00220608, -0.00220607, 0.0275267, 0.866115, 0.0412196, -0.580191, 0.0410773
225.604, 0.834053, -5553.64, 0.874122, -5553.82, 0.87712, -5554.08, -0.00218584, -0.00218582, -0.00218579, 0.0275267, 0.866115, 0.0412195, -0.580143, 0.0410573
225.655, 0.834018, -5556, 0.874086, -5556.18, 0.877084, -5556.44, -0.00218579, -0.00218579, -0.00218572, 0.0275267, 0.866115, 0.0412196, -0.580095, 0.0410362
225.705, 0.833984, -5558.35, 0.874051, -5558.54, 0.877048, -5558.8, -0.00216762, -0.00216758, -0.00216749, 0.0275267, 0.866115, 0.0412195, -0.580048, 0.0410143
225.756, 0.833953, -5560.69, 0.874017, -5560.88, 0.877015, -5561.13, -0.00216039, -0.0021604, -0.00216044, 0.0275267, 0.866115, 0.0412192, -0.580003, 0.0409916
225.806, 0.833922, -5563.03, 0.873985, -5563.22, 0.876982, -5563.47, -0.0021654, -0.00216553, -0.00216544, 0.0275267, 0.866115, 0.0412191, -0.579959, 0.040968
225.856, 0.833891, -5565.35, 0.873952, -5565.54, 0.87695, -5565.79, -0.00214524, -0.00214523, -0.00214523, 0.0275267, 0.866115, 0.041219, -0.579916, 0.0409436
225.907, 0.83386, -5567.67, 0.873921, -5567.85, 0.876918, -5568.11, -0.00214521, -0.00214521, -0.00214536, 0.0275267, 0.866115, 0.0412191, -0.579874, 0.0409184
225.957, 0.833832, -5569.97, 0.873891, -5570.16, 0.876888, -5570.42, -0.002125, -0.002125, -0.00212515, 0.0275267, 0.866115, 0.041219, -0.579835, 0.0408926
226, 0.833809, -5571.95, 0.873866, -5572.13, 0.876863, -5572.39, -0.00212336, -0.00212338, -0.00212352, 0.0275267, 0.866115, 0.0412189, -0.579801, 0.0408698
226, 0.833809, -5571.95, 0.873866, -5572.13, 0.876863, -5572.39, -0.00212336, -0.00212338, -0.00212352, 0.028376, 0.866115, 0.0412192, -0.579801, 0.0408697
226.051, 0.833781, -5574.24, 0.873837, -5574.43, 0.876834, -5574.68, -0.00212496, -0.002125, -0.00212497, 0.028376, 0.866115, 0.0412188, -0.579762, 0.0408636
226.101, 0.833754, -5576.52, 0.873809, -5576.7, 0.876805, -5576.96, -0.00210474, -0.00210484, -0.00210473, 0.028376, 0.866115, 0.0412188, -0.579724, 0.0408562
226.151, 0.833729, -5578.79, 0.873783, -5578.98, 0.876779, -5579.23, -0.00210472, -0.0021048, -0.00210472, 0.028376, 0.866115, 0.0412187, -0.579689, 0.0408475
226.202, 0.833704, -5581.05, 0.873757, -5581.24, 0.876753, -5581.5, -0.00208457, -0.00208473, -0.00208457, 0.028376, 0.866115, 0.0412186, -0.579655, 0.0408377
226.252, 0.83368, -5583.3, 0.873731, -5583.49, 0.876728, -5583.75, -0.00208299, -0.00208304, -0.00208288, 0.028376, 0.866115, 0.0412186, -0.579621, 0.0408268
226.302, 0.833656, -5585.56, 0.873706, -5585.74, 0.876702, -5586, -0.00208454, -0.00208464, -0.00208464, 0.028376, 0.866115, 0.0412184, -0.579588, 0.0408148
226.353, 0.833633, -5587.79, 0.873682, -5587.98, 0.876678, -5588.23, -0.00206427, -0.00206425, -0.0020644, 0.028376, 0.866115, 0.0412184, -0.579555, 0.0408018
226.403, 0.833612, -5590.02, 0.87366, -5590.21, 0.876656, -5590.46, -0.00206433, -0.0020643, -0.00206426, 0.028376, 0.866115, 0.0412184, -0.579525, 0.0407879
226.453, 0.83359, -5592.24, 0.873637, -5592.43, 0.876633, -5592.69, -0.00204486, -0.00204487, -0.00204498, 0.028376, 0.866115, 0.0412183, -0.579495, 0.040773
226.504, 0.83357, -5594.45, 0.873616, -5594.64, 0.876612, -5594.89, -0.00204401, -0.00204412, -0.00204403, 0.028376, 0.866115, 0.0412181, -0.579467, 0.0407572
226.554, 0.833549, -5596.66, 0.873594, -5596.84, 0.87659, -5597.1, -0.00204412, -0.00204409, -0.00204401, 0.028376, 0.866115, 0.0412182, -0.579437, 0.0407405
226.605, 0.83353, -5598.85, 0.873574, -5599.04, 0.876569, -5599.3, -0.00202378, -0.00202382, -0.00202377, 0.028376, 0.866115, 0.0412183, -0.57941, 0.0407231
226.655, 0.833512, -5601.04, 0.873555, -5601.22, 0.87655, -5601.48, -0.00202377, -0.00202386, -0.00202377, 0.028376, 0.866115, 0.0412181, -0.579385, 0.0407048
226.705, 0.833494, -5603.22, 0.873536, -5603.41, 0.876532, -5603.67, -0.00202376, -0.00202378, -0.00202378, 0.028376, 0.866115, 0.0412181, -0.57936, 0.0406858
226.756, 0.833477, -5605.39, 0.873518, -5605.58, 0.876514, -5605.83, -0.00200353, -0.00200361, -0.00200359, 0.028376, 0.866115, 0.0412179, -0.579336, 0.0406661
226.806, 0.83346, -5607.55, 0.873501, -5607.74, 0.876496, -5608, -0.00200351, -0.00200351, -0.00200351, 0.028376, 0.866115, 0.0412178, -0.579313, 0.0406457
226.856, 0.833445, -5609.72, 0.873485, -5609.91, 0.876481, -5610.16, -0.00200354, -0.00200353, -0.00200368, 0.028376, 0.866115, 0.0412179, -0.579292, 0.0406246
226.907, 0.833431, -5611.86, 0.87347, -5612.05, 0.876465, -5612.3, -0.00198341, -0.00198329, -0.00198341, 0.028376, 0.866115, 0.0412177, -0.579272, 0.0406029
226.957, 0.833417, -5614, 0.873456, -5614.19, 0.876451, -5614.45, -0.00198331, -0.00198329, -0.00198345, 0.028376, 0.866115, 0.0412177, -0.579253, 0.0405806
227, 0.833406, -5615.84, 0.873444, -5616.03, 0.876439, -5616.29, -0.0019833, -0.00198323, -0.00198332, 0.028376, 0.866115, 0.0412177, -0.579237, 0.0405609
227, 0.833406, -5615.84, 0.873444, -5616.03, 0.876439, -5616.29, -0.0019833, -0.00198323, -0.00198332, 0.0291693, 0.866115, 0.0412181, -0.579236, 0.0405608
227.051, 0.833394, -5617.97, 0.873431, -5618.15, 0.876426, -5618.41, -0.00196305, -0.00196305, -0.00196317, 0.0291693, 0.866115, 0.0412179, -0.57922, 0.0405571
227.101, 0.833382, -5620.09, 0.873419, -5620.27, 0.876414, -5620.53, -0.00196303, -0.00196317, -0.00196305, 0.0291693, 0.866115, 0.0412177, -0.579204, 0.0405522
227.151, 0.833372, -5622.21, 0.873409, -5622.39, 0.876403, -5622.65, -0.00196305, -0.00196311, -0.00196306, 0.0291693, 0.866115, 0.0412177, -0.57919, 0.0405462
227.202, 0.833362, -5624.31, 0.873398, -5624.49, 0.876392, -5624.75, -0.00194283, -0.00194284, -0.00194281, 0.0291693, 0.866115, 0.0412176, -0.579175, 0.0405392
227.252, 0.833352, -5626.4, 0.873387, -5626.59, 0.876382, -5626.85, -0.00194287, -0.00194282, -0.00194292, 0.0291693, 0.866115, 0.0412176, -0.579161, 0.0405312
227.302, 0.833342, -5628.5, 0.873377, -5628.69, 0.876372, -5628.95, -0.00194296, -0.00194281, -0.0019429, 0.0291693, 0.866115, 0.0412175, -0.579148, 0.0405223
227.353, 0.833334, -5630.58, 0.873369, -5630.77, 0.876363, -5631.03, -0.00192262, -0.00192265, -0.00192257, 0.0291693, 0.866115, 0.0412173, -0.579136, 0.0405125
227.403, 0.833328, -5632.66, 0.873362, -5632.84, 0.876356, -5633.1, -0.00192236, -0.00192236, -0.00192244, 0.0291693, 0.866115, 0.0412177, -0.579127, 0.0405019
227.453, 0.833321, -5634.73, 0.873354, -5634.92, 0.876349, -5635.18, -0.00192257, -0.00192245, -0.00192257, 0.0291693, 0.866115, 0.0412177, -0.579118, 0.0404904
227.504, 0.833314, -5636.8, 0.873347, -5636.98, 0.876342, -5637.24, -0.00190234, -0.00190234, -0.00190238, 0.0291693, 0.866115, 0.0412175, -0.579107, 0.0404782
227.554, 0.833307, -5638.85, 0.87334, -5639.04, 0.876335, -5639.29, -0.00190237, -0.00190249, -0.00190233, 0.0291693, 0.866115, 0.0412173, -0.579098, 0.0404652
227.605, 0.833301, -5640.9, 0.873334, -5641.09, 0.876329, -5641.35, -0.00190238, -0.00190241, -0.00190229, 0.0291693, 0.866115, 0.0412175, -0.57909, 0.0404515
227.655, 0.833297, -5642.95, 0.87333, -5643.14, 0.876324, -5643.39, -0.00188212, -0.00188219, -0.00188216, 0.0291693, 0.866115, 0.0412176, -0.579085, 0.0404371
227.705, 0.833294, -5644.98, 0.873327, -5645.17, 0.876321, -5645.43, -0.0018821, -0.0018821, -0.0018821, 0.0291693, 0.866115, 0.0412174, -0.57908, 0.0404221
227.756, 0.833291, -5647.02, 0.873323, -5647.2, 0.876317, -5647.46, -0.0018821, -0.0018821, -0.00188204, 0.0291693, 0.866115, 0.0412173, -0.579075, 0.0404064
227.806, 0.833287, -5649.05, 0.873319, -5649.23, 0.876314, -5649.49, -0.00187708, -0.00187701, -0.00187704, 0.0291693, 0.866115, 0.0412177, -0.57907, 0.0403901
227.856, 0.833285, -5651.06, 0.873317, -5651.24, 0.876312, -5651.5, -0.00186181, -0.0018619, -0.00186186, 0.0291693, 0.866115, 0.0412175, -0.579068, 0.0403732
227.907, 0.833285, -5653.07, 0.873317, -5653.26, 0.876311, -5653.51, -0.00186189, -0.00186188, -0.00186191, 0.0291693, 0.866115, 0.0412174, -0.579067, 0.0403558
227.957, 0.833285, -5655.08, 0.873317, -5655.27, 0.876311, -5655.52, -0.00186186, -0.00186186, -0.00186189, 0.0291693, 0.866115, 0.0412174, -0.579067, 0.0403378
228, 0.833285, -5656.8, 0.873317, -5656.99, 0.876311, -5657.24, -0.00184171, -0.00184171, -0.00184173, 0.0291693, 0.866115, 0.0412174, -0.579066, 0.040322
228, 0.833285, -5656.8, 0.873317, -5656.99, 0.876311, -5657.24, -0.00184171, -0.00184171, -0.00184173, 0.029906, 0.866115, 0.0412178, -0.579067, 0.0403219
228.051, 0.833285, -5658.79, 0.873317, -5658.98, 0.876311, -5659.23, -0.00184162, -0.00184162, -0.00184166, 0.029906, 0.866115, 0.0412174, -0.579067, 0.0403213
228.101, 0.833285, -5660.78, 0.873318, -5660.96, 0.876312, -5661.22, -0.00184163, -0.00184163, -0.0018416, 0.029906, 0.866115, 0.0412174, -0.579068, 0.0403196
228.151, 0.833288, -5662.77, 0.87332, -5662.95, 0.876315, -5663.21, -0.00184162, -0.00184162, -0.00184156, 0.029906, 0.866115, 0.0412175, -0.579072, 0.0403169
228.202, 0.833291, -5664.74, 0.873324, -5664.93, 0.876318, -5665.18, -0.00182138, -0.00182138, -0.00182138, 0.029906, 0.866115, 0.0412175, -0.579076, 0.0403134
228.252, 0.833295, -5666.71, 0.873327, -5666.89, 0.876322, -5667.15, -0.00182138, -0.00182135, -0.00182138, 0.029906, 0.866115, 0.0412175, -0.57908, 0.0403089
228.302, 0.833298, -5668.67, 0.87333, -5668.86, 0.876325, -5669.12, -0.00182138, -0.00182138, -0.0018213, 0.029906, 0.866115, 0.0412175, -0.579085, 0.0403036
228.353, 0.833301, -5670.64, 0.873334, -5670.83, 0.876328, -5671.08, -0.00181253, -0.00181253, -0.00181253, 0.029906, 0.866115, 0.0412175, -0.57909, 0.0402975
228.403, 0.833304, -5672.58, 0.873337, -5672.77, 0.876332, -5673.03, -0.0018011, -0.00180114, -0.00180115, 0.029906, 0.866115, 0.0412175, -0.579094, 0.0402907
228.454, 0.833309, -5674.53, 0.873342, -5674.72, 0.876337, -5674.97, -0.00180024, -0.00180025, -0.00180024, 0.029906, 0.866115, 0.0412175, -0.579101, 0.0402831
228.504, 0.833315, -5676.47, 0.873349, -5676.66, 0.876343, -5676.92, -0.00180114, -0.00180114, -0.00180107, 0.029906, 0.866115, 0.0412175, -0.57911, 0.0402748
228.554, 0.833322, -5678.41, 0.873356, -5678.6, 0.87635, -5678.86, -0.00178176, -0.00178176, -0.00178176, 0.029906, 0.866115, 0.0412176, -0.579119, 0.0402658
228.605, 0.833328, -5680.34, 0.873363, -5680.52, 0.876357, -5680.78, -0.00178091, -0.0017809, -0.00178089, 0.029906, 0.866115, 0.0412175, -0.579128, 0.0402562
228.655, 0.833335, -5682.26, 0.873369, -5682.45, 0.876364, -5682.7, -0.00178086, -0.00178087, -0.00178085, 0.029906, 0.866115, 0.0412176, -0.579137, 0.0402459
228.705, 0.833341, -5684.18, 0.873376, -5684.37, 0.876371, -5684.63, -0.0017809, -0.00178091, -0.00178091, 0.029906, 0.866115, 0.0412176, -0.579146, 0.0402351
228.756, 0.833348, -5686.1, 0.873384, -5686.29, 0.876378, -5686.54, -0.00176103, -0.00176103, -0.00176103, 0.029906, 0.866115, 0.0412177, -0.579156, 0.0402237
228.806, 0.833358, -5688, 0.873394, -5688.19, 0.876389, -5688.45, -0.00176061, -0.00176065, -0.00176066, 0.029906, 0.866115, 0.0412176, -0.57917, 0.0402118
228.856, 0.833368, -5689.9, 0.873404, -5690.09, 0.876399, -5690.35, -0.00176043, -0.00176044, -0.00176045, 0.029906, 0.866115, 0.0412177, -0.579184, 0.0401992
228.907, 0.833378, -5691.8, 0.873415, -5691.99, 0.876409, -5692.25, -0.00176066, -0.00176066, -0.00176066, 0.029906, 0.866115, 0.0412176, -0.579198, 0.0401863
228.957, 0.833388, -5693.7, 0.873425, -5693.89, 0.87642, -5694.15, -0.00174239, -0.00174244, -0.00174237, 0.029906, 0.866115, 0.0412179, -0.579211, 0.0401728
229, 0.833397, -5695.32, 0.873434, -5695.51, 0.876429, -5695.76, -0.00174037, -0.00174037, -0.00174042, 0.029906, 0.866115, 0.0412177, -0.579223, 0.0401608
229, 0.833397, -5695.32, 0.873434, -5695.51, 0.876429, -5695.76, -0.00174037, -0.00174037, -0.00174042, 0.0306022, 0.866115, 0.041218, -0.579224, 0.0401608
229.051, 0.833407, -5697.2, 0.873445, -5697.39, 0.87644, -5697.64, -0.00174043, -0.0017404, -0.00174043, 0.0306022, 0.866115, 0.0412178, -0.579238, 0.0401637
229.101, 0.833419, -5699.08, 0.873457, -5699.27, 0.876452, -5699.52, -0.00174041, -0.00174035, -0.00174041, 0.0306022, 0.866115, 0.0412176, -0.579255, 0.0401656
229.151, 0.833432, -5700.96, 0.873471, -5701.14, 0.876466, -5701.4, -0.00174036, -0.00174038, -0.00174038, 0.0306022, 0.866115, 0.0412181, -0.579273, 0.0401667
229.202, 0.833445, -5702.82, 0.873485, -5703.01, 0.87648, -5703.26, -0.00172019, -0.00172014, -0.00172017, 0.0306022, 0.866115, 0.0412178, -0.579291, 0.0401668
229.252, 0.833458, -5704.68, 0.873499, -5704.87, 0.876494, -5705.12, -0.00172015, -0.00172013, -0.00172013, 0.0306022, 0.866115, 0.0412178, -0.57931, 0.0401662
229.302, 0.833472, -5706.54, 0.873513, -5706.72, 0.876508, -5706.98, -0.0017202, -0.00172018, -0.00172019, 0.0306022, 0.866115, 0.041218, -0.579329, 0.0401648
229.353, 0.833486, -5708.39, 0.873527, -5708.58, 0.876523, -5708.84, -0.0017202, -0.00172016, -0.00172019, 0.0306022, 0.866115, 0.0412177, -0.579348, 0.0401626
229.403, 0.833499, -5710.24, 0.873542, -5710.43, 0.876537, -5710.69, -0.00170002, -0.00170003, -0.00170003, 0.0306022, 0.866115, 0.0412182, -0.579367, 0.0401597
229.454, 0.833513, -5712.08, 0.873556, -5712.27, 0.876552, -5712.52, -0.00169989, -0.00169991, -0.00169991, 0.0306022, 0.866115, 0.0412183, -0.579386, 0.0401562
229.504, 0.833526, -5713.91, 0.87357, -5714.1, 0.876566, -5714.36, -0.0016999, -0.00169992, -0.00169988, 0.0306022, 0.866115, 0.0412182, -0.579406, 0.0401519
229.554, 0.83354, -5715.75, 0.873585, -5715.94, 0.87658, -5716.19, -0.00169992, -0.00169989, -0.00169995, 0.0306022, 0.866115, 0.0412183, -0.579424, 0.040147
229.605, 0.833556, -5717.59, 0.873601, -5717.77, 0.876597, -5718.03, -0.0016999, -0.0016999, -0.00169986, 0.0306022, 0.866115, 0.0412186, -0.579447, 0.0401415
229.655, 0.833572, -5719.4, 0.873618, -5719.59, 0.876614, -5719.85, -0.0016797, -0.00167972, -0.00167973, 0.0306022, 0.866115, 0.0412183, -0.57947, 0.0401354
229.705, 0.833589, -5721.22, 0.873636, -5721.4, 0.876631, -5721.66, -0.00167973, -0.00167973, -0.0016797, 0.0306022, 0.866115, 0.0412184, -0.579493, 0.0401288
229.756, 0.833606, -5723.03, 0.873654, -5723.22, 0.87665, -5723.47, -0.00167968, -0.00167969, -0.00167968, 0.0306022, 0.866115, 0.0412182, -0.579517, 0.0401216
229.806, 0.833623, -5724.84, 0.873672, -5725.03, 0.876668, -5725.29, -0.00167966, -0.00167965, -0.00167965, 0.0306022, 0.866115, 0.0412184, -0.579541, 0.0401139
229.856, 0.83364, -5726.65, 0.87369, -5726.84, 0.876686, -5727.1, -0.00165995, -0.00165998, -0.00165996, 0.0306022, 0.866115, 0.0412186, -0.579565, 0.0401057
229.907, 0.833657, -5728.44, 0.873707, -5728.63, 0.876704, -5728.89, -0.00165946, -0.00165945, -0.00165946, 0.0306022, 0.866115, 0.0412186, -0.579589, 0.0400971
229.957, 0.833674, -5730.24, 0.873725, -5730.42, 0.876722, -5730.68, -0.00165946, -0.00165944, -0.00165944, 0.0306022, 0.866115, 0.0412186, -0.579613, 0.0400879
230, 0.833689, -5731.78, 0.873741, -5731.96, 0.876737, -5732.22, -0.00165942, -0.0016594, -0.0016594, 0.0306022, 0.866115, 0.0412187, -0.579634, 0.0400797
230, 0.833689, -5731.78, 0.873741, -5731.96, 0.876737, -5732.22, -0.00165942, -0.0016594, -0.0016594, 0.0312659, 0.866115, 0.0412189, -0.579634, 0.0400797
230.051, 0.833709, -5733.57, 0.873761, -5733.76, 0.876758, -5734.01, -0.00165947, -0.00165946, -0.00165944, 0.0312659, 0.866115, 0.0412187, -0.579661, 0.0400861
230.101, 0.833728, -5735.36, 0.873782, -5735.54, 0.876778, -5735.8, -0.00163957, -0.00163957, -0.00163954, 0.0312659, 0.866115, 0.0412188, -0.579688, 0.0400916
230.151, 0.833749, -5737.13, 0.873803, -5737.31, 0.8768, -5737.57, -0.00163919, -0.00163919, -0.00163919, 0.0312659, 0.866115, 0.041219, -0.579717, 0.0400963
230.202, 0.833769, -5738.9, 0.873825, -5739.08, 0.876822, -5739.34, -0.00163923, -0.0016392, -0.00163921, 0.0312659, 0.866115, 0.0412189, -0.579745, 0.0401001
230.252, 0.83379, -5740.67, 0.873846, -5740.85, 0.876843, -5741.11, -0.00163921, -0.00163924, -0.00163924, 0.0312659, 0.866115, 0.0412189, -0.579774, 0.0401032
230.303, 0.83381, -5742.44, 0.873868, -5742.62, 0.876865, -5742.88, -0.00163922, -0.0016392, -0.00163922, 0.0312659, 0.866115, 0.041219, -0.579803, 0.0401055
230.353, 0.833831, -5744.2, 0.873889, -5744.38, 0.876886, -5744.64, -0.00161903, -0.00161904, -0.00161902, 0.0312659, 0.866115, 0.041219, -0.579832, 0.040107
230.403, 0.833851, -5745.95, 0.873911, -5746.13, 0.876908, -5746.39, -0.00161897, -0.00161896, -0.00161897, 0.0312659, 0.866115, 0.0412191, -0.57986, 0.0401079
230.454, 0.833872, -5747.69, 0.873933, -5747.88, 0.87693, -5748.14, -0.00161896, -0.00161895, -0.00161895, 0.0312659, 0.866115, 0.0412191, -0.579889, 0.0401081
230.504, 0.833892, -5749.44, 0.873954, -5749.63, 0.876951, -5749.89, -0.00161896, -0.00161895, -0.00161894, 0.0312659, 0.866115, 0.0412193, -0.579919, 0.0401076
230.554, 0.833913, -5751.19, 0.873975, -5751.38, 0.876973, -5751.64, -0.00161899, -0.00161898, -0.00161898, 0.0312659, 0.866115, 0.0412193, -0.579947, 0.0401066
230.605, 0.833933, -5752.93, 0.873997, -5753.12, 0.876994, -5753.38, -0.0015988, -0.00159879, -0.00159879, 0.0312659, 0.866115, 0.0412193, -0.579976, 0.0401049
230.655, 0.833954, -5754.66, 0.874018, -5754.84, 0.877016, -5755.1, -0.00159873, -0.00159872, -0.00159872, 0.0312659, 0.866115, 0.0412194, -0.580004, 0.0401026
230.705, 0.833974, -5756.38, 0.87404, -5756.57, 0.877038, -5756.83, -0.00159872, -0.00159871, -0.00159871, 0.0312659, 0.866115, 0.0412195, -0.580034, 0.0400998
230.756, 0.833995, -5758.11, 0.874062, -5758.3, 0.877059, -5758.55, -0.00159872, -0.00159872, -0.00159872, 0.0312659, 0.866115, 0.0412195, -0.580062, 0.0400965
230.806, 0.834017, -5759.84, 0.874084, -5760.02, 0.877082, -5760.28, -0.00159872, -0.00159871, -0.00159871, 0.0312659, 0.866115, 0.0412196, -0.580093, 0.0400926
230.856, 0.834039, -5761.56, 0.874108, -5761.75, 0.877106, -5762, -0.00157912, -0.00157911, -0.00157911, 0.0312659, 0.866115, 0.0412197, -0.580124, 0.0400883
230.907, 0.834063, -5763.26, 0.874133, -5763.45, 0.877131, -5763.71, -0.00157848, -0.00157847, -0.00157847, 0.0312659, 0.866115, 0.0412197, -0.580158, 0.0400835
230.957, 0.834087, -5764.97, 0.874158, -5765.15, 0.877156, -5765.41, -0.00157849, -0.00157848, -0.00157848, 0.0312659, 0.866115, 0.0412198, -0.580191, 0.0400782
231, 0.834108, -5766.43, 0.87418, -5766.62, 0.877178, -5766.88, -0.00157848, -0.00157847, -0.00157847, 0.0312659, 0.866115, 0.0412199, -0.58022, 0.0400733
231, 0.834108, -5766.43, 0.87418, -5766.62, 0.877178, -5766.88, -0.00157848, -0.00157847, -0.00157847, 0.0318973, 0.866115, 0.0412201, -0.58022, 0.0400733
231.051, 0.834132, -5768.14, 0.874205, -5768.33, 0.877203, -5768.58, -0.00157847, -0.00157845, -0.00157846, 0.0318973, 0.866115, 0.0412199, -0.580254, 0.0400827
231.101, 0.834155, -5769.84, 0.87423, -5770.03, 0.877229, -5770.29, -0.00157848, -0.00157848, -0.00157847, 0.0318973, 0.866115, 0.0412201, -0.580287, 0.0400913
231.151, 0.834179, -5771.53, 0.874255, -5771.72, 0.877254, -5771.97, -0.00155825, -0.00155823, -0.00155823, 0.0318973, 0.866115, 0.0412202, -0.58032, 0.0400991
231.202, 0.834203, -5773.21, 0.87428, -5773.4, 0.877279, -5773.66, -0.00155825, -0.00155824, -0.00155824, 0.0318973, 0.866115, 0.0412201, -0.580354, 0.040106
231.252, 0.834227, -5774.9, 0.874305, -5775.08, 0.877304, -5775.34, -0.00155704, -0.00155703, -0.00155703, 0.0318973, 0.866115, 0.0412203, -0.580388, 0.0401122
231.303, 0.834251, -5776.58, 0.87433, -5776.77, 0.877329, -5777.02, -0.00155822, -0.00155822, -0.00155822, 0.0318973, 0.866115, 0.0412203, -0.580421, 0.0401176
231.353, 0.834275, -5778.26, 0.874355, -5778.45, 0.877355, -5778.71, -0.00155824, -0.00155825, -0.00155823, 0.0318973, 0.866115, 0.0412203, -0.580455, 0.0401223
231.403, 0.834299, -5779.93, 0.874381, -5780.12, 0.87738, -5780.38, -0.00153806, -0.00153804, -0.00153803, 0.0318973, 0.866115, 0.0412204, -0.580489, 0.0401263
231.454, 0.834323, -5781.6, 0.874406, -5781.78, 0.877405, -5782.04, -0.00153801, -0.00153801, -0.001538, 0.0318973, 0.866115, 0.0412204, -0.580522, 0.0401296
231.504, 0.834347, -5783.26, 0.874431, -5783.44, 0.87743, -5783.7, -0.00153801, -0.00153799, -0.001538, 0.0318973, 0.866115, 0.0412207, -0.580555, 0.0401323
231.554, 0.834371, -5784.92, 0.874456, -5785.1, 0.877455, -5785.36, -0.001538, -0.001538, -0.00153798, 0.0318973, 0.866115, 0.0412207, -0.580589, 0.0401344
231.605, 0.834395, -5786.58, 0.874481, -5786.76, 0.877481, -5787.02, -0.00153802, -0.00153801, -0.001538, 0.0318973, 0.866115, 0.0412206, -0.580623, 0.0401358
231.655, 0.834419, -5788.24, 0.874506, -5788.42, 0.877506, -5788.68, -0.00152418, -0.00152417, -0.00152415, 0.0318973, 0.866115, 0.0412208, -0.580657, 0.0401367
231.705, 0.834443, -5789.88, 0.874531, -5790.06, 0.877531, -5790.32, -0.00151776, -0.00151776, -0.00151773, 0.0318973, 0.866115, 0.0412209, -0.58069, 0.040137
231.756, 0.834466, -5791.52, 0.874556, -5791.7, 0.877556, -5791.96, -0.00151781, -0.00151781, -0.0015178, 0.0318973, 0.866115, 0.0412208, -0.580723, 0.0401368
231.806, 0.83449, -5793.15, 0.874581, -5793.34, 0.877581, -5793.6, -0.00151775, -0.00151773, -0.00151776, 0.0318973, 0.866115, 0.0412213, -0.580757, 0.0401361
231.856, 0.834514, -5794.79, 0.874606, -5794.98, 0.877607, -5795.24, -0.00151778, -0.00151775, -0.00151774, 0.0318973, 0.866115, 0.041221, -0.580791, 0.0401349
231.907, 0.834538, -5796.43, 0.874631, -5796.62, 0.877632, -5796.88, -0.00151774, -0.00151775, -0.00151775, 0.0318973, 0.866115, 0.0412209, -0.580824, 0.0401331
231.957, 0.834562, -5798.06, 0.874657, -5798.24, 0.877657, -5798.5, -0.00149759, -0.00149758, -0.00149757, 0.0318973, 0.866115, 0.0412213, -0.580858, 0.0401309
232, 0.834583, -5799.45, 0.874678, -5799.64, 0.877679, -5799.89, -0.00149754, -0.00149754, -0.00149754, 0.0318973, 0.866115, 0.0412212, -0.580886, 0.0401287
232, 0.834583, -5799.45, 0.874678, -5799.64, 0.877679, -5799.89, -0.00149754, -0.00149754, -0.00149754, 0.0324963, 0.866115, 0.0412218, -0.580887, 0.0401287
232.051, 0.834607, -5801.07, 0.874703, -5801.25, 0.877704, -5801.51, -0.00149757, -0.00149753, -0.0014975, 0.0324963, 0.866115, 0.0412215, -0.58092, 0.0401404
232.101, 0.83463, -5802.68, 0.874728, -5802.87, 0.877729, -5803.13, -0.00149757, -0.00149757, -0.00149761, 0.0324963, 0.866115, 0.0412216, -0.580953, 0.0401513
232.152, 0.834654, -5804.3, 0.874753, -5804.49, 0.877754, -5804.74, -0.00149749, -0.00149747, -0.00149746, 0.0324963, 0.866115, 0.0412216, -0.580987, 0.0401613
232.202, 0.834678, -5805.92, 0.874778, -5806.1, 0.877779, -5806.36, -0.00149751, -0.00149753, -0.00149748, 0.0324963, 0.866115, 0.0412214, -0.581021, 0.0401706
232.252, 0.834702, -5807.52, 0.874803, -5807.7, 0.877805, -5807.96, -0.00147723, -0.00147727, -0.00147724, 0.0324963, 0.866115, 0.0412219, -0.581055, 0.0401791
232.303, 0.834726, -5809.11, 0.874829, -5809.3, 0.87783, -5809.56, -0.00147735, -0.00147729, -0.00147732, 0.0324963, 0.866115, 0.0412214, -0.581088, 0.0401868
232.353, 0.83475, -5810.71, 0.874854, -5810.89, 0.877855, -5811.15, -0.00147574, -0.00147574, -0.0014757, 0.0324963, 0.866115, 0.0412218, -0.581122, 0.0401938
232.403, 0.834774, -5812.3, 0.874879, -5812.49, 0.87788, -5812.75, -0.0014773, -0.00147729, -0.00147728, 0.0324963, 0.866115, 0.0412219, -0.581155, 0.0402001
232.454, 0.834798, -5813.9, 0.874904, -5814.08, 0.877906, -5814.34, -0.00147731, -0.00147731, -0.00147728, 0.0324963, 0.866115, 0.041222, -0.581189, 0.0402057
232.504, 0.834822, -5815.49, 0.874929, -5815.67, 0.877931, -5815.93, -0.00145722, -0.00145721, -0.0014572, 0.0324963, 0.866115, 0.0412222, -0.581223, 0.0402108
232.554, 0.834846, -5817.06, 0.874954, -5817.25, 0.877956, -5817.5, -0.00145707, -0.00145707, -0.00145707, 0.0324963, 0.866115, 0.0412222, -0.581256, 0.0402151
232.605, 0.83487, -5818.63, 0.874979, -5818.82, 0.877981, -5819.08, -0.00145701, -0.00145697, -0.00145699, 0.0324963, 0.866115, 0.041222, -0.58129, 0.0402189
232.655, 0.834894, -5820.21, 0.875004, -5820.39, 0.878006, -5820.65, -0.00145714, -0.00145705, -0.00145708, 0.0324963, 0.866115, 0.0412222, -0.581323, 0.0402221
232.705, 0.834918, -5821.78, 0.875029, -5821.97, 0.878032, -5822.22, -0.00145707, -0.00145704, -0.00145701, 0.0324963, 0.866115, 0.0412221, -0.581357, 0.0402247
232.756, 0.834942, -5823.35, 0.875054, -5823.54, 0.878057, -5823.8, -0.001457, -0.00145702, -0.001457, 0.0324963, 0.866115, 0.0412223, -0.58139, 0.0402267
232.806, 0.834965, -5824.91, 0.875079, -5825.1, 0.878082, -5825.35, -0.00143679, -0.00143676, -0.00143679, 0.0324963, 0.866115, 0.0412223, -0.581424, 0.0402282
232.856, 0.834989, -5826.46, 0.875105, -5826.65, 0.878107, -5826.9, -0.00143682, -0.00143683, -0.00143676, 0.0324963, 0.866115, 0.0412225, -0.581457, 0.0402292
232.907, 0.835013, -5828.01, 0.87513, -5828.2, 0.878132, -5828.46, -0.00143684, -0.0014368, -0.00143684, 0.0324963, 0.866115, 0.0412225, -0.581491, 0.0402298
232.957, 0.835037, -5829.56, 0.875155, -5829.75, 0.878158, -5830.01, -0.00143677, -0.00143677, -0.00143684, 0.0324963, 0.866115, 0.0412227, -0.581524, 0.0402298
233, 0.835058, -5830.9, 0.875176, -5831.09, 0.878179, -5831.34, -0.00143684, -0.00143681, -0.00143682, 0.0324963, 0.866115, 0.0412226, -0.581553, 0.0402295
233, 0.835058, -5830.9, 0.875176, -5831.09, 0.878179, -5831.34, -0.00143684, -0.00143681, -0.00143682, 0.0330711, 0.866115, 0.041223, -0.581553, 0.0402295
233.051, 0.835082, -5832.45, 0.875201, -5832.64, 0.878204, -5832.89, -0.00143678, -0.00143678, -0.00143682, 0.0330711, 0.866115, 0.0412228, -0.581587, 0.0402428
233.101, 0.835106, -5833.98, 0.875227, -5834.17, 0.87823, -5834.42, -0.00141656, -0.00141661, -0.00141656, 0.0330711, 0.866115, 0.041223, -0.581621, 0.0402553
233.152, 0.835129, -5835.51, 0.875252, -5835.7, 0.878255, -5835.95, -0.0014166, -0.0014166, -0.00141657, 0.0330711, 0.866115, 0.041223, -0.581654, 0.0402669
233.202, 0.835153, -5837.04, 0.875277, -5837.23, 0.87828, -5837.48, -0.00141661, -0.00141659, -0.00141659, 0.0330711, 0.866115, 0.041223, -0.581688, 0.0402777
233.252, 0.835177, -5838.57, 0.875302, -5838.76, 0.878305, -5839.01, -0.00141658, -0.00141658, -0.00141659, 0.0330711, 0.866115, 0.0412229, -0.581721, 0.0402878
233.303, 0.835201, -5840.1, 0.875327, -5840.29, 0.87833, -5840.54, -0.00141659, -0.00141653, -0.00141659, 0.0330711, 0.866115, 0.041223, -0.581755, 0.0402971
233.353, 0.835225, -5841.62, 0.875352, -5841.81, 0.878356, -5842.06, -0.00139646, -0.00139645, -0.00139642, 0.0330711, 0.866115, 0.0412231, -0.581788, 0.0403057
233.403, 0.835249, -5843.13, 0.875377, -5843.32, 0.878381, -5843.57, -0.00139638, -0.00139636, -0.00139634, 0.0330711, 0.866115, 0.0412232, -0.581822, 0.0403136
233.454, 0.835273, -5844.64, 0.875402, -5844.82, 0.878406, -5845.08, -0.00139633, -0.00139632, -0.00139634, 0.0330711, 0.866115, 0.0412233, -0.581856, 0.0403208
233.504, 0.835297, -5846.15, 0.875427, -5846.33, 0.878431, -5846.59, -0.00139635, -0.00139632, -0.00139634, 0.0330711, 0.866115, 0.0412233, -0.581889, 0.0403274
233.554, 0.835321, -5847.65, 0.875452, -5847.84, 0.878456, -5848.1, -0.00139637, -0.00139629, -0.00139634, 0.0330711, 0.866115, 0.0412234, -0.581923, 0.0403334
233.605, 0.835345, -5849.16, 0.875477, -5849.35, 0.878482, -5849.6, -0.0013963, -0.00139636, -0.00139634, 0.0330711, 0.866115, 0.0412235, -0.581956, 0.0403386
233.655, 0.835369, -5850.65, 0.875502, -5850.84, 0.878507, -5851.09, -0.0013761, -0.00137611, -0.0013761, 0.0330711, 0.866115, 0.0412236, -0.58199, 0.0403433
233.705, 0.835393, -5852.14, 0.875528, -5852.32, 0.878532, -5852.58, -0.00137612, -0.0013761, -0.0013761, 0.0330711, 0.866115, 0.0412236, -0.582024, 0.0403474
233.756, 0.835416, -5853.62, 0.875552, -5853.81, 0.878557, -5854.07, -0.00137613, -0.00137605, -0.0013761, 0.0330711, 0.866115, 0.0412237, -0.582057, 0.040351
233.806, 0.83544, -5855.11, 0.875578, -5855.3, 0.878582, -5855.55, -0.00137608, -0.00137612, -0.00137611, 0.0330711, 0.866115, 0.0412238, -0.58209, 0.040354
233.856, 0.835464, -5856.6, 0.875603, -5856.78, 0.878608, -5857.04, -0.0013761, -0.0013761, -0.0013761, 0.0330711, 0.866115, 0.0412239, -0.582124, 0.0403565
233.907, 0.835488, -5858.08, 0.875628, -5858.26, 0.878633, -5858.52, -0.00135636, -0.00135634, -0.00135634, 0.0330711, 0.866115, 0.0412239, -0.582158, 0.0403585
233.957, 0.835512, -5859.54, 0.875653, -5859.73, 0.878658, -5859.98, -0.00135589, -0.00135582, -0.00135584, 0.0330711, 0.866115, 0.0412239, -0.582191, 0.04036
234.001, 0.835533, -5860.8, 0.875674, -5860.99, 0.87868, -5861.24, -0.00135589, -0.00135587, -0.00135589, 0.0330711, 0.866115, 0.041224, -0.58222, 0.0403609
234.001, 0.835533, -5860.8, 0.875674, -5860.99, 0.87868, -5861.24, -0.00135589, -0.00135587, -0.00135589, 0.0336134, 0.866115, 0.0412242, -0.582221, 0.0403609
234.051, 0.835557, -5862.26, 0.8757, -5862.45, 0.878705, -5862.71, -0.00135573, -0.00135574, -0.00135571, 0.0336134, 0.866115, 0.0412241, -0.582254, 0.0403749
234.101, 0.835581, -5863.73, 0.875725, -5863.91, 0.87873, -5864.17, -0.00135585, -0.00135589, -0.00135588, 0.0336134, 0.866115, 0.0412242, -0.582288, 0.040388
234.152, 0.835604, -5865.19, 0.87575, -5865.38, 0.878755, -5865.64, -0.00135588, -0.00135588, -0.00135589, 0.0336134, 0.866115, 0.0412242, -0.582321, 0.0404003
234.202, 0.835629, -5866.65, 0.875775, -5866.83, 0.878781, -5867.09, -0.00133565, -0.00133563, -0.00133565, 0.0336134, 0.866115, 0.0412245, -0.582355, 0.0404118
234.252, 0.835651, -5868.09, 0.875799, -5868.27, 0.878804, -5868.53, -0.00133564, -0.00133564, -0.00133562, 0.0336134, 0.866115, 0.0412243, -0.582387, 0.0404226
234.303, 0.835672, -5869.53, 0.875821, -5869.72, 0.878827, -5869.97, -0.00133563, -0.00133564, -0.00133562, 0.0336134, 0.866115, 0.0412245, -0.582417, 0.0404326
234.353, 0.835694, -5870.97, 0.875843, -5871.16, 0.878849, -5871.42, -0.00133563, -0.00133562, -0.00133562, 0.0336134, 0.866115, 0.0412244, -0.582447, 0.0404418
234.403, 0.835714, -5872.42, 0.875865, -5872.6, 0.878871, -5872.86, -0.00133566, -0.00133566, -0.00133566, 0.0336134, 0.866115, 0.0412247, -0.582475, 0.0404504
234.454, 0.835735, -5873.86, 0.875886, -5874.04, 0.878892, -5874.3, -0.00133565, -0.00133566, -0.0013357, 0.0336134, 0.866115, 0.0412248, -0.582504, 0.0404583
234.504, 0.835755, -5875.28, 0.875908, -5875.46, 0.878914, -5875.72, -0.00131528, -0.00131544, -0.00131543, 0.0336134, 0.866115, 0.0412246, -0.582533, 0.0404656
234.554, 0.835776, -5876.7, 0.875929, -5876.88, 0.878936, -5877.14, -0.00131543, -0.00131531, -0.00131544, 0.0336134, 0.866115, 0.0412249, -0.582562, 0.0404722
234.605, 0.835796, -5878.12, 0.875951, -5878.3, 0.878957, -5878.56, -0.00131519, -0.00131523, -0.00131519, 0.0336134, 0.866115, 0.0412249, -0.582591, 0.0404782
234.655, 0.835817, -5879.54, 0.875972, -5879.73, 0.878979, -5879.98, -0.00131543, -0.0013154, -0.00131541, 0.0336134, 0.866115, 0.0412247, -0.582619, 0.0404836
234.705, 0.835837, -5880.96, 0.875994, -5881.15, 0.879, -5881.4, -0.00131535, -0.00131543, -0.00131543, 0.0336134, 0.866115, 0.041225, -0.582648, 0.0404884
234.756, 0.835858, -5882.37, 0.876015, -5882.55, 0.879022, -5882.81, -0.00129521, -0.00129521, -0.00129509, 0.0336134, 0.866115, 0.0412249, -0.582677, 0.0404927
234.806, 0.835878, -5883.77, 0.876037, -5883.95, 0.879044, -5884.21, -0.00129517, -0.00129508, -0.00129517, 0.0336134, 0.866115, 0.0412252, -0.582705, 0.0404964
234.857, 0.835899, -5885.17, 0.876058, -5885.35, 0.879065, -5885.61, -0.00129504, -0.00129513, -0.00129518, 0.0336134, 0.866115, 0.0412251, -0.582735, 0.0404995
234.907, 0.835919, -5886.57, 0.87608, -5886.75, 0.879087, -5887.01, -0.00129513, -0.00129511, -0.00129503, 0.0336134, 0.866115, 0.0412251, -0.582763, 0.0405021
234.957, 0.83594, -5887.96, 0.876101, -5888.15, 0.879108, -5888.41, -0.00129524, -0.00129519, -0.00129515, 0.0336134, 0.866115, 0.041225, -0.582792, 0.0405043
235.001, 0.835956, -5889.17, 0.876118, -5889.35, 0.879125, -5889.61, -0.0012952, -0.00129524, -0.0012952, 0.0336134, 0.866115, 0.041225, -0.582815, 0.0405057
235.001, 0.835956, -5889.17, 0.876118, -5889.35, 0.879125, -5889.61, -0.0012952, -0.00129524, -0.0012952, 0.0341315, 0.866115, 0.0412258, -0.582815, 0.0405058
235.051, 0.835974, -5890.55, 0.876137, -5890.73, 0.879144, -5890.99, -0.001275, -0.00127495, -0.00127494, 0.0341315, 0.866115, 0.0412253, -0.582841, 0.0405197
235.101, 0.835991, -5891.92, 0.876155, -5892.11, 0.879163, -5892.37, -0.00127501, -0.00127491, -0.00127486, 0.0341315, 0.866115, 0.0412252, -0.582865, 0.0405329
235.152, 0.836008, -5893.3, 0.876173, -5893.49, 0.879181, -5893.74, -0.00127321, -0.00127335, -0.00127335, 0.0341315, 0.866115, 0.0412255, -0.582888, 0.0405452
235.202, 0.836025, -5894.68, 0.876191, -5894.86, 0.879199, -5895.12, -0.0012748, -0.00127486, -0.00127487, 0.0341315, 0.866115, 0.0412257, -0.582913, 0.0405568
235.252, 0.836042, -5896.05, 0.876209, -5896.24, 0.879217, -5896.5, -0.00127496, -0.00127495, -0.00127496, 0.0341315, 0.866115, 0.0412253, -0.582936, 0.0405676
235.303, 0.836059, -5897.42, 0.876227, -5897.61, 0.879234, -5897.86, -0.0012548, -0.00125494, -0.00125495, 0.0341315, 0.866115, 0.0412258, -0.582961, 0.0405777
235.353, 0.836077, -5898.78, 0.876245, -5898.96, 0.879253, -5899.22, -0.00125471, -0.00125471, -0.00125457, 0.0341315, 0.866115, 0.0412257, -0.582984, 0.040587
235.403, 0.836094, -5900.13, 0.876263, -5900.32, 0.879271, -5900.57, -0.00125472, -0.00125475, -0.0012547, 0.0341315, 0.866115, 0.0412256, -0.583009, 0.0405957
235.454, 0.836111, -5901.49, 0.876281, -5901.67, 0.879289, -5901.93, -0.00125471, -0.00125471, -0.00125459, 0.0341315, 0.866115, 0.0412256, -0.583033, 0.0406036
235.504, 0.836128, -5902.84, 0.876299, -5903.03, 0.879307, -5903.28, -0.0012547, -0.00125477, -0.00125471, 0.0341315, 0.866115, 0.0412261, -0.583057, 0.0406109
235.554, 0.836145, -5904.2, 0.876316, -5904.38, 0.879325, -5904.64, -0.00125467, -0.00125468, -0.00125463, 0.0341315, 0.866115, 0.0412261, -0.583081, 0.0406176
235.605, 0.836162, -5905.53, 0.876334, -5905.72, 0.879342, -5905.97, -0.00123443, -0.00123449, -0.00123447, 0.0341315, 0.866115, 0.0412262, -0.583104, 0.0406237
235.655, 0.836176, -5906.86, 0.87635, -5907.05, 0.879358, -5907.31, -0.00123433, -0.00123436, -0.00123448, 0.0341315, 0.866115, 0.0412262, -0.583125, 0.0406291
235.705, 0.836191, -5908.2, 0.876365, -5908.38, 0.879373, -5908.64, -0.00123438, -0.00123444, -0.00123443, 0.0341315, 0.866115, 0.0412259, -0.583145, 0.0406341
235.756, 0.836204, -5909.53, 0.876379, -5909.71, 0.879387, -5909.97, -0.00123449, -0.00123449, -0.00123448, 0.0341315, 0.866115, 0.0412261, -0.583164, 0.0406384
235.806, 0.836218, -5910.86, 0.876393, -5911.05, 0.879402, -5911.3, -0.0012344, -0.00123448, -0.00123447, 0.0341315, 0.866115, 0.0412258, -0.583184, 0.0406422
235.857, 0.836232, -5912.18, 0.876408, -5912.37, 0.879416, -5912.62, -0.00121425, -0.00121422, -0.00121422, 0.0341315, 0.866115, 0.0412261, -0.583203, 0.0406454
235.907, 0.836245, -5913.49, 0.876422, -5913.68, 0.87943, -5913.94, -0.00121425, -0.00121415, -0.0012142, 0.0341315, 0.866115, 0.0412261, -0.583222, 0.0406481
235.957, 0.836259, -5914.8, 0.876436, -5914.99, 0.879445, -5915.25, -0.00121416, -0.00121413, -0.00121413, 0.0341315, 0.866115, 0.0412262, -0.583241, 0.0406503
236.001, 0.836271, -5915.93, 0.876449, -5916.12, 0.879457, -5916.38, -0.00121417, -0.00121419, -0.00121425, 0.0341315, 0.866115, 0.0412263, -0.583258, 0.0406519
236.001, 0.836271, -5915.93, 0.876449, -5916.12, 0.879457, -5916.38, -0.00121417, -0.00121419, -0.00121425, 0.0346172, 0.866115, 0.0412263, -0.583258, 0.0406519
236.051, 0.836284, -5917.24, 0.876463, -5917.43, 0.879472, -5917.69, -0.00121425, -0.00121429, -0.00121421, 0.0346172, 0.866115, 0.0412263, -0.583277, 0.0406651
236.101, 0.836298, -5918.55, 0.876477, -5918.74, 0.879486, -5919, -0.00120907, -0.00120903, -0.00120909, 0.0346172, 0.866115, 0.0412264, -0.583296, 0.0406776
236.152, 0.836312, -5919.84, 0.876492, -5920.03, 0.879501, -5920.29, -0.00119395, -0.00119401, -0.00119386, 0.0346172, 0.866115, 0.0412263, -0.583316, 0.0406893
236.202, 0.836326, -5921.13, 0.876506, -5921.32, 0.879515, -5921.58, -0.00119401, -0.00119398, -0.00119401, 0.0346172, 0.866115, 0.0412264, -0.583335, 0.0407002
236.252, 0.836339, -5922.42, 0.87652, -5922.61, 0.879529, -5922.87, -0.00119397, -0.00119389, -0.00119396, 0.0346172, 0.866115, 0.0412265, -0.583354, 0.0407104
236.303, 0.836353, -5923.71, 0.876535, -5923.9, 0.879544, -5924.15, -0.00119398, -0.00119402, -0.00119401, 0.0346172, 0.866115, 0.0412264, -0.583373, 0.0407198
236.353, 0.836366, -5925, 0.876549, -5925.19, 0.879558, -5925.44, -0.00119401, -0.00119401, -0.001194, 0.0346172, 0.866115, 0.0412264, -0.583392, 0.0407285
236.403, 0.83638, -5926.28, 0.876563, -5926.46, 0.879572, -5926.72, -0.00117378, -0.00117377, -0.00117372, 0.0346172, 0.866115, 0.0412265, -0.583411, 0.0407366
236.454, 0.836391, -5927.54, 0.876575, -5927.73, 0.879584, -5927.99, -0.00117364, -0.00117362, -0.00117378, 0.0346172, 0.866115, 0.0412265, -0.583427, 0.040744
236.504, 0.836402, -5928.81, 0.876586, -5929, 0.879596, -5929.25, -0.00117378, -0.00117374, -0.00117362, 0.0346172, 0.866115, 0.0412266, -0.583443, 0.0407508
236.554, 0.836412, -5930.08, 0.876597, -5930.26, 0.879606, -5930.52, -0.00117378, -0.00117375, -0.00117369, 0.0346172, 0.866115, 0.0412268, -0.583457, 0.040757
236.605, 0.836423, -5931.35, 0.876608, -5931.53, 0.879617, -5931.79, -0.00117378, -0.00117377, -0.00117376, 0.0346172, 0.866115, 0.0412266, -0.583471, 0.0407625
236.655, 0.836433, -5932.61, 0.876619, -5932.79, 0.879628, -5933.05, -0.00115366, -0.00115369, -0.00115369, 0.0346172, 0.866115, 0.0412268, -0.583486, 0.0407675
236.706, 0.836443, -5933.85, 0.876629, -5934.04, 0.879639, -5934.29, -0.00115338, -0.00115354, -0.00115354, 0.0346172, 0.866115, 0.0412268, -0.5835, 0.0407718
236.756, 0.836453, -5935.1, 0.87664, -5935.28, 0.87965, -5935.54, -0.00115354, -0.00115354, -0.00115354, 0.0346172, 0.866115, 0.0412268, -0.583515, 0.0407757
236.806, 0.836464, -5936.34, 0.876651, -5936.53, 0.87966, -5936.79, -0.00115354, -0.00115354, -0.00115354, 0.0346172, 0.866115, 0.0412268, -0.583529, 0.0407789
236.857, 0.836474, -5937.59, 0.876662, -5937.78, 0.879671, -5938.03, -0.00115352, -0.00115354, -0.00115354, 0.0346172, 0.866115, 0.0412268, -0.583543, 0.0407817
236.907, 0.836484, -5938.84, 0.876672, -5939.02, 0.879682, -5939.28, -0.00115354, -0.00115354, -0.00115354, 0.0346172, 0.866115, 0.0412268, -0.583558, 0.040784
236.957, 0.836494, -5940.06, 0.876683, -5940.24, 0.879693, -5940.5, -0.00113354, -0.00113326, -0.00113329, 0.0346172, 0.866115, 0.0412269, -0.583572, 0.0407857
237.001, 0.836503, -5941.11, 0.876692, -5941.3, 0.879702, -5941.55, -0.0011333, -0.00113331, -0.00113326, 0.0346172, 0.866115, 0.0412269, -0.583584, 0.0407868
237.001, 0.836503, -5941.11, 0.876692, -5941.3, 0.879702, -5941.55, -0.0011333, -0.00113331, -0.00113326, 0.0350705, 0.866115, 0.0412271, -0.583584, 0.0407869
237.051, 0.836514, -5942.34, 0.876703, -5942.52, 0.879713, -5942.78, -0.00113328, -0.00113315, -0.00113329, 0.0350705, 0.866115, 0.0412269, -0.583599, 0.0407989
237.101, 0.836524, -5943.56, 0.876714, -5943.75, 0.879724, -5944, -0.00113331, -0.00113322, -0.0011333, 0.0350705, 0.866115, 0.041227, -0.583613, 0.0408101
237.152, 0.836534, -5944.78, 0.876725, -5944.97, 0.879735, -5945.23, -0.0011333, -0.00113326, -0.0011333, 0.0350705, 0.866115, 0.041227, -0.583628, 0.0408206
237.202, 0.836544, -5946, 0.876735, -5946.18, 0.879745, -5946.44, -0.0011131, -0.00111308, -0.0011131, 0.0350705, 0.866115, 0.0412271, -0.583642, 0.0408304
237.252, 0.836555, -5947.2, 0.876746, -5947.39, 0.879756, -5947.64, -0.00111306, -0.00111306, -0.00111307, 0.0350705, 0.866115, 0.041227, -0.583657, 0.0408394
237.303, 0.836564, -5948.4, 0.876756, -5948.59, 0.879766, -5948.84, -0.00111307, -0.00111306, -0.00111307, 0.0350705, 0.866115, 0.0412271, -0.583669, 0.0408478
237.353, 0.836572, -5949.6, 0.876764, -5949.79, 0.879774, -5950.05, -0.00111307, -0.00111295, -0.00111307, 0.0350705, 0.866115, 0.041227, -0.583681, 0.0408555
237.403, 0.836579, -5950.81, 0.876771, -5950.99, 0.879782, -5951.25, -0.00111307, -0.00111307, -0.00111303, 0.0350705, 0.866115, 0.0412271, -0.583691, 0.0408625
237.454, 0.836585, -5952, 0.876779, -5952.19, 0.879789, -5952.45, -0.00109643, -0.00109643, -0.00109643, 0.0350705, 0.866115, 0.0412272, -0.5837, 0.0408689
237.504, 0.836592, -5953.18, 0.876786, -5953.37, 0.879796, -5953.63, -0.00109289, -0.00109281, -0.00109283, 0.0350705, 0.866115, 0.0412271, -0.58371, 0.0408746
237.554, 0.836599, -5954.37, 0.876793, -5954.55, 0.879803, -5954.81, -0.00109282, -0.00109283, -0.00109283, 0.0350705, 0.866115, 0.0412271, -0.583719, 0.0408798
237.605, 0.836606, -5955.54, 0.8768, -5955.73, 0.87981, -5955.99, -0.00109283, -0.00109271, -0.00109283, 0.0350705, 0.866115, 0.0412272, -0.583729, 0.0408844
237.655, 0.836613, -5956.73, 0.876807, -5956.91, 0.879817, -5957.17, -0.00109283, -0.00109283, -0.00109282, 0.0350705, 0.866115, 0.0412271, -0.583739, 0.0408884
237.706, 0.83662, -5957.91, 0.876814, -5958.09, 0.879825, -5958.35, -0.00109283, -0.0010929, -0.00109283, 0.0350705, 0.866115, 0.0412272, -0.583748, 0.0408919
237.756, 0.836626, -5959.07, 0.876821, -5959.25, 0.879832, -5959.51, -0.00107247, -0.00107258, -0.00107257, 0.0350705, 0.866115, 0.0412274, -0.583758, 0.0408948
237.806, 0.836633, -5960.23, 0.876829, -5960.41, 0.879839, -5960.67, -0.00107257, -0.00107259, -0.00107259, 0.0350705, 0.866115, 0.0412272, -0.583768, 0.0408973
237.857, 0.83664, -5961.38, 0.876836, -5961.57, 0.879846, -5961.83, -0.00107096, -0.00107088, -0.00107084, 0.0350705, 0.866115, 0.0412274, -0.583777, 0.0408992
237.907, 0.836647, -5962.54, 0.876843, -5962.73, 0.879853, -5962.99, -0.00107259, -0.00107259, -0.00107259, 0.0350705, 0.866115, 0.0412272, -0.583787, 0.0409006
237.957, 0.836654, -5963.7, 0.87685, -5963.89, 0.879861, -5964.14, -0.00107259, -0.00107259, -0.00107259, 0.0350705, 0.866115, 0.0412274, -0.583796, 0.0409016
238.001, 0.83666, -5964.69, 0.876856, -5964.88, 0.879867, -5965.13, -0.001053, -0.00105303, -0.001053, 0.0350705, 0.866115, 0.0412273, -0.583804, 0.040902
238.001, 0.83666, -5964.69, 0.876856, -5964.88, 0.879867, -5965.13, -0.001053, -0.00105303, -0.001053, 0.0354917, 0.866115, 0.0412275, -0.583805, 0.040902
238.051, 0.836667, -5965.83, 0.876864, -5966.01, 0.879874, -5966.27, -0.00105235, -0.00105235, -0.00105235, 0.0354917, 0.866115, 0.0412273, -0.583814, 0.0409125
238.101, 0.836673, -5966.96, 0.876871, -5967.15, 0.879881, -5967.41, -0.00105245, -0.00105235, -0.00105235, 0.0354917, 0.866115, 0.0412277, -0.583823, 0.0409222
238.152, 0.83668, -5968.1, 0.876878, -5968.29, 0.879889, -5968.54, -0.0010523, -0.00105228, -0.00105229, 0.0354917, 0.866115, 0.0412275, -0.583833, 0.0409312
238.202, 0.836686, -5969.24, 0.876884, -5969.42, 0.879895, -5969.68, -0.00105234, -0.00105235, -0.00105235, 0.0354917, 0.866115, 0.0412275, -0.583842, 0.0409395
238.252, 0.836691, -5970.38, 0.876889, -5970.56, 0.8799, -5970.82, -0.00105235, -0.00105235, -0.00105235, 0.0354917, 0.866115, 0.0412275, -0.583849, 0.0409471
238.303, 0.836694, -5971.49, 0.876893, -5971.68, 0.879904, -5971.94, -0.00103196, -0.00103209, -0.00103212, 0.0354917, 0.866115, 0.0412277, -0.583853, 0.0409541
238.353, 0.836698, -5972.61, 0.876896, -5972.79, 0.879907, -5973.05, -0.00103212, -0.00103222, -0.00103211, 0.0354917, 0.866115, 0.0412275, -0.583858, 0.0409605
238.403, 0.836701, -5973.72, 0.8769, -5973.91, 0.879911, -5974.16, -0.00103112, -0.00103122, -0.0010311, 0.0354917, 0.866115, 0.0412275, -0.583863, 0.0409662
238.454, 0.836704, -5974.84, 0.876903, -5975.02, 0.879914, -5975.28, -0.00103212, -0.00103211, -0.00103216, 0.0354917, 0.866115, 0.0412275, -0.583868, 0.0409713
238.504, 0.836708, -5975.95, 0.876907, -5976.14, 0.879918, -5976.39, -0.00103208, -0.00103219, -0.00103212, 0.0354917, 0.866115, 0.0412275, -0.583872, 0.0409758
238.555, 0.836711, -5977.06, 0.876911, -5977.24, 0.879921, -5977.5, -0.00101195, -0.00101195, -0.00101186, 0.0354917, 0.866115, 0.0412275, -0.583877, 0.0409798
238.605, 0.836715, -5978.15, 0.876914, -5978.33, 0.879925, -5978.59, -0.00101188, -0.00101188, -0.00101188, 0.0354917, 0.866115, 0.0412276, -0.583882, 0.0409832
238.655, 0.836718, -5979.24, 0.876918, -5979.43, 0.879929, -5979.68, -0.00101172, -0.00101179, -0.00101186, 0.0354917, 0.866115, 0.0412276, -0.583887, 0.040986
238.706, 0.836721, -5980.33, 0.876921, -5980.52, 0.879932, -5980.78, -0.00101188, -0.00101172, -0.00101183, 0.0354917, 0.866115, 0.0412276, -0.583892, 0.0409884
238.756, 0.836725, -5981.43, 0.876925, -5981.61, 0.879936, -5981.87, -0.00101182, -0.00101188, -0.0010119, 0.0354917, 0.866115, 0.0412274, -0.583896, 0.0409902
238.806, 0.836728, -5982.52, 0.876928, -5982.71, 0.879939, -5982.96, -0.0010119, -0.00101187, -0.00101188, 0.0354917, 0.866115, 0.0412275, -0.583901, 0.0409916
238.857, 0.836732, -5983.59, 0.876932, -5983.78, 0.879943, -5984.03, -0.000991627, -0.000991682, -0.000991616, 0.0354917, 0.866115, 0.0412275, -0.583906, 0.0409925
238.907, 0.836735, -5984.66, 0.876936, -5984.85, 0.879947, -5985.1, -0.000991642, -0.00099164, -0.000991536, 0.0354917, 0.866115, 0.0412277, -0.583911, 0.0409929
238.957, 0.836739, -5985.73, 0.876939, -5985.92, 0.87995, -5986.17, -0.000991425, -0.000991421, -0.000991438, 0.0354917, 0.866115, 0.0412278, -0.583916, 0.0409929
239.001, 0.836742, -5986.65, 0.876942, -5986.84, 0.879953, -5987.1, -0.000991682, -0.000991648, -0.000991641, 0.0354917, 0.866115, 0.0412279, -0.58392, 0.0409925
239.001, 0.836742, -5986.65, 0.876942, -5986.84, 0.879953, -5987.1, -0.000991682, -0.000991648, -0.000991641, 0.0358884, 0.866115, 0.0412279, -0.58392, 0.0409925
239.051, 0.836745, -5987.72, 0.876946, -5987.91, 0.879957, -5988.17, -0.000991642, -0.000991642, -0.000991535, 0.0358884, 0.866115, 0.0412276, -0.583925, 0.0410014
239.101, 0.836748, -5988.79, 0.876949, -5988.97, 0.879961, -5989.23, -0.000971592, -0.000971596, -0.00097162, 0.0358884, 0.866115, 0.0412274, -0.58393, 0.0410097
239.152, 0.836752, -5989.84, 0.876953, -5990.02, 0.879964, -5990.28, -0.000971404, -0.000971494, -0.000971394, 0.0358884, 0.866115, 0.0412278, -0.583934, 0.0410172
239.202, 0.836754, -5990.89, 0.876955, -5991.07, 0.879966, -5991.33, -0.000971275, -0.000971399, -0.000971256, 0.0358884, 0.866115, 0.0412274, -0.583937, 0.0410241
239.252, 0.836754, -5991.93, 0.876955, -5992.12, 0.879966, -5992.38, -0.000971562, -0.000971404, -0.000971433, 0.0358884, 0.866115, 0.0412278, -0.583937, 0.0410303
239.303, 0.836754, -5992.98, 0.876955, -5993.17, 0.879966, -5993.43, -0.000971397, -0.000971404, -0.000971472, 0.0358884, 0.866115, 0.0412275, -0.583937, 0.0410359
239.353, 0.836754, -5994.03, 0.876955, -5994.22, 0.879966, -5994.48, -0.000971385, -0.000971404, -0.000971442, 0.0358884, 0.866115, 0.0412276, -0.583937, 0.0410409
239.403, 0.836754, -5995.07, 0.876955, -5995.25, 0.879966, -5995.51, -0.000951154, -0.000951167, -0.000951192, 0.0358884, 0.866115, 0.0412279, -0.583937, 0.0410453
239.454, 0.836754, -5996.09, 0.876955, -5996.28, 0.879966, -5996.53, -0.000951148, -0.000951167, -0.000951071, 0.0358884, 0.866115, 0.0412281, -0.583937, 0.0410492
239.504, 0.836754, -5997.12, 0.876955, -5997.31, 0.879966, -5997.56, -0.000951126, -0.000951167, -0.000951046, 0.0358884, 0.866115, 0.0412278, -0.583937, 0.0410525
239.555, 0.836754, -5998.15, 0.876955, -5998.33, 0.879966, -5998.59, -0.000951154, -0.000951167, -0.000951199, 0.0358884, 0.866115, 0.0412277, -0.583937, 0.0410553
239.605, 0.836754, -5999.17, 0.876955, -5999.36, 0.879966, -5999.62, -0.000951137, -0.000951167, -0.000951203, 0.0358884, 0.866115, 0.0412278, -0.583937, 0.0410576
239.655, 0.836754, -6000.2, 0.876955, -6000.38, 0.879966, -6000.64, -0.000932016, -0.000932069, -0.000932085, 0.0358884, 0.866115, 0.0412275, -0.583937, 0.0410594
239.706, 0.836754, -6001.2, 0.876955, -6001.39, 0.879966, -6001.64, -0.000930917, -0.00093093, -0.000930984, 0.0358884, 0.866115, 0.0412278, -0.583937, 0.0410607
239.756, 0.836754, -6002.21, 0.876955, -6002.39, 0.879966, -6002.65, -0.000930929, -0.00093093, -0.000930963, 0.0358884, 0.866115, 0.0412277, -0.583937, 0.0410615
239.806, 0.836754, -6003.21, 0.876955, -6003.4, 0.879966, -6003.65, -0.000930882, -0.00093093, -0.000930824, 0.0358884, 0.866115, 0.0412275, -0.583937, 0.0410619
239.857, 0.836754, -6004.22, 0.876955, -6004.4, 0.879966, -6004.66, -0.000930928, -0.00093093, -0.000930833, 0.0358884, 0.866115, 0.0412276, -0.583937, 0.0410618
239.907, 0.836754, -6005.22, 0.876955, -6005.41, 0.879966, -6005.67, -0.000930929, -0.00093093, -0.000930931, 0.0358884, 0.866115, 0.0412277, -0.583937, 0.0410613
239.957, 0.836754, -6006.22, 0.876955, -6006.4, 0.879966, -6006.66, -0.000910728, -0.000910723, -0.000910703, 0.0358884, 0.866115, 0.0412277, -0.583937, 0.0410603
240.001, 0.836754, -6007.06, 0.876955, -6007.25, 0.879966, -6007.5, -0.000910697, -0.000910692, -0.000910692, 0.0358884, 0.866115, 0.0412275, -0.583937, 0.0410592
240.001, 0.836754, -6007.06, 0.876955, -6007.25, 0.879966, -6007.5, -0.000910697, -0.000910692, -0.000910692, 0.04, 0.866115, 0.0412277, -0.583937, 0.0410592
240.051, 0.836754, -6008.05, 0.876955, -6008.23, 0.879966, -6008.49, -0.000910715, -0.000910692, -0.000910692, 0.04, 0.866115, 0.0412278, -0.583937, 0.0411587
240.101, 0.836754, -6009.03, 0.876955, -6009.21, 0.879966, -6009.47, -0.000910692, -0.00091069, -0.00091069, 0.04, 0.866115, 0.0412277, -0.583938, 0.0412549
240.152, 0.836754, -6010.01, 0.876955, -6010.2, 0.879966, -6010.46, -0.000910732, -0.000910692, -0.000910692, 0.04, 0.866115, 0.0412277, -0.583937, 0.0413479
240.202, 0.836754, -6010.99, 0.876955, -6011.18, 0.879966, -6011.44, -0.000895214, -0.000895178, -0.000895257, 0.04, 0.866115, 0.0412276, -0.583937, 0.0414377
240.252, 0.836754, -6011.96, 0.876955, -6012.14, 0.879966, -6012.4, -0.000890455, -0.000890454, -0.000890454, 0.04, 0.866115, 0.0412278, -0.583937, 0.0415245
240.303, 0.836754, -6012.92, 0.876955, -6013.1, 0.879966, -6013.36, -0.000890394, -0.000890454, -0.000890454, 0.04, 0.866115, 0.0412277, -0.583937, 0.0416084
240.353, 0.836754, -6013.88, 0.876955, -6014.06, 0.879966, -6014.32, -0.000890458, -0.000890454, -0.000890454, 0.04, 0.866115, 0.0412277, -0.583937, 0.0416894
240.404, 0.836754, -6014.84, 0.876955, -6015.03, 0.879966, -6015.28, -0.000890481, -0.000890454, -0.000890454, 0.04, 0.866115, 0.0412278, -0.583937, 0.0417678
240.454, 0.836754, -6015.78, 0.876955, -6015.97, 0.879966, -6016.22, -0.000870259, -0.000870217, -0.000870217, 0.04, 0.866115, 0.0412278, -0.583938, 0.0418434
240.504, 0.836754, -6016.72, 0.876955, -6016.91, 0.879966, -6017.16, -0.000865169, -0.000865157, -0.000865157, 0.04, 0.866115, 0.0412277, -0.583937, 0.0419166
240.555, 0.836754, -6017.66, 0.876955, -6017.85, 0.879966, -6018.1, -0.00087023, -0.000870217, -0.000870217, 0.04, 0.866115, 0.0412277, -0.583937, 0.0419872
240.605, 0.836756, -6018.6, 0.876958, -6018.78, 0.879969, -6019.04, -0.00085062, -0.000850615, -0.000850616, 0.04, 0.866115, 0.0412276, -0.58394, 0.0420555
240.655, 0.83676, -6019.51, 0.876961, -6019.7, 0.879972, -6019.96, -0.000849979, -0.000849979, -0.000849979, 0.04, 0.866115, 0.0412277, -0.583945, 0.0421214
240.706, 0.836764, -6020.43, 0.876966, -6020.62, 0.879977, -6020.87, -0.000849979, -0.000849954, -0.00084996, 0.04, 0.866115, 0.0412276, -0.583951, 0.0421851
240.756, 0.836771, -6021.35, 0.876973, -6021.53, 0.879984, -6021.79, -0.000849979, -0.000849974, -0.000849976, 0.04, 0.866115, 0.0412277, -0.583961, 0.0422465
240.806, 0.83678, -6022.25, 0.876982, -6022.43, 0.879993, -6022.69, -0.000829736, -0.000829739, -0.000829681, 0.04, 0.866115, 0.0412277, -0.583973, 0.0423059
240.857, 0.836791, -6023.14, 0.876994, -6023.33, 0.880005, -6023.58, -0.000829648, -0.000829628, -0.000829654, 0.04, 0.866115, 0.0412278, -0.583989, 0.0423632
240.907, 0.836805, -6024.04, 0.877008, -6024.22, 0.88002, -6024.48, -0.000829729, -0.000829714, -0.000829733, 0.04, 0.866115, 0.0412279, -0.584009, 0.0424185
240.957, 0.836821, -6024.92, 0.877026, -6025.1, 0.880037, -6025.36, -0.000809419, -0.000809416, -0.000809467, 0.04, 0.866115, 0.0412279, -0.584032, 0.0424718
241.001, 0.836838, -6025.67, 0.877043, -6025.85, 0.880055, -6026.11, -0.000809467, -0.00080945, -0.000809483, 0.04, 0.866115, 0.041228, -0.584055, 0.0425162
241.001, 0.836838, -6025.67, 0.877043, -6025.85, 0.880055, -6026.11, -0.000809467, -0.00080945, -0.000809483, 0.04, 0.866115, 0.041228, -0.584055, 0.0425164
241.051, 0.83686, -6026.54, 0.877066, -6026.73, 0.880078, -6026.99, -0.000809465, -0.000809473, -0.000809463, 0.04, 0.866115, 0.041228, -0.584086, 0.042566
241.101, 0.836884, -6027.4, 0.877092, -6027.59, 0.880103, -6027.84, -0.000789224, -0.00078919, -0.000789205, 0.04, 0.866115, 0.0412281, -0.58412, 0.042614
241.152, 0.836911, -6028.25, 0.87712, -6028.44, 0.880132, -6028.7, -0.000788995, -0.00078894, -0.000788973, 0.04, 0.866115, 0.0412282, -0.584158, 0.0426603
241.202, 0.836941, -6029.11, 0.877151, -6029.29, 0.880163, -6029.55, -0.000789189, -0.000789218, -0.00078918, 0.04, 0.866115, 0.0412282, -0.5842, 0.0427049
241.252, 0.836973, -6029.94, 0.877185, -6030.13, 0.880197, -6030.38, -0.000768923, -0.000768963, -0.000768942, 0.04, 0.866115, 0.0412283, -0.584246, 0.0427478
241.303, 0.837009, -6030.77, 0.877223, -6030.96, 0.880235, -6031.21, -0.000768913, -0.000768956, -0.000768974, 0.04, 0.866115, 0.0412284, -0.584296, 0.0427891
241.353, 0.837047, -6031.6, 0.877262, -6031.78, 0.880275, -6032.04, -0.000755127, -0.000755118, -0.000755072, 0.04, 0.866115, 0.0412286, -0.584349, 0.0428287
241.404, 0.837087, -6032.41, 0.877305, -6032.59, 0.880317, -6032.85, -0.000748671, -0.000748714, -0.000748711, 0.04, 0.866115, 0.0412287, -0.584406, 0.0428668
241.454, 0.83713, -6033.22, 0.87735, -6033.4, 0.880363, -6033.66, -0.000748694, -0.000748709, -0.000748646, 0.04, 0.866115, 0.0412288, -0.584467, 0.0429034
241.504, 0.837175, -6034.02, 0.877397, -6034.2, 0.88041, -6034.46, -0.000728563, -0.000728551, -0.00072853, 0.04, 0.866115, 0.0412289, -0.58453, 0.0429385
241.555, 0.837222, -6034.8, 0.877447, -6034.99, 0.88046, -6035.24, -0.000728452, -0.000728443, -0.000728448, 0.04, 0.866115, 0.0412291, -0.584596, 0.0429721
241.605, 0.837272, -6035.59, 0.877499, -6035.77, 0.880512, -6036.03, -0.000728417, -0.000728406, -0.000728391, 0.04, 0.866115, 0.0412292, -0.584666, 0.0430043
241.655, 0.837323, -6036.36, 0.877552, -6036.54, 0.880566, -6036.8, -0.000708179, -0.000708205, -0.00070822, 0.04, 0.866115, 0.0412294, -0.584738, 0.0430352
241.706, 0.837376, -6037.12, 0.877608, -6037.31, 0.880622, -6037.56, -0.000708189, -0.000708142, -0.000708192, 0.04, 0.866115, 0.0412294, -0.584813, 0.0430646
241.756, 0.83743, -6037.88, 0.877665, -6038.07, 0.880679, -6038.33, -0.000690016, -0.000690008, -0.000689928, 0.04, 0.866115, 0.0412297, -0.584889, 0.0430927
241.806, 0.837487, -6038.63, 0.877724, -6038.81, 0.880739, -6039.07, -0.000687988, -0.000687935, -0.000687901, 0.04, 0.866115, 0.0412298, -0.584969, 0.0431195
241.857, 0.837544, -6039.37, 0.877784, -6039.56, 0.880799, -6039.81, -0.000687933, -0.000687924, -0.000687951, 0.04, 0.866115, 0.04123, -0.58505, 0.043145
241.907, 0.837602, -6040.1, 0.877845, -6040.28, 0.88086, -6040.54, -0.000667755, -0.000667723, -0.000667709, 0.04, 0.866115, 0.0412302, -0.585131, 0.0431693
241.957, 0.837663, -6040.82, 0.877909, -6041.01, 0.880924, -6041.26, -0.000667631, -0.000667609, -0.000667615, 0.04, 0.866115, 0.0412304, -0.585217, 0.0431923
242.001, 0.837715, -6041.44, 0.877963, -6041.63, 0.880979, -6041.88, -0.00066767, -0.00066766, -0.000667725, 0.04, 0.866115, 0.0412305, -0.58529, 0.0432111
242.001, 0.837715, -6041.44, 0.877963, -6041.63, 0.880979, -6041.88, -0.00066767, -0.00066766, -0.000667725, 0.04, 0.866115, 0.0412306, -0.58529, 0.0432113
242.051, 0.837776, -6042.14, 0.878028, -6042.33, 0.881044, -6042.58, -0.000647433, -0.000647469, -0.000647422, 0.04, 0.866115, 0.0412308, -0.585376, 0.0432319
242.101, 0.837838, -6042.84, 0.878092, -6043.02, 0.881108, -6043.28, -0.000647428, -0.000647388, -0.000647463, 0.04, 0.866115, 0.041231, -0.585463, 0.0432515
242.152, 0.8379, -6043.53, 0.878157, -6043.71, 0.881173, -6043.97, -0.000627321, -0.000627264, -0.00062723, 0.04, 0.866115, 0.041231, -0.58555, 0.04327
242.202, 0.837961, -6044.21, 0.878221, -6044.39, 0.881238, -6044.65, -0.000626519, -0.00062652, -0.000626551, 0.04, 0.866115, 0.0412312, -0.585636, 0.0432873
242.253, 0.838023, -6044.88, 0.878286, -6045.07, 0.881303, -6045.33, -0.00062718, -0.000627185, -0.000627162, 0.04, 0.866115, 0.0412313, -0.585723, 0.0433036
242.303, 0.838084, -6045.54, 0.87835, -6045.73, 0.881368, -6045.98, -0.000606957, -0.000606947, -0.000606961, 0.04, 0.866115, 0.0412316, -0.58581, 0.0433187
242.353, 0.838145, -6046.2, 0.878415, -6046.38, 0.881432, -6046.64, -0.000607044, -0.000607011, -0.000607002, 0.04, 0.866115, 0.0412319, -0.585896, 0.0433328
242.404, 0.838207, -6046.84, 0.878479, -6047.03, 0.881497, -6047.28, -0.00058679, -0.000586825, -0.000586765, 0.04, 0.866115, 0.0412319, -0.585983, 0.0433459
242.454, 0.838267, -6047.48, 0.878542, -6047.66, 0.88156, -6047.92, -0.000586107, -0.000586114, -0.00058611, 0.04, 0.866115, 0.0412321, -0.586068, 0.0433579
242.504, 0.838326, -6048.11, 0.878604, -6048.29, 0.881622, -6048.55, -0.000586775, -0.000586688, -0.000586749, 0.04, 0.866115, 0.0412322, -0.586151, 0.0433689
242.555, 0.838384, -6048.72, 0.878665, -6048.91, 0.881684, -6049.16, -0.000566534, -0.000566518, -0.000566514, 0.04, 0.866115, 0.0412325, -0.586233, 0.0433789
242.605, 0.838441, -6049.33, 0.878724, -6049.52, 0.881743, -6049.78, -0.000566526, -0.000566521, -0.000566509, 0.04, 0.866115, 0.0412327, -0.586312, 0.0433879
242.655, 0.838496, -6049.94, 0.878783, -6050.12, 0.881802, -6050.38, -0.000546328, -0.000546309, -0.000546305, 0.04, 0.866115, 0.0412329, -0.586391, 0.043396
242.706, 0.83855, -6050.53, 0.878839, -6050.71, 0.881859, -6050.97, -0.000545352, -0.000545368, -0.000545415, 0.04, 0.866115, 0.041233, -0.586467, 0.0434032
242.756, 0.838602, -6051.12, 0.878894, -6051.3, 0.881914, -6051.56, -0.00054633, -0.000546292, -0.000546286, 0.04, 0.866115, 0.0412331, -0.586541, 0.0434094
242.806, 0.838652, -6051.69, 0.878946, -6051.87, 0.881967, -6052.13, -0.000526042, -0.000526076, -0.00052603, 0.04, 0.866115, 0.0412333, -0.586611, 0.0434147
242.857, 0.838701, -6052.26, 0.878998, -6052.44, 0.882018, -6052.7, -0.000526118, -0.000526091, -0.000525998, 0.04, 0.866115, 0.0412334, -0.58668, 0.0434192
242.907, 0.838747, -6052.82, 0.879046, -6053, 0.882067, -6053.26, -0.000505955, -0.000505955, -0.000505946, 0.04, 0.866115, 0.0412334, -0.586745, 0.0434227
242.957, 0.838791, -6053.36, 0.879092, -6053.55, 0.882113, -6053.8, -0.000502962, -0.000502911, -0.000502985, 0.04, 0.866115, 0.0412335, -0.586807, 0.0434255
243.001, 0.838828, -6053.83, 0.87913, -6054.02, 0.882151, -6054.27, -0.000505871, -0.000505853, -0.000505848, 0.04, 0.866115, 0.0412337, -0.586858, 0.0434271
243.001, 0.838828, -6053.83, 0.87913, -6054.02, 0.882151, -6054.27, -0.000505871, -0.000505853, -0.000505848, 0.04, 0.866115, 0.0412341, -0.586858, 0.0434272
243.051, 0.838867, -6054.36, 0.879172, -6054.55, 0.882193, -6054.8, -0.000485626, -0.000485624, -0.000485588, 0.04, 0.866115, 0.0412339, -0.586914, 0.0434283
243.101, 0.838904, -6054.89, 0.879211, -6055.07, 0.882232, -6055.33, -0.00048562, -0.000485549, -0.00048554, 0.04, 0.866115, 0.041234, -0.586966, 0.0434286
243.152, 0.838939, -6055.41, 0.879247, -6055.6, 0.882269, -6055.85, -0.00047395, -0.000473908, -0.000473931, 0.04, 0.866115, 0.0412342, -0.587015, 0.0434282
243.202, 0.838971, -6055.91, 0.879281, -6056.1, 0.882302, -6056.35, -0.000465428, -0.000465396, -0.00046544, 0.04, 0.866115, 0.0412342, -0.58706, 0.043427
243.253, 0.839, -6056.42, 0.879311, -6056.6, 0.882333, -6056.86, -0.000465367, -0.000465401, -0.00046538, 0.04, 0.866115, 0.0412342, -0.587102, 0.043425
243.303, 0.839027, -6056.91, 0.879339, -6057.09, 0.882361, -6057.35, -0.000445219, -0.000445218, -0.000445215, 0.04, 0.866115, 0.0412342, -0.587139, 0.0434223
243.353, 0.83905, -6057.39, 0.879364, -6057.57, 0.882386, -6057.83, -0.000445201, -0.000445169, -0.000445181, 0.04, 0.866115, 0.0412345, -0.587172, 0.0434188
243.404, 0.839071, -6057.87, 0.879385, -6058.05, 0.882407, -6058.31, -0.000445262, -0.000445209, -0.000445183, 0.04, 0.866115, 0.0412344, -0.587201, 0.0434146
243.454, 0.839089, -6058.33, 0.879404, -6058.52, 0.882426, -6058.77, -0.000424966, -0.000424953, -0.000424914, 0.04, 0.866115, 0.0412348, -0.587226, 0.0434097
243.504, 0.839103, -6058.79, 0.879419, -6058.98, 0.882442, -6059.23, -0.000424987, -0.000424994, -0.00042496, 0.04, 0.866115, 0.0412345, -0.587247, 0.0434041
243.555, 0.839115, -6059.25, 0.879431, -6059.43, 0.882454, -6059.69, -0.000409508, -0.000409564, -0.000409563, 0.04, 0.866115, 0.0412348, -0.587263, 0.0433978
243.605, 0.839124, -6059.68, 0.879441, -6059.87, 0.882463, -6060.13, -0.000404746, -0.00040467, -0.00040476, 0.04, 0.866115, 0.0412348, -0.587276, 0.0433909
243.655, 0.839129, -6060.12, 0.879446, -6060.31, 0.882469, -6060.56, -0.000404674, -0.000404742, -0.000404728, 0.04, 0.866115, 0.0412344, -0.587283, 0.0433833
243.706, 0.839132, -6060.55, 0.879449, -6060.74, 0.882472, -6060.99, -0.000384595, -0.000384591, -0.000384567, 0.04, 0.866115, 0.0412347, -0.587287, 0.0433751
243.756, 0.839131, -6060.97, 0.879449, -6061.15, 0.882471, -6061.41, -0.000384498, -0.000384566, -0.000384495, 0.04, 0.866115, 0.0412344, -0.587286, 0.0433662
243.806, 0.839128, -6061.38, 0.879445, -6061.57, 0.882467, -6061.82, -0.000384563, -0.000384505, -0.000384505, 0.04, 0.866115, 0.0412348, -0.587281, 0.0433568
243.857, 0.839121, -6061.78, 0.879438, -6061.97, 0.88246, -6062.22, -0.000364339, -0.000364363, -0.000364349, 0.04, 0.866115, 0.0412346, -0.587272, 0.0433467
243.907, 0.839111, -6062.18, 0.879428, -6062.36, 0.88245, -6062.62, -0.00036432, -0.000364291, -0.000364267, 0.04, 0.866115, 0.0412345, -0.587258, 0.0433361
243.958, 0.839099, -6062.57, 0.879415, -6062.75, 0.882437, -6063.01, -0.000364283, -0.000364303, -0.000364309, 0.04, 0.866115, 0.0412346, -0.587241, 0.0433249
244.001, 0.839086, -6062.9, 0.879401, -6063.08, 0.882423, -6063.34, -0.00034406, -0.000344097, -0.000344083, 0.04, 0.866115, 0.0412347, -0.587222, 0.0433148
244.001, 0.839086, -6062.9, 0.879401, -6063.08, 0.882423, -6063.34, -0.00034406, -0.000344097, -0.000344083, 0.04, 0.866115, 0.0412349, -0.587222, 0.0433149
244.051, 0.839068, -6063.27, 0.879382, -6063.45, 0.882404, -6063.71, -0.00034244, -0.000342481, -0.000342469, 0.04, 0.866115, 0.0412346, -0.587197, 0.0433026
244.102, 0.839047, -6063.64, 0.87936, -6063.82, 0.882382, -6064.08, -0.000344153, -0.000344173, -0.000344141, 0.04, 0.866115, 0.0412345, -0.587167, 0.0432899
244.152, 0.839023, -6064, 0.879335, -6064.18, 0.882357, -6064.44, -0.000323828, -0.000323841, -0.000323832, 0.04, 0.866115, 0.0412344, -0.587134, 0.0432766
244.202, 0.838997, -6064.35, 0.879308, -6064.53, 0.88233, -6064.79, -0.000323818, -0.000323862, -0.000323849, 0.04, 0.866115, 0.0412342, -0.587097, 0.0432628
244.253, 0.838968, -6064.7, 0.879277, -6064.88, 0.882299, -6065.14, -0.000323864, -0.000323838, -0.000323878, 0.04, 0.866115, 0.0412342, -0.587056, 0.0432485
244.303, 0.838936, -6065.03, 0.879244, -6065.22, 0.882266, -6065.47, -0.000303681, -0.000303657, -0.000303678, 0.04, 0.866115, 0.0412342, -0.587011, 0.0432338
244.353, 0.838902, -6065.36, 0.879208, -6065.54, 0.88223, -6065.8, -0.000300768, -0.000300825, -0.000300841, 0.04, 0.866115, 0.041234, -0.586963, 0.0432186
244.404, 0.838866, -6065.69, 0.87917, -6065.87, 0.882191, -6066.13, -0.000303613, -0.000303637, -0.000303631, 0.04, 0.866115, 0.0412339, -0.586911, 0.0432029
244.454, 0.838827, -6066, 0.87913, -6066.19, 0.882151, -6066.44, -0.000283432, -0.000283441, -0.000283412, 0.04, 0.866115, 0.0412343, -0.586862, 0.0431868
244.504, 0.838786, -6066.31, 0.879086, -6066.49, 0.882107, -6066.75, -0.000283399, -0.000283427, -0.000283421, 0.04, 0.866115, 0.0412341, -0.586803, 0.0431702
244.555, 0.838742, -6066.62, 0.879041, -6066.8, 0.882061, -6067.06, -0.000283374, -0.000283404, -0.000283398, 0.04, 0.866115, 0.0412341, -0.586742, 0.0431533
244.605, 0.838696, -6066.92, 0.878993, -6067.1, 0.882013, -6067.36, -0.000263548, -0.000263541, -0.000263598, 0.04, 0.866115, 0.0412339, -0.586677, 0.0431359
244.655, 0.838648, -6067.2, 0.878942, -6067.38, 0.881963, -6067.64, -0.000263189, -0.000263241, -0.000263195, 0.04, 0.866115, 0.0412341, -0.58661, 0.0431181
244.706, 0.838598, -6067.48, 0.87889, -6067.67, 0.88191, -6067.92, -0.00026319, -0.00026322, -0.000263193, 0.04, 0.866115, 0.0412336, -0.586539, 0.0431
244.756, 0.838547, -6067.77, 0.878836, -6067.95, 0.881856, -6068.21, -0.000263156, -0.000263171, -0.00026318, 0.04, 0.866115, 0.0412336, -0.586467, 0.0430815
244.806, 0.838493, -6068.03, 0.87878, -6068.22, 0.881799, -6068.47, -0.000242959, -0.000243002, -0.000242988, 0.04, 0.866115, 0.0412331, -0.58639, 0.0430626
244.857, 0.838439, -6068.29, 0.878723, -6068.48, 0.881742, -6068.73, -0.000242961, -0.000243022, -0.000243021, 0.04, 0.866115, 0.0412332, -0.586314, 0.0430434
244.907, 0.838382, -6068.56, 0.878663, -6068.74, 0.881682, -6069, -0.000242976, -0.000242971, -0.000242999, 0.04, 0.866115, 0.041233, -0.586233, 0.0430238
244.958, 0.838324, -6068.81, 0.878603, -6068.99, 0.881621, -6069.25, -0.000222774, -0.000222774, -0.000222775, 0.04, 0.866115, 0.0412328, -0.586152, 0.043004
245.001, 0.838273, -6069.02, 0.878548, -6069.2, 0.881567, -6069.46, -0.000222739, -0.000222713, -0.00022273, 0.04, 0.866115, 0.0412325, -0.586079, 0.0429866
245.001, 0.838272, -6069.02, 0.878548, -6069.2, 0.881566, -6069.46, -0.000222739, -0.000222713, -0.00022273, 0.04, 0.866115, 0.0412322, -0.586075, 0.0429866
245.051, 0.838212, -6069.26, 0.878485, -6069.44, 0.881503, -6069.7, -0.000222749, -0.000222764, -0.000222789, 0.04, 0.866115, 0.0412323, -0.585994, 0.0429661
245.102, 0.838151, -6069.5, 0.87842, -6069.68, 0.881438, -6069.94, -0.000222766, -0.000222782, -0.000222816, 0.04, 0.866115, 0.0412323, -0.585907, 0.0429454
245.152, 0.838087, -6069.72, 0.878354, -6069.91, 0.881371, -6070.16, -0.000202522, -0.000202545, -0.000202558, 0.04, 0.866115, 0.0412321, -0.585818, 0.0429244
245.202, 0.838023, -6069.94, 0.878286, -6070.13, 0.881304, -6070.38, -0.000202494, -0.000202549, -0.000202531, 0.04, 0.866115, 0.0412318, -0.585727, 0.0429032
245.253, 0.837958, -6070.16, 0.878218, -6070.34, 0.881235, -6070.6, -0.000202536, -0.000202573, -0.000202598, 0.04, 0.866115, 0.0412316, -0.585635, 0.0428816
245.303, 0.837893, -6070.38, 0.87815, -6070.56, 0.881167, -6070.82, -0.000202458, -0.000202502, -0.000202515, 0.04, 0.866115, 0.0412315, -0.585544, 0.0428599
245.353, 0.837826, -6070.58, 0.87808, -6070.76, 0.881096, -6071.02, -0.000182273, -0.000182315, -0.000182313, 0.04, 0.866115, 0.0412312, -0.585449, 0.0428379
245.404, 0.837759, -6070.78, 0.878009, -6070.96, 0.881025, -6071.22, -0.000182289, -0.00018233, -0.000182325, 0.04, 0.866115, 0.0412307, -0.585354, 0.0428156
245.454, 0.83769, -6070.97, 0.877937, -6071.16, 0.880953, -6071.42, -0.000182334, -0.000182353, -0.000182382, 0.04, 0.866115, 0.0412308, -0.585258, 0.0427932
245.504, 0.837622, -6071.17, 0.877866, -6071.35, 0.880881, -6071.61, -0.000182269, -0.000182308, -0.000182319, 0.04, 0.866115, 0.0412304, -0.585162, 0.0427705
245.555, 0.837554, -6071.35, 0.877794, -6071.54, 0.880809, -6071.79, -0.00016205, -0.000162063, -0.000162081, 0.04, 0.866115, 0.0412307, -0.585065, 0.0427476
245.605, 0.837485, -6071.53, 0.877722, -6071.71, 0.880737, -6071.97, -0.000162031, -0.000162051, -0.000162095, 0.04, 0.866115, 0.0412301, -0.584969, 0.0427245
245.655, 0.837417, -6071.7, 0.877651, -6071.89, 0.880665, -6072.14, -0.000162075, -0.00016203, -0.000162057, 0.04, 0.866115, 0.0412301, -0.584872, 0.0427013
245.706, 0.837349, -6071.88, 0.877579, -6072.06, 0.880593, -6072.32, -0.000162053, -0.000162088, -0.000162131, 0.04, 0.866115, 0.0412297, -0.584776, 0.0426779
245.756, 0.83728, -6072.05, 0.877507, -6072.23, 0.880521, -6072.49, -0.000142634, -0.000142733, -0.00014273, 0.04, 0.866115, 0.0412297, -0.58468, 0.0426543
245.807, 0.837212, -6072.2, 0.877436, -6072.39, 0.880449, -6072.64, -0.00014182, -0.00014184, -0.000141844, 0.04, 0.866115, 0.0412294, -0.584584, 0.0426306
245.857, 0.837143, -6072.35, 0.877364, -6072.54, 0.880377, -6072.8, -0.000141773, -0.000141777, -0.000141752, 0.04, 0.866115, 0.0412292, -0.584488, 0.0426068
245.907, 0.837075, -6072.51, 0.877292, -6072.69, 0.880305, -6072.95, -0.000141797, -0.000141844, -0.000141869, 0.04, 0.866115, 0.041229, -0.584391, 0.0425828
245.958, 0.837007, -6072.66, 0.87722, -6072.84, 0.880233, -6073.1, -0.000141813, -0.000141845, -0.000141891, 0.04, 0.866115, 0.0412287, -0.584295, 0.0425587
246.001, 0.836948, -6072.78, 0.877159, -6072.97, 0.880171, -6073.23, -0.00012197, -0.000121933, -0.000121935, 0.04, 0.866115, 0.0412285, -0.584212, 0.0425379
246.001, 0.836948, -6072.78, 0.877158, -6072.97, 0.88017, -6073.23, -0.00012197, -0.000121933, -0.000121935, 0.04, 0.866115, 0.0412284, -0.584209, 0.0425378
246.051, 0.83688, -6072.92, 0.877087, -6073.1, 0.880099, -6073.36, -0.000121503, -0.000121527, -0.000121567, 0.04, 0.866115, 0.0412287, -0.584116, 0.0425136
246.102, 0.836811, -6073.05, 0.877015, -6073.23, 0.880027, -6073.49, -0.000121581, -0.000121608, -0.000121623, 0.04, 0.866115, 0.0412282, -0.58402, 0.0424892
246.152, 0.836744, -6073.18, 0.876945, -6073.36, 0.879956, -6073.62, -0.000121617, -0.00012164, -0.000121641, 0.04, 0.866115, 0.0412277, -0.583925, 0.0424648
246.202, 0.836678, -6073.31, 0.876876, -6073.5, 0.879887, -6073.75, -0.00012155, -0.000121604, -0.000121563, 0.04, 0.866115, 0.0412279, -0.583832, 0.0424402
246.253, 0.836613, -6073.44, 0.876807, -6073.63, 0.879818, -6073.88, -0.000121588, -0.000121597, -0.000121614, 0.04, 0.866115, 0.0412274, -0.58374, 0.0424156
246.303, 0.836547, -6073.55, 0.876738, -6073.74, 0.879748, -6073.99, -0.000101362, -0.000101387, -0.000101337, 0.04, 0.866115, 0.0412277, -0.583648, 0.042391
246.353, 0.836482, -6073.66, 0.87667, -6073.85, 0.87968, -6074.1, -0.000101352, -0.000101399, -0.000101369, 0.04, 0.866115, 0.0412274, -0.583556, 0.0423662
246.404, 0.836418, -6073.77, 0.876603, -6073.96, 0.879612, -6074.21, -9.7555e-05, -9.75651e-05, -9.75806e-05, 0.04, 0.866115, 0.0412272, -0.583466, 0.0423415
246.454, 0.836356, -6073.88, 0.876538, -6074.06, 0.879547, -6074.32, -0.000101344, -0.000101382, -0.000101382, 0.04, 0.866115, 0.0412271, -0.583378, 0.0423167
246.504, 0.836293, -6073.99, 0.876472, -6074.17, 0.879481, -6074.43, -0.000101349, -0.000101377, -0.000101377, 0.04, 0.866115, 0.0412265, -0.583291, 0.0422919
246.555, 0.836232, -6074.1, 0.876408, -6074.28, 0.879416, -6074.54, -0.000101278, -0.00010131, -0.0001013, 0.04, 0.866115, 0.0412264, -0.583204, 0.0422671
246.605, 0.836171, -6074.19, 0.876344, -6074.37, 0.879352, -6074.63, -8.10914e-05, -8.10937e-05, -8.11118e-05, 0.04, 0.866115, 0.0412261, -0.583118, 0.0422422
246.655, 0.836112, -6074.27, 0.876282, -6074.46, 0.87929, -6074.72, -8.10558e-05, -8.10841e-05, -8.11067e-05, 0.04, 0.866115, 0.0412261, -0.583035, 0.0422174
246.706, 0.836053, -6074.36, 0.87622, -6074.55, 0.879228, -6074.8, -8.10626e-05, -8.1082e-05, -8.10637e-05, 0.04, 0.866115, 0.0412259, -0.582953, 0.0421926
246.756, 0.835995, -6074.45, 0.876159, -6074.64, 0.879167, -6074.89, -8.1068e-05, -8.11262e-05, -8.10971e-05, 0.04, 0.866115, 0.0412257, -0.582871, 0.0421678
246.807, 0.835938, -6074.54, 0.8761, -6074.72, 0.879107, -6074.98, -8.11009e-05, -8.11433e-05, -8.11073e-05, 0.04, 0.866115, 0.0412256, -0.582792, 0.042143
246.857, 0.835883, -6074.62, 0.876041, -6074.81, 0.879048, -6075.07, -8.10398e-05, -8.10443e-05, -8.10522e-05, 0.04, 0.866115, 0.0412252, -0.582713, 0.0421182
246.907, 0.835828, -6074.71, 0.875984, -6074.9, 0.878991, -6075.16, -8.1107e-05, -8.11505e-05, -8.11583e-05, 0.04, 0.866115, 0.041225, -0.582636, 0.0420935
246.958, 0.835774, -6074.78, 0.875927, -6074.97, 0.878934, -6075.23, -6.08187e-05, -6.08538e-05, -6.08527e-05, 0.04, 0.866115, 0.0412247, -0.58256, 0.0420688
247.001, 0.835729, -6074.84, 0.87588, -6075.03, 0.878886, -6075.28, -6.08592e-05, -6.08992e-05, -6.0878e-05, 0.04, 0.866115, 0.0412247, -0.582497, 0.0420476
247.001, 0.835729, -6074.84, 0.87588, -6075.03, 0.878886, -6075.28, -6.08592e-05, -6.08992e-05, -6.0878e-05, 0.04, 0.866115, 0.041225, -0.582496, 0.0420475
247.051, 0.835677, -6074.91, 0.875826, -6075.09, 0.878832, -6075.35, -6.08874e-05, -6.09268e-05, -6.09095e-05, 0.04, 0.866115, 0.0412248, -0.582424, 0.042023
247.102, 0.835626, -6074.97, 0.875773, -6075.16, 0.878778, -6075.41, -6.0883e-05, -6.08396e-05, -6.0901e-05, 0.04, 0.866115, 0.0412245, -0.582353, 0.0419984
247.152, 0.835577, -6075.04, 0.875721, -6075.22, 0.878726, -6075.48, -6.08474e-05, -6.08417e-05, -6.08806e-05, 0.04, 0.866115, 0.0412241, -0.582284, 0.041974
247.202, 0.835529, -6075.1, 0.87567, -6075.29, 0.878676, -6075.54, -6.08362e-05, -6.08853e-05, -6.08818e-05, 0.04, 0.866115, 0.0412243, -0.582215, 0.0419496
247.253, 0.835481, -6075.17, 0.87562, -6075.35, 0.878625, -6075.61, -6.07995e-05, -6.08032e-05, -6.08339e-05, 0.04, 0.866115, 0.041224, -0.582149, 0.0419252
247.303, 0.835435, -6075.23, 0.875572, -6075.42, 0.878577, -6075.68, -6.0845e-05, -6.08259e-05, -6.08252e-05, 0.04, 0.866115, 0.0412241, -0.582084, 0.041901
247.353, 0.83539, -6075.3, 0.875525, -6075.49, 0.87853, -6075.74, -6.07982e-05, -6.08752e-05, -6.08838e-05, 0.04, 0.866115, 0.0412241, -0.582021, 0.0418769
247.404, 0.835346, -6075.35, 0.875478, -6075.54, 0.878483, -6075.8, -4.05963e-05, -4.06184e-05, -4.05601e-05, 0.04, 0.866115, 0.0412236, -0.581958, 0.0418528
247.454, 0.835303, -6075.4, 0.875433, -6075.58, 0.878437, -6075.84, -4.05954e-05, -4.05962e-05, -4.06292e-05, 0.04, 0.866115, 0.0412239, -0.581898, 0.0418289
247.504, 0.835261, -6075.44, 0.87539, -6075.63, 0.878394, -6075.88, -4.05847e-05, -4.0589e-05, -4.05849e-05, 0.04, 0.866115, 0.0412238, -0.58184, 0.041805
247.555, 0.83522, -6075.48, 0.875347, -6075.67, 0.87835, -6075.93, -4.05744e-05, -4.06072e-05, -4.06153e-05, 0.04, 0.866115, 0.0412233, -0.581782, 0.0417813
247.605, 0.83518, -6075.53, 0.875305, -6075.71, 0.878309, -6075.97, -4.05488e-05, -4.0518e-05, -4.05344e-05, 0.04, 0.866115, 0.041223, -0.581727, 0.0417577
247.656, 0.835142, -6075.57, 0.875265, -6075.76, 0.878268, -6076.01, -4.05809e-05, -4.05734e-05, -4.06001e-05, 0.04, 0.866115, 0.0412231, -0.581673, 0.0417342
247.706, 0.835105, -6075.62, 0.875226, -6075.8, 0.878229, -6076.06, -4.05469e-05, -4.05607e-05, -4.05837e-05, 0.04, 0.866115, 0.0412227, -0.58162, 0.0417109
247.756, 0.835068, -6075.66, 0.875187, -6075.85, 0.87819, -6076.1, -4.05463e-05, -4.05647e-05, -4.05689e-05, 0.04, 0.866115, 0.041223, -0.581568, 0.0416877
247.807, 0.835033, -6075.7, 0.87515, -6075.89, 0.878153, -6076.15, -4.05281e-05, -4.05402e-05, -4.05535e-05, 0.04, 0.866115, 0.0412228, -0.581519, 0.0416646
247.857, 0.834998, -6075.75, 0.875114, -6075.93, 0.878117, -6076.19, -4.05598e-05, -4.05507e-05, -4.0586e-05, 0.04, 0.866115, 0.0412227, -0.581471, 0.0416417
247.907, 0.834964, -6075.79, 0.875078, -6075.98, 0.878081, -6076.23, -4.05401e-05, -4.05503e-05, -4.05591e-05, 0.04, 0.866115, 0.0412225, -0.581423, 0.0416189
247.958, 0.834932, -6075.83, 0.875045, -6076.02, 0.878047, -6076.28, -4.04986e-05, -4.05225e-05, -4.05398e-05, 0.04, 0.866115, 0.0412228, -0.581378, 0.0415963
248.001, 0.834906, -6075.87, 0.875017, -6076.06, 0.878019, -6076.31, -4.05795e-05, -4.05895e-05, -4.05862e-05, 0.04, 0.866115, 0.0412229, -0.58134, 0.0415769
248.001, 0.834906, -6075.87, 0.875017, -6076.06, 0.878019, -6076.31, -4.05795e-05, -4.05895e-05, -4.05862e-05, 0.04, 0.866115, 0.0412224, -0.58134, 0.0415768
248.051, 0.834874, -6075.92, 0.874984, -6076.1, 0.877986, -6076.36, -4.05552e-05, -4.0549e-05, -4.05712e-05, 0.04, 0.866115, 0.0412225, -0.581297, 0.0415546
248.102, 0.834845, -6075.96, 0.874953, -6076.14, 0.877955, -6076.4, -2.51086e-05, -2.51343e-05, -2.51265e-05, 0.04, 0.866115, 0.0412224, -0.581255, 0.0415325
248.152, 0.834817, -6075.98, 0.874924, -6076.17, 0.877926, -6076.42, -2.03071e-05, -2.03791e-05, -2.03506e-05, 0.04, 0.866115, 0.0412222, -0.581216, 0.0415105
248.202, 0.834789, -6076, 0.874895, -6076.19, 0.877896, -6076.44, -2.03103e-05, -2.0316e-05, -2.03054e-05, 0.04, 0.866115, 0.041222, -0.581176, 0.0414887
248.253, 0.834761, -6076.02, 0.874865, -6076.21, 0.877867, -6076.47, -2.03108e-05, -2.03209e-05, -2.03101e-05, 0.04, 0.866115, 0.0412221, -0.581138, 0.041467
248.303, 0.834736, -6076.04, 0.874839, -6076.23, 0.877841, -6076.49, -2.03387e-05, -2.03163e-05, -2.03221e-05, 0.04, 0.866115, 0.0412222, -0.581103, 0.0414455
248.353, 0.834712, -6076.07, 0.874813, -6076.25, 0.877815, -6076.51, -2.0258e-05, -2.02208e-05, -2.02401e-05, 0.04, 0.866115, 0.0412217, -0.581068, 0.0414242
248.404, 0.834687, -6076.09, 0.874788, -6076.27, 0.877789, -6076.53, -2.0262e-05, -2.02708e-05, -2.03191e-05, 0.04, 0.866115, 0.0412218, -0.581034, 0.0414031
248.454, 0.834664, -6076.11, 0.874763, -6076.3, 0.877764, -6076.55, -2.03264e-05, -2.03774e-05, -2.03157e-05, 0.04, 0.866115, 0.0412219, -0.581001, 0.0413822
248.504, 0.834642, -6076.13, 0.874741, -6076.32, 0.877742, -6076.58, -2.02607e-05, -2.02916e-05, -2.02914e-05, 0.04, 0.866115, 0.0412217, -0.580971, 0.0413615
248.555, 0.834621, -6076.15, 0.874718, -6076.34, 0.877719, -6076.6, -2.03148e-05, -2.03038e-05, -2.03327e-05, 0.04, 0.866115, 0.0412218, -0.580941, 0.041341
248.605, 0.8346, -6076.18, 0.874697, -6076.36, 0.877697, -6076.62, -2.03023e-05, -2.03102e-05, -2.03222e-05, 0.04, 0.866115, 0.0412216, -0.580912, 0.0413207
248.656, 0.83458, -6076.2, 0.874675, -6076.38, 0.877676, -6076.64, -2.03292e-05, -2.03042e-05, -2.03151e-05, 0.04, 0.866115, 0.0412215, -0.580883, 0.0413006
248.706, 0.834562, -6076.22, 0.874656, -6076.41, 0.877657, -6076.66, -2.02749e-05, -2.02744e-05, -2.03106e-05, 0.04, 0.866115, 0.0412216, -0.580858, 0.0412807
248.756, 0.834544, -6076.24, 0.874637, -6076.43, 0.877638, -6076.69, -2.02892e-05, -2.02733e-05, -2.02827e-05, 0.04, 0.866115, 0.0412214, -0.580832, 0.041261
248.807, 0.834527, -6076.26, 0.87462, -6076.45, 0.87762, -6076.71, -2.02917e-05, -2.03097e-05, -2.0269e-05, 0.04, 0.866115, 0.0412215, -0.580809, 0.0412415
248.857, 0.83451, -6076.29, 0.874602, -6076.47, 0.877602, -6076.73, -2.03504e-05, -2.03735e-05, -2.03562e-05, 0.04, 0.866115, 0.0412213, -0.580785, 0.0412222
248.907, 0.834494, -6076.31, 0.874585, -6076.49, 0.877585, -6076.75, -2.02747e-05, -2.02824e-05, -2.02627e-05, 0.04, 0.866115, 0.0412216, -0.580763, 0.0412032
248.958, 0.834479, -6076.33, 0.87457, -6076.52, 0.87757, -6076.77, -2.02556e-05, -2.02342e-05, -2.02448e-05, 0.04, 0.866115, 0.0412213, -0.580742, 0.0411843
249.001, 0.834467, -6076.35, 0.874557, -6076.53, 0.877557, -6076.79, -2.02804e-05, -2.02642e-05, -2.02369e-05, 0.04, 0.866115, 0.0412216, -0.580725, 0.0411683
249.001, 0.834467, -6076.35, 0.874557, -6076.53, 0.877557, -6076.79, -2.02804e-05, -2.02642e-05, -2.02369e-05, 0.04, 0.866115, 0.0412211, -0.580725, 0.0411682
249.051, 0.834454, -6076.37, 0.874543, -6076.56, 0.877543, -6076.81, -2.02948e-05, -2.03115e-05, -2.0308e-05, 0.04, 0.866115, 0.0412211, -0.580706, 0.0411499
249.102, 0.83444, -6076.39, 0.874528, -6076.58, 0.877528, -6076.84, -2.02432e-05, -2.02648e-05, -2.02833e-05, 0.04, 0.866115, 0.0412212, -0.580687, 0.0411317
249.152, 0.834428, -6076.41, 0.874516, -6076.6, 0.877515, -6076.86, -2.03283e-05, -2.03428e-05, -2.02964e-05, 0.04, 0.866115, 0.0412212, -0.580669, 0.0411137
249.202, 0.834416, -6076.44, 0.874504, -6076.62, 0.877503, -6076.88, -2.02212e-05, -2.02566e-05, -2.02888e-05, 0.04, 0.866115, 0.041221, -0.580654, 0.0410959
249.253, 0.834406, -6076.46, 0.874493, -6076.64, 0.877493, -6076.9, -2.02753e-05, -2.02827e-05, -2.02709e-05, 0.04, 0.866115, 0.041221, -0.580639, 0.0410784
249.303, 0.834396, -6076.48, 0.874482, -6076.67, 0.877482, -6076.92, -2.02227e-05, -2.02342e-05, -2.02299e-05, 0.04, 0.866115, 0.0412209, -0.580625, 0.0410611
249.353, 0.834386, -6076.5, 0.874471, -6076.69, 0.877471, -6076.94, -2.02058e-05, -2.02285e-05, -2.02171e-05, 0.04, 0.866115, 0.041221, -0.58061, 0.0410441
249.404, 0.834376, -6076.52, 0.874461, -6076.71, 0.877461, -6076.97, -2.02822e-05, -2.02732e-05, -2.02883e-05, 0.04, 0.866115, 0.0412209, -0.580597, 0.0410273
249.454, 0.834368, -6076.54, 0.874453, -6076.73, 0.877453, -6076.99, -2.02609e-05, -2.02701e-05, -2.02726e-05, 0.04, 0.866115, 0.0412211, -0.580586, 0.0410107
249.505, 0.834361, -6076.57, 0.874446, -6076.75, 0.877445, -6077.01, -2.02994e-05, -2.02822e-05, -2.02913e-05, 0.04, 0.866115, 0.0412212, -0.580576, 0.0409943
249.555, 0.834354, -6076.59, 0.874439, -6076.78, 0.877438, -6077.03, -2.02195e-05, -2.02412e-05, -2.0197e-05, 0.04, 0.866115, 0.041221, -0.580567, 0.0409782
249.605, 0.834347, -6076.61, 0.874431, -6076.8, 0.877431, -6077.05, -2.02754e-05, -2.03061e-05, -2.03022e-05, 0.04, 0.866115, 0.0412207, -0.580557, 0.0409624
249.656, 0.834341, -6076.63, 0.874424, -6076.82, 0.877424, -6077.08, -2.0256e-05, -2.02772e-05, -2.0263e-05, 0.04, 0.866115, 0.0412206, -0.580548, 0.0409467
249.706, 0.834335, -6076.65, 0.874418, -6076.84, 0.877418, -6077.1, -2.02364e-05, -2.02414e-05, -2.02757e-05, 0.04, 0.866115, 0.0412208, -0.58054, 0.0409313
249.756, 0.834331, -6076.68, 0.874414, -6076.86, 0.877414, -6077.12, -2.0222e-05, -2.02185e-05, -2.02225e-05, 0.04, 0.866115, 0.0412208, -0.580534, 0.0409162
249.807, 0.834328, -6076.7, 0.874411, -6076.88, 0.87741, -6077.14, -2.02075e-05, -2.01956e-05, -2.01809e-05, 0.04, 0.866115, 0.0412208, -0.580529, 0.0409013
249.857, 0.834324, -6076.72, 0.874407, -6076.91, 0.877406, -6077.16, -2.02707e-05, -2.02666e-05, -2.02814e-05, 0.04, 0.866115, 0.0412205, -0.580524, 0.0408866
249.907, 0.834321, -6076.74, 0.874404, -6076.93, 0.877403, -6077.19, -2.02984e-05, -2.03103e-05, -2.03136e-05, 0.04, 0.866115, 0.0412207, -0.58052, 0.0408722
249.958, 0.834318, -6076.79, 0.8744, -6076.97, 0.877399, -6077.23, -4.04675e-05, -4.05241e-05, -4.04675e-05, 0.04, 0.866115, 0.0412208, -0.580515, 0.040858
250, 0.834315, -6076.82, 0.874398, -6077.01, 0.877397, -6077.27, -4.04759e-05, -4.04969e-05, -4.05002e-05, 0.04, 0.866115, 0.0412208, -0.580512, 0.0408463
250, 0.834315, -6076.82, 0.874398, -6077.01, 0.877397, -6077.27, -4.04759e-05, -4.04969e-05, -4.05002e-05, 0.04, 0.866115, 0.0412205, -0.580511, 0.0408462
250.05, 0.834315, -6076.87, 0.874397, -6077.05, 0.877396, -6077.31, -4.04546e-05, -4.04721e-05, -4.04839e-05, 0.04, 0.866115, 0.041221, -0.580511, 0.0408326
250.101, 0.834314, -6076.91, 0.874397, -6077.1, 0.877396, -6077.35, -4.047e-05, -4.04836e-05, -4.04331e-05, 0.04, 0.866115, 0.0412208, -0.580511, 0.0408191
250.151, 0.834314, -6076.95, 0.874397, -6077.14, 0.877396, -6077.4, -4.04938e-05, -4.04791e-05, -4.04765e-05, 0.04, 0.866115, 0.0412208, -0.580511, 0.0408058
250.201, 0.834315, -6077, 0.874397, -6077.18, 0.877396, -6077.44, -4.04659e-05, -4.04488e-05, -4.04525e-05, 0.04, 0.866115, 0.0412209, -0.580511, 0.0407929
250.252, 0.834314, -6077.04, 0.874397, -6077.23, 0.877396, -6077.48, -4.04627e-05, -4.04847e-05, -4.04861e-05, 0.04, 0.866115, 0.0412211, -0.580511, 0.0407801
250.302, 0.834314, -6077.08, 0.874397, -6077.27, 0.877396, -6077.53, -4.05097e-05, -4.04854e-05, -4.04862e-05, 0.04, 0.866115, 0.0412212, -0.580511, 0.0407676
250.352, 0.834316, -6077.13, 0.874399, -6077.31, 0.877398, -6077.57, -4.04443e-05, -4.04716e-05, -4.04733e-05, 0.04, 0.866115, 0.0412207, -0.580513, 0.0407553
250.403, 0.834319, -6077.17, 0.874402, -6077.36, 0.877401, -6077.62, -4.04394e-05, -4.04603e-05, -4.04894e-05, 0.04, 0.866115, 0.0412211, -0.580518, 0.0407433
250.453, 0.834323, -6077.22, 0.874405, -6077.4, 0.877405, -6077.66, -4.04663e-05, -4.04943e-05, -4.04952e-05, 0.04, 0.866115, 0.0412209, -0.580522, 0.0407316
250.504, 0.834326, -6077.26, 0.874409, -6077.45, 0.877408, -6077.7, -4.04642e-05, -4.04471e-05, -4.04552e-05, 0.04, 0.866115, 0.0412206, -0.580527, 0.04072
250.554, 0.834329, -6077.3, 0.874412, -6077.49, 0.877412, -6077.75, -4.05192e-05, -4.04621e-05, -4.04734e-05, 0.04, 0.866115, 0.0412208, -0.580532, 0.0407088
250.604, 0.834332, -6077.35, 0.874416, -6077.53, 0.877415, -6077.79, -4.04294e-05, -4.0494e-05, -4.04684e-05, 0.04, 0.866115, 0.0412208, -0.580537, 0.0406977
250.655, 0.834336, -6077.39, 0.874419, -6077.58, 0.877419, -6077.83, -4.04408e-05, -4.04977e-05, -4.05026e-05, 0.04, 0.866115, 0.0412211, -0.580541, 0.0406869
250.705, 0.834342, -6077.43, 0.874426, -6077.62, 0.877425, -6077.88, -4.04893e-05, -4.04702e-05, -4.05023e-05, 0.04, 0.866115, 0.0412206, -0.580549, 0.0406764
250.755, 0.834348, -6077.48, 0.874432, -6077.66, 0.877432, -6077.92, -4.04592e-05, -4.04826e-05, -4.04654e-05, 0.04, 0.866115, 0.0412208, -0.580559, 0.0406661
250.806, 0.834355, -6077.52, 0.874439, -6077.71, 0.877439, -6077.96, -4.04808e-05, -4.04729e-05, -4.0445e-05, 0.04, 0.866115, 0.0412208, -0.580567, 0.040656
250.856, 0.834361, -6077.56, 0.874446, -6077.75, 0.877446, -6078.01, -4.05173e-05, -4.0489e-05, -4.05222e-05, 0.04, 0.866115, 0.0412208, -0.580577, 0.0406462
250.906, 0.834368, -6077.62, 0.874453, -6077.81, 0.877452, -6078.07, -6.07019e-05, -6.07004e-05, -6.0696e-05, 0.04, 0.866115, 0.0412208, -0.580586, 0.0406366
250.957, 0.834374, -6077.69, 0.87446, -6077.88, 0.877459, -6078.13, -6.07137e-05, -6.07071e-05, -6.0717e-05, 0.04, 0.866115, 0.0412209, -0.580596, 0.0406272
251, 0.83438, -6077.75, 0.874466, -6077.93, 0.877465, -6078.19, -6.07548e-05, -6.07507e-05, -6.07421e-05, 0.04, 0.866115, 0.0412207, -0.580604, 0.0406194
251, 0.83438, -6077.75, 0.874466, -6077.93, 0.877465, -6078.19, -6.07548e-05, -6.07507e-05, -6.07421e-05, 0.04, 0.866115, 0.041221, -0.580603, 0.0406193
251.05, 0.83439, -6077.81, 0.874476, -6078, 0.877475, -6078.26, -6.07227e-05, -6.07135e-05, -6.07217e-05, 0.04, 0.866115, 0.041221, -0.580617, 0.0406104
251.101, 0.834399, -6077.88, 0.874486, -6078.06, 0.877486, -6078.32, -6.06814e-05, -6.06859e-05, -6.06534e-05, 0.04, 0.866115, 0.0412212, -0.58063, 0.0406018
251.151, 0.834409, -6077.94, 0.874496, -6078.13, 0.877496, -6078.39, -6.07314e-05, -6.07497e-05, -6.06893e-05, 0.04, 0.866115, 0.0412212, -0.580645, 0.0405933
251.201, 0.834419, -6078.01, 0.874506, -6078.2, 0.877506, -6078.45, -6.07465e-05, -6.07277e-05, -6.07143e-05, 0.04, 0.866115, 0.0412209, -0.580658, 0.0405851
251.252, 0.834429, -6078.08, 0.874517, -6078.26, 0.877517, -6078.52, -6.15737e-05, -6.16187e-05, -6.16138e-05, 0.04, 0.866115, 0.0412212, -0.580673, 0.0405771
251.302, 0.83444, -6078.14, 0.874528, -6078.33, 0.877528, -6078.58, -6.07113e-05, -6.06758e-05, -6.07096e-05, 0.04, 0.866115, 0.0412212, -0.580687, 0.0405694
251.352, 0.83445, -6078.21, 0.874539, -6078.39, 0.877539, -6078.65, -6.06746e-05, -6.06619e-05, -6.06738e-05, 0.04, 0.866115, 0.0412213, -0.580701, 0.0405618
251.403, 0.83446, -6078.27, 0.87455, -6078.46, 0.87755, -6078.71, -6.06759e-05, -6.06644e-05, -6.06895e-05, 0.04, 0.866115, 0.0412208, -0.580716, 0.0405545
251.453, 0.834473, -6078.34, 0.874563, -6078.52, 0.877563, -6078.78, -6.06635e-05, -6.06413e-05, -6.06302e-05, 0.04, 0.866115, 0.0412214, -0.580734, 0.0405475
251.504, 0.834486, -6078.4, 0.874577, -6078.59, 0.877577, -6078.85, -6.0689e-05, -6.07096e-05, -6.07013e-05, 0.04, 0.866115, 0.0412214, -0.580752, 0.0405406
251.554, 0.834499, -6078.47, 0.874591, -6078.65, 0.877591, -6078.91, -6.06309e-05, -6.06566e-05, -6.0649e-05, 0.04, 0.866115, 0.0412214, -0.580771, 0.040534
251.604, 0.834513, -6078.54, 0.874605, -6078.73, 0.877605, -6078.98, -8.03249e-05, -8.0289e-05, -8.02815e-05, 0.04, 0.866115, 0.0412214, -0.58079, 0.0405276
251.655, 0.834527, -6078.63, 0.874619, -6078.81, 0.87762, -6079.07, -8.08847e-05, -8.09032e-05, -8.09234e-05, 0.04, 0.866115, 0.0412217, -0.580809, 0.0405214
251.705, 0.83454, -6078.71, 0.874634, -6078.9, 0.877634, -6079.16, -8.09028e-05, -8.08998e-05, -8.08978e-05, 0.04, 0.866115, 0.0412214, -0.580828, 0.0405155
251.755, 0.834554, -6078.8, 0.874648, -6078.99, 0.877649, -6079.25, -8.09668e-05, -8.09486e-05, -8.09594e-05, 0.04, 0.866115, 0.0412215, -0.580848, 0.0405097
251.806, 0.834568, -6078.89, 0.874663, -6079.08, 0.877663, -6079.33, -8.09317e-05, -8.09113e-05, -8.09275e-05, 0.04, 0.866115, 0.0412215, -0.580867, 0.0405042
251.856, 0.834583, -6078.98, 0.874678, -6079.16, 0.877679, -6079.42, -8.09797e-05, -8.09509e-05, -8.09819e-05, 0.04, 0.866115, 0.0412218, -0.580888, 0.0404989
251.906, 0.834599, -6079.06, 0.874695, -6079.25, 0.877696, -6079.51, -8.0835e-05, -8.0835e-05, -8.08969e-05, 0.04, 0.866115, 0.0412221, -0.580911, 0.0404937
251.957, 0.834616, -6079.15, 0.874713, -6079.34, 0.877714, -6079.59, -8.09107e-05, -8.08968e-05, -8.09236e-05, 0.04, 0.866115, 0.0412219, -0.580934, 0.0404889
252, 0.83463, -6079.23, 0.874728, -6079.41, 0.877729, -6079.67, -8.08722e-05, -8.08432e-05, -8.0876e-05, 0.04, 0.866115, 0.0412218, -0.580955, 0.0404848
252, 0.83463, -6079.23, 0.874728, -6079.41, 0.877729, -6079.67, -8.08722e-05, -8.08432e-05, -8.0876e-05, 0.04, 0.866115, 0.0412216, -0.580953, 0.0404848
252.05, 0.834647, -6079.31, 0.874746, -6079.5, 0.877747, -6079.76, -8.09392e-05, -8.09512e-05, -8.09605e-05, 0.04, 0.866115, 0.0412219, -0.580979, 0.0404803
252.101, 0.834665, -6079.4, 0.874764, -6079.59, 0.877765, -6079.84, -8.09361e-05, -8.09202e-05, -8.09289e-05, 0.04, 0.866115, 0.0412219, -0.581003, 0.040476
252.151, 0.834682, -6079.49, 0.874782, -6079.67, 0.877783, -6079.93, -8.09284e-05, -8.09173e-05, -8.09154e-05, 0.04, 0.866115, 0.0412219, -0.581027, 0.0404719
252.201, 0.834699, -6079.58, 0.8748, -6079.76, 0.877801, -6080.02, -8.09029e-05, -8.08953e-05, -8.09418e-05, 0.04, 0.866115, 0.0412222, -0.581051, 0.040468
252.252, 0.834716, -6079.67, 0.874818, -6079.85, 0.877819, -6080.11, -9.75743e-05, -9.75762e-05, -9.75824e-05, 0.04, 0.866115, 0.0412223, -0.581075, 0.0404643
252.302, 0.834733, -6079.78, 0.874836, -6079.96, 0.877837, -6080.22, -0.000101141, -0.000101114, -0.000101139, 0.04, 0.866115, 0.0412225, -0.581099, 0.0404608
252.353, 0.834751, -6079.88, 0.874855, -6080.07, 0.877856, -6080.33, -0.000101148, -0.000101167, -0.000101155, 0.04, 0.866115, 0.041222, -0.581124, 0.0404574
252.403, 0.83477, -6079.99, 0.874875, -6080.18, 0.877877, -6080.44, -0.000101134, -0.000101131, -0.000101136, 0.04, 0.866115, 0.0412221, -0.581152, 0.0404543
252.453, 0.83479, -6080.1, 0.874896, -6080.29, 0.877898, -6080.55, -0.000101119, -0.000101094, -0.000101119, 0.04, 0.866115, 0.0412225, -0.58118, 0.0404514
252.504, 0.834811, -6080.21, 0.874918, -6080.4, 0.877919, -6080.66, -0.000101132, -0.00010114, -0.000101088, 0.04, 0.866115, 0.041222, -0.581208, 0.0404486
252.554, 0.834831, -6080.32, 0.874939, -6080.51, 0.877941, -6080.76, -0.000101181, -0.000101177, -0.000101158, 0.04, 0.866115, 0.0412224, -0.581237, 0.0404461
252.604, 0.834852, -6080.43, 0.87496, -6080.62, 0.877962, -6080.87, -0.000101159, -0.00010118, -0.000101169, 0.04, 0.866115, 0.0412223, -0.581266, 0.0404437
252.655, 0.834872, -6080.54, 0.874982, -6080.73, 0.877984, -6080.98, -0.000101132, -0.00010113, -0.00010113, 0.04, 0.866115, 0.0412222, -0.581295, 0.0404415
252.705, 0.834893, -6080.65, 0.875004, -6080.84, 0.878006, -6081.09, -0.000101137, -0.000101156, -0.000101151, 0.04, 0.866115, 0.0412226, -0.581324, 0.0404395
252.755, 0.834913, -6080.76, 0.875025, -6080.95, 0.878027, -6081.2, -0.000101152, -0.000101151, -0.000101115, 0.04, 0.866115, 0.0412223, -0.581352, 0.0404376
252.806, 0.834934, -6080.87, 0.875047, -6081.05, 0.878049, -6081.31, -0.000101137, -0.000101156, -0.000101131, 0.04, 0.866115, 0.0412227, -0.581381, 0.040436
252.856, 0.834954, -6080.98, 0.875068, -6081.16, 0.87807, -6081.42, -0.000101128, -0.000101105, -0.000101116, 0.04, 0.866115, 0.0412227, -0.58141, 0.0404345
252.906, 0.834975, -6081.1, 0.87509, -6081.28, 0.878092, -6081.54, -0.00012135, -0.000121343, -0.000121389, 0.04, 0.866115, 0.0412227, -0.581439, 0.0404331
252.957, 0.834995, -6081.23, 0.875111, -6081.41, 0.878114, -6081.67, -0.000121366, -0.000121351, -0.00012137, 0.04, 0.866115, 0.0412229, -0.581468, 0.040432
253, 0.835013, -6081.34, 0.87513, -6081.53, 0.878132, -6081.78, -0.00012132, -0.000121337, -0.000121341, 0.04, 0.866115, 0.0412228, -0.581493, 0.0404311
253, 0.835013, -6081.34, 0.875129, -6081.53, 0.878132, -6081.78, -0.00012132, -0.000121337, -0.000121341, 0.04, 0.866115, 0.0412228, -0.581491, 0.0404311
253.05, 0.835034, -6081.47, 0.875151, -6081.66, 0.878154, -6081.92, -0.000121358, -0.000121367, -0.00012136, 0.04, 0.866115, 0.0412231, -0.581522, 0.0404303
253.101, 0.835057, -6081.6, 0.875175, -6081.79, 0.878178, -6082.05, -0.00012139, -0.000121354, -0.000121335, 0.04, 0.866115, 0.041223, -0.581554, 0.0404296
253.151, 0.83508, -6081.73, 0.8752, -6081.92, 0.878203, -6082.18, -0.000121418, -0.000121396, -0.000121394, 0.04, 0.866115, 0.0412229, -0.581586, 0.040429
253.201, 0.835104, -6081.87, 0.875225, -6082.05, 0.878228, -6082.31, -0.00012144, -0.000121394, -0.000121378, 0.04, 0.866115, 0.0412235, -0.58162, 0.0404287
253.252, 0.835128, -6082, 0.87525, -6082.18, 0.878253, -6082.44, -0.0001214, -0.000121348, -0.000121333, 0.04, 0.866115, 0.0412233, -0.581654, 0.0404285
253.302, 0.835152, -6082.13, 0.875275, -6082.31, 0.878278, -6082.57, -0.000121337, -0.000121342, -0.000121364, 0.04, 0.866115, 0.0412232, -0.581688, 0.0404284
253.353, 0.835176, -6082.26, 0.8753, -6082.44, 0.878304, -6082.7, -0.000121327, -0.000121307, -0.00012133, 0.04, 0.866115, 0.0412234, -0.581721, 0.0404285
253.403, 0.8352, -6082.39, 0.875325, -6082.58, 0.878329, -6082.83, -0.00012136, -0.000121408, -0.000121379, 0.04, 0.866115, 0.0412236, -0.581754, 0.0404287
253.453, 0.835223, -6082.52, 0.87535, -6082.71, 0.878354, -6082.96, -0.000121359, -0.00012137, -0.000121362, 0.04, 0.866115, 0.0412234, -0.581788, 0.0404291
253.504, 0.835247, -6082.65, 0.875375, -6082.84, 0.878379, -6083.09, -0.000121392, -0.000121361, -0.000121365, 0.04, 0.866115, 0.0412237, -0.581822, 0.0404296
253.554, 0.835271, -6082.79, 0.8754, -6082.98, 0.878404, -6083.23, -0.000141253, -0.000141213, -0.000141235, 0.04, 0.866115, 0.0412239, -0.581855, 0.0404302
253.604, 0.835295, -6082.94, 0.875425, -6083.13, 0.878429, -6083.38, -0.000141656, -0.000141643, -0.000141636, 0.04, 0.866115, 0.041224, -0.581889, 0.040431
253.655, 0.835319, -6083.1, 0.875451, -6083.28, 0.878455, -6083.54, -0.000141576, -0.000141557, -0.000141614, 0.04, 0.866115, 0.0412239, -0.581923, 0.0404319
253.705, 0.835343, -6083.25, 0.875476, -6083.43, 0.87848, -6083.69, -0.000141584, -0.000141598, -0.000141533, 0.04, 0.866115, 0.0412242, -0.581956, 0.040433
253.755, 0.835367, -6083.4, 0.875501, -6083.59, 0.878505, -6083.84, -0.000141605, -0.000141617, -0.000141638, 0.04, 0.866115, 0.041224, -0.58199, 0.0404342
253.806, 0.835391, -6083.55, 0.875526, -6083.74, 0.87853, -6084, -0.000141578, -0.000141545, -0.000141582, 0.04, 0.866115, 0.0412241, -0.582023, 0.0404355
253.856, 0.835415, -6083.71, 0.875551, -6083.89, 0.878556, -6084.15, -0.000141604, -0.00014157, -0.000141593, 0.04, 0.866115, 0.0412242, -0.582057, 0.040437
253.906, 0.835439, -6083.86, 0.875576, -6084.05, 0.878581, -6084.3, -0.000141626, -0.000141602, -0.000141598, 0.04, 0.866115, 0.0412242, -0.58209, 0.0404385
253.957, 0.835463, -6084.01, 0.875601, -6084.2, 0.878606, -6084.46, -0.000141634, -0.000141607, -0.00014161, 0.04, 0.866115, 0.0412243, -0.582124, 0.0404402
254, 0.835483, -6084.14, 0.875623, -6084.33, 0.878628, -6084.59, -0.000141599, -0.000141594, -0.000141579, 0.04, 0.866115, 0.0412242, -0.582153, 0.0404418
254, 0.835483, -6084.14, 0.875622, -6084.33, 0.878627, -6084.59, -0.000141599, -0.000141594, -0.000141579, 0.04, 0.866115, 0.0412244, -0.582151, 0.0404417
254.05, 0.835507, -6084.3, 0.875648, -6084.48, 0.878653, -6084.74, -0.000141637, -0.000141635, -0.000141607, 0.04, 0.866115, 0.0412243, -0.582187, 0.0404436
254.101, 0.835531, -6084.45, 0.875673, -6084.64, 0.878678, -6084.89, -0.000141595, -0.000141604, -0.000141612, 0.04, 0.866115, 0.0412244, -0.58222, 0.0404456
254.151, 0.835555, -6084.6, 0.875698, -6084.79, 0.878703, -6085.05, -0.000141651, -0.000141619, -0.000141647, 0.04, 0.866115, 0.0412245, -0.582254, 0.0404478
254.202, 0.835579, -6084.76, 0.875723, -6084.94, 0.878728, -6085.2, -0.000141609, -0.000141575, -0.000141594, 0.04, 0.866115, 0.0412246, -0.582287, 0.04045
254.252, 0.835603, -6084.91, 0.875748, -6085.1, 0.878754, -6085.36, -0.000159165, -0.000159131, -0.000159155, 0.04, 0.866115, 0.0412251, -0.582322, 0.0404523
254.302, 0.835627, -6085.09, 0.875773, -6085.27, 0.878779, -6085.53, -0.000161815, -0.000161837, -0.000161835, 0.04, 0.866115, 0.0412249, -0.582355, 0.0404548
254.353, 0.835651, -6085.26, 0.875798, -6085.45, 0.878804, -6085.71, -0.000161873, -0.000161904, -0.000161877, 0.04, 0.866115, 0.0412249, -0.582389, 0.0404574
254.403, 0.835675, -6085.44, 0.875823, -6085.62, 0.878829, -6085.88, -0.000161859, -0.000161828, -0.000161836, 0.04, 0.866115, 0.041225, -0.582422, 0.04046
254.453, 0.835699, -6085.61, 0.875849, -6085.8, 0.878855, -6086.05, -0.000161846, -0.00016182, -0.000161783, 0.04, 0.866115, 0.0412251, -0.582456, 0.0404627
254.504, 0.835723, -6085.79, 0.875874, -6085.97, 0.87888, -6086.23, -0.000161863, -0.000161838, -0.000161866, 0.04, 0.866115, 0.0412251, -0.582489, 0.0404656
254.554, 0.835746, -6085.96, 0.875899, -6086.15, 0.878905, -6086.4, -0.000161828, -0.000161839, -0.000161847, 0.04, 0.866115, 0.0412248, -0.582523, 0.0404685
254.604, 0.83577, -6086.14, 0.875924, -6086.32, 0.87893, -6086.58, -0.000161845, -0.000161877, -0.000161857, 0.04, 0.866115, 0.0412254, -0.582557, 0.0404715
254.655, 0.835794, -6086.31, 0.875949, -6086.5, 0.878955, -6086.75, -0.000161834, -0.000161857, -0.000161858, 0.04, 0.866115, 0.0412254, -0.582591, 0.0404746
254.705, 0.835818, -6086.49, 0.875974, -6086.67, 0.878981, -6086.93, -0.000161817, -0.000161789, -0.000161813, 0.04, 0.866115, 0.0412254, -0.582624, 0.0404778
254.755, 0.835842, -6086.66, 0.875999, -6086.85, 0.879006, -6087.1, -0.000161835, -0.00016182, -0.00016182, 0.04, 0.866115, 0.0412255, -0.582658, 0.0404811
254.806, 0.835866, -6086.84, 0.876024, -6087.02, 0.879031, -6087.28, -0.000161814, -0.000161845, -0.000161813, 0.04, 0.866115, 0.0412257, -0.582691, 0.0404845
254.856, 0.83589, -6087.01, 0.876049, -6087.2, 0.879056, -6087.45, -0.00016186, -0.000161879, -0.000161877, 0.04, 0.866115, 0.0412256, -0.582725, 0.0404879
254.906, 0.835914, -6087.19, 0.876074, -6087.37, 0.879081, -6087.63, -0.000161855, -0.000161785, -0.000161795, 0.04, 0.866115, 0.0412257, -0.582758, 0.0404914
254.957, 0.835938, -6087.36, 0.876099, -6087.55, 0.879107, -6087.8, -0.000161863, -0.000161849, -0.000161845, 0.04, 0.866115, 0.041226, -0.582792, 0.040495
255, 0.835958, -6087.51, 0.876121, -6087.7, 0.879128, -6087.95, -0.000161907, -0.000161879, -0.000161883, 0.04, 0.866115, 0.0412259, -0.582821, 0.0404981
255, 0.835958, -6087.51, 0.876121, -6087.7, 0.879128, -6087.95, -0.000161907, -0.000161879, -0.000161883, 0.04, 0.866115, 0.0412258, -0.582818, 0.0404981
255.05, 0.835982, -6087.69, 0.876146, -6087.87, 0.879154, -6088.13, -0.000170663, -0.000170659, -0.000170697, 0.04, 0.866115, 0.0412259, -0.582855, 0.0405018
255.101, 0.836006, -6087.88, 0.876171, -6088.07, 0.879179, -6088.33, -0.000182046, -0.000182008, -0.000182053, 0.04, 0.866115, 0.0412257, -0.582888, 0.0405055
255.151, 0.836028, -6088.08, 0.876194, -6088.27, 0.879202, -6088.52, -0.000182074, -0.000182077, -0.000182092, 0.04, 0.866115, 0.041226, -0.582919, 0.0405094
255.202, 0.836049, -6088.28, 0.876216, -6088.46, 0.879224, -6088.72, -0.000182124, -0.000182151, -0.000182153, 0.04, 0.866115, 0.0412259, -0.582949, 0.0405134
255.252, 0.83607, -6088.47, 0.876238, -6088.66, 0.879246, -6088.92, -0.000182087, -0.0001821, -0.000182073, 0.04, 0.866115, 0.0412262, -0.582979, 0.0405174
255.302, 0.836091, -6088.67, 0.87626, -6088.86, 0.879268, -6089.11, -0.000182062, -0.000182046, -0.000182038, 0.04, 0.866115, 0.0412261, -0.583007, 0.0405215
255.353, 0.836111, -6088.87, 0.876281, -6089.05, 0.879289, -6089.31, -0.000182101, -0.000182078, -0.000182078, 0.04, 0.866115, 0.0412263, -0.583036, 0.0405256
255.403, 0.836132, -6089.06, 0.876303, -6089.25, 0.879311, -6089.51, -0.000182115, -0.000182112, -0.000182091, 0.04, 0.866115, 0.0412265, -0.583065, 0.0405298
255.453, 0.836152, -6089.26, 0.876324, -6089.45, 0.879332, -6089.7, -0.000182115, -0.000182102, -0.000182087, 0.04, 0.866115, 0.0412263, -0.583094, 0.040534
255.504, 0.836173, -6089.46, 0.876346, -6089.64, 0.879354, -6089.9, -0.000182111, -0.00018208, -0.000182086, 0.04, 0.866115, 0.0412267, -0.583123, 0.0405382
255.554, 0.836193, -6089.65, 0.876367, -6089.84, 0.879376, -6090.1, -0.000182125, -0.000182123, -0.000182107, 0.04, 0.866115, 0.0412264, -0.583151, 0.0405424
255.604, 0.836214, -6089.85, 0.876389, -6090.04, 0.879397, -6090.29, -0.000182072, -0.000182095, -0.000182085, 0.04, 0.866115, 0.0412267, -0.58318, 0.0405467
255.655, 0.836234, -6090.05, 0.87641, -6090.23, 0.879419, -6090.49, -0.000182125, -0.000182123, -0.000182092, 0.04, 0.866115, 0.0412266, -0.583209, 0.040551
255.705, 0.836255, -6090.24, 0.876432, -6090.43, 0.879441, -6090.69, -0.000182097, -0.000182067, -0.000182058, 0.04, 0.866115, 0.0412267, -0.583238, 0.0405554
255.755, 0.836275, -6090.44, 0.876453, -6090.63, 0.879462, -6090.88, -0.000182143, -0.000182103, -0.000182107, 0.04, 0.866115, 0.0412266, -0.583266, 0.0405599
255.806, 0.836296, -6090.64, 0.876475, -6090.82, 0.879484, -6091.08, -0.000182053, -0.000182042, -0.00018206, 0.04, 0.866115, 0.0412268, -0.583296, 0.0405643
255.856, 0.836316, -6090.83, 0.876496, -6091.02, 0.879505, -6091.28, -0.000182071, -0.000182041, -0.000182043, 0.04, 0.866115, 0.0412268, -0.583324, 0.0405688
255.907, 0.836337, -6091.03, 0.876518, -6091.22, 0.879527, -6091.47, -0.000182111, -0.000182108, -0.000182098, 0.04, 0.866115, 0.0412271, -0.583353, 0.0405734
255.957, 0.836357, -6091.23, 0.876539, -6091.41, 0.879548, -6091.67, -0.000182065, -0.00018207, -0.000182051, 0.04, 0.866115, 0.0412269, -0.583382, 0.040578
256, 0.836375, -6091.4, 0.876558, -6091.58, 0.879567, -6091.84, -0.000182033, -0.000182025, -0.000182029, 0.04, 0.866115, 0.0412271, -0.583407, 0.040582
256, 0.836374, -6091.4, 0.876557, -6091.58, 0.879566, -6091.84, -0.000182033, -0.000182025, -0.000182029, 0.04, 0.866115, 0.0412268, -0.583403, 0.040582
256.051, 0.836395, -6091.59, 0.876579, -6091.78, 0.879589, -6092.04, -0.000182084, -0.00018208, -0.000182077, 0.04, 0.866115, 0.041227, -0.583435, 0.0405867
256.101, 0.836416, -6091.81, 0.876601, -6091.99, 0.87961, -6092.25, -0.000202351, -0.000202311, -0.000202336, 0.04, 0.866115, 0.0412273, -0.583465, 0.0405914
256.151, 0.836436, -6092.02, 0.876622, -6092.21, 0.879632, -6092.47, -0.000202326, -0.000202339, -0.00020231, 0.04, 0.866115, 0.0412272, -0.583493, 0.0405961
256.202, 0.836457, -6092.24, 0.876644, -6092.43, 0.879654, -6092.69, -0.000202296, -0.000202301, -0.000202299, 0.04, 0.866115, 0.0412273, -0.583522, 0.0406008
256.252, 0.836477, -6092.46, 0.876665, -6092.65, 0.879675, -6092.9, -0.000202302, -0.000202314, -0.000202309, 0.04, 0.866115, 0.0412272, -0.583551, 0.0406056
256.302, 0.836496, -6092.68, 0.876685, -6092.87, 0.879695, -6093.12, -0.00020237, -0.000202348, -0.000202364, 0.04, 0.866115, 0.0412275, -0.583577, 0.0406103
256.353, 0.836514, -6092.9, 0.876704, -6093.08, 0.879714, -6093.34, -0.000202313, -0.0002023, -0.000202327, 0.04, 0.866115, 0.0412275, -0.583602, 0.0406151
256.403, 0.836531, -6093.12, 0.876722, -6093.3, 0.879732, -6093.56, -0.000202304, -0.000202323, -0.000202337, 0.04, 0.866115, 0.0412275, -0.583627, 0.04062
256.453, 0.836548, -6093.34, 0.87674, -6093.52, 0.87975, -6093.78, -0.000202304, -0.000202285, -0.000202299, 0.04, 0.866115, 0.0412275, -0.583651, 0.0406248
256.504, 0.836565, -6093.55, 0.876758, -6093.74, 0.879768, -6094, -0.000202358, -0.000202352, -0.000202352, 0.04, 0.866115, 0.0412278, -0.583675, 0.0406296
256.554, 0.836582, -6093.77, 0.876776, -6093.96, 0.879786, -6094.22, -0.000202351, -0.000202337, -0.000202338, 0.04, 0.866115, 0.0412277, -0.583699, 0.0406345
256.604, 0.836599, -6093.99, 0.876793, -6094.18, 0.879804, -6094.43, -0.000202354, -0.000202337, -0.000202345, 0.04, 0.866115, 0.0412277, -0.583723, 0.0406393
256.655, 0.836616, -6094.21, 0.876811, -6094.4, 0.879822, -6094.65, -0.000202362, -0.000202372, -0.000202328, 0.04, 0.866115, 0.0412279, -0.583747, 0.0406442
256.705, 0.836634, -6094.43, 0.876829, -6094.61, 0.87984, -6094.87, -0.000202368, -0.00020234, -0.000202356, 0.04, 0.866115, 0.0412277, -0.583771, 0.0406491
256.755, 0.836651, -6094.65, 0.876847, -6094.83, 0.879858, -6095.09, -0.000202336, -0.00020234, -0.000202343, 0.04, 0.866115, 0.0412278, -0.583795, 0.0406539
256.806, 0.836668, -6094.87, 0.876865, -6095.05, 0.879876, -6095.31, -0.0002023, -0.000202293, -0.000202287, 0.04, 0.866115, 0.0412278, -0.583819, 0.0406588
256.856, 0.836685, -6095.08, 0.876883, -6095.27, 0.879894, -6095.53, -0.000202323, -0.000202318, -0.000202331, 0.04, 0.866115, 0.0412279, -0.583843, 0.0406638
256.907, 0.836702, -6095.3, 0.876901, -6095.49, 0.879912, -6095.75, -0.000202356, -0.000202323, -0.000202345, 0.04, 0.866115, 0.041228, -0.583867, 0.0406686
256.957, 0.836719, -6095.52, 0.876919, -6095.71, 0.87993, -6095.96, -0.000202363, -0.000202321, -0.000202338, 0.04, 0.866115, 0.0412282, -0.583891, 0.0406735
257, 0.836734, -6095.71, 0.876934, -6095.89, 0.879945, -6096.15, -0.000202352, -0.000202347, -0.000202354, 0.04, 0.866115, 0.0412282, -0.583912, 0.0406777
257, 0.836733, -6095.71, 0.876934, -6095.89, 0.879945, -6096.15, -0.000202352, -0.000202347, -0.000202354, 0.04, 0.866115, 0.0412276, -0.583908, 0.0406777
257.051, 0.836751, -6095.93, 0.876952, -6096.11, 0.879963, -6096.37, -0.000202377, -0.000202336, -0.000202316, 0.04, 0.866115, 0.0412281, -0.583936, 0.0406826
257.101, 0.836767, -6096.15, 0.87697, -6096.33, 0.879981, -6096.59, -0.000202369, -0.000202378, -0.000202352, 0.04, 0.866115, 0.0412282, -0.583959, 0.0406875
257.151, 0.836782, -6096.36, 0.876985, -6096.55, 0.879997, -6096.81, -0.000202336, -0.000202317, -0.000202338, 0.04, 0.866115, 0.0412283, -0.583981, 0.0406923
257.202, 0.836797, -6096.58, 0.877, -6096.77, 0.880012, -6097.03, -0.000202326, -0.000202323, -0.000202337, 0.04, 0.866115, 0.0412282, -0.584001, 0.0406972
257.252, 0.83681, -6096.8, 0.877015, -6096.99, 0.880026, -6097.24, -0.000202335, -0.000202336, -0.000202343, 0.04, 0.866115, 0.0412283, -0.58402, 0.0407021
257.302, 0.836824, -6097.02, 0.877029, -6097.21, 0.88004, -6097.46, -0.000202323, -0.000202318, -0.000202329, 0.04, 0.866115, 0.0412283, -0.584039, 0.0407069
257.353, 0.836838, -6097.24, 0.877043, -6097.42, 0.880055, -6097.68, -0.000202326, -0.00020233, -0.000202316, 0.04, 0.866115, 0.0412283, -0.584058, 0.0407117
257.403, 0.836851, -6097.46, 0.877058, -6097.64, 0.880069, -6097.9, -0.000202356, -0.000202351, -0.00020236, 0.04, 0.866115, 0.0412285, -0.584077, 0.0407166
257.453, 0.836865, -6097.68, 0.877072, -6097.86, 0.880084, -6098.12, -0.000202362, -0.000202338, -0.000202345, 0.04, 0.866115, 0.0412287, -0.584097, 0.0407214
257.504, 0.836879, -6097.89, 0.877086, -6098.08, 0.880098, -6098.34, -0.000202344, -0.000202341, -0.000202332, 0.04, 0.866115, 0.0412287, -0.584116, 0.0407261
257.554, 0.836892, -6098.11, 0.877101, -6098.3, 0.880112, -6098.56, -0.000202326, -0.000202296, -0.000202295, 0.04, 0.866115, 0.0412285, -0.584135, 0.0407309
257.604, 0.836906, -6098.33, 0.877115, -6098.52, 0.880127, -6098.77, -0.000202316, -0.000202297, -0.000202314, 0.04, 0.866115, 0.0412286, -0.584154, 0.0407356
257.655, 0.83692, -6098.55, 0.877129, -6098.74, 0.880141, -6098.99, -0.000202338, -0.000202341, -0.000202344, 0.04, 0.866115, 0.0412287, -0.584174, 0.0407404
257.705, 0.836933, -6098.77, 0.877144, -6098.95, 0.880156, -6099.21, -0.000202369, -0.000202353, -0.00020237, 0.04, 0.866115, 0.0412287, -0.584193, 0.0407452
257.755, 0.836947, -6098.99, 0.877158, -6099.17, 0.88017, -6099.43, -0.000202365, -0.000202359, -0.000202373, 0.04, 0.866115, 0.0412286, -0.584212, 0.0407499
257.806, 0.836961, -6099.21, 0.877172, -6099.39, 0.880184, -6099.65, -0.000202346, -0.000202334, -0.000202338, 0.04, 0.866115, 0.0412287, -0.584231, 0.0407545
257.856, 0.836975, -6099.44, 0.877187, -6099.63, 0.880199, -6099.88, -0.000222594, -0.000222577, -0.00022258, 0.04, 0.866115, 0.0412289, -0.584251, 0.0407592
257.907, 0.836986, -6099.68, 0.877199, -6099.87, 0.880212, -6100.12, -0.000222624, -0.000222596, -0.000222594, 0.04, 0.866115, 0.0412289, -0.584267, 0.0407638
257.957, 0.836998, -6099.92, 0.877211, -6100.11, 0.880223, -6100.36, -0.000222609, -0.000222572, -0.000222576, 0.04, 0.866115, 0.0412288, -0.584283, 0.0407684
258, 0.837006, -6100.13, 0.87722, -6100.31, 0.880233, -6100.57, -0.000222605, -0.000222583, -0.000222574, 0.04, 0.866115, 0.041229, -0.584296, 0.0407723
258, 0.837006, -6100.13, 0.87722, -6100.31, 0.880232, -6100.57, -0.000222605, -0.000222583, -0.000222574, 0.04, 0.866115, 0.0412285, -0.584292, 0.0407723
258.051, 0.837017, -6100.37, 0.877231, -6100.55, 0.880243, -6100.81, -0.000222587, -0.000222598, -0.000222614, 0.04, 0.866115, 0.041229, -0.58431, 0.0407768
258.101, 0.837027, -6100.61, 0.877242, -6100.79, 0.880254, -6101.05, -0.000222607, -0.000222618, -0.000222605, 0.04, 0.866115, 0.0412291, -0.584325, 0.0407813
258.151, 0.837037, -6100.85, 0.877253, -6101.04, 0.880265, -6101.29, -0.000222617, -0.000222623, -0.000222621, 0.04, 0.866115, 0.0412289, -0.584339, 0.0407858
258.202, 0.837047, -6101.09, 0.877263, -6101.28, 0.880276, -6101.53, -0.000222578, -0.000222579, -0.000222573, 0.04, 0.866115, 0.0412291, -0.584354, 0.0407902
258.252, 0.837058, -6101.33, 0.877274, -6101.52, 0.880287, -6101.77, -0.000222587, -0.000222602, -0.000222587, 0.04, 0.866115, 0.0412291, -0.584368, 0.0407946
258.302, 0.837068, -6101.57, 0.877285, -6101.76, 0.880297, -6102.01, -0.000222583, -0.000222584, -0.000222576, 0.04, 0.866115, 0.0412292, -0.584382, 0.040799
258.353, 0.837078, -6101.81, 0.877295, -6102, 0.880308, -6102.25, -0.000222605, -0.000222592, -0.000222622, 0.04, 0.866115, 0.0412293, -0.584397, 0.0408033
258.403, 0.837088, -6102.05, 0.877306, -6102.24, 0.880319, -6102.49, -0.000222574, -0.000222568, -0.000222575, 0.04, 0.866115, 0.0412291, -0.584412, 0.0408076
258.453, 0.837099, -6102.29, 0.877317, -6102.48, 0.88033, -6102.73, -0.000222587, -0.000222591, -0.000222585, 0.04, 0.866115, 0.0412293, -0.584426, 0.0408119
258.504, 0.837109, -6102.53, 0.877328, -6102.72, 0.880341, -6102.97, -0.00022261, -0.000222588, -0.000222586, 0.04, 0.866115, 0.0412294, -0.58444, 0.0408161
258.554, 0.837119, -6102.77, 0.877339, -6102.96, 0.880351, -6103.22, -0.000222583, -0.000222561, -0.00022257, 0.04, 0.866115, 0.0412292, -0.584454, 0.0408203
258.604, 0.837129, -6103.01, 0.877349, -6103.2, 0.880362, -6103.46, -0.000222612, -0.000222613, -0.000222611, 0.04, 0.866115, 0.0412294, -0.584469, 0.0408245
258.655, 0.837139, -6103.25, 0.877359, -6103.44, 0.880372, -6103.7, -0.000222592, -0.000222573, -0.000222587, 0.04, 0.866115, 0.0412295, -0.584483, 0.0408286
258.705, 0.837147, -6103.49, 0.877368, -6103.68, 0.880381, -6103.94, -0.00022257, -0.000222578, -0.00022257, 0.04, 0.866115, 0.0412293, -0.584494, 0.0408327
258.756, 0.837154, -6103.73, 0.877375, -6103.92, 0.880388, -6104.18, -0.000222573, -0.000222575, -0.000222568, 0.04, 0.866115, 0.0412292, -0.584503, 0.0408367
258.806, 0.837161, -6103.98, 0.877382, -6104.16, 0.880395, -6104.42, -0.00022261, -0.000222602, -0.000222603, 0.04, 0.866115, 0.0412293, -0.584512, 0.0408408
258.856, 0.837168, -6104.22, 0.877389, -6104.4, 0.880403, -6104.66, -0.000222624, -0.000222625, -0.000222602, 0.04, 0.866115, 0.0412294, -0.584523, 0.0408448
258.907, 0.837175, -6104.46, 0.877397, -6104.64, 0.88041, -6104.9, -0.000222584, -0.000222592, -0.000222585, 0.04, 0.866115, 0.0412294, -0.584532, 0.0408487
258.957, 0.837181, -6104.7, 0.877404, -6104.88, 0.880417, -6105.14, -0.000222591, -0.000222587, -0.000222587, 0.04, 0.866115, 0.0412294, -0.584542, 0.0408526
259, 0.837187, -6104.9, 0.87741, -6105.09, 0.880423, -6105.35, -0.000222608, -0.000222615, -0.000222615, 0.04, 0.866115, 0.0412294, -0.58455, 0.040856
259, 0.837187, -6104.9, 0.877409, -6105.09, 0.880422, -6105.35, -0.000222608, -0.000222615, -0.000222615, 0.04, 0.866115, 0.0412291, -0.584546, 0.040856
259.051, 0.837194, -6105.14, 0.877417, -6105.33, 0.88043, -6105.59, -0.000222604, -0.000222601, -0.000222592, 0.04, 0.866115, 0.0412295, -0.58456, 0.0408599
259.101, 0.837201, -6105.38, 0.877424, -6105.57, 0.880437, -6105.83, -0.000222591, -0.000222587, -0.000222592, 0.04, 0.866115, 0.0412296, -0.58457, 0.0408637
259.151, 0.837208, -6105.62, 0.877431, -6105.81, 0.880445, -6106.07, -0.000222596, -0.000222596, -0.000222602, 0.04, 0.866115, 0.0412296, -0.584579, 0.0408675
259.202, 0.837215, -6105.86, 0.877439, -6106.05, 0.880452, -6106.31, -0.000222599, -0.000222595, -0.000222592, 0.04, 0.866115, 0.0412297, -0.584589, 0.0408713
259.252, 0.837221, -6106.11, 0.877446, -6106.29, 0.880459, -6106.55, -0.000222594, -0.000222596, -0.000222593, 0.04, 0.866115, 0.0412297, -0.584598, 0.0408749
259.302, 0.837228, -6106.35, 0.877453, -6106.53, 0.880466, -6106.79, -0.00022259, -0.000222605, -0.000222581, 0.04, 0.866115, 0.0412296, -0.584608, 0.0408786
259.353, 0.837235, -6106.59, 0.87746, -6106.77, 0.880473, -6107.03, -0.000222618, -0.000222618, -0.000222615, 0.04, 0.866115, 0.0412296, -0.584618, 0.0408821
259.403, 0.837242, -6106.83, 0.877467, -6107.01, 0.880481, -6107.27, -0.000222605, -0.000222592, -0.000222593, 0.04, 0.866115, 0.0412295, -0.584627, 0.0408857
259.453, 0.837249, -6107.07, 0.877474, -6107.25, 0.880488, -6107.51, -0.000222601, -0.000222597, -0.000222606, 0.04, 0.866115, 0.0412295, -0.584636, 0.0408892
259.504, 0.837254, -6107.31, 0.877479, -6107.49, 0.880493, -6107.75, -0.000222591, -0.000222579, -0.000222589, 0.04, 0.866115, 0.0412295, -0.584643, 0.0408927
259.554, 0.837257, -6107.55, 0.877483, -6107.73, 0.880497, -6107.99, -0.000222583, -0.000222594, -0.000222596, 0.04, 0.866115, 0.0412296, -0.584649, 0.0408961
259.604, 0.83726, -6107.79, 0.877487, -6107.97, 0.8805, -6108.23, -0.000222626, -0.000222623, -0.000222617, 0.04, 0.866115, 0.0412295, -0.584653, 0.0408995
259.655, 0.837264, -6108.03, 0.87749, -6108.21, 0.880504, -6108.47, -0.000222622, -0.000222614, -0.000222616, 0.04, 0.866115, 0.0412296, -0.584658, 0.0409028
259.705, 0.837267, -6108.27, 0.877494, -6108.45, 0.880507, -6108.71, -0.000222607, -0.000222595, -0.000222599, 0.04, 0.866115, 0.0412297, -0.584663, 0.0409061
259.756, 0.837271, -6108.51, 0.877497, -6108.69, 0.880511, -6108.95, -0.00022261, -0.000222595, -0.00022261, 0.04, 0.866115, 0.0412296, -0.584668, 0.0409093
259.806, 0.837274, -6108.75, 0.877501, -6108.94, 0.880515, -6109.19, -0.000222596, -0.000222591, -0.000222593, 0.04, 0.866115, 0.0412296, -0.584672, 0.0409125
259.856, 0.837277, -6108.99, 0.877505, -6109.18, 0.880518, -6109.43, -0.000222603, -0.000222596, -0.000222605, 0.04, 0.866115, 0.0412297, -0.584677, 0.0409156
259.907, 0.837281, -6109.23, 0.877508, -6109.42, 0.880522, -6109.67, -0.000222622, -0.000222618, -0.000222622, 0.04, 0.866115, 0.0412297, -0.584682, 0.0409188
259.957, 0.837284, -6109.47, 0.877512, -6109.66, 0.880525, -6109.91, -0.000222592, -0.000222613, -0.000222607, 0.04, 0.866115, 0.0412297, -0.584687, 0.0409218
260, 0.837287, -6109.68, 0.877515, -6109.86, 0.880528, -6110.12, -0.000222617, -0.000222617, -0.000222603, 0.04, 0.866115, 0.0412297, -0.584691, 0.0409244
260, 0.837287, -6109.68, 0.877514, -6109.86, 0.880528, -6110.12, -0.000222617, -0.000222617, -0.000222603, 0.04, 0.866115, 0.0412294, -0.584687, 0.0409244
260.051, 0.837291, -6109.92, 0.877518, -6110.1, 0.880532, -6110.36, -0.000222605, -0.000222601, -0.000222611, 0.04, 0.866115, 0.0412297, -0.584695, 0.0409273
260.101, 0.837294, -6110.16, 0.877522, -6110.34, 0.880536, -6110.6, -0.000222617, -0.000222611, -0.000222605, 0.04, 0.866115, 0.0412297, -0.5847, 0.0409302
260.151, 0.837297, -6110.4, 0.877526, -6110.58, 0.880539, -6110.84, -0.000222594, -0.000222607, -0.000222599, 0.04, 0.866115, 0.0412299, -0.584706, 0.0409331
260.202, 0.837301, -6110.64, 0.877529, -6110.82, 0.880543, -6111.08, -0.000222616, -0.00022261, -0.000222611, 0.04, 0.866115, 0.0412298, -0.58471, 0.0409359
260.252, 0.837304, -6110.88, 0.877533, -6111.06, 0.880546, -6111.32, -0.000222601, -0.000222614, -0.000222608, 0.04, 0.866115, 0.0412298, -0.584715, 0.0409387
260.302, 0.837308, -6111.12, 0.877536, -6111.31, 0.88055, -6111.56, -0.00022262, -0.000222615, -0.000222616, 0.04, 0.866115, 0.0412298, -0.58472, 0.0409414
260.353, 0.837311, -6111.36, 0.87754, -6111.55, 0.880554, -6111.8, -0.000222593, -0.000222595, -0.000222613, 0.04, 0.866115, 0.0412299, -0.584725, 0.0409441
260.403, 0.837314, -6111.6, 0.877543, -6111.79, 0.880557, -6112.04, -0.000222594, -0.000222601, -0.000222597, 0.04, 0.866115, 0.0412298, -0.584728, 0.0409467
260.453, 0.837315, -6111.84, 0.877544, -6112.03, 0.880558, -6112.28, -0.000222619, -0.000222609, -0.000222612, 0.04, 0.866115, 0.0412299, -0.584731, 0.0409493
260.504, 0.837315, -6112.08, 0.877544, -6112.27, 0.880558, -6112.52, -0.000222605, -0.00022261, -0.000222606, 0.04, 0.866115, 0.0412298, -0.58473, 0.0409518
260.554, 0.837315, -6112.32, 0.877544, -6112.51, 0.880558, -6112.76, -0.000222611, -0.000222618, -0.000222613, 0.04, 0.866115, 0.0412298, -0.584731, 0.0409543
260.605, 0.837315, -6112.56, 0.877544, -6112.75, 0.880558, -6113, -0.000222608, -0.000222604, -0.000222611, 0.04, 0.866115, 0.0412298, -0.584731, 0.0409567
260.655, 0.837315, -6112.8, 0.877544, -6112.99, 0.880558, -6113.25, -0.000222605, -0.00022261, -0.000222613, 0.04, 0.866115, 0.0412298, -0.58473, 0.0409591
260.705, 0.837315, -6113.04, 0.877544, -6113.23, 0.880558, -6113.49, -0.000222622, -0.000222615, -0.000222619, 0.04, 0.866115, 0.0412298, -0.58473, 0.0409614
260.756, 0.837315, -6113.28, 0.877544, -6113.47, 0.880558, -6113.73, -0.000222618, -0.000222616, -0.00022262, 0.04, 0.866115, 0.0412297, -0.58473, 0.0409637
260.806, 0.837315, -6113.52, 0.877544, -6113.71, 0.880558, -6113.97, -0.000222608, -0.000222608, -0.000222603, 0.04, 0.866115, 0.0412298, -0.584731, 0.040966
260.856, 0.837315, -6113.76, 0.877544, -6113.95, 0.880558, -6114.21, -0.00022261, -0.000222612, -0.000222605, 0.04, 0.866115, 0.0412298, -0.58473, 0.0409681
260.907, 0.837315, -6114, 0.877544, -6114.19, 0.880558, -6114.45, -0.000222604, -0.000222604, -0.000222613, 0.04, 0.866115, 0.0412298, -0.58473, 0.0409703
260.957, 0.837315, -6114.22, 0.877544, -6114.41, 0.880558, -6114.67, -0.000202378, -0.000202383, -0.000202386, 0.04, 0.866115, 0.0412297, -0.58473, 0.0409724
261, 0.837315, -6114.41, 0.877544, -6114.6, 0.880558, -6114.85, -0.000202379, -0.000202376, -0.000202375, 0.04, 0.866115, 0.0412298, -0.58473, 0.0409742
261, 0.837315, -6114.41, 0.877544, -6114.6, 0.880557, -6114.85, -0.000202379, -0.000202376, -0.000202375, 0.04, 0.866115, 0.0412293, -0.584726, 0.0409742
261.051, 0.837315, -6114.63, 0.877544, -6114.82, 0.880558, -6115.07, -0.000202371, -0.000202378, -0.000202377, 0.04, 0.866115, 0.0412297, -0.58473, 0.0409761
261.101, 0.837315, -6114.85, 0.877544, -6115.03, 0.880558, -6115.29, -0.00020238, -0.000202376, -0.000202378, 0.04, 0.866115, 0.0412298, -0.584731, 0.0409781
261.151, 0.837315, -6115.07, 0.877544, -6115.25, 0.880558, -6115.51, -0.000202373, -0.00020238, -0.00020238, 0.04, 0.866115, 0.0412297, -0.58473, 0.04098
261.202, 0.837315, -6115.29, 0.877544, -6115.47, 0.880558, -6115.73, -0.000202374, -0.000202372, -0.000202371, 0.04, 0.866115, 0.0412298, -0.584731, 0.0409819
261.252, 0.837315, -6115.5, 0.877544, -6115.69, 0.880558, -6115.95, -0.000202378, -0.000202377, -0.000202378, 0.04, 0.866115, 0.0412298, -0.58473, 0.0409837
261.302, 0.837315, -6115.72, 0.877544, -6115.91, 0.880558, -6116.16, -0.00020237, -0.000202372, -0.000202366, 0.04, 0.866115, 0.0412298, -0.58473, 0.0409855
261.353, 0.837315, -6115.94, 0.877544, -6116.13, 0.880558, -6116.38, -0.000202373, -0.000202376, -0.000202377, 0.04, 0.866115, 0.0412298, -0.584731, 0.0409872
261.403, 0.837315, -6116.16, 0.877544, -6116.35, 0.880558, -6116.6, -0.000202377, -0.000202375, -0.000202376, 0.04, 0.866115, 0.0412298, -0.58473, 0.0409889
261.453, 0.837315, -6116.38, 0.877544, -6116.56, 0.880558, -6116.82, -0.000202374, -0.000202375, -0.000202376, 0.04, 0.866115, 0.0412297, -0.58473, 0.0409905
261.504, 0.837315, -6116.6, 0.877544, -6116.78, 0.880558, -6117.04, -0.000202375, -0.000202377, -0.000202377, 0.04, 0.866115, 0.0412298, -0.584731, 0.0409921
261.554, 0.837315, -6116.82, 0.877544, -6117, 0.880558, -6117.26, -0.000202376, -0.000202378, -0.000202378, 0.04, 0.866115, 0.0412298, -0.58473, 0.0409937
261.605, 0.837315, -6117.03, 0.877544, -6117.22, 0.880558, -6117.48, -0.000202376, -0.000202376, -0.000202376, 0.04, 0.866115, 0.0412298, -0.58473, 0.0409952
261.655, 0.837315, -6117.25, 0.877544, -6117.44, 0.880558, -6117.69, -0.000202374, -0.000202371, -0.000202371, 0.04, 0.866115, 0.0412298, -0.58473, 0.0409966
261.705, 0.837315, -6117.47, 0.877543, -6117.66, 0.880557, -6117.91, -0.000202377, -0.000202381, -0.000202376, 0.04, 0.866115, 0.0412298, -0.584729, 0.040998
261.756, 0.837312, -6117.69, 0.877541, -6117.88, 0.880554, -6118.13, -0.000202381, -0.000202381, -0.000202383, 0.04, 0.866115, 0.0412298, -0.584726, 0.0409994
261.806, 0.837309, -6117.91, 0.877537, -6118.09, 0.880551, -6118.35, -0.000202386, -0.000202387, -0.000202388, 0.04, 0.866115, 0.0412298, -0.584721, 0.0410007
261.856, 0.837305, -6118.13, 0.877534, -6118.31, 0.880548, -6118.57, -0.000202382, -0.000202384, -0.000202385, 0.04, 0.866115, 0.0412298, -0.584716, 0.041002
261.907, 0.837302, -6118.35, 0.877531, -6118.53, 0.880544, -6118.79, -0.000202379, -0.000202381, -0.00020238, 0.04, 0.866115, 0.0412297, -0.584712, 0.0410032
261.957, 0.837299, -6118.56, 0.877527, -6118.75, 0.880541, -6119.01, -0.000202384, -0.000202384, -0.000202385, 0.04, 0.866115, 0.0412297, -0.584707, 0.0410044
262, 0.837296, -6118.75, 0.877524, -6118.94, 0.880538, -6119.19, -0.000202384, -0.000202385, -0.000202385, 0.04, 0.866115, 0.0412297, -0.584703, 0.0410054
262, 0.837296, -6118.75, 0.877523, -6118.94, 0.880537, -6119.19, -0.000202384, -0.000202385, -0.000202385, 0.04, 0.866115, 0.0412294, -0.5847, 0.0410054
262.051, 0.837293, -6118.97, 0.877521, -6119.16, 0.880534, -6119.41, -0.000202385, -0.000202387, -0.000202386, 0.04, 0.866115, 0.0412297, -0.584698, 0.0410065
262.101, 0.83729, -6119.19, 0.877517, -6119.37, 0.880531, -6119.63, -0.000202384, -0.000202386, -0.000202386, 0.04, 0.866115, 0.0412297, -0.584694, 0.0410076
262.151, 0.837286, -6119.41, 0.877514, -6119.59, 0.880528, -6119.85, -0.000202384, -0.000202385, -0.000202385, 0.04, 0.866115, 0.0412297, -0.584689, 0.0410086
262.202, 0.837283, -6119.63, 0.87751, -6119.81, 0.880524, -6120.07, -0.000202383, -0.000202385, -0.000202385, 0.04, 0.866115, 0.0412297, -0.584685, 0.0410096
262.252, 0.83728, -6119.85, 0.877507, -6120.03, 0.880521, -6120.29, -0.000202382, -0.000202383, -0.000202383, 0.04, 0.866115, 0.0412297, -0.58468, 0.0410106
262.302, 0.837277, -6120.06, 0.877504, -6120.25, 0.880517, -6120.51, -0.000202383, -0.000202385, -0.000202385, 0.04, 0.866115, 0.0412297, -0.584675, 0.0410115
262.353, 0.837273, -6120.28, 0.8775, -6120.47, 0.880514, -6120.72, -0.000202383, -0.000202385, -0.000202385, 0.04, 0.866115, 0.0412297, -0.584671, 0.0410123
262.403, 0.83727, -6120.5, 0.877496, -6120.69, 0.88051, -6120.94, -0.000202384, -0.000202386, -0.000202386, 0.04, 0.866115, 0.0412297, -0.584666, 0.0410132
262.454, 0.837266, -6120.72, 0.877493, -6120.9, 0.880506, -6121.16, -0.000202383, -0.000202384, -0.000202385, 0.04, 0.866115, 0.0412296, -0.584661, 0.041014
262.504, 0.837263, -6120.94, 0.877489, -6121.12, 0.880503, -6121.38, -0.000202383, -0.000202384, -0.000202385, 0.04, 0.866115, 0.0412296, -0.584656, 0.0410147
262.554, 0.83726, -6121.16, 0.877486, -6121.34, 0.880499, -6121.6, -0.000202383, -0.000202384, -0.000202384, 0.04, 0.866115, 0.0412296, -0.584652, 0.0410154
262.605, 0.837256, -6121.38, 0.877482, -6121.56, 0.880496, -6121.82, -0.000202383, -0.000202386, -0.000202384, 0.04, 0.866115, 0.0412296, -0.584647, 0.041016
262.655, 0.837253, -6121.59, 0.877479, -6121.78, 0.880492, -6122.04, -0.000202383, -0.000202384, -0.000202384, 0.04, 0.866115, 0.0412296, -0.584642, 0.0410167
262.705, 0.837249, -6121.81, 0.877475, -6122, 0.880488, -6122.25, -0.000202383, -0.000202385, -0.000202385, 0.04, 0.866115, 0.0412296, -0.584638, 0.0410173
262.756, 0.837246, -6122.03, 0.877471, -6122.22, 0.880485, -6122.47, -0.000202384, -0.000202383, -0.000202384, 0.04, 0.866115, 0.0412296, -0.584632, 0.0410179
262.806, 0.837242, -6122.25, 0.877468, -6122.43, 0.880481, -6122.69, -0.000202385, -0.000202385, -0.000202386, 0.04, 0.866115, 0.0412296, -0.584627, 0.0410184
262.856, 0.837239, -6122.47, 0.877464, -6122.65, 0.880478, -6122.91, -0.000202384, -0.000202388, -0.000202386, 0.04, 0.866115, 0.0412296, -0.584622, 0.0410188
262.907, 0.837236, -6122.69, 0.877461, -6122.87, 0.880474, -6123.13, -0.000202384, -0.000202385, -0.000202388, 0.04, 0.866115, 0.0412295, -0.584618, 0.0410193
262.957, 0.837232, -6122.91, 0.877457, -6123.09, 0.88047, -6123.35, -0.000202385, -0.000202386, -0.000202386, 0.04, 0.866115, 0.0412295, -0.584614, 0.0410198
263, 0.837229, -6123.09, 0.877454, -6123.28, 0.880467, -6123.54, -0.000202382, -0.000202383, -0.000202381, 0.04, 0.866115, 0.0412295, -0.584609, 0.0410201
263, 0.837229, -6123.09, 0.877453, -6123.28, 0.880467, -6123.54, -0.000202382, -0.000202383, -0.000202381, 0.04, 0.866115, 0.0412292, -0.584606, 0.0410201
263.051, 0.837226, -6123.31, 0.87745, -6123.5, 0.880464, -6123.75, -0.00020238, -0.000202381, -0.000202385, 0.04, 0.866115, 0.0412295, -0.584604, 0.0410204
263.101, 0.837222, -6123.53, 0.877447, -6123.72, 0.88046, -6123.97, -0.00020239, -0.000202387, -0.000202387, 0.04, 0.866115, 0.0412295, -0.584599, 0.0410207
263.151, 0.837219, -6123.75, 0.877443, -6123.93, 0.880457, -6124.19, -0.000202381, -0.000202379, -0.000202384, 0.04, 0.866115, 0.0412295, -0.584595, 0.041021
263.202, 0.837216, -6123.97, 0.87744, -6124.15, 0.880453, -6124.41, -0.000202385, -0.000202384, -0.000202384, 0.04, 0.866115, 0.0412295, -0.58459, 0.0410213
263.252, 0.837212, -6124.19, 0.877436, -6124.37, 0.880449, -6124.63, -0.000202382, -0.000202379, -0.000202382, 0.04, 0.866115, 0.0412295, -0.584585, 0.0410215
263.302, 0.837209, -6124.4, 0.877432, -6124.59, 0.880446, -6124.85, -0.000202379, -0.000202388, -0.000202385, 0.04, 0.866115, 0.0412295, -0.58458, 0.0410216
263.353, 0.837205, -6124.62, 0.877429, -6124.81, 0.880442, -6125.06, -0.000202379, -0.000202378, -0.000202385, 0.04, 0.866115, 0.0412294, -0.584575, 0.0410218
263.403, 0.837202, -6124.84, 0.877425, -6125.03, 0.880438, -6125.28, -0.00020238, -0.000202384, -0.000202385, 0.04, 0.866115, 0.0412295, -0.58457, 0.041022
263.454, 0.837198, -6125.06, 0.877422, -6125.25, 0.880435, -6125.5, -0.00020238, -0.000202392, -0.000202387, 0.04, 0.866115, 0.0412294, -0.584566, 0.041022
263.504, 0.837195, -6125.28, 0.877418, -6125.46, 0.880431, -6125.72, -0.000202376, -0.000202379, -0.00020238, 0.04, 0.866115, 0.0412294, -0.584561, 0.041022
263.554, 0.837192, -6125.5, 0.877414, -6125.68, 0.880428, -6125.94, -0.000202384, -0.000202381, -0.000202379, 0.04, 0.866115, 0.0412294, -0.584557, 0.041022
263.605, 0.837188, -6125.72, 0.877411, -6125.9, 0.880424, -6126.16, -0.000202378, -0.000202388, -0.000202377, 0.04, 0.866115, 0.0412294, -0.584551, 0.041022
263.655, 0.837185, -6125.93, 0.877407, -6126.12, 0.88042, -6126.38, -0.000202389, -0.00020239, -0.000202389, 0.04, 0.866115, 0.0412294, -0.584547, 0.041022
263.705, 0.837181, -6126.15, 0.877404, -6126.34, 0.880417, -6126.59, -0.000202383, -0.000202381, -0.000202387, 0.04, 0.866115, 0.0412295, -0.584541, 0.041022
263.756, 0.837178, -6126.37, 0.8774, -6126.56, 0.880413, -6126.81, -0.00020238, -0.000202382, -0.000202381, 0.04, 0.866115, 0.0412294, -0.584536, 0.0410219
263.806, 0.837175, -6126.59, 0.877397, -6126.78, 0.88041, -6127.03, -0.000202384, -0.00020238, -0.000202385, 0.04, 0.866115, 0.0412294, -0.584532, 0.0410219
263.856, 0.837171, -6126.81, 0.877393, -6126.99, 0.880406, -6127.25, -0.000202378, -0.000202385, -0.000202385, 0.04, 0.866115, 0.0412293, -0.584528, 0.0410217
263.907, 0.837168, -6127.03, 0.877389, -6127.21, 0.880403, -6127.47, -0.000202387, -0.000202388, -0.000202388, 0.04, 0.866115, 0.0412293, -0.584523, 0.0410215
263.957, 0.837164, -6127.25, 0.877386, -6127.43, 0.880399, -6127.69, -0.000202378, -0.000202377, -0.000202374, 0.04, 0.866115, 0.0412294, -0.584517, 0.0410213
264, 0.837161, -6127.43, 0.877383, -6127.62, 0.880396, -6127.88, -0.000202385, -0.000202391, -0.000202384, 0.04, 0.866115, 0.0412293, -0.584513, 0.0410211
264, 0.837161, -6127.43, 0.877382, -6127.62, 0.880395, -6127.88, -0.000202385, -0.000202391, -0.000202384, 0.04, 0.866115, 0.041229, -0.58451, 0.0410211
264.051, 0.837158, -6127.65, 0.877379, -6127.84, 0.880392, -6128.09, -0.000202387, -0.000202394, -0.000202384, 0.04, 0.866115, 0.0412294, -0.584508, 0.0410208
264.101, 0.837154, -6127.87, 0.877376, -6128.06, 0.880389, -6128.31, -0.000202373, -0.000202372, -0.000202361, 0.04, 0.866115, 0.0412292, -0.584504, 0.0410205
264.151, 0.837151, -6128.09, 0.877372, -6128.27, 0.880385, -6128.53, -0.000202387, -0.000202385, -0.000202388, 0.04, 0.866115, 0.0412293, -0.584499, 0.0410202
264.202, 0.837148, -6128.31, 0.877369, -6128.49, 0.880382, -6128.75, -0.00020237, -0.000202366, -0.000202356, 0.04, 0.866115, 0.0412293, -0.584494, 0.04102
264.252, 0.837144, -6128.53, 0.877365, -6128.71, 0.880378, -6128.97, -0.000202382, -0.000202391, -0.00020238, 0.04, 0.866115, 0.0412294, -0.584489, 0.0410197
264.303, 0.837141, -6128.75, 0.877361, -6128.93, 0.880374, -6129.19, -0.000202383, -0.000202396, -0.000202385, 0.04, 0.866115, 0.0412293, -0.584484, 0.0410193
264.353, 0.837137, -6128.96, 0.877358, -6129.15, 0.880371, -6129.41, -0.000202386, -0.000202381, -0.00020239, 0.04, 0.866115, 0.0412293, -0.58448, 0.0410189
264.403, 0.837134, -6129.17, 0.877354, -6129.36, 0.880367, -6129.61, -0.000182175, -0.000182182, -0.000182175, 0.04, 0.866115, 0.0412293, -0.584474, 0.0410186
264.454, 0.83713, -6129.37, 0.87735, -6129.55, 0.880363, -6129.81, -0.000182157, -0.000182156, -0.000182162, 0.04, 0.866115, 0.0412292, -0.58447, 0.0410181
264.504, 0.837127, -6129.57, 0.877347, -6129.75, 0.88036, -6130.01, -0.000182148, -0.000182141, -0.000182156, 0.04, 0.866115, 0.0412291, -0.584465, 0.0410177
264.554, 0.837124, -6129.76, 0.877343, -6129.95, 0.880356, -6130.2, -0.000182159, -0.000182159, -0.000182156, 0.04, 0.866115, 0.0412292, -0.58446, 0.0410172
264.605, 0.83712, -6129.96, 0.87734, -6130.14, 0.880352, -6130.4, -0.000182134, -0.000182133, -0.000182131, 0.04, 0.866115, 0.0412292, -0.584455, 0.0410166
264.655, 0.837117, -6130.16, 0.877336, -6130.34, 0.880349, -6130.6, -0.000182144, -0.000182146, -0.000182143, 0.04, 0.866115, 0.0412292, -0.584451, 0.0410161
264.705, 0.837113, -6130.35, 0.877333, -6130.54, 0.880345, -6130.79, -0.000182143, -0.000182147, -0.000182148, 0.04, 0.866115, 0.0412292, -0.584445, 0.0410155
264.756, 0.83711, -6130.55, 0.877329, -6130.73, 0.880342, -6130.99, -0.000182152, -0.000182148, -0.000182161, 0.04, 0.866115, 0.0412291, -0.584441, 0.041015
264.806, 0.837107, -6130.75, 0.877325, -6130.93, 0.880338, -6131.19, -0.00018215, -0.000182149, -0.000182156, 0.04, 0.866115, 0.0412292, -0.584436, 0.0410144
264.856, 0.837103, -6130.94, 0.877322, -6131.13, 0.880334, -6131.38, -0.000182144, -0.000182141, -0.000182138, 0.04, 0.866115, 0.0412293, -0.584431, 0.0410138
264.907, 0.8371, -6131.14, 0.877318, -6131.33, 0.880331, -6131.58, -0.000182138, -0.000182144, -0.000182134, 0.04, 0.866115, 0.0412291, -0.584426, 0.0410132
264.957, 0.837096, -6131.34, 0.877315, -6131.52, 0.880327, -6131.78, -0.00018214, -0.00018215, -0.00018215, 0.04, 0.866115, 0.0412292, -0.584422, 0.0410125
265, 0.837093, -6131.51, 0.877311, -6131.69, 0.880324, -6131.95, -0.000182125, -0.000182131, -0.000182128, 0.04, 0.866115, 0.0412289, -0.584418, 0.041012
265, 0.837093, -6131.51, 0.877311, -6131.69, 0.880324, -6131.95, -0.000182125, -0.000182131, -0.000182128, 0.04, 0.866115, 0.0412288, -0.584414, 0.041012
265.051, 0.837088, -6131.7, 0.877306, -6131.89, 0.880318, -6132.14, -0.000182151, -0.000182151, -0.00018214, 0.04, 0.866115, 0.0412292, -0.584409, 0.0410113
265.101, 0.837081, -6131.9, 0.877299, -6132.08, 0.880311, -6132.34, -0.000182148, -0.00018214, -0.000182148, 0.04, 0.866115, 0.041229, -0.584401, 0.0410107
265.151, 0.837075, -6132.1, 0.877292, -6132.28, 0.880304, -6132.54, -0.000182137, -0.00018214, -0.000182143, 0.04, 0.866115, 0.041229, -0.584391, 0.04101
265.202, 0.837068, -6132.29, 0.877285, -6132.48, 0.880298, -6132.73, -0.000182146, -0.000182146, -0.000182155, 0.04, 0.866115, 0.0412291, -0.584382, 0.0410094
265.252, 0.837062, -6132.49, 0.877278, -6132.67, 0.880291, -6132.93, -0.000182153, -0.000182158, -0.000182152, 0.04, 0.866115, 0.041229, -0.584373, 0.0410087
265.303, 0.837055, -6132.69, 0.877271, -6132.87, 0.880284, -6133.13, -0.000182139, -0.00018213, -0.000182142, 0.04, 0.866115, 0.0412289, -0.584364, 0.0410079
265.353, 0.837049, -6132.88, 0.877265, -6133.07, 0.880278, -6133.32, -0.000182171, -0.000182161, -0.000182171, 0.04, 0.866115, 0.0412291, -0.584355, 0.0410072
265.403, 0.837045, -6133.08, 0.877261, -6133.26, 0.880273, -6133.52, -0.000182166, -0.000182165, -0.000182163, 0.04, 0.866115, 0.0412289, -0.58435, 0.0410064
265.454, 0.837042, -6133.28, 0.877257, -6133.46, 0.88027, -6133.72, -0.000182141, -0.000182145, -0.000182144, 0.04, 0.866115, 0.0412291, -0.584345, 0.0410057
265.504, 0.837038, -6133.47, 0.877254, -6133.66, 0.880266, -6133.92, -0.000182162, -0.000182157, -0.000182154, 0.04, 0.866115, 0.041229, -0.58434, 0.0410049
265.554, 0.837035, -6133.67, 0.87725, -6133.85, 0.880263, -6134.11, -0.000182132, -0.000182134, -0.000182129, 0.04, 0.866115, 0.0412291, -0.584335, 0.0410042
265.605, 0.837032, -6133.87, 0.877247, -6134.05, 0.880259, -6134.31, -0.000182147, -0.000182153, -0.000182145, 0.04, 0.866115, 0.0412289, -0.584331, 0.0410035
265.655, 0.837028, -6134.06, 0.877243, -6134.25, 0.880255, -6134.5, -0.000182154, -0.00018216, -0.000182155, 0.04, 0.866115, 0.0412289, -0.584325, 0.0410027
265.705, 0.837025, -6134.26, 0.877239, -6134.44, 0.880252, -6134.7, -0.000182143, -0.000182143, -0.000182146, 0.04, 0.866115, 0.0412288, -0.584321, 0.0410018
265.756, 0.837021, -6134.46, 0.877236, -6134.64, 0.880248, -6134.9, -0.000182128, -0.000182135, -0.00018214, 0.04, 0.866115, 0.0412287, -0.584317, 0.041001
265.806, 0.837018, -6134.65, 0.877232, -6134.84, 0.880245, -6135.1, -0.000182148, -0.00018215, -0.000182152, 0.04, 0.866115, 0.0412289, -0.584311, 0.0410002
265.856, 0.837014, -6134.85, 0.877229, -6135.04, 0.880241, -6135.29, -0.00018216, -0.000182142, -0.000182156, 0.04, 0.866115, 0.0412291, -0.584306, 0.0409993
265.907, 0.837011, -6135.05, 0.877225, -6135.23, 0.880237, -6135.49, -0.000182146, -0.000182132, -0.000182151, 0.04, 0.866115, 0.0412288, -0.584301, 0.0409985
265.957, 0.837008, -6135.24, 0.877221, -6135.43, 0.880234, -6135.69, -0.000182154, -0.00018217, -0.000182159, 0.04, 0.866115, 0.0412287, -0.584297, 0.0409976
266, 0.837005, -6135.41, 0.877218, -6135.6, 0.880231, -6135.85, -0.000182151, -0.000182128, -0.000182136, 0.04, 0.866115, 0.0412288, -0.584293, 0.0409969
266, 0.837004, -6135.41, 0.877218, -6135.6, 0.88023, -6135.85, -0.000182151, -0.000182128, -0.000182136, 0.04, 0.866115, 0.0412285, -0.584289, 0.0409969
266.051, 0.837001, -6135.61, 0.877215, -6135.79, 0.880227, -6136.05, -0.000182138, -0.000182137, -0.000182145, 0.04, 0.866115, 0.0412288, -0.584288, 0.0409961
266.101, 0.836998, -6135.81, 0.877211, -6135.99, 0.880223, -6136.25, -0.00018217, -0.000182164, -0.000182176, 0.04, 0.866115, 0.0412287, -0.584283, 0.0409953
266.152, 0.836994, -6136, 0.877208, -6136.19, 0.88022, -6136.44, -0.000182178, -0.000182161, -0.000182167, 0.04, 0.866115, 0.0412288, -0.584278, 0.0409944
266.202, 0.836991, -6136.2, 0.877204, -6136.38, 0.880216, -6136.64, -0.000182131, -0.000182137, -0.000182143, 0.04, 0.866115, 0.0412288, -0.584273, 0.0409935
266.252, 0.836987, -6136.4, 0.8772, -6136.58, 0.880213, -6136.84, -0.000182181, -0.000182169, -0.000182153, 0.04, 0.866115, 0.0412289, -0.584268, 0.0409925
266.303, 0.836984, -6136.59, 0.877197, -6136.78, 0.880209, -6137.03, -0.000182148, -0.000182141, -0.000182139, 0.04, 0.866115, 0.0412286, -0.584264, 0.0409916
266.353, 0.836981, -6136.79, 0.877193, -6136.97, 0.880205, -6137.23, -0.000182137, -0.000182138, -0.000182149, 0.04, 0.866115, 0.0412288, -0.584259, 0.0409907
266.403, 0.836977, -6136.99, 0.87719, -6137.17, 0.880202, -6137.43, -0.000182135, -0.000182144, -0.00018213, 0.04, 0.866115, 0.0412286, -0.584254, 0.0409897
266.454, 0.836974, -6137.18, 0.877186, -6137.37, 0.880198, -6137.62, -0.000182158, -0.000182157, -0.000182145, 0.04, 0.866115, 0.0412287, -0.584249, 0.0409888
266.504, 0.83697, -6137.38, 0.877182, -6137.56, 0.880195, -6137.82, -0.00018216, -0.000182163, -0.000182147, 0.04, 0.866115, 0.0412287, -0.584245, 0.0409879
266.554, 0.836967, -6137.58, 0.877179, -6137.76, 0.880191, -6138.02, -0.000182147, -0.00018213, -0.000182151, 0.04, 0.866115, 0.0412289, -0.58424, 0.0409869
266.605, 0.836964, -6137.77, 0.877175, -6137.96, 0.880188, -6138.21, -0.000182156, -0.000182156, -0.00018216, 0.04, 0.866115, 0.0412287, -0.584235, 0.040986
266.655, 0.83696, -6137.97, 0.877172, -6138.16, 0.880184, -6138.41, -0.00018217, -0.000182184, -0.000182166, 0.04, 0.866115, 0.0412288, -0.58423, 0.0409851
266.705, 0.836957, -6138.17, 0.877168, -6138.35, 0.88018, -6138.61, -0.000182135, -0.000182132, -0.000182146, 0.04, 0.866115, 0.0412288, -0.584226, 0.0409842
266.756, 0.836953, -6138.36, 0.877165, -6138.55, 0.880177, -6138.81, -0.00018214, -0.000182126, -0.000182141, 0.04, 0.866115, 0.0412286, -0.584221, 0.0409832
266.806, 0.83695, -6138.56, 0.877161, -6138.75, 0.880173, -6139, -0.000182163, -0.000182168, -0.000182179, 0.04, 0.866115, 0.0412285, -0.584216, 0.0409822
266.856, 0.836946, -6138.76, 0.877157, -6138.94, 0.880169, -6139.2, -0.00018216, -0.000182163, -0.000182149, 0.04, 0.866115, 0.0412285, -0.584211, 0.0409812
266.907, 0.836943, -6138.95, 0.877154, -6139.14, 0.880166, -6139.4, -0.000182126, -0.000182129, -0.000182138, 0.04, 0.866115, 0.0412286, -0.584206, 0.0409802
266.957, 0.83694, -6139.15, 0.87715, -6139.33, 0.880162, -6139.59, -0.000182152, -0.000182167, -0.000182152, 0.04, 0.866115, 0.0412287, -0.584201, 0.0409792
267, 0.836937, -6139.32, 0.877147, -6139.5, 0.880159, -6139.76, -0.000182163, -0.000182176, -0.00018215, 0.04, 0.866115, 0.0412288, -0.584197, 0.0409784
267, 0.836936, -6139.32, 0.877147, -6139.5, 0.880159, -6139.76, -0.000182163, -0.000182176, -0.00018215, 0.04, 0.866115, 0.0412285, -0.584194, 0.0409784
267.051, 0.836933, -6139.52, 0.877144, -6139.7, 0.880156, -6139.96, -0.00018211, -0.000182132, -0.000182122, 0.04, 0.866115, 0.0412288, -0.584192, 0.0409775
267.101, 0.83693, -6139.71, 0.87714, -6139.9, 0.880152, -6140.15, -0.000182178, -0.000182156, -0.000182161, 0.04, 0.866115, 0.0412286, -0.584188, 0.0409766
267.152, 0.836927, -6139.91, 0.877136, -6140.09, 0.880148, -6140.35, -0.000182159, -0.000182176, -0.000182186, 0.04, 0.866115, 0.0412284, -0.584183, 0.0409756
267.202, 0.836923, -6140.11, 0.877133, -6140.29, 0.880145, -6140.55, -0.000182116, -0.000182122, -0.000182114, 0.04, 0.866115, 0.0412284, -0.584178, 0.0409747
267.252, 0.83692, -6140.3, 0.877129, -6140.49, 0.880141, -6140.74, -0.000182137, -0.000182155, -0.000182133, 0.04, 0.866115, 0.0412286, -0.584173, 0.0409738
267.303, 0.836916, -6140.5, 0.877126, -6140.68, 0.880138, -6140.94, -0.00018217, -0.000182133, -0.00018214, 0.04, 0.866115, 0.0412286, -0.584168, 0.0409728
267.353, 0.836913, -6140.7, 0.877122, -6140.88, 0.880134, -6141.14, -0.000182207, -0.000182196, -0.000182197, 0.04, 0.866115, 0.0412286, -0.584163, 0.0409719
267.403, 0.836909, -6140.89, 0.877119, -6141.08, 0.88013, -6141.33, -0.000182173, -0.000182145, -0.000182141, 0.04, 0.866115, 0.0412285, -0.584159, 0.040971
267.454, 0.836906, -6141.09, 0.877115, -6141.27, 0.880127, -6141.53, -0.000182138, -0.000182146, -0.000182143, 0.04, 0.866115, 0.0412286, -0.584154, 0.0409701
267.504, 0.836903, -6141.29, 0.877111, -6141.47, 0.880123, -6141.73, -0.000182145, -0.000182132, -0.000182142, 0.04, 0.866115, 0.0412285, -0.584149, 0.0409691
267.554, 0.836899, -6141.48, 0.877108, -6141.67, 0.88012, -6141.92, -0.000182148, -0.000182174, -0.000182163, 0.04, 0.866115, 0.0412284, -0.584145, 0.0409682
267.605, 0.836896, -6141.68, 0.877104, -6141.86, 0.880116, -6142.12, -0.000182119, -0.000182152, -0.000182139, 0.04, 0.866115, 0.0412286, -0.584139, 0.0409673
267.655, 0.836892, -6141.88, 0.877101, -6142.06, 0.880112, -6142.32, -0.00018212, -0.00018213, -0.000182148, 0.04, 0.866115, 0.0412285, -0.584135, 0.0409663
267.705, 0.836889, -6142.07, 0.877097, -6142.26, 0.880109, -6142.51, -0.000182139, -0.00018213, -0.000182134, 0.04, 0.866115, 0.0412285, -0.58413, 0.0409654
267.756, 0.836886, -6142.27, 0.877093, -6142.46, 0.880105, -6142.71, -0.000182161, -0.000182133, -0.000182161, 0.04, 0.866115, 0.0412284, -0.584125, 0.0409645
267.806, 0.836882, -6142.47, 0.87709, -6142.65, 0.880102, -6142.91, -0.000182123, -0.000182149, -0.000182139, 0.04, 0.866115, 0.0412285, -0.58412, 0.0409635
267.857, 0.836879, -6142.66, 0.877086, -6142.85, 0.880098, -6143.1, -0.000182123, -0.000182157, -0.000182154, 0.04, 0.866115, 0.0412285, -0.584116, 0.0409626
267.907, 0.836875, -6142.86, 0.877083, -6143.04, 0.880094, -6143.3, -0.000182167, -0.00018215, -0.000182163, 0.04, 0.866115, 0.0412285, -0.58411, 0.0409617
267.957, 0.836872, -6143.06, 0.877079, -6143.24, 0.880091, -6143.5, -0.000182126, -0.000182134, -0.000182127, 0.04, 0.866115, 0.0412284, -0.584106, 0.0409608
268.001, 0.836869, -6143.23, 0.877076, -6143.41, 0.880088, -6143.67, -0.000182151, -0.000182168, -0.000182154, 0.04, 0.866115, 0.0412285, -0.584102, 0.0409601
268.001, 0.836869, -6143.23, 0.877075, -6143.41, 0.880087, -6143.67, -0.000182151, -0.000182168, -0.000182154, 0.04, 0.866115, 0.041228, -0.584099, 0.0409601
268.051, 0.836866, -6143.42, 0.877072, -6143.61, 0.880084, -6143.86, -0.000182178, -0.000182167, -0.000182174, 0.04, 0.866115, 0.0412284, -0.584097, 0.0409592
268.101, 0.836862, -6143.62, 0.877069, -6143.8, 0.88008, -6144.06, -0.000182139, -0.000182159, -0.000182172, 0.04, 0.866115, 0.0412285, -0.584092, 0.0409582
268.152, 0.836859, -6143.82, 0.877065, -6144, 0.880077, -6144.26, -0.000182132, -0.000182133, -0.000182136, 0.04, 0.866115, 0.0412286, -0.584087, 0.0409573
268.202, 0.836855, -6144.01, 0.877062, -6144.2, 0.880073, -6144.45, -0.000182168, -0.000182171, -0.000182168, 0.04, 0.866115, 0.0412285, -0.584082, 0.0409564
268.252, 0.836852, -6144.21, 0.877058, -6144.39, 0.88007, -6144.65, -0.000182125, -0.00018217, -0.00018215, 0.04, 0.866115, 0.0412283, -0.584078, 0.0409554
268.303, 0.836848, -6144.41, 0.877055, -6144.59, 0.880066, -6144.85, -0.000182171, -0.000182141, -0.000182151, 0.04, 0.866115, 0.0412282, -0.584073, 0.0409545
268.353, 0.836845, -6144.6, 0.877051, -6144.79, 0.880063, -6145.04, -0.000182155, -0.000182149, -0.000182166, 0.04, 0.866115, 0.0412283, -0.584068, 0.0409536
268.403, 0.836842, -6144.8, 0.877047, -6144.98, 0.880059, -6145.24, -0.000182127, -0.000182153, -0.000182137, 0.04, 0.866115, 0.0412284, -0.584063, 0.0409527
268.454, 0.836838, -6145, 0.877044, -6145.18, 0.880055, -6145.44, -0.000182138, -0.000182139, -0.000182131, 0.04, 0.866115, 0.0412283, -0.584059, 0.0409517
268.504, 0.836835, -6145.19, 0.87704, -6145.38, 0.880052, -6145.63, -0.000182132, -0.000182112, -0.00018214, 0.04, 0.866115, 0.0412285, -0.584054, 0.0409508
268.554, 0.836831, -6145.39, 0.877037, -6145.57, 0.880048, -6145.83, -0.000182161, -0.00018212, -0.000182146, 0.04, 0.866115, 0.0412281, -0.584049, 0.0409499
268.605, 0.836828, -6145.59, 0.877033, -6145.77, 0.880045, -6146.03, -0.000182132, -0.000182151, -0.000182149, 0.04, 0.866115, 0.0412283, -0.584044, 0.0409489
268.655, 0.836825, -6145.78, 0.87703, -6145.97, 0.880041, -6146.23, -0.000182178, -0.000182175, -0.000182189, 0.04, 0.866115, 0.0412283, -0.584039, 0.040948
268.705, 0.836821, -6145.98, 0.877026, -6146.17, 0.880037, -6146.42, -0.000182155, -0.00018215, -0.000182165, 0.04, 0.866115, 0.0412282, -0.584034, 0.0409472
268.756, 0.836818, -6146.18, 0.877022, -6146.36, 0.880034, -6146.62, -0.000182175, -0.000182172, -0.000182167, 0.04, 0.866115, 0.0412284, -0.58403, 0.0409464
268.806, 0.836814, -6146.37, 0.877019, -6146.56, 0.88003, -6146.82, -0.000182141, -0.000182133, -0.00018214, 0.04, 0.866115, 0.0412283, -0.584025, 0.0409457
268.857, 0.836811, -6146.57, 0.877015, -6146.75, 0.880026, -6147.01, -0.000182151, -0.000182163, -0.000182159, 0.04, 0.866115, 0.0412283, -0.58402, 0.0409449
268.907, 0.836807, -6146.77, 0.877011, -6146.95, 0.880023, -6147.21, -0.00018216, -0.000182157, -0.000182159, 0.04, 0.866115, 0.0412283, -0.584015, 0.0409442
268.957, 0.836804, -6146.96, 0.877008, -6147.15, 0.880019, -6147.41, -0.000182154, -0.000182151, -0.00018216, 0.04, 0.866115, 0.0412283, -0.58401, 0.0409434
269.001, 0.836801, -6147.13, 0.877005, -6147.32, 0.880016, -6147.57, -0.000182146, -0.00018216, -0.000182155, 0.04, 0.866115, 0.0412283, -0.584006, 0.0409428
269.001, 0.836801, -6147.13, 0.877004, -6147.32, 0.880016, -6147.57, -0.000182146, -0.00018216, -0.000182155, 0.04, 0.866115, 0.0412278, -0.584003, 0.0409428
269.051, 0.836799, -6147.33, 0.877002, -6147.51, 0.880014, -6147.77, -0.000182155, -0.000182131, -0.000182144, 0.04, 0.866115, 0.0412283, -0.584003, 0.040942
269.101, 0.836798, -6147.53, 0.877002, -6147.71, 0.880013, -6147.97, -0.000182152, -0.000182163, -0.000182162, 0.04, 0.866115, 0.0412283, -0.584002, 0.0409413
269.152, 0.836798, -6147.72, 0.877001, -6147.91, 0.880013, -6148.16, -0.000182168, -0.000182178, -0.000182165, 0.04, 0.866115, 0.0412282, -0.584002, 0.0409406
269.202, 0.836798, -6147.92, 0.877002, -6148.1, 0.880013, -6148.36, -0.000182146, -0.000182145, -0.000182159, 0.04, 0.866115, 0.0412284, -0.584002, 0.0409398
269.252, 0.836798, -6148.12, 0.877001, -6148.3, 0.880013, -6148.56, -0.000182128, -0.000182119, -0.000182118, 0.04, 0.866115, 0.0412282, -0.584002, 0.0409391
269.303, 0.836798, -6148.31, 0.877002, -6148.5, 0.880013, -6148.75, -0.000182141, -0.000182139, -0.000182124, 0.04, 0.866115, 0.0412283, -0.584002, 0.0409383
269.353, 0.836798, -6148.51, 0.877002, -6148.69, 0.880013, -6148.95, -0.00018214, -0.000182129, -0.000182124, 0.04, 0.866115, 0.0412283, -0.584002, 0.0409376
269.403, 0.836798, -6148.71, 0.877002, -6148.89, 0.880013, -6149.15, -0.000182123, -0.000182129, -0.000182129, 0.04, 0.866115, 0.0412282, -0.584002, 0.0409368
269.454, 0.836798, -6148.9, 0.877001, -6149.09, 0.880013, -6149.34, -0.000182197, -0.000182169, -0.000182173, 0.04, 0.866115, 0.0412283, -0.584002, 0.0409362
269.504, 0.836798, -6149.1, 0.877002, -6149.29, 0.880013, -6149.54, -0.000182107, -0.000182095, -0.000182125, 0.04, 0.866115, 0.0412281, -0.584002, 0.0409355
269.554, 0.836798, -6149.3, 0.877001, -6149.48, 0.880013, -6149.74, -0.00018218, -0.000182133, -0.000182184, 0.04, 0.866115, 0.0412283, -0.584002, 0.0409349
269.605, 0.836798, -6149.49, 0.877002, -6149.68, 0.880013, -6149.94, -0.000182129, -0.00018214, -0.000182145, 0.04, 0.866115, 0.041228, -0.584002, 0.0409342
269.655, 0.836798, -6149.69, 0.877002, -6149.88, 0.880013, -6150.13, -0.000182126, -0.000182136, -0.000182128, 0.04, 0.866115, 0.0412281, -0.584001, 0.0409336
269.706, 0.836798, -6149.89, 0.877002, -6150.07, 0.880013, -6150.33, -0.000182158, -0.000182176, -0.000182128, 0.04, 0.866115, 0.0412282, -0.584001, 0.0409329
269.756, 0.836798, -6150.08, 0.877002, -6150.27, 0.880013, -6150.53, -0.000182116, -0.000182137, -0.000182092, 0.04, 0.866115, 0.0412282, -0.584002, 0.0409323
269.806, 0.836798, -6150.28, 0.877002, -6150.46, 0.880013, -6150.72, -0.000182136, -0.000182097, -0.000182136, 0.04, 0.866115, 0.0412281, -0.584002, 0.0409316
269.857, 0.836798, -6150.48, 0.877002, -6150.66, 0.880013, -6150.92, -0.000182115, -0.000182126, -0.000182127, 0.04, 0.866115, 0.0412283, -0.584002, 0.040931
269.907, 0.836798, -6150.67, 0.877002, -6150.86, 0.880013, -6151.12, -0.000182113, -0.000182089, -0.000182081, 0.04, 0.866115, 0.0412282, -0.584002, 0.0409303
269.957, 0.836798, -6150.87, 0.877002, -6151.06, 0.880013, -6151.31, -0.000182124, -0.000182135, -0.000182129, 0.04, 0.866115, 0.0412283, -0.584002, 0.0409297
270.001, 0.836798, -6151.04, 0.877001, -6151.22, 0.880013, -6151.48, -0.00018211, -0.000182126, -0.000182155, 0.04, 0.866115, 0.0412282, -0.584002, 0.0409291
270.001, 0.836797, -6151.04, 0.877001, -6151.22, 0.880012, -6151.48, -0.00018211, -0.000182126, -0.000182155, 0.04, 0.866115, 0.041228, -0.583998, 0.0409291
270.051, 0.836798, -6151.24, 0.877002, -6151.42, 0.880013, -6151.68, -0.000182161, -0.000182135, -0.000182148, 0.04, 0.866115, 0.0412281, -0.584002, 0.0409285
270.101, 0.836798, -6151.43, 0.877001, -6151.62, 0.880013, -6151.87, -0.000182116, -0.000182132, -0.000182127, 0.04, 0.866115, 0.0412284, -0.584002, 0.0409278
270.152, 0.836798, -6151.63, 0.877001, -6151.81, 0.880013, -6152.07, -0.000182143, -0.000182124, -0.000182119, 0.04, 0.866115, 0.041228, -0.584002, 0.0409272
270.202, 0.836798, -6151.83, 0.877001, -6152.01, 0.880013, -6152.27, -0.000182106, -0.000182085, -0.000182119, 0.04, 0.866115, 0.0412284, -0.584002, 0.0409266
270.252, 0.836798, -6152.02, 0.877001, -6152.21, 0.880013, -6152.46, -0.000182132, -0.000182134, -0.000182125, 0.04, 0.866115, 0.0412282, -0.584002, 0.0409261
270.303, 0.836798, -6152.22, 0.877001, -6152.4, 0.880013, -6152.66, -0.000182131, -0.000182138, -0.000182143, 0.04, 0.866115, 0.0412281, -0.584002, 0.0409255
270.353, 0.836798, -6152.42, 0.877001, -6152.6, 0.880013, -6152.86, -0.000182173, -0.000182156, -0.000182162, 0.04, 0.866115, 0.0412282, -0.584002, 0.040925
270.403, 0.836798, -6152.61, 0.877001, -6152.8, 0.880013, -6153.05, -0.000182163, -0.000182142, -0.000182136, 0.04, 0.866115, 0.0412282, -0.584001, 0.0409244
270.454, 0.836798, -6152.81, 0.877001, -6153, 0.880013, -6153.25, -0.000182163, -0.00018214, -0.000182129, 0.04, 0.866115, 0.0412285, -0.584002, 0.0409238
270.504, 0.836798, -6153.01, 0.877001, -6153.19, 0.880013, -6153.45, -0.000182132, -0.000182154, -0.000182188, 0.04, 0.866115, 0.0412283, -0.584002, 0.0409233
270.554, 0.836798, -6153.2, 0.877001, -6153.39, 0.880013, -6153.65, -0.000182114, -0.000182097, -0.000182126, 0.04, 0.866115, 0.0412282, -0.584002, 0.0409227
270.605, 0.836798, -6153.4, 0.877002, -6153.58, 0.880013, -6153.84, -0.000182138, -0.000182098, -0.000182127, 0.04, 0.866115, 0.0412281, -0.584002, 0.0409222
270.655, 0.836798, -6153.6, 0.877001, -6153.78, 0.880013, -6154.04, -0.000182131, -0.000182136, -0.000182132, 0.04, 0.866115, 0.0412279, -0.584002, 0.0409216
270.706, 0.836798, -6153.79, 0.877001, -6153.98, 0.880013, -6154.24, -0.00018212, -0.000182131, -0.000182135, 0.04, 0.866115, 0.0412284, -0.584002, 0.040921
270.756, 0.836798, -6153.99, 0.877002, -6154.17, 0.880013, -6154.43, -0.000182118, -0.000182103, -0.000182107, 0.04, 0.866115, 0.0412281, -0.584002, 0.0409205
270.806, 0.836798, -6154.19, 0.877001, -6154.37, 0.880013, -6154.63, -0.00018218, -0.000182146, -0.000182153, 0.04, 0.866115, 0.0412285, -0.584002, 0.0409199
270.857, 0.836798, -6154.38, 0.877001, -6154.57, 0.880013, -6154.83, -0.000182112, -0.000182131, -0.000182124, 0.04, 0.866115, 0.0412284, -0.584002, 0.0409194
270.907, 0.836798, -6154.58, 0.877001, -6154.77, 0.880013, -6155.02, -0.000182129, -0.000182137, -0.000182087, 0.04, 0.866115, 0.0412282, -0.584002, 0.0409188
270.957, 0.836798, -6154.78, 0.877001, -6154.96, 0.880013, -6155.22, -0.000182157, -0.000182162, -0.000182111, 0.04, 0.866115, 0.0412282, -0.584002, 0.0409183
271.001, 0.836798, -6154.95, 0.877001, -6155.13, 0.880013, -6155.39, -0.000182161, -0.00018214, -0.000182127, 0.04, 0.866115, 0.0412284, -0.584001, 0.0409179
271.001, 0.836797, -6154.95, 0.877001, -6155.13, 0.880012, -6155.39, -0.000182161, -0.00018214, -0.000182127, 0.0400729, 0.866115, 0.041228, -0.583999, 0.0409179
271.051, 0.836798, -6155.14, 0.877001, -6155.33, 0.880013, -6155.58, -0.000182123, -0.000182142, -0.000182122, 0.0400729, 0.866115, 0.0412282, -0.584002, 0.0409193
271.101, 0.836798, -6155.34, 0.877001, -6155.52, 0.880013, -6155.78, -0.000182128, -0.00018214, -0.000182173, 0.0400729, 0.866115, 0.0412283, -0.584001, 0.0409206
271.152, 0.836798, -6155.54, 0.877001, -6155.72, 0.880013, -6155.98, -0.000182137, -0.000182149, -0.000182142, 0.0400729, 0.866115, 0.0412278, -0.584002, 0.0409219
271.202, 0.836798, -6155.73, 0.877001, -6155.92, 0.880013, -6156.17, -0.000182144, -0.000182131, -0.000182157, 0.0400729, 0.866115, 0.0412283, -0.584002, 0.0409231
271.252, 0.836798, -6155.93, 0.877001, -6156.11, 0.880013, -6156.37, -0.000182122, -0.000182172, -0.000182135, 0.0400729, 0.866115, 0.0412282, -0.584002, 0.0409242
271.303, 0.836798, -6156.13, 0.877001, -6156.31, 0.880013, -6156.57, -0.000182173, -0.000182198, -0.000182201, 0.0400729, 0.866115, 0.0412281, -0.584002, 0.0409254
271.353, 0.836798, -6156.32, 0.877001, -6156.51, 0.880013, -6156.76, -0.000182126, -0.000182132, -0.000182126, 0.0400729, 0.866115, 0.0412281, -0.584002, 0.0409265
271.403, 0.836798, -6156.52, 0.877001, -6156.71, 0.880013, -6156.96, -0.000182107, -0.00018216, -0.000182125, 0.0400729, 0.866115, 0.0412283, -0.584001, 0.0409276
271.454, 0.836798, -6156.72, 0.877001, -6156.9, 0.880013, -6157.16, -0.00018207, -0.000182085, -0.000182124, 0.0400729, 0.866115, 0.0412282, -0.584001, 0.0409286
271.504, 0.836798, -6156.91, 0.877001, -6157.1, 0.880013, -6157.35, -0.000182071, -0.000182083, -0.000182089, 0.0400729, 0.866115, 0.0412281, -0.584002, 0.0409296
271.555, 0.836798, -6157.11, 0.877001, -6157.29, 0.880013, -6157.55, -0.000182155, -0.000182176, -0.000182167, 0.0400729, 0.866115, 0.0412284, -0.584002, 0.0409306
271.605, 0.836798, -6157.31, 0.877001, -6157.49, 0.880013, -6157.75, -0.000182157, -0.000182153, -0.000182148, 0.0400729, 0.866115, 0.0412279, -0.584002, 0.0409316
271.655, 0.836798, -6157.5, 0.877001, -6157.69, 0.880013, -6157.95, -0.000182155, -0.000182151, -0.000182177, 0.0400729, 0.866115, 0.0412281, -0.584002, 0.0409325
271.706, 0.836798, -6157.7, 0.877001, -6157.88, 0.880013, -6158.14, -0.000182128, -0.000182131, -0.000182183, 0.0400729, 0.866115, 0.0412282, -0.584002, 0.0409333
271.756, 0.836798, -6157.9, 0.877001, -6158.08, 0.880013, -6158.34, -0.000182097, -0.00018212, -0.000182069, 0.0400729, 0.866115, 0.0412285, -0.584002, 0.0409343
271.806, 0.836798, -6158.09, 0.877001, -6158.28, 0.880013, -6158.54, -0.000182172, -0.000182199, -0.000182152, 0.0400729, 0.866115, 0.0412283, -0.584002, 0.0409351
271.857, 0.836798, -6158.29, 0.877001, -6158.48, 0.880013, -6158.73, -0.000182124, -0.000182143, -0.000182182, 0.0400729, 0.866115, 0.0412281, -0.584001, 0.040936
271.907, 0.836798, -6158.49, 0.877001, -6158.67, 0.880013, -6158.93, -0.000182126, -0.000182103, -0.000182135, 0.0400729, 0.866115, 0.0412282, -0.584002, 0.0409368
271.957, 0.836798, -6158.68, 0.877001, -6158.87, 0.880013, -6159.12, -0.000182175, -0.000182171, -0.000182181, 0.0400729, 0.866115, 0.041228, -0.584001, 0.0409375
272.001, 0.836798, -6158.85, 0.877001, -6159.04, 0.880013, -6159.29, -0.000182109, -0.000182117, -0.000182063, 0.0400729, 0.866115, 0.0412283, -0.584002, 0.0409382
272.001, 0.836797, -6158.85, 0.877001, -6159.04, 0.880012, -6159.29, -0.000182109, -0.000182117, -0.000182063, 0.0401457, 0.866115, 0.0412277, -0.583998, 0.0409382
272.051, 0.836798, -6159.05, 0.877001, -6159.23, 0.880013, -6159.49, -0.000182099, -0.000182119, -0.000182128, 0.0401457, 0.866115, 0.0412281, -0.584001, 0.0409407
272.101, 0.836798, -6159.25, 0.877001, -6159.43, 0.880013, -6159.69, -0.000182134, -0.000182097, -0.000182094, 0.0401457, 0.866115, 0.041228, -0.584001, 0.0409432
272.152, 0.836798, -6159.44, 0.877001, -6159.63, 0.880013, -6159.88, -0.000182192, -0.000182161, -0.000182163, 0.0401457, 0.866115, 0.0412285, -0.584001, 0.0409456
272.202, 0.836798, -6159.64, 0.877001, -6159.82, 0.880013, -6160.08, -0.000182127, -0.000182143, -0.000182131, 0.0401457, 0.866115, 0.0412283, -0.584001, 0.0409479
272.252, 0.836798, -6159.84, 0.877001, -6160.02, 0.880013, -6160.28, -0.00018214, -0.000182148, -0.000182148, 0.0401457, 0.866115, 0.0412285, -0.584002, 0.0409502
272.303, 0.836798, -6160.03, 0.877001, -6160.22, 0.880013, -6160.47, -0.000182138, -0.000182211, -0.000182204, 0.0401457, 0.866115, 0.041228, -0.584001, 0.0409524
272.353, 0.836798, -6160.23, 0.877001, -6160.42, 0.880013, -6160.67, -0.000182123, -0.000182163, -0.000182158, 0.0401457, 0.866115, 0.0412283, -0.584002, 0.0409545
272.403, 0.836798, -6160.43, 0.877001, -6160.61, 0.880013, -6160.87, -0.000182177, -0.000182198, -0.000182183, 0.0401457, 0.866115, 0.0412284, -0.584001, 0.0409566
272.454, 0.836798, -6160.62, 0.877001, -6160.81, 0.880013, -6161.06, -0.000182197, -0.000182153, -0.000182165, 0.0401457, 0.866115, 0.0412282, -0.584002, 0.0409586
272.504, 0.836798, -6160.82, 0.877001, -6161, 0.880013, -6161.26, -0.000182118, -0.000182125, -0.000182113, 0.0401457, 0.866115, 0.0412282, -0.584002, 0.0409606
272.555, 0.836798, -6161.02, 0.877001, -6161.2, 0.880013, -6161.46, -0.00018212, -0.000182132, -0.000182159, 0.0401457, 0.866115, 0.0412282, -0.584001, 0.0409625
272.605, 0.836798, -6161.21, 0.877001, -6161.4, 0.880013, -6161.66, -0.000182183, -0.000182157, -0.000182135, 0.0401457, 0.866115, 0.041228, -0.584002, 0.0409644
272.655, 0.836799, -6161.41, 0.877002, -6161.59, 0.880014, -6161.85, -0.000182074, -0.000182056, -0.000182078, 0.0401457, 0.866115, 0.0412281, -0.584003, 0.0409662
272.706, 0.836801, -6161.61, 0.877005, -6161.79, 0.880017, -6162.05, -0.000182132, -0.000182124, -0.000182127, 0.0401457, 0.866115, 0.0412282, -0.584007, 0.0409679
272.756, 0.836805, -6161.8, 0.877009, -6161.99, 0.88002, -6162.25, -0.000182114, -0.00018211, -0.000182114, 0.0401457, 0.866115, 0.0412285, -0.584011, 0.0409697
272.806, 0.836808, -6162, 0.877012, -6162.19, 0.880023, -6162.44, -0.000182132, -0.00018215, -0.000182131, 0.0401457, 0.866115, 0.0412286, -0.584016, 0.0409714
272.857, 0.836811, -6162.2, 0.877015, -6162.38, 0.880027, -6162.64, -0.000182194, -0.000182197, -0.000182203, 0.0401457, 0.866115, 0.0412279, -0.58402, 0.040973
272.907, 0.836814, -6162.39, 0.877019, -6162.58, 0.88003, -6162.83, -0.000182161, -0.00018218, -0.000182151, 0.0401457, 0.866115, 0.0412285, -0.584025, 0.0409746
272.957, 0.836818, -6162.59, 0.877022, -6162.78, 0.880034, -6163.03, -0.000182144, -0.000182138, -0.00018215, 0.0401457, 0.866115, 0.0412284, -0.584029, 0.0409761
273.001, 0.83682, -6162.76, 0.877025, -6162.94, 0.880037, -6163.2, -0.000182127, -0.000182134, -0.00018215, 0.0401457, 0.866115, 0.0412281, -0.584034, 0.0409774
273.001, 0.83682, -6162.76, 0.877025, -6162.94, 0.880036, -6163.2, -0.000182127, -0.000182134, -0.00018215, 0.0402186, 0.866115, 0.0412277, -0.58403, 0.0409774
273.051, 0.836824, -6162.96, 0.877029, -6163.14, 0.88004, -6163.4, -0.000182163, -0.00018218, -0.000182163, 0.0402186, 0.866115, 0.0412281, -0.584038, 0.0409806
273.101, 0.836827, -6163.15, 0.877032, -6163.34, 0.880043, -6163.59, -0.000182141, -0.000182109, -0.000182127, 0.0402186, 0.866115, 0.0412285, -0.584042, 0.0409838
273.152, 0.83683, -6163.35, 0.877035, -6163.53, 0.880047, -6163.79, -0.000182165, -0.00018218, -0.000182165, 0.0402186, 0.866115, 0.0412284, -0.584047, 0.0409869
273.202, 0.836833, -6163.55, 0.877039, -6163.73, 0.88005, -6163.99, -0.000182222, -0.000182165, -0.0001822, 0.0402186, 0.866115, 0.0412281, -0.584052, 0.0409899
273.252, 0.836837, -6163.74, 0.877042, -6163.93, 0.880054, -6164.18, -0.000182071, -0.000182062, -0.000182063, 0.0402186, 0.866115, 0.0412285, -0.584056, 0.0409928
273.303, 0.83684, -6163.94, 0.877046, -6164.12, 0.880057, -6164.38, -0.000182147, -0.000182102, -0.000182078, 0.0402186, 0.866115, 0.0412281, -0.584061, 0.0409956
273.353, 0.836844, -6164.14, 0.877049, -6164.32, 0.880061, -6164.58, -0.0001821, -0.000182082, -0.000182078, 0.0402186, 0.866115, 0.0412286, -0.584066, 0.0409983
273.404, 0.836847, -6164.33, 0.877053, -6164.52, 0.880065, -6164.77, -0.000182181, -0.000182209, -0.0001822, 0.0402186, 0.866115, 0.0412284, -0.584071, 0.041001
273.454, 0.83685, -6164.53, 0.877057, -6164.71, 0.880068, -6164.97, -0.00018212, -0.000182113, -0.00018211, 0.0402186, 0.866115, 0.0412286, -0.584075, 0.0410036
273.504, 0.836854, -6164.73, 0.87706, -6164.91, 0.880072, -6165.17, -0.00018214, -0.00018211, -0.000182108, 0.0402186, 0.866115, 0.0412286, -0.58408, 0.0410061
273.555, 0.836857, -6164.92, 0.877064, -6165.11, 0.880075, -6165.36, -0.000182108, -0.00018216, -0.000182187, 0.0402186, 0.866115, 0.0412283, -0.584085, 0.0410085
273.605, 0.836861, -6165.12, 0.877067, -6165.3, 0.880079, -6165.56, -0.000182154, -0.000182131, -0.000182182, 0.0402186, 0.866115, 0.0412284, -0.58409, 0.0410109
273.655, 0.836864, -6165.32, 0.877071, -6165.5, 0.880083, -6165.76, -0.000182145, -0.000182115, -0.000182124, 0.0402186, 0.866115, 0.0412284, -0.584095, 0.0410132
273.706, 0.836868, -6165.51, 0.877075, -6165.7, 0.880086, -6165.96, -0.000182136, -0.000182109, -0.000182111, 0.0402186, 0.866115, 0.0412283, -0.5841, 0.0410154
273.756, 0.836871, -6165.71, 0.877078, -6165.9, 0.88009, -6166.15, -0.000182142, -0.000182131, -0.000182145, 0.0402186, 0.866115, 0.0412287, -0.584104, 0.0410176
273.806, 0.836874, -6165.91, 0.877082, -6166.09, 0.880093, -6166.35, -0.00018209, -0.000182118, -0.000182091, 0.0402186, 0.866115, 0.0412284, -0.584109, 0.0410198
273.857, 0.836878, -6166.1, 0.877085, -6166.29, 0.880097, -6166.54, -0.000182094, -0.000182063, -0.000182088, 0.0402186, 0.866115, 0.0412284, -0.584114, 0.0410218
273.907, 0.836881, -6166.3, 0.877089, -6166.48, 0.880101, -6166.74, -0.000182128, -0.000182079, -0.000182092, 0.0402186, 0.866115, 0.0412283, -0.584119, 0.0410238
273.957, 0.836885, -6166.5, 0.877093, -6166.68, 0.880104, -6166.94, -0.00018209, -0.000182058, -0.000182088, 0.0402186, 0.866115, 0.0412286, -0.584124, 0.0410258
274.001, 0.836887, -6166.67, 0.877095, -6166.85, 0.880107, -6167.11, -0.000182137, -0.000182159, -0.000182099, 0.0402186, 0.866115, 0.0412285, -0.584128, 0.0410274
274.001, 0.836887, -6166.67, 0.877095, -6166.85, 0.880107, -6167.11, -0.000182137, -0.000182159, -0.000182099, 0.0402914, 0.866115, 0.041228, -0.584125, 0.0410274
274.051, 0.836891, -6166.86, 0.877099, -6167.05, 0.880111, -6167.3, -0.000182145, -0.000182156, -0.000182131, 0.0402914, 0.866115, 0.0412286, -0.584132, 0.041031
274.101, 0.836894, -6167.06, 0.877103, -6167.24, 0.880114, -6167.5, -0.000182114, -0.000182142, -0.000182126, 0.0402914, 0.866115, 0.0412288, -0.584138, 0.0410344
274.152, 0.836898, -6167.26, 0.877106, -6167.44, 0.880118, -6167.7, -0.000182092, -0.000182056, -0.000182082, 0.0402914, 0.866115, 0.0412284, -0.584142, 0.0410379
274.202, 0.836901, -6167.45, 0.87711, -6167.64, 0.880122, -6167.89, -0.000182175, -0.000182151, -0.000182181, 0.0402914, 0.866115, 0.0412287, -0.584147, 0.0410412
274.252, 0.836905, -6167.65, 0.877114, -6167.83, 0.880125, -6168.09, -0.000182116, -0.00018215, -0.000182111, 0.0402914, 0.866115, 0.0412283, -0.584152, 0.0410443
274.303, 0.836908, -6167.85, 0.877117, -6168.03, 0.880129, -6168.29, -0.000182141, -0.000182131, -0.000182109, 0.0402914, 0.866115, 0.0412287, -0.584157, 0.0410474
274.353, 0.836911, -6168.04, 0.877121, -6168.23, 0.880133, -6168.48, -0.000182143, -0.000182098, -0.000182083, 0.0402914, 0.866115, 0.0412286, -0.584161, 0.0410504
274.404, 0.836915, -6168.24, 0.877124, -6168.42, 0.880136, -6168.68, -0.000182099, -0.000182153, -0.00018212, 0.0402914, 0.866115, 0.0412288, -0.584167, 0.0410534
274.454, 0.836918, -6168.44, 0.877128, -6168.62, 0.88014, -6168.88, -0.00018211, -0.00018212, -0.000182123, 0.0402914, 0.866115, 0.0412284, -0.584171, 0.0410562
274.504, 0.836922, -6168.63, 0.877131, -6168.82, 0.880143, -6169.07, -0.000182114, -0.000182057, -0.000182126, 0.0402914, 0.866115, 0.0412286, -0.584176, 0.0410589
274.555, 0.836925, -6168.82, 0.877135, -6169.01, 0.880147, -6169.26, -0.000162128, -0.000162115, -0.000162126, 0.0402914, 0.866115, 0.0412284, -0.584181, 0.0410615
274.605, 0.836929, -6169, 0.877139, -6169.18, 0.88015, -6169.44, -0.000161879, -0.000161882, -0.000161891, 0.0402914, 0.866115, 0.0412286, -0.584185, 0.0410641
274.655, 0.836932, -6169.17, 0.877142, -6169.36, 0.880154, -6169.61, -0.000161895, -0.000161916, -0.00016188, 0.0402914, 0.866115, 0.0412287, -0.58419, 0.0410665
274.706, 0.836935, -6169.35, 0.877146, -6169.53, 0.880158, -6169.79, -0.000161975, -0.000161957, -0.000161932, 0.0402914, 0.866115, 0.0412287, -0.584195, 0.0410689
274.756, 0.836939, -6169.52, 0.877149, -6169.71, 0.880161, -6169.96, -0.000161919, -0.000161918, -0.000161898, 0.0402914, 0.866115, 0.0412285, -0.5842, 0.0410712
274.806, 0.836942, -6169.7, 0.877153, -6169.88, 0.880165, -6170.14, -0.000161884, -0.000161898, -0.000161883, 0.0402914, 0.866115, 0.0412289, -0.584205, 0.0410734
274.857, 0.836946, -6169.87, 0.877156, -6170.06, 0.880168, -6170.31, -0.000161896, -0.000161937, -0.000161932, 0.0402914, 0.866115, 0.0412285, -0.584209, 0.0410755
274.907, 0.836949, -6170.05, 0.87716, -6170.23, 0.880172, -6170.49, -0.000161922, -0.00016193, -0.000161911, 0.0402914, 0.866115, 0.0412284, -0.584214, 0.0410776
274.957, 0.836952, -6170.22, 0.877164, -6170.41, 0.880176, -6170.66, -0.000161913, -0.000161912, -0.000161909, 0.0402914, 0.866115, 0.0412285, -0.584219, 0.0410796
275.001, 0.836955, -6170.37, 0.877167, -6170.56, 0.880179, -6170.81, -0.000161863, -0.000161885, -0.000161918, 0.0402914, 0.866115, 0.0412286, -0.584223, 0.0410812
275.001, 0.836955, -6170.37, 0.877166, -6170.56, 0.880178, -6170.81, -0.000161863, -0.000161885, -0.000161918, 0.0403562, 0.866115, 0.041228, -0.58422, 0.0410812
275.051, 0.836959, -6170.55, 0.87717, -6170.73, 0.880182, -6170.99, -0.000161907, -0.00016192, -0.000161876, 0.0403562, 0.866115, 0.0412287, -0.584228, 0.0410847
275.101, 0.836962, -6170.72, 0.877174, -6170.91, 0.880186, -6171.16, -0.000161966, -0.000161925, -0.000161912, 0.0403562, 0.866115, 0.0412284, -0.584233, 0.0410881
275.152, 0.836966, -6170.9, 0.877177, -6171.08, 0.880189, -6171.34, -0.000161883, -0.000161907, -0.000161869, 0.0403562, 0.866115, 0.0412287, -0.584237, 0.0410914
275.202, 0.836969, -6171.07, 0.877181, -6171.26, 0.880193, -6171.51, -0.000161895, -0.000161885, -0.000161898, 0.0403562, 0.866115, 0.0412289, -0.584243, 0.0410945
275.253, 0.836972, -6171.25, 0.877185, -6171.43, 0.880197, -6171.69, -0.000161943, -0.00016192, -0.000161892, 0.0403562, 0.866115, 0.0412284, -0.584247, 0.0410976
275.303, 0.836976, -6171.42, 0.877188, -6171.61, 0.8802, -6171.86, -0.000161902, -0.000161926, -0.000161944, 0.0403562, 0.866115, 0.0412286, -0.584252, 0.0411005
275.353, 0.836979, -6171.59, 0.877192, -6171.78, 0.880204, -6172.04, -0.00016189, -0.0001619, -0.000161908, 0.0403562, 0.866115, 0.0412283, -0.584257, 0.0411033
275.404, 0.836983, -6171.77, 0.877195, -6171.96, 0.880207, -6172.21, -0.0001619, -0.000161915, -0.000161906, 0.0403562, 0.866115, 0.0412288, -0.584261, 0.041106
275.454, 0.836986, -6171.94, 0.877199, -6172.13, 0.880211, -6172.39, -0.000161873, -0.000161883, -0.00016191, 0.0403562, 0.866115, 0.0412288, -0.584266, 0.0411086
275.504, 0.83699, -6172.12, 0.877203, -6172.3, 0.880215, -6172.56, -0.000161886, -0.00016186, -0.000161838, 0.0403562, 0.866115, 0.0412288, -0.584271, 0.0411111
275.555, 0.836993, -6172.29, 0.877206, -6172.48, 0.880218, -6172.74, -0.000161888, -0.000161893, -0.000161913, 0.0403562, 0.866115, 0.0412289, -0.584276, 0.0411135
275.605, 0.836996, -6172.47, 0.87721, -6172.65, 0.880222, -6172.91, -0.000161842, -0.000161825, -0.000161841, 0.0403562, 0.866115, 0.0412287, -0.58428, 0.0411159
275.655, 0.837, -6172.64, 0.877213, -6172.83, 0.880225, -6173.09, -0.000161958, -0.000161933, -0.000161931, 0.0403562, 0.866115, 0.0412287, -0.584285, 0.0411181
275.706, 0.837003, -6172.82, 0.877217, -6173, 0.880229, -6173.26, -0.000161907, -0.000161912, -0.000161905, 0.0403562, 0.866115, 0.041229, -0.58429, 0.0411203
275.756, 0.837007, -6172.99, 0.87722, -6173.18, 0.880233, -6173.44, -0.000161828, -0.000161812, -0.000161842, 0.0403562, 0.866115, 0.0412286, -0.584295, 0.0411223
275.806, 0.83701, -6173.17, 0.877224, -6173.35, 0.880236, -6173.61, -0.000161918, -0.000161938, -0.000161969, 0.0403562, 0.866115, 0.0412288, -0.5843, 0.0411244
275.857, 0.837013, -6173.34, 0.877228, -6173.53, 0.88024, -6173.79, -0.00016191, -0.000161941, -0.000161929, 0.0403562, 0.866115, 0.0412291, -0.584305, 0.0411263
275.907, 0.837017, -6173.52, 0.877231, -6173.7, 0.880243, -6173.96, -0.0001619, -0.000161858, -0.000161854, 0.0403562, 0.866115, 0.0412287, -0.58431, 0.0411282
275.957, 0.83702, -6173.69, 0.877235, -6173.88, 0.880247, -6174.13, -0.000161857, -0.000161864, -0.000161888, 0.0403562, 0.866115, 0.0412291, -0.584314, 0.04113
276.001, 0.837023, -6173.84, 0.877238, -6174.03, 0.88025, -6174.29, -0.000161906, -0.000161902, -0.000161905, 0.0403562, 0.866115, 0.0412288, -0.584318, 0.0411315
276.001, 0.837023, -6173.84, 0.877237, -6174.03, 0.88025, -6174.29, -0.000161906, -0.000161902, -0.000161905, 0.0404209, 0.866115, 0.0412285, -0.584316, 0.0411315
276.051, 0.837026, -6174.02, 0.877241, -6174.2, 0.880254, -6174.46, -0.000161863, -0.000161827, -0.000161871, 0.0404209, 0.866115, 0.0412288, -0.584323, 0.0411347
276.101, 0.83703, -6174.19, 0.877245, -6174.38, 0.880257, -6174.63, -0.000161894, -0.000161882, -0.000161898, 0.0404209, 0.866115, 0.0412288, -0.584328, 0.0411379
276.152, 0.837033, -6174.37, 0.877249, -6174.55, 0.880261, -6174.81, -0.000161895, -0.000161926, -0.000161856, 0.0404209, 0.866115, 0.0412289, -0.584333, 0.0411409
276.202, 0.837037, -6174.54, 0.877252, -6174.73, 0.880265, -6174.98, -0.000161855, -0.00016187, -0.000161876, 0.0404209, 0.866115, 0.0412292, -0.584338, 0.0411437
276.253, 0.83704, -6174.72, 0.877256, -6174.9, 0.880268, -6175.16, -0.00016187, -0.000161897, -0.000161931, 0.0404209, 0.866115, 0.0412291, -0.584342, 0.0411465
276.303, 0.837044, -6174.89, 0.877259, -6175.08, 0.880272, -6175.33, -0.000161835, -0.000161858, -0.00016184, 0.0404209, 0.866115, 0.0412289, -0.584347, 0.0411491
276.353, 0.837046, -6175.07, 0.877262, -6175.25, 0.880274, -6175.51, -0.00016189, -0.000161918, -0.000161895, 0.0404209, 0.866115, 0.0412288, -0.584351, 0.0411517
276.404, 0.837047, -6175.24, 0.877263, -6175.43, 0.880275, -6175.68, -0.000161845, -0.000161882, -0.0001619, 0.0404209, 0.866115, 0.041229, -0.584352, 0.0411541
276.454, 0.837047, -6175.42, 0.877263, -6175.6, 0.880275, -6175.86, -0.000161889, -0.000161884, -0.000161912, 0.0404209, 0.866115, 0.0412287, -0.584351, 0.0411564
276.504, 0.837047, -6175.59, 0.877263, -6175.78, 0.880275, -6176.03, -0.000161899, -0.000161893, -0.000161877, 0.0404209, 0.866115, 0.0412289, -0.584352, 0.0411586
276.555, 0.837047, -6175.77, 0.877263, -6175.95, 0.880275, -6176.21, -0.000161948, -0.000161934, -0.000161956, 0.0404209, 0.866115, 0.041229, -0.584352, 0.0411608
276.605, 0.837047, -6175.94, 0.877263, -6176.13, 0.880275, -6176.38, -0.000161883, -0.000161869, -0.000161897, 0.0404209, 0.866115, 0.0412289, -0.584352, 0.0411628
276.655, 0.837047, -6176.12, 0.877263, -6176.3, 0.880275, -6176.56, -0.00016189, -0.000161886, -0.000161881, 0.0404209, 0.866115, 0.041229, -0.584352, 0.0411648
276.706, 0.837047, -6176.29, 0.877263, -6176.48, 0.880275, -6176.73, -0.000161899, -0.000161904, -0.000161926, 0.0404209, 0.866115, 0.0412291, -0.584352, 0.0411667
276.756, 0.837047, -6176.47, 0.877263, -6176.65, 0.880275, -6176.91, -0.000161864, -0.000161882, -0.000161877, 0.0404209, 0.866115, 0.0412289, -0.584352, 0.0411685
276.806, 0.837047, -6176.64, 0.877263, -6176.83, 0.880275, -6177.08, -0.00016186, -0.00016185, -0.000161836, 0.0404209, 0.866115, 0.0412289, -0.584352, 0.0411702
276.857, 0.837047, -6176.82, 0.877263, -6177, 0.880275, -6177.26, -0.000161908, -0.0001619, -0.000161891, 0.0404209, 0.866115, 0.0412286, -0.584352, 0.0411719
276.907, 0.837047, -6176.99, 0.877263, -6177.18, 0.880275, -6177.43, -0.000161918, -0.000161903, -0.000161938, 0.0404209, 0.866115, 0.0412289, -0.584352, 0.0411734
276.957, 0.837047, -6177.17, 0.877263, -6177.35, 0.880275, -6177.61, -0.000161923, -0.000161897, -0.000161913, 0.0404209, 0.866115, 0.0412288, -0.584352, 0.0411749
277.001, 0.837047, -6177.31, 0.877263, -6177.49, 0.880275, -6177.75, -0.000141722, -0.000141696, -0.00014175, 0.0404209, 0.866115, 0.0412289, -0.584352, 0.0411761
277.001, 0.837047, -6177.31, 0.877262, -6177.49, 0.880275, -6177.75, -0.000141722, -0.000141696, -0.00014175, 0.0404776, 0.866115, 0.0412288, -0.584349, 0.0411761
277.051, 0.837047, -6177.46, 0.877263, -6177.64, 0.880275, -6177.9, -0.00014159, -0.00014159, -0.000141594, 0.0404776, 0.866115, 0.0412291, -0.584352, 0.0411788
277.102, 0.837047, -6177.61, 0.877263, -6177.8, 0.880275, -6178.05, -0.000141673, -0.000141662, -0.000141685, 0.0404776, 0.866115, 0.0412291, -0.584351, 0.0411814
277.152, 0.837047, -6177.77, 0.877263, -6177.95, 0.880275, -6178.21, -0.000141684, -0.000141682, -0.000141722, 0.0404776, 0.866115, 0.041229, -0.584351, 0.0411838
277.202, 0.837047, -6177.92, 0.877263, -6178.1, 0.880275, -6178.36, -0.000141668, -0.000141664, -0.000141622, 0.0404776, 0.866115, 0.0412288, -0.584351, 0.0411862
277.253, 0.837047, -6178.07, 0.877263, -6178.26, 0.880275, -6178.51, -0.000141664, -0.000141663, -0.000141597, 0.0404776, 0.866115, 0.0412292, -0.584352, 0.0411884
277.303, 0.837047, -6178.22, 0.877263, -6178.41, 0.880275, -6178.67, -0.000141607, -0.000141676, -0.000141614, 0.0404776, 0.866115, 0.0412289, -0.584351, 0.0411905
277.353, 0.837047, -6178.38, 0.877263, -6178.56, 0.880275, -6178.82, -0.000141696, -0.000141667, -0.000141723, 0.0404776, 0.866115, 0.0412288, -0.584351, 0.0411926
277.404, 0.837047, -6178.53, 0.877263, -6178.72, 0.880275, -6178.97, -0.000141668, -0.000141667, -0.00014168, 0.0404776, 0.866115, 0.0412289, -0.584351, 0.0411945
277.454, 0.837047, -6178.68, 0.877262, -6178.87, 0.880275, -6179.12, -0.000141585, -0.000141586, -0.000141606, 0.0404776, 0.866115, 0.0412288, -0.584351, 0.0411963
277.504, 0.837047, -6178.84, 0.877263, -6179.02, 0.880275, -6179.28, -0.000141672, -0.000141663, -0.000141675, 0.0404776, 0.866115, 0.0412291, -0.584351, 0.0411981
277.555, 0.837047, -6178.99, 0.877263, -6179.17, 0.880275, -6179.43, -0.000141663, -0.000141663, -0.000141598, 0.0404776, 0.866115, 0.0412288, -0.584351, 0.0411998
277.605, 0.837047, -6179.14, 0.877263, -6179.33, 0.880275, -6179.58, -0.000141681, -0.000141678, -0.000141701, 0.0404776, 0.866115, 0.0412291, -0.584351, 0.0412014
277.655, 0.837047, -6179.29, 0.877263, -6179.48, 0.880275, -6179.74, -0.000141676, -0.000141669, -0.000141688, 0.0404776, 0.866115, 0.0412288, -0.584351, 0.0412029
277.706, 0.837047, -6179.45, 0.877263, -6179.63, 0.880275, -6179.89, -0.00014167, -0.00014167, -0.000141594, 0.0404776, 0.866115, 0.0412291, -0.584352, 0.0412043
277.756, 0.837047, -6179.6, 0.877263, -6179.79, 0.880275, -6180.04, -0.00014167, -0.000141663, -0.000141713, 0.0404776, 0.866115, 0.0412288, -0.584351, 0.0412056
277.806, 0.837047, -6179.75, 0.877263, -6179.94, 0.880275, -6180.2, -0.000141678, -0.000141678, -0.00014171, 0.0404776, 0.866115, 0.0412288, -0.584351, 0.0412068
277.857, 0.837047, -6179.91, 0.877263, -6180.09, 0.880275, -6180.35, -0.00014168, -0.000141678, -0.000141738, 0.0404776, 0.866115, 0.0412288, -0.584351, 0.0412079
277.907, 0.837047, -6180.06, 0.877263, -6180.25, 0.880275, -6180.5, -0.000141679, -0.000141678, -0.000141615, 0.0404776, 0.866115, 0.0412286, -0.584351, 0.041209
277.958, 0.837047, -6180.21, 0.877263, -6180.4, 0.880275, -6180.65, -0.000141585, -0.000141584, -0.000141603, 0.0404776, 0.866115, 0.041229, -0.584351, 0.04121
278.001, 0.837047, -6180.34, 0.877263, -6180.53, 0.880275, -6180.79, -0.000141673, -0.000141591, -0.000141614, 0.0404776, 0.866115, 0.0412291, -0.584352, 0.0412107
278.001, 0.837047, -6180.34, 0.877262, -6180.53, 0.880275, -6180.79, -0.000141673, -0.000141591, -0.000141614, 0.0405343, 0.866115, 0.0412284, -0.584349, 0.0412107
278.051, 0.837047, -6180.5, 0.877262, -6180.68, 0.880275, -6180.94, -0.000141663, -0.000141663, -0.000141701, 0.0405343, 0.866115, 0.0412288, -0.584351, 0.0412129
278.102, 0.837047, -6180.65, 0.877263, -6180.84, 0.880275, -6181.09, -0.00014169, -0.000141667, -0.000141626, 0.0405343, 0.866115, 0.0412287, -0.584351, 0.041215
278.152, 0.837047, -6180.8, 0.877262, -6180.99, 0.880275, -6181.25, -0.000141689, -0.000141683, -0.000141631, 0.0405343, 0.866115, 0.0412291, -0.584351, 0.041217
278.202, 0.837047, -6180.96, 0.877263, -6181.14, 0.880275, -6181.4, -0.000141618, -0.000141615, -0.000141621, 0.0405343, 0.866115, 0.041229, -0.584352, 0.0412189
278.253, 0.837047, -6181.11, 0.877263, -6181.29, 0.880275, -6181.55, -0.000141664, -0.000141663, -0.000141702, 0.0405343, 0.866115, 0.041229, -0.584351, 0.0412206
278.303, 0.837047, -6181.26, 0.877263, -6181.45, 0.880275, -6181.7, -0.000141675, -0.000141663, -0.000141706, 0.0405343, 0.866115, 0.0412286, -0.584351, 0.0412223
278.353, 0.837047, -6181.42, 0.877263, -6181.6, 0.880275, -6181.86, -0.000141688, -0.000141683, -0.000141689, 0.0405343, 0.866115, 0.0412291, -0.584351, 0.0412239
278.404, 0.837047, -6181.57, 0.877263, -6181.75, 0.880275, -6182.01, -0.000141678, -0.000141678, -0.000141623, 0.0405343, 0.866115, 0.0412289, -0.584351, 0.0412253
278.454, 0.837047, -6181.72, 0.877263, -6181.91, 0.880275, -6182.16, -0.000141687, -0.000141672, -0.000141624, 0.0405343, 0.866115, 0.041229, -0.584352, 0.0412267
278.504, 0.837047, -6181.87, 0.877263, -6182.06, 0.880275, -6182.32, -0.000141666, -0.000141666, -0.000141614, 0.0405343, 0.866115, 0.0412288, -0.584351, 0.041228
278.555, 0.837047, -6182.03, 0.877263, -6182.21, 0.880275, -6182.47, -0.00014168, -0.000141678, -0.00014163, 0.0405343, 0.866115, 0.0412289, -0.584351, 0.0412292
278.605, 0.837047, -6182.18, 0.877263, -6182.37, 0.880275, -6182.62, -0.000141666, -0.000141663, -0.000141632, 0.0405343, 0.866115, 0.0412288, -0.584351, 0.0412304
278.655, 0.837047, -6182.33, 0.877262, -6182.52, 0.880275, -6182.78, -0.000141592, -0.000141591, -0.00014163, 0.0405343, 0.866115, 0.041229, -0.584351, 0.0412315
278.706, 0.837047, -6182.49, 0.877262, -6182.67, 0.880275, -6182.93, -0.000141687, -0.000141681, -0.000141613, 0.0405343, 0.866115, 0.0412288, -0.584351, 0.0412324
278.756, 0.837047, -6182.64, 0.877263, -6182.82, 0.880275, -6183.08, -0.000141685, -0.000141663, -0.000141621, 0.0405343, 0.866115, 0.0412289, -0.584352, 0.0412332
278.806, 0.837047, -6182.79, 0.877263, -6182.98, 0.880275, -6183.23, -0.000141585, -0.000141585, -0.000141624, 0.0405343, 0.866115, 0.0412288, -0.584351, 0.041234
278.857, 0.837047, -6182.92, 0.877262, -6183.11, 0.880275, -6183.37, -0.000121454, -0.000121442, -0.000121403, 0.0405343, 0.866115, 0.0412288, -0.584351, 0.0412348
278.907, 0.837047, -6183.06, 0.877262, -6183.24, 0.880275, -6183.5, -0.000121453, -0.000121454, -0.000121493, 0.0405343, 0.866115, 0.0412291, -0.584351, 0.0412354
278.958, 0.837047, -6183.19, 0.877262, -6183.37, 0.880275, -6183.63, -0.000121357, -0.000121437, -0.000121406, 0.0405343, 0.866115, 0.0412289, -0.584351, 0.041236
279.001, 0.837047, -6183.3, 0.877262, -6183.49, 0.880275, -6183.74, -0.0001214, -0.000121458, -0.000121419, 0.0405343, 0.866115, 0.0412289, -0.584351, 0.0412364
279.001, 0.837047, -6183.3, 0.877262, -6183.49, 0.880275, -6183.74, -0.0001214, -0.000121458, -0.000121419, 0.0405828, 0.866115, 0.0412287, -0.584349, 0.0412364
279.051, 0.837047, -6183.43, 0.877263, -6183.62, 0.880275, -6183.87, -0.000121361, -0.000121439, -0.000121423, 0.0405828, 0.866115, 0.041229, -0.584351, 0.041238
279.102, 0.837047, -6183.56, 0.877263, -6183.75, 0.880275, -6184, -0.000121447, -0.000121357, -0.000121423, 0.0405828, 0.866115, 0.041229, -0.584351, 0.0412395
279.152, 0.837047, -6183.69, 0.877263, -6183.88, 0.880275, -6184.14, -0.000121473, -0.000121458, -0.000121417, 0.0405828, 0.866115, 0.0412289, -0.584351, 0.0412409
279.202, 0.837047, -6183.82, 0.877262, -6184.01, 0.880275, -6184.27, -0.000121413, -0.000121461, -0.000121425, 0.0405828, 0.866115, 0.0412291, -0.584351, 0.0412422
279.253, 0.837047, -6183.96, 0.877262, -6184.14, 0.880275, -6184.4, -0.000121383, -0.000121452, -0.000121403, 0.0405828, 0.866115, 0.0412288, -0.584351, 0.0412434
279.303, 0.837047, -6184.09, 0.877263, -6184.27, 0.880275, -6184.53, -0.000121371, -0.00012143, -0.000121409, 0.0405828, 0.866115, 0.0412288, -0.584351, 0.0412445
279.353, 0.837047, -6184.22, 0.877263, -6184.4, 0.880275, -6184.66, -0.000121393, -0.000121364, -0.000121412, 0.0405828, 0.866115, 0.0412287, -0.584351, 0.0412455
279.404, 0.837047, -6184.35, 0.877262, -6184.53, 0.880275, -6184.79, -0.000121446, -0.000121435, -0.000121425, 0.0405828, 0.866115, 0.0412288, -0.584351, 0.0412465
279.454, 0.837047, -6184.48, 0.877262, -6184.67, 0.880275, -6184.92, -0.000121432, -0.000121432, -0.000121393, 0.0405828, 0.866115, 0.0412289, -0.584351, 0.0412474
279.504, 0.837047, -6184.61, 0.877263, -6184.8, 0.880275, -6185.05, -0.000121395, -0.000121391, -0.000121424, 0.0405828, 0.866115, 0.041229, -0.584351, 0.0412482
279.555, 0.837047, -6184.74, 0.877262, -6184.93, 0.880275, -6185.18, -0.000121435, -0.000121433, -0.000121405, 0.0405828, 0.866115, 0.0412289, -0.584351, 0.0412488
279.605, 0.837047, -6184.87, 0.877262, -6185.06, 0.880275, -6185.32, -0.00012147, -0.00012143, -0.000121422, 0.0405828, 0.866115, 0.0412287, -0.584351, 0.0412494
279.655, 0.837047, -6185, 0.877262, -6185.19, 0.880275, -6185.45, -0.000121457, -0.000121454, -0.000121411, 0.0405828, 0.866115, 0.041229, -0.584351, 0.0412499
279.706, 0.837047, -6185.14, 0.877262, -6185.32, 0.880275, -6185.58, -0.000121435, -0.000121449, -0.00012138, 0.0405828, 0.866115, 0.041229, -0.584351, 0.0412504
279.756, 0.837047, -6185.27, 0.877263, -6185.45, 0.880275, -6185.71, -0.000121479, -0.000121458, -0.000121425, 0.0405828, 0.866115, 0.0412288, -0.584351, 0.0412507
279.807, 0.837047, -6185.4, 0.877262, -6185.58, 0.880275, -6185.84, -0.000121369, -0.000121372, -0.000121425, 0.0405828, 0.866115, 0.0412288, -0.584351, 0.0412511
279.857, 0.837047, -6185.53, 0.877263, -6185.71, 0.880275, -6185.97, -0.00012146, -0.000121442, -0.000121502, 0.0405828, 0.866115, 0.0412287, -0.584351, 0.0412512
279.907, 0.837046, -6185.66, 0.877261, -6185.85, 0.880274, -6186.1, -0.000121426, -0.000121426, -0.000121457, 0.0405828, 0.866115, 0.0412287, -0.584349, 0.0412514
279.958, 0.837042, -6185.79, 0.877258, -6185.98, 0.88027, -6186.23, -0.000121448, -0.000121426, -0.000121438, 0.0405828, 0.866115, 0.0412289, -0.584345, 0.0412515
280.001, 0.83704, -6185.9, 0.877255, -6186.09, 0.880267, -6186.35, -0.000121473, -0.000121415, -0.000121446, 0.0405828, 0.866115, 0.0412287, -0.584341, 0.0412516
280.001, 0.837039, -6185.9, 0.877255, -6186.09, 0.880267, -6186.35, -0.000121473, -0.000121415, -0.000121446, 0.0406314, 0.866115, 0.0412286, -0.584339, 0.0412516
280.051, 0.837036, -6186.04, 0.877252, -6186.22, 0.880264, -6186.48, -0.000121455, -0.000121481, -0.000121425, 0.0406314, 0.866115, 0.0412289, -0.584336, 0.0412527
280.102, 0.837033, -6186.17, 0.877248, -6186.35, 0.880261, -6186.61, -0.000121436, -0.000121442, -0.000121465, 0.0406314, 0.866115, 0.0412287, -0.584332, 0.0412538
280.152, 0.83703, -6186.3, 0.877245, -6186.48, 0.880257, -6186.74, -0.000121438, -0.00012135, -0.000121378, 0.0406314, 0.866115, 0.0412288, -0.584327, 0.0412548
280.202, 0.837027, -6186.43, 0.877241, -6186.61, 0.880254, -6186.87, -0.000121428, -0.000121406, -0.000121426, 0.0406314, 0.866115, 0.041229, -0.584323, 0.0412558
280.253, 0.837023, -6186.56, 0.877238, -6186.75, 0.88025, -6187, -0.000121426, -0.000121456, -0.00012149, 0.0406314, 0.866115, 0.041229, -0.584318, 0.0412566
280.303, 0.83702, -6186.69, 0.877235, -6186.88, 0.880247, -6187.13, -0.000121426, -0.000121427, -0.000121428, 0.0406314, 0.866115, 0.0412289, -0.584313, 0.0412573
280.353, 0.837017, -6186.82, 0.877231, -6187.01, 0.880243, -6187.26, -0.000121484, -0.000121392, -0.000121426, 0.0406314, 0.866115, 0.0412291, -0.584309, 0.0412578
280.404, 0.837014, -6186.95, 0.877228, -6187.14, 0.88024, -6187.4, -0.000121463, -0.000121448, -0.000121462, 0.0406314, 0.866115, 0.0412288, -0.584304, 0.0412583
280.454, 0.83701, -6187.08, 0.877224, -6187.27, 0.880237, -6187.53, -0.000121449, -0.000121429, -0.000121429, 0.0406314, 0.866115, 0.0412287, -0.5843, 0.0412588
280.504, 0.837007, -6187.22, 0.877221, -6187.4, 0.880233, -6187.66, -0.000121451, -0.000121426, -0.000121426, 0.0406314, 0.866115, 0.0412286, -0.584295, 0.0412591
280.555, 0.837004, -6187.35, 0.877217, -6187.53, 0.88023, -6187.79, -0.000121428, -0.00012144, -0.000121441, 0.0406314, 0.866115, 0.0412288, -0.58429, 0.0412594
280.605, 0.837, -6187.47, 0.877214, -6187.66, 0.880226, -6187.91, -0.000101341, -0.000101344, -0.000101342, 0.0406314, 0.866115, 0.0412286, -0.584285, 0.0412597
280.655, 0.836997, -6187.58, 0.87721, -6187.77, 0.880222, -6188.02, -0.000101188, -0.000101157, -0.000101151, 0.0406314, 0.866115, 0.0412288, -0.584281, 0.0412599
280.706, 0.836993, -6187.69, 0.877206, -6187.87, 0.880219, -6188.13, -0.000101188, -0.000101203, -0.000101197, 0.0406314, 0.866115, 0.0412288, -0.584276, 0.04126
280.756, 0.83699, -6187.8, 0.877203, -6187.98, 0.880215, -6188.24, -0.000101203, -0.00010119, -0.000101153, 0.0406314, 0.866115, 0.0412289, -0.584271, 0.04126
280.807, 0.836986, -6187.91, 0.877199, -6188.09, 0.880211, -6188.35, -0.000101141, -0.000101181, -0.000101153, 0.0406314, 0.866115, 0.0412285, -0.584266, 0.0412599
280.857, 0.836983, -6188.02, 0.877196, -6188.2, 0.880208, -6188.46, -0.000101209, -0.000101194, -0.00010117, 0.0406314, 0.866115, 0.0412287, -0.584261, 0.0412598
280.907, 0.83698, -6188.13, 0.877192, -6188.31, 0.880204, -6188.57, -0.00010116, -0.00010116, -0.000101149, 0.0406314, 0.866115, 0.0412287, -0.584257, 0.0412596
280.958, 0.836976, -6188.24, 0.877189, -6188.42, 0.880201, -6188.68, -0.000101188, -0.000101204, -0.000101195, 0.0406314, 0.866115, 0.0412286, -0.584251, 0.0412594
281.001, 0.836973, -6188.33, 0.877185, -6188.51, 0.880198, -6188.77, -0.000101189, -0.000101192, -0.000101189, 0.0406314, 0.866115, 0.0412283, -0.584247, 0.0412591
281.001, 0.836973, -6188.33, 0.877185, -6188.51, 0.880197, -6188.77, -0.000101189, -0.000101192, -0.000101189, 0.0406719, 0.866115, 0.0412285, -0.584246, 0.0412591
281.051, 0.83697, -6188.44, 0.877182, -6188.62, 0.880194, -6188.88, -0.000101256, -0.000101188, -0.000101227, 0.0406719, 0.866115, 0.0412286, -0.584243, 0.0412597
281.102, 0.836967, -6188.55, 0.877178, -6188.73, 0.88019, -6188.99, -0.000101165, -0.000101244, -0.000101214, 0.0406719, 0.866115, 0.0412287, -0.584238, 0.0412603
281.152, 0.836963, -6188.66, 0.877175, -6188.84, 0.880187, -6189.1, -0.000101159, -0.000101191, -0.000101188, 0.0406719, 0.866115, 0.0412286, -0.584233, 0.0412607
281.202, 0.83696, -6188.77, 0.877172, -6188.95, 0.880184, -6189.21, -0.000101201, -0.000101188, -0.000101218, 0.0406719, 0.866115, 0.0412285, -0.584229, 0.0412611
281.253, 0.836959, -6188.88, 0.877171, -6189.06, 0.880183, -6189.32, -0.000101188, -0.00010121, -0.000101184, 0.0406719, 0.866115, 0.0412285, -0.584228, 0.0412614
281.303, 0.836959, -6188.99, 0.877171, -6189.17, 0.880183, -6189.43, -0.000101257, -0.000101188, -0.00010126, 0.0406719, 0.866115, 0.0412286, -0.584227, 0.0412616
281.353, 0.836959, -6189.09, 0.877171, -6189.28, 0.880183, -6189.54, -0.000101146, -0.000101188, -0.000101143, 0.0406719, 0.866115, 0.0412285, -0.584227, 0.0412618
281.404, 0.836959, -6189.2, 0.877171, -6189.39, 0.880183, -6189.65, -0.000101221, -0.000101188, -0.000101221, 0.0406719, 0.866115, 0.0412286, -0.584227, 0.0412619
281.454, 0.836959, -6189.31, 0.877171, -6189.5, 0.880183, -6189.75, -0.000101157, -0.000101188, -0.000101156, 0.0406719, 0.866115, 0.0412287, -0.584228, 0.0412619
281.504, 0.836956, -6189.42, 0.877168, -6189.61, 0.88018, -6189.86, -0.000101188, -0.000101196, -0.00010124, 0.0406719, 0.866115, 0.0412285, -0.584223, 0.0412619
281.555, 0.836953, -6189.53, 0.877164, -6189.72, 0.880176, -6189.97, -0.000101179, -0.000101179, -0.000101216, 0.0406719, 0.866115, 0.0412285, -0.584219, 0.0412618
281.605, 0.83695, -6189.64, 0.877161, -6189.83, 0.880173, -6190.08, -0.000101188, -0.000101166, -0.00010119, 0.0406719, 0.866115, 0.0412285, -0.584214, 0.0412617
281.656, 0.836946, -6189.75, 0.877157, -6189.94, 0.880169, -6190.19, -0.000101267, -0.000101193, -0.000101188, 0.0406719, 0.866115, 0.0412285, -0.58421, 0.0412615
281.706, 0.836943, -6189.86, 0.877154, -6190.04, 0.880166, -6190.3, -0.000101253, -0.000101188, -0.000101235, 0.0406719, 0.866115, 0.0412284, -0.584205, 0.0412612
281.756, 0.83694, -6189.97, 0.87715, -6190.15, 0.880162, -6190.41, -0.000101132, -0.000101148, -0.000101184, 0.0406719, 0.866115, 0.0412285, -0.5842, 0.0412608
281.807, 0.836937, -6190.08, 0.877148, -6190.26, 0.88016, -6190.52, -0.000101151, -0.00010116, -0.00010111, 0.0406719, 0.866115, 0.0412286, -0.584197, 0.0412604
281.857, 0.836937, -6190.19, 0.877148, -6190.37, 0.88016, -6190.63, -0.000101193, -0.000101193, -0.00010124, 0.0406719, 0.866115, 0.0412285, -0.584197, 0.04126
281.907, 0.836937, -6190.3, 0.877148, -6190.48, 0.88016, -6190.74, -0.000101194, -0.000101189, -0.000101162, 0.0406719, 0.866115, 0.0412285, -0.584197, 0.0412595
281.958, 0.836937, -6190.41, 0.877148, -6190.59, 0.88016, -6190.85, -0.000101203, -0.000101211, -0.00010117, 0.0406719, 0.866115, 0.0412287, -0.584197, 0.041259
282.001, 0.836937, -6190.5, 0.877148, -6190.68, 0.88016, -6190.94, -0.000101188, -0.000101188, -0.000101255, 0.0406719, 0.866115, 0.0412285, -0.584197, 0.0412584
282.001, 0.836937, -6190.5, 0.877147, -6190.68, 0.880159, -6190.94, -0.000101188, -0.000101188, -0.000101255, 0.0407124, 0.866115, 0.0412281, -0.584195, 0.0412584
282.051, 0.836937, -6190.61, 0.877148, -6190.79, 0.88016, -6191.05, -0.000101188, -0.000101188, -0.000101226, 0.0407124, 0.866115, 0.0412286, -0.584197, 0.0412587
282.102, 0.836934, -6190.72, 0.877145, -6190.9, 0.880157, -6191.16, -0.000101211, -0.000101207, -0.000101252, 0.0407124, 0.866115, 0.0412285, -0.584193, 0.041259
282.152, 0.836931, -6190.83, 0.877141, -6191.01, 0.880153, -6191.27, -0.000101211, -0.000101188, -0.000101221, 0.0407124, 0.866115, 0.0412286, -0.584188, 0.0412592
282.202, 0.836928, -6190.94, 0.877138, -6191.12, 0.88015, -6191.38, -0.000101206, -0.000101177, -0.000101189, 0.0407124, 0.866115, 0.0412286, -0.584184, 0.0412593
282.253, 0.836925, -6191.05, 0.877134, -6191.23, 0.880146, -6191.49, -0.000101198, -0.000101153, -0.000101177, 0.0407124, 0.866115, 0.0412285, -0.584179, 0.0412593
282.303, 0.836921, -6191.16, 0.877131, -6191.34, 0.880143, -6191.6, -0.000101213, -0.000101209, -0.000101219, 0.0407124, 0.866115, 0.0412284, -0.584174, 0.0412593
282.353, 0.836918, -6191.26, 0.877128, -6191.45, 0.880139, -6191.71, -0.000101188, -0.000101185, -0.00010119, 0.0407124, 0.866115, 0.0412285, -0.58417, 0.0412592
282.404, 0.836915, -6191.37, 0.877124, -6191.56, 0.880136, -6191.82, -0.000101182, -0.000101217, -0.000101182, 0.0407124, 0.866115, 0.0412284, -0.584165, 0.0412591
282.454, 0.836912, -6191.48, 0.877121, -6191.67, 0.880133, -6191.93, -0.000101154, -0.000101196, -0.000101199, 0.0407124, 0.866115, 0.0412285, -0.584161, 0.0412589
282.504, 0.836908, -6191.59, 0.877117, -6191.78, 0.880129, -6192.03, -0.000101255, -0.00010118, -0.000101189, 0.0407124, 0.866115, 0.0412283, -0.584156, 0.0412586
282.555, 0.836906, -6191.7, 0.877115, -6191.89, 0.880127, -6192.14, -0.000101259, -0.000101188, -0.000101188, 0.0407124, 0.866115, 0.0412285, -0.584153, 0.0412584
282.605, 0.836906, -6191.79, 0.877115, -6191.98, 0.880126, -6192.23, -8.09284e-05, -8.0929e-05, -8.09478e-05, 0.0407124, 0.866115, 0.0412284, -0.584152, 0.041258
282.656, 0.836906, -6191.88, 0.877115, -6192.06, 0.880126, -6192.32, -8.09611e-05, -8.08868e-05, -8.09241e-05, 0.0407124, 0.866115, 0.0412284, -0.584152, 0.0412576
282.706, 0.836906, -6191.97, 0.877115, -6192.15, 0.880126, -6192.41, -8.09708e-05, -8.09923e-05, -8.09181e-05, 0.0407124, 0.866115, 0.0412283, -0.584152, 0.0412571
282.756, 0.836906, -6192.05, 0.877115, -6192.24, 0.880126, -6192.5, -8.08763e-05, -8.09796e-05, -8.09323e-05, 0.0407124, 0.866115, 0.0412286, -0.584152, 0.0412566
282.807, 0.836905, -6192.14, 0.877114, -6192.33, 0.880126, -6192.58, -8.09514e-05, -8.09598e-05, -8.09621e-05, 0.0407124, 0.866115, 0.0412284, -0.584151, 0.041256
282.857, 0.836902, -6192.23, 0.87711, -6192.41, 0.880122, -6192.67, -8.08752e-05, -8.09509e-05, -8.09575e-05, 0.0407124, 0.866115, 0.0412283, -0.584146, 0.0412554
282.907, 0.836898, -6192.32, 0.877107, -6192.5, 0.880119, -6192.76, -8.08832e-05, -8.09507e-05, -8.09507e-05, 0.0407124, 0.866115, 0.0412284, -0.584142, 0.0412547
282.958, 0.836895, -6192.4, 0.877103, -6192.59, 0.880115, -6192.85, -8.09533e-05, -8.09457e-05, -8.09457e-05, 0.0407124, 0.866115, 0.0412285, -0.584137, 0.041254
283.001, 0.836892, -6192.48, 0.877101, -6192.67, 0.880112, -6192.92, -8.09571e-05, -8.09988e-05, -8.09421e-05, 0.0407124, 0.866115, 0.0412285, -0.584133, 0.0412534
283.001, 0.836892, -6192.48, 0.8771, -6192.67, 0.880112, -6192.92, -8.09571e-05, -8.09988e-05, -8.09421e-05, 0.0407448, 0.866115, 0.0412282, -0.584131, 0.0412534
283.051, 0.836889, -6192.57, 0.877097, -6192.75, 0.880109, -6193.01, -8.0952e-05, -8.09526e-05, -8.09516e-05, 0.0407448, 0.866115, 0.0412285, -0.584129, 0.0412535
283.102, 0.836886, -6192.65, 0.877094, -6192.84, 0.880105, -6193.1, -8.09506e-05, -8.09505e-05, -8.10296e-05, 0.0407448, 0.866115, 0.0412282, -0.584124, 0.0412535
283.152, 0.836883, -6192.74, 0.87709, -6192.93, 0.880102, -6193.18, -8.09504e-05, -8.09841e-05, -8.09821e-05, 0.0407448, 0.866115, 0.0412285, -0.58412, 0.0412534
283.202, 0.836881, -6192.83, 0.877089, -6193.01, 0.8801, -6193.27, -8.09504e-05, -8.1006e-05, -8.09182e-05, 0.0407448, 0.866115, 0.0412283, -0.584117, 0.0412532
283.253, 0.836881, -6192.92, 0.877088, -6193.1, 0.8801, -6193.36, -8.09504e-05, -8.09595e-05, -8.09517e-05, 0.0407448, 0.866115, 0.0412283, -0.584117, 0.041253
283.303, 0.836881, -6193, 0.877088, -6193.19, 0.8801, -6193.45, -8.09504e-05, -8.09699e-05, -8.0981e-05, 0.0407448, 0.866115, 0.0412282, -0.584117, 0.0412528
283.353, 0.836881, -6193.09, 0.877088, -6193.28, 0.8801, -6193.53, -8.09504e-05, -8.08756e-05, -8.09512e-05, 0.0407448, 0.866115, 0.0412283, -0.584117, 0.0412524
283.404, 0.836881, -6193.18, 0.877088, -6193.36, 0.8801, -6193.62, -8.09503e-05, -8.09513e-05, -8.09505e-05, 0.0407448, 0.866115, 0.0412285, -0.584117, 0.0412519
283.454, 0.836879, -6193.27, 0.877086, -6193.45, 0.880098, -6193.71, -8.0972e-05, -8.09504e-05, -8.09306e-05, 0.0407448, 0.866115, 0.0412284, -0.584114, 0.0412515
283.505, 0.836876, -6193.35, 0.877083, -6193.54, 0.880095, -6193.8, -8.09853e-05, -8.10134e-05, -8.09725e-05, 0.0407448, 0.866115, 0.0412283, -0.584109, 0.041251
283.555, 0.836872, -6193.44, 0.87708, -6193.63, 0.880091, -6193.88, -8.09596e-05, -8.09599e-05, -8.09544e-05, 0.0407448, 0.866115, 0.0412283, -0.584105, 0.0412504
283.605, 0.836869, -6193.53, 0.877076, -6193.71, 0.880088, -6193.97, -8.09639e-05, -8.09523e-05, -8.09508e-05, 0.0407448, 0.866115, 0.0412284, -0.584101, 0.0412498
283.656, 0.836866, -6193.62, 0.877073, -6193.8, 0.880084, -6194.06, -8.09537e-05, -8.09393e-05, -8.09754e-05, 0.0407448, 0.866115, 0.0412284, -0.584096, 0.0412492
283.706, 0.836863, -6193.7, 0.877069, -6193.89, 0.880081, -6194.15, -8.09505e-05, -8.09807e-05, -8.09535e-05, 0.0407448, 0.866115, 0.0412283, -0.584092, 0.0412485
283.756, 0.83686, -6193.79, 0.877066, -6193.98, 0.880078, -6194.23, -8.09505e-05, -8.09515e-05, -8.09506e-05, 0.0407448, 0.866115, 0.0412284, -0.584087, 0.0412479
283.807, 0.836859, -6193.88, 0.877066, -6194.06, 0.880077, -6194.32, -8.09991e-05, -8.1029e-05, -8.09676e-05, 0.0407448, 0.866115, 0.0412283, -0.584086, 0.0412471
283.857, 0.836859, -6193.97, 0.877066, -6194.15, 0.880077, -6194.41, -8.09657e-05, -8.09744e-05, -8.09517e-05, 0.0407448, 0.866115, 0.0412281, -0.584086, 0.0412464
283.907, 0.836859, -6194.05, 0.877066, -6194.24, 0.880077, -6194.5, -8.09746e-05, -8.09264e-05, -8.09539e-05, 0.0407448, 0.866115, 0.0412281, -0.584086, 0.0412456
283.958, 0.836859, -6194.14, 0.877066, -6194.33, 0.880077, -6194.58, -8.09613e-05, -8.09397e-05, -8.09663e-05, 0.0407448, 0.866115, 0.0412281, -0.584086, 0.0412447
284, 0.836859, -6194.21, 0.877066, -6194.4, 0.880077, -6194.66, -8.09581e-05, -8.0929e-05, -8.09506e-05, 0.0407448, 0.866115, 0.0412284, -0.584087, 0.0412439
284, 0.836859, -6194.21, 0.877065, -6194.4, 0.880077, -6194.66, -8.09581e-05, -8.0929e-05, -8.09506e-05, 0.0407771, 0.866115, 0.0412282, -0.584085, 0.0412439
284.05, 0.836859, -6194.3, 0.877066, -6194.49, 0.880077, -6194.74, -8.0971e-05, -8.09921e-05, -8.09507e-05, 0.0407771, 0.866115, 0.0412282, -0.584087, 0.0412437
284.101, 0.836857, -6194.39, 0.877063, -6194.57, 0.880075, -6194.83, -8.09504e-05, -8.09509e-05, -8.10035e-05, 0.0407771, 0.866115, 0.0412282, -0.584083, 0.0412436
284.151, 0.836854, -6194.48, 0.87706, -6194.66, 0.880072, -6194.92, -8.09504e-05, -8.09504e-05, -8.0997e-05, 0.0407771, 0.866115, 0.0412282, -0.584079, 0.0412433
284.201, 0.83685, -6194.56, 0.877056, -6194.75, 0.880068, -6195.01, -8.09504e-05, -8.09012e-05, -8.09514e-05, 0.0407771, 0.866115, 0.0412281, -0.584074, 0.041243
284.252, 0.836847, -6194.65, 0.877053, -6194.84, 0.880065, -6195.09, -8.09441e-05, -8.09512e-05, -8.09442e-05, 0.0407771, 0.866115, 0.0412282, -0.58407, 0.0412426
284.302, 0.836844, -6194.74, 0.87705, -6194.92, 0.880061, -6195.18, -8.09356e-05, -8.09505e-05, -8.08854e-05, 0.0407771, 0.866115, 0.0412283, -0.584065, 0.0412422
284.352, 0.836841, -6194.83, 0.877046, -6195.01, 0.880058, -6195.27, -8.10093e-05, -8.10097e-05, -8.09508e-05, 0.0407771, 0.866115, 0.0412282, -0.58406, 0.0412418
284.403, 0.836837, -6194.91, 0.877043, -6195.1, 0.880054, -6195.36, -8.09677e-05, -8.09536e-05, -8.09049e-05, 0.0407771, 0.866115, 0.0412281, -0.584055, 0.0412413
284.453, 0.836836, -6195, 0.877042, -6195.19, 0.880053, -6195.44, -8.09504e-05, -8.09766e-05, -8.09504e-05, 0.0407771, 0.866115, 0.0412282, -0.584054, 0.0412408
284.504, 0.836836, -6195.09, 0.877042, -6195.27, 0.880053, -6195.53, -8.09289e-05, -8.08784e-05, -8.09504e-05, 0.0407771, 0.866115, 0.041228, -0.584054, 0.0412402
284.554, 0.836836, -6195.18, 0.877042, -6195.36, 0.880053, -6195.62, -8.08957e-05, -8.09504e-05, -8.09392e-05, 0.0407771, 0.866115, 0.0412282, -0.584055, 0.0412396
284.604, 0.836836, -6195.26, 0.877042, -6195.45, 0.880053, -6195.71, -8.09985e-05, -8.09505e-05, -8.09489e-05, 0.0407771, 0.866115, 0.0412283, -0.584054, 0.041239
284.655, 0.836836, -6195.35, 0.877042, -6195.54, 0.880053, -6195.79, -8.09171e-05, -8.09504e-05, -8.09504e-05, 0.0407771, 0.866115, 0.041228, -0.584054, 0.0412383
284.705, 0.836836, -6195.44, 0.877042, -6195.62, 0.880053, -6195.88, -8.09076e-05, -8.09507e-05, -8.09498e-05, 0.0407771, 0.866115, 0.0412281, -0.584054, 0.0412376
284.755, 0.836836, -6195.53, 0.877042, -6195.71, 0.880053, -6195.97, -8.09858e-05, -8.09504e-05, -8.09503e-05, 0.0407771, 0.866115, 0.0412281, -0.584054, 0.0412369
284.806, 0.836834, -6195.61, 0.87704, -6195.8, 0.880051, -6196.05, -8.09507e-05, -8.09504e-05, -8.09511e-05, 0.0407771, 0.866115, 0.0412281, -0.584051, 0.0412361
284.856, 0.836831, -6195.7, 0.877036, -6195.89, 0.880048, -6196.14, -8.09515e-05, -8.09028e-05, -8.09508e-05, 0.0407771, 0.866115, 0.0412281, -0.584047, 0.0412354
284.906, 0.836828, -6195.79, 0.877033, -6195.97, 0.880044, -6196.23, -8.09508e-05, -8.0957e-05, -8.10295e-05, 0.0407771, 0.866115, 0.0412281, -0.584042, 0.0412346
284.957, 0.836825, -6195.88, 0.877029, -6196.06, 0.880041, -6196.32, -8.09505e-05, -8.09513e-05, -8.09915e-05, 0.0407771, 0.866115, 0.0412282, -0.584038, 0.0412338
285, 0.836822, -6195.95, 0.877026, -6196.14, 0.880038, -6196.39, -8.09512e-05, -8.09506e-05, -8.09592e-05, 0.0407771, 0.866115, 0.0412282, -0.584034, 0.041233
285, 0.836822, -6195.95, 0.877026, -6196.14, 0.880038, -6196.39, -8.09512e-05, -8.09506e-05, -8.09592e-05, 0.0408095, 0.866115, 0.041228, -0.584032, 0.041233
285.05, 0.836819, -6196.04, 0.877023, -6196.22, 0.880035, -6196.48, -8.09506e-05, -8.09478e-05, -8.09507e-05, 0.0408095, 0.866115, 0.0412281, -0.58403, 0.0412329
285.101, 0.836819, -6196.12, 0.877023, -6196.31, 0.880034, -6196.57, -8.09285e-05, -8.09546e-05, -8.09132e-05, 0.0408095, 0.866115, 0.0412281, -0.584029, 0.0412328
285.151, 0.836819, -6196.21, 0.877023, -6196.4, 0.880035, -6196.65, -8.09486e-05, -8.09524e-05, -8.09327e-05, 0.0408095, 0.866115, 0.0412283, -0.58403, 0.0412327
285.201, 0.836819, -6196.28, 0.877023, -6196.47, 0.880034, -6196.73, -6.06968e-05, -6.07134e-05, -6.07014e-05, 0.0408095, 0.866115, 0.0412281, -0.584029, 0.0412325
285.252, 0.836819, -6196.35, 0.877023, -6196.54, 0.880035, -6196.79, -6.07617e-05, -6.07128e-05, -6.07401e-05, 0.0408095, 0.866115, 0.0412281, -0.584029, 0.0412322
285.302, 0.836818, -6196.42, 0.877023, -6196.6, 0.880034, -6196.86, -6.06927e-05, -6.07128e-05, -6.06841e-05, 0.0408095, 0.866115, 0.041228, -0.584029, 0.0412319
285.353, 0.836818, -6196.48, 0.877023, -6196.67, 0.880034, -6196.92, -6.0693e-05, -6.07129e-05, -6.06644e-05, 0.0408095, 0.866115, 0.041228, -0.584029, 0.0412315
285.403, 0.836819, -6196.55, 0.877023, -6196.73, 0.880034, -6196.99, -6.07126e-05, -6.07182e-05, -6.07044e-05, 0.0408095, 0.866115, 0.0412281, -0.584029, 0.0412311
285.453, 0.836818, -6196.61, 0.877023, -6196.8, 0.880034, -6197.05, -6.07124e-05, -6.07128e-05, -6.07109e-05, 0.0408095, 0.866115, 0.0412282, -0.584029, 0.0412307
285.504, 0.836815, -6196.68, 0.877019, -6196.86, 0.880031, -6197.12, -6.07128e-05, -6.06367e-05, -6.06771e-05, 0.0408095, 0.866115, 0.0412281, -0.584024, 0.0412302
285.554, 0.836812, -6196.74, 0.877016, -6196.93, 0.880027, -6197.19, -6.07128e-05, -6.07131e-05, -6.07226e-05, 0.0408095, 0.866115, 0.0412281, -0.58402, 0.0412298
285.604, 0.836809, -6196.81, 0.877013, -6196.99, 0.880024, -6197.25, -6.07128e-05, -6.0693e-05, -6.07131e-05, 0.0408095, 0.866115, 0.041228, -0.584015, 0.0412292
285.655, 0.836805, -6196.87, 0.877009, -6197.06, 0.880021, -6197.32, -6.0693e-05, -6.06636e-05, -6.06931e-05, 0.0408095, 0.866115, 0.0412281, -0.584011, 0.0412286
285.705, 0.836805, -6196.94, 0.877009, -6197.12, 0.88002, -6197.38, -6.07128e-05, -6.07128e-05, -6.07128e-05, 0.0408095, 0.866115, 0.041228, -0.584009, 0.0412281
285.755, 0.836805, -6197.01, 0.877009, -6197.19, 0.88002, -6197.45, -6.07128e-05, -6.07128e-05, -6.07128e-05, 0.0408095, 0.866115, 0.041228, -0.58401, 0.0412275
285.806, 0.836805, -6197.07, 0.877009, -6197.26, 0.88002, -6197.51, -6.07128e-05, -6.07128e-05, -6.07128e-05, 0.0408095, 0.866115, 0.041228, -0.58401, 0.0412267
285.856, 0.836805, -6197.14, 0.877009, -6197.32, 0.88002, -6197.58, -6.07128e-05, -6.0712e-05, -6.07128e-05, 0.0408095, 0.866115, 0.0412281, -0.58401, 0.041226
285.906, 0.836805, -6197.2, 0.877009, -6197.39, 0.88002, -6197.64, -6.07128e-05, -6.07128e-05, -6.07128e-05, 0.0408095, 0.866115, 0.0412282, -0.58401, 0.0412252
285.957, 0.836805, -6197.27, 0.877009, -6197.45, 0.88002, -6197.71, -6.07128e-05, -6.07128e-05, -6.07128e-05, 0.0408095, 0.866115, 0.0412281, -0.58401, 0.0412244
286, 0.836805, -6197.32, 0.877009, -6197.51, 0.88002, -6197.77, -6.07128e-05, -6.07128e-05, -6.07128e-05, 0.0408095, 0.866115, 0.041228, -0.58401, 0.0412237
286, 0.836805, -6197.32, 0.877009, -6197.51, 0.88002, -6197.77, -6.07128e-05, -6.07128e-05, -6.07128e-05, 0.0408338, 0.866115, 0.041228, -0.584009, 0.0412237
286.05, 0.836805, -6197.39, 0.877009, -6197.58, 0.88002, -6197.83, -6.07128e-05, -6.07128e-05, -6.07128e-05, 0.0408338, 0.866115, 0.0412281, -0.58401, 0.0412235
286.101, 0.836805, -6197.46, 0.877009, -6197.64, 0.88002, -6197.9, -6.07128e-05, -6.07128e-05, -6.07128e-05, 0.0408338, 0.866115, 0.0412279, -0.584009, 0.0412232
286.151, 0.836805, -6197.52, 0.877009, -6197.71, 0.88002, -6197.96, -6.07128e-05, -6.07128e-05, -6.07128e-05, 0.0408338, 0.866115, 0.0412282, -0.58401, 0.0412229
286.201, 0.836805, -6197.59, 0.877009, -6197.77, 0.88002, -6198.03, -6.07128e-05, -6.07102e-05, -6.07128e-05, 0.0408338, 0.866115, 0.0412281, -0.58401, 0.0412225
286.252, 0.836804, -6197.65, 0.877008, -6197.84, 0.880019, -6198.09, -6.07128e-05, -6.06719e-05, -6.07128e-05, 0.0408338, 0.866115, 0.041228, -0.584008, 0.0412222
286.302, 0.836801, -6197.72, 0.877005, -6197.9, 0.880016, -6198.16, -6.07128e-05, -6.06511e-05, -6.06883e-05, 0.0408338, 0.866115, 0.0412281, -0.584004, 0.0412219
286.353, 0.836798, -6197.78, 0.877001, -6197.97, 0.880012, -6198.23, -6.07128e-05, -6.07142e-05, -6.07229e-05, 0.0408338, 0.866115, 0.0412281, -0.584, 0.0412215
286.403, 0.836796, -6197.85, 0.876999, -6198.03, 0.880011, -6198.29, -6.07128e-05, -6.072e-05, -6.06561e-05, 0.0408338, 0.866115, 0.0412281, -0.583998, 0.0412211
286.453, 0.836796, -6197.91, 0.876999, -6198.1, 0.880011, -6198.36, -6.07128e-05, -6.07129e-05, -6.07185e-05, 0.0408338, 0.866115, 0.041228, -0.583998, 0.0412207
286.504, 0.836796, -6197.98, 0.877, -6198.17, 0.880011, -6198.42, -6.07128e-05, -6.07128e-05, -6.07279e-05, 0.0408338, 0.866115, 0.0412281, -0.583998, 0.0412201
286.554, 0.836796, -6198.04, 0.876999, -6198.23, 0.880011, -6198.49, -6.07128e-05, -6.07128e-05, -6.07168e-05, 0.0408338, 0.866115, 0.0412279, -0.583997, 0.0412195
286.604, 0.836796, -6198.11, 0.876999, -6198.3, 0.880011, -6198.55, -6.07128e-05, -6.07128e-05, -6.07128e-05, 0.0408338, 0.866115, 0.0412281, -0.583997, 0.0412189
286.655, 0.836796, -6198.18, 0.877, -6198.36, 0.880011, -6198.62, -6.07128e-05, -6.07128e-05, -6.07128e-05, 0.0408338, 0.866115, 0.0412281, -0.583998, 0.0412183
286.705, 0.836796, -6198.24, 0.876999, -6198.43, 0.880011, -6198.68, -6.07128e-05, -6.07128e-05, -6.07163e-05, 0.0408338, 0.866115, 0.041228, -0.583997, 0.0412176
286.755, 0.836796, -6198.31, 0.877, -6198.49, 0.880011, -6198.75, -6.07128e-05, -6.07128e-05, -6.07148e-05, 0.0408338, 0.866115, 0.0412281, -0.583997, 0.041217
286.806, 0.836796, -6198.37, 0.876999, -6198.56, 0.880011, -6198.82, -6.07128e-05, -6.07128e-05, -6.07128e-05, 0.0408338, 0.866115, 0.0412281, -0.583998, 0.0412163
286.856, 0.836796, -6198.44, 0.877, -6198.62, 0.880011, -6198.88, -6.07128e-05, -6.07128e-05, -6.0713e-05, 0.0408338, 0.866115, 0.041228, -0.583997, 0.0412155
286.906, 0.836796, -6198.5, 0.877, -6198.69, 0.880011, -6198.95, -6.07128e-05, -6.07148e-05, -6.07152e-05, 0.0408338, 0.866115, 0.0412279, -0.583997, 0.0412148
286.957, 0.836796, -6198.57, 0.876999, -6198.75, 0.880011, -6199.01, -6.07128e-05, -6.07128e-05, -6.07128e-05, 0.0408338, 0.866115, 0.0412279, -0.583997, 0.041214
287, 0.836794, -6198.63, 0.876997, -6198.81, 0.880008, -6199.07, -6.07656e-05, -6.07629e-05, -6.07918e-05, 0.0408338, 0.866115, 0.041228, -0.583994, 0.0412134
287, 0.836793, -6198.63, 0.876997, -6198.81, 0.880008, -6199.07, -6.07656e-05, -6.07629e-05, -6.07918e-05, 0.0408581, 0.866115, 0.041228, -0.583993, 0.0412134
287.05, 0.836791, -6198.69, 0.876995, -6198.88, 0.880006, -6199.13, -6.07883e-05, -6.0757e-05, -6.07058e-05, 0.0408581, 0.866115, 0.041228, -0.58399, 0.0412132
287.101, 0.836791, -6198.76, 0.876994, -6198.94, 0.880006, -6199.2, -6.07477e-05, -6.07129e-05, -6.07424e-05, 0.0408581, 0.866115, 0.041228, -0.58399, 0.041213
287.151, 0.836791, -6198.82, 0.876994, -6199.01, 0.880006, -6199.26, -6.07129e-05, -6.07128e-05, -6.07129e-05, 0.0408581, 0.866115, 0.041228, -0.58399, 0.0412127
287.202, 0.836791, -6198.89, 0.876994, -6199.07, 0.880006, -6199.33, -6.07131e-05, -6.07128e-05, -6.07135e-05, 0.0408581, 0.866115, 0.041228, -0.583991, 0.0412125
287.252, 0.836791, -6198.95, 0.876994, -6199.14, 0.880006, -6199.4, -6.07128e-05, -6.07128e-05, -6.07139e-05, 0.0408581, 0.866115, 0.0412279, -0.58399, 0.0412122
287.302, 0.836791, -6199.02, 0.876994, -6199.2, 0.880006, -6199.46, -6.0713e-05, -6.07128e-05, -6.07128e-05, 0.0408581, 0.866115, 0.0412281, -0.583991, 0.041212
287.353, 0.836791, -6199.08, 0.876994, -6199.27, 0.880006, -6199.53, -6.0719e-05, -6.07128e-05, -6.064e-05, 0.0408581, 0.866115, 0.0412279, -0.58399, 0.0412117
287.403, 0.836791, -6199.15, 0.876994, -6199.34, 0.880006, -6199.59, -6.07128e-05, -6.07128e-05, -6.07128e-05, 0.0408581, 0.866115, 0.041228, -0.583991, 0.0412114
287.453, 0.836791, -6199.22, 0.876994, -6199.4, 0.880006, -6199.66, -6.07128e-05, -6.07128e-05, -6.07128e-05, 0.0408581, 0.866115, 0.041228, -0.58399, 0.041211
287.504, 0.836791, -6199.28, 0.876994, -6199.47, 0.880006, -6199.72, -6.07128e-05, -6.07128e-05, -6.07128e-05, 0.0408581, 0.866115, 0.0412279, -0.58399, 0.0412106
287.554, 0.836791, -6199.35, 0.876994, -6199.53, 0.880005, -6199.79, -6.07128e-05, -6.07128e-05, -6.07128e-05, 0.0408581, 0.866115, 0.0412279, -0.58399, 0.0412102
287.604, 0.836791, -6199.41, 0.876994, -6199.6, 0.880005, -6199.85, -6.07128e-05, -6.07128e-05, -6.07128e-05, 0.0408581, 0.866115, 0.041228, -0.58399, 0.0412098
287.655, 0.836791, -6199.48, 0.876994, -6199.66, 0.880005, -6199.92, -6.07128e-05, -6.07128e-05, -6.07128e-05, 0.0408581, 0.866115, 0.0412279, -0.58399, 0.0412093
287.705, 0.836791, -6199.54, 0.876994, -6199.73, 0.880005, -6199.99, -6.07128e-05, -6.07128e-05, -6.07128e-05, 0.0408581, 0.866115, 0.041228, -0.58399, 0.0412088
287.755, 0.836791, -6199.61, 0.876994, -6199.79, 0.880005, -6200.05, -6.07128e-05, -6.07128e-05, -6.07128e-05, 0.0408581, 0.866115, 0.041228, -0.583989, 0.0412084
287.806, 0.836791, -6199.67, 0.876994, -6199.86, 0.880005, -6200.12, -6.07131e-05, -6.07128e-05, -6.07128e-05, 0.0408581, 0.866115, 0.041228, -0.583989, 0.0412079
287.856, 0.836791, -6199.74, 0.876994, -6199.93, 0.880005, -6200.18, -6.07128e-05, -6.07128e-05, -6.07128e-05, 0.0408581, 0.866115, 0.041228, -0.58399, 0.0412072
287.906, 0.836791, -6199.81, 0.876994, -6199.99, 0.880005, -6200.25, -6.07128e-05, -6.07128e-05, -6.07128e-05, 0.0408581, 0.866115, 0.041228, -0.583989, 0.0412065
287.957, 0.83679, -6199.87, 0.876994, -6200.06, 0.880005, -6200.31, -6.07128e-05, -6.07128e-05, -6.07128e-05, 0.0408581, 0.866115, 0.041228, -0.583989, 0.0412059
288, 0.83679, -6199.93, 0.876994, -6200.11, 0.880005, -6200.37, -6.07128e-05, -6.07128e-05, -6.07128e-05, 0.0408581, 0.866115, 0.0412279, -0.583989, 0.0412053
288, 0.83679, -6199.93, 0.876993, -6200.11, 0.880005, -6200.37, -6.07128e-05, -6.07128e-05, -6.07128e-05, 0.0408824, 0.866115, 0.0412278, -0.583988, 0.0412053
288.05, 0.83679, -6199.99, 0.876994, -6200.18, 0.880005, -6200.44, -6.07128e-05, -6.07128e-05, -6.07128e-05, 0.0408824, 0.866115, 0.041228, -0.583989, 0.0412053
288.101, 0.83679, -6200.06, 0.876993, -6200.24, 0.880005, -6200.5, -6.07128e-05, -6.07128e-05, -6.07128e-05, 0.0408824, 0.866115, 0.0412281, -0.583989, 0.0412053
288.151, 0.83679, -6200.12, 0.876993, -6200.31, 0.880005, -6200.57, -6.07128e-05, -6.07128e-05, -6.07128e-05, 0.0408824, 0.866115, 0.041228, -0.583989, 0.0412052
288.202, 0.83679, -6200.19, 0.876993, -6200.38, 0.880004, -6200.63, -6.07128e-05, -6.07119e-05, -6.07128e-05, 0.0408824, 0.866115, 0.0412281, -0.583989, 0.0412051
288.252, 0.83679, -6200.26, 0.876993, -6200.44, 0.880004, -6200.7, -6.07128e-05, -6.07013e-05, -6.07128e-05, 0.0408824, 0.866115, 0.041228, -0.583989, 0.041205
288.302, 0.83679, -6200.32, 0.876993, -6200.51, 0.880004, -6200.76, -6.07128e-05, -6.06708e-05, -6.06979e-05, 0.0408824, 0.866115, 0.0412281, -0.583988, 0.0412048
288.353, 0.83679, -6200.39, 0.876993, -6200.57, 0.880004, -6200.83, -6.07128e-05, -6.07038e-05, -6.071e-05, 0.0408824, 0.866115, 0.0412281, -0.583989, 0.0412046
288.403, 0.83679, -6200.45, 0.876993, -6200.64, 0.880004, -6200.89, -6.07128e-05, -6.0706e-05, -6.07128e-05, 0.0408824, 0.866115, 0.041228, -0.583989, 0.0412044
288.453, 0.83679, -6200.52, 0.876993, -6200.7, 0.880004, -6200.96, -6.07128e-05, -6.06898e-05, -6.06915e-05, 0.0408824, 0.866115, 0.041228, -0.583988, 0.0412041
288.504, 0.83679, -6200.58, 0.876993, -6200.77, 0.880004, -6201.03, -6.07128e-05, -6.06632e-05, -6.07667e-05, 0.0408824, 0.866115, 0.041228, -0.583988, 0.0412038
288.554, 0.83679, -6200.65, 0.876993, -6200.83, 0.880004, -6201.09, -6.07065e-05, -6.06901e-05, -6.0705e-05, 0.0408824, 0.866115, 0.041228, -0.583989, 0.0412036
288.604, 0.83679, -6200.71, 0.876993, -6200.9, 0.880004, -6201.16, -6.07128e-05, -6.06818e-05, -6.06845e-05, 0.0408824, 0.866115, 0.0412279, -0.583988, 0.0412032
288.655, 0.83679, -6200.78, 0.876993, -6200.97, 0.880004, -6201.22, -6.07122e-05, -6.06976e-05, -6.07085e-05, 0.0408824, 0.866115, 0.0412281, -0.583989, 0.0412029
288.705, 0.83679, -6200.85, 0.876993, -6201.03, 0.880004, -6201.29, -6.07128e-05, -6.066e-05, -6.07093e-05, 0.0408824, 0.866115, 0.0412279, -0.583988, 0.0412025
288.755, 0.83679, -6200.91, 0.876993, -6201.1, 0.880004, -6201.35, -6.07128e-05, -6.07078e-05, -6.07082e-05, 0.0408824, 0.866115, 0.0412279, -0.583988, 0.0412021
288.806, 0.83679, -6200.98, 0.876993, -6201.16, 0.880004, -6201.42, -6.07128e-05, -6.07003e-05, -6.07127e-05, 0.0408824, 0.866115, 0.041228, -0.583989, 0.0412018
288.856, 0.83679, -6201.04, 0.876993, -6201.23, 0.880004, -6201.48, -6.07128e-05, -6.06934e-05, -6.07008e-05, 0.0408824, 0.866115, 0.041228, -0.583988, 0.0412014
288.906, 0.83679, -6201.11, 0.876993, -6201.29, 0.880004, -6201.55, -6.07128e-05, -6.06945e-05, -6.07108e-05, 0.0408824, 0.866115, 0.041228, -0.583988, 0.0412009
288.957, 0.83679, -6201.17, 0.876993, -6201.36, 0.880004, -6201.62, -6.07128e-05, -6.06924e-05, -6.07105e-05, 0.0408824, 0.866115, 0.041228, -0.583988, 0.0412004
289, 0.83679, -6201.23, 0.876993, -6201.42, 0.880004, -6201.67, -6.07128e-05, -6.07034e-05, -6.07128e-05, 0.0408824, 0.866115, 0.0412281, -0.583988, 0.0412
289, 0.83679, -6201.23, 0.876993, -6201.42, 0.880004, -6201.67, -6.07128e-05, -6.07034e-05, -6.07128e-05, 0.0409067, 0.866115, 0.0412279, -0.583987, 0.0412
289.051, 0.83679, -6201.3, 0.876993, -6201.48, 0.880004, -6201.74, -6.07128e-05, -6.07343e-05, -6.06915e-05, 0.0409067, 0.866115, 0.0412281, -0.583989, 0.0412001
289.101, 0.83679, -6201.36, 0.876993, -6201.55, 0.880004, -6201.8, -6.07128e-05, -6.07405e-05, -6.07031e-05, 0.0409067, 0.866115, 0.0412279, -0.583988, 0.0412002
289.151, 0.83679, -6201.43, 0.876993, -6201.61, 0.880004, -6201.87, -6.07017e-05, -6.06575e-05, -6.06813e-05, 0.0409067, 0.866115, 0.041228, -0.583988, 0.0412003
289.202, 0.83679, -6201.49, 0.876993, -6201.68, 0.880004, -6201.93, -6.07128e-05, -6.06998e-05, -6.07122e-05, 0.0409067, 0.866115, 0.0412281, -0.583988, 0.0412003
289.252, 0.83679, -6201.56, 0.876993, -6201.74, 0.880004, -6202, -6.07128e-05, -6.07012e-05, -6.07065e-05, 0.0409067, 0.866115, 0.041228, -0.583988, 0.0412003
289.302, 0.83679, -6201.62, 0.876993, -6201.81, 0.880004, -6202.07, -6.07128e-05, -6.06727e-05, -6.0704e-05, 0.0409067, 0.866115, 0.041228, -0.583988, 0.0412002
289.353, 0.83679, -6201.69, 0.876993, -6201.87, 0.880004, -6202.13, -6.07128e-05, -6.07404e-05, -6.07115e-05, 0.0409067, 0.866115, 0.0412281, -0.583989, 0.0412001
289.403, 0.83679, -6201.75, 0.876993, -6201.94, 0.880004, -6202.2, -6.07128e-05, -6.06595e-05, -6.07126e-05, 0.0409067, 0.866115, 0.041228, -0.583988, 0.0412001
289.453, 0.83679, -6201.82, 0.876993, -6202.01, 0.880004, -6202.26, -6.07123e-05, -6.07522e-05, -6.07044e-05, 0.0409067, 0.866115, 0.0412279, -0.583988, 0.0412
289.504, 0.83679, -6201.89, 0.876993, -6202.07, 0.880004, -6202.33, -6.07128e-05, -6.06831e-05, -6.07065e-05, 0.0409067, 0.866115, 0.041228, -0.583988, 0.0411999
289.554, 0.83679, -6201.95, 0.876993, -6202.14, 0.880004, -6202.39, -6.07128e-05, -6.06839e-05, -6.06999e-05, 0.0409067, 0.866115, 0.0412279, -0.583988, 0.0411998
289.604, 0.83679, -6202.02, 0.876993, -6202.2, 0.880004, -6202.46, -6.07082e-05, -6.06458e-05, -6.07018e-05, 0.0409067, 0.866115, 0.0412281, -0.583988, 0.0411997
289.655, 0.83679, -6202.08, 0.876993, -6202.27, 0.880004, -6202.52, -6.07128e-05, -6.06668e-05, -6.06873e-05, 0.0409067, 0.866115, 0.041228, -0.583988, 0.0411996
289.705, 0.83679, -6202.15, 0.876993, -6202.33, 0.880004, -6202.59, -6.07128e-05, -6.07372e-05, -6.07114e-05, 0.0409067, 0.866115, 0.0412281, -0.583989, 0.0411994
289.755, 0.83679, -6202.21, 0.876993, -6202.4, 0.880004, -6202.66, -6.07128e-05, -6.0754e-05, -6.07796e-05, 0.0409067, 0.866115, 0.041228, -0.583988, 0.0411992
289.806, 0.83679, -6202.28, 0.876993, -6202.46, 0.880004, -6202.72, -6.07128e-05, -6.06667e-05, -6.07106e-05, 0.0409067, 0.866115, 0.041228, -0.583988, 0.041199
289.856, 0.83679, -6202.34, 0.876993, -6202.53, 0.880004, -6202.79, -6.07128e-05, -6.07225e-05, -6.06771e-05, 0.0409067, 0.866115, 0.041228, -0.583988, 0.0411988
289.907, 0.83679, -6202.41, 0.876993, -6202.6, 0.880004, -6202.85, -6.07128e-05, -6.07345e-05, -6.06926e-05, 0.0409067, 0.866115, 0.041228, -0.583988, 0.0411986
289.957, 0.83679, -6202.48, 0.876993, -6202.66, 0.880004, -6202.92, -6.07128e-05, -6.07589e-05, -6.07108e-05, 0.0409067, 0.866115, 0.041228, -0.583988, 0.0411983
290, 0.836789, -6202.51, 0.876993, -6202.7, 0.880004, -6202.96, -4.04753e-05, -4.04465e-05, -4.04753e-05, 0.0409067, 0.866115, 0.041228, -0.583988, 0.041198
290, 0.836789, -6202.51, 0.876993, -6202.7, 0.880004, -6202.96, -4.04753e-05, -4.04465e-05, -4.04753e-05, 0.0409229, 0.866115, 0.0412279, -0.583987, 0.041198
290.051, 0.83679, -6202.56, 0.876993, -6202.74, 0.880004, -6203, -4.04752e-05, -4.04544e-05, -4.04752e-05, 0.0409229, 0.866115, 0.0412279, -0.583988, 0.0411981
290.101, 0.83679, -6202.6, 0.876993, -6202.79, 0.880004, -6203.04, -4.04752e-05, -4.05392e-05, -4.04752e-05, 0.0409229, 0.866115, 0.0412281, -0.583988, 0.0411982
290.151, 0.836789, -6202.64, 0.876993, -6202.83, 0.880004, -6203.09, -4.04752e-05, -4.05096e-05, -4.04752e-05, 0.0409229, 0.866115, 0.041228, -0.583988, 0.0411983
290.202, 0.83679, -6202.69, 0.876993, -6202.87, 0.880004, -6203.13, -4.04752e-05, -4.04605e-05, -4.04752e-05, 0.0409229, 0.866115, 0.0412281, -0.583988, 0.0411983
290.252, 0.83679, -6202.73, 0.876993, -6202.92, 0.880004, -6203.17, -4.04752e-05, -4.0448e-05, -4.04752e-05, 0.0409229, 0.866115, 0.041228, -0.583988, 0.0411983
290.302, 0.83679, -6202.78, 0.876993, -6202.96, 0.880004, -6203.22, -4.04752e-05, -4.05488e-05, -4.04752e-05, 0.0409229, 0.866115, 0.041228, -0.583987, 0.0411983
290.353, 0.83679, -6202.82, 0.876993, -6203, 0.880004, -6203.26, -4.04752e-05, -4.0466e-05, -4.04752e-05, 0.0409229, 0.866115, 0.0412279, -0.583988, 0.0411983
290.403, 0.836789, -6202.86, 0.876993, -6203.05, 0.880004, -6203.3, -4.04752e-05, -4.04714e-05, -4.04752e-05, 0.0409229, 0.866115, 0.041228, -0.583987, 0.0411982
290.453, 0.83679, -6202.91, 0.876993, -6203.09, 0.880004, -6203.35, -4.04752e-05, -4.04716e-05, -4.04752e-05, 0.0409229, 0.866115, 0.041228, -0.583988, 0.0411981
290.504, 0.836789, -6202.95, 0.876993, -6203.14, 0.880004, -6203.39, -4.04752e-05, -4.04751e-05, -4.04752e-05, 0.0409229, 0.866115, 0.0412279, -0.583988, 0.041198
290.554, 0.83679, -6202.99, 0.876993, -6203.18, 0.880004, -6203.44, -4.04752e-05, -4.04689e-05, -4.04752e-05, 0.0409229, 0.866115, 0.041228, -0.583988, 0.0411979
290.604, 0.836789, -6203.04, 0.876993, -6203.22, 0.880004, -6203.48, -4.04752e-05, -4.04739e-05, -4.04752e-05, 0.0409229, 0.866115, 0.041228, -0.583988, 0.0411977
290.655, 0.83679, -6203.08, 0.876993, -6203.27, 0.880004, -6203.52, -4.04752e-05, -4.04751e-05, -4.04752e-05, 0.0409229, 0.866115, 0.041228, -0.583988, 0.0411975
290.705, 0.836789, -6203.12, 0.876993, -6203.31, 0.880004, -6203.57, -4.04752e-05, -4.0475e-05, -4.04752e-05, 0.0409229, 0.866115, 0.041228, -0.583988, 0.0411973
290.755, 0.83679, -6203.17, 0.876993, -6203.35, 0.880004, -6203.61, -4.04752e-05, -4.04496e-05, -4.04752e-05, 0.0409229, 0.866115, 0.041228, -0.583988, 0.0411971
290.806, 0.83679, -6203.21, 0.876993, -6203.4, 0.880004, -6203.65, -4.04752e-05, -4.04752e-05, -4.04752e-05, 0.0409229, 0.866115, 0.041228, -0.583988, 0.0411969
290.856, 0.836789, -6203.26, 0.876993, -6203.44, 0.880004, -6203.7, -4.04752e-05, -4.04725e-05, -4.04752e-05, 0.0409229, 0.866115, 0.041228, -0.583988, 0.0411968
290.907, 0.836789, -6203.3, 0.876993, -6203.49, 0.880004, -6203.74, -4.04752e-05, -4.04747e-05, -4.04752e-05, 0.0409229, 0.866115, 0.0412279, -0.583987, 0.0411965
290.957, 0.836789, -6203.34, 0.876993, -6203.53, 0.880004, -6203.79, -4.04752e-05, -4.0464e-05, -4.04752e-05, 0.0409229, 0.866115, 0.0412279, -0.583988, 0.0411962
291, 0.83679, -6203.38, 0.876993, -6203.57, 0.880004, -6203.82, -4.04752e-05, -4.04752e-05, -4.04752e-05, 0.0409229, 0.866115, 0.041228, -0.583988, 0.041196
291, 0.836789, -6203.38, 0.876993, -6203.57, 0.880004, -6203.82, -4.04752e-05, -4.04752e-05, -4.04752e-05, 0.0409391, 0.866115, 0.041228, -0.583988, 0.041196
291.051, 0.836789, -6203.42, 0.876993, -6203.61, 0.880004, -6203.87, -4.04752e-05, -4.04752e-05, -4.04752e-05, 0.0409391, 0.866115, 0.041228, -0.583988, 0.0411961
291.101, 0.83679, -6203.47, 0.876993, -6203.65, 0.880004, -6203.91, -4.04752e-05, -4.04725e-05, -4.04752e-05, 0.0409391, 0.866115, 0.041228, -0.583988, 0.0411962
291.151, 0.83679, -6203.51, 0.876993, -6203.7, 0.880004, -6203.95, -4.04752e-05, -4.04736e-05, -4.04752e-05, 0.0409391, 0.866115, 0.041228, -0.583988, 0.0411962
291.202, 0.836789, -6203.56, 0.876993, -6203.74, 0.880004, -6204, -4.04752e-05, -4.04751e-05, -4.04752e-05, 0.0409391, 0.866115, 0.041228, -0.583987, 0.0411963
291.252, 0.836789, -6203.6, 0.876993, -6203.79, 0.880004, -6204.04, -4.04752e-05, -4.04571e-05, -4.04752e-05, 0.0409391, 0.866115, 0.041228, -0.583988, 0.0411963
291.302, 0.83679, -6203.64, 0.876993, -6203.83, 0.880004, -6204.09, -4.04752e-05, -4.04713e-05, -4.04752e-05, 0.0409391, 0.866115, 0.0412279, -0.583988, 0.0411963
291.353, 0.836789, -6203.69, 0.876993, -6203.87, 0.880004, -6204.13, -4.04752e-05, -4.05538e-05, -4.04752e-05, 0.0409391, 0.866115, 0.0412279, -0.583987, 0.0411963
291.403, 0.83679, -6203.73, 0.876993, -6203.92, 0.880004, -6204.17, -4.04752e-05, -4.04553e-05, -4.04752e-05, 0.0409391, 0.866115, 0.041228, -0.583988, 0.0411962
291.453, 0.83679, -6203.77, 0.876993, -6203.96, 0.880004, -6204.22, -4.04752e-05, -4.04751e-05, -4.04752e-05, 0.0409391, 0.866115, 0.041228, -0.583988, 0.0411961
291.504, 0.836789, -6203.82, 0.876993, -6204, 0.880004, -6204.26, -4.04752e-05, -4.0475e-05, -4.04752e-05, 0.0409391, 0.866115, 0.0412279, -0.583987, 0.041196
291.554, 0.83679, -6203.86, 0.876993, -6204.05, 0.880004, -6204.3, -4.04752e-05, -4.05542e-05, -4.04752e-05, 0.0409391, 0.866115, 0.041228, -0.583988, 0.0411959
291.604, 0.83679, -6203.91, 0.876993, -6204.09, 0.880004, -6204.35, -4.04752e-05, -4.04727e-05, -4.04752e-05, 0.0409391, 0.866115, 0.041228, -0.583988, 0.0411959
291.655, 0.83679, -6203.95, 0.876993, -6204.13, 0.880004, -6204.39, -4.04752e-05, -4.04733e-05, -4.04752e-05, 0.0409391, 0.866115, 0.041228, -0.583988, 0.0411957
291.705, 0.836789, -6203.99, 0.876993, -6204.18, 0.880004, -6204.44, -4.04752e-05, -4.04639e-05, -4.04752e-05, 0.0409391, 0.866115, 0.041228, -0.583988, 0.0411955
291.756, 0.83679, -6204.04, 0.876993, -6204.22, 0.880004, -6204.48, -4.04752e-05, -4.04728e-05, -4.04752e-05, 0.0409391, 0.866115, 0.041228, -0.583988, 0.0411953
291.806, 0.83679, -6204.08, 0.876993, -6204.27, 0.880004, -6204.52, -4.04752e-05, -4.0475e-05, -4.04752e-05, 0.0409391, 0.866115, 0.041228, -0.583988, 0.0411952
291.856, 0.83679, -6204.12, 0.876993, -6204.31, 0.880004, -6204.57, -4.04752e-05, -4.04751e-05, -4.04752e-05, 0.0409391, 0.866115, 0.041228, -0.583988, 0.041195
291.907, 0.83679, -6204.17, 0.876993, -6204.35, 0.880004, -6204.61, -4.04752e-05, -4.04731e-05, -4.04752e-05, 0.0409391, 0.866115, 0.0412279, -0.583987, 0.0411948
291.957, 0.836789, -6204.21, 0.876993, -6204.4, 0.880004, -6204.65, -4.04752e-05, -4.04751e-05, -4.04752e-05, 0.0409391, 0.866115, 0.041228, -0.583988, 0.0411946
292, 0.836789, -6204.25, 0.876993, -6204.43, 0.880004, -6204.69, -4.04752e-05, -4.04747e-05, -4.04752e-05, 0.0409391, 0.866115, 0.0412279, -0.583987, 0.0411944
292, 0.836789, -6204.25, 0.876992, -6204.43, 0.880004, -6204.69, -4.04752e-05, -4.04747e-05, -4.04752e-05, 0.0409553, 0.866115, 0.0412278, -0.583987, 0.0411944
292.051, 0.836789, -6204.29, 0.876993, -6204.48, 0.880004, -6204.74, -4.04752e-05, -4.04639e-05, -4.04752e-05, 0.0409553, 0.866115, 0.041228, -0.583988, 0.0411946
292.101, 0.836789, -6204.34, 0.876993, -6204.52, 0.880004, -6204.78, -4.04752e-05, -4.04689e-05, -4.04752e-05, 0.0409553, 0.866115, 0.041228, -0.583988, 0.0411948
292.151, 0.836789, -6204.38, 0.876993, -6204.57, 0.880004, -6204.82, -4.04752e-05, -4.04748e-05, -4.04752e-05, 0.0409553, 0.866115, 0.041228, -0.583988, 0.0411949
292.202, 0.83679, -6204.42, 0.876993, -6204.61, 0.880004, -6204.87, -4.04752e-05, -4.04747e-05, -4.04752e-05, 0.0409553, 0.866115, 0.0412279, -0.583987, 0.0411951
292.252, 0.836789, -6204.47, 0.876993, -6204.65, 0.880004, -6204.91, -4.04752e-05, -4.04726e-05, -4.04752e-05, 0.0409553, 0.866115, 0.041228, -0.583988, 0.0411953
292.302, 0.836789, -6204.51, 0.876993, -6204.7, 0.880004, -6204.95, -4.04752e-05, -4.04752e-05, -4.04752e-05, 0.0409553, 0.866115, 0.0412279, -0.583988, 0.0411954
292.353, 0.836789, -6204.56, 0.876993, -6204.74, 0.880004, -6205, -4.04752e-05, -4.04554e-05, -4.04752e-05, 0.0409553, 0.866115, 0.0412279, -0.583987, 0.0411955
292.403, 0.836789, -6204.6, 0.876993, -6204.78, 0.880004, -6205.04, -4.04752e-05, -4.04689e-05, -4.04752e-05, 0.0409553, 0.866115, 0.041228, -0.583988, 0.0411956
292.453, 0.836789, -6204.64, 0.876993, -6204.83, 0.880004, -6205.08, -4.04752e-05, -4.04732e-05, -4.04752e-05, 0.0409553, 0.866115, 0.0412279, -0.583988, 0.0411957
292.504, 0.83679, -6204.69, 0.876993, -6204.87, 0.880004, -6205.13, -4.04752e-05, -4.04752e-05, -4.04752e-05, 0.0409553, 0.866115, 0.041228, -0.583988, 0.0411957
292.554, 0.836789, -6204.73, 0.876993, -6204.92, 0.880004, -6205.17, -4.04752e-05, -4.04752e-05, -4.04752e-05, 0.0409553, 0.866115, 0.041228, -0.583988, 0.0411957
292.604, 0.836789, -6204.77, 0.876993, -6204.96, 0.880004, -6205.22, -4.04752e-05, -4.04752e-05, -4.04752e-05, 0.0409553, 0.866115, 0.041228, -0.583988, 0.0411957
292.655, 0.83679, -6204.82, 0.876993, -6205, 0.880004, -6205.26, -4.04752e-05, -4.04681e-05, -4.04752e-05, 0.0409553, 0.866115, 0.041228, -0.583988, 0.0411957
292.705, 0.836789, -6204.86, 0.876993, -6205.05, 0.880004, -6205.3, -4.04752e-05, -4.04752e-05, -4.04752e-05, 0.0409553, 0.866115, 0.041228, -0.583988, 0.0411957
292.756, 0.836789, -6204.91, 0.876993, -6205.09, 0.880004, -6205.35, -4.04752e-05, -4.04737e-05, -4.04752e-05, 0.0409553, 0.866115, 0.0412279, -0.583988, 0.0411957
292.806, 0.836789, -6204.95, 0.876993, -6205.13, 0.880004, -6205.39, -4.04752e-05, -4.04741e-05, -4.04752e-05, 0.0409553, 0.866115, 0.041228, -0.583988, 0.0411956
292.856, 0.83679, -6204.99, 0.876993, -6205.18, 0.880004, -6205.43, -4.04752e-05, -4.04509e-05, -4.04752e-05, 0.0409553, 0.866115, 0.0412279, -0.583987, 0.0411955
292.907, 0.83679, -6205.04, 0.876993, -6205.22, 0.880004, -6205.48, -4.04752e-05, -4.04726e-05, -4.04752e-05, 0.0409553, 0.866115, 0.041228, -0.583988, 0.0411954
292.957, 0.83679, -6205.08, 0.876993, -6205.27, 0.880004, -6205.52, -4.04752e-05, -4.04752e-05, -4.04752e-05, 0.0409553, 0.866115, 0.041228, -0.583988, 0.0411953
293, 0.83679, -6205.12, 0.876993, -6205.3, 0.880005, -6205.56, -4.04752e-05, -4.04752e-05, -4.04752e-05, 0.0409553, 0.866115, 0.041228, -0.583989, 0.0411953
293, 0.83679, -6205.12, 0.876993, -6205.3, 0.880005, -6205.56, -4.04752e-05, -4.04752e-05, -4.04752e-05, 0.0409714, 0.866115, 0.0412279, -0.583988, 0.0411953
293.051, 0.836793, -6205.16, 0.876996, -6205.35, 0.880007, -6205.6, -4.04478e-05, -4.04563e-05, -4.04744e-05, 0.0409714, 0.866115, 0.041228, -0.583992, 0.0411955
293.101, 0.836796, -6205.21, 0.877, -6205.39, 0.880011, -6205.65, -4.0461e-05, -4.04744e-05, -4.04751e-05, 0.0409714, 0.866115, 0.041228, -0.583998, 0.0411958
293.151, 0.836799, -6205.25, 0.877003, -6205.43, 0.880014, -6205.69, -4.04741e-05, -4.04751e-05, -4.04752e-05, 0.0409714, 0.866115, 0.041228, -0.584001, 0.0411961
293.202, 0.836803, -6205.29, 0.877006, -6205.48, 0.880018, -6205.73, -4.04748e-05, -4.04193e-05, -4.04714e-05, 0.0409714, 0.866115, 0.041228, -0.584006, 0.0411962
293.252, 0.836806, -6205.34, 0.87701, -6205.52, 0.880021, -6205.78, -4.04751e-05, -4.04741e-05, -4.04751e-05, 0.0409714, 0.866115, 0.041228, -0.58401, 0.0411964
293.302, 0.836809, -6205.38, 0.877013, -6205.57, 0.880024, -6205.82, -4.04752e-05, -4.04751e-05, -4.03961e-05, 0.0409714, 0.866115, 0.041228, -0.584015, 0.0411966
293.353, 0.83681, -6205.42, 0.877014, -6205.61, 0.880025, -6205.87, -4.04615e-05, -4.04749e-05, -4.04752e-05, 0.0409714, 0.866115, 0.041228, -0.584016, 0.0411968
293.403, 0.83681, -6205.47, 0.877014, -6205.65, 0.880025, -6205.91, -4.04705e-05, -4.04752e-05, -4.04752e-05, 0.0409714, 0.866115, 0.041228, -0.584016, 0.0411969
293.453, 0.83681, -6205.51, 0.877014, -6205.7, 0.880025, -6205.95, -4.04752e-05, -4.04752e-05, -4.04752e-05, 0.0409714, 0.866115, 0.041228, -0.584016, 0.041197
293.504, 0.83681, -6205.55, 0.877014, -6205.74, 0.880025, -6206, -4.04752e-05, -4.04752e-05, -4.04752e-05, 0.0409714, 0.866115, 0.041228, -0.584016, 0.0411971
293.554, 0.83681, -6205.6, 0.877014, -6205.78, 0.880025, -6206.04, -4.04752e-05, -4.04752e-05, -4.04752e-05, 0.0409714, 0.866115, 0.0412281, -0.584016, 0.0411971
293.605, 0.83681, -6205.64, 0.877014, -6205.83, 0.880025, -6206.08, -4.04752e-05, -4.04752e-05, -4.04752e-05, 0.0409714, 0.866115, 0.041228, -0.584016, 0.0411972
293.655, 0.83681, -6205.69, 0.877014, -6205.87, 0.880025, -6206.13, -4.04752e-05, -4.04752e-05, -4.04752e-05, 0.0409714, 0.866115, 0.041228, -0.584016, 0.0411972
293.705, 0.83681, -6205.73, 0.877014, -6205.92, 0.880025, -6206.17, -4.04752e-05, -4.04752e-05, -4.04752e-05, 0.0409714, 0.866115, 0.041228, -0.584016, 0.0411972
293.756, 0.83681, -6205.77, 0.877014, -6205.96, 0.880025, -6206.22, -4.04752e-05, -4.04752e-05, -4.04752e-05, 0.0409714, 0.866115, 0.041228, -0.584016, 0.0411972
293.806, 0.83681, -6205.82, 0.877014, -6206, 0.880025, -6206.26, -4.04752e-05, -4.04752e-05, -4.04752e-05, 0.0409714, 0.866115, 0.0412281, -0.584017, 0.0411972
293.856, 0.836813, -6205.86, 0.877017, -6206.05, 0.880028, -6206.3, -4.04752e-05, -4.04658e-05, -4.04751e-05, 0.0409714, 0.866115, 0.041228, -0.58402, 0.0411972
293.907, 0.836816, -6205.9, 0.87702, -6206.09, 0.880032, -6206.35, -4.04307e-05, -4.04748e-05, -4.04752e-05, 0.0409714, 0.866115, 0.041228, -0.584025, 0.0411972
293.957, 0.836819, -6205.95, 0.877024, -6206.13, 0.880035, -6206.39, -4.04502e-05, -4.04752e-05, -4.04549e-05, 0.0409714, 0.866115, 0.0412281, -0.584029, 0.0411971
294, 0.836819, -6205.99, 0.877024, -6206.17, 0.880035, -6206.43, -4.04752e-05, -4.04366e-05, -4.04752e-05, 0.0409714, 0.866115, 0.0412281, -0.58403, 0.041197
294, 0.836819, -6205.99, 0.877024, -6206.17, 0.880035, -6206.43, -4.04752e-05, -4.04366e-05, -4.04752e-05, 0.0409876, 0.866115, 0.041228, -0.584029, 0.041197
294.051, 0.836819, -6206.03, 0.877024, -6206.21, 0.880035, -6206.47, -4.04752e-05, -4.04588e-05, -4.04752e-05, 0.0409876, 0.866115, 0.0412281, -0.58403, 0.0411974
294.101, 0.836819, -6206.07, 0.877024, -6206.26, 0.880035, -6206.52, -4.04752e-05, -4.04376e-05, -4.04752e-05, 0.0409876, 0.866115, 0.0412281, -0.58403, 0.0411977
294.151, 0.836819, -6206.12, 0.877024, -6206.3, 0.880035, -6206.56, -4.04752e-05, -4.04405e-05, -4.04752e-05, 0.0409876, 0.866115, 0.0412281, -0.58403, 0.0411979
294.202, 0.836819, -6206.16, 0.877024, -6206.35, 0.880035, -6206.6, -4.04752e-05, -4.04741e-05, -4.04752e-05, 0.0409876, 0.866115, 0.0412281, -0.58403, 0.0411982
294.252, 0.836819, -6206.2, 0.877024, -6206.39, 0.880035, -6206.65, -4.04752e-05, -4.0464e-05, -4.04752e-05, 0.0409876, 0.866115, 0.0412281, -0.58403, 0.0411984
294.302, 0.836819, -6206.25, 0.877024, -6206.43, 0.880035, -6206.69, -4.04752e-05, -4.04742e-05, -4.04752e-05, 0.0409876, 0.866115, 0.041228, -0.584029, 0.0411986
294.353, 0.836819, -6206.29, 0.877024, -6206.48, 0.880035, -6206.73, -4.04752e-05, -4.0475e-05, -4.04752e-05, 0.0409876, 0.866115, 0.0412281, -0.58403, 0.0411988
294.403, 0.836819, -6206.34, 0.877024, -6206.52, 0.880035, -6206.78, -4.04752e-05, -4.04537e-05, -4.04752e-05, 0.0409876, 0.866115, 0.0412281, -0.58403, 0.041199
294.453, 0.836819, -6206.38, 0.877024, -6206.56, 0.880035, -6206.82, -4.04752e-05, -4.04735e-05, -4.04752e-05, 0.0409876, 0.866115, 0.0412281, -0.58403, 0.0411991
294.504, 0.836819, -6206.42, 0.877024, -6206.61, 0.880035, -6206.86, -4.04752e-05, -4.04603e-05, -4.04752e-05, 0.0409876, 0.866115, 0.0412281, -0.58403, 0.0411991
294.554, 0.836819, -6206.47, 0.877024, -6206.65, 0.880035, -6206.91, -4.04752e-05, -4.04524e-05, -4.04752e-05, 0.0409876, 0.866115, 0.041228, -0.584029, 0.0411992
294.605, 0.836821, -6206.51, 0.877026, -6206.7, 0.880037, -6206.95, -4.04752e-05, -4.04752e-05, -4.04242e-05, 0.0409876, 0.866115, 0.0412281, -0.584032, 0.0411993
294.655, 0.836824, -6206.55, 0.877029, -6206.74, 0.880041, -6207, -4.04752e-05, -4.04752e-05, -4.04744e-05, 0.0409876, 0.866115, 0.0412281, -0.584037, 0.0411995
294.705, 0.836827, -6206.6, 0.877032, -6206.78, 0.880043, -6207.04, -4.04752e-05, -4.05009e-05, -4.04751e-05, 0.0409876, 0.866115, 0.0412281, -0.58404, 0.0411995
294.756, 0.836827, -6206.64, 0.877032, -6206.83, 0.880043, -6207.08, -4.04752e-05, -4.04751e-05, -4.04752e-05, 0.0409876, 0.866115, 0.0412281, -0.58404, 0.0411995
294.806, 0.836827, -6206.69, 0.877032, -6206.87, 0.880043, -6207.13, -4.04784e-05, -4.04752e-05, -4.04752e-05, 0.0409876, 0.866115, 0.0412281, -0.58404, 0.0411995
294.856, 0.836827, -6206.73, 0.877032, -6206.91, 0.880043, -6207.17, -4.04774e-05, -4.04752e-05, -4.04752e-05, 0.0409876, 0.866115, 0.0412281, -0.584041, 0.0411995
294.907, 0.836827, -6206.77, 0.877032, -6206.96, 0.880043, -6207.21, -4.04879e-05, -4.04752e-05, -4.04752e-05, 0.0409876, 0.866115, 0.0412281, -0.58404, 0.0411995
294.957, 0.836827, -6206.82, 0.877032, -6207, 0.880043, -6207.26, -4.04165e-05, -4.04752e-05, -4.04752e-05, 0.0409876, 0.866115, 0.0412281, -0.584041, 0.0411995
295, 0.836827, -6206.85, 0.877032, -6207.04, 0.880043, -6207.3, -4.03998e-05, -4.04752e-05, -4.04752e-05, 0.0409876, 0.866115, 0.0412281, -0.584041, 0.0411995
295, 0.836827, -6206.85, 0.877032, -6207.04, 0.880043, -6207.3, -4.03998e-05, -4.04752e-05, -4.04752e-05, 0.0410038, 0.866115, 0.041228, -0.58404, 0.0411995
295.051, 0.836827, -6206.9, 0.877032, -6207.08, 0.880043, -6207.34, -4.05013e-05, -4.04752e-05, -4.04752e-05, 0.0410038, 0.866115, 0.0412281, -0.58404, 0.0412
295.101, 0.836827, -6206.94, 0.877032, -6207.13, 0.880043, -6207.38, -4.04915e-05, -4.04752e-05, -4.04752e-05, 0.0410038, 0.866115, 0.0412281, -0.58404, 0.0412004
295.151, 0.836827, -6206.98, 0.877032, -6207.17, 0.880043, -6207.43, -4.04905e-05, -4.04752e-05, -4.04752e-05, 0.0410038, 0.866115, 0.0412281, -0.58404, 0.0412008
295.202, 0.836827, -6207.03, 0.877032, -6207.21, 0.880043, -6207.47, -4.05295e-05, -4.04752e-05, -4.04752e-05, 0.0410038, 0.866115, 0.0412281, -0.584041, 0.0412011
295.252, 0.836828, -6207.07, 0.877033, -6207.26, 0.880044, -6207.51, -4.04718e-05, -4.04752e-05, -4.04752e-05, 0.0410038, 0.866115, 0.0412281, -0.584041, 0.0412015
295.302, 0.83683, -6207.12, 0.877036, -6207.3, 0.880047, -6207.56, -4.04661e-05, -4.04751e-05, -4.04752e-05, 0.0410038, 0.866115, 0.0412281, -0.584046, 0.0412018
295.353, 0.83683, -6207.16, 0.877036, -6207.35, 0.880047, -6207.6, -4.04752e-05, -4.04752e-05, -4.0475e-05, 0.0410038, 0.866115, 0.0412281, -0.584045, 0.0412021
295.403, 0.836831, -6207.2, 0.877036, -6207.39, 0.880047, -6207.65, -4.04752e-05, -4.04752e-05, -4.04752e-05, 0.0410038, 0.866115, 0.0412281, -0.584045, 0.0412023
295.454, 0.836831, -6207.25, 0.877036, -6207.43, 0.880047, -6207.69, -4.04752e-05, -4.04752e-05, -4.04752e-05, 0.0410038, 0.866115, 0.0412281, -0.584045, 0.0412026
295.504, 0.836831, -6207.29, 0.877036, -6207.48, 0.880047, -6207.73, -4.04752e-05, -4.04752e-05, -4.04752e-05, 0.0410038, 0.866115, 0.0412281, -0.584046, 0.0412028
295.554, 0.836831, -6207.33, 0.877036, -6207.52, 0.880047, -6207.78, -4.04752e-05, -4.04752e-05, -4.04752e-05, 0.0410038, 0.866115, 0.0412281, -0.584046, 0.041203
295.605, 0.836831, -6207.38, 0.877036, -6207.56, 0.880047, -6207.82, -4.04752e-05, -4.04752e-05, -4.04752e-05, 0.0410038, 0.866115, 0.0412281, -0.584046, 0.0412032
295.655, 0.836831, -6207.42, 0.877036, -6207.61, 0.880047, -6207.86, -4.04752e-05, -4.04752e-05, -4.04752e-05, 0.0410038, 0.866115, 0.0412281, -0.584046, 0.0412034
295.705, 0.836832, -6207.47, 0.877037, -6207.65, 0.880049, -6207.91, -4.04752e-05, -4.04307e-05, -4.04752e-05, 0.0410038, 0.866115, 0.0412281, -0.584048, 0.0412035
295.756, 0.836835, -6207.51, 0.877041, -6207.69, 0.880052, -6207.95, -4.04752e-05, -4.04738e-05, -4.04752e-05, 0.0410038, 0.866115, 0.0412281, -0.584052, 0.0412037
295.806, 0.836836, -6207.55, 0.877041, -6207.74, 0.880052, -6208, -4.04752e-05, -4.04752e-05, -4.04752e-05, 0.0410038, 0.866115, 0.0412281, -0.584052, 0.0412038
295.856, 0.836836, -6207.6, 0.877041, -6207.78, 0.880052, -6208.04, -4.04752e-05, -4.04752e-05, -4.04752e-05, 0.0410038, 0.866115, 0.0412281, -0.584053, 0.0412039
295.907, 0.836836, -6207.64, 0.877041, -6207.83, 0.880052, -6208.08, -4.04752e-05, -4.04752e-05, -4.04752e-05, 0.0410038, 0.866115, 0.0412281, -0.584053, 0.041204
295.957, 0.836836, -6207.68, 0.877041, -6207.87, 0.880052, -6208.13, -4.04752e-05, -4.04752e-05, -4.04752e-05, 0.0410038, 0.866115, 0.0412281, -0.584053, 0.0412041
296, 0.836836, -6207.72, 0.877041, -6207.91, 0.880052, -6208.16, -4.04752e-05, -4.04752e-05, -4.04752e-05, 0.0410038, 0.866115, 0.0412281, -0.584053, 0.0412041
296, 0.836836, -6207.72, 0.877041, -6207.91, 0.880052, -6208.16, -4.04752e-05, -4.04752e-05, -4.04752e-05, 0.04102, 0.866115, 0.041228, -0.584052, 0.0412041
296.051, 0.836836, -6207.77, 0.877041, -6207.95, 0.880052, -6208.21, -4.04767e-05, -4.04752e-05, -4.04752e-05, 0.04102, 0.866115, 0.0412281, -0.584053, 0.0412046
296.101, 0.836836, -6207.81, 0.877041, -6207.99, 0.880053, -6208.25, -4.04752e-05, -4.04752e-05, -4.04752e-05, 0.04102, 0.866115, 0.0412281, -0.584052, 0.041205
296.151, 0.836836, -6207.85, 0.877041, -6208.04, 0.880052, -6208.29, -4.04752e-05, -4.04752e-05, -4.04752e-05, 0.04102, 0.866115, 0.0412281, -0.584053, 0.0412054
296.202, 0.836838, -6207.9, 0.877044, -6208.08, 0.880055, -6208.34, -4.04752e-05, -4.04751e-05, -4.04611e-05, 0.04102, 0.866115, 0.0412281, -0.584057, 0.0412058
296.252, 0.836839, -6207.94, 0.877044, -6208.13, 0.880056, -6208.38, -4.04752e-05, -4.04752e-05, -4.04752e-05, 0.04102, 0.866115, 0.0412281, -0.584057, 0.0412062
296.302, 0.836839, -6207.98, 0.877044, -6208.17, 0.880056, -6208.43, -4.04454e-05, -4.04752e-05, -4.04752e-05, 0.04102, 0.866115, 0.0412281, -0.584057, 0.0412065
296.353, 0.836839, -6208.03, 0.877044, -6208.21, 0.880056, -6208.47, -4.0527e-05, -4.04752e-05, -4.04752e-05, 0.04102, 0.866115, 0.0412281, -0.584057, 0.0412068
296.403, 0.836839, -6208.07, 0.877044, -6208.26, 0.880056, -6208.51, -4.05327e-05, -4.04752e-05, -4.04752e-05, 0.04102, 0.866115, 0.0412281, -0.584058, 0.041207
296.454, 0.836839, -6208.12, 0.877044, -6208.3, 0.880056, -6208.56, -4.05013e-05, -4.04752e-05, -4.04752e-05, 0.04102, 0.866115, 0.0412281, -0.584058, 0.0412073
296.504, 0.836839, -6208.16, 0.877044, -6208.34, 0.880056, -6208.6, -4.04363e-05, -4.04752e-05, -4.04752e-05, 0.04102, 0.866115, 0.0412281, -0.584057, 0.0412076
296.554, 0.836841, -6208.2, 0.877047, -6208.39, 0.880059, -6208.64, -4.04752e-05, -4.04752e-05, -4.04751e-05, 0.04102, 0.866115, 0.0412281, -0.584061, 0.0412078
296.605, 0.836842, -6208.25, 0.877047, -6208.43, 0.880059, -6208.69, -4.04752e-05, -4.04321e-05, -4.04752e-05, 0.04102, 0.866115, 0.0412281, -0.584061, 0.0412079
296.655, 0.836842, -6208.29, 0.877047, -6208.48, 0.880059, -6208.73, -4.04863e-05, -4.04602e-05, -4.04752e-05, 0.04102, 0.866115, 0.0412281, -0.584062, 0.0412081
296.705, 0.836842, -6208.33, 0.877047, -6208.52, 0.880059, -6208.78, -4.04212e-05, -4.04752e-05, -4.04752e-05, 0.04102, 0.866115, 0.0412281, -0.584061, 0.0412083
296.756, 0.836842, -6208.38, 0.877047, -6208.56, 0.880059, -6208.82, -4.05053e-05, -4.04752e-05, -4.04752e-05, 0.04102, 0.866115, 0.0412282, -0.584062, 0.0412085
296.806, 0.836844, -6208.42, 0.877049, -6208.61, 0.880061, -6208.86, -4.04752e-05, -4.04752e-05, -4.04741e-05, 0.04102, 0.866115, 0.0412281, -0.584064, 0.0412086
296.856, 0.836844, -6208.46, 0.87705, -6208.65, 0.880061, -6208.91, -4.04752e-05, -4.04752e-05, -4.04752e-05, 0.04102, 0.866115, 0.0412281, -0.584064, 0.0412087
296.907, 0.836844, -6208.51, 0.87705, -6208.69, 0.880061, -6208.95, -4.04752e-05, -4.04752e-05, -4.04752e-05, 0.04102, 0.866115, 0.0412281, -0.584064, 0.0412088
296.957, 0.836844, -6208.55, 0.87705, -6208.74, 0.880061, -6208.99, -4.04752e-05, -4.04752e-05, -4.04752e-05, 0.04102, 0.866115, 0.0412281, -0.584064, 0.0412089
297, 0.836844, -6208.59, 0.87705, -6208.78, 0.880062, -6209.03, -4.04752e-05, -4.04626e-05, -4.04752e-05, 0.04102, 0.866115, 0.0412281, -0.584065, 0.041209
297, 0.836844, -6208.59, 0.87705, -6208.78, 0.880062, -6209.03, -4.04752e-05, -4.04626e-05, -4.04752e-05, 0.0410362, 0.866115, 0.0412281, -0.584064, 0.041209
297.051, 0.836845, -6208.63, 0.877051, -6208.82, 0.880062, -6209.08, -4.04679e-05, -4.04752e-05, -4.04752e-05, 0.0410362, 0.866115, 0.0412281, -0.584066, 0.0412094
297.101, 0.836845, -6208.68, 0.877051, -6208.86, 0.880062, -6209.12, -4.04752e-05, -4.04752e-05, -4.04534e-05, 0.0410362, 0.866115, 0.0412282, -0.584066, 0.0412099
297.151, 0.836845, -6208.72, 0.877051, -6208.91, 0.880063, -6209.16, -4.04752e-05, -4.04752e-05, -4.04752e-05, 0.0410362, 0.866115, 0.0412281, -0.584066, 0.0412103
297.202, 0.836846, -6208.76, 0.877052, -6208.95, 0.880063, -6209.21, -4.04752e-05, -4.04752e-05, -4.04752e-05, 0.0410362, 0.866115, 0.0412282, -0.584067, 0.0412106
297.252, 0.836846, -6208.81, 0.877052, -6208.99, 0.880063, -6209.25, -4.04752e-05, -4.04752e-05, -4.04752e-05, 0.0410362, 0.866115, 0.0412282, -0.584067, 0.041211
297.303, 0.836846, -6208.85, 0.877052, -6209.04, 0.880064, -6209.29, -4.04752e-05, -4.04752e-05, -4.04752e-05, 0.0410362, 0.866115, 0.0412281, -0.584068, 0.0412114
297.353, 0.836847, -6208.9, 0.877053, -6209.08, 0.880064, -6209.34, -4.04752e-05, -4.04752e-05, -4.04752e-05, 0.0410362, 0.866115, 0.0412281, -0.584068, 0.0412116
297.403, 0.836847, -6208.94, 0.877053, -6209.12, 0.880064, -6209.38, -4.04752e-05, -4.04752e-05, -4.04752e-05, 0.0410362, 0.866115, 0.0412281, -0.584068, 0.0412119
297.454, 0.836848, -6208.98, 0.877053, -6209.17, 0.880065, -6209.43, -4.04752e-05, -4.04752e-05, -4.04719e-05, 0.0410362, 0.866115, 0.0412282, -0.58407, 0.0412122
297.504, 0.836848, -6209.03, 0.877054, -6209.21, 0.880065, -6209.47, -4.04746e-05, -4.04752e-05, -4.04752e-05, 0.0410362, 0.866115, 0.0412282, -0.584069, 0.0412125
297.554, 0.836848, -6209.07, 0.877054, -6209.26, 0.880066, -6209.51, -4.04752e-05, -4.04752e-05, -4.04752e-05, 0.0410362, 0.866115, 0.0412282, -0.584071, 0.0412126
297.605, 0.836849, -6209.11, 0.877055, -6209.3, 0.880066, -6209.56, -4.04752e-05, -4.04752e-05, -4.04752e-05, 0.0410362, 0.866115, 0.0412282, -0.584072, 0.0412128
297.655, 0.836849, -6209.16, 0.877055, -6209.34, 0.880067, -6209.6, -4.04752e-05, -4.04735e-05, -4.04752e-05, 0.0410362, 0.866115, 0.0412282, -0.584072, 0.041213
297.705, 0.83685, -6209.2, 0.877056, -6209.39, 0.880067, -6209.64, -4.04752e-05, -4.04752e-05, -4.04752e-05, 0.0410362, 0.866115, 0.0412282, -0.584072, 0.0412132
297.756, 0.83685, -6209.25, 0.877056, -6209.43, 0.880067, -6209.69, -4.04752e-05, -4.04752e-05, -4.04752e-05, 0.0410362, 0.866115, 0.0412282, -0.584073, 0.0412134
297.806, 0.83685, -6209.29, 0.877056, -6209.47, 0.880068, -6209.73, -4.04752e-05, -4.04752e-05, -4.04752e-05, 0.0410362, 0.866115, 0.0412282, -0.584073, 0.0412135
297.856, 0.836851, -6209.33, 0.877057, -6209.52, 0.880068, -6209.78, -4.04744e-05, -4.04752e-05, -4.04752e-05, 0.0410362, 0.866115, 0.0412282, -0.584074, 0.0412136
297.907, 0.836851, -6209.38, 0.877057, -6209.56, 0.880069, -6209.82, -4.04752e-05, -4.04752e-05, -4.04752e-05, 0.0410362, 0.866115, 0.0412282, -0.584075, 0.0412137
297.957, 0.836851, -6209.42, 0.877057, -6209.61, 0.880069, -6209.86, -4.04752e-05, -4.04752e-05, -4.04752e-05, 0.0410362, 0.866115, 0.0412282, -0.584075, 0.0412138
298, 0.836852, -6209.46, 0.877058, -6209.64, 0.880069, -6209.9, -4.04752e-05, -4.04745e-05, -4.04752e-05, 0.0410362, 0.866115, 0.0412282, -0.584075, 0.0412139
298, 0.836852, -6209.46, 0.877058, -6209.64, 0.880069, -6209.9, -4.04752e-05, -4.04745e-05, -4.04752e-05, 0.0410524, 0.866115, 0.0412281, -0.584075, 0.0412139
298.051, 0.836852, -6209.5, 0.877058, -6209.69, 0.880069, -6209.94, -4.04752e-05, -4.04752e-05, -4.04752e-05, 0.0410524, 0.866115, 0.0412282, -0.584075, 0.0412143
298.101, 0.836852, -6209.55, 0.877058, -6209.73, 0.88007, -6209.99, -4.04752e-05, -4.04752e-05, -4.04752e-05, 0.0410524, 0.866115, 0.0412282, -0.584076, 0.0412148
298.151, 0.836852, -6209.59, 0.877059, -6209.77, 0.88007, -6210.03, -4.04752e-05, -4.04752e-05, -4.04732e-05, 0.0410524, 0.866115, 0.0412282, -0.584077, 0.0412152
298.202, 0.836853, -6209.63, 0.877059, -6209.82, 0.88007, -6210.08, -4.04752e-05, -4.04752e-05, -4.04752e-05, 0.0410524, 0.866115, 0.0412282, -0.584076, 0.0412155
298.252, 0.836853, -6209.68, 0.877059, -6209.86, 0.880071, -6210.12, -4.04752e-05, -4.04752e-05, -4.04752e-05, 0.0410524, 0.866115, 0.0412282, -0.584077, 0.0412159
298.303, 0.836853, -6209.72, 0.877059, -6209.91, 0.880071, -6210.16, -4.04752e-05, -4.04752e-05, -4.04752e-05, 0.0410524, 0.866115, 0.0412282, -0.584077, 0.0412162
298.353, 0.836853, -6209.76, 0.877059, -6209.95, 0.880071, -6210.21, -4.04752e-05, -4.04752e-05, -4.04752e-05, 0.0410524, 0.866115, 0.0412282, -0.584077, 0.0412165
298.403, 0.836854, -6209.81, 0.87706, -6209.99, 0.880071, -6210.25, -4.04718e-05, -4.04752e-05, -4.04752e-05, 0.0410524, 0.866115, 0.0412282, -0.584078, 0.0412168
298.454, 0.836854, -6209.85, 0.87706, -6210.04, 0.880072, -6210.29, -4.04752e-05, -4.04684e-05, -4.04752e-05, 0.0410524, 0.866115, 0.0412282, -0.584079, 0.0412172
298.504, 0.836854, -6209.9, 0.87706, -6210.08, 0.880072, -6210.34, -4.04752e-05, -4.04752e-05, -4.04752e-05, 0.0410524, 0.866115, 0.0412282, -0.584078, 0.0412175
298.554, 0.836855, -6209.94, 0.877061, -6210.12, 0.880072, -6210.38, -4.04752e-05, -4.04752e-05, -4.04604e-05, 0.0410524, 0.866115, 0.0412282, -0.58408, 0.0412177
298.605, 0.836855, -6209.98, 0.877061, -6210.17, 0.880073, -6210.42, -4.04752e-05, -4.04752e-05, -4.04752e-05, 0.0410524, 0.866115, 0.0412282, -0.584079, 0.0412179
298.655, 0.836855, -6210.03, 0.877062, -6210.21, 0.880073, -6210.47, -4.04752e-05, -4.04752e-05, -4.04752e-05, 0.0410524, 0.866115, 0.0412282, -0.584081, 0.0412181
298.705, 0.836856, -6210.07, 0.877062, -6210.26, 0.880073, -6210.51, -4.04752e-05, -4.04752e-05, -4.04752e-05, 0.0410524, 0.866115, 0.0412282, -0.584081, 0.0412183
298.756, 0.836856, -6210.11, 0.877063, -6210.3, 0.880074, -6210.56, -4.04752e-05, -4.04752e-05, -4.04752e-05, 0.0410524, 0.866115, 0.0412282, -0.584081, 0.0412184
298.806, 0.836856, -6210.16, 0.877063, -6210.34, 0.880074, -6210.6, -4.04752e-05, -4.04752e-05, -4.04752e-05, 0.0410524, 0.866115, 0.0412282, -0.584081, 0.0412185
298.856, 0.836856, -6210.2, 0.877063, -6210.39, 0.880074, -6210.64, -4.04752e-05, -4.04752e-05, -4.04752e-05, 0.0410524, 0.866115, 0.0412282, -0.584081, 0.0412186
298.907, 0.836856, -6210.25, 0.877063, -6210.43, 0.880074, -6210.69, -4.04752e-05, -4.04752e-05, -4.04752e-05, 0.0410524, 0.866115, 0.0412282, -0.584082, 0.0412187
298.957, 0.836857, -6210.29, 0.877063, -6210.47, 0.880075, -6210.73, -4.04752e-05, -4.04752e-05, -4.04752e-05, 0.0410524, 0.866115, 0.0412282, -0.584083, 0.0412188
299, 0.836857, -6210.33, 0.877063, -6210.51, 0.880075, -6210.77, -4.04752e-05, -4.04752e-05, -4.04752e-05, 0.0410524, 0.866115, 0.0412282, -0.584083, 0.0412189
299, 0.836857, -6210.33, 0.877063, -6210.51, 0.880075, -6210.77, -4.04752e-05, -4.04752e-05, -4.04752e-05, 0.0410686, 0.866115, 0.0412281, -0.584082, 0.0412189
299.051, 0.836857, -6210.37, 0.877064, -6210.56, 0.880075, -6210.81, -4.04752e-05, -4.04752e-05, -4.04752e-05, 0.0410686, 0.866115, 0.0412282, -0.584083, 0.0412193
299.101, 0.836857, -6210.41, 0.877064, -6210.6, 0.880075, -6210.86, -4.04752e-05, -4.04752e-05, -4.04752e-05, 0.0410686, 0.866115, 0.0412282, -0.584083, 0.0412198
299.152, 0.836858, -6210.46, 0.877064, -6210.64, 0.880076, -6210.9, -4.04752e-05, -4.04752e-05, -4.04752e-05, 0.0410686, 0.866115, 0.0412282, -0.584084, 0.0412203
299.202, 0.836858, -6210.5, 0.877064, -6210.69, 0.880076, -6210.94, -4.04752e-05, -4.04752e-05, -4.04752e-05, 0.0410686, 0.866115, 0.0412282, -0.584084, 0.0412208
299.252, 0.836858, -6210.54, 0.877064, -6210.73, 0.880076, -6210.99, -4.04752e-05, -4.04752e-05, -4.04752e-05, 0.0410686, 0.866115, 0.0412282, -0.584083, 0.0412212
299.303, 0.836858, -6210.59, 0.877064, -6210.77, 0.880076, -6211.03, -4.04752e-05, -4.04752e-05, -4.04752e-05, 0.0410686, 0.866115, 0.0412282, -0.584084, 0.0412216
299.353, 0.836858, -6210.63, 0.877064, -6210.82, 0.880076, -6211.07, -4.04752e-05, -4.04752e-05, -4.04752e-05, 0.0410686, 0.866115, 0.0412282, -0.584084, 0.041222
299.403, 0.836859, -6210.67, 0.877065, -6210.86, 0.880076, -6211.11, -2.2939e-05, -2.2939e-05, -2.2939e-05, 0.0410686, 0.866115, 0.0412282, -0.584085, 0.0412224
299.454, 0.836859, -6210.69, 0.877065, -6210.88, 0.880077, -6211.14, -2.02376e-05, -2.02251e-05, -2.02376e-05, 0.0410686, 0.866115, 0.0412282, -0.584084, 0.0412228
299.504, 0.836859, -6210.72, 0.877065, -6210.9, 0.880077, -6211.16, -2.02376e-05, -2.02376e-05, -2.02376e-05, 0.0410686, 0.866115, 0.0412282, -0.584085, 0.0412231
299.554, 0.836859, -6210.74, 0.877066, -6210.92, 0.880077, -6211.18, -2.02376e-05, -2.02376e-05, -2.02376e-05, 0.0410686, 0.866115, 0.0412282, -0.584086, 0.0412233
299.605, 0.83686, -6210.76, 0.877066, -6210.95, 0.880078, -6211.2, -2.02376e-05, -2.02376e-05, -2.02376e-05, 0.0410686, 0.866115, 0.0412282, -0.584086, 0.0412236
299.655, 0.83686, -6210.78, 0.877066, -6210.97, 0.880078, -6211.22, -2.02376e-05, -2.02376e-05, -2.02376e-05, 0.0410686, 0.866115, 0.0412282, -0.584087, 0.0412239
299.705, 0.83686, -6210.8, 0.877067, -6210.99, 0.880078, -6211.25, -2.02376e-05, -2.02376e-05, -2.02376e-05, 0.0410686, 0.866115, 0.0412282, -0.584087, 0.0412241
299.756, 0.836861, -6210.83, 0.877067, -6211.01, 0.880079, -6211.27, -2.02376e-05, -2.02376e-05, -2.02376e-05, 0.0410686, 0.866115, 0.0412282, -0.584088, 0.0412243
299.806, 0.836861, -6210.85, 0.877067, -6211.03, 0.880079, -6211.29, -2.02376e-05, -2.02376e-05, -2.02376e-05, 0.0410686, 0.866115, 0.0412282, -0.584088, 0.0412243
299.856, 0.836861, -6210.87, 0.877067, -6211.05, 0.880079, -6211.31, -2.02376e-05, -2.02376e-05, -2.02376e-05, 0.0410686, 0.866115, 0.0412282, -0.584088, 0.0412244
299.907, 0.836861, -6210.89, 0.877068, -6211.08, 0.88008, -6211.33, -2.02376e-05, -2.02376e-05, -2.02341e-05, 0.0410686, 0.866115, 0.0412282, -0.584088, 0.0412245
299.957, 0.836861, -6210.91, 0.877068, -6211.1, 0.88008, -6211.35, -2.02376e-05, -2.02376e-05, -2.02178e-05, 0.0410686, 0.866115, 0.0412282, -0.584089, 0.0412246
300, 0.836862, -6210.93, 0.877068, -6211.12, 0.88008, -6211.37, -2.02376e-05, -2.02376e-05, -2.02348e-05, 0.0410686, 0.866115, 0.0412282, -0.584089, 0.0412247
300, 0.836862, -6210.93, 0.877068, -6211.12, 0.88008, -6211.37, -2.02376e-05, -2.02376e-05, -2.02348e-05, 0.0410767, 0.866115, 0.0412281, -0.584088, 0.0412247
300.051, 0.836862, -6210.95, 0.877068, -6211.14, 0.88008, -6211.4, -2.02376e-05, -2.02376e-05, -2.02376e-05, 0.0410767, 0.866115, 0.0412282, -0.58409, 0.041225
300.101, 0.836862, -6210.98, 0.877068, -6211.16, 0.88008, -6211.42, -2.02376e-05, -2.02376e-05, -2.02376e-05, 0.0410767, 0.866115, 0.0412282, -0.584089, 0.0412252
300.152, 0.836862, -6211, 0.877069, -6211.18, 0.88008, -6211.44, -2.02357e-05, -2.02376e-05, -2.02376e-05, 0.0410767, 0.866115, 0.0412282, -0.584089, 0.0412254
300.202, 0.836862, -6211.02, 0.877069, -6211.2, 0.88008, -6211.46, -2.02376e-05, -2.02376e-05, -2.02376e-05, 0.0410767, 0.866115, 0.0412282, -0.58409, 0.0412256
300.252, 0.836862, -6211.04, 0.877069, -6211.23, 0.880081, -6211.48, -2.02376e-05, -2.02376e-05, -2.02376e-05, 0.0410767, 0.866115, 0.0412282, -0.58409, 0.0412258
300.303, 0.836862, -6211.06, 0.877069, -6211.25, 0.880081, -6211.5, -2.02376e-05, -2.02376e-05, -2.02376e-05, 0.0410767, 0.866115, 0.0412282, -0.58409, 0.041226
300.353, 0.836862, -6211.08, 0.877069, -6211.27, 0.88008, -6211.53, -2.02376e-05, -2.02376e-05, -2.02376e-05, 0.0410767, 0.866115, 0.0412281, -0.58409, 0.0412261
300.403, 0.836862, -6211.11, 0.877069, -6211.29, 0.88008, -6211.55, -2.02376e-05, -2.02376e-05, -2.02376e-05, 0.0410767, 0.866115, 0.0412282, -0.58409, 0.0412262
300.454, 0.836862, -6211.13, 0.877069, -6211.31, 0.88008, -6211.57, -2.02376e-05, -2.02376e-05, -2.02376e-05, 0.0410767, 0.866115, 0.0412282, -0.58409, 0.0412263
300.504, 0.836862, -6211.15, 0.877069, -6211.34, 0.880081, -6211.59, -2.02376e-05, -2.02376e-05, -2.02376e-05, 0.0410767, 0.866115, 0.0412282, -0.58409, 0.0412264
300.554, 0.836863, -6211.17, 0.877069, -6211.36, 0.880081, -6211.61, -2.02376e-05, -2.02376e-05, -2.02376e-05, 0.0410767, 0.866115, 0.0412282, -0.584091, 0.0412265
300.605, 0.836863, -6211.19, 0.877069, -6211.38, 0.880081, -6211.64, -2.02376e-05, -2.02376e-05, -2.02376e-05, 0.0410767, 0.866115, 0.0412282, -0.58409, 0.0412266
300.655, 0.836863, -6211.22, 0.877069, -6211.4, 0.880081, -6211.66, -2.02376e-05, -2.02376e-05, -2.02376e-05, 0.0410767, 0.866115, 0.0412282, -0.58409, 0.0412267
300.705, 0.836863, -6211.24, 0.877069, -6211.42, 0.880081, -6211.68, -2.02376e-05, -2.02376e-05, -2.02376e-05, 0.0410767, 0.866115, 0.0412282, -0.58409, 0.0412267
300.756, 0.836863, -6211.26, 0.877069, -6211.44, 0.880081, -6211.7, -2.02376e-05, -2.02376e-05, -2.02376e-05, 0.0410767, 0.866115, 0.0412282, -0.58409, 0.0412267
300.806, 0.836863, -6211.28, 0.877069, -6211.47, 0.880081, -6211.72, -2.02376e-05, -2.02376e-05, -2.02376e-05, 0.0410767, 0.866115, 0.0412282, -0.58409, 0.0412267
300.857, 0.836863, -6211.3, 0.877069, -6211.49, 0.880081, -6211.75, -2.02376e-05, -2.02376e-05, -2.02376e-05, 0.0410767, 0.866115, 0.0412282, -0.58409, 0.0412267
300.907, 0.836863, -6211.33, 0.877069, -6211.51, 0.880081, -6211.77, -2.02376e-05, -2.02376e-05, -2.02376e-05, 0.0410767, 0.866115, 0.0412281, -0.584091, 0.0412267
300.957, 0.836863, -6211.35, 0.877069, -6211.53, 0.880081, -6211.79, -2.02376e-05, -2.02376e-05, -2.02376e-05, 0.0410767, 0.866115, 0.0412282, -0.58409, 0.0412267
301.001, 0.836863, -6211.37, 0.877069, -6211.55, 0.880081, -6211.81, -2.02376e-05, -2.02376e-05, -2.02376e-05, 0.0410767, 0.866115, 0.0412282, -0.58409, 0.0412267
