time, 1, 2, 3, 4, 5, 6, 7, 8, 9, 10, 11, 12, 13, 14
Time(s), VOLT 1 [BUS1 16.500], ANGL 1 [BUS1 16.500], VOLT 2 [BUS2 230.00], ANGL 2 [BUS2 230.00], VOLT 3 [BUS3 230.00], ANGL 3 [BUS3 230.00], FREQ 1 [BUS1 16.500], FREQ 2 [BUS2 230.00], FREQ 3 [BUS3 230.00], GREFGEN1, VREFGEN1, PELECGEN1, QELECGEN1, PMECHGEN1
-0.002, 0.969704, 0.237775, 0, 0, 0, 0, 0, 0, 0, 0, 1.01819, 0, 0, 0
0.048, 0.969704, 0.237775, 0, 0, 0, 0, -2.33174e-16, 0, 0, 0, 1.01819, 0, 0, 0
0.098, 0.969704, 0.237775, 0, 0, 0, 0, -1.32052e-22, 0, 0, 0, 1.01819, 0, 0, 0
0.148, 0.969704, 0.237775, 0, 0, 0, 0, -7.47838e-29, 0, 0, 0, 1.01819, 0, 0, 0
0.198, 0.969704, 0.237775, 0, 0, 0, 0, -4.23517e-35, 0, 0, 0, 1.01819, 0, 0, 0
0.248, 0.969704, 0.237775, 0, 0, 0, 0, -2.39538e-41, 0, 0, 0, 1.01819, 0, 0, 0
0.298, 0.969704, 0.237775, 0, 0, 0, 0, -4.82047e-43, 0, 0, 0, 1.01819, 0, 0, 0
0.347999, 0.969704, 0.237775, 0, 0, 0, 0, -4.82047e-43, 0, 0, 0, 1.01819, 0, 0, 0
0.397998, 0.969704, 0.237775, 0, 0, 0, 0, -4.82047e-43, 0, 0, 0, 1.01819, 0, 0, 0
0.447998, 0.969704, 0.237775, 0, 0, 0, 0, -4.82047e-43, 0, 0, 0, 1.01819, 0, 0, 0
0.497997, 0.969704, 0.237775, 0, 0, 0, 0, -4.82047e-43, 0, 0, 0, 1.01819, 0, 0, 0
0.547997, 0.969704, 0.237775, 0, 0, 0, 0, -4.82047e-43, 0, 0, 0, 1.01819, 0, 0, 0
0.597996, 0.969704, 0.237775, 0, 0, 0, 0, -4.82047e-43, 0, 0, 0, 1.01819, 0, 0, 0
0.647995, 0.969704, 0.237775, 0, 0, 0, 0, -4.82047e-43, 0, 0, 0, 1.01819, 0, 0, 0
0.697995, 0.969704, 0.237775, 0, 0, 0, 0, -4.82047e-43, 0, 0, 0, 1.01819, 0, 0, 0
0.747994, 0.969704, 0.237775, 0, 0, 0, 0, -4.82047e-43, 0, 0, 0, 1.01819, 0, 0, 0
0.797993, 0.969704, 0.237775, 0, 0, 0, 0, -4.82047e-43, 0, 0, 0, 1.01819, 0, 0, 0
0.847993, 0.969704, 0.237775, 0, 0, 0, 0, -4.82047e-43, 0, 0, 0, 1.01819, 0, 0, 0
0.897992, 0.969704, 0.237775, 0, 0, 0, 0, -4.82047e-43, 0, 0, 0, 1.01819, 0, 0, 0
0.947991, 0.969704, 0.237775, 0, 0, 0, 0, -4.82047e-43, 0, 0, 0, 1.01819, 0, 0, 0
0.997991, 0.969704, 0.237775, 0, 0, 0, 0, -4.82047e-43, 0, 0, 0, 1.01819, 0, 0, 0
0.999991, 0.969704, 0.237775, 0, 0, 0, 0, -4.82047e-43, 0, 0, 0, 1.01819, 0, 0, 0
0.999991, 0.969704, 0.237775, 0, 0, 0, 0, -4.82047e-43, 0, 0, 0, 1.01819, 0, 0, 0
1.04999, 0.969704, 0.237775, 0, 0, 0, 0, -4.82047e-43, 0, 0, 0, 1.01819, 0, 0, 0
1.1, 0.969704, 0.237775, 0, 0, 0, 0, -4.82047e-43, 0, 0, 0, 1.01819, 0, 0, 0
1.15, 0.969704, 0.237775, 0, 0, 0, 0, -4.82047e-43, 0, 0, 0, 1.01819, 0, 0, 0
1.2, 0.969704, 0.237775, 0, 0, 0, 0, -4.82047e-43, 0, 0, 0, 1.01819, 0, 0, 0
1.25, 0.969704, 0.237775, 0, 0, 0, 0, -4.82047e-43, 0, 0, 0, 1.01819, 0, 0, 0
1.3, 0.969704, 0.237775, 0, 0, 0, 0, -4.82047e-43, 0, 0, 0, 1.01819, 0, 0, 0
1.35001, 0.969704, 0.237775, 0, 0, 0, 0, -4.82047e-43, 0, 0, 0, 1.01819, 0, 0, 0
1.40001, 0.969704, 0.237775, 0, 0, 0, 0, -4.82047e-43, 0, 0, 0, 1.01819, 0, 0, 0
1.45001, 0.969704, 0.237775, 0, 0, 0, 0, -4.82047e-43, 0, 0, 0, 1.01819, 0, 0, 0
1.50001, 0.969704, 0.237775, 0, 0, 0, 0, -4.82047e-43, 0, 0, 0, 1.01819, 0, 0, 0
1.55002, 0.969704, 0.237775, 0, 0, 0, 0, -4.82047e-43, 0, 0, 0, 1.01819, 0, 0, 0
1.60002, 0.969704, 0.237775, 0, 0, 0, 0, -4.82047e-43, 0, 0, 0, 1.01819, 0, 0, 0
1.65002, 0.969704, 0.237775, 0, 0, 0, 0, -4.82047e-43, 0, 0, 0, 1.01819, 0, 0, 0
1.70002, 0.969704, 0.237775, 0, 0, 0, 0, -4.82047e-43, 0, 0, 0, 1.01819, 0, 0, 0
1.75003, 0.969704, 0.237775, 0, 0, 0, 0, -4.82047e-43, 0, 0, 0, 1.01819, 0, 0, 0
1.80003, 0.969704, 0.237775, 0, 0, 0, 0, -4.82047e-43, 0, 0, 0, 1.01819, 0, 0, 0
1.85003, 0.969704, 0.237775, 0, 0, 0, 0, -4.82047e-43, 0, 0, 0, 1.01819, 0, 0, 0
1.90003, 0.969704, 0.237775, 0, 0, 0, 0, -4.82047e-43, 0, 0, 0, 1.01819, 0, 0, 0
1.95004, 0.969704, 0.237775, 0, 0, 0, 0, -4.82047e-43, 0, 0, 0, 1.01819, 0, 0, 0
2.00004, 0.969704, 0.237775, 0, 0, 0, 0, -4.82047e-43, 0, 0, 0, 1.01819, 0, 0, 0
2.00004, 0.969704, 0.237775, 0, 0, 0, 0, -4.82047e-43, 0, 0, 0, 1.01819, 0, 0, 0
2.05003, 0.969704, 0.237775, 0, 0, 0, 0, -4.82047e-43, 0, 0, 0, 1.01819, 0, 0, 0
2.10003, 0.969704, 0.237775, 0, 0, 0, 0, -4.82047e-43, 0, 0, 0, 1.01819, 0, 0, 0
2.15003, 0.969704, 0.237775, 0, 0, 0, 0, -4.82047e-43, 0, 0, 0, 1.01819, 0, 0, 0
2.20002, 0.969704, 0.237775, 0, 0, 0, 0, -4.82047e-43, 0, 0, 0, 1.01819, 0, 0, 0
2.25002, 0.969704, 0.237775, 0, 0, 0, 0, -4.82047e-43, 0, 0, 0, 1.01819, 0, 0, 0
2.30002, 0.969704, 0.237775, 0, 0, 0, 0, -4.82047e-43, 0, 0, 0, 1.01819, 0, 0, 0
2.35001, 0.969704, 0.237775, 0, 0, 0, 0, -4.82047e-43, 0, 0, 0, 1.01819, 0, 0, 0
2.40001, 0.969704, 0.237775, 0, 0, 0, 0, -4.82047e-43, 0, 0, 0, 1.01819, 0, 0, 0
2.45, 0.969704, 0.237775, 0, 0, 0, 0, -4.82047e-43, 0, 0, 0, 1.01819, 0, 0, 0
2.5, 0.969704, 0.237775, 0, 0, 0, 0, -4.82047e-43, 0, 0, 0, 1.01819, 0, 0, 0
2.55, 0.969704, 0.237775, 0, 0, 0, 0, -4.82047e-43, 0, 0, 0, 1.01819, 0, 0, 0
2.59999, 0.969704, 0.237775, 0, 0, 0, 0, -4.82047e-43, 0, 0, 0, 1.01819, 0, 0, 0
2.64999, 0.969704, 0.237775, 0, 0, 0, 0, -4.82047e-43, 0, 0, 0, 1.01819, 0, 0, 0
2.69999, 0.969704, 0.237775, 0, 0, 0, 0, -4.82047e-43, 0, 0, 0, 1.01819, 0, 0, 0
2.74998, 0.969704, 0.237775, 0, 0, 0, 0, -4.82047e-43, 0, 0, 0, 1.01819, 0, 0, 0
2.79998, 0.969704, 0.237775, 0, 0, 0, 0, -4.82047e-43, 0, 0, 0, 1.01819, 0, 0, 0
2.84998, 0.969704, 0.237775, 0, 0, 0, 0, -4.82047e-43, 0, 0, 0, 1.01819, 0, 0, 0
2.89997, 0.969704, 0.237775, 0, 0, 0, 0, -4.82047e-43, 0, 0, 0, 1.01819, 0, 0, 0
2.94997, 0.969704, 0.237775, 0, 0, 0, 0, -4.82047e-43, 0, 0, 0, 1.01819, 0, 0, 0
2.99996, 0.969704, 0.237775, 0, 0, 0, 0, -4.82047e-43, 0, 0, 0, 1.01819, 0, 0, 0
3.00096, 0.969704, 0.237775, 0, 0, 0, 0, -4.82047e-43, 0, 0, 0, 1.01819, 0, 0, 0
3.00096, 0.969704, 0.237775, 0, 0, 0, 0, -4.82047e-43, 0, 0, 0, 1.01819, 0, 0, 0
3.05096, 0.969704, 0.237775, 0, 0, 0, 0, -4.82047e-43, 0, 0, 0, 1.01819, 0, 0, 0
3.10096, 0.969704, 0.237775, 0, 0, 0, 0, -4.82047e-43, 0, 0, 0, 1.01819, 0, 0, 0
3.15095, 0.969704, 0.237775, 0, 0, 0, 0, -4.82047e-43, 0, 0, 0, 1.01819, 0, 0, 0
3.20095, 0.969704, 0.237775, 0, 0, 0, 0, -4.82047e-43, 0, 0, 0, 1.01819, 0, 0, 0
3.25095, 0.969704, 0.237775, 0, 0, 0, 0, -4.82047e-43, 0, 0, 0, 1.01819, 0, 0, 0
3.30094, 0.969704, 0.237775, 0, 0, 0, 0, -4.82047e-43, 0, 0, 0, 1.01819, 0, 0, 0
3.35094, 0.969704, 0.237775, 0, 0, 0, 0, -4.82047e-43, 0, 0, 0, 1.01819, 0, 0, 0
3.40094, 0.969704, 0.237775, 0, 0, 0, 0, -4.82047e-43, 0, 0, 0, 1.01819, 0, 0, 0
3.45093, 0.969704, 0.237775, 0, 0, 0, 0, -4.82047e-43, 0, 0, 0, 1.01819, 0, 0, 0
3.50093, 0.969704, 0.237775, 0, 0, 0, 0, -4.82047e-43, 0, 0, 0, 1.01819, 0, 0, 0
3.55093, 0.969704, 0.237775, 0, 0, 0, 0, -4.82047e-43, 0, 0, 0, 1.01819, 0, 0, 0
3.60092, 0.969704, 0.237775, 0, 0, 0, 0, -4.82047e-43, 0, 0, 0, 1.01819, 0, 0, 0
3.65092, 0.969704, 0.237775, 0, 0, 0, 0, -4.82047e-43, 0, 0, 0, 1.01819, 0, 0, 0
3.70091, 0.969704, 0.237775, 0, 0, 0, 0, -4.82047e-43, 0, 0, 0, 1.01819, 0, 0, 0
3.75091, 0.969704, 0.237775, 0, 0, 0, 0, -4.82047e-43, 0, 0, 0, 1.01819, 0, 0, 0
3.80091, 0.969704, 0.237775, 0, 0, 0, 0, -4.82047e-43, 0, 0, 0, 1.01819, 0, 0, 0
3.8509, 0.969704, 0.237775, 0, 0, 0, 0, -4.82047e-43, 0, 0, 0, 1.01819, 0, 0, 0
3.9009, 0.969704, 0.237775, 0, 0, 0, 0, -4.82047e-43, 0, 0, 0, 1.01819, 0, 0, 0
3.9509, 0.969704, 0.237775, 0, 0, 0, 0, -4.82047e-43, 0, 0, 0, 1.01819, 0, 0, 0
4.00089, 0.969704, 0.237775, 0, 0, 0, 0, -4.82047e-43, 0, 0, 0, 1.01819, 0, 0, 0
4.00089, 0.969704, 0.237775, 0, 0, 0, 0, -4.82047e-43, 0, 0, 0, 1.01819, 0, 0, 0
4.05089, 0.969704, 0.237775, 0, 0, 0, 0, -4.82047e-43, 0, 0, 0, 1.01819, 0, 0, 0
4.10089, 0.969704, 0.237775, 0, 0, 0, 0, -4.82047e-43, 0, 0, 0, 1.01819, 0, 0, 0
4.15088, 0.969704, 0.237775, 0, 0, 0, 0, -4.82047e-43, 0, 0, 0, 1.01819, 0, 0, 0
4.20088, 0.969704, 0.237775, 0, 0, 0, 0, -4.82047e-43, 0, 0, 0, 1.01819, 0, 0, 0
4.25087, 0.969704, 0.237775, 0, 0, 0, 0, -4.82047e-43, 0, 0, 0, 1.01819, 0, 0, 0
4.30087, 0.969704, 0.237775, 0, 0, 0, 0, -4.82047e-43, 0, 0, 0, 1.01819, 0, 0, 0
4.35087, 0.969704, 0.237775, 0, 0, 0, 0, -4.82047e-43, 0, 0, 0, 1.01819, 0, 0, 0
4.40086, 0.969704, 0.237775, 0, 0, 0, 0, -4.82047e-43, 0, 0, 0, 1.01819, 0, 0, 0
4.45086, 0.969704, 0.237775, 0, 0, 0, 0, -4.82047e-43, 0, 0, 0, 1.01819, 0, 0, 0
4.50086, 0.969704, 0.237775, 0, 0, 0, 0, -4.82047e-43, 0, 0, 0, 1.01819, 0, 0, 0
4.55085, 0.969704, 0.237775, 0, 0, 0, 0, -4.82047e-43, 0, 0, 0, 1.01819, 0, 0, 0
4.60085, 0.969704, 0.237775, 0, 0, 0, 0, -4.82047e-43, 0, 0, 0, 1.01819, 0, 0, 0
4.65085, 0.969704, 0.237775, 0, 0, 0, 0, -4.82047e-43, 0, 0, 0, 1.01819, 0, 0, 0
4.70084, 0.969704, 0.237775, 0, 0, 0, 0, -4.82047e-43, 0, 0, 0, 1.01819, 0, 0, 0
4.75084, 0.969704, 0.237775, 0, 0, 0, 0, -4.82047e-43, 0, 0, 0, 1.01819, 0, 0, 0
4.80083, 0.969704, 0.237775, 0, 0, 0, 0, -4.82047e-43, 0, 0, 0, 1.01819, 0, 0, 0
4.85083, 0.969704, 0.237775, 0, 0, 0, 0, -4.82047e-43, 0, 0, 0, 1.01819, 0, 0, 0
4.90083, 0.969704, 0.237775, 0, 0, 0, 0, -4.82047e-43, 0, 0, 0, 1.01819, 0, 0, 0
4.95082, 0.969704, 0.237775, 0, 0, 0, 0, -4.82047e-43, 0, 0, 0, 1.01819, 0, 0, 0
5.00082, 0.969704, 0.237775, 0, 0, 0, 0, -4.82047e-43, 0, 0, 0, 1.01819, 0, 0, 0
5.00082, 0.969704, 0.237775, 0, 0, 0, 0, -4.82047e-43, 0, 0, 0, 1.01819, 0, 0, 0
5.05082, 0.969704, 0.237775, 0, 0, 0, 0, -4.82047e-43, 0, 0, 0, 1.01819, 0, 0, 0
5.10081, 0.969704, 0.237775, 0, 0, 0, 0, -4.82047e-43, 0, 0, 0, 1.01819, 0, 0, 0
5.15081, 0.969704, 0.237775, 0, 0, 0, 0, -4.82047e-43, 0, 0, 0, 1.01819, 0, 0, 0
5.20081, 0.969704, 0.237775, 0, 0, 0, 0, -4.82047e-43, 0, 0, 0, 1.01819, 0, 0, 0
5.2508, 0.969704, 0.237775, 0, 0, 0, 0, -4.82047e-43, 0, 0, 0, 1.01819, 0, 0, 0
5.3008, 0.969704, 0.237775, 0, 0, 0, 0, -4.82047e-43, 0, 0, 0, 1.01819, 0, 0, 0
5.35079, 0.969704, 0.237775, 0, 0, 0, 0, -4.82047e-43, 0, 0, 0, 1.01819, 0, 0, 0
5.40079, 0.969704, 0.237775, 0, 0, 0, 0, -4.82047e-43, 0, 0, 0, 1.01819, 0, 0, 0
5.45079, 0.969704, 0.237775, 0, 0, 0, 0, -4.82047e-43, 0, 0, 0, 1.01819, 0, 0, 0
5.50078, 0.969704, 0.237775, 0, 0, 0, 0, -4.82047e-43, 0, 0, 0, 1.01819, 0, 0, 0
5.55078, 0.969704, 0.237775, 0, 0, 0, 0, -4.82047e-43, 0, 0, 0, 1.01819, 0, 0, 0
5.60078, 0.969704, 0.237775, 0, 0, 0, 0, -4.82047e-43, 0, 0, 0, 1.01819, 0, 0, 0
5.65077, 0.969704, 0.237775, 0, 0, 0, 0, -4.82047e-43, 0, 0, 0, 1.01819, 0, 0, 0
5.70077, 0.969704, 0.237775, 0, 0, 0, 0, -4.82047e-43, 0, 0, 0, 1.01819, 0, 0, 0
5.75077, 0.969704, 0.237775, 0, 0, 0, 0, -4.82047e-43, 0, 0, 0, 1.01819, 0, 0, 0
5.80076, 0.969704, 0.237775, 0, 0, 0, 0, -4.82047e-43, 0, 0, 0, 1.01819, 0, 0, 0
5.85076, 0.969704, 0.237775, 0, 0, 0, 0, -4.82047e-43, 0, 0, 0, 1.01819, 0, 0, 0
5.90075, 0.969704, 0.237775, 0, 0, 0, 0, -4.82047e-43, 0, 0, 0, 1.01819, 0, 0, 0
5.95075, 0.969704, 0.237775, 0, 0, 0, 0, -4.82047e-43, 0, 0, 0, 1.01819, 0, 0, 0
6.00075, 0.969704, 0.237775, 0, 0, 0, 0, -4.82047e-43, 0, 0, 0, 1.01819, 0, 0, 0
6.00075, 0.969704, 0.237775, 0, 0, 0, 0, -4.82047e-43, 0, 0, 0, 1.01819, 0, 0, 0
6.05074, 0.969704, 0.237775, 0, 0, 0, 0, -4.82047e-43, 0, 0, 0, 1.01819, 0, 0, 0
6.10074, 0.969704, 0.237775, 0, 0, 0, 0, -4.82047e-43, 0, 0, 0, 1.01819, 0, 0, 0
6.15074, 0.969704, 0.237775, 0, 0, 0, 0, -4.82047e-43, 0, 0, 0, 1.01819, 0, 0, 0
6.20073, 0.969704, 0.237775, 0, 0, 0, 0, -4.82047e-43, 0, 0, 0, 1.01819, 0, 0, 0
6.25073, 0.969704, 0.237775, 0, 0, 0, 0, -4.82047e-43, 0, 0, 0, 1.01819, 0, 0, 0
6.30073, 0.969704, 0.237775, 0, 0, 0, 0, -4.82047e-43, 0, 0, 0, 1.01819, 0, 0, 0
6.35072, 0.969704, 0.237775, 0, 0, 0, 0, -4.82047e-43, 0, 0, 0, 1.01819, 0, 0, 0
6.40072, 0.969704, 0.237775, 0, 0, 0, 0, -4.82047e-43, 0, 0, 0, 1.01819, 0, 0, 0
6.45072, 0.969704, 0.237775, 0, 0, 0, 0, -4.82047e-43, 0, 0, 0, 1.01819, 0, 0, 0
6.50071, 0.969704, 0.237775, 0, 0, 0, 0, -4.82047e-43, 0, 0, 0, 1.01819, 0, 0, 0
6.55071, 0.969704, 0.237775, 0, 0, 0, 0, -4.82047e-43, 0, 0, 0, 1.01819, 0, 0, 0
6.6007, 0.969704, 0.237775, 0, 0, 0, 0, -4.82047e-43, 0, 0, 0, 1.01819, 0, 0, 0
6.6507, 0.969704, 0.237775, 0, 0, 0, 0, -4.82047e-43, 0, 0, 0, 1.01819, 0, 0, 0
6.7007, 0.969704, 0.237775, 0, 0, 0, 0, -4.82047e-43, 0, 0, 0, 1.01819, 0, 0, 0
6.75069, 0.969704, 0.237775, 0, 0, 0, 0, -4.82047e-43, 0, 0, 0, 1.01819, 0, 0, 0
6.80069, 0.969704, 0.237775, 0, 0, 0, 0, -4.82047e-43, 0, 0, 0, 1.01819, 0, 0, 0
6.85069, 0.969704, 0.237775, 0, 0, 0, 0, -4.82047e-43, 0, 0, 0, 1.01819, 0, 0, 0
6.90068, 0.969704, 0.237775, 0, 0, 0, 0, -4.82047e-43, 0, 0, 0, 1.01819, 0, 0, 0
6.95068, 0.969704, 0.237775, 0, 0, 0, 0, -4.82047e-43, 0, 0, 0, 1.01819, 0, 0, 0
7.00068, 0.969704, 0.237775, 0, 0, 0, 0, -4.82047e-43, 0, 0, 0, 1.01819, 0, 0, 0
7.00068, 0.969704, 0.237775, 0, 0, 0, 0, -4.82047e-43, 0, 0, 0, 1.01819, 0, 0, 0
7.05067, 0.969704, 0.237775, 0, 0, 0, 0, -4.82047e-43, 0, 0, 0, 1.01819, 0, 0, 0
7.10067, 0.969704, 0.237775, 0, 0, 0, 0, -4.82047e-43, 0, 0, 0, 1.01819, 0, 0, 0
7.15066, 0.969704, 0.237775, 0, 0, 0, 0, -4.82047e-43, 0, 0, 0, 1.01819, 0, 0, 0
7.20066, 0.969704, 0.237775, 0, 0, 0, 0, -4.82047e-43, 0, 0, 0, 1.01819, 0, 0, 0
7.25066, 0.969704, 0.237775, 0, 0, 0, 0, -4.82047e-43, 0, 0, 0, 1.01819, 0, 0, 0
7.30065, 0.969704, 0.237775, 0, 0, 0, 0, -4.82047e-43, 0, 0, 0, 1.01819, 0, 0, 0
7.35065, 0.969704, 0.237775, 0, 0, 0, 0, -4.82047e-43, 0, 0, 0, 1.01819, 0, 0, 0
7.40065, 0.969704, 0.237775, 0, 0, 0, 0, -4.82047e-43, 0, 0, 0, 1.01819, 0, 0, 0
7.45064, 0.969704, 0.237775, 0, 0, 0, 0, -4.82047e-43, 0, 0, 0, 1.01819, 0, 0, 0
7.50064, 0.969704, 0.237775, 0, 0, 0, 0, -4.82047e-43, 0, 0, 0, 1.01819, 0, 0, 0
7.55064, 0.969704, 0.237775, 0, 0, 0, 0, -4.82047e-43, 0, 0, 0, 1.01819, 0, 0, 0
7.60063, 0.969704, 0.237775, 0, 0, 0, 0, -4.82047e-43, 0, 0, 0, 1.01819, 0, 0, 0
7.65063, 0.969704, 0.237775, 0, 0, 0, 0, -4.82047e-43, 0, 0, 0, 1.01819, 0, 0, 0
7.70062, 0.969704, 0.237775, 0, 0, 0, 0, -4.82047e-43, 0, 0, 0, 1.01819, 0, 0, 0
7.75062, 0.969704, 0.237775, 0, 0, 0, 0, -4.82047e-43, 0, 0, 0, 1.01819, 0, 0, 0
7.80062, 0.969704, 0.237775, 0, 0, 0, 0, -4.82047e-43, 0, 0, 0, 1.01819, 0, 0, 0
7.85061, 0.969704, 0.237775, 0, 0, 0, 0, -4.82047e-43, 0, 0, 0, 1.01819, 0, 0, 0
7.90061, 0.969704, 0.237775, 0, 0, 0, 0, -4.82047e-43, 0, 0, 0, 1.01819, 0, 0, 0
7.95061, 0.969704, 0.237775, 0, 0, 0, 0, -4.82047e-43, 0, 0, 0, 1.01819, 0, 0, 0
8.0006, 0.969704, 0.237775, 0, 0, 0, 0, -4.82047e-43, 0, 0, 0, 1.01819, 0, 0, 0
8.0006, 0.969704, 0.237775, 0, 0, 0, 0, -4.82047e-43, 0, 0, 0, 1.01819, 0, 0, 0
8.05062, 0.969704, 0.237775, 0, 0, 0, 0, -4.82047e-43, 0, 0, 0, 1.01819, 0, 0, 0
8.10064, 0.969704, 0.237775, 0, 0, 0, 0, -4.82047e-43, 0, 0, 0, 1.01819, 0, 0, 0
8.15066, 0.969704, 0.237775, 0, 0, 0, 0, -4.82047e-43, 0, 0, 0, 1.01819, 0, 0, 0
8.20068, 0.969704, 0.237775, 0, 0, 0, 0, -4.82047e-43, 0, 0, 0, 1.01819, 0, 0, 0
8.2507, 0.969704, 0.237775, 0, 0, 0, 0, -4.82047e-43, 0, 0, 0, 1.01819, 0, 0, 0
8.30072, 0.969704, 0.237775, 0, 0, 0, 0, -4.82047e-43, 0, 0, 0, 1.01819, 0, 0, 0
8.35074, 0.969704, 0.237775, 0, 0, 0, 0, -4.82047e-43, 0, 0, 0, 1.01819, 0, 0, 0
8.40076, 0.969704, 0.237775, 0, 0, 0, 0, -4.82047e-43, 0, 0, 0, 1.01819, 0, 0, 0
8.45078, 0.969704, 0.237775, 0, 0, 0, 0, -4.82047e-43, 0, 0, 0, 1.01819, 0, 0, 0
8.5008, 0.969704, 0.237775, 0, 0, 0, 0, -4.82047e-43, 0, 0, 0, 1.01819, 0, 0, 0
8.55083, 0.969704, 0.237775, 0, 0, 0, 0, -4.82047e-43, 0, 0, 0, 1.01819, 0, 0, 0
8.60085, 0.969704, 0.237775, 0, 0, 0, 0, -4.82047e-43, 0, 0, 0, 1.01819, 0, 0, 0
8.65087, 0.969704, 0.237775, 0, 0, 0, 0, -4.82047e-43, 0, 0, 0, 1.01819, 0, 0, 0
8.70089, 0.969704, 0.237775, 0, 0, 0, 0, -4.82047e-43, 0, 0, 0, 1.01819, 0, 0, 0
8.75091, 0.969704, 0.237775, 0, 0, 0, 0, -4.82047e-43, 0, 0, 0, 1.01819, 0, 0, 0
8.80093, 0.969704, 0.237775, 0, 0, 0, 0, -4.82047e-43, 0, 0, 0, 1.01819, 0, 0, 0
8.85095, 0.969704, 0.237775, 0, 0, 0, 0, -4.82047e-43, 0, 0, 0, 1.01819, 0, 0, 0
8.90097, 0.969704, 0.237775, 0, 0, 0, 0, -4.82047e-43, 0, 0, 0, 1.01819, 0, 0, 0
8.95099, 0.969704, 0.237775, 0, 0, 0, 0, -4.82047e-43, 0, 0, 0, 1.01819, 0, 0, 0
9.00001, 0.969704, 0.237775, 0, 0, 0, 0, -4.82047e-43, 0, 0, 0, 1.01819, 0, 0, 0
9.00001, 0.969704, 0.237775, 0, 0, 0, 0, -4.82047e-43, 0, 0, 0, 1.01819, 0, 0, 0
9.05003, 0.969704, 0.237775, 0, 0, 0, 0, -4.82047e-43, 0, 0, 0, 1.01819, 0, 0, 0
9.10005, 0.969704, 0.237775, 0, 0, 0, 0, -4.82047e-43, 0, 0, 0, 1.01819, 0, 0, 0
9.15007, 0.969704, 0.237775, 0, 0, 0, 0, -4.82047e-43, 0, 0, 0, 1.01819, 0, 0, 0
9.20009, 0.969704, 0.237775, 0, 0, 0, 0, -4.82047e-43, 0, 0, 0, 1.01819, 0, 0, 0
9.25011, 0.969704, 0.237775, 0, 0, 0, 0, -4.82047e-43, 0, 0, 0, 1.01819, 0, 0, 0
9.30013, 0.969704, 0.237775, 0, 0, 0, 0, -4.82047e-43, 0, 0, 0, 1.01819, 0, 0, 0
9.35015, 0.969704, 0.237775, 0, 0, 0, 0, -4.82047e-43, 0, 0, 0, 1.01819, 0, 0, 0
9.40017, 0.969704, 0.237775, 0, 0, 0, 0, -4.82047e-43, 0, 0, 0, 1.01819, 0, 0, 0
9.45019, 0.969704, 0.237775, 0, 0, 0, 0, -4.82047e-43, 0, 0, 0, 1.01819, 0, 0, 0
9.50021, 0.969704, 0.237775, 0, 0, 0, 0, -4.82047e-43, 0, 0, 0, 1.01819, 0, 0, 0
9.55023, 0.969704, 0.237775, 0, 0, 0, 0, -4.82047e-43, 0, 0, 0, 1.01819, 0, 0, 0
9.60025, 0.969704, 0.237775, 0, 0, 0, 0, -4.82047e-43, 0, 0, 0, 1.01819, 0, 0, 0
9.65027, 0.969704, 0.237775, 0, 0, 0, 0, -4.82047e-43, 0, 0, 0, 1.01819, 0, 0, 0
9.70029, 0.969704, 0.237775, 0, 0, 0, 0, -4.82047e-43, 0, 0, 0, 1.01819, 0, 0, 0
9.75031, 0.969704, 0.237775, 0, 0, 0, 0, -4.82047e-43, 0, 0, 0, 1.01819, 0, 0, 0
9.80033, 0.969704, 0.237775, 0, 0, 0, 0, -4.82047e-43, 0, 0, 0, 1.01819, 0, 0, 0
9.85035, 0.969704, 0.237775, 0, 0, 0, 0, -4.82047e-43, 0, 0, 0, 1.01819, 0, 0, 0
9.90037, 0.969704, 0.237775, 0, 0, 0, 0, -4.82047e-43, 0, 0, 0, 1.01819, 0, 0, 0
9.95039, 0.969704, 0.237775, 0, 0, 0, 0, -4.82047e-43, 0, 0, 0, 1.01819, 0, 0, 0
10.0004, 0.969704, 0.237775, 0, 0, 0, 0, -4.82047e-43, 0, 0, 0, 1.01819, 0, 0, 0
10.0004, 0.969704, 0.237775, 0, 0, 0, 0, -4.82047e-43, 0, 0, 0, 1.01819, 0, 0, 0
10.0504, 0.969704, 0.237775, 0, 0, 0, 0, -4.82047e-43, 0, 0, 0, 1.01819, 0, 0, 0
10.1005, 0.969704, 0.237775, 0, 0, 0, 0, -4.82047e-43, 0, 0, 0, 1.01819, 0, 0, 0
10.1505, 0.969704, 0.237775, 0, 0, 0, 0, -4.82047e-43, 0, 0, 0, 1.01819, 0, 0, 0
10.2005, 0.969704, 0.237775, 0, 0, 0, 0, -4.82047e-43, 0, 0, 0, 1.01819, 0, 0, 0
10.2505, 0.969704, 0.237775, 0, 0, 0, 0, -4.82047e-43, 0, 0, 0, 1.01819, 0, 0, 0
10.3005, 0.969704, 0.237775, 0, 0, 0, 0, -4.82047e-43, 0, 0, 0, 1.01819, 0, 0, 0
10.3506, 0.969704, 0.237775, 0, 0, 0, 0, -4.82047e-43, 0, 0, 0, 1.01819, 0, 0, 0
10.4006, 0.969704, 0.237775, 0, 0, 0, 0, -4.82047e-43, 0, 0, 0, 1.01819, 0, 0, 0
10.4506, 0.969704, 0.237775, 0, 0, 0, 0, -4.82047e-43, 0, 0, 0, 1.01819, 0, 0, 0
10.5006, 0.969704, 0.237775, 0, 0, 0, 0, -4.82047e-43, 0, 0, 0, 1.01819, 0, 0, 0
10.5506, 0.969704, 0.237775, 0, 0, 0, 0, -4.82047e-43, 0, 0, 0, 1.01819, 0, 0, 0
10.6007, 0.969704, 0.237775, 0, 0, 0, 0, -4.82047e-43, 0, 0, 0, 1.01819, 0, 0, 0
10.6507, 0.969704, 0.237775, 0, 0, 0, 0, -4.82047e-43, 0, 0, 0, 1.01819, 0, 0, 0
10.7007, 0.969704, 0.237775, 0, 0, 0, 0, -4.82047e-43, 0, 0, 0, 1.01819, 0, 0, 0
10.7507, 0.969704, 0.237775, 0, 0, 0, 0, -4.82047e-43, 0, 0, 0, 1.01819, 0, 0, 0
10.8007, 0.969704, 0.237775, 0, 0, 0, 0, -4.82047e-43, 0, 0, 0, 1.01819, 0, 0, 0
10.8508, 0.969704, 0.237775, 0, 0, 0, 0, -4.82047e-43, 0, 0, 0, 1.01819, 0, 0, 0
10.9008, 0.969704, 0.237775, 0, 0, 0, 0, -4.82047e-43, 0, 0, 0, 1.01819, 0, 0, 0
10.9508, 0.969704, 0.237775, 0, 0, 0, 0, -4.82047e-43, 0, 0, 0, 1.01819, 0, 0, 0
11.0008, 0.969704, 0.237775, 0, 0, 0, 0, -4.82047e-43, 0, 0, 0, 1.01819, 0, 0, 0
11.0008, 0.969704, 0.237775, 0, 0, 0, 0, -4.82047e-43, 0, 0, 0, 1.01819, 0, 0, 0
11.0508, 0.969704, 0.237775, 0, 0, 0, 0, -4.82047e-43, 0, 0, 0, 1.01819, 0, 0, 0
11.1009, 0.969704, 0.237775, 0, 0, 0, 0, -4.82047e-43, 0, 0, 0, 1.01819, 0, 0, 0
11.1509, 0.969704, 0.237775, 0, 0, 0, 0, -4.82047e-43, 0, 0, 0, 1.01819, 0, 0, 0
11.2009, 0.969704, 0.237775, 0, 0, 0, 0, -4.82047e-43, 0, 0, 0, 1.01819, 0, 0, 0
11.2509, 0.969704, 0.237775, 0, 0, 0, 0, -4.82047e-43, 0, 0, 0, 1.01819, 0, 0, 0
11.3009, 0.969704, 0.237775, 0, 0, 0, 0, -4.82047e-43, 0, 0, 0, 1.01819, 0, 0, 0
11.351, 0.969704, 0.237775, 0, 0, 0, 0, -4.82047e-43, 0, 0, 0, 1.01819, 0, 0, 0
11.401, 0.969704, 0.237775, 0, 0, 0, 0, -4.82047e-43, 0, 0, 0, 1.01819, 0, 0, 0
11.451, 0.969704, 0.237775, 0, 0, 0, 0, -4.82047e-43, 0, 0, 0, 1.01819, 0, 0, 0
11.501, 0.969704, 0.237775, 0, 0, 0, 0, -4.82047e-43, 0, 0, 0, 1.01819, 0, 0, 0
11.551, 0.969704, 0.237775, 0, 0, 0, 0, -4.82047e-43, 0, 0, 0, 1.01819, 0, 0, 0
11.6011, 0.969704, 0.237775, 0, 0, 0, 0, -4.82047e-43, 0, 0, 0, 1.01819, 0, 0, 0
11.6511, 0.969704, 0.237775, 0, 0, 0, 0, -4.82047e-43, 0, 0, 0, 1.01819, 0, 0, 0
11.7011, 0.969704, 0.237775, 0, 0, 0, 0, -4.82047e-43, 0, 0, 0, 1.01819, 0, 0, 0
11.7511, 0.969704, 0.237775, 0, 0, 0, 0, -4.82047e-43, 0, 0, 0, 1.01819, 0, 0, 0
11.8011, 0.969704, 0.237775, 0, 0, 0, 0, -4.82047e-43, 0, 0, 0, 1.01819, 0, 0, 0
11.8512, 0.969704, 0.237775, 0, 0, 0, 0, -4.82047e-43, 0, 0, 0, 1.01819, 0, 0, 0
11.9012, 0.969704, 0.237775, 0, 0, 0, 0, -4.82047e-43, 0, 0, 0, 1.01819, 0, 0, 0
11.9512, 0.969704, 0.237775, 0, 0, 0, 0, -4.82047e-43, 0, 0, 0, 1.01819, 0, 0, 0
12.0002, 0.969704, 0.237775, 0, 0, 0, 0, -4.82047e-43, 0, 0, 0, 1.01819, 0, 0, 0
12.0002, 0.969704, 0.237775, 0, 0, 0, 0, -4.82047e-43, 0, 0, 0, 1.01819, 0, 0, 0
12.0502, 0.969704, 0.237775, 0, 0, 0, 0, -4.82047e-43, 0, 0, 0, 1.01819, 0, 0, 0
12.1003, 0.969704, 0.237775, 0, 0, 0, 0, -4.82047e-43, 0, 0, 0, 1.01819, 0, 0, 0
12.1503, 0.969704, 0.237775, 0, 0, 0, 0, -4.82047e-43, 0, 0, 0, 1.01819, 0, 0, 0
12.2003, 0.969704, 0.237775, 0, 0, 0, 0, -4.82047e-43, 0, 0, 0, 1.01819, 0, 0, 0
12.2503, 0.969704, 0.237775, 0, 0, 0, 0, -4.82047e-43, 0, 0, 0, 1.01819, 0, 0, 0
12.3003, 0.969704, 0.237775, 0, 0, 0, 0, -4.82047e-43, 0, 0, 0, 1.01819, 0, 0, 0
12.3504, 0.969704, 0.237775, 0, 0, 0, 0, -4.82047e-43, 0, 0, 0, 1.01819, 0, 0, 0
12.4004, 0.969704, 0.237775, 0, 0, 0, 0, -4.82047e-43, 0, 0, 0, 1.01819, 0, 0, 0
12.4504, 0.969704, 0.237775, 0, 0, 0, 0, -4.82047e-43, 0, 0, 0, 1.01819, 0, 0, 0
12.5004, 0.969704, 0.237775, 0, 0, 0, 0, -4.82047e-43, 0, 0, 0, 1.01819, 0, 0, 0
12.5504, 0.969704, 0.237775, 0, 0, 0, 0, -4.82047e-43, 0, 0, 0, 1.01819, 0, 0, 0
12.6005, 0.969704, 0.237775, 0, 0, 0, 0, -4.82047e-43, 0, 0, 0, 1.01819, 0, 0, 0
12.6505, 0.969704, 0.237775, 0, 0, 0, 0, -4.82047e-43, 0, 0, 0, 1.01819, 0, 0, 0
12.7005, 0.969704, 0.237775, 0, 0, 0, 0, -4.82047e-43, 0, 0, 0, 1.01819, 0, 0, 0
12.7505, 0.969704, 0.237775, 0, 0, 0, 0, -4.82047e-43, 0, 0, 0, 1.01819, 0, 0, 0
12.8005, 0.969704, 0.237775, 0, 0, 0, 0, -4.82047e-43, 0, 0, 0, 1.01819, 0, 0, 0
12.8506, 0.969704, 0.237775, 0, 0, 0, 0, -4.82047e-43, 0, 0, 0, 1.01819, 0, 0, 0
12.9006, 0.969704, 0.237775, 0, 0, 0, 0, -4.82047e-43, 0, 0, 0, 1.01819, 0, 0, 0
12.9506, 0.969704, 0.237775, 0, 0, 0, 0, -4.82047e-43, 0, 0, 0, 1.01819, 0, 0, 0
13.0006, 0.969704, 0.237775, 0, 0, 0, 0, -4.82047e-43, 0, 0, 0, 1.01819, 0, 0, 0
13.0006, 0.969704, 0.237775, 0, 0, 0, 0, -4.82047e-43, 0, 0, 0, 1.01819, 0, 0, 0
13.0506, 0.969704, 0.237775, 0, 0, 0, 0, -4.82047e-43, 0, 0, 0, 1.01819, 0, 0, 0
13.1007, 0.969704, 0.237775, 0, 0, 0, 0, -4.82047e-43, 0, 0, 0, 1.01819, 0, 0, 0
13.1507, 0.969704, 0.237775, 0, 0, 0, 0, -4.82047e-43, 0, 0, 0, 1.01819, 0, 0, 0
13.2007, 0.969704, 0.237775, 0, 0, 0, 0, -4.82047e-43, 0, 0, 0, 1.01819, 0, 0, 0
13.2507, 0.969704, 0.237775, 0, 0, 0, 0, -4.82047e-43, 0, 0, 0, 1.01819, 0, 0, 0
13.3007, 0.969704, 0.237775, 0, 0, 0, 0, -4.82047e-43, 0, 0, 0, 1.01819, 0, 0, 0
13.3508, 0.969704, 0.237775, 0, 0, 0, 0, -4.82047e-43, 0, 0, 0, 1.01819, 0, 0, 0
13.4008, 0.969704, 0.237775, 0, 0, 0, 0, -4.82047e-43, 0, 0, 0, 1.01819, 0, 0, 0
13.4508, 0.969704, 0.237775, 0, 0, 0, 0, -4.82047e-43, 0, 0, 0, 1.01819, 0, 0, 0
13.5008, 0.969704, 0.237775, 0, 0, 0, 0, -4.82047e-43, 0, 0, 0, 1.01819, 0, 0, 0
13.5508, 0.969704, 0.237775, 0, 0, 0, 0, -4.82047e-43, 0, 0, 0, 1.01819, 0, 0, 0
13.6009, 0.969704, 0.237775, 0, 0, 0, 0, -4.82047e-43, 0, 0, 0, 1.01819, 0, 0, 0
13.6509, 0.969704, 0.237775, 0, 0, 0, 0, -4.82047e-43, 0, 0, 0, 1.01819, 0, 0, 0
13.7009, 0.969704, 0.237775, 0, 0, 0, 0, -4.82047e-43, 0, 0, 0, 1.01819, 0, 0, 0
13.7509, 0.969704, 0.237775, 0, 0, 0, 0, -4.82047e-43, 0, 0, 0, 1.01819, 0, 0, 0
13.8009, 0.969704, 0.237775, 0, 0, 0, 0, -4.82047e-43, 0, 0, 0, 1.01819, 0, 0, 0
13.851, 0.969704, 0.237775, 0, 0, 0, 0, -4.82047e-43, 0, 0, 0, 1.01819, 0, 0, 0
13.901, 0.969704, 0.237775, 0, 0, 0, 0, -4.82047e-43, 0, 0, 0, 1.01819, 0, 0, 0
13.951, 0.969704, 0.237775, 0, 0, 0, 0, -4.82047e-43, 0, 0, 0, 1.01819, 0, 0, 0
14, 0.969704, 0.237775, 0, 0, 0, 0, -4.82047e-43, 0, 0, 0, 1.01819, 0, 0, 0
14, 0.969704, 0.237775, 0, 0, 0, 0, -4.82047e-43, 0, 0, 0, 1.01819, 0, 0, 0
14.05, 0.969704, 0.237775, 0, 0, 0, 0, -4.82047e-43, 0, 0, 0, 1.01819, 0, 0, 0
14.1001, 0.969704, 0.237775, 0, 0, 0, 0, -4.82047e-43, 0, 0, 0, 1.01819, 0, 0, 0
14.1501, 0.969704, 0.237775, 0, 0, 0, 0, -4.82047e-43, 0, 0, 0, 1.01819, 0, 0, 0
14.2001, 0.969704, 0.237775, 0, 0, 0, 0, -4.82047e-43, 0, 0, 0, 1.01819, 0, 0, 0
14.2501, 0.969704, 0.237775, 0, 0, 0, 0, -4.82047e-43, 0, 0, 0, 1.01819, 0, 0, 0
14.3001, 0.969704, 0.237775, 0, 0, 0, 0, -4.82047e-43, 0, 0, 0, 1.01819, 0, 0, 0
14.3502, 0.969704, 0.237775, 0, 0, 0, 0, -4.82047e-43, 0, 0, 0, 1.01819, 0, 0, 0
14.4002, 0.969704, 0.237775, 0, 0, 0, 0, -4.82047e-43, 0, 0, 0, 1.01819, 0, 0, 0
14.4502, 0.969704, 0.237775, 0, 0, 0, 0, -4.82047e-43, 0, 0, 0, 1.01819, 0, 0, 0
14.5002, 0.969704, 0.237775, 0, 0, 0, 0, -4.82047e-43, 0, 0, 0, 1.01819, 0, 0, 0
14.5503, 0.969704, 0.237775, 0, 0, 0, 0, -4.82047e-43, 0, 0, 0, 1.01819, 0, 0, 0
14.6003, 0.969704, 0.237775, 0, 0, 0, 0, -4.82047e-43, 0, 0, 0, 1.01819, 0, 0, 0
14.6503, 0.969704, 0.237775, 0, 0, 0, 0, -4.82047e-43, 0, 0, 0, 1.01819, 0, 0, 0
14.7003, 0.969704, 0.237775, 0, 0, 0, 0, -4.82047e-43, 0, 0, 0, 1.01819, 0, 0, 0
14.7503, 0.969704, 0.237775, 0, 0, 0, 0, -4.82047e-43, 0, 0, 0, 1.01819, 0, 0, 0
14.8004, 0.969704, 0.237775, 0, 0, 0, 0, -4.82047e-43, 0, 0, 0, 1.01819, 0, 0, 0
14.8504, 0.969704, 0.237775, 0, 0, 0, 0, -4.82047e-43, 0, 0, 0, 1.01819, 0, 0, 0
14.9004, 0.969704, 0.237775, 0, 0, 0, 0, -4.82047e-43, 0, 0, 0, 1.01819, 0, 0, 0
14.9504, 0.969704, 0.237775, 0, 0, 0, 0, -4.82047e-43, 0, 0, 0, 1.01819, 0, 0, 0
15.0004, 0.969704, 0.237775, 0, 0, 0, 0, -4.82047e-43, 0, 0, 0, 1.01819, 0, 0, 0
15.0004, 0.969704, 0.237775, 0, 0, 0, 0, -4.82047e-43, 0, 0, 0, 1.01819, 0, 0, 0
15.0505, 0.969704, 0.237775, 0, 0, 0, 0, -4.82047e-43, 0, 0, 0, 1.01819, 0, 0, 0
15.1005, 0.969704, 0.237775, 0, 0, 0, 0, -4.82047e-43, 0, 0, 0, 1.01819, 0, 0, 0
15.1505, 0.969704, 0.237775, 0, 0, 0, 0, -4.82047e-43, 0, 0, 0, 1.01819, 0, 0, 0
15.2005, 0.969704, 0.237775, 0, 0, 0, 0, -4.82047e-43, 0, 0, 0, 1.01819, 0, 0, 0
15.2505, 0.969704, 0.237775, 0, 0, 0, 0, -4.82047e-43, 0, 0, 0, 1.01819, 0, 0, 0
15.3006, 0.969704, 0.237775, 0, 0, 0, 0, -4.82047e-43, 0, 0, 0, 1.01819, 0, 0, 0
15.3506, 0.969704, 0.237775, 0, 0, 0, 0, -4.82047e-43, 0, 0, 0, 1.01819, 0, 0, 0
15.4006, 0.969704, 0.237775, 0, 0, 0, 0, -4.82047e-43, 0, 0, 0, 1.01819, 0, 0, 0
15.4506, 0.969704, 0.237775, 0, 0, 0, 0, -4.82047e-43, 0, 0, 0, 1.01819, 0, 0, 0
15.5006, 0.969704, 0.237775, 0, 0, 0, 0, -4.82047e-43, 0, 0, 0, 1.01819, 0, 0, 0
15.5507, 0.969704, 0.237775, 0, 0, 0, 0, -4.82047e-43, 0, 0, 0, 1.01819, 0, 0, 0
15.6007, 0.969704, 0.237775, 0, 0, 0, 0, -4.82047e-43, 0, 0, 0, 1.01819, 0, 0, 0
15.6507, 0.969704, 0.237775, 0, 0, 0, 0, -4.82047e-43, 0, 0, 0, 1.01819, 0, 0, 0
15.7007, 0.969704, 0.237775, 0, 0, 0, 0, -4.82047e-43, 0, 0, 0, 1.01819, 0, 0, 0
15.7507, 0.969704, 0.237775, 0, 0, 0, 0, -4.82047e-43, 0, 0, 0, 1.01819, 0, 0, 0
15.8008, 0.969704, 0.237775, 0, 0, 0, 0, -4.82047e-43, 0, 0, 0, 1.01819, 0, 0, 0
15.8508, 0.969704, 0.237775, 0, 0, 0, 0, -4.82047e-43, 0, 0, 0, 1.01819, 0, 0, 0
15.9008, 0.969704, 0.237775, 0, 0, 0, 0, -4.82047e-43, 0, 0, 0, 1.01819, 0, 0, 0
15.9508, 0.969704, 0.237775, 0, 0, 0, 0, -4.82047e-43, 0, 0, 0, 1.01819, 0, 0, 0
16.0008, 0.969704, 0.237775, 0, 0, 0, 0, -4.82047e-43, 0, 0, 0, 1.01819, 0, 0, 0
16.0008, 0.969704, 0.237775, 0, 0, 0, 0, -4.82047e-43, 0, 0, 0, 1.01819, 0, 0, 0
16.0508, 0.969704, 0.237775, 0, 0, 0, 0, -4.82047e-43, 0, 0, 0, 1.01819, 0, 0, 0
16.1008, 0.969704, 0.237775, 0, 0, 0, 0, -4.82047e-43, 0, 0, 0, 1.01819, 0, 0, 0
16.1508, 0.969704, 0.237775, 0, 0, 0, 0, -4.82047e-43, 0, 0, 0, 1.01819, 0, 0, 0
16.2007, 0.969704, 0.237775, 0, 0, 0, 0, -4.82047e-43, 0, 0, 0, 1.01819, 0, 0, 0
16.2507, 0.969704, 0.237775, 0, 0, 0, 0, -4.82047e-43, 0, 0, 0, 1.01819, 0, 0, 0
16.3007, 0.969704, 0.237775, 0, 0, 0, 0, -4.82047e-43, 0, 0, 0, 1.01819, 0, 0, 0
16.3506, 0.969704, 0.237775, 0, 0, 0, 0, -4.82047e-43, 0, 0, 0, 1.01819, 0, 0, 0
16.4006, 0.969704, 0.237775, 0, 0, 0, 0, -4.82047e-43, 0, 0, 0, 1.01819, 0, 0, 0
16.4506, 0.969704, 0.237775, 0, 0, 0, 0, -4.82047e-43, 0, 0, 0, 1.01819, 0, 0, 0
16.5006, 0.969704, 0.237775, 0, 0, 0, 0, -4.82047e-43, 0, 0, 0, 1.01819, 0, 0, 0
16.5505, 0.969704, 0.237775, 0, 0, 0, 0, -4.82047e-43, 0, 0, 0, 1.01819, 0, 0, 0
16.6005, 0.969704, 0.237775, 0, 0, 0, 0, -4.82047e-43, 0, 0, 0, 1.01819, 0, 0, 0
16.6505, 0.969704, 0.237775, 0, 0, 0, 0, -4.82047e-43, 0, 0, 0, 1.01819, 0, 0, 0
16.7005, 0.969704, 0.237775, 0, 0, 0, 0, -4.82047e-43, 0, 0, 0, 1.01819, 0, 0, 0
16.7504, 0.969704, 0.237775, 0, 0, 0, 0, -4.82047e-43, 0, 0, 0, 1.01819, 0, 0, 0
16.8004, 0.969704, 0.237775, 0, 0, 0, 0, -4.82047e-43, 0, 0, 0, 1.01819, 0, 0, 0
16.8504, 0.969704, 0.237775, 0, 0, 0, 0, -4.82047e-43, 0, 0, 0, 1.01819, 0, 0, 0
16.9003, 0.969704, 0.237775, 0, 0, 0, 0, -4.82047e-43, 0, 0, 0, 1.01819, 0, 0, 0
16.9503, 0.969704, 0.237775, 0, 0, 0, 0, -4.82047e-43, 0, 0, 0, 1.01819, 0, 0, 0
17.0003, 0.969704, 0.237775, 0, 0, 0, 0, -4.82047e-43, 0, 0, 0, 1.01819, 0, 0, 0
17.0003, 0.969704, 0.237775, 0, 0, 0, 0, -4.82047e-43, 0, 0, 0, 1.01819, 0, 0, 0
17.0503, 0.969704, 0.237775, 0, 0, 0, 0, -4.82047e-43, 0, 0, 0, 1.01819, 0, 0, 0
17.1002, 0.969704, 0.237775, 0, 0, 0, 0, -4.82047e-43, 0, 0, 0, 1.01819, 0, 0, 0
17.1502, 0.969704, 0.237775, 0, 0, 0, 0, -4.82047e-43, 0, 0, 0, 1.01819, 0, 0, 0
17.2002, 0.969704, 0.237775, 0, 0, 0, 0, -4.82047e-43, 0, 0, 0, 1.01819, 0, 0, 0
17.2501, 0.969704, 0.237775, 0, 0, 0, 0, -4.82047e-43, 0, 0, 0, 1.01819, 0, 0, 0
17.3001, 0.969704, 0.237775, 0, 0, 0, 0, -4.82047e-43, 0, 0, 0, 1.01819, 0, 0, 0
17.3501, 0.969704, 0.237775, 0, 0, 0, 0, -4.82047e-43, 0, 0, 0, 1.01819, 0, 0, 0
17.4001, 0.969704, 0.237775, 0, 0, 0, 0, -4.82047e-43, 0, 0, 0, 1.01819, 0, 0, 0
17.45, 0.969704, 0.237775, 0, 0, 0, 0, -4.82047e-43, 0, 0, 0, 1.01819, 0, 0, 0
17.5, 0.969704, 0.237775, 0, 0, 0, 0, -4.82047e-43, 0, 0, 0, 1.01819, 0, 0, 0
17.55, 0.969704, 0.237775, 0, 0, 0, 0, -4.82047e-43, 0, 0, 0, 1.01819, 0, 0, 0
17.6, 0.969704, 0.237775, 0, 0, 0, 0, -4.82047e-43, 0, 0, 0, 1.01819, 0, 0, 0
17.6499, 0.969704, 0.237775, 0, 0, 0, 0, -4.82047e-43, 0, 0, 0, 1.01819, 0, 0, 0
17.6999, 0.969704, 0.237775, 0, 0, 0, 0, -4.82047e-43, 0, 0, 0, 1.01819, 0, 0, 0
17.7499, 0.969704, 0.237775, 0, 0, 0, 0, -4.82047e-43, 0, 0, 0, 1.01819, 0, 0, 0
17.7998, 0.969704, 0.237775, 0, 0, 0, 0, -4.82047e-43, 0, 0, 0, 1.01819, 0, 0, 0
17.8498, 0.969704, 0.237775, 0, 0, 0, 0, -4.82047e-43, 0, 0, 0, 1.01819, 0, 0, 0
17.8998, 0.969704, 0.237775, 0, 0, 0, 0, -4.82047e-43, 0, 0, 0, 1.01819, 0, 0, 0
17.9498, 0.969704, 0.237775, 0, 0, 0, 0, -4.82047e-43, 0, 0, 0, 1.01819, 0, 0, 0
17.9997, 0.969704, 0.237775, 0, 0, 0, 0, -4.82047e-43, 0, 0, 0, 1.01819, 0, 0, 0
18.0007, 0.969704, 0.237775, 0, 0, 0, 0, -4.82047e-43, 0, 0, 0, 1.01819, 0, 0, 0
18.0007, 0.969704, 0.237775, 0, 0, 0, 0, -4.82047e-43, 0, 0, 0, 1.01819, 0, 0, 0
18.0507, 0.969704, 0.237775, 0, 0, 0, 0, -4.82047e-43, 0, 0, 0, 1.01819, 0, 0, 0
18.1007, 0.969704, 0.237775, 0, 0, 0, 0, -4.82047e-43, 0, 0, 0, 1.01819, 0, 0, 0
18.1507, 0.969704, 0.237775, 0, 0, 0, 0, -4.82047e-43, 0, 0, 0, 1.01819, 0, 0, 0
18.2006, 0.969704, 0.237775, 0, 0, 0, 0, -4.82047e-43, 0, 0, 0, 1.01819, 0, 0, 0
18.2506, 0.969704, 0.237775, 0, 0, 0, 0, -4.82047e-43, 0, 0, 0, 1.01819, 0, 0, 0
18.3006, 0.969704, 0.237775, 0, 0, 0, 0, -4.82047e-43, 0, 0, 0, 1.01819, 0, 0, 0
18.3505, 0.969704, 0.237775, 0, 0, 0, 0, -4.82047e-43, 0, 0, 0, 1.01819, 0, 0, 0
18.4005, 0.969704, 0.237775, 0, 0, 0, 0, -4.82047e-43, 0, 0, 0, 1.01819, 0, 0, 0
18.4505, 0.969704, 0.237775, 0, 0, 0, 0, -4.82047e-43, 0, 0, 0, 1.01819, 0, 0, 0
18.5005, 0.969704, 0.237775, 0, 0, 0, 0, -4.82047e-43, 0, 0, 0, 1.01819, 0, 0, 0
18.5504, 0.969704, 0.237775, 0, 0, 0, 0, -4.82047e-43, 0, 0, 0, 1.01819, 0, 0, 0
18.6004, 0.969704, 0.237775, 0, 0, 0, 0, -4.82047e-43, 0, 0, 0, 1.01819, 0, 0, 0
18.6504, 0.969704, 0.237775, 0, 0, 0, 0, -4.82047e-43, 0, 0, 0, 1.01819, 0, 0, 0
18.7004, 0.969704, 0.237775, 0, 0, 0, 0, -4.82047e-43, 0, 0, 0, 1.01819, 0, 0, 0
18.7503, 0.969704, 0.237775, 0, 0, 0, 0, -4.82047e-43, 0, 0, 0, 1.01819, 0, 0, 0
18.8003, 0.969704, 0.237775, 0, 0, 0, 0, -4.82047e-43, 0, 0, 0, 1.01819, 0, 0, 0
18.8503, 0.969704, 0.237775, 0, 0, 0, 0, -4.82047e-43, 0, 0, 0, 1.01819, 0, 0, 0
18.9002, 0.969704, 0.237775, 0, 0, 0, 0, -4.82047e-43, 0, 0, 0, 1.01819, 0, 0, 0
18.9502, 0.969704, 0.237775, 0, 0, 0, 0, -4.82047e-43, 0, 0, 0, 1.01819, 0, 0, 0
19.0002, 0.969704, 0.237775, 0, 0, 0, 0, -4.82047e-43, 0, 0, 0, 1.01819, 0, 0, 0
19.0002, 0.969704, 0.237775, 0, 0, 0, 0, -4.82047e-43, 0, 0, 0, 1.01819, 0, 0, 0
19.0502, 0.969704, 0.237775, 0, 0, 0, 0, -4.82047e-43, 0, 0, 0, 1.01819, 0, 0, 0
19.1001, 0.969704, 0.237775, 0, 0, 0, 0, -4.82047e-43, 0, 0, 0, 1.01819, 0, 0, 0
19.1501, 0.969704, 0.237775, 0, 0, 0, 0, -4.82047e-43, 0, 0, 0, 1.01819, 0, 0, 0
19.2001, 0.969704, 0.237775, 0, 0, 0, 0, -4.82047e-43, 0, 0, 0, 1.01819, 0, 0, 0
19.25, 0.969704, 0.237775, 0, 0, 0, 0, -4.82047e-43, 0, 0, 0, 1.01819, 0, 0, 0
19.3, 0.969704, 0.237775, 0, 0, 0, 0, -4.82047e-43, 0, 0, 0, 1.01819, 0, 0, 0
19.35, 0.969704, 0.237775, 0, 0, 0, 0, -4.82047e-43, 0, 0, 0, 1.01819, 0, 0, 0
19.4, 0.969704, 0.237775, 0, 0, 0, 0, -4.82047e-43, 0, 0, 0, 1.01819, 0, 0, 0
19.4499, 0.969704, 0.237775, 0, 0, 0, 0, -4.82047e-43, 0, 0, 0, 1.01819, 0, 0, 0
19.4999, 0.969704, 0.237775, 0, 0, 0, 0, -4.82047e-43, 0, 0, 0, 1.01819, 0, 0, 0
19.5499, 0.969704, 0.237775, 0, 0, 0, 0, -4.82047e-43, 0, 0, 0, 1.01819, 0, 0, 0
19.5999, 0.969704, 0.237775, 0, 0, 0, 0, -4.82047e-43, 0, 0, 0, 1.01819, 0, 0, 0
19.6498, 0.969704, 0.237775, 0, 0, 0, 0, -4.82047e-43, 0, 0, 0, 1.01819, 0, 0, 0
19.6998, 0.969704, 0.237775, 0, 0, 0, 0, -4.82047e-43, 0, 0, 0, 1.01819, 0, 0, 0
19.7498, 0.969704, 0.237775, 0, 0, 0, 0, -4.82047e-43, 0, 0, 0, 1.01819, 0, 0, 0
19.7997, 0.969704, 0.237775, 0, 0, 0, 0, -4.82047e-43, 0, 0, 0, 1.01819, 0, 0, 0
19.8497, 0.969704, 0.237775, 0, 0, 0, 0, -4.82047e-43, 0, 0, 0, 1.01819, 0, 0, 0
19.8997, 0.969704, 0.237775, 0, 0, 0, 0, -4.82047e-43, 0, 0, 0, 1.01819, 0, 0, 0
19.9497, 0.969704, 0.237775, 0, 0, 0, 0, -4.82047e-43, 0, 0, 0, 1.01819, 0, 0, 0
19.9996, 0.969704, 0.237775, 0, 0, 0, 0, -4.82047e-43, 0, 0, 0, 1.01819, 0, 0, 0
20.0006, 0.969704, 0.237775, 0, 0, 0, 0, -4.82047e-43, 0, 0, 0, 1.01819, 0, 0, 0
20.0006, 0.969704, 0.237775, 0, 0, 0, 0, -4.82047e-43, 0, 0, 0, 1.01819, 0, 0, 0
20.0506, 0.969704, 0.237775, 0, 0, 0, 0, -4.82047e-43, 0, 0, 0, 1.01819, 0, 0, 0
20.1006, 0.969704, 0.237775, 0, 0, 0, 0, -4.82047e-43, 0, 0, 0, 1.01819, 0, 0, 0
20.1506, 0.969704, 0.237775, 0, 0, 0, 0, -4.82047e-43, 0, 0, 0, 1.01819, 0, 0, 0
20.2005, 0.969704, 0.237775, 0, 0, 0, 0, -4.82047e-43, 0, 0, 0, 1.01819, 0, 0, 0
20.2505, 0.969704, 0.237775, 0, 0, 0, 0, -4.82047e-43, 0, 0, 0, 1.01819, 0, 0, 0
20.3005, 0.969704, 0.237775, 0, 0, 0, 0, -4.82047e-43, 0, 0, 0, 1.01819, 0, 0, 0
20.3504, 0.969704, 0.237775, 0, 0, 0, 0, -4.82047e-43, 0, 0, 0, 1.01819, 0, 0, 0
20.4004, 0.969704, 0.237775, 0, 0, 0, 0, -4.82047e-43, 0, 0, 0, 1.01819, 0, 0, 0
20.4504, 0.969704, 0.237775, 0, 0, 0, 0, -4.82047e-43, 0, 0, 0, 1.01819, 0, 0, 0
20.5004, 0.969704, 0.237775, 0, 0, 0, 0, -4.82047e-43, 0, 0, 0, 1.01819, 0, 0, 0
20.5503, 0.969704, 0.237775, 0, 0, 0, 0, -4.82047e-43, 0, 0, 0, 1.01819, 0, 0, 0
20.6003, 0.969704, 0.237775, 0, 0, 0, 0, -4.82047e-43, 0, 0, 0, 1.01819, 0, 0, 0
20.6503, 0.969704, 0.237775, 0, 0, 0, 0, -4.82047e-43, 0, 0, 0, 1.01819, 0, 0, 0
20.7003, 0.969704, 0.237775, 0, 0, 0, 0, -4.82047e-43, 0, 0, 0, 1.01819, 0, 0, 0
20.7502, 0.969704, 0.237775, 0, 0, 0, 0, -4.82047e-43, 0, 0, 0, 1.01819, 0, 0, 0
20.8002, 0.969704, 0.237775, 0, 0, 0, 0, -4.82047e-43, 0, 0, 0, 1.01819, 0, 0, 0
20.8502, 0.969704, 0.237775, 0, 0, 0, 0, -4.82047e-43, 0, 0, 0, 1.01819, 0, 0, 0
20.9001, 0.969704, 0.237775, 0, 0, 0, 0, -4.82047e-43, 0, 0, 0, 1.01819, 0, 0, 0
20.9501, 0.969704, 0.237775, 0, 0, 0, 0, -4.82047e-43, 0, 0, 0, 1.01819, 0, 0, 0
21.0001, 0.969704, 0.237775, 0, 0, 0, 0, -4.82047e-43, 0, 0, 0, 1.01819, 0, 0, 0
21.0001, 0.969704, 0.237775, 0, 0, 0, 0, -4.82047e-43, 0, 0, 0, 1.01819, 0, 0, 0
21.0501, 0.969704, 0.237775, 0, 0, 0, 0, -4.82047e-43, 0, 0, 0, 1.01819, 0, 0, 0
21.1, 0.969704, 0.237775, 0, 0, 0, 0, -4.82047e-43, 0, 0, 0, 1.01819, 0, 0, 0
21.15, 0.969704, 0.237775, 0, 0, 0, 0, -4.82047e-43, 0, 0, 0, 1.01819, 0, 0, 0
21.2, 0.969704, 0.237775, 0, 0, 0, 0, -4.82047e-43, 0, 0, 0, 1.01819, 0, 0, 0
21.25, 0.969704, 0.237775, 0, 0, 0, 0, -4.82047e-43, 0, 0, 0, 1.01819, 0, 0, 0
21.2999, 0.969704, 0.237775, 0, 0, 0, 0, -4.82047e-43, 0, 0, 0, 1.01819, 0, 0, 0
21.3499, 0.969704, 0.237775, 0, 0, 0, 0, -4.82047e-43, 0, 0, 0, 1.01819, 0, 0, 0
21.3999, 0.969704, 0.237775, 0, 0, 0, 0, -4.82047e-43, 0, 0, 0, 1.01819, 0, 0, 0
21.4498, 0.969704, 0.237775, 0, 0, 0, 0, -4.82047e-43, 0, 0, 0, 1.01819, 0, 0, 0
21.4998, 0.969704, 0.237775, 0, 0, 0, 0, -4.82047e-43, 0, 0, 0, 1.01819, 0, 0, 0
21.5498, 0.969704, 0.237775, 0, 0, 0, 0, -4.82047e-43, 0, 0, 0, 1.01819, 0, 0, 0
21.5998, 0.969704, 0.237775, 0, 0, 0, 0, -4.82047e-43, 0, 0, 0, 1.01819, 0, 0, 0
21.6497, 0.969704, 0.237775, 0, 0, 0, 0, -4.82047e-43, 0, 0, 0, 1.01819, 0, 0, 0
21.6997, 0.969704, 0.237775, 0, 0, 0, 0, -4.82047e-43, 0, 0, 0, 1.01819, 0, 0, 0
21.7497, 0.969704, 0.237775, 0, 0, 0, 0, -4.82047e-43, 0, 0, 0, 1.01819, 0, 0, 0
21.7996, 0.969704, 0.237775, 0, 0, 0, 0, -4.82047e-43, 0, 0, 0, 1.01819, 0, 0, 0
21.8496, 0.969704, 0.237775, 0, 0, 0, 0, -4.82047e-43, 0, 0, 0, 1.01819, 0, 0, 0
21.8996, 0.969704, 0.237775, 0, 0, 0, 0, -4.82047e-43, 0, 0, 0, 1.01819, 0, 0, 0
21.9496, 0.969704, 0.237775, 0, 0, 0, 0, -4.82047e-43, 0, 0, 0, 1.01819, 0, 0, 0
21.9995, 0.969704, 0.237775, 0, 0, 0, 0, -4.82047e-43, 0, 0, 0, 1.01819, 0, 0, 0
22.0005, 0.969704, 0.237775, 0, 0, 0, 0, -4.82047e-43, 0, 0, 0, 1.01819, 0, 0, 0
22.0005, 0.969704, 0.237775, 0, 0, 0, 0, -4.82047e-43, 0, 0, 0, 1.01819, 0, 0, 0
22.0505, 0.969704, 0.237775, 0, 0, 0, 0, -4.82047e-43, 0, 0, 0, 1.01819, 0, 0, 0
22.1005, 0.969704, 0.237775, 0, 0, 0, 0, -4.82047e-43, 0, 0, 0, 1.01819, 0, 0, 0
22.1505, 0.969704, 0.237775, 0, 0, 0, 0, -4.82047e-43, 0, 0, 0, 1.01819, 0, 0, 0
22.2004, 0.969704, 0.237775, 0, 0, 0, 0, -4.82047e-43, 0, 0, 0, 1.01819, 0, 0, 0
22.2504, 0.969704, 0.237775, 0, 0, 0, 0, -4.82047e-43, 0, 0, 0, 1.01819, 0, 0, 0
22.3004, 0.969704, 0.237775, 0, 0, 0, 0, -4.82047e-43, 0, 0, 0, 1.01819, 0, 0, 0
22.3503, 0.969704, 0.237775, 0, 0, 0, 0, -4.82047e-43, 0, 0, 0, 1.01819, 0, 0, 0
22.4003, 0.969704, 0.237775, 0, 0, 0, 0, -4.82047e-43, 0, 0, 0, 1.01819, 0, 0, 0
22.4503, 0.969704, 0.237775, 0, 0, 0, 0, -4.82047e-43, 0, 0, 0, 1.01819, 0, 0, 0
22.5003, 0.969704, 0.237775, 0, 0, 0, 0, -4.82047e-43, 0, 0, 0, 1.01819, 0, 0, 0
22.5502, 0.969704, 0.237775, 0, 0, 0, 0, -4.82047e-43, 0, 0, 0, 1.01819, 0, 0, 0
22.6002, 0.969704, 0.237775, 0, 0, 0, 0, -4.82047e-43, 0, 0, 0, 1.01819, 0, 0, 0
22.6502, 0.969704, 0.237775, 0, 0, 0, 0, -4.82047e-43, 0, 0, 0, 1.01819, 0, 0, 0
22.7002, 0.969704, 0.237775, 0, 0, 0, 0, -4.82047e-43, 0, 0, 0, 1.01819, 0, 0, 0
22.7501, 0.969704, 0.237775, 0, 0, 0, 0, -4.82047e-43, 0, 0, 0, 1.01819, 0, 0, 0
22.8001, 0.969704, 0.237775, 0, 0, 0, 0, -4.82047e-43, 0, 0, 0, 1.01819, 0, 0, 0
22.8501, 0.969704, 0.237775, 0, 0, 0, 0, -4.82047e-43, 0, 0, 0, 1.01819, 0, 0, 0
22.9, 0.969704, 0.237775, 0, 0, 0, 0, -4.82047e-43, 0, 0, 0, 1.01819, 0, 0, 0
22.95, 0.969704, 0.237775, 0, 0, 0, 0, -4.82047e-43, 0, 0, 0, 1.01819, 0, 0, 0
23, 0.969704, 0.237775, 0, 0, 0, 0, -4.82047e-43, 0, 0, 0, 1.01819, 0, 0, 0
23.001, 0.969704, 0.237775, 0, 0, 0, 0, -4.82047e-43, 0, 0, 0, 1.01819, 0, 0, 0
23.001, 0.969704, 0.237775, 0, 0, 0, 0, -4.82047e-43, 0, 0, 0, 1.01819, 0, 0, 0
23.051, 0.969704, 0.237775, 0, 0, 0, 0, -4.82047e-43, 0, 0, 0, 1.01819, 0, 0, 0
23.1009, 0.969704, 0.237775, 0, 0, 0, 0, -4.82047e-43, 0, 0, 0, 1.01819, 0, 0, 0
23.1509, 0.969704, 0.237775, 0, 0, 0, 0, -4.82047e-43, 0, 0, 0, 1.01819, 0, 0, 0
23.2009, 0.969704, 0.237775, 0, 0, 0, 0, -4.82047e-43, 0, 0, 0, 1.01819, 0, 0, 0
23.2509, 0.969704, 0.237775, 0, 0, 0, 0, -4.82047e-43, 0, 0, 0, 1.01819, 0, 0, 0
23.3008, 0.969704, 0.237775, 0, 0, 0, 0, -4.82047e-43, 0, 0, 0, 1.01819, 0, 0, 0
23.3508, 0.969704, 0.237775, 0, 0, 0, 0, -4.82047e-43, 0, 0, 0, 1.01819, 0, 0, 0
23.4008, 0.969704, 0.237775, 0, 0, 0, 0, -4.82047e-43, 0, 0, 0, 1.01819, 0, 0, 0
23.4507, 0.969704, 0.237775, 0, 0, 0, 0, -4.82047e-43, 0, 0, 0, 1.01819, 0, 0, 0
23.5007, 0.969704, 0.237775, 0, 0, 0, 0, -4.82047e-43, 0, 0, 0, 1.01819, 0, 0, 0
23.5507, 0.969704, 0.237775, 0, 0, 0, 0, -4.82047e-43, 0, 0, 0, 1.01819, 0, 0, 0
23.6007, 0.969704, 0.237775, 0, 0, 0, 0, -4.82047e-43, 0, 0, 0, 1.01819, 0, 0, 0
23.6506, 0.969704, 0.237775, 0, 0, 0, 0, -4.82047e-43, 0, 0, 0, 1.01819, 0, 0, 0
23.7006, 0.969704, 0.237775, 0, 0, 0, 0, -4.82047e-43, 0, 0, 0, 1.01819, 0, 0, 0
23.7506, 0.969704, 0.237775, 0, 0, 0, 0, -4.82047e-43, 0, 0, 0, 1.01819, 0, 0, 0
23.8005, 0.969704, 0.237775, 0, 0, 0, 0, -4.82047e-43, 0, 0, 0, 1.01819, 0, 0, 0
23.8505, 0.969704, 0.237775, 0, 0, 0, 0, -4.82047e-43, 0, 0, 0, 1.01819, 0, 0, 0
23.9005, 0.969704, 0.237775, 0, 0, 0, 0, -4.82047e-43, 0, 0, 0, 1.01819, 0, 0, 0
23.9505, 0.969704, 0.237775, 0, 0, 0, 0, -4.82047e-43, 0, 0, 0, 1.01819, 0, 0, 0
24.0004, 0.969704, 0.237775, 0, 0, 0, 0, -4.82047e-43, 0, 0, 0, 1.01819, 0, 0, 0
24.0004, 0.969704, 0.237775, 0, 0, 0, 0, -4.82047e-43, 0, 0, 0, 1.01819, 0, 0, 0
24.0504, 0.969704, 0.237775, 0, 0, 0, 0, -4.82047e-43, 0, 0, 0, 1.01819, 0, 0, 0
24.1004, 0.969704, 0.237775, 0, 0, 0, 0, -4.82047e-43, 0, 0, 0, 1.01819, 0, 0, 0
24.1504, 0.969704, 0.237775, 0, 0, 0, 0, -4.82047e-43, 0, 0, 0, 1.01819, 0, 0, 0
24.2003, 0.969704, 0.237775, 0, 0, 0, 0, -4.82047e-43, 0, 0, 0, 1.01819, 0, 0, 0
24.2503, 0.969704, 0.237775, 0, 0, 0, 0, -4.82047e-43, 0, 0, 0, 1.01819, 0, 0, 0
24.3003, 0.969704, 0.237775, 0, 0, 0, 0, -4.82047e-43, 0, 0, 0, 1.01819, 0, 0, 0
24.3502, 0.969704, 0.237775, 0, 0, 0, 0, -4.82047e-43, 0, 0, 0, 1.01819, 0, 0, 0
24.4002, 0.969704, 0.237775, 0, 0, 0, 0, -4.82047e-43, 0, 0, 0, 1.01819, 0, 0, 0
24.4502, 0.969704, 0.237775, 0, 0, 0, 0, -4.82047e-43, 0, 0, 0, 1.01819, 0, 0, 0
24.5002, 0.969704, 0.237775, 0, 0, 0, 0, -4.82047e-43, 0, 0, 0, 1.01819, 0, 0, 0
24.5501, 0.969704, 0.237775, 0, 0, 0, 0, -4.82047e-43, 0, 0, 0, 1.01819, 0, 0, 0
24.6001, 0.969704, 0.237775, 0, 0, 0, 0, -4.82047e-43, 0, 0, 0, 1.01819, 0, 0, 0
24.6501, 0.969704, 0.237775, 0, 0, 0, 0, -4.82047e-43, 0, 0, 0, 1.01819, 0, 0, 0
24.7001, 0.969704, 0.237775, 0, 0, 0, 0, -4.82047e-43, 0, 0, 0, 1.01819, 0, 0, 0
24.75, 0.969704, 0.237775, 0, 0, 0, 0, -4.82047e-43, 0, 0, 0, 1.01819, 0, 0, 0
24.8, 0.969704, 0.237775, 0, 0, 0, 0, -4.82047e-43, 0, 0, 0, 1.01819, 0, 0, 0
24.85, 0.969704, 0.237775, 0, 0, 0, 0, -4.82047e-43, 0, 0, 0, 1.01819, 0, 0, 0
24.8999, 0.969704, 0.237775, 0, 0, 0, 0, -4.82047e-43, 0, 0, 0, 1.01819, 0, 0, 0
24.9499, 0.969704, 0.237775, 0, 0, 0, 0, -4.82047e-43, 0, 0, 0, 1.01819, 0, 0, 0
24.9999, 0.969704, 0.237775, 0, 0, 0, 0, -4.82047e-43, 0, 0, 0, 1.01819, 0, 0, 0
25.0009, 0.969704, 0.237775, 0, 0, 0, 0, -4.82047e-43, 0, 0, 0, 1.01819, 0, 0, 0
25.0009, 0.969704, 0.237775, 0, 0, 0, 0, -4.82047e-43, 0, 0, 0, 1.01819, 0, 0, 0
25.0509, 0.969704, 0.237775, 0, 0, 0, 0, -4.82047e-43, 0, 0, 0, 1.01819, 0, 0, 0
25.1008, 0.969704, 0.237775, 0, 0, 0, 0, -4.82047e-43, 0, 0, 0, 1.01819, 0, 0, 0
25.1508, 0.969704, 0.237775, 0, 0, 0, 0, -4.82047e-43, 0, 0, 0, 1.01819, 0, 0, 0
25.2008, 0.969704, 0.237775, 0, 0, 0, 0, -4.82047e-43, 0, 0, 0, 1.01819, 0, 0, 0
25.2508, 0.969704, 0.237775, 0, 0, 0, 0, -4.82047e-43, 0, 0, 0, 1.01819, 0, 0, 0
25.3007, 0.969704, 0.237775, 0, 0, 0, 0, -4.82047e-43, 0, 0, 0, 1.01819, 0, 0, 0
25.3507, 0.969704, 0.237775, 0, 0, 0, 0, -4.82047e-43, 0, 0, 0, 1.01819, 0, 0, 0
25.4007, 0.969704, 0.237775, 0, 0, 0, 0, -4.82047e-43, 0, 0, 0, 1.01819, 0, 0, 0
25.4506, 0.969704, 0.237775, 0, 0, 0, 0, -4.82047e-43, 0, 0, 0, 1.01819, 0, 0, 0
25.5006, 0.969704, 0.237775, 0, 0, 0, 0, -4.82047e-43, 0, 0, 0, 1.01819, 0, 0, 0
25.5506, 0.969704, 0.237775, 0, 0, 0, 0, -4.82047e-43, 0, 0, 0, 1.01819, 0, 0, 0
25.6006, 0.969704, 0.237775, 0, 0, 0, 0, -4.82047e-43, 0, 0, 0, 1.01819, 0, 0, 0
25.6505, 0.969704, 0.237775, 0, 0, 0, 0, -4.82047e-43, 0, 0, 0, 1.01819, 0, 0, 0
25.7005, 0.969704, 0.237775, 0, 0, 0, 0, -4.82047e-43, 0, 0, 0, 1.01819, 0, 0, 0
25.7505, 0.969704, 0.237775, 0, 0, 0, 0, -4.82047e-43, 0, 0, 0, 1.01819, 0, 0, 0
25.8004, 0.969704, 0.237775, 0, 0, 0, 0, -4.82047e-43, 0, 0, 0, 1.01819, 0, 0, 0
25.8504, 0.969704, 0.237775, 0, 0, 0, 0, -4.82047e-43, 0, 0, 0, 1.01819, 0, 0, 0
25.9004, 0.969704, 0.237775, 0, 0, 0, 0, -4.82047e-43, 0, 0, 0, 1.01819, 0, 0, 0
25.9504, 0.969704, 0.237775, 0, 0, 0, 0, -4.82047e-43, 0, 0, 0, 1.01819, 0, 0, 0
26.0003, 0.969704, 0.237775, 0, 0, 0, 0, -4.82047e-43, 0, 0, 0, 1.01819, 0, 0, 0
26.0003, 0.969704, 0.237775, 0, 0, 0, 0, -4.82047e-43, 0, 0, 0, 1.01819, 0, 0, 0
26.0503, 0.969704, 0.237775, 0, 0, 0, 0, -4.82047e-43, 0, 0, 0, 1.01819, 0, 0, 0
26.1003, 0.969704, 0.237775, 0, 0, 0, 0, -4.82047e-43, 0, 0, 0, 1.01819, 0, 0, 0
26.1503, 0.969704, 0.237775, 0, 0, 0, 0, -4.82047e-43, 0, 0, 0, 1.01819, 0, 0, 0
26.2002, 0.969704, 0.237775, 0, 0, 0, 0, -4.82047e-43, 0, 0, 0, 1.01819, 0, 0, 0
26.2502, 0.969704, 0.237775, 0, 0, 0, 0, -4.82047e-43, 0, 0, 0, 1.01819, 0, 0, 0
26.3002, 0.969704, 0.237775, 0, 0, 0, 0, -4.82047e-43, 0, 0, 0, 1.01819, 0, 0, 0
26.3501, 0.969704, 0.237775, 0, 0, 0, 0, -4.82047e-43, 0, 0, 0, 1.01819, 0, 0, 0
26.4001, 0.969704, 0.237775, 0, 0, 0, 0, -4.82047e-43, 0, 0, 0, 1.01819, 0, 0, 0
26.4501, 0.969704, 0.237775, 0, 0, 0, 0, -4.82047e-43, 0, 0, 0, 1.01819, 0, 0, 0
26.5001, 0.969704, 0.237775, 0, 0, 0, 0, -4.82047e-43, 0, 0, 0, 1.01819, 0, 0, 0
26.55, 0.969704, 0.237775, 0, 0, 0, 0, -4.82047e-43, 0, 0, 0, 1.01819, 0, 0, 0
26.6, 0.969704, 0.237775, 0, 0, 0, 0, -4.82047e-43, 0, 0, 0, 1.01819, 0, 0, 0
26.65, 0.969704, 0.237775, 0, 0, 0, 0, -4.82047e-43, 0, 0, 0, 1.01819, 0, 0, 0
26.7, 0.969704, 0.237775, 0, 0, 0, 0, -4.82047e-43, 0, 0, 0, 1.01819, 0, 0, 0
26.7499, 0.969704, 0.237775, 0, 0, 0, 0, -4.82047e-43, 0, 0, 0, 1.01819, 0, 0, 0
26.7999, 0.969704, 0.237775, 0, 0, 0, 0, -4.82047e-43, 0, 0, 0, 1.01819, 0, 0, 0
26.8499, 0.969704, 0.237775, 0, 0, 0, 0, -4.82047e-43, 0, 0, 0, 1.01819, 0, 0, 0
26.8998, 0.969704, 0.237775, 0, 0, 0, 0, -4.82047e-43, 0, 0, 0, 1.01819, 0, 0, 0
26.9498, 0.969704, 0.237775, 0, 0, 0, 0, -4.82047e-43, 0, 0, 0, 1.01819, 0, 0, 0
26.9998, 0.969704, 0.237775, 0, 0, 0, 0, -4.82047e-43, 0, 0, 0, 1.01819, 0, 0, 0
27.0008, 0.969704, 0.237775, 0, 0, 0, 0, -4.82047e-43, 0, 0, 0, 1.01819, 0, 0, 0
27.0008, 0.969704, 0.237775, 0, 0, 0, 0, -4.82047e-43, 0, 0, 0, 1.01819, 0, 0, 0
27.0508, 0.969704, 0.237775, 0, 0, 0, 0, -4.82047e-43, 0, 0, 0, 1.01819, 0, 0, 0
27.1007, 0.969704, 0.237775, 0, 0, 0, 0, -4.82047e-43, 0, 0, 0, 1.01819, 0, 0, 0
27.1507, 0.969704, 0.237775, 0, 0, 0, 0, -4.82047e-43, 0, 0, 0, 1.01819, 0, 0, 0
27.2007, 0.969704, 0.237775, 0, 0, 0, 0, -4.82047e-43, 0, 0, 0, 1.01819, 0, 0, 0
27.2507, 0.969704, 0.237775, 0, 0, 0, 0, -4.82047e-43, 0, 0, 0, 1.01819, 0, 0, 0
27.3006, 0.969704, 0.237775, 0, 0, 0, 0, -4.82047e-43, 0, 0, 0, 1.01819, 0, 0, 0
27.3506, 0.969704, 0.237775, 0, 0, 0, 0, -4.82047e-43, 0, 0, 0, 1.01819, 0, 0, 0
27.4006, 0.969704, 0.237775, 0, 0, 0, 0, -4.82047e-43, 0, 0, 0, 1.01819, 0, 0, 0
27.4505, 0.969704, 0.237775, 0, 0, 0, 0, -4.82047e-43, 0, 0, 0, 1.01819, 0, 0, 0
27.5005, 0.969704, 0.237775, 0, 0, 0, 0, -4.82047e-43, 0, 0, 0, 1.01819, 0, 0, 0
27.5505, 0.969704, 0.237775, 0, 0, 0, 0, -4.82047e-43, 0, 0, 0, 1.01819, 0, 0, 0
27.6005, 0.969704, 0.237775, 0, 0, 0, 0, -4.82047e-43, 0, 0, 0, 1.01819, 0, 0, 0
27.6504, 0.969704, 0.237775, 0, 0, 0, 0, -4.82047e-43, 0, 0, 0, 1.01819, 0, 0, 0
27.7004, 0.969704, 0.237775, 0, 0, 0, 0, -4.82047e-43, 0, 0, 0, 1.01819, 0, 0, 0
27.7504, 0.969704, 0.237775, 0, 0, 0, 0, -4.82047e-43, 0, 0, 0, 1.01819, 0, 0, 0
27.8004, 0.969704, 0.237775, 0, 0, 0, 0, -4.82047e-43, 0, 0, 0, 1.01819, 0, 0, 0
27.8503, 0.969704, 0.237775, 0, 0, 0, 0, -4.82047e-43, 0, 0, 0, 1.01819, 0, 0, 0
27.9003, 0.969704, 0.237775, 0, 0, 0, 0, -4.82047e-43, 0, 0, 0, 1.01819, 0, 0, 0
27.9503, 0.969704, 0.237775, 0, 0, 0, 0, -4.82047e-43, 0, 0, 0, 1.01819, 0, 0, 0
28.0002, 0.969704, 0.237775, 0, 0, 0, 0, -4.82047e-43, 0, 0, 0, 1.01819, 0, 0, 0
28.0002, 0.969704, 0.237775, 0, 0, 0, 0, -4.82047e-43, 0, 0, 0, 1.01819, 0, 0, 0
28.0502, 0.969704, 0.237775, 0, 0, 0, 0, -4.82047e-43, 0, 0, 0, 1.01819, 0, 0, 0
28.1002, 0.969704, 0.237775, 0, 0, 0, 0, -4.82047e-43, 0, 0, 0, 1.01819, 0, 0, 0
28.1502, 0.969704, 0.237775, 0, 0, 0, 0, -4.82047e-43, 0, 0, 0, 1.01819, 0, 0, 0
28.2001, 0.969704, 0.237775, 0, 0, 0, 0, -4.82047e-43, 0, 0, 0, 1.01819, 0, 0, 0
28.2501, 0.969704, 0.237775, 0, 0, 0, 0, -4.82047e-43, 0, 0, 0, 1.01819, 0, 0, 0
28.3001, 0.969704, 0.237775, 0, 0, 0, 0, -4.82047e-43, 0, 0, 0, 1.01819, 0, 0, 0
28.35, 0.969704, 0.237775, 0, 0, 0, 0, -4.82047e-43, 0, 0, 0, 1.01819, 0, 0, 0
28.4, 0.969704, 0.237775, 0, 0, 0, 0, -4.82047e-43, 0, 0, 0, 1.01819, 0, 0, 0
28.45, 0.969704, 0.237775, 0, 0, 0, 0, -4.82047e-43, 0, 0, 0, 1.01819, 0, 0, 0
28.5, 0.969704, 0.237775, 0, 0, 0, 0, -4.82047e-43, 0, 0, 0, 1.01819, 0, 0, 0
28.5499, 0.969704, 0.237775, 0, 0, 0, 0, -4.82047e-43, 0, 0, 0, 1.01819, 0, 0, 0
28.5999, 0.969704, 0.237775, 0, 0, 0, 0, -4.82047e-43, 0, 0, 0, 1.01819, 0, 0, 0
28.6499, 0.969704, 0.237775, 0, 0, 0, 0, -4.82047e-43, 0, 0, 0, 1.01819, 0, 0, 0
28.6999, 0.969704, 0.237775, 0, 0, 0, 0, -4.82047e-43, 0, 0, 0, 1.01819, 0, 0, 0
28.7498, 0.969704, 0.237775, 0, 0, 0, 0, -4.82047e-43, 0, 0, 0, 1.01819, 0, 0, 0
28.7998, 0.969704, 0.237775, 0, 0, 0, 0, -4.82047e-43, 0, 0, 0, 1.01819, 0, 0, 0
28.8498, 0.969704, 0.237775, 0, 0, 0, 0, -4.82047e-43, 0, 0, 0, 1.01819, 0, 0, 0
28.8997, 0.969704, 0.237775, 0, 0, 0, 0, -4.82047e-43, 0, 0, 0, 1.01819, 0, 0, 0
28.9497, 0.969704, 0.237775, 0, 0, 0, 0, -4.82047e-43, 0, 0, 0, 1.01819, 0, 0, 0
28.9997, 0.969704, 0.237775, 0, 0, 0, 0, -4.82047e-43, 0, 0, 0, 1.01819, 0, 0, 0
29.0007, 0.969704, 0.237775, 0, 0, 0, 0, -4.82047e-43, 0, 0, 0, 1.01819, 0, 0, 0
29.0007, 0.969704, 0.237775, 0, 0, 0, 0, -4.82047e-43, 0, 0, 0, 1.01819, 0, 0, 0
29.0507, 0.969704, 0.237775, 0, 0, 0, 0, -4.82047e-43, 0, 0, 0, 1.01819, 0, 0, 0
29.1006, 0.969704, 0.237775, 0, 0, 0, 0, -4.82047e-43, 0, 0, 0, 1.01819, 0, 0, 0
29.1506, 0.969704, 0.237775, 0, 0, 0, 0, -4.82047e-43, 0, 0, 0, 1.01819, 0, 0, 0
29.2006, 0.969704, 0.237775, 0, 0, 0, 0, -4.82047e-43, 0, 0, 0, 1.01819, 0, 0, 0
29.2506, 0.969704, 0.237775, 0, 0, 0, 0, -4.82047e-43, 0, 0, 0, 1.01819, 0, 0, 0
29.3005, 0.969704, 0.237775, 0, 0, 0, 0, -4.82047e-43, 0, 0, 0, 1.01819, 0, 0, 0
29.3505, 0.969704, 0.237775, 0, 0, 0, 0, -4.82047e-43, 0, 0, 0, 1.01819, 0, 0, 0
29.4005, 0.969704, 0.237775, 0, 0, 0, 0, -4.82047e-43, 0, 0, 0, 1.01819, 0, 0, 0
29.4504, 0.969704, 0.237775, 0, 0, 0, 0, -4.82047e-43, 0, 0, 0, 1.01819, 0, 0, 0
29.5004, 0.969704, 0.237775, 0, 0, 0, 0, -4.82047e-43, 0, 0, 0, 1.01819, 0, 0, 0
29.5504, 0.969704, 0.237775, 0, 0, 0, 0, -4.82047e-43, 0, 0, 0, 1.01819, 0, 0, 0
29.6004, 0.969704, 0.237775, 0, 0, 0, 0, -4.82047e-43, 0, 0, 0, 1.01819, 0, 0, 0
29.6503, 0.969704, 0.237775, 0, 0, 0, 0, -4.82047e-43, 0, 0, 0, 1.01819, 0, 0, 0
29.7003, 0.969704, 0.237775, 0, 0, 0, 0, -4.82047e-43, 0, 0, 0, 1.01819, 0, 0, 0
29.7503, 0.969704, 0.237775, 0, 0, 0, 0, -4.82047e-43, 0, 0, 0, 1.01819, 0, 0, 0
29.8003, 0.969704, 0.237775, 0, 0, 0, 0, -4.82047e-43, 0, 0, 0, 1.01819, 0, 0, 0
29.8502, 0.969704, 0.237775, 0, 0, 0, 0, -4.82047e-43, 0, 0, 0, 1.01819, 0, 0, 0
29.9002, 0.969704, 0.237775, 0, 0, 0, 0, -4.82047e-43, 0, 0, 0, 1.01819, 0, 0, 0
29.9502, 0.969704, 0.237775, 0, 0, 0, 0, -4.82047e-43, 0, 0, 0, 1.01819, 0, 0, 0
30.0001, 0.969704, 0.237775, 0, 0, 0, 0, -4.82047e-43, 0, 0, 0, 1.01819, 0, 0, 0
30.0001, 0.969704, 0.237775, 0, 0, 0, 0, -4.82047e-43, 0, 0, 0, 1.01819, 0, 0, 0
30.0501, 0.969704, 0.237775, 0, 0, 0, 0, -4.82047e-43, 0, 0, 0, 1.01819, 0, 0, 0
30.1001, 0.969704, 0.237775, 0, 0, 0, 0, -4.82047e-43, 0, 0, 0, 1.01819, 0, 0, 0
30.1501, 0.969704, 0.237775, 0, 0, 0, 0, -4.82047e-43, 0, 0, 0, 1.01819, 0, 0, 0
30.2, 0.969704, 0.237775, 0, 0, 0, 0, -4.82047e-43, 0, 0, 0, 1.01819, 0, 0, 0
30.25, 0.969704, 0.237775, 0, 0, 0, 0, -4.82047e-43, 0, 0, 0, 1.01819, 0, 0, 0
30.3, 0.969704, 0.237775, 0, 0, 0, 0, -4.82047e-43, 0, 0, 0, 1.01819, 0, 0, 0
30.3499, 0.969704, 0.237775, 0, 0, 0, 0, -4.82047e-43, 0, 0, 0, 1.01819, 0, 0, 0
30.3999, 0.969704, 0.237775, 0, 0, 0, 0, -4.82047e-43, 0, 0, 0, 1.01819, 0, 0, 0
30.4499, 0.969704, 0.237775, 0, 0, 0, 0, -4.82047e-43, 0, 0, 0, 1.01819, 0, 0, 0
30.4999, 0.969704, 0.237775, 0, 0, 0, 0, -4.82047e-43, 0, 0, 0, 1.01819, 0, 0, 0
30.5498, 0.969704, 0.237775, 0, 0, 0, 0, -4.82047e-43, 0, 0, 0, 1.01819, 0, 0, 0
30.5998, 0.969704, 0.237775, 0, 0, 0, 0, -4.82047e-43, 0, 0, 0, 1.01819, 0, 0, 0
30.6498, 0.969704, 0.237775, 0, 0, 0, 0, -4.82047e-43, 0, 0, 0, 1.01819, 0, 0, 0
30.6998, 0.969704, 0.237775, 0, 0, 0, 0, -4.82047e-43, 0, 0, 0, 1.01819, 0, 0, 0
30.7497, 0.969704, 0.237775, 0, 0, 0, 0, -4.82047e-43, 0, 0, 0, 1.01819, 0, 0, 0
30.7997, 0.969704, 0.237775, 0, 0, 0, 0, -4.82047e-43, 0, 0, 0, 1.01819, 0, 0, 0
30.8497, 0.969704, 0.237775, 0, 0, 0, 0, -4.82047e-43, 0, 0, 0, 1.01819, 0, 0, 0
30.8996, 0.969704, 0.237775, 0, 0, 0, 0, -4.82047e-43, 0, 0, 0, 1.01819, 0, 0, 0
30.9496, 0.969704, 0.237775, 0, 0, 0, 0, -4.82047e-43, 0, 0, 0, 1.01819, 0, 0, 0
30.9996, 0.969704, 0.237775, 0, 0, 0, 0, -4.82047e-43, 0, 0, 0, 1.01819, 0, 0, 0
31.0006, 0.969704, 0.237775, 0, 0, 0, 0, -4.82047e-43, 0, 0, 0, 1.01819, 0, 0, 0
31.0006, 0.969704, 0.237775, 0, 0, 0, 0, -4.82047e-43, 0, 0, 0, 1.01819, 0, 0, 0
31.0506, 0.969704, 0.237775, 0, 0, 0, 0, -4.82047e-43, 0, 0, 0, 1.01819, 0, 0, 0
31.1005, 0.969704, 0.237775, 0, 0, 0, 0, -4.82047e-43, 0, 0, 0, 1.01819, 0, 0, 0
31.1505, 0.969704, 0.237775, 0, 0, 0, 0, -4.82047e-43, 0, 0, 0, 1.01819, 0, 0, 0
31.2005, 0.969704, 0.237775, 0, 0, 0, 0, -4.82047e-43, 0, 0, 0, 1.01819, 0, 0, 0
31.2505, 0.969704, 0.237775, 0, 0, 0, 0, -4.82047e-43, 0, 0, 0, 1.01819, 0, 0, 0
31.3004, 0.969704, 0.237775, 0, 0, 0, 0, -4.82047e-43, 0, 0, 0, 1.01819, 0, 0, 0
31.3504, 0.969704, 0.237775, 0, 0, 0, 0, -4.82047e-43, 0, 0, 0, 1.01819, 0, 0, 0
31.4004, 0.969704, 0.237775, 0, 0, 0, 0, -4.82047e-43, 0, 0, 0, 1.01819, 0, 0, 0
31.4503, 0.969704, 0.237775, 0, 0, 0, 0, -4.82047e-43, 0, 0, 0, 1.01819, 0, 0, 0
31.5003, 0.969704, 0.237775, 0, 0, 0, 0, -4.82047e-43, 0, 0, 0, 1.01819, 0, 0, 0
31.5503, 0.969704, 0.237775, 0, 0, 0, 0, -4.82047e-43, 0, 0, 0, 1.01819, 0, 0, 0
31.6003, 0.969704, 0.237775, 0, 0, 0, 0, -4.82047e-43, 0, 0, 0, 1.01819, 0, 0, 0
31.6502, 0.969704, 0.237775, 0, 0, 0, 0, -4.82047e-43, 0, 0, 0, 1.01819, 0, 0, 0
31.7002, 0.969704, 0.237775, 0, 0, 0, 0, -4.82047e-43, 0, 0, 0, 1.01819, 0, 0, 0
31.7502, 0.969704, 0.237775, 0, 0, 0, 0, -4.82047e-43, 0, 0, 0, 1.01819, 0, 0, 0
31.8002, 0.969704, 0.237775, 0, 0, 0, 0, -4.82047e-43, 0, 0, 0, 1.01819, 0, 0, 0
31.8501, 0.969704, 0.237775, 0, 0, 0, 0, -4.82047e-43, 0, 0, 0, 1.01819, 0, 0, 0
31.9001, 0.969704, 0.237775, 0, 0, 0, 0, -4.82047e-43, 0, 0, 0, 1.01819, 0, 0, 0
31.9501, 0.969704, 0.237775, 0, 0, 0, 0, -4.82047e-43, 0, 0, 0, 1.01819, 0, 0, 0
32, 0.969704, 0.237775, 0, 0, 0, 0, -4.82047e-43, 0, 0, 0, 1.01819, 0, 0, 0
32, 0.969704, 0.237775, 0, 0, 0, 0, -4.82047e-43, 0, 0, 0, 1.01819, 0, 0, 0
32.05, 0.969704, 0.237775, 0, 0, 0, 0, -4.82047e-43, 0, 0, 0, 1.01819, 0, 0, 0
32.1, 0.969704, 0.237775, 0, 0, 0, 0, -4.82047e-43, 0, 0, 0, 1.01819, 0, 0, 0
32.15, 0.969704, 0.237775, 0, 0, 0, 0, -4.82047e-43, 0, 0, 0, 1.01819, 0, 0, 0
32.1999, 0.969704, 0.237775, 0, 0, 0, 0, -4.82047e-43, 0, 0, 0, 1.01819, 0, 0, 0
32.2499, 0.969704, 0.237775, 0, 0, 0, 0, -4.82047e-43, 0, 0, 0, 1.01819, 0, 0, 0
32.2999, 0.969704, 0.237775, 0, 0, 0, 0, -4.82047e-43, 0, 0, 0, 1.01819, 0, 0, 0
32.3498, 0.969704, 0.237775, 0, 0, 0, 0, -4.82047e-43, 0, 0, 0, 1.01819, 0, 0, 0
32.3998, 0.969704, 0.237775, 0, 0, 0, 0, -4.82047e-43, 0, 0, 0, 1.01819, 0, 0, 0
32.4498, 0.969704, 0.237775, 0, 0, 0, 0, -4.82047e-43, 0, 0, 0, 1.01819, 0, 0, 0
32.4998, 0.969704, 0.237775, 0, 0, 0, 0, -4.82047e-43, 0, 0, 0, 1.01819, 0, 0, 0
32.5497, 0.969704, 0.237775, 0, 0, 0, 0, -4.82047e-43, 0, 0, 0, 1.01819, 0, 0, 0
32.5997, 0.969704, 0.237775, 0, 0, 0, 0, -4.82047e-43, 0, 0, 0, 1.01819, 0, 0, 0
32.6497, 0.969704, 0.237775, 0, 0, 0, 0, -4.82047e-43, 0, 0, 0, 1.01819, 0, 0, 0
32.6997, 0.969704, 0.237775, 0, 0, 0, 0, -4.82047e-43, 0, 0, 0, 1.01819, 0, 0, 0
32.7496, 0.969704, 0.237775, 0, 0, 0, 0, -4.82047e-43, 0, 0, 0, 1.01819, 0, 0, 0
32.7996, 0.969704, 0.237775, 0, 0, 0, 0, -4.82047e-43, 0, 0, 0, 1.01819, 0, 0, 0
32.8496, 0.969704, 0.237775, 0, 0, 0, 0, -4.82047e-43, 0, 0, 0, 1.01819, 0, 0, 0
32.8995, 0.969704, 0.237775, 0, 0, 0, 0, -4.82047e-43, 0, 0, 0, 1.01819, 0, 0, 0
32.9495, 0.969704, 0.237775, 0, 0, 0, 0, -4.82047e-43, 0, 0, 0, 1.01819, 0, 0, 0
32.9995, 0.969704, 0.237775, 0, 0, 0, 0, -4.82047e-43, 0, 0, 0, 1.01819, 0, 0, 0
33.0005, 0.969704, 0.237775, 0, 0, 0, 0, -4.82047e-43, 0, 0, 0, 1.01819, 0, 0, 0
33.0005, 0.969704, 0.237775, 0, 0, 0, 0, -4.82047e-43, 0, 0, 0, 1.01819, 0, 0, 0
33.0505, 0.969704, 0.237775, 0, 0, 0, 0, -4.82047e-43, 0, 0, 0, 1.01819, 0, 0, 0
33.1004, 0.969704, 0.237775, 0, 0, 0, 0, -4.82047e-43, 0, 0, 0, 1.01819, 0, 0, 0
33.1504, 0.969704, 0.237775, 0, 0, 0, 0, -4.82047e-43, 0, 0, 0, 1.01819, 0, 0, 0
33.2004, 0.969704, 0.237775, 0, 0, 0, 0, -4.82047e-43, 0, 0, 0, 1.01819, 0, 0, 0
33.2504, 0.969704, 0.237775, 0, 0, 0, 0, -4.82047e-43, 0, 0, 0, 1.01819, 0, 0, 0
33.3003, 0.969704, 0.237775, 0, 0, 0, 0, -4.82047e-43, 0, 0, 0, 1.01819, 0, 0, 0
33.3503, 0.969704, 0.237775, 0, 0, 0, 0, -4.82047e-43, 0, 0, 0, 1.01819, 0, 0, 0
33.4003, 0.969704, 0.237775, 0, 0, 0, 0, -4.82047e-43, 0, 0, 0, 1.01819, 0, 0, 0
33.4502, 0.969704, 0.237775, 0, 0, 0, 0, -4.82047e-43, 0, 0, 0, 1.01819, 0, 0, 0
33.5002, 0.969704, 0.237775, 0, 0, 0, 0, -4.82047e-43, 0, 0, 0, 1.01819, 0, 0, 0
33.5502, 0.969704, 0.237775, 0, 0, 0, 0, -4.82047e-43, 0, 0, 0, 1.01819, 0, 0, 0
33.6002, 0.969704, 0.237775, 0, 0, 0, 0, -4.82047e-43, 0, 0, 0, 1.01819, 0, 0, 0
33.6501, 0.969704, 0.237775, 0, 0, 0, 0, -4.82047e-43, 0, 0, 0, 1.01819, 0, 0, 0
33.7001, 0.969704, 0.237775, 0, 0, 0, 0, -4.82047e-43, 0, 0, 0, 1.01819, 0, 0, 0
33.7501, 0.969704, 0.237775, 0, 0, 0, 0, -4.82047e-43, 0, 0, 0, 1.01819, 0, 0, 0
33.8001, 0.969704, 0.237775, 0, 0, 0, 0, -4.82047e-43, 0, 0, 0, 1.01819, 0, 0, 0
33.85, 0.969704, 0.237775, 0, 0, 0, 0, -4.82047e-43, 0, 0, 0, 1.01819, 0, 0, 0
33.9, 0.969704, 0.237775, 0, 0, 0, 0, -4.82047e-43, 0, 0, 0, 1.01819, 0, 0, 0
33.95, 0.969704, 0.237775, 0, 0, 0, 0, -4.82047e-43, 0, 0, 0, 1.01819, 0, 0, 0
33.9999, 0.969704, 0.237775, 0, 0, 0, 0, -4.82047e-43, 0, 0, 0, 1.01819, 0, 0, 0
34.0009, 0.969704, 0.237775, 0, 0, 0, 0, -4.82047e-43, 0, 0, 0, 1.01819, 0, 0, 0
34.0009, 0.969704, 0.237775, 0, 0, 0, 0, -4.82047e-43, 0, 0, 0, 1.01819, 0, 0, 0
34.0509, 0.969704, 0.237775, 0, 0, 0, 0, -4.82047e-43, 0, 0, 0, 1.01819, 0, 0, 0
34.1009, 0.969704, 0.237775, 0, 0, 0, 0, -4.82047e-43, 0, 0, 0, 1.01819, 0, 0, 0
34.1509, 0.969704, 0.237775, 0, 0, 0, 0, -4.82047e-43, 0, 0, 0, 1.01819, 0, 0, 0
34.2008, 0.969704, 0.237775, 0, 0, 0, 0, -4.82047e-43, 0, 0, 0, 1.01819, 0, 0, 0
34.2508, 0.969704, 0.237775, 0, 0, 0, 0, -4.82047e-43, 0, 0, 0, 1.01819, 0, 0, 0
34.3008, 0.969704, 0.237775, 0, 0, 0, 0, -4.82047e-43, 0, 0, 0, 1.01819, 0, 0, 0
34.3507, 0.969704, 0.237775, 0, 0, 0, 0, -4.82047e-43, 0, 0, 0, 1.01819, 0, 0, 0
34.4007, 0.969704, 0.237775, 0, 0, 0, 0, -4.82047e-43, 0, 0, 0, 1.01819, 0, 0, 0
34.4507, 0.969704, 0.237775, 0, 0, 0, 0, -4.82047e-43, 0, 0, 0, 1.01819, 0, 0, 0
34.5007, 0.969704, 0.237775, 0, 0, 0, 0, -4.82047e-43, 0, 0, 0, 1.01819, 0, 0, 0
34.5506, 0.969704, 0.237775, 0, 0, 0, 0, -4.82047e-43, 0, 0, 0, 1.01819, 0, 0, 0
34.6006, 0.969704, 0.237775, 0, 0, 0, 0, -4.82047e-43, 0, 0, 0, 1.01819, 0, 0, 0
34.6506, 0.969704, 0.237775, 0, 0, 0, 0, -4.82047e-43, 0, 0, 0, 1.01819, 0, 0, 0
34.7006, 0.969704, 0.237775, 0, 0, 0, 0, -4.82047e-43, 0, 0, 0, 1.01819, 0, 0, 0
34.7505, 0.969704, 0.237775, 0, 0, 0, 0, -4.82047e-43, 0, 0, 0, 1.01819, 0, 0, 0
34.8005, 0.969704, 0.237775, 0, 0, 0, 0, -4.82047e-43, 0, 0, 0, 1.01819, 0, 0, 0
34.8505, 0.969704, 0.237775, 0, 0, 0, 0, -4.82047e-43, 0, 0, 0, 1.01819, 0, 0, 0
34.9004, 0.969704, 0.237775, 0, 0, 0, 0, -4.82047e-43, 0, 0, 0, 1.01819, 0, 0, 0
34.9504, 0.969704, 0.237775, 0, 0, 0, 0, -4.82047e-43, 0, 0, 0, 1.01819, 0, 0, 0
35.0004, 0.969704, 0.237775, 0, 0, 0, 0, -4.82047e-43, 0, 0, 0, 1.01819, 0, 0, 0
35.0004, 0.969704, 0.237775, 0, 0, 0, 0, -4.82047e-43, 0, 0, 0, 1.01819, 0, 0, 0
35.0504, 0.969704, 0.237775, 0, 0, 0, 0, -4.82047e-43, 0, 0, 0, 1.01819, 0, 0, 0
35.1003, 0.969704, 0.237775, 0, 0, 0, 0, -4.82047e-43, 0, 0, 0, 1.01819, 0, 0, 0
35.1503, 0.969704, 0.237775, 0, 0, 0, 0, -4.82047e-43, 0, 0, 0, 1.01819, 0, 0, 0
35.2003, 0.969704, 0.237775, 0, 0, 0, 0, -4.82047e-43, 0, 0, 0, 1.01819, 0, 0, 0
35.2503, 0.969704, 0.237775, 0, 0, 0, 0, -4.82047e-43, 0, 0, 0, 1.01819, 0, 0, 0
35.3002, 0.969704, 0.237775, 0, 0, 0, 0, -4.82047e-43, 0, 0, 0, 1.01819, 0, 0, 0
35.3502, 0.969704, 0.237775, 0, 0, 0, 0, -4.82047e-43, 0, 0, 0, 1.01819, 0, 0, 0
35.4002, 0.969704, 0.237775, 0, 0, 0, 0, -4.82047e-43, 0, 0, 0, 1.01819, 0, 0, 0
35.4501, 0.969704, 0.237775, 0, 0, 0, 0, -4.82047e-43, 0, 0, 0, 1.01819, 0, 0, 0
35.5001, 0.969704, 0.237775, 0, 0, 0, 0, -4.82047e-43, 0, 0, 0, 1.01819, 0, 0, 0
35.5501, 0.969704, 0.237775, 0, 0, 0, 0, -4.82047e-43, 0, 0, 0, 1.01819, 0, 0, 0
35.6001, 0.969704, 0.237775, 0, 0, 0, 0, -4.82047e-43, 0, 0, 0, 1.01819, 0, 0, 0
35.65, 0.969704, 0.237775, 0, 0, 0, 0, -4.82047e-43, 0, 0, 0, 1.01819, 0, 0, 0
35.7, 0.969704, 0.237775, 0, 0, 0, 0, -4.82047e-43, 0, 0, 0, 1.01819, 0, 0, 0
35.75, 0.969704, 0.237775, 0, 0, 0, 0, -4.82047e-43, 0, 0, 0, 1.01819, 0, 0, 0
35.8, 0.969704, 0.237775, 0, 0, 0, 0, -4.82047e-43, 0, 0, 0, 1.01819, 0, 0, 0
35.8499, 0.969704, 0.237775, 0, 0, 0, 0, -4.82047e-43, 0, 0, 0, 1.01819, 0, 0, 0
35.8999, 0.969704, 0.237775, 0, 0, 0, 0, -4.82047e-43, 0, 0, 0, 1.01819, 0, 0, 0
35.9499, 0.969704, 0.237775, 0, 0, 0, 0, -4.82047e-43, 0, 0, 0, 1.01819, 0, 0, 0
35.9998, 0.969704, 0.237775, 0, 0, 0, 0, -4.82047e-43, 0, 0, 0, 1.01819, 0, 0, 0
36.0008, 0.969704, 0.237775, 0, 0, 0, 0, -4.82047e-43, 0, 0, 0, 1.01819, 0, 0, 0
36.0008, 0.969704, 0.237775, 0, 0, 0, 0, -4.82047e-43, 0, 0, 0, 1.01819, 0, 0, 0
36.0508, 0.969704, 0.237775, 0, 0, 0, 0, -4.82047e-43, 0, 0, 0, 1.01819, 0, 0, 0
36.1008, 0.969704, 0.237775, 0, 0, 0, 0, -4.82047e-43, 0, 0, 0, 1.01819, 0, 0, 0
36.1508, 0.969704, 0.237775, 0, 0, 0, 0, -4.82047e-43, 0, 0, 0, 1.01819, 0, 0, 0
36.2007, 0.969704, 0.237775, 0, 0, 0, 0, -4.82047e-43, 0, 0, 0, 1.01819, 0, 0, 0
36.2507, 0.969704, 0.237775, 0, 0, 0, 0, -4.82047e-43, 0, 0, 0, 1.01819, 0, 0, 0
36.3007, 0.969704, 0.237775, 0, 0, 0, 0, -4.82047e-43, 0, 0, 0, 1.01819, 0, 0, 0
36.3507, 0.969704, 0.237775, 0, 0, 0, 0, -4.82047e-43, 0, 0, 0, 1.01819, 0, 0, 0
36.4006, 0.969704, 0.237775, 0, 0, 0, 0, -4.82047e-43, 0, 0, 0, 1.01819, 0, 0, 0
36.4506, 0.969704, 0.237775, 0, 0, 0, 0, -4.82047e-43, 0, 0, 0, 1.01819, 0, 0, 0
36.5006, 0.969704, 0.237775, 0, 0, 0, 0, -4.82047e-43, 0, 0, 0, 1.01819, 0, 0, 0
36.5505, 0.969704, 0.237775, 0, 0, 0, 0, -4.82047e-43, 0, 0, 0, 1.01819, 0, 0, 0
36.6005, 0.969704, 0.237775, 0, 0, 0, 0, -4.82047e-43, 0, 0, 0, 1.01819, 0, 0, 0
36.6505, 0.969704, 0.237775, 0, 0, 0, 0, -4.82047e-43, 0, 0, 0, 1.01819, 0, 0, 0
36.7005, 0.969704, 0.237775, 0, 0, 0, 0, -4.82047e-43, 0, 0, 0, 1.01819, 0, 0, 0
36.7504, 0.969704, 0.237775, 0, 0, 0, 0, -4.82047e-43, 0, 0, 0, 1.01819, 0, 0, 0
36.8004, 0.969704, 0.237775, 0, 0, 0, 0, -4.82047e-43, 0, 0, 0, 1.01819, 0, 0, 0
36.8504, 0.969704, 0.237775, 0, 0, 0, 0, -4.82047e-43, 0, 0, 0, 1.01819, 0, 0, 0
36.9003, 0.969704, 0.237775, 0, 0, 0, 0, -4.82047e-43, 0, 0, 0, 1.01819, 0, 0, 0
36.9503, 0.969704, 0.237775, 0, 0, 0, 0, -4.82047e-43, 0, 0, 0, 1.01819, 0, 0, 0
37.0003, 0.969704, 0.237775, 0, 0, 0, 0, -4.82047e-43, 0, 0, 0, 1.01819, 0, 0, 0
37.0003, 0.969704, 0.237775, 0, 0, 0, 0, -4.82047e-43, 0, 0, 0, 1.01819, 0, 0, 0
37.0503, 0.969704, 0.237775, 0, 0, 0, 0, -4.82047e-43, 0, 0, 0, 1.01819, 0, 0, 0
37.1002, 0.969704, 0.237775, 0, 0, 0, 0, -4.82047e-43, 0, 0, 0, 1.01819, 0, 0, 0
37.1502, 0.969704, 0.237775, 0, 0, 0, 0, -4.82047e-43, 0, 0, 0, 1.01819, 0, 0, 0
37.2002, 0.969704, 0.237775, 0, 0, 0, 0, -4.82047e-43, 0, 0, 0, 1.01819, 0, 0, 0
37.2502, 0.969704, 0.237775, 0, 0, 0, 0, -4.82047e-43, 0, 0, 0, 1.01819, 0, 0, 0
37.3001, 0.969704, 0.237775, 0, 0, 0, 0, -4.82047e-43, 0, 0, 0, 1.01819, 0, 0, 0
37.3501, 0.969704, 0.237775, 0, 0, 0, 0, -4.82047e-43, 0, 0, 0, 1.01819, 0, 0, 0
37.4001, 0.969704, 0.237775, 0, 0, 0, 0, -4.82047e-43, 0, 0, 0, 1.01819, 0, 0, 0
37.45, 0.969704, 0.237775, 0, 0, 0, 0, -4.82047e-43, 0, 0, 0, 1.01819, 0, 0, 0
37.5, 0.969704, 0.237775, 0, 0, 0, 0, -4.82047e-43, 0, 0, 0, 1.01819, 0, 0, 0
37.55, 0.969704, 0.237775, 0, 0, 0, 0, -4.82047e-43, 0, 0, 0, 1.01819, 0, 0, 0
37.6, 0.969704, 0.237775, 0, 0, 0, 0, -4.82047e-43, 0, 0, 0, 1.01819, 0, 0, 0
37.6499, 0.969704, 0.237775, 0, 0, 0, 0, -4.82047e-43, 0, 0, 0, 1.01819, 0, 0, 0
37.6999, 0.969704, 0.237775, 0, 0, 0, 0, -4.82047e-43, 0, 0, 0, 1.01819, 0, 0, 0
37.7499, 0.969704, 0.237775, 0, 0, 0, 0, -4.82047e-43, 0, 0, 0, 1.01819, 0, 0, 0
37.7999, 0.969704, 0.237775, 0, 0, 0, 0, -4.82047e-43, 0, 0, 0, 1.01819, 0, 0, 0
37.8498, 0.969704, 0.237775, 0, 0, 0, 0, -4.82047e-43, 0, 0, 0, 1.01819, 0, 0, 0
37.8998, 0.969704, 0.237775, 0, 0, 0, 0, -4.82047e-43, 0, 0, 0, 1.01819, 0, 0, 0
37.9498, 0.969704, 0.237775, 0, 0, 0, 0, -4.82047e-43, 0, 0, 0, 1.01819, 0, 0, 0
37.9997, 0.969704, 0.237775, 0, 0, 0, 0, -4.82047e-43, 0, 0, 0, 1.01819, 0, 0, 0
38.0007, 0.969704, 0.237775, 0, 0, 0, 0, -4.82047e-43, 0, 0, 0, 1.01819, 0, 0, 0
38.0007, 0.969704, 0.237775, 0, 0, 0, 0, -4.82047e-43, 0, 0, 0, 1.01819, 0, 0, 0
38.0507, 0.969704, 0.237775, 0, 0, 0, 0, -4.82047e-43, 0, 0, 0, 1.01819, 0, 0, 0
38.1007, 0.969704, 0.237775, 0, 0, 0, 0, -4.82047e-43, 0, 0, 0, 1.01819, 0, 0, 0
38.1507, 0.969704, 0.237775, 0, 0, 0, 0, -4.82047e-43, 0, 0, 0, 1.01819, 0, 0, 0
38.2006, 0.969704, 0.237775, 0, 0, 0, 0, -4.82047e-43, 0, 0, 0, 1.01819, 0, 0, 0
38.2506, 0.969704, 0.237775, 0, 0, 0, 0, -4.82047e-43, 0, 0, 0, 1.01819, 0, 0, 0
38.3006, 0.969704, 0.237775, 0, 0, 0, 0, -4.82047e-43, 0, 0, 0, 1.01819, 0, 0, 0
38.3506, 0.969704, 0.237775, 0, 0, 0, 0, -4.82047e-43, 0, 0, 0, 1.01819, 0, 0, 0
38.4005, 0.969704, 0.237775, 0, 0, 0, 0, -4.82047e-43, 0, 0, 0, 1.01819, 0, 0, 0
38.4505, 0.969704, 0.237775, 0, 0, 0, 0, -4.82047e-43, 0, 0, 0, 1.01819, 0, 0, 0
38.5005, 0.969704, 0.237775, 0, 0, 0, 0, -4.82047e-43, 0, 0, 0, 1.01819, 0, 0, 0
38.5504, 0.969704, 0.237775, 0, 0, 0, 0, -4.82047e-43, 0, 0, 0, 1.01819, 0, 0, 0
38.6004, 0.969704, 0.237775, 0, 0, 0, 0, -4.82047e-43, 0, 0, 0, 1.01819, 0, 0, 0
38.6504, 0.969704, 0.237775, 0, 0, 0, 0, -4.82047e-43, 0, 0, 0, 1.01819, 0, 0, 0
38.7004, 0.969704, 0.237775, 0, 0, 0, 0, -4.82047e-43, 0, 0, 0, 1.01819, 0, 0, 0
38.7503, 0.969704, 0.237775, 0, 0, 0, 0, -4.82047e-43, 0, 0, 0, 1.01819, 0, 0, 0
38.8003, 0.969704, 0.237775, 0, 0, 0, 0, -4.82047e-43, 0, 0, 0, 1.01819, 0, 0, 0
38.8503, 0.969704, 0.237775, 0, 0, 0, 0, -4.82047e-43, 0, 0, 0, 1.01819, 0, 0, 0
38.9002, 0.969704, 0.237775, 0, 0, 0, 0, -4.82047e-43, 0, 0, 0, 1.01819, 0, 0, 0
38.9502, 0.969704, 0.237775, 0, 0, 0, 0, -4.82047e-43, 0, 0, 0, 1.01819, 0, 0, 0
39.0002, 0.969704, 0.237775, 0, 0, 0, 0, -4.82047e-43, 0, 0, 0, 1.01819, 0, 0, 0
39.0002, 0.969704, 0.237775, 0, 0, 0, 0, -4.82047e-43, 0, 0, 0, 1.01819, 0, 0, 0
39.0502, 0.969704, 0.237775, 0, 0, 0, 0, -4.82047e-43, 0, 0, 0, 1.01819, 0, 0, 0
39.1001, 0.969704, 0.237775, 0, 0, 0, 0, -4.82047e-43, 0, 0, 0, 1.01819, 0, 0, 0
39.1501, 0.969704, 0.237775, 0, 0, 0, 0, -4.82047e-43, 0, 0, 0, 1.01819, 0, 0, 0
39.2001, 0.969704, 0.237775, 0, 0, 0, 0, -4.82047e-43, 0, 0, 0, 1.01819, 0, 0, 0
39.2501, 0.969704, 0.237775, 0, 0, 0, 0, -4.82047e-43, 0, 0, 0, 1.01819, 0, 0, 0
39.3, 0.969704, 0.237775, 0, 0, 0, 0, -4.82047e-43, 0, 0, 0, 1.01819, 0, 0, 0
39.35, 0.969704, 0.237775, 0, 0, 0, 0, -4.82047e-43, 0, 0, 0, 1.01819, 0, 0, 0
39.4, 0.969704, 0.237775, 0, 0, 0, 0, -4.82047e-43, 0, 0, 0, 1.01819, 0, 0, 0
39.4499, 0.969704, 0.237775, 0, 0, 0, 0, -4.82047e-43, 0, 0, 0, 1.01819, 0, 0, 0
39.4999, 0.969704, 0.237775, 0, 0, 0, 0, -4.82047e-43, 0, 0, 0, 1.01819, 0, 0, 0
39.5499, 0.969704, 0.237775, 0, 0, 0, 0, -4.82047e-43, 0, 0, 0, 1.01819, 0, 0, 0
39.5999, 0.969704, 0.237775, 0, 0, 0, 0, -4.82047e-43, 0, 0, 0, 1.01819, 0, 0, 0
39.6498, 0.969704, 0.237775, 0, 0, 0, 0, -4.82047e-43, 0, 0, 0, 1.01819, 0, 0, 0
39.6998, 0.969704, 0.237775, 0, 0, 0, 0, -4.82047e-43, 0, 0, 0, 1.01819, 0, 0, 0
39.7498, 0.969704, 0.237775, 0, 0, 0, 0, -4.82047e-43, 0, 0, 0, 1.01819, 0, 0, 0
39.7998, 0.969704, 0.237775, 0, 0, 0, 0, -4.82047e-43, 0, 0, 0, 1.01819, 0, 0, 0
39.8497, 0.969704, 0.237775, 0, 0, 0, 0, -4.82047e-43, 0, 0, 0, 1.01819, 0, 0, 0
39.8997, 0.969704, 0.237775, 0, 0, 0, 0, -4.82047e-43, 0, 0, 0, 1.01819, 0, 0, 0
39.9497, 0.969704, 0.237775, 0, 0, 0, 0, -4.82047e-43, 0, 0, 0, 1.01819, 0, 0, 0
39.9996, 0.969704, 0.237775, 0, 0, 0, 0, -4.82047e-43, 0, 0, 0, 1.01819, 0, 0, 0
40.0006, 0.969704, 0.237775, 0, 0, 0, 0, -4.82047e-43, 0, 0, 0, 1.01819, 0, 0, 0
40.0006, 0.969704, 0.237775, 0, 0, 0, 0, -4.82047e-43, 0, 0, 0, 1.01819, 0, 0, 0
40.0506, 0.969704, 0.237775, 0, 0, 0, 0, -4.82047e-43, 0, 0, 0, 1.01819, 0, 0, 0
40.1006, 0.969704, 0.237775, 0, 0, 0, 0, -4.82047e-43, 0, 0, 0, 1.01819, 0, 0, 0
40.1506, 0.969704, 0.237775, 0, 0, 0, 0, -4.82047e-43, 0, 0, 0, 1.01819, 0, 0, 0
40.2005, 0.969704, 0.237775, 0, 0, 0, 0, -4.82047e-43, 0, 0, 0, 1.01819, 0, 0, 0
40.2505, 0.969704, 0.237775, 0, 0, 0, 0, -4.82047e-43, 0, 0, 0, 1.01819, 0, 0, 0
40.3005, 0.969704, 0.237775, 0, 0, 0, 0, -4.82047e-43, 0, 0, 0, 1.01819, 0, 0, 0
40.3505, 0.969704, 0.237775, 0, 0, 0, 0, -4.82047e-43, 0, 0, 0, 1.01819, 0, 0, 0
40.4004, 0.969704, 0.237775, 0, 0, 0, 0, -4.82047e-43, 0, 0, 0, 1.01819, 0, 0, 0
40.4504, 0.969704, 0.237775, 0, 0, 0, 0, -4.82047e-43, 0, 0, 0, 1.01819, 0, 0, 0
40.5004, 0.969704, 0.237775, 0, 0, 0, 0, -4.82047e-43, 0, 0, 0, 1.01819, 0, 0, 0
40.5503, 0.969704, 0.237775, 0, 0, 0, 0, -4.82047e-43, 0, 0, 0, 1.01819, 0, 0, 0
40.6003, 0.969704, 0.237775, 0, 0, 0, 0, -4.82047e-43, 0, 0, 0, 1.01819, 0, 0, 0
40.6503, 0.969704, 0.237775, 0, 0, 0, 0, -4.82047e-43, 0, 0, 0, 1.01819, 0, 0, 0
40.7003, 0.969704, 0.237775, 0, 0, 0, 0, -4.82047e-43, 0, 0, 0, 1.01819, 0, 0, 0
40.7502, 0.969704, 0.237775, 0, 0, 0, 0, -4.82047e-43, 0, 0, 0, 1.01819, 0, 0, 0
40.8002, 0.969704, 0.237775, 0, 0, 0, 0, -4.82047e-43, 0, 0, 0, 1.01819, 0, 0, 0
40.8502, 0.969704, 0.237775, 0, 0, 0, 0, -4.82047e-43, 0, 0, 0, 1.01819, 0, 0, 0
40.9002, 0.969704, 0.237775, 0, 0, 0, 0, -4.82047e-43, 0, 0, 0, 1.01819, 0, 0, 0
40.9501, 0.969704, 0.237775, 0, 0, 0, 0, -4.82047e-43, 0, 0, 0, 1.01819, 0, 0, 0
41.0001, 0.969704, 0.237775, 0, 0, 0, 0, -4.82047e-43, 0, 0, 0, 1.01819, 0, 0, 0
41.0001, 0.969704, 0.237775, 0, 0, 0, 0, -4.82047e-43, 0, 0, 0, 1.01819, 0, 0, 0
41.0501, 0.969704, 0.237775, 0, 0, 0, 0, -4.82047e-43, 0, 0, 0, 1.01819, 0, 0, 0
41.1, 0.969704, 0.237775, 0, 0, 0, 0, -4.82047e-43, 0, 0, 0, 1.01819, 0, 0, 0
41.15, 0.969704, 0.237775, 0, 0, 0, 0, -4.82047e-43, 0, 0, 0, 1.01819, 0, 0, 0
41.2, 0.969704, 0.237775, 0, 0, 0, 0, -4.82047e-43, 0, 0, 0, 1.01819, 0, 0, 0
41.25, 0.969704, 0.237775, 0, 0, 0, 0, -4.82047e-43, 0, 0, 0, 1.01819, 0, 0, 0
41.2999, 0.969704, 0.237775, 0, 0, 0, 0, -4.82047e-43, 0, 0, 0, 1.01819, 0, 0, 0
41.3499, 0.969704, 0.237775, 0, 0, 0, 0, -4.82047e-43, 0, 0, 0, 1.01819, 0, 0, 0
41.3999, 0.969704, 0.237775, 0, 0, 0, 0, -4.82047e-43, 0, 0, 0, 1.01819, 0, 0, 0
41.4498, 0.969704, 0.237775, 0, 0, 0, 0, -4.82047e-43, 0, 0, 0, 1.01819, 0, 0, 0
41.4998, 0.969704, 0.237775, 0, 0, 0, 0, -4.82047e-43, 0, 0, 0, 1.01819, 0, 0, 0
41.5498, 0.969704, 0.237775, 0, 0, 0, 0, -4.82047e-43, 0, 0, 0, 1.01819, 0, 0, 0
41.5998, 0.969704, 0.237775, 0, 0, 0, 0, -4.82047e-43, 0, 0, 0, 1.01819, 0, 0, 0
41.6497, 0.969704, 0.237775, 0, 0, 0, 0, -4.82047e-43, 0, 0, 0, 1.01819, 0, 0, 0
41.6997, 0.969704, 0.237775, 0, 0, 0, 0, -4.82047e-43, 0, 0, 0, 1.01819, 0, 0, 0
41.7497, 0.969704, 0.237775, 0, 0, 0, 0, -4.82047e-43, 0, 0, 0, 1.01819, 0, 0, 0
41.7997, 0.969704, 0.237775, 0, 0, 0, 0, -4.82047e-43, 0, 0, 0, 1.01819, 0, 0, 0
41.8496, 0.969704, 0.237775, 0, 0, 0, 0, -4.82047e-43, 0, 0, 0, 1.01819, 0, 0, 0
41.8996, 0.969704, 0.237775, 0, 0, 0, 0, -4.82047e-43, 0, 0, 0, 1.01819, 0, 0, 0
41.9496, 0.969704, 0.237775, 0, 0, 0, 0, -4.82047e-43, 0, 0, 0, 1.01819, 0, 0, 0
41.9995, 0.969704, 0.237775, 0, 0, 0, 0, -4.82047e-43, 0, 0, 0, 1.01819, 0, 0, 0
42.0005, 0.969704, 0.237775, 0, 0, 0, 0, -4.82047e-43, 0, 0, 0, 1.01819, 0, 0, 0
42.0005, 0.969704, 0.237775, 0, 0, 0, 0, -4.82047e-43, 0, 0, 0, 1.01819, 0, 0, 0
42.0505, 0.969704, 0.237775, 0, 0, 0, 0, -4.82047e-43, 0, 0, 0, 1.01819, 0, 0, 0
42.1005, 0.969704, 0.237775, 0, 0, 0, 0, -4.82047e-43, 0, 0, 0, 1.01819, 0, 0, 0
42.1505, 0.969704, 0.237775, 0, 0, 0, 0, -4.82047e-43, 0, 0, 0, 1.01819, 0, 0, 0
42.2004, 0.969704, 0.237775, 0, 0, 0, 0, -4.82047e-43, 0, 0, 0, 1.01819, 0, 0, 0
42.2504, 0.969704, 0.237775, 0, 0, 0, 0, -4.82047e-43, 0, 0, 0, 1.01819, 0, 0, 0
42.3004, 0.969704, 0.237775, 0, 0, 0, 0, -4.82047e-43, 0, 0, 0, 1.01819, 0, 0, 0
42.3504, 0.969704, 0.237775, 0, 0, 0, 0, -4.82047e-43, 0, 0, 0, 1.01819, 0, 0, 0
42.4003, 0.969704, 0.237775, 0, 0, 0, 0, -4.82047e-43, 0, 0, 0, 1.01819, 0, 0, 0
42.4503, 0.969704, 0.237775, 0, 0, 0, 0, -4.82047e-43, 0, 0, 0, 1.01819, 0, 0, 0
42.5003, 0.969704, 0.237775, 0, 0, 0, 0, -4.82047e-43, 0, 0, 0, 1.01819, 0, 0, 0
42.5502, 0.969704, 0.237775, 0, 0, 0, 0, -4.82047e-43, 0, 0, 0, 1.01819, 0, 0, 0
42.6002, 0.969704, 0.237775, 0, 0, 0, 0, -4.82047e-43, 0, 0, 0, 1.01819, 0, 0, 0
42.6502, 0.969704, 0.237775, 0, 0, 0, 0, -4.82047e-43, 0, 0, 0, 1.01819, 0, 0, 0
42.7002, 0.969704, 0.237775, 0, 0, 0, 0, -4.82047e-43, 0, 0, 0, 1.01819, 0, 0, 0
42.7501, 0.969704, 0.237775, 0, 0, 0, 0, -4.82047e-43, 0, 0, 0, 1.01819, 0, 0, 0
42.8001, 0.969704, 0.237775, 0, 0, 0, 0, -4.82047e-43, 0, 0, 0, 1.01819, 0, 0, 0
42.8501, 0.969704, 0.237775, 0, 0, 0, 0, -4.82047e-43, 0, 0, 0, 1.01819, 0, 0, 0
42.9001, 0.969704, 0.237775, 0, 0, 0, 0, -4.82047e-43, 0, 0, 0, 1.01819, 0, 0, 0
42.95, 0.969704, 0.237775, 0, 0, 0, 0, -4.82047e-43, 0, 0, 0, 1.01819, 0, 0, 0
43, 0.969704, 0.237775, 0, 0, 0, 0, -4.82047e-43, 0, 0, 0, 1.01819, 0, 0, 0
43, 0.969704, 0.237775, 0, 0, 0, 0, -4.82047e-43, 0, 0, 0, 1.01819, 0, 0, 0
43.05, 0.969704, 0.237775, 0, 0, 0, 0, -4.82047e-43, 0, 0, 0, 1.01819, 0, 0, 0
43.0999, 0.969704, 0.237775, 0, 0, 0, 0, -4.82047e-43, 0, 0, 0, 1.01819, 0, 0, 0
43.1499, 0.969704, 0.237775, 0, 0, 0, 0, -4.82047e-43, 0, 0, 0, 1.01819, 0, 0, 0
43.1999, 0.969704, 0.237775, 0, 0, 0, 0, -4.82047e-43, 0, 0, 0, 1.01819, 0, 0, 0
43.2499, 0.969704, 0.237775, 0, 0, 0, 0, -4.82047e-43, 0, 0, 0, 1.01819, 0, 0, 0
43.2998, 0.969704, 0.237775, 0, 0, 0, 0, -4.82047e-43, 0, 0, 0, 1.01819, 0, 0, 0
43.3498, 0.969704, 0.237775, 0, 0, 0, 0, -4.82047e-43, 0, 0, 0, 1.01819, 0, 0, 0
43.3998, 0.969704, 0.237775, 0, 0, 0, 0, -4.82047e-43, 0, 0, 0, 1.01819, 0, 0, 0
43.4497, 0.969704, 0.237775, 0, 0, 0, 0, -4.82047e-43, 0, 0, 0, 1.01819, 0, 0, 0
43.4997, 0.969704, 0.237775, 0, 0, 0, 0, -4.82047e-43, 0, 0, 0, 1.01819, 0, 0, 0
43.5497, 0.969704, 0.237775, 0, 0, 0, 0, -4.82047e-43, 0, 0, 0, 1.01819, 0, 0, 0
43.5997, 0.969704, 0.237775, 0, 0, 0, 0, -4.82047e-43, 0, 0, 0, 1.01819, 0, 0, 0
43.6496, 0.969704, 0.237775, 0, 0, 0, 0, -4.82047e-43, 0, 0, 0, 1.01819, 0, 0, 0
43.6996, 0.969704, 0.237775, 0, 0, 0, 0, -4.82047e-43, 0, 0, 0, 1.01819, 0, 0, 0
43.7496, 0.969704, 0.237775, 0, 0, 0, 0, -4.82047e-43, 0, 0, 0, 1.01819, 0, 0, 0
43.7996, 0.969704, 0.237775, 0, 0, 0, 0, -4.82047e-43, 0, 0, 0, 1.01819, 0, 0, 0
43.8495, 0.969704, 0.237775, 0, 0, 0, 0, -4.82047e-43, 0, 0, 0, 1.01819, 0, 0, 0
43.8995, 0.969704, 0.237775, 0, 0, 0, 0, -4.82047e-43, 0, 0, 0, 1.01819, 0, 0, 0
43.9495, 0.969704, 0.237775, 0, 0, 0, 0, -4.82047e-43, 0, 0, 0, 1.01819, 0, 0, 0
43.9994, 0.969704, 0.237775, 0, 0, 0, 0, -4.82047e-43, 0, 0, 0, 1.01819, 0, 0, 0
44.0004, 0.969704, 0.237775, 0, 0, 0, 0, -4.82047e-43, 0, 0, 0, 1.01819, 0, 0, 0
44.0004, 0.969704, 0.237775, 0, 0, 0, 0, -4.82047e-43, 0, 0, 0, 1.01819, 0, 0, 0
44.0504, 0.969704, 0.237775, 0, 0, 0, 0, -4.82047e-43, 0, 0, 0, 1.01819, 0, 0, 0
44.1004, 0.969704, 0.237775, 0, 0, 0, 0, -4.82047e-43, 0, 0, 0, 1.01819, 0, 0, 0
44.1504, 0.969704, 0.237775, 0, 0, 0, 0, -4.82047e-43, 0, 0, 0, 1.01819, 0, 0, 0
44.2003, 0.969704, 0.237775, 0, 0, 0, 0, -4.82047e-43, 0, 0, 0, 1.01819, 0, 0, 0
44.2503, 0.969704, 0.237775, 0, 0, 0, 0, -4.82047e-43, 0, 0, 0, 1.01819, 0, 0, 0
44.3003, 0.969704, 0.237775, 0, 0, 0, 0, -4.82047e-43, 0, 0, 0, 1.01819, 0, 0, 0
44.3503, 0.969704, 0.237775, 0, 0, 0, 0, -4.82047e-43, 0, 0, 0, 1.01819, 0, 0, 0
44.4002, 0.969704, 0.237775, 0, 0, 0, 0, -4.82047e-43, 0, 0, 0, 1.01819, 0, 0, 0
44.4502, 0.969704, 0.237775, 0, 0, 0, 0, -4.82047e-43, 0, 0, 0, 1.01819, 0, 0, 0
44.5002, 0.969704, 0.237775, 0, 0, 0, 0, -4.82047e-43, 0, 0, 0, 1.01819, 0, 0, 0
44.5501, 0.969704, 0.237775, 0, 0, 0, 0, -4.82047e-43, 0, 0, 0, 1.01819, 0, 0, 0
44.6001, 0.969704, 0.237775, 0, 0, 0, 0, -4.82047e-43, 0, 0, 0, 1.01819, 0, 0, 0
44.6501, 0.969704, 0.237775, 0, 0, 0, 0, -4.82047e-43, 0, 0, 0, 1.01819, 0, 0, 0
44.7001, 0.969704, 0.237775, 0, 0, 0, 0, -4.82047e-43, 0, 0, 0, 1.01819, 0, 0, 0
44.75, 0.969704, 0.237775, 0, 0, 0, 0, -4.82047e-43, 0, 0, 0, 1.01819, 0, 0, 0
44.8, 0.969704, 0.237775, 0, 0, 0, 0, -4.82047e-43, 0, 0, 0, 1.01819, 0, 0, 0
44.85, 0.969704, 0.237775, 0, 0, 0, 0, -4.82047e-43, 0, 0, 0, 1.01819, 0, 0, 0
44.9, 0.969704, 0.237775, 0, 0, 0, 0, -4.82047e-43, 0, 0, 0, 1.01819, 0, 0, 0
44.9499, 0.969704, 0.237775, 0, 0, 0, 0, -4.82047e-43, 0, 0, 0, 1.01819, 0, 0, 0
44.9999, 0.969704, 0.237775, 0, 0, 0, 0, -4.82047e-43, 0, 0, 0, 1.01819, 0, 0, 0
45.0009, 0.969704, 0.237775, 0, 0, 0, 0, -4.82047e-43, 0, 0, 0, 1.01819, 0, 0, 0
45.0009, 0.969704, 0.237775, 0, 0, 0, 0, -4.82047e-43, 0, 0, 0, 1.01819, 0, 0, 0
45.0509, 0.969704, 0.237775, 0, 0, 0, 0, -4.82047e-43, 0, 0, 0, 1.01819, 0, 0, 0
45.1008, 0.969704, 0.237775, 0, 0, 0, 0, -4.82047e-43, 0, 0, 0, 1.01819, 0, 0, 0
45.1508, 0.969704, 0.237775, 0, 0, 0, 0, -4.82047e-43, 0, 0, 0, 1.01819, 0, 0, 0
45.2008, 0.969704, 0.237775, 0, 0, 0, 0, -4.82047e-43, 0, 0, 0, 1.01819, 0, 0, 0
45.2508, 0.969704, 0.237775, 0, 0, 0, 0, -4.82047e-43, 0, 0, 0, 1.01819, 0, 0, 0
45.3007, 0.969704, 0.237775, 0, 0, 0, 0, -4.82047e-43, 0, 0, 0, 1.01819, 0, 0, 0
45.3507, 0.969704, 0.237775, 0, 0, 0, 0, -4.82047e-43, 0, 0, 0, 1.01819, 0, 0, 0
45.4007, 0.969704, 0.237775, 0, 0, 0, 0, -4.82047e-43, 0, 0, 0, 1.01819, 0, 0, 0
45.4506, 0.969704, 0.237775, 0, 0, 0, 0, -4.82047e-43, 0, 0, 0, 1.01819, 0, 0, 0
45.5006, 0.969704, 0.237775, 0, 0, 0, 0, -4.82047e-43, 0, 0, 0, 1.01819, 0, 0, 0
45.5506, 0.969704, 0.237775, 0, 0, 0, 0, -4.82047e-43, 0, 0, 0, 1.01819, 0, 0, 0
45.6006, 0.969704, 0.237775, 0, 0, 0, 0, -4.82047e-43, 0, 0, 0, 1.01819, 0, 0, 0
45.6505, 0.969704, 0.237775, 0, 0, 0, 0, -4.82047e-43, 0, 0, 0, 1.01819, 0, 0, 0
45.7005, 0.969704, 0.237775, 0, 0, 0, 0, -4.82047e-43, 0, 0, 0, 1.01819, 0, 0, 0
45.7505, 0.969704, 0.237775, 0, 0, 0, 0, -4.82047e-43, 0, 0, 0, 1.01819, 0, 0, 0
45.8005, 0.969704, 0.237775, 0, 0, 0, 0, -4.82047e-43, 0, 0, 0, 1.01819, 0, 0, 0
45.8504, 0.969704, 0.237775, 0, 0, 0, 0, -4.82047e-43, 0, 0, 0, 1.01819, 0, 0, 0
45.9004, 0.969704, 0.237775, 0, 0, 0, 0, -4.82047e-43, 0, 0, 0, 1.01819, 0, 0, 0
45.9504, 0.969704, 0.237775, 0, 0, 0, 0, -4.82047e-43, 0, 0, 0, 1.01819, 0, 0, 0
46.0003, 0.969704, 0.237775, 0, 0, 0, 0, -4.82047e-43, 0, 0, 0, 1.01819, 0, 0, 0
46.0003, 0.969704, 0.237775, 0, 0, 0, 0, -4.82047e-43, 0, 0, 0, 1.01819, 0, 0, 0
46.0503, 0.969704, 0.237775, 0, 0, 0, 0, -4.82047e-43, 0, 0, 0, 1.01819, 0, 0, 0
46.1003, 0.969704, 0.237775, 0, 0, 0, 0, -4.82047e-43, 0, 0, 0, 1.01819, 0, 0, 0
46.1503, 0.969704, 0.237775, 0, 0, 0, 0, -4.82047e-43, 0, 0, 0, 1.01819, 0, 0, 0
46.2002, 0.969704, 0.237775, 0, 0, 0, 0, -4.82047e-43, 0, 0, 0, 1.01819, 0, 0, 0
46.2502, 0.969704, 0.237775, 0, 0, 0, 0, -4.82047e-43, 0, 0, 0, 1.01819, 0, 0, 0
46.3002, 0.969704, 0.237775, 0, 0, 0, 0, -4.82047e-43, 0, 0, 0, 1.01819, 0, 0, 0
46.3502, 0.969704, 0.237775, 0, 0, 0, 0, -4.82047e-43, 0, 0, 0, 1.01819, 0, 0, 0
46.4001, 0.969704, 0.237775, 0, 0, 0, 0, -4.82047e-43, 0, 0, 0, 1.01819, 0, 0, 0
46.4501, 0.969704, 0.237775, 0, 0, 0, 0, -4.82047e-43, 0, 0, 0, 1.01819, 0, 0, 0
46.5001, 0.969704, 0.237775, 0, 0, 0, 0, -4.82047e-43, 0, 0, 0, 1.01819, 0, 0, 0
46.55, 0.969704, 0.237775, 0, 0, 0, 0, -4.82047e-43, 0, 0, 0, 1.01819, 0, 0, 0
46.6, 0.969704, 0.237775, 0, 0, 0, 0, -4.82047e-43, 0, 0, 0, 1.01819, 0, 0, 0
46.65, 0.969704, 0.237775, 0, 0, 0, 0, -4.82047e-43, 0, 0, 0, 1.01819, 0, 0, 0
46.7, 0.969704, 0.237775, 0, 0, 0, 0, -4.82047e-43, 0, 0, 0, 1.01819, 0, 0, 0
46.7499, 0.969704, 0.237775, 0, 0, 0, 0, -4.82047e-43, 0, 0, 0, 1.01819, 0, 0, 0
46.7999, 0.969704, 0.237775, 0, 0, 0, 0, -4.82047e-43, 0, 0, 0, 1.01819, 0, 0, 0
46.8499, 0.969704, 0.237775, 0, 0, 0, 0, -4.82047e-43, 0, 0, 0, 1.01819, 0, 0, 0
46.8999, 0.969704, 0.237775, 0, 0, 0, 0, -4.82047e-43, 0, 0, 0, 1.01819, 0, 0, 0
46.9498, 0.969704, 0.237775, 0, 0, 0, 0, -4.82047e-43, 0, 0, 0, 1.01819, 0, 0, 0
46.9998, 0.969704, 0.237775, 0, 0, 0, 0, -4.82047e-43, 0, 0, 0, 1.01819, 0, 0, 0
47.0008, 0.969704, 0.237775, 0, 0, 0, 0, -4.82047e-43, 0, 0, 0, 1.01819, 0, 0, 0
47.0008, 0.969704, 0.237775, 0, 0, 0, 0, -4.82047e-43, 0, 0, 0, 1.01819, 0, 0, 0
47.0508, 0.969704, 0.237775, 0, 0, 0, 0, -4.82047e-43, 0, 0, 0, 1.01819, 0, 0, 0
47.1007, 0.969704, 0.237775, 0, 0, 0, 0, -4.82047e-43, 0, 0, 0, 1.01819, 0, 0, 0
47.1507, 0.969704, 0.237775, 0, 0, 0, 0, -4.82047e-43, 0, 0, 0, 1.01819, 0, 0, 0
47.2007, 0.969704, 0.237775, 0, 0, 0, 0, -4.82047e-43, 0, 0, 0, 1.01819, 0, 0, 0
47.2507, 0.969704, 0.237775, 0, 0, 0, 0, -4.82047e-43, 0, 0, 0, 1.01819, 0, 0, 0
47.3006, 0.969704, 0.237775, 0, 0, 0, 0, -4.82047e-43, 0, 0, 0, 1.01819, 0, 0, 0
47.3506, 0.969704, 0.237775, 0, 0, 0, 0, -4.82047e-43, 0, 0, 0, 1.01819, 0, 0, 0
47.4006, 0.969704, 0.237775, 0, 0, 0, 0, -4.82047e-43, 0, 0, 0, 1.01819, 0, 0, 0
47.4506, 0.969704, 0.237775, 0, 0, 0, 0, -4.82047e-43, 0, 0, 0, 1.01819, 0, 0, 0
47.5005, 0.969704, 0.237775, 0, 0, 0, 0, -4.82047e-43, 0, 0, 0, 1.01819, 0, 0, 0
47.5505, 0.969704, 0.237775, 0, 0, 0, 0, -4.82047e-43, 0, 0, 0, 1.01819, 0, 0, 0
47.6005, 0.969704, 0.237775, 0, 0, 0, 0, -4.82047e-43, 0, 0, 0, 1.01819, 0, 0, 0
47.6504, 0.969704, 0.237775, 0, 0, 0, 0, -4.82047e-43, 0, 0, 0, 1.01819, 0, 0, 0
47.7004, 0.969704, 0.237775, 0, 0, 0, 0, -4.82047e-43, 0, 0, 0, 1.01819, 0, 0, 0
47.7504, 0.969704, 0.237775, 0, 0, 0, 0, -4.82047e-43, 0, 0, 0, 1.01819, 0, 0, 0
47.8004, 0.969704, 0.237775, 0, 0, 0, 0, -4.82047e-43, 0, 0, 0, 1.01819, 0, 0, 0
47.8503, 0.969704, 0.237775, 0, 0, 0, 0, -4.82047e-43, 0, 0, 0, 1.01819, 0, 0, 0
47.9003, 0.969704, 0.237775, 0, 0, 0, 0, -4.82047e-43, 0, 0, 0, 1.01819, 0, 0, 0
47.9503, 0.969704, 0.237775, 0, 0, 0, 0, -4.82047e-43, 0, 0, 0, 1.01819, 0, 0, 0
48.0002, 0.969704, 0.237775, 0, 0, 0, 0, -4.82047e-43, 0, 0, 0, 1.01819, 0, 0, 0
48.0002, 0.969704, 0.237775, 0, 0, 0, 0, -4.82047e-43, 0, 0, 0, 1.01819, 0, 0, 0
48.0502, 0.969704, 0.237775, 0, 0, 0, 0, -4.82047e-43, 0, 0, 0, 1.01819, 0, 0, 0
48.1002, 0.969704, 0.237775, 0, 0, 0, 0, -4.82047e-43, 0, 0, 0, 1.01819, 0, 0, 0
48.1502, 0.969704, 0.237775, 0, 0, 0, 0, -4.82047e-43, 0, 0, 0, 1.01819, 0, 0, 0
48.2001, 0.969704, 0.237775, 0, 0, 0, 0, -4.82047e-43, 0, 0, 0, 1.01819, 0, 0, 0
48.2501, 0.969704, 0.237775, 0, 0, 0, 0, -4.82047e-43, 0, 0, 0, 1.01819, 0, 0, 0
48.3001, 0.969704, 0.237775, 0, 0, 0, 0, -4.82047e-43, 0, 0, 0, 1.01819, 0, 0, 0
48.3501, 0.969704, 0.237775, 0, 0, 0, 0, -4.82047e-43, 0, 0, 0, 1.01819, 0, 0, 0
48.4, 0.969704, 0.237775, 0, 0, 0, 0, -4.82047e-43, 0, 0, 0, 1.01819, 0, 0, 0
48.45, 0.969704, 0.237775, 0, 0, 0, 0, -4.82047e-43, 0, 0, 0, 1.01819, 0, 0, 0
48.5, 0.969704, 0.237775, 0, 0, 0, 0, -4.82047e-43, 0, 0, 0, 1.01819, 0, 0, 0
48.5499, 0.969704, 0.237775, 0, 0, 0, 0, -4.82047e-43, 0, 0, 0, 1.01819, 0, 0, 0
48.5999, 0.969704, 0.237775, 0, 0, 0, 0, -4.82047e-43, 0, 0, 0, 1.01819, 0, 0, 0
48.6499, 0.969704, 0.237775, 0, 0, 0, 0, -4.82047e-43, 0, 0, 0, 1.01819, 0, 0, 0
48.6999, 0.969704, 0.237775, 0, 0, 0, 0, -4.82047e-43, 0, 0, 0, 1.01819, 0, 0, 0
48.7498, 0.969704, 0.237775, 0, 0, 0, 0, -4.82047e-43, 0, 0, 0, 1.01819, 0, 0, 0
48.7998, 0.969704, 0.237775, 0, 0, 0, 0, -4.82047e-43, 0, 0, 0, 1.01819, 0, 0, 0
48.8498, 0.969704, 0.237775, 0, 0, 0, 0, -4.82047e-43, 0, 0, 0, 1.01819, 0, 0, 0
48.8998, 0.969704, 0.237775, 0, 0, 0, 0, -4.82047e-43, 0, 0, 0, 1.01819, 0, 0, 0
48.9497, 0.969704, 0.237775, 0, 0, 0, 0, -4.82047e-43, 0, 0, 0, 1.01819, 0, 0, 0
48.9997, 0.969704, 0.237775, 0, 0, 0, 0, -4.82047e-43, 0, 0, 0, 1.01819, 0, 0, 0
49.0007, 0.969704, 0.237775, 0, 0, 0, 0, -4.82047e-43, 0, 0, 0, 1.01819, 0, 0, 0
49.0007, 0.969704, 0.237775, 0, 0, 0, 0, -4.82047e-43, 0, 0, 0, 1.01819, 0, 0, 0
49.0507, 0.969704, 0.237775, 0, 0, 0, 0, -4.82047e-43, 0, 0, 0, 1.01819, 0, 0, 0
49.1006, 0.969704, 0.237775, 0, 0, 0, 0, -4.82047e-43, 0, 0, 0, 1.01819, 0, 0, 0
49.1506, 0.969704, 0.237775, 0, 0, 0, 0, -4.82047e-43, 0, 0, 0, 1.01819, 0, 0, 0
49.2006, 0.969704, 0.237775, 0, 0, 0, 0, -4.82047e-43, 0, 0, 0, 1.01819, 0, 0, 0
49.2506, 0.969704, 0.237775, 0, 0, 0, 0, -4.82047e-43, 0, 0, 0, 1.01819, 0, 0, 0
49.3005, 0.969704, 0.237775, 0, 0, 0, 0, -4.82047e-43, 0, 0, 0, 1.01819, 0, 0, 0
49.3505, 0.969704, 0.237775, 0, 0, 0, 0, -4.82047e-43, 0, 0, 0, 1.01819, 0, 0, 0
49.4005, 0.969704, 0.237775, 0, 0, 0, 0, -4.82047e-43, 0, 0, 0, 1.01819, 0, 0, 0
49.4505, 0.969704, 0.237775, 0, 0, 0, 0, -4.82047e-43, 0, 0, 0, 1.01819, 0, 0, 0
49.5004, 0.969704, 0.237775, 0, 0, 0, 0, -4.82047e-43, 0, 0, 0, 1.01819, 0, 0, 0
49.5504, 0.969704, 0.237775, 0, 0, 0, 0, -4.82047e-43, 0, 0, 0, 1.01819, 0, 0, 0
49.6004, 0.969704, 0.237775, 0, 0, 0, 0, -4.82047e-43, 0, 0, 0, 1.01819, 0, 0, 0
49.6503, 0.969704, 0.237775, 0, 0, 0, 0, -4.82047e-43, 0, 0, 0, 1.01819, 0, 0, 0
49.7003, 0.969704, 0.237775, 0, 0, 0, 0, -4.82047e-43, 0, 0, 0, 1.01819, 0, 0, 0
49.7503, 0.969704, 0.237775, 0, 0, 0, 0, -4.82047e-43, 0, 0, 0, 1.01819, 0, 0, 0
49.8003, 0.969704, 0.237775, 0, 0, 0, 0, -4.82047e-43, 0, 0, 0, 1.01819, 0, 0, 0
49.8502, 0.969704, 0.237775, 0, 0, 0, 0, -4.82047e-43, 0, 0, 0, 1.01819, 0, 0, 0
49.9002, 0.969704, 0.237775, 0, 0, 0, 0, -4.82047e-43, 0, 0, 0, 1.01819, 0, 0, 0
49.9502, 0.969704, 0.237775, 0, 0, 0, 0, -4.82047e-43, 0, 0, 0, 1.01819, 0, 0, 0
50.0001, 0.969704, 0.237775, 0, 0, 0, 0, -4.82047e-43, 0, 0, 0, 1.01819, 0, 0, 0
50.0001, 0.969704, 0.237775, 0, 0, 0, 0, -4.82047e-43, 0, 0, 0, 1.01819, 0, 0, 0
50.0501, 0.969704, 0.237775, 0, 0, 0, 0, -4.82047e-43, 0, 0, 0, 1.01819, 0, 0, 0
50.1001, 0.969704, 0.237775, 0, 0, 0, 0, -4.82047e-43, 0, 0, 0, 1.01819, 0, 0, 0
50.1501, 0.969704, 0.237775, 0, 0, 0, 0, -4.82047e-43, 0, 0, 0, 1.01819, 0, 0, 0
50.2, 0.969704, 0.237775, 0, 0, 0, 0, -4.82047e-43, 0, 0, 0, 1.01819, 0, 0, 0
50.25, 0.969704, 0.237775, 0, 0, 0, 0, -4.82047e-43, 0, 0, 0, 1.01819, 0, 0, 0
50.3, 0.969704, 0.237775, 0, 0, 0, 0, -4.82047e-43, 0, 0, 0, 1.01819, 0, 0, 0
50.35, 0.969704, 0.237775, 0, 0, 0, 0, -4.82047e-43, 0, 0, 0, 1.01819, 0, 0, 0
50.3999, 0.969704, 0.237775, 0, 0, 0, 0, -4.82047e-43, 0, 0, 0, 1.01819, 0, 0, 0
50.4499, 0.969704, 0.237775, 0, 0, 0, 0, -4.82047e-43, 0, 0, 0, 1.01819, 0, 0, 0
50.4999, 0.969704, 0.237775, 0, 0, 0, 0, -4.82047e-43, 0, 0, 0, 1.01819, 0, 0, 0
50.5498, 0.969704, 0.237775, 0, 0, 0, 0, -4.82047e-43, 0, 0, 0, 1.01819, 0, 0, 0
50.5998, 0.969704, 0.237775, 0, 0, 0, 0, -4.82047e-43, 0, 0, 0, 1.01819, 0, 0, 0
50.6498, 0.969704, 0.237775, 0, 0, 0, 0, -4.82047e-43, 0, 0, 0, 1.01819, 0, 0, 0
50.6998, 0.969704, 0.237775, 0, 0, 0, 0, -4.82047e-43, 0, 0, 0, 1.01819, 0, 0, 0
50.7497, 0.969704, 0.237775, 0, 0, 0, 0, -4.82047e-43, 0, 0, 0, 1.01819, 0, 0, 0
50.7997, 0.969704, 0.237775, 0, 0, 0, 0, -4.82047e-43, 0, 0, 0, 1.01819, 0, 0, 0
50.8497, 0.969704, 0.237775, 0, 0, 0, 0, -4.82047e-43, 0, 0, 0, 1.01819, 0, 0, 0
50.8997, 0.969704, 0.237775, 0, 0, 0, 0, -4.82047e-43, 0, 0, 0, 1.01819, 0, 0, 0
50.9496, 0.969704, 0.237775, 0, 0, 0, 0, -4.82047e-43, 0, 0, 0, 1.01819, 0, 0, 0
50.9996, 0.969704, 0.237775, 0, 0, 0, 0, -4.82047e-43, 0, 0, 0, 1.01819, 0, 0, 0
51.0006, 0.969704, 0.237775, 0, 0, 0, 0, -4.82047e-43, 0, 0, 0, 1.01819, 0, 0, 0
51.0006, 0.969704, 0.237775, 0, 0, 0, 0, -4.82047e-43, 0, 0, 0, 1.01819, 0, 0, 0
51.0506, 0.969704, 0.237775, 0, 0, 0, 0, -4.82047e-43, 0, 0, 0, 1.01819, 0, 0, 0
51.1005, 0.969704, 0.237775, 0, 0, 0, 0, -4.82047e-43, 0, 0, 0, 1.01819, 0, 0, 0
51.1505, 0.969704, 0.237775, 0, 0, 0, 0, -4.82047e-43, 0, 0, 0, 1.01819, 0, 0, 0
51.2005, 0.969704, 0.237775, 0, 0, 0, 0, -4.82047e-43, 0, 0, 0, 1.01819, 0, 0, 0
51.2505, 0.969704, 0.237775, 0, 0, 0, 0, -4.82047e-43, 0, 0, 0, 1.01819, 0, 0, 0
51.3004, 0.969704, 0.237775, 0, 0, 0, 0, -4.82047e-43, 0, 0, 0, 1.01819, 0, 0, 0
51.3504, 0.969704, 0.237775, 0, 0, 0, 0, -4.82047e-43, 0, 0, 0, 1.01819, 0, 0, 0
51.4004, 0.969704, 0.237775, 0, 0, 0, 0, -4.82047e-43, 0, 0, 0, 1.01819, 0, 0, 0
51.4504, 0.969704, 0.237775, 0, 0, 0, 0, -4.82047e-43, 0, 0, 0, 1.01819, 0, 0, 0
51.5003, 0.969704, 0.237775, 0, 0, 0, 0, -4.82047e-43, 0, 0, 0, 1.01819, 0, 0, 0
51.5503, 0.969704, 0.237775, 0, 0, 0, 0, -4.82047e-43, 0, 0, 0, 1.01819, 0, 0, 0
51.6003, 0.969704, 0.237775, 0, 0, 0, 0, -4.82047e-43, 0, 0, 0, 1.01819, 0, 0, 0
51.6502, 0.969704, 0.237775, 0, 0, 0, 0, -4.82047e-43, 0, 0, 0, 1.01819, 0, 0, 0
51.7002, 0.969704, 0.237775, 0, 0, 0, 0, -4.82047e-43, 0, 0, 0, 1.01819, 0, 0, 0
51.7502, 0.969704, 0.237775, 0, 0, 0, 0, -4.82047e-43, 0, 0, 0, 1.01819, 0, 0, 0
51.8002, 0.969704, 0.237775, 0, 0, 0, 0, -4.82047e-43, 0, 0, 0, 1.01819, 0, 0, 0
51.8501, 0.969704, 0.237775, 0, 0, 0, 0, -4.82047e-43, 0, 0, 0, 1.01819, 0, 0, 0
51.9001, 0.969704, 0.237775, 0, 0, 0, 0, -4.82047e-43, 0, 0, 0, 1.01819, 0, 0, 0
51.9501, 0.969704, 0.237775, 0, 0, 0, 0, -4.82047e-43, 0, 0, 0, 1.01819, 0, 0, 0
52, 0.969704, 0.237775, 0, 0, 0, 0, -4.82047e-43, 0, 0, 0, 1.01819, 0, 0, 0
52, 0.969704, 0.237775, 0, 0, 0, 0, -4.82047e-43, 0, 0, 0, 1.01819, 0, 0, 0
52.05, 0.969704, 0.237775, 0, 0, 0, 0, -4.82047e-43, 0, 0, 0, 1.01819, 0, 0, 0
52.1, 0.969704, 0.237775, 0, 0, 0, 0, -4.82047e-43, 0, 0, 0, 1.01819, 0, 0, 0
52.15, 0.969704, 0.237775, 0, 0, 0, 0, -4.82047e-43, 0, 0, 0, 1.01819, 0, 0, 0
52.1999, 0.969704, 0.237775, 0, 0, 0, 0, -4.82047e-43, 0, 0, 0, 1.01819, 0, 0, 0
52.2499, 0.969704, 0.237775, 0, 0, 0, 0, -4.82047e-43, 0, 0, 0, 1.01819, 0, 0, 0
52.2999, 0.969704, 0.237775, 0, 0, 0, 0, -4.82047e-43, 0, 0, 0, 1.01819, 0, 0, 0
52.3499, 0.969704, 0.237775, 0, 0, 0, 0, -4.82047e-43, 0, 0, 0, 1.01819, 0, 0, 0
52.3998, 0.969704, 0.237775, 0, 0, 0, 0, -4.82047e-43, 0, 0, 0, 1.01819, 0, 0, 0
52.4498, 0.969704, 0.237775, 0, 0, 0, 0, -4.82047e-43, 0, 0, 0, 1.01819, 0, 0, 0
52.4998, 0.969704, 0.237775, 0, 0, 0, 0, -4.82047e-43, 0, 0, 0, 1.01819, 0, 0, 0
52.5497, 0.969704, 0.237775, 0, 0, 0, 0, -4.82047e-43, 0, 0, 0, 1.01819, 0, 0, 0
52.5997, 0.969704, 0.237775, 0, 0, 0, 0, -4.82047e-43, 0, 0, 0, 1.01819, 0, 0, 0
52.6497, 0.969704, 0.237775, 0, 0, 0, 0, -4.82047e-43, 0, 0, 0, 1.01819, 0, 0, 0
52.6997, 0.969704, 0.237775, 0, 0, 0, 0, -4.82047e-43, 0, 0, 0, 1.01819, 0, 0, 0
52.7496, 0.969704, 0.237775, 0, 0, 0, 0, -4.82047e-43, 0, 0, 0, 1.01819, 0, 0, 0
52.7996, 0.969704, 0.237775, 0, 0, 0, 0, -4.82047e-43, 0, 0, 0, 1.01819, 0, 0, 0
52.8496, 0.969704, 0.237775, 0, 0, 0, 0, -4.82047e-43, 0, 0, 0, 1.01819, 0, 0, 0
52.8996, 0.969704, 0.237775, 0, 0, 0, 0, -4.82047e-43, 0, 0, 0, 1.01819, 0, 0, 0
52.9495, 0.969704, 0.237775, 0, 0, 0, 0, -4.82047e-43, 0, 0, 0, 1.01819, 0, 0, 0
52.9995, 0.969704, 0.237775, 0, 0, 0, 0, -4.82047e-43, 0, 0, 0, 1.01819, 0, 0, 0
53.0005, 0.969704, 0.237775, 0, 0, 0, 0, -4.82047e-43, 0, 0, 0, 1.01819, 0, 0, 0
53.0005, 0.969704, 0.237775, 0, 0, 0, 0, -4.82047e-43, 0, 0, 0, 1.01819, 0, 0, 0
53.0505, 0.969704, 0.237775, 0, 0, 0, 0, -4.82047e-43, 0, 0, 0, 1.01819, 0, 0, 0
53.1004, 0.969704, 0.237775, 0, 0, 0, 0, -4.82047e-43, 0, 0, 0, 1.01819, 0, 0, 0
53.1504, 0.969704, 0.237775, 0, 0, 0, 0, -4.82047e-43, 0, 0, 0, 1.01819, 0, 0, 0
53.2004, 0.969704, 0.237775, 0, 0, 0, 0, -4.82047e-43, 0, 0, 0, 1.01819, 0, 0, 0
53.2504, 0.969704, 0.237775, 0, 0, 0, 0, -4.82047e-43, 0, 0, 0, 1.01819, 0, 0, 0
53.3003, 0.969704, 0.237775, 0, 0, 0, 0, -4.82047e-43, 0, 0, 0, 1.01819, 0, 0, 0
53.3503, 0.969704, 0.237775, 0, 0, 0, 0, -4.82047e-43, 0, 0, 0, 1.01819, 0, 0, 0
53.4003, 0.969704, 0.237775, 0, 0, 0, 0, -4.82047e-43, 0, 0, 0, 1.01819, 0, 0, 0
53.4503, 0.969704, 0.237775, 0, 0, 0, 0, -4.82047e-43, 0, 0, 0, 1.01819, 0, 0, 0
53.5002, 0.969704, 0.237775, 0, 0, 0, 0, -4.82047e-43, 0, 0, 0, 1.01819, 0, 0, 0
53.5502, 0.969704, 0.237775, 0, 0, 0, 0, -4.82047e-43, 0, 0, 0, 1.01819, 0, 0, 0
53.6002, 0.969704, 0.237775, 0, 0, 0, 0, -4.82047e-43, 0, 0, 0, 1.01819, 0, 0, 0
53.6501, 0.969704, 0.237775, 0, 0, 0, 0, -4.82047e-43, 0, 0, 0, 1.01819, 0, 0, 0
53.7001, 0.969704, 0.237775, 0, 0, 0, 0, -4.82047e-43, 0, 0, 0, 1.01819, 0, 0, 0
53.7501, 0.969704, 0.237775, 0, 0, 0, 0, -4.82047e-43, 0, 0, 0, 1.01819, 0, 0, 0
53.8001, 0.969704, 0.237775, 0, 0, 0, 0, -4.82047e-43, 0, 0, 0, 1.01819, 0, 0, 0
53.85, 0.969704, 0.237775, 0, 0, 0, 0, -4.82047e-43, 0, 0, 0, 1.01819, 0, 0, 0
53.9, 0.969704, 0.237775, 0, 0, 0, 0, -4.82047e-43, 0, 0, 0, 1.01819, 0, 0, 0
53.95, 0.969704, 0.237775, 0, 0, 0, 0, -4.82047e-43, 0, 0, 0, 1.01819, 0, 0, 0
54, 0.969704, 0.237775, 0, 0, 0, 0, -4.82047e-43, 0, 0, 0, 1.01819, 0, 0, 0
54.0009, 0.969704, 0.237775, 0, 0, 0, 0, -4.82047e-43, 0, 0, 0, 1.01819, 0, 0, 0
54.0009, 0.969704, 0.237775, 0, 0, 0, 0, -4.82047e-43, 0, 0, 0, 1.01819, 0, 0, 0
54.0509, 0.969704, 0.237775, 0, 0, 0, 0, -4.82047e-43, 0, 0, 0, 1.01819, 0, 0, 0
54.1009, 0.969704, 0.237775, 0, 0, 0, 0, -4.82047e-43, 0, 0, 0, 1.01819, 0, 0, 0
54.1509, 0.969704, 0.237775, 0, 0, 0, 0, -4.82047e-43, 0, 0, 0, 1.01819, 0, 0, 0
54.2008, 0.969704, 0.237775, 0, 0, 0, 0, -4.82047e-43, 0, 0, 0, 1.01819, 0, 0, 0
54.2508, 0.969704, 0.237775, 0, 0, 0, 0, -4.82047e-43, 0, 0, 0, 1.01819, 0, 0, 0
54.3008, 0.969704, 0.237775, 0, 0, 0, 0, -4.82047e-43, 0, 0, 0, 1.01819, 0, 0, 0
54.3508, 0.969704, 0.237775, 0, 0, 0, 0, -4.82047e-43, 0, 0, 0, 1.01819, 0, 0, 0
54.4007, 0.969704, 0.237775, 0, 0, 0, 0, -4.82047e-43, 0, 0, 0, 1.01819, 0, 0, 0
54.4507, 0.969704, 0.237775, 0, 0, 0, 0, -4.82047e-43, 0, 0, 0, 1.01819, 0, 0, 0
54.5007, 0.969704, 0.237775, 0, 0, 0, 0, -4.82047e-43, 0, 0, 0, 1.01819, 0, 0, 0
54.5506, 0.969704, 0.237775, 0, 0, 0, 0, -4.82047e-43, 0, 0, 0, 1.01819, 0, 0, 0
54.6006, 0.969704, 0.237775, 0, 0, 0, 0, -4.82047e-43, 0, 0, 0, 1.01819, 0, 0, 0
54.6506, 0.969704, 0.237775, 0, 0, 0, 0, -4.82047e-43, 0, 0, 0, 1.01819, 0, 0, 0
54.7006, 0.969704, 0.237775, 0, 0, 0, 0, -4.82047e-43, 0, 0, 0, 1.01819, 0, 0, 0
54.7505, 0.969704, 0.237775, 0, 0, 0, 0, -4.82047e-43, 0, 0, 0, 1.01819, 0, 0, 0
54.8005, 0.969704, 0.237775, 0, 0, 0, 0, -4.82047e-43, 0, 0, 0, 1.01819, 0, 0, 0
54.8505, 0.969704, 0.237775, 0, 0, 0, 0, -4.82047e-43, 0, 0, 0, 1.01819, 0, 0, 0
54.9005, 0.969704, 0.237775, 0, 0, 0, 0, -4.82047e-43, 0, 0, 0, 1.01819, 0, 0, 0
54.9504, 0.969704, 0.237775, 0, 0, 0, 0, -4.82047e-43, 0, 0, 0, 1.01819, 0, 0, 0
55.0004, 0.969704, 0.237775, 0, 0, 0, 0, -4.82047e-43, 0, 0, 0, 1.01819, 0, 0, 0
55.0004, 0.969704, 0.237775, 0, 0, 0, 0, -4.82047e-43, 0, 0, 0, 1.01819, 0, 0, 0
55.0504, 0.969704, 0.237775, 0, 0, 0, 0, -4.82047e-43, 0, 0, 0, 1.01819, 0, 0, 0
55.1003, 0.969704, 0.237775, 0, 0, 0, 0, -4.82047e-43, 0, 0, 0, 1.01819, 0, 0, 0
55.1503, 0.969704, 0.237775, 0, 0, 0, 0, -4.82047e-43, 0, 0, 0, 1.01819, 0, 0, 0
55.2003, 0.969704, 0.237775, 0, 0, 0, 0, -4.82047e-43, 0, 0, 0, 1.01819, 0, 0, 0
55.2503, 0.969704, 0.237775, 0, 0, 0, 0, -4.82047e-43, 0, 0, 0, 1.01819, 0, 0, 0
55.3002, 0.969704, 0.237775, 0, 0, 0, 0, -4.82047e-43, 0, 0, 0, 1.01819, 0, 0, 0
55.3502, 0.969704, 0.237775, 0, 0, 0, 0, -4.82047e-43, 0, 0, 0, 1.01819, 0, 0, 0
55.4002, 0.969704, 0.237775, 0, 0, 0, 0, -4.82047e-43, 0, 0, 0, 1.01819, 0, 0, 0
55.4502, 0.969704, 0.237775, 0, 0, 0, 0, -4.82047e-43, 0, 0, 0, 1.01819, 0, 0, 0
55.5001, 0.969704, 0.237775, 0, 0, 0, 0, -4.82047e-43, 0, 0, 0, 1.01819, 0, 0, 0
55.5501, 0.969704, 0.237775, 0, 0, 0, 0, -4.82047e-43, 0, 0, 0, 1.01819, 0, 0, 0
55.6001, 0.969704, 0.237775, 0, 0, 0, 0, -4.82047e-43, 0, 0, 0, 1.01819, 0, 0, 0
55.65, 0.969704, 0.237775, 0, 0, 0, 0, -4.82047e-43, 0, 0, 0, 1.01819, 0, 0, 0
55.7, 0.969704, 0.237775, 0, 0, 0, 0, -4.82047e-43, 0, 0, 0, 1.01819, 0, 0, 0
55.75, 0.969704, 0.237775, 0, 0, 0, 0, -4.82047e-43, 0, 0, 0, 1.01819, 0, 0, 0
55.8, 0.969704, 0.237775, 0, 0, 0, 0, -4.82047e-43, 0, 0, 0, 1.01819, 0, 0, 0
55.8499, 0.969704, 0.237775, 0, 0, 0, 0, -4.82047e-43, 0, 0, 0, 1.01819, 0, 0, 0
55.8999, 0.969704, 0.237775, 0, 0, 0, 0, -4.82047e-43, 0, 0, 0, 1.01819, 0, 0, 0
55.9499, 0.969704, 0.237775, 0, 0, 0, 0, -4.82047e-43, 0, 0, 0, 1.01819, 0, 0, 0
55.9999, 0.969704, 0.237775, 0, 0, 0, 0, -4.82047e-43, 0, 0, 0, 1.01819, 0, 0, 0
56.0009, 0.969704, 0.237775, 0, 0, 0, 0, -4.82047e-43, 0, 0, 0, 1.01819, 0, 0, 0
56.0009, 0.969704, 0.237775, 0, 0, 0, 0, -4.82047e-43, 0, 0, 0, 1.01819, 0, 0, 0
56.0508, 0.969704, 0.237775, 0, 0, 0, 0, -4.82047e-43, 0, 0, 0, 1.01819, 0, 0, 0
56.1008, 0.969704, 0.237775, 0, 0, 0, 0, -4.82047e-43, 0, 0, 0, 1.01819, 0, 0, 0
56.1508, 0.969704, 0.237775, 0, 0, 0, 0, -4.82047e-43, 0, 0, 0, 1.01819, 0, 0, 0
56.2007, 0.969704, 0.237775, 0, 0, 0, 0, -4.82047e-43, 0, 0, 0, 1.01819, 0, 0, 0
56.2507, 0.969704, 0.237775, 0, 0, 0, 0, -4.82047e-43, 0, 0, 0, 1.01819, 0, 0, 0
56.3007, 0.969704, 0.237775, 0, 0, 0, 0, -4.82047e-43, 0, 0, 0, 1.01819, 0, 0, 0
56.3507, 0.969704, 0.237775, 0, 0, 0, 0, -4.82047e-43, 0, 0, 0, 1.01819, 0, 0, 0
56.4006, 0.969704, 0.237775, 0, 0, 0, 0, -4.82047e-43, 0, 0, 0, 1.01819, 0, 0, 0
56.4506, 0.969704, 0.237775, 0, 0, 0, 0, -4.82047e-43, 0, 0, 0, 1.01819, 0, 0, 0
56.5006, 0.969704, 0.237775, 0, 0, 0, 0, -4.82047e-43, 0, 0, 0, 1.01819, 0, 0, 0
56.5505, 0.969704, 0.237775, 0, 0, 0, 0, -4.82047e-43, 0, 0, 0, 1.01819, 0, 0, 0
56.6005, 0.969704, 0.237775, 0, 0, 0, 0, -4.82047e-43, 0, 0, 0, 1.01819, 0, 0, 0
56.6505, 0.969704, 0.237775, 0, 0, 0, 0, -4.82047e-43, 0, 0, 0, 1.01819, 0, 0, 0
56.7005, 0.969704, 0.237775, 0, 0, 0, 0, -4.82047e-43, 0, 0, 0, 1.01819, 0, 0, 0
56.7504, 0.969704, 0.237775, 0, 0, 0, 0, -4.82047e-43, 0, 0, 0, 1.01819, 0, 0, 0
56.8004, 0.969704, 0.237775, 0, 0, 0, 0, -4.82047e-43, 0, 0, 0, 1.01819, 0, 0, 0
56.8504, 0.969704, 0.237775, 0, 0, 0, 0, -4.82047e-43, 0, 0, 0, 1.01819, 0, 0, 0
56.9004, 0.969704, 0.237775, 0, 0, 0, 0, -4.82047e-43, 0, 0, 0, 1.01819, 0, 0, 0
56.9503, 0.969704, 0.237775, 0, 0, 0, 0, -4.82047e-43, 0, 0, 0, 1.01819, 0, 0, 0
57.0003, 0.969704, 0.237775, 0, 0, 0, 0, -4.82047e-43, 0, 0, 0, 1.01819, 0, 0, 0
57.0003, 0.969704, 0.237775, 0, 0, 0, 0, -4.82047e-43, 0, 0, 0, 1.01819, 0, 0, 0
57.0503, 0.969704, 0.237775, 0, 0, 0, 0, -4.82047e-43, 0, 0, 0, 1.01819, 0, 0, 0
57.1002, 0.969704, 0.237775, 0, 0, 0, 0, -4.82047e-43, 0, 0, 0, 1.01819, 0, 0, 0
57.1502, 0.969704, 0.237775, 0, 0, 0, 0, -4.82047e-43, 0, 0, 0, 1.01819, 0, 0, 0
57.2002, 0.969704, 0.237775, 0, 0, 0, 0, -4.82047e-43, 0, 0, 0, 1.01819, 0, 0, 0
57.2502, 0.969704, 0.237775, 0, 0, 0, 0, -4.82047e-43, 0, 0, 0, 1.01819, 0, 0, 0
57.3001, 0.969704, 0.237775, 0, 0, 0, 0, -4.82047e-43, 0, 0, 0, 1.01819, 0, 0, 0
57.3501, 0.969704, 0.237775, 0, 0, 0, 0, -4.82047e-43, 0, 0, 0, 1.01819, 0, 0, 0
57.4001, 0.969704, 0.237775, 0, 0, 0, 0, -4.82047e-43, 0, 0, 0, 1.01819, 0, 0, 0
57.4501, 0.969704, 0.237775, 0, 0, 0, 0, -4.82047e-43, 0, 0, 0, 1.01819, 0, 0, 0
57.5, 0.969704, 0.237775, 0, 0, 0, 0, -4.82047e-43, 0, 0, 0, 1.01819, 0, 0, 0
57.55, 0.969704, 0.237775, 0, 0, 0, 0, -4.82047e-43, 0, 0, 0, 1.01819, 0, 0, 0
57.6, 0.969704, 0.237775, 0, 0, 0, 0, -4.82047e-43, 0, 0, 0, 1.01819, 0, 0, 0
57.6499, 0.969704, 0.237775, 0, 0, 0, 0, -4.82047e-43, 0, 0, 0, 1.01819, 0, 0, 0
57.6999, 0.969704, 0.237775, 0, 0, 0, 0, -4.82047e-43, 0, 0, 0, 1.01819, 0, 0, 0
57.7499, 0.969704, 0.237775, 0, 0, 0, 0, -4.82047e-43, 0, 0, 0, 1.01819, 0, 0, 0
57.7999, 0.969704, 0.237775, 0, 0, 0, 0, -4.82047e-43, 0, 0, 0, 1.01819, 0, 0, 0
57.8498, 0.969704, 0.237775, 0, 0, 0, 0, -4.82047e-43, 0, 0, 0, 1.01819, 0, 0, 0
57.8998, 0.969704, 0.237775, 0, 0, 0, 0, -4.82047e-43, 0, 0, 0, 1.01819, 0, 0, 0
57.9498, 0.969704, 0.237775, 0, 0, 0, 0, -4.82047e-43, 0, 0, 0, 1.01819, 0, 0, 0
57.9998, 0.969704, 0.237775, 0, 0, 0, 0, -4.82047e-43, 0, 0, 0, 1.01819, 0, 0, 0
58.0008, 0.969704, 0.237775, 0, 0, 0, 0, -4.82047e-43, 0, 0, 0, 1.01819, 0, 0, 0
58.0008, 0.969704, 0.237775, 0, 0, 0, 0, -4.82047e-43, 0, 0, 0, 1.01819, 0, 0, 0
58.0507, 0.969704, 0.237775, 0, 0, 0, 0, -4.82047e-43, 0, 0, 0, 1.01819, 0, 0, 0
58.1007, 0.969704, 0.237775, 0, 0, 0, 0, -4.82047e-43, 0, 0, 0, 1.01819, 0, 0, 0
58.1507, 0.969704, 0.237775, 0, 0, 0, 0, -4.82047e-43, 0, 0, 0, 1.01819, 0, 0, 0
58.2006, 0.969704, 0.237775, 0, 0, 0, 0, -4.82047e-43, 0, 0, 0, 1.01819, 0, 0, 0
58.2506, 0.969704, 0.237775, 0, 0, 0, 0, -4.82047e-43, 0, 0, 0, 1.01819, 0, 0, 0
58.3006, 0.969704, 0.237775, 0, 0, 0, 0, -4.82047e-43, 0, 0, 0, 1.01819, 0, 0, 0
58.3506, 0.969704, 0.237775, 0, 0, 0, 0, -4.82047e-43, 0, 0, 0, 1.01819, 0, 0, 0
58.4005, 0.969704, 0.237775, 0, 0, 0, 0, -4.82047e-43, 0, 0, 0, 1.01819, 0, 0, 0
58.4505, 0.969704, 0.237775, 0, 0, 0, 0, -4.82047e-43, 0, 0, 0, 1.01819, 0, 0, 0
58.5005, 0.969704, 0.237775, 0, 0, 0, 0, -4.82047e-43, 0, 0, 0, 1.01819, 0, 0, 0
58.5504, 0.969704, 0.237775, 0, 0, 0, 0, -4.82047e-43, 0, 0, 0, 1.01819, 0, 0, 0
58.6004, 0.969704, 0.237775, 0, 0, 0, 0, -4.82047e-43, 0, 0, 0, 1.01819, 0, 0, 0
58.6504, 0.969704, 0.237775, 0, 0, 0, 0, -4.82047e-43, 0, 0, 0, 1.01819, 0, 0, 0
58.7004, 0.969704, 0.237775, 0, 0, 0, 0, -4.82047e-43, 0, 0, 0, 1.01819, 0, 0, 0
58.7503, 0.969704, 0.237775, 0, 0, 0, 0, -4.82047e-43, 0, 0, 0, 1.01819, 0, 0, 0
58.8003, 0.969704, 0.237775, 0, 0, 0, 0, -4.82047e-43, 0, 0, 0, 1.01819, 0, 0, 0
58.8503, 0.969704, 0.237775, 0, 0, 0, 0, -4.82047e-43, 0, 0, 0, 1.01819, 0, 0, 0
58.9003, 0.969704, 0.237775, 0, 0, 0, 0, -4.82047e-43, 0, 0, 0, 1.01819, 0, 0, 0
58.9502, 0.969704, 0.237775, 0, 0, 0, 0, -4.82047e-43, 0, 0, 0, 1.01819, 0, 0, 0
59.0002, 0.969704, 0.237775, 0, 0, 0, 0, -4.82047e-43, 0, 0, 0, 1.01819, 0, 0, 0
59.0002, 0.969704, 0.237775, 0, 0, 0, 0, -4.82047e-43, 0, 0, 0, 1.01819, 0, 0, 0
59.0502, 0.969704, 0.237775, 0, 0, 0, 0, -4.82047e-43, 0, 0, 0, 1.01819, 0, 0, 0
59.1001, 0.969704, 0.237775, 0, 0, 0, 0, -4.82047e-43, 0, 0, 0, 1.01819, 0, 0, 0
59.1501, 0.969704, 0.237775, 0, 0, 0, 0, -4.82047e-43, 0, 0, 0, 1.01819, 0, 0, 0
59.2001, 0.969704, 0.237775, 0, 0, 0, 0, -4.82047e-43, 0, 0, 0, 1.01819, 0, 0, 0
59.2501, 0.969704, 0.237775, 0, 0, 0, 0, -4.82047e-43, 0, 0, 0, 1.01819, 0, 0, 0
59.3, 0.969704, 0.237775, 0, 0, 0, 0, -4.82047e-43, 0, 0, 0, 1.01819, 0, 0, 0
59.35, 0.969704, 0.237775, 0, 0, 0, 0, -4.82047e-43, 0, 0, 0, 1.01819, 0, 0, 0
59.4, 0.969704, 0.237775, 0, 0, 0, 0, -4.82047e-43, 0, 0, 0, 1.01819, 0, 0, 0
59.45, 0.969704, 0.237775, 0, 0, 0, 0, -4.82047e-43, 0, 0, 0, 1.01819, 0, 0, 0
59.4999, 0.969704, 0.237775, 0, 0, 0, 0, -4.82047e-43, 0, 0, 0, 1.01819, 0, 0, 0
59.5499, 0.969704, 0.237775, 0, 0, 0, 0, -4.82047e-43, 0, 0, 0, 1.01819, 0, 0, 0
59.5999, 0.969704, 0.237775, 0, 0, 0, 0, -4.82047e-43, 0, 0, 0, 1.01819, 0, 0, 0
59.6498, 0.969704, 0.237775, 0, 0, 0, 0, -4.82047e-43, 0, 0, 0, 1.01819, 0, 0, 0
59.6998, 0.969704, 0.237775, 0, 0, 0, 0, -4.82047e-43, 0, 0, 0, 1.01819, 0, 0, 0
59.7498, 0.969704, 0.237775, 0, 0, 0, 0, -4.82047e-43, 0, 0, 0, 1.01819, 0, 0, 0
59.7998, 0.969704, 0.237775, 0, 0, 0, 0, -4.82047e-43, 0, 0, 0, 1.01819, 0, 0, 0
59.8497, 0.969704, 0.237775, 0, 0, 0, 0, -4.82047e-43, 0, 0, 0, 1.01819, 0, 0, 0
59.8997, 0.969704, 0.237775, 0, 0, 0, 0, -4.82047e-43, 0, 0, 0, 1.01819, 0, 0, 0
59.9497, 0.969704, 0.237775, 0, 0, 0, 0, -4.82047e-43, 0, 0, 0, 1.01819, 0, 0, 0
59.9997, 0.969704, 0.237775, 0, 0, 0, 0, -4.82047e-43, 0, 0, 0, 1.01819, 0, 0, 0
60.0007, 0.969704, 0.237775, 0, 0, 0, 0, -4.82047e-43, 0, 0, 0, 1.01819, 0, 0, 0
60.0007, 0.969704, 0.237775, 0.969704, 0.237775, 0, 0, -4.82047e-43, 0, 0, 0, 1.01819, 0, 0, 0
60.0506, 0.969704, 0.237775, 0.969704, 0.237775, 0, 0, -4.82047e-43, 0, 0, 0, 1.01819, 0, 0, 0
60.1006, 0.969704, 0.237775, 0.969704, 0.237775, 0, 0, -4.82047e-43, 0, 0, 0, 1.01819, 0, 0, 0
60.1506, 0.969704, 0.237775, 0.969704, 0.237775, 0, 0, -4.82047e-43, 0, 0, 0, 1.01819, 0, 0, 0
60.2005, 0.969704, 0.237775, 0.969704, 0.237775, 0, 0, -4.82047e-43, 0, 0, 0, 1.01819, 0, 0, 0
60.2505, 0.969704, 0.237775, 0.969704, 0.237775, 0, 0, -4.82047e-43, 0, 0, 0, 1.01819, 0, 0, 0
60.3005, 0.969704, 0.237775, 0.969704, 0.237775, 0, 0, -4.82047e-43, 0, 0, 0, 1.01819, 0, 0, 0
60.3505, 0.969704, 0.237775, 0.969704, 0.237775, 0, 0, -4.82047e-43, 0, 0, 0, 1.01819, 0, 0, 0
60.4004, 0.969704, 0.237775, 0.969704, 0.237775, 0, 0, -4.82047e-43, 0, 0, 0, 1.01819, 0, 0, 0
60.4504, 0.969704, 0.237775, 0.969704, 0.237775, 0, 0, -4.82047e-43, 0, 0, 0, 1.01819, 0, 0, 0
60.5004, 0.969704, 0.237775, 0.969704, 0.237775, 0, 0, -4.82047e-43, 0, 0, 0, 1.01819, 0, 0, 0
60.5504, 0.969704, 0.237775, 0.969704, 0.237775, 0, 0, -4.82047e-43, 0, 0, 0, 1.01819, 0, 0, 0
60.6003, 0.969704, 0.237775, 0.969704, 0.237775, 0, 0, -4.82047e-43, 0, 0, 0, 1.01819, 0, 0, 0
60.6503, 0.969704, 0.237775, 0.969704, 0.237775, 0, 0, -4.82047e-43, 0, 0, 0, 1.01819, 0, 0, 0
60.7003, 0.969704, 0.237775, 0.969704, 0.237775, 0, 0, -4.82047e-43, 0, 0, 0, 1.01819, 0, 0, 0
60.7502, 0.969704, 0.237775, 0.969704, 0.237775, 0, 0, -4.82047e-43, 0, 0, 0, 1.01819, 0, 0, 0
60.8002, 0.969704, 0.237775, 0.969704, 0.237775, 0, 0, -4.82047e-43, 0, 0, 0, 1.01819, 0, 0, 0
60.8502, 0.969704, 0.237775, 0.969704, 0.237775, 0, 0, -4.82047e-43, 0, 0, 0, 1.01819, 0, 0, 0
60.9002, 0.969704, 0.237775, 0.969704, 0.237775, 0, 0, -4.82047e-43, 0, 0, 0, 1.01819, 0, 0, 0
60.9501, 0.969704, 0.237775, 0.969704, 0.237775, 0, 0, -4.82047e-43, 0, 0, 0, 1.01819, 0, 0, 0
61.0001, 0.969704, 0.237775, 0.969704, 0.237775, 0, 0, -4.82047e-43, 0, 0, 0, 1.01819, 0, 0, 0
61.0001, 0.969704, 0.237775, 0.969704, 0.237775, 0, 0, -4.82047e-43, 0, 0, 0, 1.01819, 0, 0, 0
61.0501, 0.969704, 0.237775, 0.969704, 0.237775, 0, 0, -4.82047e-43, 0, 0, 0, 1.01819, 0, 0, 0
61.1, 0.969704, 0.237775, 0.969704, 0.237775, 0, 0, -4.82047e-43, 0, 0, 0, 1.01819, 0, 0, 0
61.15, 0.969704, 0.237775, 0.969704, 0.237775, 0, 0, -4.82047e-43, 0, 0, 0, 1.01819, 0, 0, 0
61.2, 0.969704, 0.237775, 0.969704, 0.237775, 0, 0, -4.82047e-43, 0, 0, 0, 1.01819, 0, 0, 0
61.25, 0.969704, 0.237775, 0.969704, 0.237775, 0, 0, -4.82047e-43, 0, 0, 0, 1.01819, 0, 0, 0
61.2999, 0.969704, 0.237775, 0.969704, 0.237775, 0, 0, -4.82047e-43, 0, 0, 0, 1.01819, 0, 0, 0
61.3499, 0.969704, 0.237775, 0.969704, 0.237775, 0, 0, -4.82047e-43, 0, 0, 0, 1.01819, 0, 0, 0
61.3999, 0.969704, 0.237775, 0.969704, 0.237775, 0, 0, -4.82047e-43, 0, 0, 0, 1.01819, 0, 0, 0
61.4499, 0.969704, 0.237775, 0.969704, 0.237775, 0, 0, -4.82047e-43, 0, 0, 0, 1.01819, 0, 0, 0
61.4998, 0.969704, 0.237775, 0.969704, 0.237775, 0, 0, -4.82047e-43, 0, 0, 0, 1.01819, 0, 0, 0
61.5498, 0.969704, 0.237775, 0.969704, 0.237775, 0, 0, -4.82047e-43, 0, 0, 0, 1.01819, 0, 0, 0
61.5998, 0.969704, 0.237775, 0.969704, 0.237775, 0, 0, -4.82047e-43, 0, 0, 0, 1.01819, 0, 0, 0
61.6497, 0.969704, 0.237775, 0.969704, 0.237775, 0, 0, -4.82047e-43, 0, 0, 0, 1.01819, 0, 0, 0
61.6997, 0.969704, 0.237775, 0.969704, 0.237775, 0, 0, -4.82047e-43, 0, 0, 0, 1.01819, 0, 0, 0
61.7497, 0.969704, 0.237775, 0.969704, 0.237775, 0, 0, -4.82047e-43, 0, 0, 0, 1.01819, 0, 0, 0
61.7997, 0.969704, 0.237775, 0.969704, 0.237775, 0, 0, -4.82047e-43, 0, 0, 0, 1.01819, 0, 0, 0
61.8496, 0.969704, 0.237775, 0.969704, 0.237775, 0, 0, -4.82047e-43, 0, 0, 0, 1.01819, 0, 0, 0
61.8996, 0.969704, 0.237775, 0.969704, 0.237775, 0, 0, -4.82047e-43, 0, 0, 0, 1.01819, 0, 0, 0
61.9496, 0.969704, 0.237775, 0.969704, 0.237775, 0, 0, -4.82047e-43, 0, 0, 0, 1.01819, 0, 0, 0
61.9996, 0.969704, 0.237775, 0.969704, 0.237775, 0, 0, -4.82047e-43, 0, 0, 0, 1.01819, 0, 0, 0
62.0006, 0.969704, 0.237775, 0.969704, 0.237775, 0, 0, -4.82047e-43, 0, 0, 0, 1.01819, 0, 0, 0
62.0006, 0.969704, 0.237775, 0.969704, 0.237775, 0, 0, -4.82047e-43, 0, 0, 0, 1.01819, 0, 0, 0
62.0505, 0.969704, 0.237775, 0.969704, 0.237775, 0, 0, -4.82047e-43, 0, 0, 0, 1.01819, 0, 0, 0
62.1005, 0.969704, 0.237775, 0.969704, 0.237775, 0, 0, -4.82047e-43, 0, 0, 0, 1.01819, 0, 0, 0
62.1505, 0.969704, 0.237775, 0.969704, 0.237775, 0, 0, -4.82047e-43, 0, 0, 0, 1.01819, 0, 0, 0
62.2004, 0.969704, 0.237775, 0.969704, 0.237775, 0, 0, -4.82047e-43, 0, 0, 0, 1.01819, 0, 0, 0
62.2504, 0.969704, 0.237775, 0.969704, 0.237775, 0, 0, -4.82047e-43, 0, 0, 0, 1.01819, 0, 0, 0
62.3004, 0.969704, 0.237775, 0.969704, 0.237775, 0, 0, -4.82047e-43, 0, 0, 0, 1.01819, 0, 0, 0
62.3504, 0.969704, 0.237775, 0.969704, 0.237775, 0, 0, -4.82047e-43, 0, 0, 0, 1.01819, 0, 0, 0
62.4003, 0.969704, 0.237775, 0.969704, 0.237775, 0, 0, -4.82047e-43, 0, 0, 0, 1.01819, 0, 0, 0
62.4503, 0.969704, 0.237775, 0.969704, 0.237775, 0, 0, -4.82047e-43, 0, 0, 0, 1.01819, 0, 0, 0
62.5003, 0.969704, 0.237775, 0.969704, 0.237775, 0, 0, -4.82047e-43, 0, 0, 0, 1.01819, 0, 0, 0
62.5503, 0.969704, 0.237775, 0.969704, 0.237775, 0, 0, -4.82047e-43, 0, 0, 0, 1.01819, 0, 0, 0
62.6002, 0.969704, 0.237775, 0.969704, 0.237775, 0, 0, -4.82047e-43, 0, 0, 0, 1.01819, 0, 0, 0
62.6502, 0.969704, 0.237775, 0.969704, 0.237775, 0, 0, -4.82047e-43, 0, 0, 0, 1.01819, 0, 0, 0
62.7002, 0.969704, 0.237775, 0.969704, 0.237775, 0, 0, -4.82047e-43, 0, 0, 0, 1.01819, 0, 0, 0
62.7501, 0.969704, 0.237775, 0.969704, 0.237775, 0, 0, -4.82047e-43, 0, 0, 0, 1.01819, 0, 0, 0
62.8001, 0.969704, 0.237775, 0.969704, 0.237775, 0, 0, -4.82047e-43, 0, 0, 0, 1.01819, 0, 0, 0
62.8501, 0.969704, 0.237775, 0.969704, 0.237775, 0, 0, -4.82047e-43, 0, 0, 0, 1.01819, 0, 0, 0
62.9001, 0.969704, 0.237775, 0.969704, 0.237775, 0, 0, -4.82047e-43, 0, 0, 0, 1.01819, 0, 0, 0
62.95, 0.969704, 0.237775, 0.969704, 0.237775, 0, 0, -4.82047e-43, 0, 0, 0, 1.01819, 0, 0, 0
63, 0.969704, 0.237775, 0.969704, 0.237775, 0, 0, -4.82047e-43, 0, 0, 0, 1.01819, 0, 0, 0
63, 0.969704, 0.237775, 0.969704, 0.237775, 0, 0, -4.82047e-43, 0, 0, 0, 1.01819, 0, 0, 0
63.05, 0.969704, 0.237775, 0.969704, 0.237775, 0, 0, -4.82047e-43, 0, 0, 0, 1.01819, 0, 0, 0
63.0999, 0.969704, 0.237775, 0.969704, 0.237775, 0, 0, -4.82047e-43, 0, 0, 0, 1.01819, 0, 0, 0
63.1499, 0.969704, 0.237775, 0.969704, 0.237775, 0, 0, -4.82047e-43, 0, 0, 0, 1.01819, 0, 0, 0
63.1999, 0.969704, 0.237775, 0.969704, 0.237775, 0, 0, -4.82047e-43, 0, 0, 0, 1.01819, 0, 0, 0
63.2499, 0.969704, 0.237775, 0.969704, 0.237775, 0, 0, -4.82047e-43, 0, 0, 0, 1.01819, 0, 0, 0
63.2998, 0.969704, 0.237775, 0.969704, 0.237775, 0, 0, -4.82047e-43, 0, 0, 0, 1.01819, 0, 0, 0
63.3498, 0.969704, 0.237775, 0.969704, 0.237775, 0, 0, -4.82047e-43, 0, 0, 0, 1.01819, 0, 0, 0
63.3998, 0.969704, 0.237775, 0.969704, 0.237775, 0, 0, -4.82047e-43, 0, 0, 0, 1.01819, 0, 0, 0
63.4498, 0.969704, 0.237775, 0.969704, 0.237775, 0, 0, -4.82047e-43, 0, 0, 0, 1.01819, 0, 0, 0
63.4997, 0.969704, 0.237775, 0.969704, 0.237775, 0, 0, -4.82047e-43, 0, 0, 0, 1.01819, 0, 0, 0
63.5497, 0.969704, 0.237775, 0.969704, 0.237775, 0, 0, -4.82047e-43, 0, 0, 0, 1.01819, 0, 0, 0
63.5997, 0.969704, 0.237775, 0.969704, 0.237775, 0, 0, -4.82047e-43, 0, 0, 0, 1.01819, 0, 0, 0
63.6496, 0.969704, 0.237775, 0.969704, 0.237775, 0, 0, -4.82047e-43, 0, 0, 0, 1.01819, 0, 0, 0
63.6996, 0.969704, 0.237775, 0.969704, 0.237775, 0, 0, -4.82047e-43, 0, 0, 0, 1.01819, 0, 0, 0
63.7496, 0.969704, 0.237775, 0.969704, 0.237775, 0, 0, -4.82047e-43, 0, 0, 0, 1.01819, 0, 0, 0
63.7996, 0.969704, 0.237775, 0.969704, 0.237775, 0, 0, -4.82047e-43, 0, 0, 0, 1.01819, 0, 0, 0
63.8495, 0.969704, 0.237775, 0.969704, 0.237775, 0, 0, -4.82047e-43, 0, 0, 0, 1.01819, 0, 0, 0
63.8995, 0.969704, 0.237775, 0.969704, 0.237775, 0, 0, -4.82047e-43, 0, 0, 0, 1.01819, 0, 0, 0
63.9495, 0.969704, 0.237775, 0.969704, 0.237775, 0, 0, -4.82047e-43, 0, 0, 0, 1.01819, 0, 0, 0
63.9995, 0.969704, 0.237775, 0.969704, 0.237775, 0, 0, -4.82047e-43, 0, 0, 0, 1.01819, 0, 0, 0
64.0005, 0.969704, 0.237775, 0.969704, 0.237775, 0, 0, -4.82047e-43, 0, 0, 0, 1.01819, 0, 0, 0
64.0005, 0.969704, 0.237775, 0.969704, 0.237775, 0, 0, -4.82047e-43, 0, 0, 0, 1.01819, 0, 0, 0
64.0504, 0.969704, 0.237775, 0.969704, 0.237775, 0, 0, -4.82047e-43, 0, 0, 0, 1.01819, 0, 0, 0
64.1004, 0.969704, 0.237775, 0.969704, 0.237775, 0, 0, -4.82047e-43, 0, 0, 0, 1.01819, 0, 0, 0
64.1504, 0.969704, 0.237775, 0.969704, 0.237775, 0, 0, -4.82047e-43, 0, 0, 0, 1.01819, 0, 0, 0
64.2003, 0.969704, 0.237775, 0.969704, 0.237775, 0, 0, -4.82047e-43, 0, 0, 0, 1.01819, 0, 0, 0
64.2503, 0.969704, 0.237775, 0.969704, 0.237775, 0, 0, -4.82047e-43, 0, 0, 0, 1.01819, 0, 0, 0
64.3003, 0.969704, 0.237775, 0.969704, 0.237775, 0, 0, -4.82047e-43, 0, 0, 0, 1.01819, 0, 0, 0
64.3503, 0.969704, 0.237775, 0.969704, 0.237775, 0, 0, -4.82047e-43, 0, 0, 0, 1.01819, 0, 0, 0
64.4002, 0.969704, 0.237775, 0.969704, 0.237775, 0, 0, -4.82047e-43, 0, 0, 0, 1.01819, 0, 0, 0
64.4502, 0.969704, 0.237775, 0.969704, 0.237775, 0, 0, -4.82047e-43, 0, 0, 0, 1.01819, 0, 0, 0
64.5002, 0.969704, 0.237775, 0.969704, 0.237775, 0, 0, -4.82047e-43, 0, 0, 0, 1.01819, 0, 0, 0
64.5502, 0.969704, 0.237775, 0.969704, 0.237775, 0, 0, -4.82047e-43, 0, 0, 0, 1.01819, 0, 0, 0
64.6001, 0.969704, 0.237775, 0.969704, 0.237775, 0, 0, -4.82047e-43, 0, 0, 0, 1.01819, 0, 0, 0
64.6501, 0.969704, 0.237775, 0.969704, 0.237775, 0, 0, -4.82047e-43, 0, 0, 0, 1.01819, 0, 0, 0
64.7001, 0.969704, 0.237775, 0.969704, 0.237775, 0, 0, -4.82047e-43, 0, 0, 0, 1.01819, 0, 0, 0
64.75, 0.969704, 0.237775, 0.969704, 0.237775, 0, 0, -4.82047e-43, 0, 0, 0, 1.01819, 0, 0, 0
64.8, 0.969704, 0.237775, 0.969704, 0.237775, 0, 0, -4.82047e-43, 0, 0, 0, 1.01819, 0, 0, 0
64.85, 0.969704, 0.237775, 0.969704, 0.237775, 0, 0, -4.82047e-43, 0, 0, 0, 1.01819, 0, 0, 0
64.9, 0.969704, 0.237775, 0.969704, 0.237775, 0, 0, -4.82047e-43, 0, 0, 0, 1.01819, 0, 0, 0
64.9499, 0.969704, 0.237775, 0.969704, 0.237775, 0, 0, -4.82047e-43, 0, 0, 0, 1.01819, 0, 0, 0
64.9999, 0.969704, 0.237775, 0.969704, 0.237775, 0, 0, -4.82047e-43, 0, 0, 0, 1.01819, 0, 0, 0
65.0009, 0.969704, 0.237775, 0.969704, 0.237775, 0, 0, -4.82047e-43, 0, 0, 0, 1.01819, 0, 0, 0
65.0009, 0.969704, 0.237775, 0.969704, 0.237775, 0, 0, -4.82047e-43, 0, 0, 0, 1.01819, 0, 0, 0
65.0509, 0.969704, 0.237775, 0.969704, 0.237775, 0, 0, -4.82047e-43, 0, 0, 0, 1.01819, 0, 0, 0
65.1009, 0.969704, 0.237775, 0.969704, 0.237775, 0, 0, -4.82047e-43, 0, 0, 0, 1.01819, 0, 0, 0
65.1508, 0.969704, 0.237775, 0.969704, 0.237775, 0, 0, -4.82047e-43, 0, 0, 0, 1.01819, 0, 0, 0
65.2008, 0.969704, 0.237775, 0.969704, 0.237775, 0, 0, -4.82047e-43, 0, 0, 0, 1.01819, 0, 0, 0
65.2508, 0.969704, 0.237775, 0.969704, 0.237775, 0, 0, -4.82047e-43, 0, 0, 0, 1.01819, 0, 0, 0
65.3007, 0.969704, 0.237775, 0.969704, 0.237775, 0, 0, -4.82047e-43, 0, 0, 0, 1.01819, 0, 0, 0
65.3507, 0.969704, 0.237775, 0.969704, 0.237775, 0, 0, -4.82047e-43, 0, 0, 0, 1.01819, 0, 0, 0
65.4007, 0.969704, 0.237775, 0.969704, 0.237775, 0, 0, -4.82047e-43, 0, 0, 0, 1.01819, 0, 0, 0
65.4507, 0.969704, 0.237775, 0.969704, 0.237775, 0, 0, -4.82047e-43, 0, 0, 0, 1.01819, 0, 0, 0
65.5006, 0.969704, 0.237775, 0.969704, 0.237775, 0, 0, -4.82047e-43, 0, 0, 0, 1.01819, 0, 0, 0
65.5506, 0.969704, 0.237775, 0.969704, 0.237775, 0, 0, -4.82047e-43, 0, 0, 0, 1.01819, 0, 0, 0
65.6006, 0.969704, 0.237775, 0.969704, 0.237775, 0, 0, -4.82047e-43, 0, 0, 0, 1.01819, 0, 0, 0
65.6506, 0.969704, 0.237775, 0.969704, 0.237775, 0, 0, -4.82047e-43, 0, 0, 0, 1.01819, 0, 0, 0
65.7005, 0.969704, 0.237775, 0.969704, 0.237775, 0, 0, -4.82047e-43, 0, 0, 0, 1.01819, 0, 0, 0
65.7505, 0.969704, 0.237775, 0.969704, 0.237775, 0, 0, -4.82047e-43, 0, 0, 0, 1.01819, 0, 0, 0
65.8005, 0.969704, 0.237775, 0.969704, 0.237775, 0, 0, -4.82047e-43, 0, 0, 0, 1.01819, 0, 0, 0
65.8504, 0.969704, 0.237775, 0.969704, 0.237775, 0, 0, -4.82047e-43, 0, 0, 0, 1.01819, 0, 0, 0
65.9004, 0.969704, 0.237775, 0.969704, 0.237775, 0, 0, -4.82047e-43, 0, 0, 0, 1.01819, 0, 0, 0
65.9504, 0.969704, 0.237775, 0.969704, 0.237775, 0, 0, -4.82047e-43, 0, 0, 0, 1.01819, 0, 0, 0
66.0004, 0.969704, 0.237775, 0.969704, 0.237775, 0, 0, -4.82047e-43, 0, 0, 0, 1.01819, 0, 0, 0
66.0004, 0.969704, 0.237775, 0.969704, 0.237775, 0, 0, -4.82047e-43, 0, 0, 0, 1.01819, 0, 0, 0
66.0503, 0.969704, 0.237775, 0.969704, 0.237775, 0, 0, -4.82047e-43, 0, 0, 0, 1.01819, 0, 0, 0
66.1003, 0.969704, 0.237775, 0.969704, 0.237775, 0, 0, -4.82047e-43, 0, 0, 0, 1.01819, 0, 0, 0
66.1503, 0.969704, 0.237775, 0.969704, 0.237775, 0, 0, -4.82047e-43, 0, 0, 0, 1.01819, 0, 0, 0
66.2002, 0.969704, 0.237775, 0.969704, 0.237775, 0, 0, -4.82047e-43, 0, 0, 0, 1.01819, 0, 0, 0
66.2502, 0.969704, 0.237775, 0.969704, 0.237775, 0, 0, -4.82047e-43, 0, 0, 0, 1.01819, 0, 0, 0
66.3002, 0.969704, 0.237775, 0.969704, 0.237775, 0, 0, -4.82047e-43, 0, 0, 0, 1.01819, 0, 0, 0
66.3502, 0.969704, 0.237775, 0.969704, 0.237775, 0, 0, -4.82047e-43, 0, 0, 0, 1.01819, 0, 0, 0
66.4001, 0.969704, 0.237775, 0.969704, 0.237775, 0, 0, -4.82047e-43, 0, 0, 0, 1.01819, 0, 0, 0
66.4501, 0.969704, 0.237775, 0.969704, 0.237775, 0, 0, -4.82047e-43, 0, 0, 0, 1.01819, 0, 0, 0
66.5001, 0.969704, 0.237775, 0.969704, 0.237775, 0, 0, -4.82047e-43, 0, 0, 0, 1.01819, 0, 0, 0
66.5501, 0.969704, 0.237775, 0.969704, 0.237775, 0, 0, -4.82047e-43, 0, 0, 0, 1.01819, 0, 0, 0
66.6, 0.969704, 0.237775, 0.969704, 0.237775, 0, 0, -4.82047e-43, 0, 0, 0, 1.01819, 0, 0, 0
66.65, 0.969704, 0.237775, 0.969704, 0.237775, 0, 0, -4.82047e-43, 0, 0, 0, 1.01819, 0, 0, 0
66.7, 0.969704, 0.237775, 0.969704, 0.237775, 0, 0, -4.82047e-43, 0, 0, 0, 1.01819, 0, 0, 0
66.7499, 0.969704, 0.237775, 0.969704, 0.237775, 0, 0, -4.82047e-43, 0, 0, 0, 1.01819, 0, 0, 0
66.7999, 0.969704, 0.237775, 0.969704, 0.237775, 0, 0, -4.82047e-43, 0, 0, 0, 1.01819, 0, 0, 0
66.8499, 0.969704, 0.237775, 0.969704, 0.237775, 0, 0, -4.82047e-43, 0, 0, 0, 1.01819, 0, 0, 0
66.8999, 0.969704, 0.237775, 0.969704, 0.237775, 0, 0, -4.82047e-43, 0, 0, 0, 1.01819, 0, 0, 0
66.9498, 0.969704, 0.237775, 0.969704, 0.237775, 0, 0, -4.82047e-43, 0, 0, 0, 1.01819, 0, 0, 0
66.9998, 0.969704, 0.237775, 0.969704, 0.237775, 0, 0, -4.82047e-43, 0, 0, 0, 1.01819, 0, 0, 0
67.0008, 0.969704, 0.237775, 0.969704, 0.237775, 0, 0, -4.82047e-43, 0, 0, 0, 1.01819, 0, 0, 0
67.0008, 0.969704, 0.237775, 0.969704, 0.237775, 0, 0, -4.82047e-43, 0, 0, 0, 1.01819, 0, 0, 0
67.0508, 0.969704, 0.237775, 0.969704, 0.237775, 0, 0, -4.82047e-43, 0, 0, 0, 1.01819, 0, 0, 0
67.1008, 0.969704, 0.237775, 0.969704, 0.237775, 0, 0, -4.82047e-43, 0, 0, 0, 1.01819, 0, 0, 0
67.1507, 0.969704, 0.237775, 0.969704, 0.237775, 0, 0, -4.82047e-43, 0, 0, 0, 1.01819, 0, 0, 0
67.2007, 0.969704, 0.237775, 0.969704, 0.237775, 0, 0, -4.82047e-43, 0, 0, 0, 1.01819, 0, 0, 0
67.2507, 0.969704, 0.237775, 0.969704, 0.237775, 0, 0, -4.82047e-43, 0, 0, 0, 1.01819, 0, 0, 0
67.3006, 0.969704, 0.237775, 0.969704, 0.237775, 0, 0, -4.82047e-43, 0, 0, 0, 1.01819, 0, 0, 0
67.3506, 0.969704, 0.237775, 0.969704, 0.237775, 0, 0, -4.82047e-43, 0, 0, 0, 1.01819, 0, 0, 0
67.4006, 0.969704, 0.237775, 0.969704, 0.237775, 0, 0, -4.82047e-43, 0, 0, 0, 1.01819, 0, 0, 0
67.4506, 0.969704, 0.237775, 0.969704, 0.237775, 0, 0, -4.82047e-43, 0, 0, 0, 1.01819, 0, 0, 0
67.5005, 0.969704, 0.237775, 0.969704, 0.237775, 0, 0, -4.82047e-43, 0, 0, 0, 1.01819, 0, 0, 0
67.5505, 0.969704, 0.237775, 0.969704, 0.237775, 0, 0, -4.82047e-43, 0, 0, 0, 1.01819, 0, 0, 0
67.6005, 0.969704, 0.237775, 0.969704, 0.237775, 0, 0, -4.82047e-43, 0, 0, 0, 1.01819, 0, 0, 0
67.6505, 0.969704, 0.237775, 0.969704, 0.237775, 0, 0, -4.82047e-43, 0, 0, 0, 1.01819, 0, 0, 0
67.7004, 0.969704, 0.237775, 0.969704, 0.237775, 0, 0, -4.82047e-43, 0, 0, 0, 1.01819, 0, 0, 0
67.7504, 0.969704, 0.237775, 0.969704, 0.237775, 0, 0, -4.82047e-43, 0, 0, 0, 1.01819, 0, 0, 0
67.8004, 0.969704, 0.237775, 0.969704, 0.237775, 0, 0, -4.82047e-43, 0, 0, 0, 1.01819, 0, 0, 0
67.8503, 0.969704, 0.237775, 0.969704, 0.237775, 0, 0, -4.82047e-43, 0, 0, 0, 1.01819, 0, 0, 0
67.9003, 0.969704, 0.237775, 0.969704, 0.237775, 0, 0, -4.82047e-43, 0, 0, 0, 1.01819, 0, 0, 0
67.9503, 0.969704, 0.237775, 0.969704, 0.237775, 0, 0, -4.82047e-43, 0, 0, 0, 1.01819, 0, 0, 0
68.0003, 0.969704, 0.237775, 0.969704, 0.237775, 0, 0, -4.82047e-43, 0, 0, 0, 1.01819, 0, 0, 0
68.0003, 0.969704, 0.237775, 0.969704, 0.237775, 0, 0, -4.82047e-43, 0, 0, 0, 1.01819, 0, 0, 0
68.0502, 0.969704, 0.237775, 0.969704, 0.237775, 0, 0, -4.82047e-43, 0, 0, 0, 1.01819, 0, 0, 0
68.1002, 0.969704, 0.237775, 0.969704, 0.237775, 0, 0, -4.82047e-43, 0, 0, 0, 1.01819, 0, 0, 0
68.1502, 0.969704, 0.237775, 0.969704, 0.237775, 0, 0, -4.82047e-43, 0, 0, 0, 1.01819, 0, 0, 0
68.2001, 0.969704, 0.237775, 0.969704, 0.237775, 0, 0, -4.82047e-43, 0, 0, 0, 1.01819, 0, 0, 0
68.2501, 0.969704, 0.237775, 0.969704, 0.237775, 0, 0, -4.82047e-43, 0, 0, 0, 1.01819, 0, 0, 0
68.3001, 0.969704, 0.237775, 0.969704, 0.237775, 0, 0, -4.82047e-43, 0, 0, 0, 1.01819, 0, 0, 0
68.3501, 0.969704, 0.237775, 0.969704, 0.237775, 0, 0, -4.82047e-43, 0, 0, 0, 1.01819, 0, 0, 0
68.4, 0.969704, 0.237775, 0.969704, 0.237775, 0, 0, -4.82047e-43, 0, 0, 0, 1.01819, 0, 0, 0
68.45, 0.969704, 0.237775, 0.969704, 0.237775, 0, 0, -4.82047e-43, 0, 0, 0, 1.01819, 0, 0, 0
68.5, 0.969704, 0.237775, 0.969704, 0.237775, 0, 0, -4.82047e-43, 0, 0, 0, 1.01819, 0, 0, 0
68.55, 0.969704, 0.237775, 0.969704, 0.237775, 0, 0, -4.82047e-43, 0, 0, 0, 1.01819, 0, 0, 0
68.5999, 0.969704, 0.237775, 0.969704, 0.237775, 0, 0, -4.82047e-43, 0, 0, 0, 1.01819, 0, 0, 0
68.6499, 0.969704, 0.237775, 0.969704, 0.237775, 0, 0, -4.82047e-43, 0, 0, 0, 1.01819, 0, 0, 0
68.6999, 0.969704, 0.237775, 0.969704, 0.237775, 0, 0, -4.82047e-43, 0, 0, 0, 1.01819, 0, 0, 0
68.7498, 0.969704, 0.237775, 0.969704, 0.237775, 0, 0, -4.82047e-43, 0, 0, 0, 1.01819, 0, 0, 0
68.7998, 0.969704, 0.237775, 0.969704, 0.237775, 0, 0, -4.82047e-43, 0, 0, 0, 1.01819, 0, 0, 0
68.8498, 0.969704, 0.237775, 0.969704, 0.237775, 0, 0, -4.82047e-43, 0, 0, 0, 1.01819, 0, 0, 0
68.8998, 0.969704, 0.237775, 0.969704, 0.237775, 0, 0, -4.82047e-43, 0, 0, 0, 1.01819, 0, 0, 0
68.9497, 0.969704, 0.237775, 0.969704, 0.237775, 0, 0, -4.82047e-43, 0, 0, 0, 1.01819, 0, 0, 0
68.9997, 0.969704, 0.237775, 0.969704, 0.237775, 0, 0, -4.82047e-43, 0, 0, 0, 1.01819, 0, 0, 0
69.0007, 0.969704, 0.237775, 0.969704, 0.237775, 0, 0, -4.82047e-43, 0, 0, 0, 1.01819, 0, 0, 0
69.0007, 0.969704, 0.237775, 0.969704, 0.237775, 0, 0, -4.82047e-43, 0, 0, 0, 1.01819, 0, 0, 0
69.0507, 0.969704, 0.237775, 0.969704, 0.237775, 0, 0, -4.82047e-43, 0, 0, 0, 1.01819, 0, 0, 0
69.1007, 0.969704, 0.237775, 0.969704, 0.237775, 0, 0, -4.82047e-43, 0, 0, 0, 1.01819, 0, 0, 0
69.1506, 0.969704, 0.237775, 0.969704, 0.237775, 0, 0, -4.82047e-43, 0, 0, 0, 1.01819, 0, 0, 0
69.2006, 0.969704, 0.237775, 0.969704, 0.237775, 0, 0, -4.82047e-43, 0, 0, 0, 1.01819, 0, 0, 0
69.2506, 0.969704, 0.237775, 0.969704, 0.237775, 0, 0, -4.82047e-43, 0, 0, 0, 1.01819, 0, 0, 0
69.3005, 0.969704, 0.237775, 0.969704, 0.237775, 0, 0, -4.82047e-43, 0, 0, 0, 1.01819, 0, 0, 0
69.3505, 0.969704, 0.237775, 0.969704, 0.237775, 0, 0, -4.82047e-43, 0, 0, 0, 1.01819, 0, 0, 0
69.4005, 0.969704, 0.237775, 0.969704, 0.237775, 0, 0, -4.82047e-43, 0, 0, 0, 1.01819, 0, 0, 0
69.4505, 0.969704, 0.237775, 0.969704, 0.237775, 0, 0, -4.82047e-43, 0, 0, 0, 1.01819, 0, 0, 0
69.5004, 0.969704, 0.237775, 0.969704, 0.237775, 0, 0, -4.82047e-43, 0, 0, 0, 1.01819, 0, 0, 0
69.5504, 0.969704, 0.237775, 0.969704, 0.237775, 0, 0, -4.82047e-43, 0, 0, 0, 1.01819, 0, 0, 0
69.6004, 0.969704, 0.237775, 0.969704, 0.237775, 0, 0, -4.82047e-43, 0, 0, 0, 1.01819, 0, 0, 0
69.6504, 0.969704, 0.237775, 0.969704, 0.237775, 0, 0, -4.82047e-43, 0, 0, 0, 1.01819, 0, 0, 0
69.7003, 0.969704, 0.237775, 0.969704, 0.237775, 0, 0, -4.82047e-43, 0, 0, 0, 1.01819, 0, 0, 0
69.7503, 0.969704, 0.237775, 0.969704, 0.237775, 0, 0, -4.82047e-43, 0, 0, 0, 1.01819, 0, 0, 0
69.8003, 0.969704, 0.237775, 0.969704, 0.237775, 0, 0, -4.82047e-43, 0, 0, 0, 1.01819, 0, 0, 0
69.8502, 0.969704, 0.237775, 0.969704, 0.237775, 0, 0, -4.82047e-43, 0, 0, 0, 1.01819, 0, 0, 0
69.9002, 0.969704, 0.237775, 0.969704, 0.237775, 0, 0, -4.82047e-43, 0, 0, 0, 1.01819, 0, 0, 0
69.9502, 0.969704, 0.237775, 0.969704, 0.237775, 0, 0, -4.82047e-43, 0, 0, 0, 1.01819, 0, 0, 0
70.0002, 0.969704, 0.237775, 0.969704, 0.237775, 0, 0, -4.82047e-43, 0, 0, 0, 1.01819, 0, 0, 0
70.0002, 0.969704, 0.237775, 0.969704, 0.237775, 0, 0, -4.82047e-43, 0, 0, 0, 1.01819, 0, 0, 0
70.0501, 0.969704, 0.237775, 0.969704, 0.237775, 0, 0, -4.82047e-43, 0, 0, 0, 1.01819, 0, 0, 0
70.1001, 0.969704, 0.237775, 0.969704, 0.237775, 0, 0, -4.82047e-43, 0, 0, 0, 1.01819, 0, 0, 0
70.1501, 0.969704, 0.237775, 0.969704, 0.237775, 0, 0, -4.82047e-43, 0, 0, 0, 1.01819, 0, 0, 0
70.2001, 0.969704, 0.237775, 0.969704, 0.237775, 0, 0, -4.82047e-43, 0, 0, 0, 1.01819, 0, 0, 0
70.25, 0.969704, 0.237775, 0.969704, 0.237775, 0, 0, -4.82047e-43, 0, 0, 0, 1.01819, 0, 0, 0
70.3, 0.969704, 0.237775, 0.969704, 0.237775, 0, 0, -4.82047e-43, 0, 0, 0, 1.01819, 0, 0, 0
70.35, 0.969704, 0.237775, 0.969704, 0.237775, 0, 0, -4.82047e-43, 0, 0, 0, 1.01819, 0, 0, 0
70.3999, 0.969704, 0.237775, 0.969704, 0.237775, 0, 0, -4.82047e-43, 0, 0, 0, 1.01819, 0, 0, 0
70.4499, 0.969704, 0.237775, 0.969704, 0.237775, 0, 0, -4.82047e-43, 0, 0, 0, 1.01819, 0, 0, 0
70.4999, 0.969704, 0.237775, 0.969704, 0.237775, 0, 0, -4.82047e-43, 0, 0, 0, 1.01819, 0, 0, 0
70.5499, 0.969704, 0.237775, 0.969704, 0.237775, 0, 0, -4.82047e-43, 0, 0, 0, 1.01819, 0, 0, 0
70.5998, 0.969704, 0.237775, 0.969704, 0.237775, 0, 0, -4.82047e-43, 0, 0, 0, 1.01819, 0, 0, 0
70.6498, 0.969704, 0.237775, 0.969704, 0.237775, 0, 0, -4.82047e-43, 0, 0, 0, 1.01819, 0, 0, 0
70.6998, 0.969704, 0.237775, 0.969704, 0.237775, 0, 0, -4.82047e-43, 0, 0, 0, 1.01819, 0, 0, 0
70.7497, 0.969704, 0.237775, 0.969704, 0.237775, 0, 0, -4.82047e-43, 0, 0, 0, 1.01819, 0, 0, 0
70.7997, 0.969704, 0.237775, 0.969704, 0.237775, 0, 0, -4.82047e-43, 0, 0, 0, 1.01819, 0, 0, 0
70.8497, 0.969704, 0.237775, 0.969704, 0.237775, 0, 0, -4.82047e-43, 0, 0, 0, 1.01819, 0, 0, 0
70.8997, 0.969704, 0.237775, 0.969704, 0.237775, 0, 0, -4.82047e-43, 0, 0, 0, 1.01819, 0, 0, 0
70.9496, 0.969704, 0.237775, 0.969704, 0.237775, 0, 0, -4.82047e-43, 0, 0, 0, 1.01819, 0, 0, 0
70.9996, 0.969704, 0.237775, 0.969704, 0.237775, 0, 0, -4.82047e-43, 0, 0, 0, 1.01819, 0, 0, 0
71.0006, 0.969704, 0.237775, 0.969704, 0.237775, 0, 0, -4.82047e-43, 0, 0, 0, 1.01819, 0, 0, 0
71.0006, 0.969704, 0.237775, 0.969704, 0.237775, 0, 0, -4.82047e-43, 0, 0, 0, 1.01819, 0, 0, 0
71.0506, 0.969704, 0.237775, 0.969704, 0.237775, 0, 0, -4.82047e-43, 0, 0, 0, 1.01819, 0, 0, 0
71.1006, 0.969704, 0.237775, 0.969704, 0.237775, 0, 0, -4.82047e-43, 0, 0, 0, 1.01819, 0, 0, 0
71.1505, 0.969704, 0.237775, 0.969704, 0.237775, 0, 0, -4.82047e-43, 0, 0, 0, 1.01819, 0, 0, 0
71.2005, 0.969704, 0.237775, 0.969704, 0.237775, 0, 0, -4.82047e-43, 0, 0, 0, 1.01819, 0, 0, 0
71.2505, 0.969704, 0.237775, 0.969704, 0.237775, 0, 0, -4.82047e-43, 0, 0, 0, 1.01819, 0, 0, 0
71.3004, 0.969704, 0.237775, 0.969704, 0.237775, 0, 0, -4.82047e-43, 0, 0, 0, 1.01819, 0, 0, 0
71.3504, 0.969704, 0.237775, 0.969704, 0.237775, 0, 0, -4.82047e-43, 0, 0, 0, 1.01819, 0, 0, 0
71.4004, 0.969704, 0.237775, 0.969704, 0.237775, 0, 0, -4.82047e-43, 0, 0, 0, 1.01819, 0, 0, 0
71.4504, 0.969704, 0.237775, 0.969704, 0.237775, 0, 0, -4.82047e-43, 0, 0, 0, 1.01819, 0, 0, 0
71.5003, 0.969704, 0.237775, 0.969704, 0.237775, 0, 0, -4.82047e-43, 0, 0, 0, 1.01819, 0, 0, 0
71.5503, 0.969704, 0.237775, 0.969704, 0.237775, 0, 0, -4.82047e-43, 0, 0, 0, 1.01819, 0, 0, 0
71.6003, 0.969704, 0.237775, 0.969704, 0.237775, 0, 0, -4.82047e-43, 0, 0, 0, 1.01819, 0, 0, 0
71.6503, 0.969704, 0.237775, 0.969704, 0.237775, 0, 0, -4.82047e-43, 0, 0, 0, 1.01819, 0, 0, 0
71.7002, 0.969704, 0.237775, 0.969704, 0.237775, 0, 0, -4.82047e-43, 0, 0, 0, 1.01819, 0, 0, 0
71.7502, 0.969704, 0.237775, 0.969704, 0.237775, 0, 0, -4.82047e-43, 0, 0, 0, 1.01819, 0, 0, 0
71.8002, 0.969704, 0.237775, 0.969704, 0.237775, 0, 0, -4.82047e-43, 0, 0, 0, 1.01819, 0, 0, 0
71.8501, 0.969704, 0.237775, 0.969704, 0.237775, 0, 0, -4.82047e-43, 0, 0, 0, 1.01819, 0, 0, 0
71.9001, 0.969704, 0.237775, 0.969704, 0.237775, 0, 0, -4.82047e-43, 0, 0, 0, 1.01819, 0, 0, 0
71.9501, 0.969704, 0.237775, 0.969704, 0.237775, 0, 0, -4.82047e-43, 0, 0, 0, 1.01819, 0, 0, 0
72.0001, 0.969704, 0.237775, 0.969704, 0.237775, 0, 0, -4.82047e-43, 0, 0, 0, 1.01819, 0, 0, 0
72.0001, 0.969704, 0.237775, 0.969704, 0.237775, 0, 0, -4.82047e-43, 0, 0, 0, 1.01819, 0, 0, 0
72.05, 0.969704, 0.237775, 0.969704, 0.237775, 0, 0, -4.82047e-43, 0, 0, 0, 1.01819, 0, 0, 0
72.1, 0.969704, 0.237775, 0.969704, 0.237775, 0, 0, -4.82047e-43, 0, 0, 0, 1.01819, 0, 0, 0
72.15, 0.969704, 0.237775, 0.969704, 0.237775, 0, 0, -4.82047e-43, 0, 0, 0, 1.01819, 0, 0, 0
72.2, 0.969704, 0.237775, 0.969704, 0.237775, 0, 0, -4.82047e-43, 0, 0, 0, 1.01819, 0, 0, 0
72.2499, 0.969704, 0.237775, 0.969704, 0.237775, 0, 0, -4.82047e-43, 0, 0, 0, 1.01819, 0, 0, 0
72.2999, 0.969704, 0.237775, 0.969704, 0.237775, 0, 0, -4.82047e-43, 0, 0, 0, 1.01819, 0, 0, 0
72.3499, 0.969704, 0.237775, 0.969704, 0.237775, 0, 0, -4.82047e-43, 0, 0, 0, 1.01819, 0, 0, 0
72.3998, 0.969704, 0.237775, 0.969704, 0.237775, 0, 0, -4.82047e-43, 0, 0, 0, 1.01819, 0, 0, 0
72.4498, 0.969704, 0.237775, 0.969704, 0.237775, 0, 0, -4.82047e-43, 0, 0, 0, 1.01819, 0, 0, 0
72.4998, 0.969704, 0.237775, 0.969704, 0.237775, 0, 0, -4.82047e-43, 0, 0, 0, 1.01819, 0, 0, 0
72.5498, 0.969704, 0.237775, 0.969704, 0.237775, 0, 0, -4.82047e-43, 0, 0, 0, 1.01819, 0, 0, 0
72.5997, 0.969704, 0.237775, 0.969704, 0.237775, 0, 0, -4.82047e-43, 0, 0, 0, 1.01819, 0, 0, 0
72.6497, 0.969704, 0.237775, 0.969704, 0.237775, 0, 0, -4.82047e-43, 0, 0, 0, 1.01819, 0, 0, 0
72.6997, 0.969704, 0.237775, 0.969704, 0.237775, 0, 0, -4.82047e-43, 0, 0, 0, 1.01819, 0, 0, 0
72.7496, 0.969704, 0.237775, 0.969704, 0.237775, 0, 0, -4.82047e-43, 0, 0, 0, 1.01819, 0, 0, 0
72.7996, 0.969704, 0.237775, 0.969704, 0.237775, 0, 0, -4.82047e-43, 0, 0, 0, 1.01819, 0, 0, 0
72.8496, 0.969704, 0.237775, 0.969704, 0.237775, 0, 0, -4.82047e-43, 0, 0, 0, 1.01819, 0, 0, 0
72.8996, 0.969704, 0.237775, 0.969704, 0.237775, 0, 0, -4.82047e-43, 0, 0, 0, 1.01819, 0, 0, 0
72.9495, 0.969704, 0.237775, 0.969704, 0.237775, 0, 0, -4.82047e-43, 0, 0, 0, 1.01819, 0, 0, 0
72.9995, 0.969704, 0.237775, 0.969704, 0.237775, 0, 0, -4.82047e-43, 0, 0, 0, 1.01819, 0, 0, 0
73.0005, 0.969704, 0.237775, 0.969704, 0.237775, 0, 0, -4.82047e-43, 0, 0, 0, 1.01819, 0, 0, 0
73.0005, 0.969704, 0.237775, 0.969704, 0.237775, 0, 0, -4.82047e-43, 0, 0, 0, 1.01819, 0, 0, 0
73.0505, 0.969704, 0.237775, 0.969704, 0.237775, 0, 0, -4.82047e-43, 0, 0, 0, 1.01819, 0, 0, 0
73.1005, 0.969704, 0.237775, 0.969704, 0.237775, 0, 0, -4.82047e-43, 0, 0, 0, 1.01819, 0, 0, 0
73.1504, 0.969704, 0.237775, 0.969704, 0.237775, 0, 0, -4.82047e-43, 0, 0, 0, 1.01819, 0, 0, 0
73.2004, 0.969704, 0.237775, 0.969704, 0.237775, 0, 0, -4.82047e-43, 0, 0, 0, 1.01819, 0, 0, 0
73.2504, 0.969704, 0.237775, 0.969704, 0.237775, 0, 0, -4.82047e-43, 0, 0, 0, 1.01819, 0, 0, 0
73.3003, 0.969704, 0.237775, 0.969704, 0.237775, 0, 0, -4.82047e-43, 0, 0, 0, 1.01819, 0, 0, 0
73.3503, 0.969704, 0.237775, 0.969704, 0.237775, 0, 0, -4.82047e-43, 0, 0, 0, 1.01819, 0, 0, 0
73.4003, 0.969704, 0.237775, 0.969704, 0.237775, 0, 0, -4.82047e-43, 0, 0, 0, 1.01819, 0, 0, 0
73.4503, 0.969704, 0.237775, 0.969704, 0.237775, 0, 0, -4.82047e-43, 0, 0, 0, 1.01819, 0, 0, 0
73.5002, 0.969704, 0.237775, 0.969704, 0.237775, 0, 0, -4.82047e-43, 0, 0, 0, 1.01819, 0, 0, 0
73.5502, 0.969704, 0.237775, 0.969704, 0.237775, 0, 0, -4.82047e-43, 0, 0, 0, 1.01819, 0, 0, 0
73.6002, 0.969704, 0.237775, 0.969704, 0.237775, 0, 0, -4.82047e-43, 0, 0, 0, 1.01819, 0, 0, 0
73.6502, 0.969704, 0.237775, 0.969704, 0.237775, 0, 0, -4.82047e-43, 0, 0, 0, 1.01819, 0, 0, 0
73.7001, 0.969704, 0.237775, 0.969704, 0.237775, 0, 0, -4.82047e-43, 0, 0, 0, 1.01819, 0, 0, 0
73.7501, 0.969704, 0.237775, 0.969704, 0.237775, 0, 0, -4.82047e-43, 0, 0, 0, 1.01819, 0, 0, 0
73.8001, 0.969704, 0.237775, 0.969704, 0.237775, 0, 0, -4.82047e-43, 0, 0, 0, 1.01819, 0, 0, 0
73.85, 0.969704, 0.237775, 0.969704, 0.237775, 0, 0, -4.82047e-43, 0, 0, 0, 1.01819, 0, 0, 0
73.9, 0.969704, 0.237775, 0.969704, 0.237775, 0, 0, -4.82047e-43, 0, 0, 0, 1.01819, 0, 0, 0
73.95, 0.969704, 0.237775, 0.969704, 0.237775, 0, 0, -4.82047e-43, 0, 0, 0, 1.01819, 0, 0, 0
74, 0.969704, 0.237775, 0.969704, 0.237775, 0, 0, -4.82047e-43, 0, 0, 0, 1.01819, 0, 0, 0
74.001, 0.969704, 0.237775, 0.969704, 0.237775, 0, 0, -4.82047e-43, 0, 0, 0, 1.01819, 0, 0, 0
74.001, 0.969704, 0.237775, 0.969704, 0.237775, 0, 0, -4.82047e-43, 0, 0, 0, 1.01819, 0, 0, 0
74.0509, 0.969704, 0.237775, 0.969704, 0.237775, 0, 0, -4.82047e-43, 0, 0, 0, 1.01819, 0, 0, 0
74.1009, 0.969704, 0.237775, 0.969704, 0.237775, 0, 0, -4.82047e-43, 0, 0, 0, 1.01819, 0, 0, 0
74.1509, 0.969704, 0.237775, 0.969704, 0.237775, 0, 0, -4.82047e-43, 0, 0, 0, 1.01819, 0, 0, 0
74.2009, 0.969704, 0.237775, 0.969704, 0.237775, 0, 0, -4.82047e-43, 0, 0, 0, 1.01819, 0, 0, 0
74.2508, 0.969704, 0.237775, 0.969704, 0.237775, 0, 0, -4.82047e-43, 0, 0, 0, 1.01819, 0, 0, 0
74.3008, 0.969704, 0.237775, 0.969704, 0.237775, 0, 0, -4.82047e-43, 0, 0, 0, 1.01819, 0, 0, 0
74.3508, 0.969704, 0.237775, 0.969704, 0.237775, 0, 0, -4.82047e-43, 0, 0, 0, 1.01819, 0, 0, 0
74.4007, 0.969704, 0.237775, 0.969704, 0.237775, 0, 0, -4.82047e-43, 0, 0, 0, 1.01819, 0, 0, 0
74.4507, 0.969704, 0.237775, 0.969704, 0.237775, 0, 0, -4.82047e-43, 0, 0, 0, 1.01819, 0, 0, 0
74.5007, 0.969704, 0.237775, 0.969704, 0.237775, 0, 0, -4.82047e-43, 0, 0, 0, 1.01819, 0, 0, 0
74.5507, 0.969704, 0.237775, 0.969704, 0.237775, 0, 0, -4.82047e-43, 0, 0, 0, 1.01819, 0, 0, 0
74.6006, 0.969704, 0.237775, 0.969704, 0.237775, 0, 0, -4.82047e-43, 0, 0, 0, 1.01819, 0, 0, 0
74.6506, 0.969704, 0.237775, 0.969704, 0.237775, 0, 0, -4.82047e-43, 0, 0, 0, 1.01819, 0, 0, 0
74.7006, 0.969704, 0.237775, 0.969704, 0.237775, 0, 0, -4.82047e-43, 0, 0, 0, 1.01819, 0, 0, 0
74.7505, 0.969704, 0.237775, 0.969704, 0.237775, 0, 0, -4.82047e-43, 0, 0, 0, 1.01819, 0, 0, 0
74.8005, 0.969704, 0.237775, 0.969704, 0.237775, 0, 0, -4.82047e-43, 0, 0, 0, 1.01819, 0, 0, 0
74.8505, 0.969704, 0.237775, 0.969704, 0.237775, 0, 0, -4.82047e-43, 0, 0, 0, 1.01819, 0, 0, 0
74.9005, 0.969704, 0.237775, 0.969704, 0.237775, 0, 0, -4.82047e-43, 0, 0, 0, 1.01819, 0, 0, 0
74.9504, 0.969704, 0.237775, 0.969704, 0.237775, 0, 0, -4.82047e-43, 0, 0, 0, 1.01819, 0, 0, 0
75.0004, 0.969704, 0.237775, 0.969704, 0.237775, 0, 0, -4.82047e-43, 0, 0, 0, 1.01819, 0, 0, 0
75.0004, 0.969704, 0.237775, 0.969704, 0.237775, 0, 0, -4.82047e-43, 0, 0, 0, 1.01819, 0, 0, 0
75.0504, 0.969704, 0.237775, 0.969704, 0.237775, 0, 0, -4.82047e-43, 0, 0, 0, 1.01819, 0, 0, 0
75.1004, 0.969704, 0.237775, 0.969704, 0.237775, 0, 0, -4.82047e-43, 0, 0, 0, 1.01819, 0, 0, 0
75.1503, 0.969704, 0.237775, 0.969704, 0.237775, 0, 0, -4.82047e-43, 0, 0, 0, 1.01819, 0, 0, 0
75.2003, 0.969704, 0.237775, 0.969704, 0.237775, 0, 0, -4.82047e-43, 0, 0, 0, 1.01819, 0, 0, 0
75.2503, 0.969704, 0.237775, 0.969704, 0.237775, 0, 0, -4.82047e-43, 0, 0, 0, 1.01819, 0, 0, 0
75.3002, 0.969704, 0.237775, 0.969704, 0.237775, 0, 0, -4.82047e-43, 0, 0, 0, 1.01819, 0, 0, 0
75.3502, 0.969704, 0.237775, 0.969704, 0.237775, 0, 0, -4.82047e-43, 0, 0, 0, 1.01819, 0, 0, 0
75.4002, 0.969704, 0.237775, 0.969704, 0.237775, 0, 0, -4.82047e-43, 0, 0, 0, 1.01819, 0, 0, 0
75.4502, 0.969704, 0.237775, 0.969704, 0.237775, 0, 0, -4.82047e-43, 0, 0, 0, 1.01819, 0, 0, 0
75.5001, 0.969704, 0.237775, 0.969704, 0.237775, 0, 0, -4.82047e-43, 0, 0, 0, 1.01819, 0, 0, 0
75.5501, 0.969704, 0.237775, 0.969704, 0.237775, 0, 0, -4.82047e-43, 0, 0, 0, 1.01819, 0, 0, 0
75.6001, 0.969704, 0.237775, 0.969704, 0.237775, 0, 0, -4.82047e-43, 0, 0, 0, 1.01819, 0, 0, 0
75.6501, 0.969704, 0.237775, 0.969704, 0.237775, 0, 0, -4.82047e-43, 0, 0, 0, 1.01819, 0, 0, 0
75.7, 0.969704, 0.237775, 0.969704, 0.237775, 0, 0, -4.82047e-43, 0, 0, 0, 1.01819, 0, 0, 0
75.75, 0.969704, 0.237775, 0.969704, 0.237775, 0, 0, -4.82047e-43, 0, 0, 0, 1.01819, 0, 0, 0
75.8, 0.969704, 0.237775, 0.969704, 0.237775, 0, 0, -4.82047e-43, 0, 0, 0, 1.01819, 0, 0, 0
75.8499, 0.969704, 0.237775, 0.969704, 0.237775, 0, 0, -4.82047e-43, 0, 0, 0, 1.01819, 0, 0, 0
75.8999, 0.969704, 0.237775, 0.969704, 0.237775, 0, 0, -4.82047e-43, 0, 0, 0, 1.01819, 0, 0, 0
75.9499, 0.969704, 0.237775, 0.969704, 0.237775, 0, 0, -4.82047e-43, 0, 0, 0, 1.01819, 0, 0, 0
75.9999, 0.969704, 0.237775, 0.969704, 0.237775, 0, 0, -4.82047e-43, 0, 0, 0, 1.01819, 0, 0, 0
76.0009, 0.969704, 0.237775, 0.969704, 0.237775, 0, 0, -4.82047e-43, 0, 0, 0, 1.01819, 0, 0, 0
76.0009, 0.969704, 0.237775, 0.969704, 0.237775, 0, 0, -4.82047e-43, 0, 0, 0, 1.01819, 0, 0, 0
76.0508, 0.969704, 0.237775, 0.969704, 0.237775, 0, 0, -4.82047e-43, 0, 0, 0, 1.01819, 0, 0, 0
76.1008, 0.969704, 0.237775, 0.969704, 0.237775, 0, 0, -4.82047e-43, 0, 0, 0, 1.01819, 0, 0, 0
76.1508, 0.969704, 0.237775, 0.969704, 0.237775, 0, 0, -4.82047e-43, 0, 0, 0, 1.01819, 0, 0, 0
76.2008, 0.969704, 0.237775, 0.969704, 0.237775, 0, 0, -4.82047e-43, 0, 0, 0, 1.01819, 0, 0, 0
76.2507, 0.969704, 0.237775, 0.969704, 0.237775, 0, 0, -4.82047e-43, 0, 0, 0, 1.01819, 0, 0, 0
76.3007, 0.969704, 0.237775, 0.969704, 0.237775, 0, 0, -4.82047e-43, 0, 0, 0, 1.01819, 0, 0, 0
76.3507, 0.969704, 0.237775, 0.969704, 0.237775, 0, 0, -4.82047e-43, 0, 0, 0, 1.01819, 0, 0, 0
76.4006, 0.969704, 0.237775, 0.969704, 0.237775, 0, 0, -4.82047e-43, 0, 0, 0, 1.01819, 0, 0, 0
76.4506, 0.969704, 0.237775, 0.969704, 0.237775, 0, 0, -4.82047e-43, 0, 0, 0, 1.01819, 0, 0, 0
76.5006, 0.969704, 0.237775, 0.969704, 0.237775, 0, 0, -4.82047e-43, 0, 0, 0, 1.01819, 0, 0, 0
76.5506, 0.969704, 0.237775, 0.969704, 0.237775, 0, 0, -4.82047e-43, 0, 0, 0, 1.01819, 0, 0, 0
76.6005, 0.969704, 0.237775, 0.969704, 0.237775, 0, 0, -4.82047e-43, 0, 0, 0, 1.01819, 0, 0, 0
76.6505, 0.969704, 0.237775, 0.969704, 0.237775, 0, 0, -4.82047e-43, 0, 0, 0, 1.01819, 0, 0, 0
76.7005, 0.969704, 0.237775, 0.969704, 0.237775, 0, 0, -4.82047e-43, 0, 0, 0, 1.01819, 0, 0, 0
76.7505, 0.969704, 0.237775, 0.969704, 0.237775, 0, 0, -4.82047e-43, 0, 0, 0, 1.01819, 0, 0, 0
76.8004, 0.969704, 0.237775, 0.969704, 0.237775, 0, 0, -4.82047e-43, 0, 0, 0, 1.01819, 0, 0, 0
76.8504, 0.969704, 0.237775, 0.969704, 0.237775, 0, 0, -4.82047e-43, 0, 0, 0, 1.01819, 0, 0, 0
76.9004, 0.969704, 0.237775, 0.969704, 0.237775, 0, 0, -4.82047e-43, 0, 0, 0, 1.01819, 0, 0, 0
76.9503, 0.969704, 0.237775, 0.969704, 0.237775, 0, 0, -4.82047e-43, 0, 0, 0, 1.01819, 0, 0, 0
77.0003, 0.969704, 0.237775, 0.969704, 0.237775, 0, 0, -4.82047e-43, 0, 0, 0, 1.01819, 0, 0, 0
77.0003, 0.969704, 0.237775, 0.969704, 0.237775, 0, 0, -4.82047e-43, 0, 0, 0, 1.01819, 0, 0, 0
77.0503, 0.969704, 0.237775, 0.969704, 0.237775, 0, 0, -4.82047e-43, 0, 0, 0, 1.01819, 0, 0, 0
77.1003, 0.969704, 0.237775, 0.969704, 0.237775, 0, 0, -4.82047e-43, 0, 0, 0, 1.01819, 0, 0, 0
77.1502, 0.969704, 0.237775, 0.969704, 0.237775, 0, 0, -4.82047e-43, 0, 0, 0, 1.01819, 0, 0, 0
77.2002, 0.969704, 0.237775, 0.969704, 0.237775, 0, 0, -4.82047e-43, 0, 0, 0, 1.01819, 0, 0, 0
77.2502, 0.969704, 0.237775, 0.969704, 0.237775, 0, 0, -4.82047e-43, 0, 0, 0, 1.01819, 0, 0, 0
77.3001, 0.969704, 0.237775, 0.969704, 0.237775, 0, 0, -4.82047e-43, 0, 0, 0, 1.01819, 0, 0, 0
77.3501, 0.969704, 0.237775, 0.969704, 0.237775, 0, 0, -4.82047e-43, 0, 0, 0, 1.01819, 0, 0, 0
77.4001, 0.969704, 0.237775, 0.969704, 0.237775, 0, 0, -4.82047e-43, 0, 0, 0, 1.01819, 0, 0, 0
77.4501, 0.969704, 0.237775, 0.969704, 0.237775, 0, 0, -4.82047e-43, 0, 0, 0, 1.01819, 0, 0, 0
77.5, 0.969704, 0.237775, 0.969704, 0.237775, 0, 0, -4.82047e-43, 0, 0, 0, 1.01819, 0, 0, 0
77.55, 0.969704, 0.237775, 0.969704, 0.237775, 0, 0, -4.82047e-43, 0, 0, 0, 1.01819, 0, 0, 0
77.6, 0.969704, 0.237775, 0.969704, 0.237775, 0, 0, -4.82047e-43, 0, 0, 0, 1.01819, 0, 0, 0
77.65, 0.969704, 0.237775, 0.969704, 0.237775, 0, 0, -4.82047e-43, 0, 0, 0, 1.01819, 0, 0, 0
77.6999, 0.969704, 0.237775, 0.969704, 0.237775, 0, 0, -4.82047e-43, 0, 0, 0, 1.01819, 0, 0, 0
77.7499, 0.969704, 0.237775, 0.969704, 0.237775, 0, 0, -4.82047e-43, 0, 0, 0, 1.01819, 0, 0, 0
77.7999, 0.969704, 0.237775, 0.969704, 0.237775, 0, 0, -4.82047e-43, 0, 0, 0, 1.01819, 0, 0, 0
77.8498, 0.969704, 0.237775, 0.969704, 0.237775, 0, 0, -4.82047e-43, 0, 0, 0, 1.01819, 0, 0, 0
77.8998, 0.969704, 0.237775, 0.969704, 0.237775, 0, 0, -4.82047e-43, 0, 0, 0, 1.01819, 0, 0, 0
77.9498, 0.969704, 0.237775, 0.969704, 0.237775, 0, 0, -4.82047e-43, 0, 0, 0, 1.01819, 0, 0, 0
77.9998, 0.969704, 0.237775, 0.969704, 0.237775, 0, 0, -4.82047e-43, 0, 0, 0, 1.01819, 0, 0, 0
78.0008, 0.969704, 0.237775, 0.969704, 0.237775, 0, 0, -4.82047e-43, 0, 0, 0, 1.01819, 0, 0, 0
78.0008, 0.969704, 0.237775, 0.969704, 0.237775, 0, 0, -4.82047e-43, 0, 0, 0, 1.01819, 0, 0, 0
78.0507, 0.969704, 0.237775, 0.969704, 0.237775, 0, 0, -4.82047e-43, 0, 0, 0, 1.01819, 0, 0, 0
78.1007, 0.969704, 0.237775, 0.969704, 0.237775, 0, 0, -4.82047e-43, 0, 0, 0, 1.01819, 0, 0, 0
78.1507, 0.969704, 0.237775, 0.969704, 0.237775, 0, 0, -4.82047e-43, 0, 0, 0, 1.01819, 0, 0, 0
78.2007, 0.969704, 0.237775, 0.969704, 0.237775, 0, 0, -4.82047e-43, 0, 0, 0, 1.01819, 0, 0, 0
78.2506, 0.969704, 0.237775, 0.969704, 0.237775, 0, 0, -4.82047e-43, 0, 0, 0, 1.01819, 0, 0, 0
78.3006, 0.969704, 0.237775, 0.969704, 0.237775, 0, 0, -4.82047e-43, 0, 0, 0, 1.01819, 0, 0, 0
78.3506, 0.969704, 0.237775, 0.969704, 0.237775, 0, 0, -4.82047e-43, 0, 0, 0, 1.01819, 0, 0, 0
78.4005, 0.969704, 0.237775, 0.969704, 0.237775, 0, 0, -4.82047e-43, 0, 0, 0, 1.01819, 0, 0, 0
78.4505, 0.969704, 0.237775, 0.969704, 0.237775, 0, 0, -4.82047e-43, 0, 0, 0, 1.01819, 0, 0, 0
78.5005, 0.969704, 0.237775, 0.969704, 0.237775, 0, 0, -4.82047e-43, 0, 0, 0, 1.01819, 0, 0, 0
78.5505, 0.969704, 0.237775, 0.969704, 0.237775, 0, 0, -4.82047e-43, 0, 0, 0, 1.01819, 0, 0, 0
78.6004, 0.969704, 0.237775, 0.969704, 0.237775, 0, 0, -4.82047e-43, 0, 0, 0, 1.01819, 0, 0, 0
78.6504, 0.969704, 0.237775, 0.969704, 0.237775, 0, 0, -4.82047e-43, 0, 0, 0, 1.01819, 0, 0, 0
78.7004, 0.969704, 0.237775, 0.969704, 0.237775, 0, 0, -4.82047e-43, 0, 0, 0, 1.01819, 0, 0, 0
78.7504, 0.969704, 0.237775, 0.969704, 0.237775, 0, 0, -4.82047e-43, 0, 0, 0, 1.01819, 0, 0, 0
78.8003, 0.969704, 0.237775, 0.969704, 0.237775, 0, 0, -4.82047e-43, 0, 0, 0, 1.01819, 0, 0, 0
78.8503, 0.969704, 0.237775, 0.969704, 0.237775, 0, 0, -4.82047e-43, 0, 0, 0, 1.01819, 0, 0, 0
78.9003, 0.969704, 0.237775, 0.969704, 0.237775, 0, 0, -4.82047e-43, 0, 0, 0, 1.01819, 0, 0, 0
78.9502, 0.969704, 0.237775, 0.969704, 0.237775, 0, 0, -4.82047e-43, 0, 0, 0, 1.01819, 0, 0, 0
79.0002, 0.969704, 0.237775, 0.969704, 0.237775, 0, 0, -4.82047e-43, 0, 0, 0, 1.01819, 0, 0, 0
79.0002, 0.969704, 0.237775, 0.969704, 0.237775, 0, 0, -4.82047e-43, 0, 0, 0, 1.01819, 0, 0, 0
79.0502, 0.969704, 0.237775, 0.969704, 0.237775, 0, 0, -4.82047e-43, 0, 0, 0, 1.01819, 0, 0, 0
79.1002, 0.969704, 0.237775, 0.969704, 0.237775, 0, 0, -4.82047e-43, 0, 0, 0, 1.01819, 0, 0, 0
79.1501, 0.969704, 0.237775, 0.969704, 0.237775, 0, 0, -4.82047e-43, 0, 0, 0, 1.01819, 0, 0, 0
79.2001, 0.969704, 0.237775, 0.969704, 0.237775, 0, 0, -4.82047e-43, 0, 0, 0, 1.01819, 0, 0, 0
79.2501, 0.969704, 0.237775, 0.969704, 0.237775, 0, 0, -4.82047e-43, 0, 0, 0, 1.01819, 0, 0, 0
79.3, 0.969704, 0.237775, 0.969704, 0.237775, 0, 0, -4.82047e-43, 0, 0, 0, 1.01819, 0, 0, 0
79.35, 0.969704, 0.237775, 0.969704, 0.237775, 0, 0, -4.82047e-43, 0, 0, 0, 1.01819, 0, 0, 0
79.4, 0.969704, 0.237775, 0.969704, 0.237775, 0, 0, -4.82047e-43, 0, 0, 0, 1.01819, 0, 0, 0
79.45, 0.969704, 0.237775, 0.969704, 0.237775, 0, 0, -4.82047e-43, 0, 0, 0, 1.01819, 0, 0, 0
79.4999, 0.969704, 0.237775, 0.969704, 0.237775, 0, 0, -4.82047e-43, 0, 0, 0, 1.01819, 0, 0, 0
79.5499, 0.969704, 0.237775, 0.969704, 0.237775, 0, 0, -4.82047e-43, 0, 0, 0, 1.01819, 0, 0, 0
79.5999, 0.969704, 0.237775, 0.969704, 0.237775, 0, 0, -4.82047e-43, 0, 0, 0, 1.01819, 0, 0, 0
79.6499, 0.969704, 0.237775, 0.969704, 0.237775, 0, 0, -4.82047e-43, 0, 0, 0, 1.01819, 0, 0, 0
79.6998, 0.969704, 0.237775, 0.969704, 0.237775, 0, 0, -4.82047e-43, 0, 0, 0, 1.01819, 0, 0, 0
79.7498, 0.969704, 0.237775, 0.969704, 0.237775, 0, 0, -4.82047e-43, 0, 0, 0, 1.01819, 0, 0, 0
79.7998, 0.969704, 0.237775, 0.969704, 0.237775, 0, 0, -4.82047e-43, 0, 0, 0, 1.01819, 0, 0, 0
79.8497, 0.969704, 0.237775, 0.969704, 0.237775, 0, 0, -4.82047e-43, 0, 0, 0, 1.01819, 0, 0, 0
79.8997, 0.969704, 0.237775, 0.969704, 0.237775, 0, 0, -4.82047e-43, 0, 0, 0, 1.01819, 0, 0, 0
79.9497, 0.969704, 0.237775, 0.969704, 0.237775, 0, 0, -4.82047e-43, 0, 0, 0, 1.01819, 0, 0, 0
79.9997, 0.969704, 0.237775, 0.969704, 0.237775, 0, 0, -4.82047e-43, 0, 0, 0, 1.01819, 0, 0, 0
80.0007, 0.969704, 0.237775, 0.969704, 0.237775, 0, 0, -4.82047e-43, 0, 0, 0, 1.01819, 0, 0, 0
80.0007, 0.969704, 0.237775, 0.969704, 0.237775, 0, 0, -4.82047e-43, 0, 0, 0, 1.01819, 0, 0, 0
80.0506, 0.969704, 0.237775, 0.969704, 0.237775, 0, 0, -4.82047e-43, 0, 0, 0, 1.01819, 0, 0, 0
80.1006, 0.969704, 0.237775, 0.969704, 0.237775, 0, 0, -4.82047e-43, 0, 0, 0, 1.01819, 0, 0, 0
80.1506, 0.969704, 0.237775, 0.969704, 0.237775, 0, 0, -4.82047e-43, 0, 0, 0, 1.01819, 0, 0, 0
80.2006, 0.969704, 0.237775, 0.969704, 0.237775, 0, 0, -4.82047e-43, 0, 0, 0, 1.01819, 0, 0, 0
80.2505, 0.969704, 0.237775, 0.969704, 0.237775, 0, 0, -4.82047e-43, 0, 0, 0, 1.01819, 0, 0, 0
80.3005, 0.969704, 0.237775, 0.969704, 0.237775, 0, 0, -4.82047e-43, 0, 0, 0, 1.01819, 0, 0, 0
80.3505, 0.969704, 0.237775, 0.969704, 0.237775, 0, 0, -4.82047e-43, 0, 0, 0, 1.01819, 0, 0, 0
80.4004, 0.969704, 0.237775, 0.969704, 0.237775, 0, 0, -4.82047e-43, 0, 0, 0, 1.01819, 0, 0, 0
80.4504, 0.969704, 0.237775, 0.969704, 0.237775, 0, 0, -4.82047e-43, 0, 0, 0, 1.01819, 0, 0, 0
80.5004, 0.969704, 0.237775, 0.969704, 0.237775, 0, 0, -4.82047e-43, 0, 0, 0, 1.01819, 0, 0, 0
80.5504, 0.969704, 0.237775, 0.969704, 0.237775, 0, 0, -4.82047e-43, 0, 0, 0, 1.01819, 0, 0, 0
80.6003, 0.969704, 0.237775, 0.969704, 0.237775, 0, 0, -4.82047e-43, 0, 0, 0, 1.01819, 0, 0, 0
80.6503, 0.969704, 0.237775, 0.969704, 0.237775, 0, 0, -4.82047e-43, 0, 0, 0, 1.01819, 0, 0, 0
80.7003, 0.969704, 0.237775, 0.969704, 0.237775, 0, 0, -4.82047e-43, 0, 0, 0, 1.01819, 0, 0, 0
80.7503, 0.969704, 0.237775, 0.969704, 0.237775, 0, 0, -4.82047e-43, 0, 0, 0, 1.01819, 0, 0, 0
80.8002, 0.969704, 0.237775, 0.969704, 0.237775, 0, 0, -4.82047e-43, 0, 0, 0, 1.01819, 0, 0, 0
80.8502, 0.969704, 0.237775, 0.969704, 0.237775, 0, 0, -4.82047e-43, 0, 0, 0, 1.01819, 0, 0, 0
80.9002, 0.969704, 0.237775, 0.969704, 0.237775, 0, 0, -4.82047e-43, 0, 0, 0, 1.01819, 0, 0, 0
80.9501, 0.969704, 0.237775, 0.969704, 0.237775, 0, 0, -4.82047e-43, 0, 0, 0, 1.01819, 0, 0, 0
81.0001, 0.969704, 0.237775, 0.969704, 0.237775, 0, 0, -4.82047e-43, 0, 0, 0, 1.01819, 0, 0, 0
81.0001, 0.969704, 0.237775, 0.969704, 0.237775, 0, 0, -4.82047e-43, 0, 0, 0, 1.01819, 0, 0, 0
81.0501, 0.969704, 0.237775, 0.969704, 0.237775, 0, 0, -4.82047e-43, 0, 0, 0, 1.01819, 0, 0, 0
81.1001, 0.969704, 0.237775, 0.969704, 0.237775, 0, 0, -4.82047e-43, 0, 0, 0, 1.01819, 0, 0, 0
81.15, 0.969704, 0.237775, 0.969704, 0.237775, 0, 0, -4.82047e-43, 0, 0, 0, 1.01819, 0, 0, 0
81.2, 0.969704, 0.237775, 0.969704, 0.237775, 0, 0, -4.82047e-43, 0, 0, 0, 1.01819, 0, 0, 0
81.25, 0.969704, 0.237775, 0.969704, 0.237775, 0, 0, -4.82047e-43, 0, 0, 0, 1.01819, 0, 0, 0
81.2999, 0.969704, 0.237775, 0.969704, 0.237775, 0, 0, -4.82047e-43, 0, 0, 0, 1.01819, 0, 0, 0
81.3499, 0.969704, 0.237775, 0.969704, 0.237775, 0, 0, -4.82047e-43, 0, 0, 0, 1.01819, 0, 0, 0
81.3999, 0.969704, 0.237775, 0.969704, 0.237775, 0, 0, -4.82047e-43, 0, 0, 0, 1.01819, 0, 0, 0
81.4499, 0.969704, 0.237775, 0.969704, 0.237775, 0, 0, -4.82047e-43, 0, 0, 0, 1.01819, 0, 0, 0
81.4998, 0.969704, 0.237775, 0.969704, 0.237775, 0, 0, -4.82047e-43, 0, 0, 0, 1.01819, 0, 0, 0
81.5498, 0.969704, 0.237775, 0.969704, 0.237775, 0, 0, -4.82047e-43, 0, 0, 0, 1.01819, 0, 0, 0
81.5998, 0.969704, 0.237775, 0.969704, 0.237775, 0, 0, -4.82047e-43, 0, 0, 0, 1.01819, 0, 0, 0
81.6498, 0.969704, 0.237775, 0.969704, 0.237775, 0, 0, -4.82047e-43, 0, 0, 0, 1.01819, 0, 0, 0
81.6997, 0.969704, 0.237775, 0.969704, 0.237775, 0, 0, -4.82047e-43, 0, 0, 0, 1.01819, 0, 0, 0
81.7497, 0.969704, 0.237775, 0.969704, 0.237775, 0, 0, -4.82047e-43, 0, 0, 0, 1.01819, 0, 0, 0
81.7997, 0.969704, 0.237775, 0.969704, 0.237775, 0, 0, -4.82047e-43, 0, 0, 0, 1.01819, 0, 0, 0
81.8496, 0.969704, 0.237775, 0.969704, 0.237775, 0, 0, -4.82047e-43, 0, 0, 0, 1.01819, 0, 0, 0
81.8996, 0.969704, 0.237775, 0.969704, 0.237775, 0, 0, -4.82047e-43, 0, 0, 0, 1.01819, 0, 0, 0
81.9496, 0.969704, 0.237775, 0.969704, 0.237775, 0, 0, -4.82047e-43, 0, 0, 0, 1.01819, 0, 0, 0
81.9996, 0.969704, 0.237775, 0.969704, 0.237775, 0, 0, -4.82047e-43, 0, 0, 0, 1.01819, 0, 0, 0
82.0006, 0.969704, 0.237775, 0.969704, 0.237775, 0, 0, -4.82047e-43, 0, 0, 0, 1.01819, 0, 0, 0
82.0006, 0.969704, 0.237775, 0.969704, 0.237775, 0, 0, -4.82047e-43, 0, 0, 0, 1.01819, 0, 0, 0
82.0505, 0.969704, 0.237775, 0.969704, 0.237775, 0, 0, -4.82047e-43, 0, 0, 0, 1.01819, 0, 0, 0
82.1005, 0.969704, 0.237775, 0.969704, 0.237775, 0, 0, -4.82047e-43, 0, 0, 0, 1.01819, 0, 0, 0
82.1505, 0.969704, 0.237775, 0.969704, 0.237775, 0, 0, -4.82047e-43, 0, 0, 0, 1.01819, 0, 0, 0
82.2005, 0.969704, 0.237775, 0.969704, 0.237775, 0, 0, -4.82047e-43, 0, 0, 0, 1.01819, 0, 0, 0
82.2504, 0.969704, 0.237775, 0.969704, 0.237775, 0, 0, -4.82047e-43, 0, 0, 0, 1.01819, 0, 0, 0
82.3004, 0.969704, 0.237775, 0.969704, 0.237775, 0, 0, -4.82047e-43, 0, 0, 0, 1.01819, 0, 0, 0
82.3504, 0.969704, 0.237775, 0.969704, 0.237775, 0, 0, -4.82047e-43, 0, 0, 0, 1.01819, 0, 0, 0
82.4003, 0.969704, 0.237775, 0.969704, 0.237775, 0, 0, -4.82047e-43, 0, 0, 0, 1.01819, 0, 0, 0
82.4503, 0.969704, 0.237775, 0.969704, 0.237775, 0, 0, -4.82047e-43, 0, 0, 0, 1.01819, 0, 0, 0
82.5003, 0.969704, 0.237775, 0.969704, 0.237775, 0, 0, -4.82047e-43, 0, 0, 0, 1.01819, 0, 0, 0
82.5503, 0.969704, 0.237775, 0.969704, 0.237775, 0, 0, -4.82047e-43, 0, 0, 0, 1.01819, 0, 0, 0
82.6002, 0.969704, 0.237775, 0.969704, 0.237775, 0, 0, -4.82047e-43, 0, 0, 0, 1.01819, 0, 0, 0
82.6502, 0.969704, 0.237775, 0.969704, 0.237775, 0, 0, -4.82047e-43, 0, 0, 0, 1.01819, 0, 0, 0
82.7002, 0.969704, 0.237775, 0.969704, 0.237775, 0, 0, -4.82047e-43, 0, 0, 0, 1.01819, 0, 0, 0
82.7502, 0.969704, 0.237775, 0.969704, 0.237775, 0, 0, -4.82047e-43, 0, 0, 0, 1.01819, 0, 0, 0
82.8001, 0.969704, 0.237775, 0.969704, 0.237775, 0, 0, -4.82047e-43, 0, 0, 0, 1.01819, 0, 0, 0
82.8501, 0.969704, 0.237775, 0.969704, 0.237775, 0, 0, -4.82047e-43, 0, 0, 0, 1.01819, 0, 0, 0
82.9001, 0.969704, 0.237775, 0.969704, 0.237775, 0, 0, -4.82047e-43, 0, 0, 0, 1.01819, 0, 0, 0
82.95, 0.969704, 0.237775, 0.969704, 0.237775, 0, 0, -4.82047e-43, 0, 0, 0, 1.01819, 0, 0, 0
83, 0.969704, 0.237775, 0.969704, 0.237775, 0, 0, -4.82047e-43, 0, 0, 0, 1.01819, 0, 0, 0
83, 0.969704, 0.237775, 0.969704, 0.237775, 0, 0, -4.82047e-43, 0, 0, 0, 1.01819, 0, 0, 0
83.05, 0.969704, 0.237775, 0.969704, 0.237775, 0, 0, -4.82047e-43, 0, 0, 0, 1.01819, 0, 0, 0
83.1, 0.969704, 0.237775, 0.969704, 0.237775, 0, 0, -4.82047e-43, 0, 0, 0, 1.01819, 0, 0, 0
83.1499, 0.969704, 0.237775, 0.969704, 0.237775, 0, 0, -4.82047e-43, 0, 0, 0, 1.01819, 0, 0, 0
83.1999, 0.969704, 0.237775, 0.969704, 0.237775, 0, 0, -4.82047e-43, 0, 0, 0, 1.01819, 0, 0, 0
83.2499, 0.969704, 0.237775, 0.969704, 0.237775, 0, 0, -4.82047e-43, 0, 0, 0, 1.01819, 0, 0, 0
83.2999, 0.969704, 0.237775, 0.969704, 0.237775, 0, 0, -4.82047e-43, 0, 0, 0, 1.01819, 0, 0, 0
83.3498, 0.969704, 0.237775, 0.969704, 0.237775, 0, 0, -4.82047e-43, 0, 0, 0, 1.01819, 0, 0, 0
83.3998, 0.969704, 0.237775, 0.969704, 0.237775, 0, 0, -4.82047e-43, 0, 0, 0, 1.01819, 0, 0, 0
83.4498, 0.969704, 0.237775, 0.969704, 0.237775, 0, 0, -4.82047e-43, 0, 0, 0, 1.01819, 0, 0, 0
83.4997, 0.969704, 0.237775, 0.969704, 0.237775, 0, 0, -4.82047e-43, 0, 0, 0, 1.01819, 0, 0, 0
83.5497, 0.969704, 0.237775, 0.969704, 0.237775, 0, 0, -4.82047e-43, 0, 0, 0, 1.01819, 0, 0, 0
83.5997, 0.969704, 0.237775, 0.969704, 0.237775, 0, 0, -4.82047e-43, 0, 0, 0, 1.01819, 0, 0, 0
83.6497, 0.969704, 0.237775, 0.969704, 0.237775, 0, 0, -4.82047e-43, 0, 0, 0, 1.01819, 0, 0, 0
83.6996, 0.969704, 0.237775, 0.969704, 0.237775, 0, 0, -4.82047e-43, 0, 0, 0, 1.01819, 0, 0, 0
83.7496, 0.969704, 0.237775, 0.969704, 0.237775, 0, 0, -4.82047e-43, 0, 0, 0, 1.01819, 0, 0, 0
83.7996, 0.969704, 0.237775, 0.969704, 0.237775, 0, 0, -4.82047e-43, 0, 0, 0, 1.01819, 0, 0, 0
83.8495, 0.969704, 0.237775, 0.969704, 0.237775, 0, 0, -4.82047e-43, 0, 0, 0, 1.01819, 0, 0, 0
83.8995, 0.969704, 0.237775, 0.969704, 0.237775, 0, 0, -4.82047e-43, 0, 0, 0, 1.01819, 0, 0, 0
83.9495, 0.969704, 0.237775, 0.969704, 0.237775, 0, 0, -4.82047e-43, 0, 0, 0, 1.01819, 0, 0, 0
83.9995, 0.969704, 0.237775, 0.969704, 0.237775, 0, 0, -4.82047e-43, 0, 0, 0, 1.01819, 0, 0, 0
84.0005, 0.969704, 0.237775, 0.969704, 0.237775, 0, 0, -4.82047e-43, 0, 0, 0, 1.01819, 0, 0, 0
84.0005, 0.969704, 0.237775, 0.969704, 0.237775, 0, 0, -4.82047e-43, 0, 0, 0, 1.01819, 0, 0, 0
84.0504, 0.969704, 0.237775, 0.969704, 0.237775, 0, 0, -4.82047e-43, 0, 0, 0, 1.01819, 0, 0, 0
84.1004, 0.969704, 0.237775, 0.969704, 0.237775, 0, 0, -4.82047e-43, 0, 0, 0, 1.01819, 0, 0, 0
84.1504, 0.969704, 0.237775, 0.969704, 0.237775, 0, 0, -4.82047e-43, 0, 0, 0, 1.01819, 0, 0, 0
84.2004, 0.969704, 0.237775, 0.969704, 0.237775, 0, 0, -4.82047e-43, 0, 0, 0, 1.01819, 0, 0, 0
84.2503, 0.969704, 0.237775, 0.969704, 0.237775, 0, 0, -4.82047e-43, 0, 0, 0, 1.01819, 0, 0, 0
84.3003, 0.969704, 0.237775, 0.969704, 0.237775, 0, 0, -4.82047e-43, 0, 0, 0, 1.01819, 0, 0, 0
84.3503, 0.969704, 0.237775, 0.969704, 0.237775, 0, 0, -4.82047e-43, 0, 0, 0, 1.01819, 0, 0, 0
84.4002, 0.969704, 0.237775, 0.969704, 0.237775, 0, 0, -4.82047e-43, 0, 0, 0, 1.01819, 0, 0, 0
84.4502, 0.969704, 0.237775, 0.969704, 0.237775, 0, 0, -4.82047e-43, 0, 0, 0, 1.01819, 0, 0, 0
84.5002, 0.969704, 0.237775, 0.969704, 0.237775, 0, 0, -4.82047e-43, 0, 0, 0, 1.01819, 0, 0, 0
84.5502, 0.969704, 0.237775, 0.969704, 0.237775, 0, 0, -4.82047e-43, 0, 0, 0, 1.01819, 0, 0, 0
84.6001, 0.969704, 0.237775, 0.969704, 0.237775, 0, 0, -4.82047e-43, 0, 0, 0, 1.01819, 0, 0, 0
84.6501, 0.969704, 0.237775, 0.969704, 0.237775, 0, 0, -4.82047e-43, 0, 0, 0, 1.01819, 0, 0, 0
84.7001, 0.969704, 0.237775, 0.969704, 0.237775, 0, 0, -4.82047e-43, 0, 0, 0, 1.01819, 0, 0, 0
84.7501, 0.969704, 0.237775, 0.969704, 0.237775, 0, 0, -4.82047e-43, 0, 0, 0, 1.01819, 0, 0, 0
84.8, 0.969704, 0.237775, 0.969704, 0.237775, 0, 0, -4.82047e-43, 0, 0, 0, 1.01819, 0, 0, 0
84.85, 0.969704, 0.237775, 0.969704, 0.237775, 0, 0, -4.82047e-43, 0, 0, 0, 1.01819, 0, 0, 0
84.9, 0.969704, 0.237775, 0.969704, 0.237775, 0, 0, -4.82047e-43, 0, 0, 0, 1.01819, 0, 0, 0
84.9499, 0.969704, 0.237775, 0.969704, 0.237775, 0, 0, -4.82047e-43, 0, 0, 0, 1.01819, 0, 0, 0
84.9999, 0.969704, 0.237775, 0.969704, 0.237775, 0, 0, -4.82047e-43, 0, 0, 0, 1.01819, 0, 0, 0
85.0009, 0.969704, 0.237775, 0.969704, 0.237775, 0, 0, -4.82047e-43, 0, 0, 0, 1.01819, 0, 0, 0
85.0009, 0.969704, 0.237775, 0.969704, 0.237775, 0, 0, -4.82047e-43, 0, 0, 0, 1.01819, 0, 0, 0
85.0509, 0.969704, 0.237775, 0.969704, 0.237775, 0, 0, -4.82047e-43, 0, 0, 0, 1.01819, 0, 0, 0
85.1009, 0.969704, 0.237775, 0.969704, 0.237775, 0, 0, -4.82047e-43, 0, 0, 0, 1.01819, 0, 0, 0
85.1508, 0.969704, 0.237775, 0.969704, 0.237775, 0, 0, -4.82047e-43, 0, 0, 0, 1.01819, 0, 0, 0
85.2008, 0.969704, 0.237775, 0.969704, 0.237775, 0, 0, -4.82047e-43, 0, 0, 0, 1.01819, 0, 0, 0
85.2508, 0.969704, 0.237775, 0.969704, 0.237775, 0, 0, -4.82047e-43, 0, 0, 0, 1.01819, 0, 0, 0
85.3008, 0.969704, 0.237775, 0.969704, 0.237775, 0, 0, -4.82047e-43, 0, 0, 0, 1.01819, 0, 0, 0
85.3507, 0.969704, 0.237775, 0.969704, 0.237775, 0, 0, -4.82047e-43, 0, 0, 0, 1.01819, 0, 0, 0
85.4007, 0.969704, 0.237775, 0.969704, 0.237775, 0, 0, -4.82047e-43, 0, 0, 0, 1.01819, 0, 0, 0
85.4507, 0.969704, 0.237775, 0.969704, 0.237775, 0, 0, -4.82047e-43, 0, 0, 0, 1.01819, 0, 0, 0
85.5006, 0.969704, 0.237775, 0.969704, 0.237775, 0, 0, -4.82047e-43, 0, 0, 0, 1.01819, 0, 0, 0
85.5506, 0.969704, 0.237775, 0.969704, 0.237775, 0, 0, -4.82047e-43, 0, 0, 0, 1.01819, 0, 0, 0
85.6006, 0.969704, 0.237775, 0.969704, 0.237775, 0, 0, -4.82047e-43, 0, 0, 0, 1.01819, 0, 0, 0
85.6506, 0.969704, 0.237775, 0.969704, 0.237775, 0, 0, -4.82047e-43, 0, 0, 0, 1.01819, 0, 0, 0
85.7005, 0.969704, 0.237775, 0.969704, 0.237775, 0, 0, -4.82047e-43, 0, 0, 0, 1.01819, 0, 0, 0
85.7505, 0.969704, 0.237775, 0.969704, 0.237775, 0, 0, -4.82047e-43, 0, 0, 0, 1.01819, 0, 0, 0
85.8005, 0.969704, 0.237775, 0.969704, 0.237775, 0, 0, -4.82047e-43, 0, 0, 0, 1.01819, 0, 0, 0
85.8504, 0.969704, 0.237775, 0.969704, 0.237775, 0, 0, -4.82047e-43, 0, 0, 0, 1.01819, 0, 0, 0
85.9004, 0.969704, 0.237775, 0.969704, 0.237775, 0, 0, -4.82047e-43, 0, 0, 0, 1.01819, 0, 0, 0
85.9504, 0.969704, 0.237775, 0.969704, 0.237775, 0, 0, -4.82047e-43, 0, 0, 0, 1.01819, 0, 0, 0
86.0004, 0.969704, 0.237775, 0.969704, 0.237775, 0, 0, -4.82047e-43, 0, 0, 0, 1.01819, 0, 0, 0
86.0004, 0.969704, 0.237775, 0.969704, 0.237775, 0, 0, -4.82047e-43, 0, 0, 0, 1.01819, 0, 0, 0
86.0503, 0.969704, 0.237775, 0.969704, 0.237775, 0, 0, -4.82047e-43, 0, 0, 0, 1.01819, 0, 0, 0
86.1003, 0.969704, 0.237775, 0.969704, 0.237775, 0, 0, -4.82047e-43, 0, 0, 0, 1.01819, 0, 0, 0
86.1503, 0.969704, 0.237775, 0.969704, 0.237775, 0, 0, -4.82047e-43, 0, 0, 0, 1.01819, 0, 0, 0
86.2003, 0.969704, 0.237775, 0.969704, 0.237775, 0, 0, -4.82047e-43, 0, 0, 0, 1.01819, 0, 0, 0
86.2502, 0.969704, 0.237775, 0.969704, 0.237775, 0, 0, -4.82047e-43, 0, 0, 0, 1.01819, 0, 0, 0
86.3002, 0.969704, 0.237775, 0.969704, 0.237775, 0, 0, -4.82047e-43, 0, 0, 0, 1.01819, 0, 0, 0
86.3502, 0.969704, 0.237775, 0.969704, 0.237775, 0, 0, -4.82047e-43, 0, 0, 0, 1.01819, 0, 0, 0
86.4001, 0.969704, 0.237775, 0.969704, 0.237775, 0, 0, -4.82047e-43, 0, 0, 0, 1.01819, 0, 0, 0
86.4501, 0.969704, 0.237775, 0.969704, 0.237775, 0, 0, -4.82047e-43, 0, 0, 0, 1.01819, 0, 0, 0
86.5001, 0.969704, 0.237775, 0.969704, 0.237775, 0, 0, -4.82047e-43, 0, 0, 0, 1.01819, 0, 0, 0
86.5501, 0.969704, 0.237775, 0.969704, 0.237775, 0, 0, -4.82047e-43, 0, 0, 0, 1.01819, 0, 0, 0
86.6, 0.969704, 0.237775, 0.969704, 0.237775, 0, 0, -4.82047e-43, 0, 0, 0, 1.01819, 0, 0, 0
86.65, 0.969704, 0.237775, 0.969704, 0.237775, 0, 0, -4.82047e-43, 0, 0, 0, 1.01819, 0, 0, 0
86.7, 0.969704, 0.237775, 0.969704, 0.237775, 0, 0, -4.82047e-43, 0, 0, 0, 1.01819, 0, 0, 0
86.75, 0.969704, 0.237775, 0.969704, 0.237775, 0, 0, -4.82047e-43, 0, 0, 0, 1.01819, 0, 0, 0
86.7999, 0.969704, 0.237775, 0.969704, 0.237775, 0, 0, -4.82047e-43, 0, 0, 0, 1.01819, 0, 0, 0
86.8499, 0.969704, 0.237775, 0.969704, 0.237775, 0, 0, -4.82047e-43, 0, 0, 0, 1.01819, 0, 0, 0
86.8999, 0.969704, 0.237775, 0.969704, 0.237775, 0, 0, -4.82047e-43, 0, 0, 0, 1.01819, 0, 0, 0
86.9498, 0.969704, 0.237775, 0.969704, 0.237775, 0, 0, -4.82047e-43, 0, 0, 0, 1.01819, 0, 0, 0
86.9998, 0.969704, 0.237775, 0.969704, 0.237775, 0, 0, -4.82047e-43, 0, 0, 0, 1.01819, 0, 0, 0
87.0008, 0.969704, 0.237775, 0.969704, 0.237775, 0, 0, -4.82047e-43, 0, 0, 0, 1.01819, 0, 0, 0
87.0008, 0.969704, 0.237775, 0.969704, 0.237775, 0, 0, -4.82047e-43, 0, 0, 0, 1.01819, 0, 0, 0
87.0508, 0.969704, 0.237775, 0.969704, 0.237775, 0, 0, -4.82047e-43, 0, 0, 0, 1.01819, 0, 0, 0
87.1008, 0.969704, 0.237775, 0.969704, 0.237775, 0, 0, -4.82047e-43, 0, 0, 0, 1.01819, 0, 0, 0
87.1507, 0.969704, 0.237775, 0.969704, 0.237775, 0, 0, -4.82047e-43, 0, 0, 0, 1.01819, 0, 0, 0
87.2007, 0.969704, 0.237775, 0.969704, 0.237775, 0, 0, -4.82047e-43, 0, 0, 0, 1.01819, 0, 0, 0
87.2507, 0.969704, 0.237775, 0.969704, 0.237775, 0, 0, -4.82047e-43, 0, 0, 0, 1.01819, 0, 0, 0
87.3007, 0.969704, 0.237775, 0.969704, 0.237775, 0, 0, -4.82047e-43, 0, 0, 0, 1.01819, 0, 0, 0
87.3506, 0.969704, 0.237775, 0.969704, 0.237775, 0, 0, -4.82047e-43, 0, 0, 0, 1.01819, 0, 0, 0
87.4006, 0.969704, 0.237775, 0.969704, 0.237775, 0, 0, -4.82047e-43, 0, 0, 0, 1.01819, 0, 0, 0
87.4506, 0.969704, 0.237775, 0.969704, 0.237775, 0, 0, -4.82047e-43, 0, 0, 0, 1.01819, 0, 0, 0
87.5005, 0.969704, 0.237775, 0.969704, 0.237775, 0, 0, -4.82047e-43, 0, 0, 0, 1.01819, 0, 0, 0
87.5505, 0.969704, 0.237775, 0.969704, 0.237775, 0, 0, -4.82047e-43, 0, 0, 0, 1.01819, 0, 0, 0
87.6005, 0.969704, 0.237775, 0.969704, 0.237775, 0, 0, -4.82047e-43, 0, 0, 0, 1.01819, 0, 0, 0
87.6505, 0.969704, 0.237775, 0.969704, 0.237775, 0, 0, -4.82047e-43, 0, 0, 0, 1.01819, 0, 0, 0
87.7004, 0.969704, 0.237775, 0.969704, 0.237775, 0, 0, -4.82047e-43, 0, 0, 0, 1.01819, 0, 0, 0
87.7504, 0.969704, 0.237775, 0.969704, 0.237775, 0, 0, -4.82047e-43, 0, 0, 0, 1.01819, 0, 0, 0
87.8004, 0.969704, 0.237775, 0.969704, 0.237775, 0, 0, -4.82047e-43, 0, 0, 0, 1.01819, 0, 0, 0
87.8503, 0.969704, 0.237775, 0.969704, 0.237775, 0, 0, -4.82047e-43, 0, 0, 0, 1.01819, 0, 0, 0
87.9003, 0.969704, 0.237775, 0.969704, 0.237775, 0, 0, -4.82047e-43, 0, 0, 0, 1.01819, 0, 0, 0
87.9503, 0.969704, 0.237775, 0.969704, 0.237775, 0, 0, -4.82047e-43, 0, 0, 0, 1.01819, 0, 0, 0
88.0003, 0.969704, 0.237775, 0.969704, 0.237775, 0, 0, -4.82047e-43, 0, 0, 0, 1.01819, 0, 0, 0
88.0003, 0.969704, 0.237775, 0.969704, 0.237775, 0, 0, -4.82047e-43, 0, 0, 0, 1.01819, 0, 0, 0
88.0502, 0.969704, 0.237775, 0.969704, 0.237775, 0, 0, -4.82047e-43, 0, 0, 0, 1.01819, 0, 0, 0
88.1002, 0.969704, 0.237775, 0.969704, 0.237775, 0, 0, -4.82047e-43, 0, 0, 0, 1.01819, 0, 0, 0
88.1502, 0.969704, 0.237775, 0.969704, 0.237775, 0, 0, -4.82047e-43, 0, 0, 0, 1.01819, 0, 0, 0
88.2002, 0.969704, 0.237775, 0.969704, 0.237775, 0, 0, -4.82047e-43, 0, 0, 0, 1.01819, 0, 0, 0
88.2501, 0.969704, 0.237775, 0.969704, 0.237775, 0, 0, -4.82047e-43, 0, 0, 0, 1.01819, 0, 0, 0
88.3001, 0.969704, 0.237775, 0.969704, 0.237775, 0, 0, -4.82047e-43, 0, 0, 0, 1.01819, 0, 0, 0
88.3501, 0.969704, 0.237775, 0.969704, 0.237775, 0, 0, -4.82047e-43, 0, 0, 0, 1.01819, 0, 0, 0
88.4, 0.969704, 0.237775, 0.969704, 0.237775, 0, 0, -4.82047e-43, 0, 0, 0, 1.01819, 0, 0, 0
88.45, 0.969704, 0.237775, 0.969704, 0.237775, 0, 0, -4.82047e-43, 0, 0, 0, 1.01819, 0, 0, 0
88.5, 0.969704, 0.237775, 0.969704, 0.237775, 0, 0, -4.82047e-43, 0, 0, 0, 1.01819, 0, 0, 0
88.55, 0.969704, 0.237775, 0.969704, 0.237775, 0, 0, -4.82047e-43, 0, 0, 0, 1.01819, 0, 0, 0
88.5999, 0.969704, 0.237775, 0.969704, 0.237775, 0, 0, -4.82047e-43, 0, 0, 0, 1.01819, 0, 0, 0
88.6499, 0.969704, 0.237775, 0.969704, 0.237775, 0, 0, -4.82047e-43, 0, 0, 0, 1.01819, 0, 0, 0
88.6999, 0.969704, 0.237775, 0.969704, 0.237775, 0, 0, -4.82047e-43, 0, 0, 0, 1.01819, 0, 0, 0
88.7499, 0.969704, 0.237775, 0.969704, 0.237775, 0, 0, -4.82047e-43, 0, 0, 0, 1.01819, 0, 0, 0
88.7998, 0.969704, 0.237775, 0.969704, 0.237775, 0, 0, -4.82047e-43, 0, 0, 0, 1.01819, 0, 0, 0
88.8498, 0.969704, 0.237775, 0.969704, 0.237775, 0, 0, -4.82047e-43, 0, 0, 0, 1.01819, 0, 0, 0
88.8998, 0.969704, 0.237775, 0.969704, 0.237775, 0, 0, -4.82047e-43, 0, 0, 0, 1.01819, 0, 0, 0
88.9497, 0.969704, 0.237775, 0.969704, 0.237775, 0, 0, -4.82047e-43, 0, 0, 0, 1.01819, 0, 0, 0
88.9997, 0.969704, 0.237775, 0.969704, 0.237775, 0, 0, -4.82047e-43, 0, 0, 0, 1.01819, 0, 0, 0
89.0007, 0.969704, 0.237775, 0.969704, 0.237775, 0, 0, -4.82047e-43, 0, 0, 0, 1.01819, 0, 0, 0
89.0007, 0.969704, 0.237775, 0.969704, 0.237775, 0, 0, -4.82047e-43, 0, 0, 0, 1.01819, 0, 0, 0
89.0507, 0.969704, 0.237775, 0.969704, 0.237775, 0, 0, -4.82047e-43, 0, 0, 0, 1.01819, 0, 0, 0
89.1007, 0.969704, 0.237775, 0.969704, 0.237775, 0, 0, -4.82047e-43, 0, 0, 0, 1.01819, 0, 0, 0
89.1506, 0.969704, 0.237775, 0.969704, 0.237775, 0, 0, -4.82047e-43, 0, 0, 0, 1.01819, 0, 0, 0
89.2006, 0.969704, 0.237775, 0.969704, 0.237775, 0, 0, -4.82047e-43, 0, 0, 0, 1.01819, 0, 0, 0
89.2506, 0.969704, 0.237775, 0.969704, 0.237775, 0, 0, -4.82047e-43, 0, 0, 0, 1.01819, 0, 0, 0
89.3006, 0.969704, 0.237775, 0.969704, 0.237775, 0, 0, -4.82047e-43, 0, 0, 0, 1.01819, 0, 0, 0
89.3505, 0.969704, 0.237775, 0.969704, 0.237775, 0, 0, -4.82047e-43, 0, 0, 0, 1.01819, 0, 0, 0
89.4005, 0.969704, 0.237775, 0.969704, 0.237775, 0, 0, -4.82047e-43, 0, 0, 0, 1.01819, 0, 0, 0
89.4505, 0.969704, 0.237775, 0.969704, 0.237775, 0, 0, -4.82047e-43, 0, 0, 0, 1.01819, 0, 0, 0
89.5004, 0.969704, 0.237775, 0.969704, 0.237775, 0, 0, -4.82047e-43, 0, 0, 0, 1.01819, 0, 0, 0
89.5504, 0.969704, 0.237775, 0.969704, 0.237775, 0, 0, -4.82047e-43, 0, 0, 0, 1.01819, 0, 0, 0
89.6004, 0.969704, 0.237775, 0.969704, 0.237775, 0, 0, -4.82047e-43, 0, 0, 0, 1.01819, 0, 0, 0
89.6504, 0.969704, 0.237775, 0.969704, 0.237775, 0, 0, -4.82047e-43, 0, 0, 0, 1.01819, 0, 0, 0
89.7003, 0.969704, 0.237775, 0.969704, 0.237775, 0, 0, -4.82047e-43, 0, 0, 0, 1.01819, 0, 0, 0
89.7503, 0.969704, 0.237775, 0.969704, 0.237775, 0, 0, -4.82047e-43, 0, 0, 0, 1.01819, 0, 0, 0
89.8003, 0.969704, 0.237775, 0.969704, 0.237775, 0, 0, -4.82047e-43, 0, 0, 0, 1.01819, 0, 0, 0
89.8503, 0.969704, 0.237775, 0.969704, 0.237775, 0, 0, -4.82047e-43, 0, 0, 0, 1.01819, 0, 0, 0
89.9002, 0.969704, 0.237775, 0.969704, 0.237775, 0, 0, -4.82047e-43, 0, 0, 0, 1.01819, 0, 0, 0
89.9502, 0.969704, 0.237775, 0.969704, 0.237775, 0, 0, -4.82047e-43, 0, 0, 0, 1.01819, 0, 0, 0
90.0002, 0.969704, 0.237775, 0.969704, 0.237775, 0, 0, -4.82047e-43, 0, 0, 0, 1.01819, 0, 0, 0
90.0002, 0.969704, 0.237775, 0.969704, 0.237775, 0, 0, -4.82047e-43, 0, 0, 0, 1.01819, 0, 0, 0
90.0501, 0.969704, 0.237775, 0.969704, 0.237775, 0, 0, -4.82047e-43, 0, 0, 0, 1.01819, 0, 0, 0
90.1001, 0.969704, 0.237775, 0.969704, 0.237775, 0, 0, -4.82047e-43, 0, 0, 0, 1.01819, 0, 0, 0
90.1501, 0.969704, 0.237775, 0.969704, 0.237775, 0, 0, -4.82047e-43, 0, 0, 0, 1.01819, 0, 0, 0
90.2001, 0.969704, 0.237775, 0.969704, 0.237775, 0, 0, -4.82047e-43, 0, 0, 0, 1.01819, 0, 0, 0
90.25, 0.969704, 0.237775, 0.969704, 0.237775, 0, 0, -4.82047e-43, 0, 0, 0, 1.01819, 0, 0, 0
90.3, 0.969704, 0.237775, 0.969704, 0.237775, 0, 0, -4.82047e-43, 0, 0, 0, 1.01819, 0, 0, 0
90.35, 0.969704, 0.237775, 0.969704, 0.237775, 0, 0, -4.82047e-43, 0, 0, 0, 1.01819, 0, 0, 0
90.3999, 0.969704, 0.237775, 0.969704, 0.237775, 0, 0, -4.82047e-43, 0, 0, 0, 1.01819, 0, 0, 0
90.4499, 0.969704, 0.237775, 0.969704, 0.237775, 0, 0, -4.82047e-43, 0, 0, 0, 1.01819, 0, 0, 0
90.4999, 0.969704, 0.237775, 0.969704, 0.237775, 0, 0, -4.82047e-43, 0, 0, 0, 1.01819, 0, 0, 0
90.5499, 0.969704, 0.237775, 0.969704, 0.237775, 0, 0, -4.82047e-43, 0, 0, 0, 1.01819, 0, 0, 0
90.5998, 0.969704, 0.237775, 0.969704, 0.237775, 0, 0, -4.82047e-43, 0, 0, 0, 1.01819, 0, 0, 0
90.6498, 0.969704, 0.237775, 0.969704, 0.237775, 0, 0, -4.82047e-43, 0, 0, 0, 1.01819, 0, 0, 0
90.6998, 0.969704, 0.237775, 0.969704, 0.237775, 0, 0, -4.82047e-43, 0, 0, 0, 1.01819, 0, 0, 0
90.7498, 0.969704, 0.237775, 0.969704, 0.237775, 0, 0, -4.82047e-43, 0, 0, 0, 1.01819, 0, 0, 0
90.7997, 0.969704, 0.237775, 0.969704, 0.237775, 0, 0, -4.82047e-43, 0, 0, 0, 1.01819, 0, 0, 0
90.8497, 0.969704, 0.237775, 0.969704, 0.237775, 0, 0, -4.82047e-43, 0, 0, 0, 1.01819, 0, 0, 0
90.8997, 0.969704, 0.237775, 0.969704, 0.237775, 0, 0, -4.82047e-43, 0, 0, 0, 1.01819, 0, 0, 0
90.9496, 0.969704, 0.237775, 0.969704, 0.237775, 0, 0, -4.82047e-43, 0, 0, 0, 1.01819, 0, 0, 0
90.9996, 0.969704, 0.237775, 0.969704, 0.237775, 0, 0, -4.82047e-43, 0, 0, 0, 1.01819, 0, 0, 0
91.0006, 0.969704, 0.237775, 0.969704, 0.237775, 0, 0, -4.82047e-43, 0, 0, 0, 1.01819, 0, 0, 0
91.0006, 0.969704, 0.237775, 0.969704, 0.237775, 0, 0, -4.82047e-43, 0, 0, 0, 1.01819, 0, 0, 0
91.0506, 0.969704, 0.237775, 0.969704, 0.237775, 0, 0, -4.82047e-43, 0, 0, 0, 1.01819, 0, 0, 0
91.1006, 0.969704, 0.237775, 0.969704, 0.237775, 0, 0, -4.82047e-43, 0, 0, 0, 1.01819, 0, 0, 0
91.1505, 0.969704, 0.237775, 0.969704, 0.237775, 0, 0, -4.82047e-43, 0, 0, 0, 1.01819, 0, 0, 0
91.2005, 0.969704, 0.237775, 0.969704, 0.237775, 0, 0, -4.82047e-43, 0, 0, 0, 1.01819, 0, 0, 0
91.2505, 0.969704, 0.237775, 0.969704, 0.237775, 0, 0, -4.82047e-43, 0, 0, 0, 1.01819, 0, 0, 0
91.3005, 0.969704, 0.237775, 0.969704, 0.237775, 0, 0, -4.82047e-43, 0, 0, 0, 1.01819, 0, 0, 0
91.3504, 0.969704, 0.237775, 0.969704, 0.237775, 0, 0, -4.82047e-43, 0, 0, 0, 1.01819, 0, 0, 0
91.4004, 0.969704, 0.237775, 0.969704, 0.237775, 0, 0, -4.82047e-43, 0, 0, 0, 1.01819, 0, 0, 0
91.4504, 0.969704, 0.237775, 0.969704, 0.237775, 0, 0, -4.82047e-43, 0, 0, 0, 1.01819, 0, 0, 0
91.5003, 0.969704, 0.237775, 0.969704, 0.237775, 0, 0, -4.82047e-43, 0, 0, 0, 1.01819, 0, 0, 0
91.5503, 0.969704, 0.237775, 0.969704, 0.237775, 0, 0, -4.82047e-43, 0, 0, 0, 1.01819, 0, 0, 0
91.6003, 0.969704, 0.237775, 0.969704, 0.237775, 0, 0, -4.82047e-43, 0, 0, 0, 1.01819, 0, 0, 0
91.6503, 0.969704, 0.237775, 0.969704, 0.237775, 0, 0, -4.82047e-43, 0, 0, 0, 1.01819, 0, 0, 0
91.7002, 0.969704, 0.237775, 0.969704, 0.237775, 0, 0, -4.82047e-43, 0, 0, 0, 1.01819, 0, 0, 0
91.7502, 0.969704, 0.237775, 0.969704, 0.237775, 0, 0, -4.82047e-43, 0, 0, 0, 1.01819, 0, 0, 0
91.8002, 0.969704, 0.237775, 0.969704, 0.237775, 0, 0, -4.82047e-43, 0, 0, 0, 1.01819, 0, 0, 0
91.8502, 0.969704, 0.237775, 0.969704, 0.237775, 0, 0, -4.82047e-43, 0, 0, 0, 1.01819, 0, 0, 0
91.9001, 0.969704, 0.237775, 0.969704, 0.237775, 0, 0, -4.82047e-43, 0, 0, 0, 1.01819, 0, 0, 0
91.9501, 0.969704, 0.237775, 0.969704, 0.237775, 0, 0, -4.82047e-43, 0, 0, 0, 1.01819, 0, 0, 0
92.0001, 0.969704, 0.237775, 0.969704, 0.237775, 0, 0, -4.82047e-43, 0, 0, 0, 1.01819, 0, 0, 0
92.0001, 0.969704, 0.237775, 0.969704, 0.237775, 0, 0, -4.82047e-43, 0, 0, 0, 1.01819, 0, 0, 0
92.05, 0.969704, 0.237775, 0.969704, 0.237775, 0, 0, -4.82047e-43, 0, 0, 0, 1.01819, 0, 0, 0
92.1, 0.969704, 0.237775, 0.969704, 0.237775, 0, 0, -4.82047e-43, 0, 0, 0, 1.01819, 0, 0, 0
92.15, 0.969704, 0.237775, 0.969704, 0.237775, 0, 0, -4.82047e-43, 0, 0, 0, 1.01819, 0, 0, 0
92.2, 0.969704, 0.237775, 0.969704, 0.237775, 0, 0, -4.82047e-43, 0, 0, 0, 1.01819, 0, 0, 0
92.2499, 0.969704, 0.237775, 0.969704, 0.237775, 0, 0, -4.82047e-43, 0, 0, 0, 1.01819, 0, 0, 0
92.2999, 0.969704, 0.237775, 0.969704, 0.237775, 0, 0, -4.82047e-43, 0, 0, 0, 1.01819, 0, 0, 0
92.3499, 0.969704, 0.237775, 0.969704, 0.237775, 0, 0, -4.82047e-43, 0, 0, 0, 1.01819, 0, 0, 0
92.3998, 0.969704, 0.237775, 0.969704, 0.237775, 0, 0, -4.82047e-43, 0, 0, 0, 1.01819, 0, 0, 0
92.4498, 0.969704, 0.237775, 0.969704, 0.237775, 0, 0, -4.82047e-43, 0, 0, 0, 1.01819, 0, 0, 0
92.4998, 0.969704, 0.237775, 0.969704, 0.237775, 0, 0, -4.82047e-43, 0, 0, 0, 1.01819, 0, 0, 0
92.5498, 0.969704, 0.237775, 0.969704, 0.237775, 0, 0, -4.82047e-43, 0, 0, 0, 1.01819, 0, 0, 0
92.5997, 0.969704, 0.237775, 0.969704, 0.237775, 0, 0, -4.82047e-43, 0, 0, 0, 1.01819, 0, 0, 0
92.6497, 0.969704, 0.237775, 0.969704, 0.237775, 0, 0, -4.82047e-43, 0, 0, 0, 1.01819, 0, 0, 0
92.6997, 0.969704, 0.237775, 0.969704, 0.237775, 0, 0, -4.82047e-43, 0, 0, 0, 1.01819, 0, 0, 0
92.7497, 0.969704, 0.237775, 0.969704, 0.237775, 0, 0, -4.82047e-43, 0, 0, 0, 1.01819, 0, 0, 0
92.7996, 0.969704, 0.237775, 0.969704, 0.237775, 0, 0, -4.82047e-43, 0, 0, 0, 1.01819, 0, 0, 0
92.8496, 0.969704, 0.237775, 0.969704, 0.237775, 0, 0, -4.82047e-43, 0, 0, 0, 1.01819, 0, 0, 0
92.8996, 0.969704, 0.237775, 0.969704, 0.237775, 0, 0, -4.82047e-43, 0, 0, 0, 1.01819, 0, 0, 0
92.9495, 0.969704, 0.237775, 0.969704, 0.237775, 0, 0, -4.82047e-43, 0, 0, 0, 1.01819, 0, 0, 0
92.9995, 0.969704, 0.237775, 0.969704, 0.237775, 0, 0, -4.82047e-43, 0, 0, 0, 1.01819, 0, 0, 0
93.0005, 0.969704, 0.237775, 0.969704, 0.237775, 0, 0, -4.82047e-43, 0, 0, 0, 1.01819, 0, 0, 0
93.0005, 0.969704, 0.237775, 0.969704, 0.237775, 0, 0, -4.82047e-43, 0, 0, 0, 1.01819, 0, 0, 0
93.0505, 0.969704, 0.237775, 0.969704, 0.237775, 0, 0, -4.82047e-43, 0, 0, 0, 1.01819, 0, 0, 0
93.1005, 0.969704, 0.237775, 0.969704, 0.237775, 0, 0, -4.82047e-43, 0, 0, 0, 1.01819, 0, 0, 0
93.1504, 0.969704, 0.237775, 0.969704, 0.237775, 0, 0, -4.82047e-43, 0, 0, 0, 1.01819, 0, 0, 0
93.2004, 0.969704, 0.237775, 0.969704, 0.237775, 0, 0, -4.82047e-43, 0, 0, 0, 1.01819, 0, 0, 0
93.2504, 0.969704, 0.237775, 0.969704, 0.237775, 0, 0, -4.82047e-43, 0, 0, 0, 1.01819, 0, 0, 0
93.3004, 0.969704, 0.237775, 0.969704, 0.237775, 0, 0, -4.82047e-43, 0, 0, 0, 1.01819, 0, 0, 0
93.3503, 0.969704, 0.237775, 0.969704, 0.237775, 0, 0, -4.82047e-43, 0, 0, 0, 1.01819, 0, 0, 0
93.4003, 0.969704, 0.237775, 0.969704, 0.237775, 0, 0, -4.82047e-43, 0, 0, 0, 1.01819, 0, 0, 0
93.4503, 0.969704, 0.237775, 0.969704, 0.237775, 0, 0, -4.82047e-43, 0, 0, 0, 1.01819, 0, 0, 0
93.5002, 0.969704, 0.237775, 0.969704, 0.237775, 0, 0, -4.82047e-43, 0, 0, 0, 1.01819, 0, 0, 0
93.5502, 0.969704, 0.237775, 0.969704, 0.237775, 0, 0, -4.82047e-43, 0, 0, 0, 1.01819, 0, 0, 0
93.6002, 0.969704, 0.237775, 0.969704, 0.237775, 0, 0, -4.82047e-43, 0, 0, 0, 1.01819, 0, 0, 0
93.6502, 0.969704, 0.237775, 0.969704, 0.237775, 0, 0, -4.82047e-43, 0, 0, 0, 1.01819, 0, 0, 0
93.7001, 0.969704, 0.237775, 0.969704, 0.237775, 0, 0, -4.82047e-43, 0, 0, 0, 1.01819, 0, 0, 0
93.7501, 0.969704, 0.237775, 0.969704, 0.237775, 0, 0, -4.82047e-43, 0, 0, 0, 1.01819, 0, 0, 0
93.8001, 0.969704, 0.237775, 0.969704, 0.237775, 0, 0, -4.82047e-43, 0, 0, 0, 1.01819, 0, 0, 0
93.8501, 0.969704, 0.237775, 0.969704, 0.237775, 0, 0, -4.82047e-43, 0, 0, 0, 1.01819, 0, 0, 0
93.9, 0.969704, 0.237775, 0.969704, 0.237775, 0, 0, -4.82047e-43, 0, 0, 0, 1.01819, 0, 0, 0
93.95, 0.969704, 0.237775, 0.969704, 0.237775, 0, 0, -4.82047e-43, 0, 0, 0, 1.01819, 0, 0, 0
94, 0.969704, 0.237775, 0.969704, 0.237775, 0, 0, -4.82047e-43, 0, 0, 0, 1.01819, 0, 0, 0
94.001, 0.969704, 0.237775, 0.969704, 0.237775, 0, 0, -4.82047e-43, 0, 0, 0, 1.01819, 0, 0, 0
94.001, 0.969704, 0.237775, 0.969704, 0.237775, 0, 0, -4.82047e-43, 0, 0, 0, 1.01819, 0, 0, 0
94.0509, 0.969704, 0.237775, 0.969704, 0.237775, 0, 0, -4.82047e-43, 0, 0, 0, 1.01819, 0, 0, 0
94.1009, 0.969704, 0.237775, 0.969704, 0.237775, 0, 0, -4.82047e-43, 0, 0, 0, 1.01819, 0, 0, 0
94.1509, 0.969704, 0.237775, 0.969704, 0.237775, 0, 0, -4.82047e-43, 0, 0, 0, 1.01819, 0, 0, 0
94.2009, 0.969704, 0.237775, 0.969704, 0.237775, 0, 0, -4.82047e-43, 0, 0, 0, 1.01819, 0, 0, 0
94.2508, 0.969704, 0.237775, 0.969704, 0.237775, 0, 0, -4.82047e-43, 0, 0, 0, 1.01819, 0, 0, 0
94.3008, 0.969704, 0.237775, 0.969704, 0.237775, 0, 0, -4.82047e-43, 0, 0, 0, 1.01819, 0, 0, 0
94.3508, 0.969704, 0.237775, 0.969704, 0.237775, 0, 0, -4.82047e-43, 0, 0, 0, 1.01819, 0, 0, 0
94.4007, 0.969704, 0.237775, 0.969704, 0.237775, 0, 0, -4.82047e-43, 0, 0, 0, 1.01819, 0, 0, 0
94.4507, 0.969704, 0.237775, 0.969704, 0.237775, 0, 0, -4.82047e-43, 0, 0, 0, 1.01819, 0, 0, 0
94.5007, 0.969704, 0.237775, 0.969704, 0.237775, 0, 0, -4.82047e-43, 0, 0, 0, 1.01819, 0, 0, 0
94.5507, 0.969704, 0.237775, 0.969704, 0.237775, 0, 0, -4.82047e-43, 0, 0, 0, 1.01819, 0, 0, 0
94.6006, 0.969704, 0.237775, 0.969704, 0.237775, 0, 0, -4.82047e-43, 0, 0, 0, 1.01819, 0, 0, 0
94.6506, 0.969704, 0.237775, 0.969704, 0.237775, 0, 0, -4.82047e-43, 0, 0, 0, 1.01819, 0, 0, 0
94.7006, 0.969704, 0.237775, 0.969704, 0.237775, 0, 0, -4.82047e-43, 0, 0, 0, 1.01819, 0, 0, 0
94.7506, 0.969704, 0.237775, 0.969704, 0.237775, 0, 0, -4.82047e-43, 0, 0, 0, 1.01819, 0, 0, 0
94.8005, 0.969704, 0.237775, 0.969704, 0.237775, 0, 0, -4.82047e-43, 0, 0, 0, 1.01819, 0, 0, 0
94.8505, 0.969704, 0.237775, 0.969704, 0.237775, 0, 0, -4.82047e-43, 0, 0, 0, 1.01819, 0, 0, 0
94.9005, 0.969704, 0.237775, 0.969704, 0.237775, 0, 0, -4.82047e-43, 0, 0, 0, 1.01819, 0, 0, 0
94.9504, 0.969704, 0.237775, 0.969704, 0.237775, 0, 0, -4.82047e-43, 0, 0, 0, 1.01819, 0, 0, 0
95.0004, 0.969704, 0.237775, 0.969704, 0.237775, 0, 0, -4.82047e-43, 0, 0, 0, 1.01819, 0, 0, 0
95.0004, 0.969704, 0.237775, 0.969704, 0.237775, 0, 0, -4.82047e-43, 0, 0, 0, 1.01819, 0, 0, 0
95.0504, 0.969704, 0.237775, 0.969704, 0.237775, 0, 0, -4.82047e-43, 0, 0, 0, 1.01819, 0, 0, 0
95.1004, 0.969704, 0.237775, 0.969704, 0.237775, 0, 0, -4.82047e-43, 0, 0, 0, 1.01819, 0, 0, 0
95.1503, 0.969704, 0.237775, 0.969704, 0.237775, 0, 0, -4.82047e-43, 0, 0, 0, 1.01819, 0, 0, 0
95.2003, 0.969704, 0.237775, 0.969704, 0.237775, 0, 0, -4.82047e-43, 0, 0, 0, 1.01819, 0, 0, 0
95.2503, 0.969704, 0.237775, 0.969704, 0.237775, 0, 0, -4.82047e-43, 0, 0, 0, 1.01819, 0, 0, 0
95.3003, 0.969704, 0.237775, 0.969704, 0.237775, 0, 0, -4.82047e-43, 0, 0, 0, 1.01819, 0, 0, 0
95.3502, 0.969704, 0.237775, 0.969704, 0.237775, 0, 0, -4.82047e-43, 0, 0, 0, 1.01819, 0, 0, 0
95.4002, 0.969704, 0.237775, 0.969704, 0.237775, 0, 0, -4.82047e-43, 0, 0, 0, 1.01819, 0, 0, 0
95.4502, 0.969704, 0.237775, 0.969704, 0.237775, 0, 0, -4.82047e-43, 0, 0, 0, 1.01819, 0, 0, 0
95.5001, 0.969704, 0.237775, 0.969704, 0.237775, 0, 0, -4.82047e-43, 0, 0, 0, 1.01819, 0, 0, 0
95.5501, 0.969704, 0.237775, 0.969704, 0.237775, 0, 0, -4.82047e-43, 0, 0, 0, 1.01819, 0, 0, 0
95.6001, 0.969704, 0.237775, 0.969704, 0.237775, 0, 0, -4.82047e-43, 0, 0, 0, 1.01819, 0, 0, 0
95.6501, 0.969704, 0.237775, 0.969704, 0.237775, 0, 0, -4.82047e-43, 0, 0, 0, 1.01819, 0, 0, 0
95.7, 0.969704, 0.237775, 0.969704, 0.237775, 0, 0, -4.82047e-43, 0, 0, 0, 1.01819, 0, 0, 0
95.75, 0.969704, 0.237775, 0.969704, 0.237775, 0, 0, -4.82047e-43, 0, 0, 0, 1.01819, 0, 0, 0
95.8, 0.969704, 0.237775, 0.969704, 0.237775, 0, 0, -4.82047e-43, 0, 0, 0, 1.01819, 0, 0, 0
95.85, 0.969704, 0.237775, 0.969704, 0.237775, 0, 0, -4.82047e-43, 0, 0, 0, 1.01819, 0, 0, 0
95.8999, 0.969704, 0.237775, 0.969704, 0.237775, 0, 0, -4.82047e-43, 0, 0, 0, 1.01819, 0, 0, 0
95.9499, 0.969704, 0.237775, 0.969704, 0.237775, 0, 0, -4.82047e-43, 0, 0, 0, 1.01819, 0, 0, 0
95.9999, 0.969704, 0.237775, 0.969704, 0.237775, 0, 0, -4.82047e-43, 0, 0, 0, 1.01819, 0, 0, 0
96.0009, 0.969704, 0.237775, 0.969704, 0.237775, 0, 0, -4.82047e-43, 0, 0, 0, 1.01819, 0, 0, 0
96.0009, 0.969704, 0.237775, 0.969704, 0.237775, 0, 0, -4.82047e-43, 0, 0, 0, 1.01819, 0, 0, 0
96.0508, 0.969704, 0.237775, 0.969704, 0.237775, 0, 0, -4.82047e-43, 0, 0, 0, 1.01819, 0, 0, 0
96.1008, 0.969704, 0.237775, 0.969704, 0.237775, 0, 0, -4.82047e-43, 0, 0, 0, 1.01819, 0, 0, 0
96.1508, 0.969704, 0.237775, 0.969704, 0.237775, 0, 0, -4.82047e-43, 0, 0, 0, 1.01819, 0, 0, 0
96.2008, 0.969704, 0.237775, 0.969704, 0.237775, 0, 0, -4.82047e-43, 0, 0, 0, 1.01819, 0, 0, 0
96.2507, 0.969704, 0.237775, 0.969704, 0.237775, 0, 0, -4.82047e-43, 0, 0, 0, 1.01819, 0, 0, 0
96.3007, 0.969704, 0.237775, 0.969704, 0.237775, 0, 0, -4.82047e-43, 0, 0, 0, 1.01819, 0, 0, 0
96.3507, 0.969704, 0.237775, 0.969704, 0.237775, 0, 0, -4.82047e-43, 0, 0, 0, 1.01819, 0, 0, 0
96.4007, 0.969704, 0.237775, 0.969704, 0.237775, 0, 0, -4.82047e-43, 0, 0, 0, 1.01819, 0, 0, 0
96.4506, 0.969704, 0.237775, 0.969704, 0.237775, 0, 0, -4.82047e-43, 0, 0, 0, 1.01819, 0, 0, 0
96.5006, 0.969704, 0.237775, 0.969704, 0.237775, 0, 0, -4.82047e-43, 0, 0, 0, 1.01819, 0, 0, 0
96.5506, 0.969704, 0.237775, 0.969704, 0.237775, 0, 0, -4.82047e-43, 0, 0, 0, 1.01819, 0, 0, 0
96.6005, 0.969704, 0.237775, 0.969704, 0.237775, 0, 0, -4.82047e-43, 0, 0, 0, 1.01819, 0, 0, 0
96.6505, 0.969704, 0.237775, 0.969704, 0.237775, 0, 0, -4.82047e-43, 0, 0, 0, 1.01819, 0, 0, 0
96.7005, 0.969704, 0.237775, 0.969704, 0.237775, 0, 0, -4.82047e-43, 0, 0, 0, 1.01819, 0, 0, 0
96.7505, 0.969704, 0.237775, 0.969704, 0.237775, 0, 0, -4.82047e-43, 0, 0, 0, 1.01819, 0, 0, 0
96.8004, 0.969704, 0.237775, 0.969704, 0.237775, 0, 0, -4.82047e-43, 0, 0, 0, 1.01819, 0, 0, 0
96.8504, 0.969704, 0.237775, 0.969704, 0.237775, 0, 0, -4.82047e-43, 0, 0, 0, 1.01819, 0, 0, 0
96.9004, 0.969704, 0.237775, 0.969704, 0.237775, 0, 0, -4.82047e-43, 0, 0, 0, 1.01819, 0, 0, 0
96.9503, 0.969704, 0.237775, 0.969704, 0.237775, 0, 0, -4.82047e-43, 0, 0, 0, 1.01819, 0, 0, 0
97.0003, 0.969704, 0.237775, 0.969704, 0.237775, 0, 0, -4.82047e-43, 0, 0, 0, 1.01819, 0, 0, 0
97.0003, 0.969704, 0.237775, 0.969704, 0.237775, 0, 0, -4.82047e-43, 0, 0, 0, 1.01819, 0, 0, 0
97.0503, 0.969704, 0.237775, 0.969704, 0.237775, 0, 0, -4.82047e-43, 0, 0, 0, 1.01819, 0, 0, 0
97.1003, 0.969704, 0.237775, 0.969704, 0.237775, 0, 0, -4.82047e-43, 0, 0, 0, 1.01819, 0, 0, 0
97.1502, 0.969704, 0.237775, 0.969704, 0.237775, 0, 0, -4.82047e-43, 0, 0, 0, 1.01819, 0, 0, 0
97.2002, 0.969704, 0.237775, 0.969704, 0.237775, 0, 0, -4.82047e-43, 0, 0, 0, 1.01819, 0, 0, 0
97.2502, 0.969704, 0.237775, 0.969704, 0.237775, 0, 0, -4.82047e-43, 0, 0, 0, 1.01819, 0, 0, 0
97.3002, 0.969704, 0.237775, 0.969704, 0.237775, 0, 0, -4.82047e-43, 0, 0, 0, 1.01819, 0, 0, 0
97.3501, 0.969704, 0.237775, 0.969704, 0.237775, 0, 0, -4.82047e-43, 0, 0, 0, 1.01819, 0, 0, 0
97.4001, 0.969704, 0.237775, 0.969704, 0.237775, 0, 0, -4.82047e-43, 0, 0, 0, 1.01819, 0, 0, 0
97.4501, 0.969704, 0.237775, 0.969704, 0.237775, 0, 0, -4.82047e-43, 0, 0, 0, 1.01819, 0, 0, 0
97.5, 0.969704, 0.237775, 0.969704, 0.237775, 0, 0, -4.82047e-43, 0, 0, 0, 1.01819, 0, 0, 0
97.55, 0.969704, 0.237775, 0.969704, 0.237775, 0, 0, -4.82047e-43, 0, 0, 0, 1.01819, 0, 0, 0
97.6, 0.969704, 0.237775, 0.969704, 0.237775, 0, 0, -4.82047e-43, 0, 0, 0, 1.01819, 0, 0, 0
97.65, 0.969704, 0.237775, 0.969704, 0.237775, 0, 0, -4.82047e-43, 0, 0, 0, 1.01819, 0, 0, 0
97.6999, 0.969704, 0.237775, 0.969704, 0.237775, 0, 0, -4.82047e-43, 0, 0, 0, 1.01819, 0, 0, 0
97.7499, 0.969704, 0.237775, 0.969704, 0.237775, 0, 0, -4.82047e-43, 0, 0, 0, 1.01819, 0, 0, 0
97.7999, 0.969704, 0.237775, 0.969704, 0.237775, 0, 0, -4.82047e-43, 0, 0, 0, 1.01819, 0, 0, 0
97.8499, 0.969704, 0.237775, 0.969704, 0.237775, 0, 0, -4.82047e-43, 0, 0, 0, 1.01819, 0, 0, 0
97.8998, 0.969704, 0.237775, 0.969704, 0.237775, 0, 0, -4.82047e-43, 0, 0, 0, 1.01819, 0, 0, 0
97.9498, 0.969704, 0.237775, 0.969704, 0.237775, 0, 0, -4.82047e-43, 0, 0, 0, 1.01819, 0, 0, 0
97.9998, 0.969704, 0.237775, 0.969704, 0.237775, 0, 0, -4.82047e-43, 0, 0, 0, 1.01819, 0, 0, 0
98.0008, 0.969704, 0.237775, 0.969704, 0.237775, 0, 0, -4.82047e-43, 0, 0, 0, 1.01819, 0, 0, 0
98.0008, 0.969704, 0.237775, 0.969704, 0.237775, 0, 0, -4.82047e-43, 0, 0, 0, 1.01819, 0, 0, 0
98.0507, 0.969704, 0.237775, 0.969704, 0.237775, 0, 0, -4.82047e-43, 0, 0, 0, 1.01819, 0, 0, 0
98.1007, 0.969704, 0.237775, 0.969704, 0.237775, 0, 0, -4.82047e-43, 0, 0, 0, 1.01819, 0, 0, 0
98.1507, 0.969704, 0.237775, 0.969704, 0.237775, 0, 0, -4.82047e-43, 0, 0, 0, 1.01819, 0, 0, 0
98.2007, 0.969704, 0.237775, 0.969704, 0.237775, 0, 0, -4.82047e-43, 0, 0, 0, 1.01819, 0, 0, 0
98.2506, 0.969704, 0.237775, 0.969704, 0.237775, 0, 0, -4.82047e-43, 0, 0, 0, 1.01819, 0, 0, 0
98.3006, 0.969704, 0.237775, 0.969704, 0.237775, 0, 0, -4.82047e-43, 0, 0, 0, 1.01819, 0, 0, 0
98.3506, 0.969704, 0.237775, 0.969704, 0.237775, 0, 0, -4.82047e-43, 0, 0, 0, 1.01819, 0, 0, 0
98.4006, 0.969704, 0.237775, 0.969704, 0.237775, 0, 0, -4.82047e-43, 0, 0, 0, 1.01819, 0, 0, 0
98.4505, 0.969704, 0.237775, 0.969704, 0.237775, 0, 0, -4.82047e-43, 0, 0, 0, 1.01819, 0, 0, 0
98.5005, 0.969704, 0.237775, 0.969704, 0.237775, 0, 0, -4.82047e-43, 0, 0, 0, 1.01819, 0, 0, 0
98.5505, 0.969704, 0.237775, 0.969704, 0.237775, 0, 0, -4.82047e-43, 0, 0, 0, 1.01819, 0, 0, 0
98.6004, 0.969704, 0.237775, 0.969704, 0.237775, 0, 0, -4.82047e-43, 0, 0, 0, 1.01819, 0, 0, 0
98.6504, 0.969704, 0.237775, 0.969704, 0.237775, 0, 0, -4.82047e-43, 0, 0, 0, 1.01819, 0, 0, 0
98.7004, 0.969704, 0.237775, 0.969704, 0.237775, 0, 0, -4.82047e-43, 0, 0, 0, 1.01819, 0, 0, 0
98.7504, 0.969704, 0.237775, 0.969704, 0.237775, 0, 0, -4.82047e-43, 0, 0, 0, 1.01819, 0, 0, 0
98.8003, 0.969704, 0.237775, 0.969704, 0.237775, 0, 0, -4.82047e-43, 0, 0, 0, 1.01819, 0, 0, 0
98.8503, 0.969704, 0.237775, 0.969704, 0.237775, 0, 0, -4.82047e-43, 0, 0, 0, 1.01819, 0, 0, 0
98.9003, 0.969704, 0.237775, 0.969704, 0.237775, 0, 0, -4.82047e-43, 0, 0, 0, 1.01819, 0, 0, 0
98.9502, 0.969704, 0.237775, 0.969704, 0.237775, 0, 0, -4.82047e-43, 0, 0, 0, 1.01819, 0, 0, 0
99.0002, 0.969704, 0.237775, 0.969704, 0.237775, 0, 0, -4.82047e-43, 0, 0, 0, 1.01819, 0, 0, 0
99.0002, 0.969704, 0.237775, 0.969704, 0.237775, 0, 0, -4.82047e-43, 0, 0, 0, 1.01819, 0, 0, 0
99.0502, 0.969704, 0.237775, 0.969704, 0.237775, 0, 0, -4.82047e-43, 0, 0, 0, 1.01819, 0, 0, 0
99.1002, 0.969704, 0.237775, 0.969704, 0.237775, 0, 0, -4.82047e-43, 0, 0, 0, 1.01819, 0, 0, 0
99.1501, 0.969704, 0.237775, 0.969704, 0.237775, 0, 0, -4.82047e-43, 0, 0, 0, 1.01819, 0, 0, 0
99.2001, 0.969704, 0.237775, 0.969704, 0.237775, 0, 0, -4.82047e-43, 0, 0, 0, 1.01819, 0, 0, 0
99.2501, 0.969704, 0.237775, 0.969704, 0.237775, 0, 0, -4.82047e-43, 0, 0, 0, 1.01819, 0, 0, 0
99.3001, 0.969704, 0.237775, 0.969704, 0.237775, 0, 0, -4.82047e-43, 0, 0, 0, 1.01819, 0, 0, 0
99.35, 0.969704, 0.237775, 0.969704, 0.237775, 0, 0, -4.82047e-43, 0, 0, 0, 1.01819, 0, 0, 0
99.4, 0.969704, 0.237775, 0.969704, 0.237775, 0, 0, -4.82047e-43, 0, 0, 0, 1.01819, 0, 0, 0
99.45, 0.969704, 0.237775, 0.969704, 0.237775, 0, 0, -4.82047e-43, 0, 0, 0, 1.01819, 0, 0, 0
99.4999, 0.969704, 0.237775, 0.969704, 0.237775, 0, 0, -4.82047e-43, 0, 0, 0, 1.01819, 0, 0, 0
99.5499, 0.969704, 0.237775, 0.969704, 0.237775, 0, 0, -4.82047e-43, 0, 0, 0, 1.01819, 0, 0, 0
99.5999, 0.969704, 0.237775, 0.969704, 0.237775, 0, 0, -4.82047e-43, 0, 0, 0, 1.01819, 0, 0, 0
99.6499, 0.969704, 0.237775, 0.969704, 0.237775, 0, 0, -4.82047e-43, 0, 0, 0, 1.01819, 0, 0, 0
99.6998, 0.969704, 0.237775, 0.969704, 0.237775, 0, 0, -4.82047e-43, 0, 0, 0, 1.01819, 0, 0, 0
99.7498, 0.969704, 0.237775, 0.969704, 0.237775, 0, 0, -4.82047e-43, 0, 0, 0, 1.01819, 0, 0, 0
99.7998, 0.969704, 0.237775, 0.969704, 0.237775, 0, 0, -4.82047e-43, 0, 0, 0, 1.01819, 0, 0, 0
99.8498, 0.969704, 0.237775, 0.969704, 0.237775, 0, 0, -4.82047e-43, 0, 0, 0, 1.01819, 0, 0, 0
99.8997, 0.969704, 0.237775, 0.969704, 0.237775, 0, 0, -4.82047e-43, 0, 0, 0, 1.01819, 0, 0, 0
99.9497, 0.969704, 0.237775, 0.969704, 0.237775, 0, 0, -4.82047e-43, 0, 0, 0, 1.01819, 0, 0, 0
99.9997, 0.969704, 0.237775, 0.969704, 0.237775, 0, 0, -4.82047e-43, 0, 0, 0, 1.01819, 0, 0, 0
100.001, 0.969704, 0.237775, 0.969704, 0.237775, 0, 0, -4.82047e-43, 0, 0, 0, 1.01819, 0, 0, 0
100.001, 0.969704, 0.237775, 0.969704, 0.237775, 0, 0, -4.82047e-43, 0, 0, 0, 1.01819, 0, 0, 0
100.051, 0.969704, 0.237775, 0.969704, 0.237775, 0, 0, -4.82047e-43, 0, 0, 0, 1.01819, 0, 0, 0
100.101, 0.969704, 0.237775, 0.969704, 0.237775, 0, 0, -4.82047e-43, 0, 0, 0, 1.01819, 0, 0, 0
100.151, 0.969704, 0.237775, 0.969704, 0.237775, 0, 0, -4.82047e-43, 0, 0, 0, 1.01819, 0, 0, 0
100.201, 0.969704, 0.237775, 0.969704, 0.237775, 0, 0, -4.82047e-43, 0, 0, 0, 1.01819, 0, 0, 0
100.251, 0.969704, 0.237775, 0.969704, 0.237775, 0, 0, -4.82047e-43, 0, 0, 0, 1.01819, 0, 0, 0
100.301, 0.969704, 0.237775, 0.969704, 0.237775, 0, 0, -4.82047e-43, 0, 0, 0, 1.01819, 0, 0, 0
100.35, 0.969704, 0.237775, 0.969704, 0.237775, 0, 0, -4.82047e-43, 0, 0, 0, 1.01819, 0, 0, 0
100.4, 0.969704, 0.237775, 0.969704, 0.237775, 0, 0, -4.82047e-43, 0, 0, 0, 1.01819, 0, 0, 0
100.45, 0.969704, 0.237775, 0.969704, 0.237775, 0, 0, -4.82047e-43, 0, 0, 0, 1.01819, 0, 0, 0
100.5, 0.969704, 0.237775, 0.969704, 0.237775, 0, 0, -4.82047e-43, 0, 0, 0, 1.01819, 0, 0, 0
100.55, 0.969704, 0.237775, 0.969704, 0.237775, 0, 0, -4.82047e-43, 0, 0, 0, 1.01819, 0, 0, 0
100.6, 0.969704, 0.237775, 0.969704, 0.237775, 0, 0, -4.82047e-43, 0, 0, 0, 1.01819, 0, 0, 0
100.65, 0.969704, 0.237775, 0.969704, 0.237775, 0, 0, -4.82047e-43, 0, 0, 0, 1.01819, 0, 0, 0
100.7, 0.969704, 0.237775, 0.969704, 0.237775, 0, 0, -4.82047e-43, 0, 0, 0, 1.01819, 0, 0, 0
100.75, 0.969704, 0.237775, 0.969704, 0.237775, 0, 0, -4.82047e-43, 0, 0, 0, 1.01819, 0, 0, 0
100.8, 0.969704, 0.237775, 0.969704, 0.237775, 0, 0, -4.82047e-43, 0, 0, 0, 1.01819, 0, 0, 0
100.85, 0.969704, 0.237775, 0.969704, 0.237775, 0, 0, -4.82047e-43, 0, 0, 0, 1.01819, 0, 0, 0
100.9, 0.969704, 0.237775, 0.969704, 0.237775, 0, 0, -4.82047e-43, 0, 0, 0, 1.01819, 0, 0, 0
100.95, 0.969704, 0.237775, 0.969704, 0.237775, 0, 0, -4.82047e-43, 0, 0, 0, 1.01819, 0, 0, 0
101, 0.969704, 0.237775, 0.969704, 0.237775, 0, 0, -4.82047e-43, 0, 0, 0, 1.01819, 0, 0, 0
101, 0.969704, 0.237775, 0.969704, 0.237775, 0, 0, -4.82047e-43, 0, 0, 0, 1.01819, 0, 0, 0
101.05, 0.969704, 0.237775, 0.969704, 0.237775, 0, 0, -4.82047e-43, 0, 0, 0, 1.01819, 0, 0, 0
101.1, 0.969704, 0.237775, 0.969704, 0.237775, 0, 0, -4.82047e-43, 0, 0, 0, 1.01819, 0, 0, 0
101.15, 0.969704, 0.237775, 0.969704, 0.237775, 0, 0, -4.82047e-43, 0, 0, 0, 1.01819, 0, 0, 0
101.2, 0.969704, 0.237775, 0.969704, 0.237775, 0, 0, -4.82047e-43, 0, 0, 0, 1.01819, 0, 0, 0
101.25, 0.969704, 0.237775, 0.969704, 0.237775, 0, 0, -4.82047e-43, 0, 0, 0, 1.01819, 0, 0, 0
101.3, 0.969704, 0.237775, 0.969704, 0.237775, 0, 0, -4.82047e-43, 0, 0, 0, 1.01819, 0, 0, 0
101.35, 0.969704, 0.237775, 0.969704, 0.237775, 0, 0, -4.82047e-43, 0, 0, 0, 1.01819, 0, 0, 0
101.4, 0.969704, 0.237775, 0.969704, 0.237775, 0, 0, -4.82047e-43, 0, 0, 0, 1.01819, 0, 0, 0
101.45, 0.969704, 0.237775, 0.969704, 0.237775, 0, 0, -4.82047e-43, 0, 0, 0, 1.01819, 0, 0, 0
101.5, 0.969704, 0.237775, 0.969704, 0.237775, 0, 0, -4.82047e-43, 0, 0, 0, 1.01819, 0, 0, 0
101.55, 0.969704, 0.237775, 0.969704, 0.237775, 0, 0, -4.82047e-43, 0, 0, 0, 1.01819, 0, 0, 0
101.6, 0.969704, 0.237775, 0.969704, 0.237775, 0, 0, -4.82047e-43, 0, 0, 0, 1.01819, 0, 0, 0
101.65, 0.969704, 0.237775, 0.969704, 0.237775, 0, 0, -4.82047e-43, 0, 0, 0, 1.01819, 0, 0, 0
101.7, 0.969704, 0.237775, 0.969704, 0.237775, 0, 0, -4.82047e-43, 0, 0, 0, 1.01819, 0, 0, 0
101.75, 0.969704, 0.237775, 0.969704, 0.237775, 0, 0, -4.82047e-43, 0, 0, 0, 1.01819, 0, 0, 0
101.8, 0.969704, 0.237775, 0.969704, 0.237775, 0, 0, -4.82047e-43, 0, 0, 0, 1.01819, 0, 0, 0
101.85, 0.969704, 0.237775, 0.969704, 0.237775, 0, 0, -4.82047e-43, 0, 0, 0, 1.01819, 0, 0, 0
101.9, 0.969704, 0.237775, 0.969704, 0.237775, 0, 0, -4.82047e-43, 0, 0, 0, 1.01819, 0, 0, 0
101.95, 0.969704, 0.237775, 0.969704, 0.237775, 0, 0, -4.82047e-43, 0, 0, 0, 1.01819, 0, 0, 0
102, 0.969704, 0.237775, 0.969704, 0.237775, 0, 0, -4.82047e-43, 0, 0, 0, 1.01819, 0, 0, 0
102.001, 0.969704, 0.237775, 0.969704, 0.237775, 0, 0, -4.82047e-43, 0, 0, 0, 1.01819, 0, 0, 0
102.001, 0.969704, 0.237775, 0.969704, 0.237775, 0, 0, -4.82047e-43, 0, 0, 0, 1.01819, 0, 0, 0
102.051, 0.969704, 0.237775, 0.969704, 0.237775, 0, 0, -4.82047e-43, 0, 0, 0, 1.01819, 0, 0, 0
102.101, 0.969704, 0.237775, 0.969704, 0.237775, 0, 0, -4.82047e-43, 0, 0, 0, 1.01819, 0, 0, 0
102.15, 0.969704, 0.237775, 0.969704, 0.237775, 0, 0, -4.82047e-43, 0, 0, 0, 1.01819, 0, 0, 0
102.2, 0.969704, 0.237775, 0.969704, 0.237775, 0, 0, -4.82047e-43, 0, 0, 0, 1.01819, 0, 0, 0
102.25, 0.969704, 0.237775, 0.969704, 0.237775, 0, 0, -4.82047e-43, 0, 0, 0, 1.01819, 0, 0, 0
102.3, 0.969704, 0.237775, 0.969704, 0.237775, 0, 0, -4.82047e-43, 0, 0, 0, 1.01819, 0, 0, 0
102.35, 0.969704, 0.237775, 0.969704, 0.237775, 0, 0, -4.82047e-43, 0, 0, 0, 1.01819, 0, 0, 0
102.4, 0.969704, 0.237775, 0.969704, 0.237775, 0, 0, -4.82047e-43, 0, 0, 0, 1.01819, 0, 0, 0
102.45, 0.969704, 0.237775, 0.969704, 0.237775, 0, 0, -4.82047e-43, 0, 0, 0, 1.01819, 0, 0, 0
102.5, 0.969704, 0.237775, 0.969704, 0.237775, 0, 0, -4.82047e-43, 0, 0, 0, 1.01819, 0, 0, 0
102.55, 0.969704, 0.237775, 0.969704, 0.237775, 0, 0, -4.82047e-43, 0, 0, 0, 1.01819, 0, 0, 0
102.6, 0.969704, 0.237775, 0.969704, 0.237775, 0, 0, -4.82047e-43, 0, 0, 0, 1.01819, 0, 0, 0
102.65, 0.969704, 0.237775, 0.969704, 0.237775, 0, 0, -4.82047e-43, 0, 0, 0, 1.01819, 0, 0, 0
102.7, 0.969704, 0.237775, 0.969704, 0.237775, 0, 0, -4.82047e-43, 0, 0, 0, 1.01819, 0, 0, 0
102.75, 0.969704, 0.237775, 0.969704, 0.237775, 0, 0, -4.82047e-43, 0, 0, 0, 1.01819, 0, 0, 0
102.8, 0.969704, 0.237775, 0.969704, 0.237775, 0, 0, -4.82047e-43, 0, 0, 0, 1.01819, 0, 0, 0
102.85, 0.969704, 0.237775, 0.969704, 0.237775, 0, 0, -4.82047e-43, 0, 0, 0, 1.01819, 0, 0, 0
102.9, 0.969704, 0.237775, 0.969704, 0.237775, 0, 0, -4.82047e-43, 0, 0, 0, 1.01819, 0, 0, 0
102.95, 0.969704, 0.237775, 0.969704, 0.237775, 0, 0, -4.82047e-43, 0, 0, 0, 1.01819, 0, 0, 0
103, 0.969704, 0.237775, 0.969704, 0.237775, 0, 0, -4.82047e-43, 0, 0, 0, 1.01819, 0, 0, 0
103, 0.969704, 0.237775, 0.969704, 0.237775, 0, 0, -4.82047e-43, 0, 0, 0, 1.01819, 0, 0, 0
103.05, 0.969704, 0.237775, 0.969704, 0.237775, 0, 0, -4.82047e-43, 0, 0, 0, 1.01819, 0, 0, 0
103.1, 0.969704, 0.237775, 0.969704, 0.237775, 0, 0, -4.82047e-43, 0, 0, 0, 1.01819, 0, 0, 0
103.15, 0.969704, 0.237775, 0.969704, 0.237775, 0, 0, -4.82047e-43, 0, 0, 0, 1.01819, 0, 0, 0
103.2, 0.969704, 0.237775, 0.969704, 0.237775, 0, 0, -4.82047e-43, 0, 0, 0, 1.01819, 0, 0, 0
103.25, 0.969704, 0.237775, 0.969704, 0.237775, 0, 0, -4.82047e-43, 0, 0, 0, 1.01819, 0, 0, 0
103.3, 0.969704, 0.237775, 0.969704, 0.237775, 0, 0, -4.82047e-43, 0, 0, 0, 1.01819, 0, 0, 0
103.35, 0.969704, 0.237775, 0.969704, 0.237775, 0, 0, -4.82047e-43, 0, 0, 0, 1.01819, 0, 0, 0
103.4, 0.969704, 0.237775, 0.969704, 0.237775, 0, 0, -4.82047e-43, 0, 0, 0, 1.01819, 0, 0, 0
103.45, 0.969704, 0.237775, 0.969704, 0.237775, 0, 0, -4.82047e-43, 0, 0, 0, 1.01819, 0, 0, 0
103.5, 0.969704, 0.237775, 0.969704, 0.237775, 0, 0, -4.82047e-43, 0, 0, 0, 1.01819, 0, 0, 0
103.55, 0.969704, 0.237775, 0.969704, 0.237775, 0, 0, -4.82047e-43, 0, 0, 0, 1.01819, 0, 0, 0
103.6, 0.969704, 0.237775, 0.969704, 0.237775, 0, 0, -4.82047e-43, 0, 0, 0, 1.01819, 0, 0, 0
103.65, 0.969704, 0.237775, 0.969704, 0.237775, 0, 0, -4.82047e-43, 0, 0, 0, 1.01819, 0, 0, 0
103.7, 0.969704, 0.237775, 0.969704, 0.237775, 0, 0, -4.82047e-43, 0, 0, 0, 1.01819, 0, 0, 0
103.75, 0.969704, 0.237775, 0.969704, 0.237775, 0, 0, -4.82047e-43, 0, 0, 0, 1.01819, 0, 0, 0
103.8, 0.969704, 0.237775, 0.969704, 0.237775, 0, 0, -4.82047e-43, 0, 0, 0, 1.01819, 0, 0, 0
103.85, 0.969704, 0.237775, 0.969704, 0.237775, 0, 0, -4.82047e-43, 0, 0, 0, 1.01819, 0, 0, 0
103.9, 0.969704, 0.237775, 0.969704, 0.237775, 0, 0, -4.82047e-43, 0, 0, 0, 1.01819, 0, 0, 0
103.95, 0.969704, 0.237775, 0.969704, 0.237775, 0, 0, -4.82047e-43, 0, 0, 0, 1.01819, 0, 0, 0
103.999, 0.969704, 0.237775, 0.969704, 0.237775, 0, 0, -4.82047e-43, 0, 0, 0, 1.01819, 0, 0, 0
104, 0.969704, 0.237775, 0.969704, 0.237775, 0, 0, -4.82047e-43, 0, 0, 0, 1.01819, 0, 0, 0
104, 0.969704, 0.237775, 0.969704, 0.237775, 0, 0, -4.82047e-43, 0, 0, 0, 1.01819, 0, 0, 0
104.05, 0.969704, 0.237775, 0.969704, 0.237775, 0, 0, -4.82047e-43, 0, 0, 0, 1.01819, 0, 0, 0
104.1, 0.969704, 0.237775, 0.969704, 0.237775, 0, 0, -4.82047e-43, 0, 0, 0, 1.01819, 0, 0, 0
104.15, 0.969704, 0.237775, 0.969704, 0.237775, 0, 0, -4.82047e-43, 0, 0, 0, 1.01819, 0, 0, 0
104.2, 0.969704, 0.237775, 0.969704, 0.237775, 0, 0, -4.82047e-43, 0, 0, 0, 1.01819, 0, 0, 0
104.25, 0.969704, 0.237775, 0.969704, 0.237775, 0, 0, -4.82047e-43, 0, 0, 0, 1.01819, 0, 0, 0
104.3, 0.969704, 0.237775, 0.969704, 0.237775, 0, 0, -4.82047e-43, 0, 0, 0, 1.01819, 0, 0, 0
104.35, 0.969704, 0.237775, 0.969704, 0.237775, 0, 0, -4.82047e-43, 0, 0, 0, 1.01819, 0, 0, 0
104.4, 0.969704, 0.237775, 0.969704, 0.237775, 0, 0, -4.82047e-43, 0, 0, 0, 1.01819, 0, 0, 0
104.45, 0.969704, 0.237775, 0.969704, 0.237775, 0, 0, -4.82047e-43, 0, 0, 0, 1.01819, 0, 0, 0
104.5, 0.969704, 0.237775, 0.969704, 0.237775, 0, 0, -4.82047e-43, 0, 0, 0, 1.01819, 0, 0, 0
104.55, 0.969704, 0.237775, 0.969704, 0.237775, 0, 0, -4.82047e-43, 0, 0, 0, 1.01819, 0, 0, 0
104.6, 0.969704, 0.237775, 0.969704, 0.237775, 0, 0, -4.82047e-43, 0, 0, 0, 1.01819, 0, 0, 0
104.65, 0.969704, 0.237775, 0.969704, 0.237775, 0, 0, -4.82047e-43, 0, 0, 0, 1.01819, 0, 0, 0
104.7, 0.969704, 0.237775, 0.969704, 0.237775, 0, 0, -4.82047e-43, 0, 0, 0, 1.01819, 0, 0, 0
104.75, 0.969704, 0.237775, 0.969704, 0.237775, 0, 0, -4.82047e-43, 0, 0, 0, 1.01819, 0, 0, 0
104.8, 0.969704, 0.237775, 0.969704, 0.237775, 0, 0, -4.82047e-43, 0, 0, 0, 1.01819, 0, 0, 0
104.85, 0.969704, 0.237775, 0.969704, 0.237775, 0, 0, -4.82047e-43, 0, 0, 0, 1.01819, 0, 0, 0
104.9, 0.969704, 0.237775, 0.969704, 0.237775, 0, 0, -4.82047e-43, 0, 0, 0, 1.01819, 0, 0, 0
104.95, 0.969704, 0.237775, 0.969704, 0.237775, 0, 0, -4.82047e-43, 0, 0, 0, 1.01819, 0, 0, 0
105, 0.969704, 0.237775, 0.969704, 0.237775, 0, 0, -4.82047e-43, 0, 0, 0, 1.01819, 0, 0, 0
105.001, 0.969704, 0.237775, 0.969704, 0.237775, 0, 0, -4.82047e-43, 0, 0, 0, 1.01819, 0, 0, 0
105.001, 0.969704, 0.237775, 0.969704, 0.237775, 0, 0, -4.82047e-43, 0, 0, 0, 1.01819, 0, 0, 0
105.051, 0.969704, 0.237775, 0.969704, 0.237775, 0, 0, -4.82047e-43, 0, 0, 0, 1.01819, 0, 0, 0
105.101, 0.969704, 0.237775, 0.969704, 0.237775, 0, 0, -4.82047e-43, 0, 0, 0, 1.01819, 0, 0, 0
105.151, 0.969704, 0.237775, 0.969704, 0.237775, 0, 0, -4.82047e-43, 0, 0, 0, 1.01819, 0, 0, 0
105.201, 0.969704, 0.237775, 0.969704, 0.237775, 0, 0, -4.82047e-43, 0, 0, 0, 1.01819, 0, 0, 0
105.251, 0.969704, 0.237775, 0.969704, 0.237775, 0, 0, -4.82047e-43, 0, 0, 0, 1.01819, 0, 0, 0
105.301, 0.969704, 0.237775, 0.969704, 0.237775, 0, 0, -4.82047e-43, 0, 0, 0, 1.01819, 0, 0, 0
105.351, 0.969704, 0.237775, 0.969704, 0.237775, 0, 0, -4.82047e-43, 0, 0, 0, 1.01819, 0, 0, 0
105.401, 0.969704, 0.237775, 0.969704, 0.237775, 0, 0, -4.82047e-43, 0, 0, 0, 1.01819, 0, 0, 0
105.451, 0.969704, 0.237775, 0.969704, 0.237775, 0, 0, -4.82047e-43, 0, 0, 0, 1.01819, 0, 0, 0
105.501, 0.969704, 0.237775, 0.969704, 0.237775, 0, 0, -4.82047e-43, 0, 0, 0, 1.01819, 0, 0, 0
105.551, 0.969704, 0.237775, 0.969704, 0.237775, 0, 0, -4.82047e-43, 0, 0, 0, 1.01819, 0, 0, 0
105.601, 0.969704, 0.237775, 0.969704, 0.237775, 0, 0, -4.82047e-43, 0, 0, 0, 1.01819, 0, 0, 0
105.651, 0.969704, 0.237775, 0.969704, 0.237775, 0, 0, -4.82047e-43, 0, 0, 0, 1.01819, 0, 0, 0
105.701, 0.969704, 0.237775, 0.969704, 0.237775, 0, 0, -4.82047e-43, 0, 0, 0, 1.01819, 0, 0, 0
105.751, 0.969704, 0.237775, 0.969704, 0.237775, 0, 0, -4.82047e-43, 0, 0, 0, 1.01819, 0, 0, 0
105.8, 0.969704, 0.237775, 0.969704, 0.237775, 0, 0, -4.82047e-43, 0, 0, 0, 1.01819, 0, 0, 0
105.85, 0.969704, 0.237775, 0.969704, 0.237775, 0, 0, -4.82047e-43, 0, 0, 0, 1.01819, 0, 0, 0
105.9, 0.969704, 0.237775, 0.969704, 0.237775, 0, 0, -4.82047e-43, 0, 0, 0, 1.01819, 0, 0, 0
105.95, 0.969704, 0.237775, 0.969704, 0.237775, 0, 0, -4.82047e-43, 0, 0, 0, 1.01819, 0, 0, 0
106, 0.969704, 0.237775, 0.969704, 0.237775, 0, 0, -4.82047e-43, 0, 0, 0, 1.01819, 0, 0, 0
106, 0.969704, 0.237775, 0.969704, 0.237775, 0, 0, -4.82047e-43, 0, 0, 0, 1.01819, 0, 0, 0
106.05, 0.969704, 0.237775, 0.969704, 0.237775, 0, 0, -4.82047e-43, 0, 0, 0, 1.01819, 0, 0, 0
106.1, 0.969704, 0.237775, 0.969704, 0.237775, 0, 0, -4.82047e-43, 0, 0, 0, 1.01819, 0, 0, 0
106.15, 0.969704, 0.237775, 0.969704, 0.237775, 0, 0, -4.82047e-43, 0, 0, 0, 1.01819, 0, 0, 0
106.2, 0.969704, 0.237775, 0.969704, 0.237775, 0, 0, -4.82047e-43, 0, 0, 0, 1.01819, 0, 0, 0
106.25, 0.969704, 0.237775, 0.969704, 0.237775, 0, 0, -4.82047e-43, 0, 0, 0, 1.01819, 0, 0, 0
106.3, 0.969704, 0.237775, 0.969704, 0.237775, 0, 0, -4.82047e-43, 0, 0, 0, 1.01819, 0, 0, 0
106.35, 0.969704, 0.237775, 0.969704, 0.237775, 0, 0, -4.82047e-43, 0, 0, 0, 1.01819, 0, 0, 0
106.4, 0.969704, 0.237775, 0.969704, 0.237775, 0, 0, -4.82047e-43, 0, 0, 0, 1.01819, 0, 0, 0
106.45, 0.969704, 0.237775, 0.969704, 0.237775, 0, 0, -4.82047e-43, 0, 0, 0, 1.01819, 0, 0, 0
106.5, 0.969704, 0.237775, 0.969704, 0.237775, 0, 0, -4.82047e-43, 0, 0, 0, 1.01819, 0, 0, 0
106.55, 0.969704, 0.237775, 0.969704, 0.237775, 0, 0, -4.82047e-43, 0, 0, 0, 1.01819, 0, 0, 0
106.6, 0.969704, 0.237775, 0.969704, 0.237775, 0, 0, -4.82047e-43, 0, 0, 0, 1.01819, 0, 0, 0
106.65, 0.969704, 0.237775, 0.969704, 0.237775, 0, 0, -4.82047e-43, 0, 0, 0, 1.01819, 0, 0, 0
106.7, 0.969704, 0.237775, 0.969704, 0.237775, 0, 0, -4.82047e-43, 0, 0, 0, 1.01819, 0, 0, 0
106.75, 0.969704, 0.237775, 0.969704, 0.237775, 0, 0, -4.82047e-43, 0, 0, 0, 1.01819, 0, 0, 0
106.8, 0.969704, 0.237775, 0.969704, 0.237775, 0, 0, -4.82047e-43, 0, 0, 0, 1.01819, 0, 0, 0
106.85, 0.969704, 0.237775, 0.969704, 0.237775, 0, 0, -4.82047e-43, 0, 0, 0, 1.01819, 0, 0, 0
106.9, 0.969704, 0.237775, 0.969704, 0.237775, 0, 0, -4.82047e-43, 0, 0, 0, 1.01819, 0, 0, 0
106.95, 0.969704, 0.237775, 0.969704, 0.237775, 0, 0, -4.82047e-43, 0, 0, 0, 1.01819, 0, 0, 0
107, 0.969704, 0.237775, 0.969704, 0.237775, 0, 0, -4.82047e-43, 0, 0, 0, 1.01819, 0, 0, 0
107.001, 0.969704, 0.237775, 0.969704, 0.237775, 0, 0, -4.82047e-43, 0, 0, 0, 1.01819, 0, 0, 0
107.001, 0.969704, 0.237775, 0.969704, 0.237775, 0, 0, -4.82047e-43, 0, 0, 0, 1.01819, 0, 0, 0
107.051, 0.969704, 0.237775, 0.969704, 0.237775, 0, 0, -4.82047e-43, 0, 0, 0, 1.01819, 0, 0, 0
107.101, 0.969704, 0.237775, 0.969704, 0.237775, 0, 0, -4.82047e-43, 0, 0, 0, 1.01819, 0, 0, 0
107.151, 0.969704, 0.237775, 0.969704, 0.237775, 0, 0, -4.82047e-43, 0, 0, 0, 1.01819, 0, 0, 0
107.201, 0.969704, 0.237775, 0.969704, 0.237775, 0, 0, -4.82047e-43, 0, 0, 0, 1.01819, 0, 0, 0
107.251, 0.969704, 0.237775, 0.969704, 0.237775, 0, 0, -4.82047e-43, 0, 0, 0, 1.01819, 0, 0, 0
107.301, 0.969704, 0.237775, 0.969704, 0.237775, 0, 0, -4.82047e-43, 0, 0, 0, 1.01819, 0, 0, 0
107.351, 0.969704, 0.237775, 0.969704, 0.237775, 0, 0, -4.82047e-43, 0, 0, 0, 1.01819, 0, 0, 0
107.401, 0.969704, 0.237775, 0.969704, 0.237775, 0, 0, -4.82047e-43, 0, 0, 0, 1.01819, 0, 0, 0
107.451, 0.969704, 0.237775, 0.969704, 0.237775, 0, 0, -4.82047e-43, 0, 0, 0, 1.01819, 0, 0, 0
107.501, 0.969704, 0.237775, 0.969704, 0.237775, 0, 0, -4.82047e-43, 0, 0, 0, 1.01819, 0, 0, 0
107.551, 0.969704, 0.237775, 0.969704, 0.237775, 0, 0, -4.82047e-43, 0, 0, 0, 1.01819, 0, 0, 0
107.6, 0.969704, 0.237775, 0.969704, 0.237775, 0, 0, -4.82047e-43, 0, 0, 0, 1.01819, 0, 0, 0
107.65, 0.969704, 0.237775, 0.969704, 0.237775, 0, 0, -4.82047e-43, 0, 0, 0, 1.01819, 0, 0, 0
107.7, 0.969704, 0.237775, 0.969704, 0.237775, 0, 0, -4.82047e-43, 0, 0, 0, 1.01819, 0, 0, 0
107.75, 0.969704, 0.237775, 0.969704, 0.237775, 0, 0, -4.82047e-43, 0, 0, 0, 1.01819, 0, 0, 0
107.8, 0.969704, 0.237775, 0.969704, 0.237775, 0, 0, -4.82047e-43, 0, 0, 0, 1.01819, 0, 0, 0
107.85, 0.969704, 0.237775, 0.969704, 0.237775, 0, 0, -4.82047e-43, 0, 0, 0, 1.01819, 0, 0, 0
107.9, 0.969704, 0.237775, 0.969704, 0.237775, 0, 0, -4.82047e-43, 0, 0, 0, 1.01819, 0, 0, 0
107.95, 0.969704, 0.237775, 0.969704, 0.237775, 0, 0, -4.82047e-43, 0, 0, 0, 1.01819, 0, 0, 0
108, 0.969704, 0.237775, 0.969704, 0.237775, 0, 0, -4.82047e-43, 0, 0, 0, 1.01819, 0, 0, 0
108, 0.969704, 0.237775, 0.969704, 0.237775, 0, 0, -4.82047e-43, 0, 0, 0, 1.01819, 0, 0, 0
108.05, 0.969704, 0.237775, 0.969704, 0.237775, 0, 0, -4.82047e-43, 0, 0, 0, 1.01819, 0, 0, 0
108.1, 0.969704, 0.237775, 0.969704, 0.237775, 0, 0, -4.82047e-43, 0, 0, 0, 1.01819, 0, 0, 0
108.15, 0.969704, 0.237775, 0.969704, 0.237775, 0, 0, -4.82047e-43, 0, 0, 0, 1.01819, 0, 0, 0
108.2, 0.969704, 0.237775, 0.969704, 0.237775, 0, 0, -4.82047e-43, 0, 0, 0, 1.01819, 0, 0, 0
108.25, 0.969704, 0.237775, 0.969704, 0.237775, 0, 0, -4.82047e-43, 0, 0, 0, 1.01819, 0, 0, 0
108.3, 0.969704, 0.237775, 0.969704, 0.237775, 0, 0, -4.82047e-43, 0, 0, 0, 1.01819, 0, 0, 0
108.35, 0.969704, 0.237775, 0.969704, 0.237775, 0, 0, -4.82047e-43, 0, 0, 0, 1.01819, 0, 0, 0
108.4, 0.969704, 0.237775, 0.969704, 0.237775, 0, 0, -4.82047e-43, 0, 0, 0, 1.01819, 0, 0, 0
108.45, 0.969704, 0.237775, 0.969704, 0.237775, 0, 0, -4.82047e-43, 0, 0, 0, 1.01819, 0, 0, 0
108.5, 0.969704, 0.237775, 0.969704, 0.237775, 0, 0, -4.82047e-43, 0, 0, 0, 1.01819, 0, 0, 0
108.55, 0.969704, 0.237775, 0.969704, 0.237775, 0, 0, -4.82047e-43, 0, 0, 0, 1.01819, 0, 0, 0
108.6, 0.969704, 0.237775, 0.969704, 0.237775, 0, 0, -4.82047e-43, 0, 0, 0, 1.01819, 0, 0, 0
108.65, 0.969704, 0.237775, 0.969704, 0.237775, 0, 0, -4.82047e-43, 0, 0, 0, 1.01819, 0, 0, 0
108.7, 0.969704, 0.237775, 0.969704, 0.237775, 0, 0, -4.82047e-43, 0, 0, 0, 1.01819, 0, 0, 0
108.75, 0.969704, 0.237775, 0.969704, 0.237775, 0, 0, -4.82047e-43, 0, 0, 0, 1.01819, 0, 0, 0
108.8, 0.969704, 0.237775, 0.969704, 0.237775, 0, 0, -4.82047e-43, 0, 0, 0, 1.01819, 0, 0, 0
108.85, 0.969704, 0.237775, 0.969704, 0.237775, 0, 0, -4.82047e-43, 0, 0, 0, 1.01819, 0, 0, 0
108.9, 0.969704, 0.237775, 0.969704, 0.237775, 0, 0, -4.82047e-43, 0, 0, 0, 1.01819, 0, 0, 0
108.95, 0.969704, 0.237775, 0.969704, 0.237775, 0, 0, -4.82047e-43, 0, 0, 0, 1.01819, 0, 0, 0
109, 0.969704, 0.237775, 0.969704, 0.237775, 0, 0, -4.82047e-43, 0, 0, 0, 1.01819, 0, 0, 0
109.001, 0.969704, 0.237775, 0.969704, 0.237775, 0, 0, -4.82047e-43, 0, 0, 0, 1.01819, 0, 0, 0
109.001, 0.969704, 0.237775, 0.969704, 0.237775, 0, 0, -4.82047e-43, 0, 0, 0, 1.01819, 0, 0, 0
109.051, 0.969704, 0.237775, 0.969704, 0.237775, 0, 0, -4.82047e-43, 0, 0, 0, 1.01819, 0, 0, 0
109.101, 0.969704, 0.237775, 0.969704, 0.237775, 0, 0, -4.82047e-43, 0, 0, 0, 1.01819, 0, 0, 0
109.151, 0.969704, 0.237775, 0.969704, 0.237775, 0, 0, -4.82047e-43, 0, 0, 0, 1.01819, 0, 0, 0
109.201, 0.969704, 0.237775, 0.969704, 0.237775, 0, 0, -4.82047e-43, 0, 0, 0, 1.01819, 0, 0, 0
109.251, 0.969704, 0.237775, 0.969704, 0.237775, 0, 0, -4.82047e-43, 0, 0, 0, 1.01819, 0, 0, 0
109.301, 0.969704, 0.237775, 0.969704, 0.237775, 0, 0, -4.82047e-43, 0, 0, 0, 1.01819, 0, 0, 0
109.351, 0.969704, 0.237775, 0.969704, 0.237775, 0, 0, -4.82047e-43, 0, 0, 0, 1.01819, 0, 0, 0
109.401, 0.969704, 0.237775, 0.969704, 0.237775, 0, 0, -4.82047e-43, 0, 0, 0, 1.01819, 0, 0, 0
109.45, 0.969704, 0.237775, 0.969704, 0.237775, 0, 0, -4.82047e-43, 0, 0, 0, 1.01819, 0, 0, 0
109.5, 0.969704, 0.237775, 0.969704, 0.237775, 0, 0, -4.82047e-43, 0, 0, 0, 1.01819, 0, 0, 0
109.55, 0.969704, 0.237775, 0.969704, 0.237775, 0, 0, -4.82047e-43, 0, 0, 0, 1.01819, 0, 0, 0
109.6, 0.969704, 0.237775, 0.969704, 0.237775, 0, 0, -4.82047e-43, 0, 0, 0, 1.01819, 0, 0, 0
109.65, 0.969704, 0.237775, 0.969704, 0.237775, 0, 0, -4.82047e-43, 0, 0, 0, 1.01819, 0, 0, 0
109.7, 0.969704, 0.237775, 0.969704, 0.237775, 0, 0, -4.82047e-43, 0, 0, 0, 1.01819, 0, 0, 0
109.75, 0.969704, 0.237775, 0.969704, 0.237775, 0, 0, -4.82047e-43, 0, 0, 0, 1.01819, 0, 0, 0
109.8, 0.969704, 0.237775, 0.969704, 0.237775, 0, 0, -4.82047e-43, 0, 0, 0, 1.01819, 0, 0, 0
109.85, 0.969704, 0.237775, 0.969704, 0.237775, 0, 0, -4.82047e-43, 0, 0, 0, 1.01819, 0, 0, 0
109.9, 0.969704, 0.237775, 0.969704, 0.237775, 0, 0, -4.82047e-43, 0, 0, 0, 1.01819, 0, 0, 0
109.95, 0.969704, 0.237775, 0.969704, 0.237775, 0, 0, -4.82047e-43, 0, 0, 0, 1.01819, 0, 0, 0
110, 0.969704, 0.237775, 0.969704, 0.237775, 0, 0, -4.82047e-43, 0, 0, 0, 1.01819, 0, 0, 0
110, 0.969704, 0.237775, 0.969704, 0.237775, 0, 0, -4.82047e-43, 0, 0, 0, 1.01819, 0, 0, 0
110.05, 0.969704, 0.237775, 0.969704, 0.237775, 0, 0, -4.82047e-43, 0, 0, 0, 1.01819, 0, 0, 0
110.1, 0.969704, 0.237775, 0.969704, 0.237775, 0, 0, -4.82047e-43, 0, 0, 0, 1.01819, 0, 0, 0
110.15, 0.969704, 0.237775, 0.969704, 0.237775, 0, 0, -4.82047e-43, 0, 0, 0, 1.01819, 0, 0, 0
110.2, 0.969704, 0.237775, 0.969704, 0.237775, 0, 0, -4.82047e-43, 0, 0, 0, 1.01819, 0, 0, 0
110.25, 0.969704, 0.237775, 0.969704, 0.237775, 0, 0, -4.82047e-43, 0, 0, 0, 1.01819, 0, 0, 0
110.3, 0.969704, 0.237775, 0.969704, 0.237775, 0, 0, -4.82047e-43, 0, 0, 0, 1.01819, 0, 0, 0
110.35, 0.969704, 0.237775, 0.969704, 0.237775, 0, 0, -4.82047e-43, 0, 0, 0, 1.01819, 0, 0, 0
110.4, 0.969704, 0.237775, 0.969704, 0.237775, 0, 0, -4.82047e-43, 0, 0, 0, 1.01819, 0, 0, 0
110.45, 0.969704, 0.237775, 0.969704, 0.237775, 0, 0, -4.82047e-43, 0, 0, 0, 1.01819, 0, 0, 0
110.5, 0.969704, 0.237775, 0.969704, 0.237775, 0, 0, -4.82047e-43, 0, 0, 0, 1.01819, 0, 0, 0
110.55, 0.969704, 0.237775, 0.969704, 0.237775, 0, 0, -4.82047e-43, 0, 0, 0, 1.01819, 0, 0, 0
110.6, 0.969704, 0.237775, 0.969704, 0.237775, 0, 0, -4.82047e-43, 0, 0, 0, 1.01819, 0, 0, 0
110.65, 0.969704, 0.237775, 0.969704, 0.237775, 0, 0, -4.82047e-43, 0, 0, 0, 1.01819, 0, 0, 0
110.7, 0.969704, 0.237775, 0.969704, 0.237775, 0, 0, -4.82047e-43, 0, 0, 0, 1.01819, 0, 0, 0
110.75, 0.969704, 0.237775, 0.969704, 0.237775, 0, 0, -4.82047e-43, 0, 0, 0, 1.01819, 0, 0, 0
110.8, 0.969704, 0.237775, 0.969704, 0.237775, 0, 0, -4.82047e-43, 0, 0, 0, 1.01819, 0, 0, 0
110.85, 0.969704, 0.237775, 0.969704, 0.237775, 0, 0, -4.82047e-43, 0, 0, 0, 1.01819, 0, 0, 0
110.9, 0.969704, 0.237775, 0.969704, 0.237775, 0, 0, -4.82047e-43, 0, 0, 0, 1.01819, 0, 0, 0
110.95, 0.969704, 0.237775, 0.969704, 0.237775, 0, 0, -4.82047e-43, 0, 0, 0, 1.01819, 0, 0, 0
111, 0.969704, 0.237775, 0.969704, 0.237775, 0, 0, -4.82047e-43, 0, 0, 0, 1.01819, 0, 0, 0
111.001, 0.969704, 0.237775, 0.969704, 0.237775, 0, 0, -4.82047e-43, 0, 0, 0, 1.01819, 0, 0, 0
111.001, 0.969704, 0.237775, 0.969704, 0.237775, 0, 0, -4.82047e-43, 0, 0, 0, 1.01819, 0, 0, 0
111.051, 0.969704, 0.237775, 0.969704, 0.237775, 0, 0, -4.82047e-43, 0, 0, 0, 1.01819, 0, 0, 0
111.101, 0.969704, 0.237775, 0.969704, 0.237775, 0, 0, -4.82047e-43, 0, 0, 0, 1.01819, 0, 0, 0
111.151, 0.969704, 0.237775, 0.969704, 0.237775, 0, 0, -4.82047e-43, 0, 0, 0, 1.01819, 0, 0, 0
111.201, 0.969704, 0.237775, 0.969704, 0.237775, 0, 0, -4.82047e-43, 0, 0, 0, 1.01819, 0, 0, 0
111.25, 0.969704, 0.237775, 0.969704, 0.237775, 0, 0, -4.82047e-43, 0, 0, 0, 1.01819, 0, 0, 0
111.3, 0.969704, 0.237775, 0.969704, 0.237775, 0, 0, -4.82047e-43, 0, 0, 0, 1.01819, 0, 0, 0
111.35, 0.969704, 0.237775, 0.969704, 0.237775, 0, 0, -4.82047e-43, 0, 0, 0, 1.01819, 0, 0, 0
111.4, 0.969704, 0.237775, 0.969704, 0.237775, 0, 0, -4.82047e-43, 0, 0, 0, 1.01819, 0, 0, 0
111.45, 0.969704, 0.237775, 0.969704, 0.237775, 0, 0, -4.82047e-43, 0, 0, 0, 1.01819, 0, 0, 0
111.5, 0.969704, 0.237775, 0.969704, 0.237775, 0, 0, -4.82047e-43, 0, 0, 0, 1.01819, 0, 0, 0
111.55, 0.969704, 0.237775, 0.969704, 0.237775, 0, 0, -4.82047e-43, 0, 0, 0, 1.01819, 0, 0, 0
111.6, 0.969704, 0.237775, 0.969704, 0.237775, 0, 0, -4.82047e-43, 0, 0, 0, 1.01819, 0, 0, 0
111.65, 0.969704, 0.237775, 0.969704, 0.237775, 0, 0, -4.82047e-43, 0, 0, 0, 1.01819, 0, 0, 0
111.7, 0.969704, 0.237775, 0.969704, 0.237775, 0, 0, -4.82047e-43, 0, 0, 0, 1.01819, 0, 0, 0
111.75, 0.969704, 0.237775, 0.969704, 0.237775, 0, 0, -4.82047e-43, 0, 0, 0, 1.01819, 0, 0, 0
111.8, 0.969704, 0.237775, 0.969704, 0.237775, 0, 0, -4.82047e-43, 0, 0, 0, 1.01819, 0, 0, 0
111.85, 0.969704, 0.237775, 0.969704, 0.237775, 0, 0, -4.82047e-43, 0, 0, 0, 1.01819, 0, 0, 0
111.9, 0.969704, 0.237775, 0.969704, 0.237775, 0, 0, -4.82047e-43, 0, 0, 0, 1.01819, 0, 0, 0
111.95, 0.969704, 0.237775, 0.969704, 0.237775, 0, 0, -4.82047e-43, 0, 0, 0, 1.01819, 0, 0, 0
112, 0.969704, 0.237775, 0.969704, 0.237775, 0, 0, -4.82047e-43, 0, 0, 0, 1.01819, 0, 0, 0
112, 0.969704, 0.237775, 0.969704, 0.237775, 0, 0, -4.82047e-43, 0, 0, 0, 1.01819, 0, 0, 0
112.05, 0.969704, 0.237775, 0.969704, 0.237775, 0, 0, -4.82047e-43, 0, 0, 0, 1.01819, 0, 0, 0
112.1, 0.969704, 0.237775, 0.969704, 0.237775, 0, 0, -4.82047e-43, 0, 0, 0, 1.01819, 0, 0, 0
112.15, 0.969704, 0.237775, 0.969704, 0.237775, 0, 0, -4.82047e-43, 0, 0, 0, 1.01819, 0, 0, 0
112.2, 0.969704, 0.237775, 0.969704, 0.237775, 0, 0, -4.82047e-43, 0, 0, 0, 1.01819, 0, 0, 0
112.25, 0.969704, 0.237775, 0.969704, 0.237775, 0, 0, -4.82047e-43, 0, 0, 0, 1.01819, 0, 0, 0
112.3, 0.969704, 0.237775, 0.969704, 0.237775, 0, 0, -4.82047e-43, 0, 0, 0, 1.01819, 0, 0, 0
112.35, 0.969704, 0.237775, 0.969704, 0.237775, 0, 0, -4.82047e-43, 0, 0, 0, 1.01819, 0, 0, 0
112.4, 0.969704, 0.237775, 0.969704, 0.237775, 0, 0, -4.82047e-43, 0, 0, 0, 1.01819, 0, 0, 0
112.45, 0.969704, 0.237775, 0.969704, 0.237775, 0, 0, -4.82047e-43, 0, 0, 0, 1.01819, 0, 0, 0
112.5, 0.969704, 0.237775, 0.969704, 0.237775, 0, 0, -4.82047e-43, 0, 0, 0, 1.01819, 0, 0, 0
112.55, 0.969704, 0.237775, 0.969704, 0.237775, 0, 0, -4.82047e-43, 0, 0, 0, 1.01819, 0, 0, 0
112.6, 0.969704, 0.237775, 0.969704, 0.237775, 0, 0, -4.82047e-43, 0, 0, 0, 1.01819, 0, 0, 0
112.65, 0.969704, 0.237775, 0.969704, 0.237775, 0, 0, -4.82047e-43, 0, 0, 0, 1.01819, 0, 0, 0
112.7, 0.969704, 0.237775, 0.969704, 0.237775, 0, 0, -4.82047e-43, 0, 0, 0, 1.01819, 0, 0, 0
112.75, 0.969704, 0.237775, 0.969704, 0.237775, 0, 0, -4.82047e-43, 0, 0, 0, 1.01819, 0, 0, 0
112.8, 0.969704, 0.237775, 0.969704, 0.237775, 0, 0, -4.82047e-43, 0, 0, 0, 1.01819, 0, 0, 0
112.85, 0.969704, 0.237775, 0.969704, 0.237775, 0, 0, -4.82047e-43, 0, 0, 0, 1.01819, 0, 0, 0
112.9, 0.969704, 0.237775, 0.969704, 0.237775, 0, 0, -4.82047e-43, 0, 0, 0, 1.01819, 0, 0, 0
112.95, 0.969704, 0.237775, 0.969704, 0.237775, 0, 0, -4.82047e-43, 0, 0, 0, 1.01819, 0, 0, 0
113, 0.969704, 0.237775, 0.969704, 0.237775, 0, 0, -4.82047e-43, 0, 0, 0, 1.01819, 0, 0, 0
113.001, 0.969704, 0.237775, 0.969704, 0.237775, 0, 0, -4.82047e-43, 0, 0, 0, 1.01819, 0, 0, 0
113.001, 0.969704, 0.237775, 0.969704, 0.237775, 0, 0, -4.82047e-43, 0, 0, 0, 1.01819, 0, 0, 0
113.05, 0.969704, 0.237775, 0.969704, 0.237775, 0, 0, -4.82047e-43, 0, 0, 0, 1.01819, 0, 0, 0
113.1, 0.969704, 0.237775, 0.969704, 0.237775, 0, 0, -4.82047e-43, 0, 0, 0, 1.01819, 0, 0, 0
113.15, 0.969704, 0.237775, 0.969704, 0.237775, 0, 0, -4.82047e-43, 0, 0, 0, 1.01819, 0, 0, 0
113.2, 0.969704, 0.237775, 0.969704, 0.237775, 0, 0, -4.82047e-43, 0, 0, 0, 1.01819, 0, 0, 0
113.25, 0.969704, 0.237775, 0.969704, 0.237775, 0, 0, -4.82047e-43, 0, 0, 0, 1.01819, 0, 0, 0
113.3, 0.969704, 0.237775, 0.969704, 0.237775, 0, 0, -4.82047e-43, 0, 0, 0, 1.01819, 0, 0, 0
113.35, 0.969704, 0.237775, 0.969704, 0.237775, 0, 0, -4.82047e-43, 0, 0, 0, 1.01819, 0, 0, 0
113.4, 0.969704, 0.237775, 0.969704, 0.237775, 0, 0, -4.82047e-43, 0, 0, 0, 1.01819, 0, 0, 0
113.45, 0.969704, 0.237775, 0.969704, 0.237775, 0, 0, -4.82047e-43, 0, 0, 0, 1.01819, 0, 0, 0
113.5, 0.969704, 0.237775, 0.969704, 0.237775, 0, 0, -4.82047e-43, 0, 0, 0, 1.01819, 0, 0, 0
113.55, 0.969704, 0.237775, 0.969704, 0.237775, 0, 0, -4.82047e-43, 0, 0, 0, 1.01819, 0, 0, 0
113.6, 0.969704, 0.237775, 0.969704, 0.237775, 0, 0, -4.82047e-43, 0, 0, 0, 1.01819, 0, 0, 0
113.65, 0.969704, 0.237775, 0.969704, 0.237775, 0, 0, -4.82047e-43, 0, 0, 0, 1.01819, 0, 0, 0
113.7, 0.969704, 0.237775, 0.969704, 0.237775, 0, 0, -4.82047e-43, 0, 0, 0, 1.01819, 0, 0, 0
113.75, 0.969704, 0.237775, 0.969704, 0.237775, 0, 0, -4.82047e-43, 0, 0, 0, 1.01819, 0, 0, 0
113.8, 0.969704, 0.237775, 0.969704, 0.237775, 0, 0, -4.82047e-43, 0, 0, 0, 1.01819, 0, 0, 0
113.85, 0.969704, 0.237775, 0.969704, 0.237775, 0, 0, -4.82047e-43, 0, 0, 0, 1.01819, 0, 0, 0
113.9, 0.969704, 0.237775, 0.969704, 0.237775, 0, 0, -4.82047e-43, 0, 0, 0, 1.01819, 0, 0, 0
113.95, 0.969704, 0.237775, 0.969704, 0.237775, 0, 0, -4.82047e-43, 0, 0, 0, 1.01819, 0, 0, 0
114, 0.969704, 0.237775, 0.969704, 0.237775, 0, 0, -4.82047e-43, 0, 0, 0, 1.01819, 0, 0, 0
114.001, 0.969704, 0.237775, 0.969704, 0.237775, 0, 0, -4.82047e-43, 0, 0, 0, 1.01819, 0, 0, 0
114.001, 0.969704, 0.237775, 0.969704, 0.237775, 0, 0, -4.82047e-43, 0, 0, 0, 1.01819, 0, 0, 0
114.051, 0.969704, 0.237775, 0.969704, 0.237775, 0, 0, -4.82047e-43, 0, 0, 0, 1.01819, 0, 0, 0
114.101, 0.969704, 0.237775, 0.969704, 0.237775, 0, 0, -4.82047e-43, 0, 0, 0, 1.01819, 0, 0, 0
114.151, 0.969704, 0.237775, 0.969704, 0.237775, 0, 0, -4.82047e-43, 0, 0, 0, 1.01819, 0, 0, 0
114.201, 0.969704, 0.237775, 0.969704, 0.237775, 0, 0, -4.82047e-43, 0, 0, 0, 1.01819, 0, 0, 0
114.251, 0.969704, 0.237775, 0.969704, 0.237775, 0, 0, -4.82047e-43, 0, 0, 0, 1.01819, 0, 0, 0
114.301, 0.969704, 0.237775, 0.969704, 0.237775, 0, 0, -4.82047e-43, 0, 0, 0, 1.01819, 0, 0, 0
114.351, 0.969704, 0.237775, 0.969704, 0.237775, 0, 0, -4.82047e-43, 0, 0, 0, 1.01819, 0, 0, 0
114.401, 0.969704, 0.237775, 0.969704, 0.237775, 0, 0, -4.82047e-43, 0, 0, 0, 1.01819, 0, 0, 0
114.451, 0.969704, 0.237775, 0.969704, 0.237775, 0, 0, -4.82047e-43, 0, 0, 0, 1.01819, 0, 0, 0
114.501, 0.969704, 0.237775, 0.969704, 0.237775, 0, 0, -4.82047e-43, 0, 0, 0, 1.01819, 0, 0, 0
114.551, 0.969704, 0.237775, 0.969704, 0.237775, 0, 0, -4.82047e-43, 0, 0, 0, 1.01819, 0, 0, 0
114.601, 0.969704, 0.237775, 0.969704, 0.237775, 0, 0, -4.82047e-43, 0, 0, 0, 1.01819, 0, 0, 0
114.651, 0.969704, 0.237775, 0.969704, 0.237775, 0, 0, -4.82047e-43, 0, 0, 0, 1.01819, 0, 0, 0
114.701, 0.969704, 0.237775, 0.969704, 0.237775, 0, 0, -4.82047e-43, 0, 0, 0, 1.01819, 0, 0, 0
114.751, 0.969704, 0.237775, 0.969704, 0.237775, 0, 0, -4.82047e-43, 0, 0, 0, 1.01819, 0, 0, 0
114.801, 0.969704, 0.237775, 0.969704, 0.237775, 0, 0, -4.82047e-43, 0, 0, 0, 1.01819, 0, 0, 0
114.851, 0.969704, 0.237775, 0.969704, 0.237775, 0, 0, -4.82047e-43, 0, 0, 0, 1.01819, 0, 0, 0
114.9, 0.969704, 0.237775, 0.969704, 0.237775, 0, 0, -4.82047e-43, 0, 0, 0, 1.01819, 0, 0, 0
114.95, 0.969704, 0.237775, 0.969704, 0.237775, 0, 0, -4.82047e-43, 0, 0, 0, 1.01819, 0, 0, 0
115, 0.969704, 0.237775, 0.969704, 0.237775, 0, 0, -4.82047e-43, 0, 0, 0, 1.01819, 0, 0, 0
115, 0.969704, 0.237775, 0.969704, 0.237775, 0, 0, -4.82047e-43, 0, 0, 0, 1.01819, 0, 0, 0
115.05, 0.969704, 0.237775, 0.969704, 0.237775, 0, 0, -4.82047e-43, 0, 0, 0, 1.01819, 0, 0, 0
115.1, 0.969704, 0.237775, 0.969704, 0.237775, 0, 0, -4.82047e-43, 0, 0, 0, 1.01819, 0, 0, 0
115.15, 0.969704, 0.237775, 0.969704, 0.237775, 0, 0, -4.82047e-43, 0, 0, 0, 1.01819, 0, 0, 0
115.2, 0.969704, 0.237775, 0.969704, 0.237775, 0, 0, -4.82047e-43, 0, 0, 0, 1.01819, 0, 0, 0
115.25, 0.969704, 0.237775, 0.969704, 0.237775, 0, 0, -4.82047e-43, 0, 0, 0, 1.01819, 0, 0, 0
115.3, 0.969704, 0.237775, 0.969704, 0.237775, 0, 0, -4.82047e-43, 0, 0, 0, 1.01819, 0, 0, 0
115.35, 0.969704, 0.237775, 0.969704, 0.237775, 0, 0, -4.82047e-43, 0, 0, 0, 1.01819, 0, 0, 0
115.4, 0.969704, 0.237775, 0.969704, 0.237775, 0, 0, -4.82047e-43, 0, 0, 0, 1.01819, 0, 0, 0
115.45, 0.969704, 0.237775, 0.969704, 0.237775, 0, 0, -4.82047e-43, 0, 0, 0, 1.01819, 0, 0, 0
115.5, 0.969704, 0.237775, 0.969704, 0.237775, 0, 0, -4.82047e-43, 0, 0, 0, 1.01819, 0, 0, 0
115.55, 0.969704, 0.237775, 0.969704, 0.237775, 0, 0, -4.82047e-43, 0, 0, 0, 1.01819, 0, 0, 0
115.6, 0.969704, 0.237775, 0.969704, 0.237775, 0, 0, -4.82047e-43, 0, 0, 0, 1.01819, 0, 0, 0
115.65, 0.969704, 0.237775, 0.969704, 0.237775, 0, 0, -4.82047e-43, 0, 0, 0, 1.01819, 0, 0, 0
115.7, 0.969704, 0.237775, 0.969704, 0.237775, 0, 0, -4.82047e-43, 0, 0, 0, 1.01819, 0, 0, 0
115.75, 0.969704, 0.237775, 0.969704, 0.237775, 0, 0, -4.82047e-43, 0, 0, 0, 1.01819, 0, 0, 0
115.8, 0.969704, 0.237775, 0.969704, 0.237775, 0, 0, -4.82047e-43, 0, 0, 0, 1.01819, 0, 0, 0
115.85, 0.969704, 0.237775, 0.969704, 0.237775, 0, 0, -4.82047e-43, 0, 0, 0, 1.01819, 0, 0, 0
115.9, 0.969704, 0.237775, 0.969704, 0.237775, 0, 0, -4.82047e-43, 0, 0, 0, 1.01819, 0, 0, 0
115.95, 0.969704, 0.237775, 0.969704, 0.237775, 0, 0, -4.82047e-43, 0, 0, 0, 1.01819, 0, 0, 0
116, 0.969704, 0.237775, 0.969704, 0.237775, 0, 0, -4.82047e-43, 0, 0, 0, 1.01819, 0, 0, 0
116.001, 0.969704, 0.237775, 0.969704, 0.237775, 0, 0, -4.82047e-43, 0, 0, 0, 1.01819, 0, 0, 0
116.001, 0.969704, 0.237775, 0.969704, 0.237775, 0, 0, -4.82047e-43, 0, 0, 0, 1.01819, 0, 0, 0
116.051, 0.969704, 0.237775, 0.969704, 0.237775, 0, 0, -4.82047e-43, 0, 0, 0, 1.01819, 0, 0, 0
116.101, 0.969704, 0.237775, 0.969704, 0.237775, 0, 0, -4.82047e-43, 0, 0, 0, 1.01819, 0, 0, 0
116.151, 0.969704, 0.237775, 0.969704, 0.237775, 0, 0, -4.82047e-43, 0, 0, 0, 1.01819, 0, 0, 0
116.201, 0.969704, 0.237775, 0.969704, 0.237775, 0, 0, -4.82047e-43, 0, 0, 0, 1.01819, 0, 0, 0
116.251, 0.969704, 0.237775, 0.969704, 0.237775, 0, 0, -4.82047e-43, 0, 0, 0, 1.01819, 0, 0, 0
116.301, 0.969704, 0.237775, 0.969704, 0.237775, 0, 0, -4.82047e-43, 0, 0, 0, 1.01819, 0, 0, 0
116.351, 0.969704, 0.237775, 0.969704, 0.237775, 0, 0, -4.82047e-43, 0, 0, 0, 1.01819, 0, 0, 0
116.401, 0.969704, 0.237775, 0.969704, 0.237775, 0, 0, -4.82047e-43, 0, 0, 0, 1.01819, 0, 0, 0
116.451, 0.969704, 0.237775, 0.969704, 0.237775, 0, 0, -4.82047e-43, 0, 0, 0, 1.01819, 0, 0, 0
116.501, 0.969704, 0.237775, 0.969704, 0.237775, 0, 0, -4.82047e-43, 0, 0, 0, 1.01819, 0, 0, 0
116.551, 0.969704, 0.237775, 0.969704, 0.237775, 0, 0, -4.82047e-43, 0, 0, 0, 1.01819, 0, 0, 0
116.601, 0.969704, 0.237775, 0.969704, 0.237775, 0, 0, -4.82047e-43, 0, 0, 0, 1.01819, 0, 0, 0
116.651, 0.969704, 0.237775, 0.969704, 0.237775, 0, 0, -4.82047e-43, 0, 0, 0, 1.01819, 0, 0, 0
116.7, 0.969704, 0.237775, 0.969704, 0.237775, 0, 0, -4.82047e-43, 0, 0, 0, 1.01819, 0, 0, 0
116.75, 0.969704, 0.237775, 0.969704, 0.237775, 0, 0, -4.82047e-43, 0, 0, 0, 1.01819, 0, 0, 0
116.8, 0.969704, 0.237775, 0.969704, 0.237775, 0, 0, -4.82047e-43, 0, 0, 0, 1.01819, 0, 0, 0
116.85, 0.969704, 0.237775, 0.969704, 0.237775, 0, 0, -4.82047e-43, 0, 0, 0, 1.01819, 0, 0, 0
116.9, 0.969704, 0.237775, 0.969704, 0.237775, 0, 0, -4.82047e-43, 0, 0, 0, 1.01819, 0, 0, 0
116.95, 0.969704, 0.237775, 0.969704, 0.237775, 0, 0, -4.82047e-43, 0, 0, 0, 1.01819, 0, 0, 0
117, 0.969704, 0.237775, 0.969704, 0.237775, 0, 0, -4.82047e-43, 0, 0, 0, 1.01819, 0, 0, 0
117, 0.969704, 0.237775, 0.969704, 0.237775, 0, 0, -4.82047e-43, 0, 0, 0, 1.01819, 0, 0, 0
117.05, 0.969704, 0.237775, 0.969704, 0.237775, 0, 0, -4.82047e-43, 0, 0, 0, 1.01819, 0, 0, 0
117.1, 0.969704, 0.237775, 0.969704, 0.237775, 0, 0, -4.82047e-43, 0, 0, 0, 1.01819, 0, 0, 0
117.15, 0.969704, 0.237775, 0.969704, 0.237775, 0, 0, -4.82047e-43, 0, 0, 0, 1.01819, 0, 0, 0
117.2, 0.969704, 0.237775, 0.969704, 0.237775, 0, 0, -4.82047e-43, 0, 0, 0, 1.01819, 0, 0, 0
117.25, 0.969704, 0.237775, 0.969704, 0.237775, 0, 0, -4.82047e-43, 0, 0, 0, 1.01819, 0, 0, 0
117.3, 0.969704, 0.237775, 0.969704, 0.237775, 0, 0, -4.82047e-43, 0, 0, 0, 1.01819, 0, 0, 0
117.35, 0.969704, 0.237775, 0.969704, 0.237775, 0, 0, -4.82047e-43, 0, 0, 0, 1.01819, 0, 0, 0
117.4, 0.969704, 0.237775, 0.969704, 0.237775, 0, 0, -4.82047e-43, 0, 0, 0, 1.01819, 0, 0, 0
117.45, 0.969704, 0.237775, 0.969704, 0.237775, 0, 0, -4.82047e-43, 0, 0, 0, 1.01819, 0, 0, 0
117.5, 0.969704, 0.237775, 0.969704, 0.237775, 0, 0, -4.82047e-43, 0, 0, 0, 1.01819, 0, 0, 0
117.55, 0.969704, 0.237775, 0.969704, 0.237775, 0, 0, -4.82047e-43, 0, 0, 0, 1.01819, 0, 0, 0
117.6, 0.969704, 0.237775, 0.969704, 0.237775, 0, 0, -4.82047e-43, 0, 0, 0, 1.01819, 0, 0, 0
117.65, 0.969704, 0.237775, 0.969704, 0.237775, 0, 0, -4.82047e-43, 0, 0, 0, 1.01819, 0, 0, 0
117.7, 0.969704, 0.237775, 0.969704, 0.237775, 0, 0, -4.82047e-43, 0, 0, 0, 1.01819, 0, 0, 0
117.75, 0.969704, 0.237775, 0.969704, 0.237775, 0, 0, -4.82047e-43, 0, 0, 0, 1.01819, 0, 0, 0
117.8, 0.969704, 0.237775, 0.969704, 0.237775, 0, 0, -4.82047e-43, 0, 0, 0, 1.01819, 0, 0, 0
117.85, 0.969704, 0.237775, 0.969704, 0.237775, 0, 0, -4.82047e-43, 0, 0, 0, 1.01819, 0, 0, 0
117.9, 0.969704, 0.237775, 0.969704, 0.237775, 0, 0, -4.82047e-43, 0, 0, 0, 1.01819, 0, 0, 0
117.95, 0.969704, 0.237775, 0.969704, 0.237775, 0, 0, -4.82047e-43, 0, 0, 0, 1.01819, 0, 0, 0
118, 0.969704, 0.237775, 0.969704, 0.237775, 0, 0, -4.82047e-43, 0, 0, 0, 1.01819, 0, 0, 0
118.001, 0.969704, 0.237775, 0.969704, 0.237775, 0, 0, -4.82047e-43, 0, 0, 0, 1.01819, 0, 0, 0
118.001, 0.969704, 0.237775, 0.969704, 0.237775, 0, 0, -4.82047e-43, 0, 0, 0, 1.01819, 0, 0, 0
118.051, 0.969704, 0.237775, 0.969704, 0.237775, 0, 0, -4.82047e-43, 0, 0, 0, 1.01819, 0, 0, 0
118.101, 0.969704, 0.237775, 0.969704, 0.237775, 0, 0, -4.82047e-43, 0, 0, 0, 1.01819, 0, 0, 0
118.151, 0.969704, 0.237775, 0.969704, 0.237775, 0, 0, -4.82047e-43, 0, 0, 0, 1.01819, 0, 0, 0
118.201, 0.969704, 0.237775, 0.969704, 0.237775, 0, 0, -4.82047e-43, 0, 0, 0, 1.01819, 0, 0, 0
118.251, 0.969704, 0.237775, 0.969704, 0.237775, 0, 0, -4.82047e-43, 0, 0, 0, 1.01819, 0, 0, 0
118.301, 0.969704, 0.237775, 0.969704, 0.237775, 0, 0, -4.82047e-43, 0, 0, 0, 1.01819, 0, 0, 0
118.351, 0.969704, 0.237775, 0.969704, 0.237775, 0, 0, -4.82047e-43, 0, 0, 0, 1.01819, 0, 0, 0
118.401, 0.969704, 0.237775, 0.969704, 0.237775, 0, 0, -4.82047e-43, 0, 0, 0, 1.01819, 0, 0, 0
118.451, 0.969704, 0.237775, 0.969704, 0.237775, 0, 0, -4.82047e-43, 0, 0, 0, 1.01819, 0, 0, 0
118.501, 0.969704, 0.237775, 0.969704, 0.237775, 0, 0, -4.82047e-43, 0, 0, 0, 1.01819, 0, 0, 0
118.55, 0.969704, 0.237775, 0.969704, 0.237775, 0, 0, -4.82047e-43, 0, 0, 0, 1.01819, 0, 0, 0
118.6, 0.969704, 0.237775, 0.969704, 0.237775, 0, 0, -4.82047e-43, 0, 0, 0, 1.01819, 0, 0, 0
118.65, 0.969704, 0.237775, 0.969704, 0.237775, 0, 0, -4.82047e-43, 0, 0, 0, 1.01819, 0, 0, 0
118.7, 0.969704, 0.237775, 0.969704, 0.237775, 0, 0, -4.82047e-43, 0, 0, 0, 1.01819, 0, 0, 0
118.75, 0.969704, 0.237775, 0.969704, 0.237775, 0, 0, -4.82047e-43, 0, 0, 0, 1.01819, 0, 0, 0
118.8, 0.969704, 0.237775, 0.969704, 0.237775, 0, 0, -4.82047e-43, 0, 0, 0, 1.01819, 0, 0, 0
118.85, 0.969704, 0.237775, 0.969704, 0.237775, 0, 0, -4.82047e-43, 0, 0, 0, 1.01819, 0, 0, 0
118.9, 0.969704, 0.237775, 0.969704, 0.237775, 0, 0, -4.82047e-43, 0, 0, 0, 1.01819, 0, 0, 0
118.95, 0.969704, 0.237775, 0.969704, 0.237775, 0, 0, -4.82047e-43, 0, 0, 0, 1.01819, 0, 0, 0
119, 0.969704, 0.237775, 0.969704, 0.237775, 0, 0, -4.82047e-43, 0, 0, 0, 1.01819, 0, 0, 0
119, 0.969704, 0.237775, 0.969704, 0.237775, 0, 0, -4.82047e-43, 0, 0, 0, 1.01819, 0, 0, 0
119.05, 0.969704, 0.237775, 0.969704, 0.237775, 0, 0, -4.82047e-43, 0, 0, 0, 1.01819, 0, 0, 0
119.1, 0.969704, 0.237775, 0.969704, 0.237775, 0, 0, -4.82047e-43, 0, 0, 0, 1.01819, 0, 0, 0
119.15, 0.969704, 0.237775, 0.969704, 0.237775, 0, 0, -4.82047e-43, 0, 0, 0, 1.01819, 0, 0, 0
119.2, 0.969704, 0.237775, 0.969704, 0.237775, 0, 0, -4.82047e-43, 0, 0, 0, 1.01819, 0, 0, 0
119.25, 0.969704, 0.237775, 0.969704, 0.237775, 0, 0, -4.82047e-43, 0, 0, 0, 1.01819, 0, 0, 0
119.3, 0.969704, 0.237775, 0.969704, 0.237775, 0, 0, -4.82047e-43, 0, 0, 0, 1.01819, 0, 0, 0
119.35, 0.969704, 0.237775, 0.969704, 0.237775, 0, 0, -4.82047e-43, 0, 0, 0, 1.01819, 0, 0, 0
119.4, 0.969704, 0.237775, 0.969704, 0.237775, 0, 0, -4.82047e-43, 0, 0, 0, 1.01819, 0, 0, 0
119.45, 0.969704, 0.237775, 0.969704, 0.237775, 0, 0, -4.82047e-43, 0, 0, 0, 1.01819, 0, 0, 0
119.5, 0.969704, 0.237775, 0.969704, 0.237775, 0, 0, -4.82047e-43, 0, 0, 0, 1.01819, 0, 0, 0
119.55, 0.969704, 0.237775, 0.969704, 0.237775, 0, 0, -4.82047e-43, 0, 0, 0, 1.01819, 0, 0, 0
119.6, 0.969704, 0.237775, 0.969704, 0.237775, 0, 0, -4.82047e-43, 0, 0, 0, 1.01819, 0, 0, 0
119.65, 0.969704, 0.237775, 0.969704, 0.237775, 0, 0, -4.82047e-43, 0, 0, 0, 1.01819, 0, 0, 0
119.7, 0.969704, 0.237775, 0.969704, 0.237775, 0, 0, -4.82047e-43, 0, 0, 0, 1.01819, 0, 0, 0
119.75, 0.969704, 0.237775, 0.969704, 0.237775, 0, 0, -4.82047e-43, 0, 0, 0, 1.01819, 0, 0, 0
119.8, 0.969704, 0.237775, 0.969704, 0.237775, 0, 0, -4.82047e-43, 0, 0, 0, 1.01819, 0, 0, 0
119.85, 0.969704, 0.237775, 0.969704, 0.237775, 0, 0, -4.82047e-43, 0, 0, 0, 1.01819, 0, 0, 0
119.9, 0.969704, 0.237775, 0.969704, 0.237775, 0, 0, -4.82047e-43, 0, 0, 0, 1.01819, 0, 0, 0
119.95, 0.969704, 0.237775, 0.969704, 0.237775, 0, 0, -4.82047e-43, 0, 0, 0, 1.01819, 0, 0, 0
120, 0.969704, 0.237775, 0.969704, 0.237775, 0, 0, -4.82047e-43, 0, 0, 0, 1.01819, 0, 0, 0
120.001, 0.969704, 0.237775, 0.969704, 0.237775, 0, 0, -4.82047e-43, 0, 0, 0, 1.01819, 0, 0, 0
120.001, 1.00046, 0.23636, 1.01817, 0.235583, 1.0321, 0.148464, -4.82047e-43, 0, 0, 0, 1.01819, 0.00023968, -0.307682, 0
120.051, 1.01086, 0.234707, 1.02875, 0.23393, 1.04283, 0.14681, -1.36744e-06, -1.36759e-06, -1.36752e-06, 0, 1.01819, 0.000244688, -0.314111, 1.57206e-11
120.101, 1.01486, 0.233172, 1.03282, 0.232395, 1.04696, 0.145275, -1.52261e-06, -1.52266e-06, -1.52258e-06, 0, 1.01819, 0.000246629, -0.316602, 2.44886e-10
120.151, 1.01633, 0.231255, 1.03433, 0.230478, 1.04848, 0.143358, -1.9751e-06, -1.97524e-06, -1.97492e-06, 0, 1.01819, 0.000247342, -0.317523, 1.20068e-09
120.201, 1.0167, 0.228766, 1.0347, 0.22799, 1.04886, 0.14087, -2.54184e-06, -2.5416e-06, -2.54181e-06, 0, 1.01819, 0.000247525, -0.317754, 3.67109e-09
120.251, 1.01649, 0.225637, 1.03448, 0.22486, 1.04864, 0.13774, -3.14882e-06, -3.1489e-06, -3.14895e-06, 0, 1.01819, 0.000247419, -0.317619, 8.66647e-09
120.301, 1.0159, 0.22184, 1.03389, 0.221064, 1.04804, 0.133944, -3.77026e-06, -3.77063e-06, -3.77065e-06, 0, 1.01819, 0.000247139, -0.317256, 1.73729e-08
120.35, 1.01506, 0.217369, 1.03304, 0.216593, 1.04717, 0.129473, -4.39609e-06, -4.39597e-06, -4.39606e-06, 0, 1.01819, 0.000246729, -0.316731, 3.11112e-08
120.4, 1.01404, 0.212224, 1.03199, 0.211447, 1.04611, 0.124328, -5.01958e-06, -5.01952e-06, -5.01976e-06, 0, 1.01819, 0.000246227, -0.316091, 5.13007e-08
120.45, 1.01288, 0.206407, 1.03081, 0.20563, 1.04492, 0.11851, -5.64076e-06, -5.64058e-06, -5.64074e-06, 0, 1.01819, 0.000245668, -0.315368, 7.94289e-08
120.5, 1.01162, 0.199922, 1.02953, 0.199145, 1.04362, 0.112025, -6.25743e-06, -6.25751e-06, -6.25742e-06, 0, 1.01819, 0.000245058, -0.314587, 1.17023e-07
120.55, 1.0103, 0.192773, 1.02819, 0.191996, 1.04226, 0.104876, -6.87068e-06, -6.87059e-06, -6.87057e-06, 0, 1.01819, 0.00024442, -0.313768, 1.6563e-07
120.6, 1.00894, 0.184965, 1.02681, 0.184188, 1.04086, 0.0970683, -7.47889e-06, -7.47868e-06, -7.47892e-06, 0, 1.01819, 0.00024376, -0.312922, 2.26792e-07
120.65, 1.00755, 0.176502, 1.02539, 0.175726, 1.03942, 0.0886058, -8.08307e-06, -8.0828e-06, -8.08298e-06, 0, 1.01819, 0.000243088, -0.312058, 3.02034e-07
120.7, 1.00612, 0.16739, 1.02394, 0.166614, 1.03795, 0.0794938, -8.68233e-06, -8.6825e-06, -8.6824e-06, 0, 1.01819, 0.0002424, -0.311177, 3.92849e-07
120.75, 1.00468, 0.157633, 1.02247, 0.156857, 1.03646, 0.0697371, -9.27785e-06, -9.27767e-06, -9.27778e-06, 0, 1.01819, 0.000241707, -0.310285, 5.00685e-07
120.8, 1.00322, 0.147237, 1.02098, 0.14646, 1.03495, 0.0593407, -9.86808e-06, -9.86782e-06, -9.86791e-06, 0, 1.01819, 0.000241002, -0.309381, 6.26934e-07
120.85, 1.00173, 0.136206, 1.01947, 0.135429, 1.03342, 0.0483095, -1.04538e-05, -1.0454e-05, -1.04539e-05, 0, 1.01819, 0.00024029, -0.308466, 7.72931e-07
120.9, 1.00023, 0.124545, 1.01794, 0.123768, 1.03187, 0.0366487, -1.10348e-05, -1.10349e-05, -1.10348e-05, 0, 1.01819, 0.000239571, -0.307542, 9.3994e-07
120.95, 0.998713, 0.11226, 1.0164, 0.111483, 1.0303, 0.0243635, -1.16112e-05, -1.16111e-05, -1.16111e-05, 0, 1.01819, 0.000238843, -0.30661, 1.12915e-06
121, 0.997186, 0.0993552, 1.01484, 0.0985787, 1.02873, 0.0114589, -1.21824e-05, -1.21824e-05, -1.21824e-05, 0, 1.01819, 0.000238115, -0.305673, 1.34169e-06
121, 0.997186, 0.0993552, 1.01484, 0.0985787, 1.02873, 0.0114589, -1.21824e-05, -1.21824e-05, -1.21824e-05, 0, 1.01819, 0.000238115, -0.305673, 1.34192e-06
121.05, 0.995652, 0.0858366, 1.01328, 0.08506, 1.02715, -0.0020597, -1.2749e-05, -1.2749e-05, -1.2749e-05, 0, 1.01819, 0.000237381, -0.304733, 1.57859e-06
121.1, 0.994117, 0.0717092, 1.01172, 0.0709327, 1.02556, -0.0161871, -1.33107e-05, -1.33108e-05, -1.33108e-05, 0, 1.01819, 0.000236651, -0.303795, 1.84081e-06
121.15, 0.992586, 0.0569784, 1.01016, 0.0562019, 1.02398, -0.0309178, -1.38674e-05, -1.38674e-05, -1.38675e-05, 0, 1.01819, 0.000235923, -0.30286, 2.12922e-06
121.2, 0.991064, 0.0416497, 1.00861, 0.0408731, 1.02241, -0.0462466, -1.4419e-05, -1.44191e-05, -1.44191e-05, 0, 1.01819, 0.000235199, -0.301932, 2.44464e-06
121.25, 0.989555, 0.0257283, 1.00708, 0.0249518, 1.02086, -0.062168, -1.49657e-05, -1.49657e-05, -1.49657e-05, 0, 1.01819, 0.000234483, -0.301012, 2.78777e-06
121.3, 0.988064, 0.00921978, 1.00556, 0.00844326, 1.01932, -0.0786765, -1.55073e-05, -1.55073e-05, -1.55073e-05, 0, 1.01819, 0.000233778, -0.300107, 3.15926e-06
121.35, 0.986596, -0.00787033, 1.00406, -0.00864686, 1.0178, -0.0957666, -1.60437e-05, -1.60437e-05, -1.60437e-05, 0, 1.01819, 0.000233083, -0.299215, 3.55967e-06
121.4, 0.985154, -0.0255366, 1.0026, -0.0263131, 1.01632, -0.113433, -1.6575e-05, -1.65751e-05, -1.65751e-05, 0, 1.01819, 0.000232402, -0.29834, 3.98948e-06
121.45, 0.983741, -0.0437733, 1.00116, -0.0445499, 1.01486, -0.13167, -1.71013e-05, -1.71012e-05, -1.71013e-05, 0, 1.01819, 0.000231736, -0.297486, 4.44911e-06
121.5, 0.982361, -0.0625752, 0.999755, -0.0633517, 1.01344, -0.150471, -1.76221e-05, -1.76222e-05, -1.76224e-05, 0, 1.01819, 0.000231086, -0.296652, 4.93889e-06
121.55, 0.981017, -0.0819364, 0.998387, -0.0827129, 1.01205, -0.169833, -1.8138e-05, -1.8138e-05, -1.81381e-05, 0, 1.01819, 0.000230456, -0.29584, 5.45911e-06
121.6, 0.979711, -0.101851, 0.997058, -0.102628, 1.0107, -0.189748, -1.86491e-05, -1.86491e-05, -1.86491e-05, 0, 1.01819, 0.000229841, -0.295053, 6.00996e-06
121.65, 0.978446, -0.122315, 0.99577, -0.123091, 1.0094, -0.210211, -1.91543e-05, -1.91541e-05, -1.91541e-05, 0, 1.01819, 0.000229249, -0.294292, 6.5916e-06
121.7, 0.977223, -0.143321, 0.994526, -0.144097, 1.00813, -0.231217, -1.96548e-05, -1.96546e-05, -1.96546e-05, 0, 1.01819, 0.000228674, -0.293557, 7.20409e-06
121.75, 0.976045, -0.164864, 0.993327, -0.16564, 1.00692, -0.25276, -2.015e-05, -2.015e-05, -2.01497e-05, 0, 1.01819, 0.000228126, -0.292849, 7.84747e-06
121.8, 0.974914, -0.186938, 0.992176, -0.187715, 1.00575, -0.274834, -2.06396e-05, -2.06398e-05, -2.06398e-05, 0, 1.01819, 0.000227599, -0.292171, 8.5217e-06
121.85, 0.973831, -0.209538, 0.991074, -0.210315, 1.00464, -0.297435, -2.11247e-05, -2.11247e-05, -2.11246e-05, 0, 1.01819, 0.000227088, -0.291523, 9.22669e-06
121.9, 0.972797, -0.232659, 0.990021, -0.233435, 1.00357, -0.320555, -2.16039e-05, -2.16039e-05, -2.1604e-05, 0, 1.01819, 0.000226609, -0.290904, 9.96232e-06
121.95, 0.971813, -0.256294, 0.98902, -0.25707, 1.00255, -0.34419, -2.20783e-05, -2.20785e-05, -2.20785e-05, 0, 1.01819, 0.000226151, -0.290315, 1.07284e-05
122, 0.97088, -0.280438, 0.988071, -0.281214, 1.00159, -0.368334, -2.25475e-05, -2.25471e-05, -2.25473e-05, 0, 1.01819, 0.00022572, -0.289758, 1.15247e-05
122.001, 0.970862, -0.280926, 0.988052, -0.281702, 1.00157, -0.368822, -2.25568e-05, -2.25568e-05, -2.25566e-05, 0, 1.01819, 0.000225708, -0.289748, 1.15409e-05
122.001, 0.970862, -0.280926, 0.988052, -0.281702, 1.00157, -0.368822, -2.25568e-05, -2.25568e-05, -2.25566e-05, 0, 1.01819, 0.000225708, -0.289748, 1.15425e-05
122.051, 0.969982, -0.305583, 0.987157, -0.30636, 1.00066, -0.39348, -2.30211e-05, -2.3021e-05, -2.30208e-05, 0, 1.01819, 0.000225305, -0.289222, 1.23678e-05
122.101, 0.969155, -0.330738, 0.986315, -0.331515, 0.999812, -0.418635, -2.34794e-05, -2.34791e-05, -2.34796e-05, 0, 1.01819, 0.000224919, -0.28873, 1.32243e-05
122.15, 0.968381, -0.356385, 0.985528, -0.357162, 0.999013, -0.444282, -2.39327e-05, -2.39328e-05, -2.3933e-05, 0, 1.01819, 0.000224558, -0.288269, 1.41101e-05
122.2, 0.96766, -0.382519, 0.984794, -0.383296, 0.998269, -0.470415, -2.43812e-05, -2.43808e-05, -2.43808e-05, 0, 1.01819, 0.000224219, -0.287839, 1.50249e-05
122.25, 0.966992, -0.409134, 0.984114, -0.40991, 0.99758, -0.49703, -2.48245e-05, -2.48247e-05, -2.4824e-05, 0, 1.01819, 0.00022392, -0.287442, 1.59681e-05
122.3, 0.966377, -0.436224, 0.983488, -0.437, 0.996946, -0.52412, -2.52635e-05, -2.52633e-05, -2.52637e-05, 0, 1.01819, 0.000223633, -0.287076, 1.69395e-05
122.35, 0.965814, -0.463784, 0.982915, -0.46456, 0.996365, -0.55168, -2.56965e-05, -2.56965e-05, -2.56961e-05, 0, 1.01819, 0.000223368, -0.286743, 1.79385e-05
122.4, 0.965303, -0.491808, 0.982395, -0.492585, 0.995838, -0.579704, -2.61236e-05, -2.6124e-05, -2.61241e-05, 0, 1.01819, 0.000223137, -0.286439, 1.89646e-05
122.45, 0.964844, -0.520291, 0.981928, -0.521068, 0.995364, -0.608188, -2.65448e-05, -2.65447e-05, -2.65451e-05, 0, 1.01819, 0.000222919, -0.286167, 2.00174e-05
122.5, 0.964435, -0.549228, 0.981511, -0.550004, 0.994942, -0.637124, -2.69641e-05, -2.69639e-05, -2.6964e-05, 0, 1.01819, 0.000222737, -0.285923, 2.10962e-05
122.55, 0.964075, -0.578613, 0.981146, -0.579389, 0.994571, -0.666509, -2.73763e-05, -2.73766e-05, -2.73765e-05, 0, 1.01819, 0.00022256, -0.285711, 2.22007e-05
122.6, 0.963765, -0.608439, 0.980829, -0.609216, 0.99425, -0.696336, -2.77838e-05, -2.77838e-05, -2.77842e-05, 0, 1.01819, 0.000222422, -0.285527, 2.33301e-05
122.65, 0.963501, -0.638704, 0.980561, -0.63948, 0.993979, -0.7266, -2.81869e-05, -2.81867e-05, -2.81864e-05, 0, 1.01819, 0.000222299, -0.28537, 2.44839e-05
122.7, 0.963284, -0.669399, 0.980341, -0.670176, 0.993755, -0.757295, -2.85852e-05, -2.85852e-05, -2.85857e-05, 0, 1.01819, 0.000222207, -0.285242, 2.56615e-05
122.75, 0.963112, -0.700521, 0.980166, -0.701298, 0.993578, -0.788417, -2.89791e-05, -2.89781e-05, -2.89784e-05, 0, 1.01819, 0.000222133, -0.28514, 2.68624e-05
122.8, 0.962984, -0.732064, 0.980035, -0.73284, 0.993445, -0.81996, -2.93647e-05, -2.93651e-05, -2.93653e-05, 0, 1.01819, 0.000222065, -0.285064, 2.80859e-05
122.85, 0.962898, -0.764022, 0.979947, -0.764798, 0.993356, -0.851918, -2.97479e-05, -2.97477e-05, -2.97476e-05, 0, 1.01819, 0.000222025, -0.285013, 2.93313e-05
122.9, 0.962852, -0.79639, 0.979901, -0.797166, 0.993309, -0.884286, -3.01256e-05, -3.01255e-05, -3.01254e-05, 0, 1.01819, 0.000222003, -0.284986, 3.05981e-05
122.95, 0.962846, -0.829163, 0.979894, -0.829939, 0.993302, -0.917059, -3.04989e-05, -3.04992e-05, -3.04993e-05, 0, 1.01819, 0.000221986, -0.284983, 3.18856e-05
123, 0.962876, -0.862335, 0.979925, -0.863112, 0.993334, -0.950231, -3.08649e-05, -3.0865e-05, -3.08652e-05, 0, 1.01819, 0.000222009, -0.285001, 3.31932e-05
123, 0.962876, -0.862335, 0.979925, -0.863112, 0.993334, -0.950231, -3.08649e-05, -3.0865e-05, -3.08652e-05, 0, 1.01819, 0.000222009, -0.285001, 3.3197e-05
123.05, 0.962942, -0.895901, 0.979993, -0.896678, 0.993402, -0.983798, -3.12286e-05, -3.12283e-05, -3.12292e-05, 0, 1.01819, 0.000222049, -0.285039, 3.45203e-05
123.1, 0.963043, -0.929856, 0.980095, -0.930633, 0.993506, -1.01775, -3.15864e-05, -3.15851e-05, -3.15855e-05, 0, 1.01819, 0.000222085, -0.2851, 3.58661e-05
123.15, 0.963175, -0.964195, 0.98023, -0.964971, 0.993643, -1.05209, -3.19384e-05, -3.19385e-05, -3.19381e-05, 0, 1.01819, 0.00022214, -0.285178, 3.723e-05
123.2, 0.963338, -0.998911, 0.980395, -0.999688, 0.99381, -1.08681, -3.22876e-05, -3.22874e-05, -3.22872e-05, 0, 1.01819, 0.000222222, -0.285274, 3.86115e-05
123.25, 0.96353, -1.034, 0.98059, -1.03478, 0.994008, -1.1219, -3.26327e-05, -3.26321e-05, -3.26307e-05, 0, 1.01819, 0.000222327, -0.285387, 4.00098e-05
123.3, 0.963748, -1.06946, 0.980812, -1.07023, 0.994233, -1.15735, -3.29677e-05, -3.29678e-05, -3.29687e-05, 0, 1.01819, 0.000222408, -0.285517, 4.14242e-05
123.35, 0.963991, -1.10528, 0.981059, -1.10605, 0.994484, -1.19317, -3.33035e-05, -3.33042e-05, -3.33016e-05, 0, 1.01819, 0.000222536, -0.28566, 4.28542e-05
123.4, 0.964257, -1.14145, 0.98133, -1.14223, 0.994758, -1.22935, -3.36311e-05, -3.36308e-05, -3.36306e-05, 0, 1.01819, 0.000222649, -0.285818, 4.42991e-05
123.45, 0.964544, -1.17798, 0.981623, -1.17876, 0.995055, -1.26588, -3.39538e-05, -3.39548e-05, -3.39547e-05, 0, 1.01819, 0.000222776, -0.285989, 4.57583e-05
123.5, 0.964852, -1.21486, 0.981936, -1.21564, 0.995372, -1.30275, -3.42734e-05, -3.42744e-05, -3.42729e-05, 0, 1.01819, 0.000222936, -0.286171, 4.72311e-05
123.55, 0.965176, -1.25208, 0.982266, -1.25285, 0.995707, -1.33997, -3.45872e-05, -3.45872e-05, -3.45883e-05, 0, 1.01819, 0.000223064, -0.286364, 4.87168e-05
123.6, 0.965517, -1.28963, 0.982612, -1.29041, 0.996058, -1.37753, -3.48949e-05, -3.48951e-05, -3.4896e-05, 0, 1.01819, 0.000223239, -0.286565, 5.02149e-05
123.65, 0.965871, -1.32751, 0.982973, -1.32829, 0.996424, -1.41541, -3.52049e-05, -3.52043e-05, -3.5203e-05, 0, 1.01819, 0.000223382, -0.286776, 5.17247e-05
123.7, 0.966239, -1.36572, 0.983347, -1.3665, 0.996803, -1.45362, -3.55011e-05, -3.55023e-05, -3.55023e-05, 0, 1.01819, 0.000223577, -0.286994, 5.32456e-05
123.75, 0.966617, -1.40426, 0.983732, -1.40503, 0.997193, -1.49215, -3.57978e-05, -3.57976e-05, -3.57974e-05, 0, 1.01819, 0.000223746, -0.287219, 5.47771e-05
123.8, 0.967004, -1.4431, 0.984126, -1.44388, 0.997593, -1.531, -3.60859e-05, -3.60857e-05, -3.6087e-05, 0, 1.01819, 0.000223935, -0.287449, 5.63183e-05
123.85, 0.967399, -1.48226, 0.984528, -1.48304, 0.998, -1.57016, -3.63728e-05, -3.63726e-05, -3.63736e-05, 0, 1.01819, 0.000224114, -0.287684, 5.78689e-05
123.9, 0.9678, -1.52172, 0.984937, -1.5225, 0.998414, -1.60962, -3.66539e-05, -3.66539e-05, -3.66537e-05, 0, 1.01819, 0.000224303, -0.287923, 5.94281e-05
123.95, 0.968206, -1.56149, 0.985349, -1.56226, 0.998833, -1.64938, -3.6931e-05, -3.69299e-05, -3.69296e-05, 0, 1.01819, 0.000224473, -0.288164, 6.09955e-05
123.999, 0.968614, -1.60154, 0.985765, -1.60232, 0.999254, -1.68944, -3.72008e-05, -3.72006e-05, -3.72008e-05, 0, 1.01819, 0.00022469, -0.288407, 6.25703e-05
124, 0.968623, -1.60235, 0.985773, -1.60312, 0.999262, -1.69024, -3.72079e-05, -3.72077e-05, -3.72066e-05, 0, 1.01819, 0.000224664, -0.288412, 6.26019e-05
124, 0.968623, -1.60235, 0.985773, -1.60312, 0.999262, -1.69024, -3.72079e-05, -3.72077e-05, -3.72066e-05, 0, 1.01819, 0.000224664, -0.288412, 6.26077e-05
124.05, 0.969034, -1.6427, 0.986192, -1.64348, 0.999686, -1.7306, -3.74733e-05, -3.74732e-05, -3.7473e-05, 0, 1.01819, 0.00022487, -0.288657, 6.41838e-05
124.1, 0.969445, -1.68334, 0.98661, -1.68412, 1.00011, -1.77124, -3.77355e-05, -3.77353e-05, -3.77349e-05, 0, 1.01819, 0.000225026, -0.288902, 6.5772e-05
124.15, 0.969854, -1.72426, 0.987027, -1.72503, 1.00053, -1.81215, -3.79941e-05, -3.79957e-05, -3.79961e-05, 0, 1.01819, 0.000225243, -0.289146, 6.73661e-05
124.2, 0.970262, -1.76545, 0.987442, -1.76623, 1.00095, -1.85335, -3.8246e-05, -3.82443e-05, -3.82434e-05, 0, 1.01819, 0.000225431, -0.289389, 6.89654e-05
124.25, 0.970666, -1.80691, 0.987853, -1.80769, 1.00137, -1.89481, -3.84914e-05, -3.84918e-05, -3.84919e-05, 0, 1.01819, 0.000225591, -0.289631, 7.05694e-05
124.3, 0.971066, -1.84864, 0.98826, -1.84941, 1.00178, -1.93653, -3.87333e-05, -3.87332e-05, -3.87332e-05, 0, 1.01819, 0.000225797, -0.28987, 7.21776e-05
124.35, 0.971461, -1.89062, 0.988662, -1.8914, 1.00219, -1.97852, -3.89757e-05, -3.89755e-05, -3.89779e-05, 0, 1.01819, 0.000225997, -0.290105, 7.37895e-05
124.4, 0.971849, -1.93286, 0.989056, -1.93363, 1.00259, -2.02075, -3.92056e-05, -3.92051e-05, -3.9205e-05, 0, 1.01819, 0.000226129, -0.290337, 7.54044e-05
124.45, 0.972229, -1.97535, 0.989444, -1.97612, 1.00298, -2.06324, -3.9435e-05, -3.94346e-05, -3.9435e-05, 0, 1.01819, 0.000226343, -0.290564, 7.70219e-05
124.5, 0.972602, -2.01808, 0.989823, -2.01885, 1.00337, -2.10597, -3.96549e-05, -3.96522e-05, -3.96526e-05, 0, 1.01819, 0.000226522, -0.290786, 7.86416e-05
124.55, 0.972965, -2.06105, 0.990192, -2.06182, 1.00374, -2.14894, -3.98748e-05, -3.98742e-05, -3.98726e-05, 0, 1.01819, 0.000226697, -0.291004, 8.02628e-05
124.6, 0.973318, -2.10425, 0.990552, -2.10503, 1.00411, -2.19215, -4.00943e-05, -4.00944e-05, -4.00935e-05, 0, 1.01819, 0.000226836, -0.291216, 8.18852e-05
124.65, 0.973661, -2.14768, 0.990901, -2.14846, 1.00446, -2.23558, -4.02968e-05, -4.02959e-05, -4.02961e-05, 0, 1.01819, 0.000226978, -0.291421, 8.35082e-05
124.7, 0.973993, -2.19133, 0.991239, -2.19211, 1.0048, -2.27923, -4.05043e-05, -4.05071e-05, -4.05063e-05, 0, 1.01819, 0.000227164, -0.291619, 8.51314e-05
124.75, 0.974314, -2.23521, 0.991565, -2.23598, 1.00513, -2.3231, -4.07043e-05, -4.07042e-05, -4.07088e-05, 0, 1.01819, 0.000227294, -0.291812, 8.67543e-05
124.8, 0.974622, -2.27929, 0.991879, -2.28007, 1.00545, -2.36719, -4.09029e-05, -4.09024e-05, -4.09019e-05, 0, 1.01819, 0.000227476, -0.291996, 8.83765e-05
124.85, 0.974918, -2.32359, 0.99218, -2.32436, 1.00576, -2.41148, -4.10887e-05, -4.10899e-05, -4.10888e-05, 0, 1.01819, 0.000227582, -0.292174, 8.99974e-05
124.9, 0.975201, -2.36809, 0.992468, -2.36886, 1.00605, -2.45598, -4.12749e-05, -4.12741e-05, -4.12743e-05, 0, 1.01819, 0.000227719, -0.292343, 9.16168e-05
124.95, 0.975471, -2.41278, 0.992743, -2.41356, 1.00633, -2.50068, -4.14613e-05, -4.14579e-05, -4.14606e-05, 0, 1.01819, 0.000227863, -0.292505, 9.3234e-05
125, 0.975727, -2.45767, 0.993003, -2.45845, 1.00659, -2.54557, -4.16335e-05, -4.16355e-05, -4.16366e-05, 0, 1.01819, 0.000227982, -0.292658, 9.48488e-05
125.001, 0.975732, -2.45857, 0.993008, -2.45935, 1.0066, -2.54647, -4.16429e-05, -4.16419e-05, -4.16451e-05, 0, 1.01819, 0.000227931, -0.292662, 9.4881e-05
125.001, 0.975732, -2.45857, 0.993008, -2.45935, 1.0066, -2.54647, -4.16429e-05, -4.16419e-05, -4.16451e-05, 0, 1.01819, 0.000227931, -0.292662, 9.48881e-05
125.051, 0.975974, -2.50365, 0.993255, -2.50443, 1.00685, -2.59155, -4.18162e-05, -4.18133e-05, -4.18128e-05, 0, 1.01819, 0.000228077, -0.292807, 9.64928e-05
125.101, 0.976203, -2.54891, 0.993487, -2.54969, 1.00708, -2.63681, -4.19805e-05, -4.19773e-05, -4.19773e-05, 0, 1.01819, 0.000228189, -0.292944, 9.81013e-05
125.151, 0.976417, -2.59435, 0.993706, -2.59513, 1.0073, -2.68225, -4.21366e-05, -4.21365e-05, -4.21368e-05, 0, 1.01819, 0.000228335, -0.293072, 9.97061e-05
125.201, 0.976618, -2.63997, 0.99391, -2.64074, 1.00751, -2.72786, -4.2298e-05, -4.22984e-05, -4.22997e-05, 0, 1.01819, 0.000228379, -0.293194, 0.000101307
125.251, 0.976804, -2.68575, 0.9941, -2.68653, 1.0077, -2.77364, -4.24473e-05, -4.24489e-05, -4.24493e-05, 0, 1.01819, 0.000228452, -0.293305, 0.000102903
125.301, 0.976977, -2.73169, 0.994275, -2.73247, 1.00788, -2.81959, -4.26039e-05, -4.26032e-05, -4.26069e-05, 0, 1.01819, 0.000228549, -0.293409, 0.000104494
125.351, 0.977135, -2.77779, 0.994437, -2.77857, 1.00804, -2.86569, -4.2748e-05, -4.27479e-05, -4.2747e-05, 0, 1.01819, 0.000228629, -0.293504, 0.00010608
125.401, 0.97728, -2.82405, 0.994584, -2.82483, 1.00819, -2.91195, -4.28867e-05, -4.28874e-05, -4.28838e-05, 0, 1.01819, 0.000228683, -0.293591, 0.00010766
125.451, 0.977412, -2.87045, 0.994718, -2.87123, 1.00833, -2.95835, -4.30185e-05, -4.30174e-05, -4.30155e-05, 0, 1.01819, 0.000228779, -0.29367, 0.000109235
125.501, 0.977529, -2.917, 0.994838, -2.91778, 1.00845, -3.0049, -4.31495e-05, -4.31511e-05, -4.31508e-05, 0, 1.01819, 0.000228845, -0.293741, 0.000110803
125.551, 0.977634, -2.96369, 0.994944, -2.96446, 1.00856, -3.05158, -4.32764e-05, -4.32762e-05, -4.32779e-05, 0, 1.01819, 0.000228903, -0.293803, 0.000112364
125.601, 0.977726, -3.0105, 0.995037, -3.01128, 1.00865, -3.0984, -4.34003e-05, -4.33999e-05, -4.34021e-05, 0, 1.01819, 0.000228945, -0.293859, 0.000113919
125.651, 0.977804, -3.05745, 0.995118, -3.05823, 1.00873, -3.14535, -4.35193e-05, -4.3519e-05, -4.35193e-05, 0, 1.01819, 0.000228943, -0.293906, 0.000115466
125.701, 0.977871, -3.10452, 0.995186, -3.1053, 1.0088, -3.19242, -4.3633e-05, -4.36347e-05, -4.36351e-05, 0, 1.01819, 0.000228954, -0.293946, 0.000117005
125.751, 0.977926, -3.15171, 0.995241, -3.15249, 1.00886, -3.23961, -4.37427e-05, -4.37425e-05, -4.37412e-05, 0, 1.01819, 0.000228982, -0.293979, 0.000118537
125.8, 0.977968, -3.19902, 0.995284, -3.1998, 1.0089, -3.28692, -4.38441e-05, -4.38465e-05, -4.38463e-05, 0, 1.01819, 0.000229074, -0.294004, 0.00012006
125.85, 0.978, -3.24643, 0.995316, -3.24721, 1.00894, -3.33433, -4.3942e-05, -4.3941e-05, -4.39405e-05, 0, 1.01819, 0.000229079, -0.294023, 0.000121575
125.9, 0.97802, -3.29395, 0.995337, -3.29473, 1.00896, -3.38185, -4.40399e-05, -4.40368e-05, -4.40398e-05, 0, 1.01819, 0.000229038, -0.294036, 0.000123081
125.95, 0.97803, -3.34157, 0.995348, -3.34235, 1.00897, -3.42947, -4.41281e-05, -4.4125e-05, -4.41293e-05, 0, 1.01819, 0.000229035, -0.294042, 0.000124578
126, 0.97803, -3.38929, 0.995348, -3.39007, 1.00897, -3.47719, -4.42174e-05, -4.42203e-05, -4.42195e-05, 0, 1.01819, 0.000229044, -0.294042, 0.000126065
126, 0.97803, -3.38929, 0.995348, -3.39007, 1.00897, -3.47719, -4.42174e-05, -4.42203e-05, -4.42195e-05, 0, 1.01819, 0.000229044, -0.294042, 0.000126072
126.05, 0.978021, -3.4371, 0.995338, -3.43787, 1.00896, -3.52499, -4.42995e-05, -4.43006e-05, -4.43022e-05, 0, 1.01819, 0.0002291, -0.294036, 0.000127542
126.1, 0.978002, -3.48499, 0.995319, -3.48576, 1.00894, -3.57288, -4.43719e-05, -4.43746e-05, -4.43736e-05, 0, 1.01819, 0.000229064, -0.294025, 0.00012901
126.15, 0.977974, -3.53296, 0.995291, -3.53374, 1.00891, -3.62086, -4.44527e-05, -4.44502e-05, -4.44524e-05, 0, 1.01819, 0.000229016, -0.294008, 0.000130467
126.2, 0.977939, -3.58102, 0.995254, -3.58179, 1.00887, -3.66891, -4.45203e-05, -4.45168e-05, -4.45211e-05, 0, 1.01819, 0.000228992, -0.293987, 0.000131914
126.25, 0.977895, -3.62914, 0.99521, -3.62992, 1.00883, -3.71704, -4.45874e-05, -4.45863e-05, -4.45865e-05, 0, 1.01819, 0.00022902, -0.293961, 0.00013335
126.3, 0.977844, -3.67734, 0.995158, -3.67811, 1.00878, -3.76523, -4.46478e-05, -4.46481e-05, -4.46415e-05, 0, 1.01819, 0.000228947, -0.29393, 0.000134776
126.35, 0.977787, -3.72559, 0.995099, -3.72637, 1.00872, -3.81349, -4.47089e-05, -4.47083e-05, -4.47051e-05, 0, 1.01819, 0.000228928, -0.293896, 0.00013619
126.4, 0.977723, -3.77391, 0.995034, -3.77469, 1.00865, -3.86181, -4.47642e-05, -4.47651e-05, -4.47676e-05, 0, 1.01819, 0.000228919, -0.293856, 0.000137592
126.45, 0.977653, -3.82229, 0.994963, -3.82307, 1.00858, -3.91018, -4.48171e-05, -4.4812e-05, -4.48141e-05, 0, 1.01819, 0.000228906, -0.293815, 0.000138983
126.5, 0.977578, -3.87072, 0.994887, -3.87149, 1.0085, -3.95861, -4.48659e-05, -4.4868e-05, -4.48687e-05, 0, 1.01819, 0.000228897, -0.29377, 0.000140362
126.55, 0.977498, -3.91919, 0.994805, -3.91996, 1.00842, -4.00708, -4.49033e-05, -4.49054e-05, -4.49056e-05, 0, 1.01819, 0.000228815, -0.293722, 0.000141729
126.6, 0.977413, -3.9677, 0.994719, -3.96848, 1.00833, -4.0556, -4.494e-05, -4.49345e-05, -4.49381e-05, 0, 1.01819, 0.000228796, -0.293671, 0.000143083
126.65, 0.977324, -4.01626, 0.994629, -4.01704, 1.00824, -4.10416, -4.49787e-05, -4.49776e-05, -4.49736e-05, 0, 1.01819, 0.00022869, -0.293618, 0.000144425
126.7, 0.977232, -4.06485, 0.994536, -4.06563, 1.00814, -4.15274, -4.5003e-05, -4.49977e-05, -4.50014e-05, 0, 1.01819, 0.000228692, -0.293562, 0.000145755
126.75, 0.977137, -4.11347, 0.994439, -4.11424, 1.00805, -4.20136, -4.50299e-05, -4.50346e-05, -4.5032e-05, 0, 1.01819, 0.000228595, -0.293506, 0.000147071
126.8, 0.977039, -4.16212, 0.994339, -4.16289, 1.00795, -4.25001, -4.50571e-05, -4.50589e-05, -4.50594e-05, 0, 1.01819, 0.000228589, -0.293446, 0.000148375
126.85, 0.976939, -4.21079, 0.994237, -4.21156, 1.00784, -4.29868, -4.50863e-05, -4.50915e-05, -4.50895e-05, 0, 1.01819, 0.000228517, -0.293387, 0.000149665
126.9, 0.976837, -4.25947, 0.994133, -4.26025, 1.00774, -4.34737, -4.50825e-05, -4.50825e-05, -4.50794e-05, 0, 1.01819, 0.000228483, -0.293325, 0.000150942
126.95, 0.976734, -4.30818, 0.994028, -4.30896, 1.00763, -4.39608, -4.50982e-05, -4.50965e-05, -4.51007e-05, 0, 1.01819, 0.000228532, -0.293263, 0.000152205
127, 0.97663, -4.3569, 0.993922, -4.35767, 1.00752, -4.44479, -4.51148e-05, -4.51194e-05, -4.51165e-05, 0, 1.01819, 0.000228353, -0.293201, 0.000153454
127.001, 0.976628, -4.35787, 0.99392, -4.35865, 1.00752, -4.44577, -4.51308e-05, -4.51244e-05, -4.51272e-05, 0, 1.01819, 0.000228444, -0.293199, 0.000153479
127.001, 0.976628, -4.35787, 0.99392, -4.35865, 1.00752, -4.44577, -4.51308e-05, -4.51244e-05, -4.51272e-05, 0, 1.01819, 0.000228444, -0.293199, 0.000153486
127.051, 0.976522, -4.4066, 0.993813, -4.40738, 1.00741, -4.4945, -4.51238e-05, -4.51294e-05, -4.5127e-05, 0, 1.01819, 0.000228312, -0.293136, 0.000154715
127.101, 0.976416, -4.45533, 0.993704, -4.45611, 1.0073, -4.54323, -4.51208e-05, -4.51226e-05, -4.51218e-05, 0, 1.01819, 0.000228249, -0.293072, 0.000155936
127.151, 0.976309, -4.50406, 0.993596, -4.50483, 1.00719, -4.59195, -4.51277e-05, -4.51273e-05, -4.5124e-05, 0, 1.01819, 0.000228252, -0.293008, 0.000157143
127.201, 0.976205, -4.55279, 0.99349, -4.55356, 1.00708, -4.64068, -4.51194e-05, -4.51266e-05, -4.51241e-05, 0, 1.01819, 0.000228301, -0.292945, 0.000158336
127.251, 0.976102, -4.60151, 0.993385, -4.60228, 1.00698, -4.6894, -4.50982e-05, -4.50982e-05, -4.51008e-05, 0, 1.01819, 0.000228193, -0.292884, 0.000159514
127.301, 0.975999, -4.65022, 0.99328, -4.65099, 1.00687, -4.73811, -4.50965e-05, -4.50945e-05, -4.5092e-05, 0, 1.01819, 0.000228109, -0.292822, 0.000160678
127.351, 0.975897, -4.69891, 0.993177, -4.69969, 1.00677, -4.78681, -4.50854e-05, -4.50862e-05, -4.5082e-05, 0, 1.01819, 0.000227999, -0.292761, 0.000161827
127.401, 0.975797, -4.74759, 0.993075, -4.74837, 1.00666, -4.83549, -4.50563e-05, -4.50607e-05, -4.50527e-05, 0, 1.01819, 0.000228042, -0.292701, 0.000162961
127.451, 0.975699, -4.79625, 0.992975, -4.79703, 1.00656, -4.88415, -4.50315e-05, -4.50371e-05, -4.50394e-05, 0, 1.01819, 0.000227939, -0.292642, 0.000164081
127.501, 0.975602, -4.84489, 0.992877, -4.84566, 1.00646, -4.93278, -4.50214e-05, -4.50209e-05, -4.50198e-05, 0, 1.01819, 0.000228003, -0.292583, 0.000165185
127.551, 0.975508, -4.8935, 0.992781, -4.89427, 1.00637, -4.98139, -4.49932e-05, -4.49983e-05, -4.49979e-05, 0, 1.01819, 0.000227882, -0.292527, 0.000166274
127.601, 0.975416, -4.94208, 0.992688, -4.94285, 1.00627, -5.02997, -4.49612e-05, -4.49602e-05, -4.49627e-05, 0, 1.01819, 0.000227811, -0.292473, 0.000167348
127.65, 0.975328, -4.99062, 0.992597, -4.9914, 1.00618, -5.07852, -4.49453e-05, -4.49379e-05, -4.49435e-05, 0, 1.01819, 0.000227792, -0.292419, 0.000168407
127.7, 0.975241, -5.03914, 0.992509, -5.03991, 1.00609, -5.12703, -4.49041e-05, -4.49064e-05, -4.49021e-05, 0, 1.01819, 0.000227796, -0.292368, 0.000169451
127.75, 0.975158, -5.08761, 0.992424, -5.08839, 1.006, -5.17551, -4.48586e-05, -4.48642e-05, -4.48625e-05, 0, 1.01819, 0.000227747, -0.292317, 0.000170479
127.8, 0.975078, -5.13604, 0.992343, -5.13682, 1.00592, -5.22394, -4.48267e-05, -4.48265e-05, -4.48269e-05, 0, 1.01819, 0.000227679, -0.29227, 0.000171491
127.85, 0.975001, -5.18443, 0.992264, -5.18521, 1.00584, -5.27233, -4.47803e-05, -4.47844e-05, -4.47822e-05, 0, 1.01819, 0.000227638, -0.292223, 0.000172488
127.9, 0.974927, -5.23278, 0.992189, -5.23355, 1.00577, -5.32067, -4.47505e-05, -4.47459e-05, -4.47457e-05, 0, 1.01819, 0.000227613, -0.292179, 0.00017347
127.95, 0.974857, -5.28107, 0.992118, -5.28185, 1.00569, -5.36897, -4.46977e-05, -4.47026e-05, -4.47003e-05, 0, 1.01819, 0.000227569, -0.292137, 0.000174436
128, 0.97479, -5.32931, 0.99205, -5.33009, 1.00562, -5.41721, -4.46356e-05, -4.46312e-05, -4.46385e-05, 0, 1.01819, 0.000227509, -0.292097, 0.000175386
128, 0.97479, -5.32931, 0.99205, -5.33009, 1.00562, -5.41721, -4.46356e-05, -4.46312e-05, -4.46385e-05, 0, 1.01819, 0.000227509, -0.292097, 0.000175392
128.051, 0.974727, -5.3775, 0.991985, -5.37828, 1.00556, -5.46539, -4.45977e-05, -4.46028e-05, -4.45962e-05, 0, 1.01819, 0.000227544, -0.292059, 0.00017632
128.101, 0.974667, -5.42563, 0.991925, -5.4264, 1.0055, -5.51352, -4.455e-05, -4.45561e-05, -4.45471e-05, 0, 1.01819, 0.000227567, -0.292023, 0.000177238
128.151, 0.974611, -5.4737, 0.991868, -5.47447, 1.00544, -5.56159, -4.44811e-05, -4.44833e-05, -4.44781e-05, 0, 1.01819, 0.000227463, -0.291989, 0.000178141
128.202, 0.974558, -5.52171, 0.991814, -5.52248, 1.00539, -5.6096, -4.44299e-05, -4.44235e-05, -4.44255e-05, 0, 1.01819, 0.000227429, -0.291958, 0.000179028
128.252, 0.974509, -5.56965, 0.991764, -5.57043, 1.00534, -5.65755, -4.43631e-05, -4.43568e-05, -4.43591e-05, 0, 1.01819, 0.00022752, -0.291928, 0.000179899
128.302, 0.974464, -5.61753, 0.991718, -5.61831, 1.00529, -5.70543, -4.43042e-05, -4.42997e-05, -4.43044e-05, 0, 1.01819, 0.000227353, -0.291902, 0.000180754
128.353, 0.974423, -5.66534, 0.991676, -5.66612, 1.00525, -5.75323, -4.42409e-05, -4.42465e-05, -4.42416e-05, 0, 1.01819, 0.000227425, -0.291877, 0.000181593
128.403, 0.974384, -5.71308, 0.991637, -5.71385, 1.00521, -5.80097, -4.41768e-05, -4.4177e-05, -4.41723e-05, 0, 1.01819, 0.000227343, -0.291854, 0.000182416
128.453, 0.97435, -5.76075, 0.991602, -5.76152, 1.00517, -5.84864, -4.41104e-05, -4.41161e-05, -4.4109e-05, 0, 1.01819, 0.000227265, -0.291834, 0.000183223
128.504, 0.974319, -5.80833, 0.991571, -5.80911, 1.00514, -5.89623, -4.40337e-05, -4.40328e-05, -4.4036e-05, 0, 1.01819, 0.000227366, -0.291815, 0.000184015
128.554, 0.974292, -5.85585, 0.991543, -5.85663, 1.00511, -5.94375, -4.39679e-05, -4.39658e-05, -4.39643e-05, 0, 1.01819, 0.000227274, -0.291799, 0.00018479
128.605, 0.974267, -5.90329, 0.991518, -5.90406, 1.00509, -5.99118, -4.38926e-05, -4.38907e-05, -4.38898e-05, 0, 1.01819, 0.000227245, -0.291784, 0.00018555
128.655, 0.974246, -5.95064, 0.991497, -5.95142, 1.00506, -6.03854, -4.3807e-05, -4.38144e-05, -4.38096e-05, 0, 1.01819, 0.000227267, -0.291771, 0.000186294
128.705, 0.974229, -5.99791, 0.991479, -5.99869, 1.00505, -6.08581, -4.37318e-05, -4.37355e-05, -4.37384e-05, 0, 1.01819, 0.000227265, -0.29176, 0.000187022
128.756, 0.974214, -6.0451, 0.991464, -6.04588, 1.00503, -6.133, -4.36571e-05, -4.36581e-05, -4.36551e-05, 0, 1.01819, 0.000227325, -0.291752, 0.000187734
128.806, 0.974203, -6.0922, 0.991453, -6.09298, 1.00502, -6.1801, -4.35781e-05, -4.35774e-05, -4.35735e-05, 0, 1.01819, 0.000227258, -0.291745, 0.00018843
128.856, 0.974195, -6.13922, 0.991444, -6.14, 1.00501, -6.22712, -4.34919e-05, -4.34929e-05, -4.34939e-05, 0, 1.01819, 0.000227202, -0.29174, 0.000189111
128.907, 0.974189, -6.18615, 0.991439, -6.18692, 1.005, -6.27404, -4.34176e-05, -4.3424e-05, -4.34223e-05, 0, 1.01819, 0.000227254, -0.291737, 0.000189775
128.957, 0.974186, -6.23298, 0.991436, -6.23376, 1.005, -6.32088, -4.33292e-05, -4.33311e-05, -4.33287e-05, 0, 1.01819, 0.000227317, -0.291735, 0.000190425
129, 0.974186, -6.27319, 0.991435, -6.27397, 1.005, -6.36109, -4.32564e-05, -4.32643e-05, -4.32595e-05, 0, 1.01819, 0.000227276, -0.291735, 0.00019097
129, 0.974186, -6.27319, 0.991435, -6.27397, 1.005, -6.36109, -4.32564e-05, -4.32643e-05, -4.32595e-05, 0, 1.01819, 0.000227276, -0.291735, 0.000190975
129.051, 0.974188, -6.31986, 0.991437, -6.32063, 1.005, -6.40775, -4.31614e-05, -4.31675e-05, -4.31704e-05, 0, 1.01819, 0.000227217, -0.291737, 0.000191591
129.101, 0.974193, -6.36643, 0.991442, -6.3672, 1.00501, -6.45432, -4.30724e-05, -4.30774e-05, -4.30729e-05, 0, 1.01819, 0.000227273, -0.291738, 0.000192195
129.151, 0.9742, -6.4129, 0.991449, -6.41368, 1.00502, -6.5008, -4.29965e-05, -4.30009e-05, -4.30042e-05, 0, 1.01819, 0.000227265, -0.291743, 0.000192784
129.202, 0.974208, -6.45928, 0.991458, -6.46005, 1.00502, -6.54717, -4.29135e-05, -4.29172e-05, -4.29204e-05, 0, 1.01819, 0.00022728, -0.291748, 0.000193358
129.252, 0.97422, -6.50556, 0.991469, -6.50633, 1.00504, -6.59345, -4.28107e-05, -4.28071e-05, -4.28091e-05, 0, 1.01819, 0.000227347, -0.291755, 0.000193916
129.302, 0.974233, -6.55174, 0.991483, -6.55251, 1.00505, -6.63963, -4.27192e-05, -4.27146e-05, -4.27212e-05, 0, 1.01819, 0.000227232, -0.291763, 0.00019446
129.353, 0.974247, -6.59781, 0.991498, -6.59859, 1.00506, -6.68571, -4.26215e-05, -4.26218e-05, -4.26276e-05, 0, 1.01819, 0.000227261, -0.291772, 0.000194987
129.403, 0.974264, -6.64379, 0.991514, -6.64457, 1.00508, -6.73169, -4.25355e-05, -4.25326e-05, -4.25335e-05, 0, 1.01819, 0.000227239, -0.291781, 0.0001955
129.454, 0.974282, -6.68967, 0.991533, -6.69044, 1.0051, -6.77756, -4.24358e-05, -4.24352e-05, -4.24388e-05, 0, 1.01819, 0.000227273, -0.291793, 0.000195998
129.504, 0.974301, -6.73544, 0.991552, -6.73622, 1.00512, -6.82334, -4.23443e-05, -4.23372e-05, -4.23404e-05, 0, 1.01819, 0.000227354, -0.291804, 0.000196481
129.554, 0.974322, -6.78111, 0.991574, -6.78188, 1.00514, -6.869, -4.22511e-05, -4.22505e-05, -4.2252e-05, 0, 1.01819, 0.000227276, -0.291816, 0.000196949
129.605, 0.974344, -6.82667, 0.991596, -6.82745, 1.00516, -6.91457, -4.21398e-05, -4.21407e-05, -4.21412e-05, 0, 1.01819, 0.000227369, -0.291829, 0.000197402
129.655, 0.974367, -6.87213, 0.991619, -6.8729, 1.00519, -6.96002, -4.20563e-05, -4.20507e-05, -4.20531e-05, 0, 1.01819, 0.000227313, -0.291843, 0.000197841
129.705, 0.974391, -6.91747, 0.991644, -6.91825, 1.00521, -7.00537, -4.19435e-05, -4.19441e-05, -4.19469e-05, 0, 1.01819, 0.000227448, -0.291857, 0.000198264
129.756, 0.974416, -6.96272, 0.991669, -6.96349, 1.00524, -7.05061, -4.18493e-05, -4.18539e-05, -4.18506e-05, 0, 1.01819, 0.000227418, -0.291872, 0.000198674
129.806, 0.97444, -7.00785, 0.991694, -7.00863, 1.00526, -7.09575, -4.17451e-05, -4.17477e-05, -4.17463e-05, 0, 1.01819, 0.000227362, -0.291887, 0.000199069
129.856, 0.974465, -7.05288, 0.991719, -7.05365, 1.00529, -7.14077, -4.16476e-05, -4.1647e-05, -4.16503e-05, 0, 1.01819, 0.000227492, -0.291902, 0.00019945
129.907, 0.974493, -7.09779, 0.991747, -7.09857, 1.00532, -7.18569, -4.15404e-05, -4.15424e-05, -4.15305e-05, 0, 1.01819, 0.000227369, -0.291919, 0.000199817
129.957, 0.974521, -7.1426, 0.991776, -7.14337, 1.00535, -7.23049, -4.14441e-05, -4.14519e-05, -4.14405e-05, 0, 1.01819, 0.000227444, -0.291935, 0.000200169
130, 0.974544, -7.18104, 0.9918, -7.18182, 1.00537, -7.26894, -4.13514e-05, -4.1365e-05, -4.13592e-05, 0, 1.01819, 0.00022741, -0.291949, 0.000200461
130, 0.974544, -7.18104, 0.9918, -7.18182, 1.00537, -7.26894, -4.13514e-05, -4.1365e-05, -4.13592e-05, 0, 1.01819, 0.00022741, -0.291949, 0.000200465
130.051, 0.974572, -7.22564, 0.991828, -7.22642, 1.0054, -7.31354, -4.12711e-05, -4.12673e-05, -4.12814e-05, 0, 1.01819, 0.000227463, -0.291966, 0.000200788
130.101, 0.9746, -7.27013, 0.991857, -7.27091, 1.00543, -7.35803, -4.11407e-05, -4.11378e-05, -4.11309e-05, 0, 1.01819, 0.000227518, -0.291983, 0.000201101
130.151, 0.974628, -7.31451, 0.991885, -7.31528, 1.00546, -7.4024, -4.10455e-05, -4.10411e-05, -4.10446e-05, 0, 1.01819, 0.000227425, -0.292, 0.000201401
130.202, 0.974656, -7.35877, 0.991914, -7.35955, 1.00549, -7.44667, -4.0959e-05, -4.0955e-05, -4.09553e-05, 0, 1.01819, 0.000227418, -0.292017, 0.000201687
130.252, 0.974685, -7.40292, 0.991943, -7.4037, 1.00552, -7.49082, -4.08413e-05, -4.08348e-05, -4.08375e-05, 0, 1.01819, 0.000227522, -0.292033, 0.00020196
130.302, 0.974712, -7.44696, 0.991971, -7.44774, 1.00554, -7.53486, -4.07328e-05, -4.07265e-05, -4.07368e-05, 0, 1.01819, 0.000227489, -0.29205, 0.000202219
130.353, 0.974738, -7.49089, 0.991997, -7.49167, 1.00557, -7.57879, -4.06355e-05, -4.06286e-05, -4.0645e-05, 0, 1.01819, 0.000227451, -0.292066, 0.000202465
130.403, 0.974764, -7.53471, 0.992023, -7.53548, 1.0056, -7.6226, -4.05173e-05, -4.05223e-05, -4.05256e-05, 0, 1.01819, 0.000227526, -0.292081, 0.000202699
130.454, 0.974789, -7.57841, 0.992049, -7.57918, 1.00562, -7.6663, -4.04252e-05, -4.04316e-05, -4.04386e-05, 0, 1.01819, 0.000227455, -0.292096, 0.00020292
130.504, 0.974814, -7.62199, 0.992074, -7.62277, 1.00565, -7.70989, -4.03179e-05, -4.03217e-05, -4.03146e-05, 0, 1.01819, 0.000227623, -0.292111, 0.000203128
130.554, 0.974839, -7.66547, 0.992099, -7.66625, 1.00567, -7.75337, -4.02025e-05, -4.01995e-05, -4.01916e-05, 0, 1.01819, 0.000227544, -0.292126, 0.000203323
130.605, 0.974863, -7.70883, 0.992124, -7.70961, 1.0057, -7.79673, -4.0112e-05, -4.01195e-05, -4.01134e-05, 0, 1.01819, 0.000227563, -0.292141, 0.000203506
130.655, 0.974886, -7.75208, 0.992147, -7.75286, 1.00572, -7.83997, -3.99932e-05, -3.99986e-05, -3.99919e-05, 0, 1.01819, 0.000227496, -0.292154, 0.000203677
130.705, 0.974908, -7.79521, 0.992169, -7.79599, 1.00575, -7.88311, -3.98831e-05, -3.98842e-05, -3.98888e-05, 0, 1.01819, 0.000227641, -0.292167, 0.000203836
130.756, 0.974929, -7.83824, 0.992192, -7.83901, 1.00577, -7.92613, -3.98114e-05, -3.98037e-05, -3.9797e-05, 0, 1.01819, 0.000227526, -0.292181, 0.000203983
130.806, 0.97495, -7.88115, 0.992213, -7.88192, 1.00579, -7.96904, -3.96836e-05, -3.9679e-05, -3.96808e-05, 0, 1.01819, 0.000227541, -0.292193, 0.000204118
130.856, 0.97497, -7.92394, 0.992233, -7.92472, 1.00581, -8.01184, -3.9578e-05, -3.95744e-05, -3.95738e-05, 0, 1.01819, 0.000227559, -0.292205, 0.000204241
130.907, 0.974989, -7.96662, 0.992252, -7.9674, 1.00583, -8.05452, -3.94683e-05, -3.94716e-05, -3.94615e-05, 0, 1.01819, 0.000227679, -0.292216, 0.000204353
130.957, 0.975007, -8.00919, 0.992271, -8.00997, 1.00585, -8.09709, -3.93767e-05, -3.9373e-05, -3.93846e-05, 0, 1.01819, 0.000227701, -0.292227, 0.000204453
131, 0.975022, -8.04571, 0.992286, -8.04649, 1.00586, -8.13361, -3.92787e-05, -3.92833e-05, -3.92732e-05, 0, 1.01819, 0.000227526, -0.292236, 0.00020453
131, 0.975022, -8.04571, 0.992286, -8.04649, 1.00586, -8.13361, -3.92787e-05, -3.92833e-05, -3.92732e-05, 0, 1.01819, 0.000227526, -0.292236, 0.000204533
131.051, 0.975038, -8.08807, 0.992302, -8.08885, 1.00588, -8.17597, -3.91648e-05, -3.91691e-05, -3.91751e-05, 0, 1.01819, 0.000227675, -0.292245, 0.00020461
131.101, 0.975053, -8.13032, 0.992318, -8.1311, 1.0059, -8.21822, -3.90906e-05, -3.90744e-05, -3.90805e-05, 0, 1.01819, 0.000227805, -0.292255, 0.000204679
131.151, 0.975068, -8.17246, 0.992333, -8.17323, 1.00591, -8.26035, -3.89619e-05, -3.8969e-05, -3.89628e-05, 0, 1.01819, 0.00022772, -0.292264, 0.000204737
131.202, 0.975081, -8.21448, 0.992346, -8.21526, 1.00593, -8.30238, -3.88581e-05, -3.88645e-05, -3.88658e-05, 0, 1.01819, 0.000227734, -0.292271, 0.000204784
131.252, 0.975094, -8.2564, 0.992359, -8.25717, 1.00594, -8.34429, -3.87862e-05, -3.87823e-05, -3.87815e-05, 0, 1.01819, 0.000227738, -0.292279, 0.000204821
131.303, 0.975105, -8.2982, 0.992371, -8.29898, 1.00595, -8.3861, -3.86487e-05, -3.86541e-05, -3.86559e-05, 0, 1.01819, 0.000227626, -0.292286, 0.000204848
131.353, 0.975116, -8.3399, 0.992381, -8.34067, 1.00596, -8.42779, -3.85572e-05, -3.85638e-05, -3.85668e-05, 0, 1.01819, 0.000227705, -0.292293, 0.000204864
131.403, 0.975125, -8.38148, 0.992391, -8.38225, 1.00597, -8.46937, -3.84634e-05, -3.84627e-05, -3.84692e-05, 0, 1.01819, 0.000227828, -0.292298, 0.00020487
131.454, 0.975134, -8.42295, 0.9924, -8.42373, 1.00598, -8.51085, -3.83685e-05, -3.83647e-05, -3.83646e-05, 0, 1.01819, 0.000227783, -0.292302, 0.000204867
131.504, 0.975141, -8.46432, 0.992408, -8.46509, 1.00599, -8.55221, -3.82493e-05, -3.82638e-05, -3.82601e-05, 0, 1.01819, 0.000227716, -0.292308, 0.000204854
131.554, 0.975148, -8.50557, 0.992414, -8.50635, 1.00599, -8.59347, -3.81478e-05, -3.81514e-05, -3.81454e-05, 0, 1.01819, 0.000227768, -0.292311, 0.000204831
131.605, 0.975154, -8.54672, 0.99242, -8.5475, 1.006, -8.63462, -3.80571e-05, -3.8061e-05, -3.80637e-05, 0, 1.01819, 0.000227693, -0.292315, 0.000204799
131.655, 0.975159, -8.58776, 0.992425, -8.58854, 1.00601, -8.67566, -3.796e-05, -3.79445e-05, -3.79577e-05, 0, 1.01819, 0.000227809, -0.292318, 0.000204758
131.705, 0.975162, -8.6287, 0.992428, -8.62948, 1.00601, -8.7166, -3.78683e-05, -3.78728e-05, -3.78649e-05, 0, 1.01819, 0.000227798, -0.29232, 0.000204708
131.756, 0.975165, -8.66953, 0.992432, -8.6703, 1.00601, -8.75742, -3.77669e-05, -3.7761e-05, -3.77672e-05, 0, 1.01819, 0.000227757, -0.292321, 0.000204649
131.806, 0.975168, -8.71025, 0.992435, -8.71103, 1.00601, -8.79815, -3.76556e-05, -3.76492e-05, -3.76501e-05, 0, 1.01819, 0.000227802, -0.292323, 0.000204581
131.856, 0.975169, -8.75087, 0.992436, -8.75165, 1.00602, -8.83877, -3.75675e-05, -3.75708e-05, -3.75737e-05, 0, 1.01819, 0.000227794, -0.292324, 0.000204504
131.907, 0.975169, -8.79138, 0.992436, -8.79216, 1.00602, -8.87928, -3.74826e-05, -3.7488e-05, -3.74916e-05, 0, 1.01819, 0.000227667, -0.292324, 0.00020442
131.957, 0.975169, -8.83179, 0.992436, -8.83257, 1.00602, -8.91969, -3.73918e-05, -3.74056e-05, -3.73988e-05, 0, 1.01819, 0.000227589, -0.292324, 0.000204327
132, 0.975169, -8.86646, 0.992436, -8.86724, 1.00602, -8.95436, -3.72972e-05, -3.73007e-05, -3.73048e-05, 0, 1.01819, 0.000227757, -0.292324, 0.00020424
132, 0.975169, -8.86646, 0.992436, -8.86724, 1.00602, -8.95436, -3.72972e-05, -3.73007e-05, -3.73048e-05, 0, 1.01819, 0.000227757, -0.292324, 0.000204241
132.051, 0.975168, -8.90668, 0.992434, -8.90746, 1.00601, -8.99458, -3.71953e-05, -3.7199e-05, -3.72037e-05, 0, 1.01819, 0.000227895, -0.292323, 0.000204132
132.101, 0.975165, -8.9468, 0.992431, -8.94758, 1.00601, -9.0347, -3.71109e-05, -3.71136e-05, -3.7117e-05, 0, 1.01819, 0.000227742, -0.292321, 0.000204016
132.151, 0.975162, -8.98682, 0.992428, -8.98759, 1.00601, -9.07471, -3.7014e-05, -3.70097e-05, -3.7013e-05, 0, 1.01819, 0.000227656, -0.29232, 0.000203893
132.202, 0.975159, -9.02673, 0.992425, -9.02751, 1.006, -9.11463, -3.69254e-05, -3.6929e-05, -3.69245e-05, 0, 1.01819, 0.000227865, -0.292317, 0.000203762
132.252, 0.975155, -9.06655, 0.992422, -9.06733, 1.006, -9.15445, -3.68423e-05, -3.68346e-05, -3.68388e-05, 0, 1.01819, 0.000227753, -0.292316, 0.000203624
132.303, 0.975151, -9.10627, 0.992417, -9.10705, 1.006, -9.19417, -3.67438e-05, -3.67276e-05, -3.67313e-05, 0, 1.01819, 0.000227723, -0.292313, 0.000203479
132.353, 0.975145, -9.14589, 0.992411, -9.14667, 1.00599, -9.23379, -3.66404e-05, -3.66364e-05, -3.66471e-05, 0, 1.01819, 0.000227876, -0.292309, 0.000203326
132.403, 0.975139, -9.18542, 0.992405, -9.18619, 1.00598, -9.27331, -3.65544e-05, -3.65592e-05, -3.65542e-05, 0, 1.01819, 0.000227585, -0.292306, 0.000203167
132.454, 0.975133, -9.22484, 0.992399, -9.22562, 1.00598, -9.31274, -3.64846e-05, -3.64755e-05, -3.64815e-05, 0, 1.01819, 0.00022769, -0.292302, 0.000203001
132.504, 0.975127, -9.26418, 0.992392, -9.26495, 1.00597, -9.35207, -3.63821e-05, -3.63745e-05, -3.6368e-05, 0, 1.01819, 0.00022772, -0.292298, 0.000202829
132.554, 0.97512, -9.30342, 0.992386, -9.30419, 1.00597, -9.39131, -3.62929e-05, -3.62982e-05, -3.63023e-05, 0, 1.01819, 0.000227667, -0.292295, 0.00020265
132.605, 0.975114, -9.34256, 0.99238, -9.34334, 1.00596, -9.43046, -3.61963e-05, -3.6195e-05, -3.6208e-05, 0, 1.01819, 0.000227589, -0.292292, 0.000202465
132.655, 0.975108, -9.38161, 0.992374, -9.38239, 1.00595, -9.46951, -3.61167e-05, -3.61125e-05, -3.61145e-05, 0, 1.01819, 0.000227824, -0.292287, 0.000202274
132.705, 0.975101, -9.42058, 0.992366, -9.42135, 1.00595, -9.50847, -3.60625e-05, -3.60551e-05, -3.60479e-05, 0, 1.01819, 0.000227798, -0.292283, 0.000202077
132.756, 0.975091, -9.45945, 0.992357, -9.46023, 1.00594, -9.54735, -3.59575e-05, -3.59527e-05, -3.59595e-05, 0, 1.01819, 0.000227705, -0.292278, 0.000201875
132.806, 0.975082, -9.49823, 0.992347, -9.49901, 1.00593, -9.58613, -3.58941e-05, -3.5894e-05, -3.58905e-05, 0, 1.01819, 0.000227615, -0.292272, 0.000201667
132.856, 0.975073, -9.53692, 0.992338, -9.5377, 1.00592, -9.62482, -3.5779e-05, -3.57867e-05, -3.57919e-05, 0, 1.01819, 0.000227802, -0.292266, 0.000201453
132.907, 0.975064, -9.57553, 0.992329, -9.57631, 1.00591, -9.66343, -3.57082e-05, -3.57e-05, -3.56943e-05, 0, 1.01819, 0.000227816, -0.292261, 0.000201234
132.957, 0.975055, -9.61405, 0.992319, -9.61482, 1.0059, -9.70194, -3.56209e-05, -3.56144e-05, -3.56204e-05, 0, 1.01819, 0.000227716, -0.292255, 0.00020101
133, 0.975047, -9.64711, 0.992311, -9.64788, 1.00589, -9.735, -3.55761e-05, -3.55694e-05, -3.55748e-05, 0, 1.01819, 0.000227746, -0.292251, 0.000200813
133, 0.975047, -9.64711, 0.992311, -9.64788, 1.00589, -9.735, -3.55761e-05, -3.55694e-05, -3.55748e-05, 0, 1.01819, 0.000227746, -0.292251, 0.000200813
133.051, 0.975037, -9.68547, 0.992302, -9.68624, 1.00588, -9.77336, -3.5498e-05, -3.55027e-05, -3.54932e-05, 0, 1.01819, 0.000227652, -0.292245, 0.00020058
133.101, 0.975028, -9.72374, 0.992292, -9.72452, 1.00587, -9.81164, -3.54264e-05, -3.54382e-05, -3.54304e-05, 0, 1.01819, 0.00022769, -0.292239, 0.000200342
133.152, 0.975019, -9.76193, 0.992283, -9.76271, 1.00586, -9.84983, -3.534e-05, -3.53585e-05, -3.53351e-05, 0, 1.01819, 0.000227708, -0.292233, 0.000200099
133.202, 0.97501, -9.80005, 0.992274, -9.80082, 1.00585, -9.88794, -3.52593e-05, -3.52551e-05, -3.52592e-05, 0, 1.01819, 0.000227626, -0.292228, 0.000199852
133.252, 0.975001, -9.83807, 0.992264, -9.83885, 1.00584, -9.92597, -3.51732e-05, -3.51745e-05, -3.51802e-05, 0, 1.01819, 0.000227511, -0.292224, 0.000199601
133.303, 0.974991, -9.87602, 0.992255, -9.8768, 1.00583, -9.96392, -3.51027e-05, -3.51038e-05, -3.51061e-05, 0, 1.01819, 0.000227671, -0.292217, 0.000199345
133.353, 0.974982, -9.9139, 0.992245, -9.91467, 1.00582, -10.0018, -3.50274e-05, -3.50205e-05, -3.50268e-05, 0, 1.01819, 0.000227671, -0.292212, 0.000199086
133.403, 0.974972, -9.95169, 0.992236, -9.95247, 1.00581, -10.0396, -3.49782e-05, -3.49744e-05, -3.49734e-05, 0, 1.01819, 0.000227556, -0.292206, 0.000198822
133.454, 0.974963, -9.98941, 0.992226, -9.99018, 1.0058, -10.0773, -3.48886e-05, -3.48819e-05, -3.48953e-05, 0, 1.01819, 0.000227612, -0.292201, 0.000198555
133.504, 0.974954, -10.027, 0.992216, -10.0278, 1.00579, -10.1149, -3.48259e-05, -3.4818e-05, -3.48227e-05, 0, 1.01819, 0.0002276, -0.292195, 0.000198285
133.554, 0.974945, -10.0646, 0.992207, -10.0654, 1.00578, -10.1525, -3.47486e-05, -3.47482e-05, -3.47529e-05, 0, 1.01819, 0.000227608, -0.29219, 0.000198011
133.605, 0.974937, -10.1021, 0.9922, -10.1029, 1.00578, -10.19, -3.46967e-05, -3.47e-05, -3.46988e-05, 0, 1.01819, 0.000227764, -0.292185, 0.000197733
133.655, 0.974931, -10.1395, 0.992194, -10.1403, 1.00577, -10.2274, -3.46364e-05, -3.46359e-05, -3.46361e-05, 0, 1.01819, 0.000227541, -0.292182, 0.000197453
133.705, 0.974925, -10.1769, 0.992187, -10.1777, 1.00576, -10.2648, -3.45535e-05, -3.45512e-05, -3.45627e-05, 0, 1.01819, 0.000227537, -0.292178, 0.000197169
133.756, 0.974919, -10.2142, 0.992181, -10.2149, 1.00576, -10.3021, -3.45026e-05, -3.45151e-05, -3.451e-05, 0, 1.01819, 0.000227597, -0.292174, 0.000196883
133.806, 0.974912, -10.2514, 0.992174, -10.2521, 1.00575, -10.3393, -3.44261e-05, -3.44211e-05, -3.44243e-05, 0, 1.01819, 0.000227641, -0.29217, 0.000196593
133.856, 0.974906, -10.2885, 0.992168, -10.2893, 1.00574, -10.3764, -3.43624e-05, -3.43472e-05, -3.43607e-05, 0, 1.01819, 0.000227615, -0.292167, 0.000196302
133.907, 0.9749, -10.3256, 0.992162, -10.3264, 1.00574, -10.4135, -3.43101e-05, -3.43002e-05, -3.43057e-05, 0, 1.01819, 0.000227597, -0.292163, 0.000196007
133.957, 0.974894, -10.3626, 0.992155, -10.3634, 1.00573, -10.4505, -3.42208e-05, -3.42176e-05, -3.42203e-05, 0, 1.01819, 0.00022763, -0.292159, 0.00019571
134, 0.974888, -10.3944, 0.99215, -10.3952, 1.00573, -10.4823, -3.41896e-05, -3.41963e-05, -3.4191e-05, 0, 1.01819, 0.000227507, -0.292156, 0.000195453
134, 0.974888, -10.3944, 0.99215, -10.3952, 1.00573, -10.4823, -3.41896e-05, -3.41963e-05, -3.4191e-05, 0, 1.01819, 0.000227507, -0.292156, 0.000195452
134.051, 0.974882, -10.4313, 0.992144, -10.432, 1.00572, -10.5192, -3.41394e-05, -3.41451e-05, -3.41462e-05, 0, 1.01819, 0.000227731, -0.292151, 0.000195152
134.101, 0.974876, -10.4681, 0.992137, -10.4689, 1.00571, -10.556, -3.4086e-05, -3.40932e-05, -3.40833e-05, 0, 1.01819, 0.00022763, -0.292148, 0.000194849
134.152, 0.97487, -10.5049, 0.992131, -10.5056, 1.00571, -10.5928, -3.4024e-05, -3.40182e-05, -3.4021e-05, 0, 1.01819, 0.000227533, -0.292144, 0.000194544
134.202, 0.974863, -10.5416, 0.992124, -10.5423, 1.0057, -10.6295, -3.39525e-05, -3.39482e-05, -3.39613e-05, 0, 1.01819, 0.000227656, -0.29214, 0.000194238
134.252, 0.974858, -10.5782, 0.992119, -10.579, 1.00569, -10.6661, -3.39012e-05, -3.39091e-05, -3.39059e-05, 0, 1.01819, 0.00022744, -0.292138, 0.000193929
134.303, 0.974854, -10.6148, 0.992115, -10.6156, 1.00569, -10.7027, -3.38485e-05, -3.38671e-05, -3.38712e-05, 0, 1.01819, 0.000227686, -0.292135, 0.000193619
134.353, 0.974851, -10.6513, 0.992112, -10.6521, 1.00569, -10.7392, -3.37979e-05, -3.37895e-05, -3.37912e-05, 0, 1.01819, 0.000227623, -0.292133, 0.000193308
134.403, 0.974848, -10.6878, 0.992109, -10.6886, 1.00568, -10.7757, -3.37491e-05, -3.37496e-05, -3.37549e-05, 0, 1.01819, 0.000227593, -0.292131, 0.000192995
134.454, 0.974845, -10.7242, 0.992105, -10.725, 1.00568, -10.8121, -3.37164e-05, -3.37101e-05, -3.37109e-05, 0, 1.01819, 0.000227675, -0.292129, 0.000192681
134.504, 0.974841, -10.7606, 0.992102, -10.7614, 1.00568, -10.8485, -3.36389e-05, -3.36407e-05, -3.36329e-05, 0, 1.01819, 0.000227537, -0.292127, 0.000192366
134.554, 0.974838, -10.7969, 0.992099, -10.7977, 1.00567, -10.8848, -3.36069e-05, -3.36109e-05, -3.36044e-05, 0, 1.01819, 0.000227552, -0.292126, 0.000192051
134.605, 0.974835, -10.8332, 0.992096, -10.8339, 1.00567, -10.9211, -3.35509e-05, -3.35446e-05, -3.35465e-05, 0, 1.01819, 0.000227656, -0.292123, 0.000191734
134.655, 0.974832, -10.8694, 0.992093, -10.8702, 1.00567, -10.9573, -3.35255e-05, -3.35209e-05, -3.35163e-05, 0, 1.01819, 0.0002276, -0.292122, 0.000191416
134.705, 0.974829, -10.9055, 0.99209, -10.9063, 1.00566, -10.9934, -3.34703e-05, -3.34761e-05, -3.34772e-05, 0, 1.01819, 0.000227582, -0.292121, 0.000191098
134.756, 0.974826, -10.9417, 0.992086, -10.9424, 1.00566, -11.0295, -3.34264e-05, -3.34315e-05, -3.34229e-05, 0, 1.01819, 0.000227526, -0.292119, 0.000190779
134.806, 0.974823, -10.9777, 0.992083, -10.9785, 1.00566, -11.0656, -3.33542e-05, -3.33604e-05, -3.33597e-05, 0, 1.01819, 0.000227492, -0.292116, 0.00019046
134.856, 0.97482, -11.0137, 0.99208, -11.0145, 1.00566, -11.1016, -3.3321e-05, -3.33277e-05, -3.33193e-05, 0, 1.01819, 0.000227582, -0.292114, 0.00019014
134.907, 0.974818, -11.0497, 0.992078, -11.0505, 1.00565, -11.1376, -3.32884e-05, -3.32812e-05, -3.32825e-05, 0, 1.01819, 0.0002275, -0.292114, 0.00018982
134.957, 0.974817, -11.0856, 0.992077, -11.0864, 1.00565, -11.1735, -3.32493e-05, -3.32343e-05, -3.32442e-05, 0, 1.01819, 0.000227403, -0.292113, 0.0001895
135.001, 0.974817, -11.1165, 0.992077, -11.1173, 1.00565, -11.2044, -3.32106e-05, -3.32052e-05, -3.31995e-05, 0, 1.01819, 0.000227589, -0.292113, 0.000189225
135.001, 0.974817, -11.1165, 0.992077, -11.1173, 1.00565, -11.2044, -3.32106e-05, -3.32052e-05, -3.31995e-05, 0, 1.01819, 0.000227589, -0.292113, 0.000189224
135.051, 0.974817, -11.1524, 0.992077, -11.1531, 1.00565, -11.2403, -3.31549e-05, -3.31601e-05, -3.31737e-05, 0, 1.01819, 0.000227563, -0.292113, 0.000188905
135.101, 0.974817, -11.1882, 0.992077, -11.189, 1.00565, -11.2761, -3.3138e-05, -3.31456e-05, -3.31456e-05, 0, 1.01819, 0.000227682, -0.292113, 0.000188585
135.152, 0.974817, -11.224, 0.992077, -11.2247, 1.00565, -11.3118, -3.31291e-05, -3.3132e-05, -3.31248e-05, 0, 1.01819, 0.000227708, -0.292113, 0.000188266
135.202, 0.974817, -11.2597, 0.992077, -11.2605, 1.00565, -11.3476, -3.30799e-05, -3.30776e-05, -3.30767e-05, 0, 1.01819, 0.0002275, -0.292113, 0.000187946
135.252, 0.974817, -11.2954, 0.992077, -11.2962, 1.00565, -11.3833, -3.30484e-05, -3.30506e-05, -3.30539e-05, 0, 1.01819, 0.000227641, -0.292113, 0.000187628
135.303, 0.974817, -11.331, 0.992077, -11.3318, 1.00565, -11.4189, -3.29855e-05, -3.29879e-05, -3.29957e-05, 0, 1.01819, 0.000227585, -0.292113, 0.000187309
135.353, 0.974817, -11.3667, 0.992077, -11.3674, 1.00565, -11.4546, -3.29573e-05, -3.29623e-05, -3.2964e-05, 0, 1.01819, 0.000227459, -0.292114, 0.000186991
135.403, 0.974817, -11.4023, 0.992077, -11.403, 1.00565, -11.4901, -3.29279e-05, -3.29209e-05, -3.2924e-05, 0, 1.01819, 0.000227638, -0.292112, 0.000186674
135.454, 0.974817, -11.4378, 0.992077, -11.4386, 1.00565, -11.5257, -3.29115e-05, -3.29149e-05, -3.29229e-05, 0, 1.01819, 0.000227511, -0.292113, 0.000186358
135.504, 0.974817, -11.4733, 0.992077, -11.4741, 1.00565, -11.5612, -3.2878e-05, -3.28979e-05, -3.28965e-05, 0, 1.01819, 0.00022753, -0.292113, 0.000186042
135.554, 0.974817, -11.5088, 0.992077, -11.5096, 1.00565, -11.5967, -3.28297e-05, -3.28323e-05, -3.28361e-05, 0, 1.01819, 0.000227585, -0.292113, 0.000185727
135.605, 0.974817, -11.5443, 0.992077, -11.5451, 1.00565, -11.6322, -3.28053e-05, -3.28132e-05, -3.28125e-05, 0, 1.01819, 0.000227544, -0.292113, 0.000185414
135.655, 0.974817, -11.5797, 0.992077, -11.5805, 1.00565, -11.6676, -3.28133e-05, -3.28186e-05, -3.28204e-05, 0, 1.01819, 0.000227671, -0.292113, 0.000185101
135.705, 0.974817, -11.6151, 0.992077, -11.6159, 1.00565, -11.703, -3.27677e-05, -3.27757e-05, -3.27658e-05, 0, 1.01819, 0.000227612, -0.292113, 0.00018479
135.756, 0.974817, -11.6505, 0.992077, -11.6513, 1.00565, -11.7384, -3.27638e-05, -3.27564e-05, -3.27571e-05, 0, 1.01819, 0.000227731, -0.292112, 0.000184479
135.806, 0.974817, -11.6858, 0.992077, -11.6866, 1.00565, -11.7737, -3.27205e-05, -3.27248e-05, -3.27187e-05, 0, 1.01819, 0.000227503, -0.292113, 0.00018417
135.857, 0.974817, -11.7212, 0.992077, -11.7219, 1.00565, -11.8091, -3.27026e-05, -3.26961e-05, -3.27015e-05, 0, 1.01819, 0.0002276, -0.292113, 0.000183863
135.907, 0.974817, -11.7565, 0.992077, -11.7573, 1.00565, -11.8444, -3.27007e-05, -3.26993e-05, -3.26975e-05, 0, 1.01819, 0.000227656, -0.292113, 0.000183557
135.957, 0.974817, -11.7918, 0.992077, -11.7925, 1.00565, -11.8796, -3.26594e-05, -3.26544e-05, -3.26546e-05, 0, 1.01819, 0.000227571, -0.292113, 0.000183252
136.001, 0.974817, -11.8221, 0.992077, -11.8229, 1.00565, -11.91, -3.26477e-05, -3.2643e-05, -3.26409e-05, 0, 1.01819, 0.000227723, -0.292113, 0.000182991
136.001, 0.974817, -11.8221, 0.992077, -11.8229, 1.00565, -11.91, -3.26477e-05, -3.2643e-05, -3.26409e-05, 0, 1.01819, 0.000227723, -0.292113, 0.00018299
136.051, 0.974817, -11.8573, 0.992077, -11.8581, 1.00565, -11.9452, -3.26093e-05, -3.26116e-05, -3.26163e-05, 0, 1.01819, 0.000227381, -0.292113, 0.000182689
136.101, 0.974817, -11.8925, 0.992077, -11.8933, 1.00565, -11.9804, -3.26108e-05, -3.26122e-05, -3.26047e-05, 0, 1.01819, 0.000227425, -0.292113, 0.000182389
136.152, 0.974817, -11.9277, 0.992077, -11.9285, 1.00565, -12.0156, -3.25643e-05, -3.2572e-05, -3.25677e-05, 0, 1.01819, 0.000227772, -0.292112, 0.000182091
136.202, 0.974817, -11.9629, 0.992077, -11.9637, 1.00565, -12.0508, -3.25673e-05, -3.2568e-05, -3.25654e-05, 0, 1.01819, 0.000227511, -0.292113, 0.000181795
136.252, 0.974817, -11.9981, 0.992077, -11.9988, 1.00565, -12.086, -3.25345e-05, -3.25268e-05, -3.25324e-05, 0, 1.01819, 0.000227768, -0.292113, 0.0001815
136.303, 0.974817, -12.0332, 0.992077, -12.034, 1.00565, -12.1211, -3.25376e-05, -3.25342e-05, -3.25539e-05, 0, 1.01819, 0.000227455, -0.292113, 0.000181208
136.353, 0.974818, -12.0683, 0.992078, -12.0691, 1.00565, -12.1562, -3.25397e-05, -3.25334e-05, -3.25251e-05, 0, 1.01819, 0.000227597, -0.292113, 0.000180917
136.403, 0.97482, -12.1034, 0.99208, -12.1042, 1.00566, -12.1913, -3.24938e-05, -3.24934e-05, -3.25012e-05, 0, 1.01819, 0.0002275, -0.292114, 0.000180629
136.454, 0.974823, -12.1385, 0.992084, -12.1393, 1.00566, -12.2264, -3.25008e-05, -3.24902e-05, -3.24996e-05, 0, 1.01819, 0.000227552, -0.292117, 0.000180342
136.504, 0.974826, -12.1736, 0.992087, -12.1744, 1.00566, -12.2615, -3.24945e-05, -3.24982e-05, -3.25041e-05, 0, 1.01819, 0.000227563, -0.292118, 0.000180058
136.554, 0.974829, -12.2087, 0.99209, -12.2095, 1.00567, -12.2966, -3.24425e-05, -3.24533e-05, -3.24518e-05, 0, 1.01819, 0.000227544, -0.29212, 0.000179776
136.605, 0.974829, -12.2437, 0.99209, -12.2445, 1.00566, -12.3316, -3.24556e-05, -3.24609e-05, -3.24502e-05, 0, 1.01819, 0.000227623, -0.29212, 0.000179496
136.655, 0.974829, -12.2788, 0.99209, -12.2796, 1.00566, -12.3667, -3.2442e-05, -3.24392e-05, -3.24528e-05, 0, 1.01819, 0.000227597, -0.29212, 0.000179218
136.705, 0.974829, -12.3138, 0.99209, -12.3146, 1.00566, -12.4017, -3.24554e-05, -3.24499e-05, -3.2453e-05, 0, 1.01819, 0.000227574, -0.29212, 0.000178943
136.756, 0.974829, -12.3489, 0.99209, -12.3497, 1.00566, -12.4368, -3.24202e-05, -3.24151e-05, -3.24172e-05, 0, 1.01819, 0.000227604, -0.29212, 0.00017867
136.806, 0.974829, -12.3839, 0.99209, -12.3847, 1.00566, -12.4718, -3.24001e-05, -3.24041e-05, -3.23956e-05, 0, 1.01819, 0.000227563, -0.29212, 0.0001784
136.857, 0.974829, -12.4189, 0.99209, -12.4197, 1.00566, -12.5068, -3.24196e-05, -3.24125e-05, -3.24154e-05, 0, 1.01819, 0.00022772, -0.29212, 0.000178132
136.907, 0.974829, -12.4539, 0.99209, -12.4547, 1.00566, -12.5418, -3.24303e-05, -3.24278e-05, -3.24286e-05, 0, 1.01819, 0.000227459, -0.29212, 0.000177867
136.957, 0.974829, -12.4889, 0.99209, -12.4897, 1.00566, -12.5768, -3.24117e-05, -3.24065e-05, -3.24197e-05, 0, 1.01819, 0.000227425, -0.292121, 0.000177604
137.001, 0.974829, -12.519, 0.99209, -12.5198, 1.00566, -12.6069, -3.2423e-05, -3.242e-05, -3.2416e-05, 0, 1.01819, 0.000227727, -0.29212, 0.00017738
137.001, 0.974829, -12.519, 0.99209, -12.5198, 1.00566, -12.6069, -3.2423e-05, -3.242e-05, -3.2416e-05, 0, 1.01819, 0.000227727, -0.29212, 0.000177379
137.051, 0.974829, -12.554, 0.99209, -12.5548, 1.00566, -12.6419, -3.24135e-05, -3.24088e-05, -3.24112e-05, 0, 1.01819, 0.000227675, -0.29212, 0.000177122
137.101, 0.974829, -12.589, 0.99209, -12.5898, 1.00566, -12.6769, -3.24018e-05, -3.24074e-05, -3.24092e-05, 0, 1.01819, 0.000227407, -0.29212, 0.000176867
137.152, 0.974829, -12.624, 0.99209, -12.6247, 1.00566, -12.7119, -3.23579e-05, -3.23754e-05, -3.23773e-05, 0, 1.01819, 0.000227541, -0.29212, 0.000176614
137.202, 0.974829, -12.6589, 0.99209, -12.6597, 1.00566, -12.7468, -3.23579e-05, -3.23723e-05, -3.23652e-05, 0, 1.01819, 0.000227463, -0.29212, 0.000176365
137.252, 0.974829, -12.6939, 0.99209, -12.6947, 1.00566, -12.7818, -3.23741e-05, -3.23761e-05, -3.237e-05, 0, 1.01819, 0.000227593, -0.29212, 0.000176117
137.303, 0.974829, -12.7289, 0.99209, -12.7296, 1.00566, -12.8168, -3.23645e-05, -3.23717e-05, -3.23729e-05, 0, 1.01819, 0.000227734, -0.29212, 0.000175873
137.353, 0.974829, -12.7638, 0.99209, -12.7646, 1.00566, -12.8517, -3.23573e-05, -3.2355e-05, -3.23545e-05, 0, 1.01819, 0.000227451, -0.29212, 0.000175632
137.403, 0.974829, -12.7988, 0.99209, -12.7996, 1.00566, -12.8867, -3.23828e-05, -3.23772e-05, -3.23697e-05, 0, 1.01819, 0.000227571, -0.29212, 0.000175393
137.454, 0.974829, -12.8337, 0.99209, -12.8345, 1.00567, -12.9216, -3.23966e-05, -3.23883e-05, -3.23818e-05, 0, 1.01819, 0.00022772, -0.29212, 0.000175157
137.504, 0.974829, -12.8687, 0.99209, -12.8695, 1.00566, -12.9566, -3.23872e-05, -3.23808e-05, -3.23957e-05, 0, 1.01819, 0.000227414, -0.29212, 0.000174925
137.554, 0.974829, -12.9037, 0.99209, -12.9044, 1.00567, -12.9916, -3.23681e-05, -3.23705e-05, -3.23655e-05, 0, 1.01819, 0.000227749, -0.29212, 0.000174695
137.605, 0.974829, -12.9387, 0.99209, -12.9394, 1.00566, -13.0266, -3.24176e-05, -3.24011e-05, -3.24159e-05, 0, 1.01819, 0.000227503, -0.29212, 0.000174468
137.655, 0.974829, -12.9737, 0.99209, -12.9744, 1.00566, -13.0616, -3.24171e-05, -3.24068e-05, -3.24222e-05, 0, 1.01819, 0.000227422, -0.292121, 0.000174244
137.706, 0.974829, -13.0087, 0.99209, -13.0094, 1.00566, -13.0966, -3.24115e-05, -3.24061e-05, -3.23964e-05, 0, 1.01819, 0.000227548, -0.29212, 0.000174023
137.756, 0.974829, -13.0437, 0.99209, -13.0445, 1.00566, -13.1316, -3.23995e-05, -3.24081e-05, -3.24105e-05, 0, 1.01819, 0.000227451, -0.29212, 0.000173805
137.806, 0.974829, -13.0787, 0.99209, -13.0795, 1.00567, -13.1666, -3.24154e-05, -3.2423e-05, -3.24175e-05, 0, 1.01819, 0.0002276, -0.29212, 0.00017359
137.857, 0.974829, -13.1137, 0.99209, -13.1145, 1.00566, -13.2016, -3.24342e-05, -3.24199e-05, -3.24202e-05, 0, 1.01819, 0.000227511, -0.292121, 0.000173378
137.907, 0.974829, -13.1487, 0.99209, -13.1495, 1.00566, -13.2366, -3.24348e-05, -3.24202e-05, -3.24212e-05, 0, 1.01819, 0.000227399, -0.29212, 0.000173169
137.957, 0.974829, -13.1837, 0.99209, -13.1845, 1.00567, -13.2716, -3.24234e-05, -3.2425e-05, -3.2428e-05, 0, 1.01819, 0.000227533, -0.29212, 0.000172963
138.001, 0.974829, -13.2138, 0.99209, -13.2146, 1.00566, -13.3017, -3.24675e-05, -3.24633e-05, -3.24621e-05, 0, 1.01819, 0.000227675, -0.29212, 0.000172789
138.001, 0.974829, -13.2138, 0.99209, -13.2146, 1.00566, -13.3017, -3.24675e-05, -3.24633e-05, -3.24621e-05, 0, 1.01819, 0.000227675, -0.29212, 0.000172787
138.051, 0.974829, -13.2489, 0.99209, -13.2497, 1.00566, -13.3368, -3.24597e-05, -3.2453e-05, -3.2445e-05, 0, 1.01819, 0.000227571, -0.29212, 0.000172589
138.101, 0.974829, -13.2839, 0.99209, -13.2847, 1.00566, -13.3718, -3.24409e-05, -3.24248e-05, -3.24334e-05, 0, 1.01819, 0.000227481, -0.29212, 0.000172392
138.152, 0.974829, -13.319, 0.99209, -13.3198, 1.00566, -13.4069, -3.24478e-05, -3.24517e-05, -3.24505e-05, 0, 1.01819, 0.000227392, -0.292121, 0.000172198
138.202, 0.974829, -13.354, 0.99209, -13.3548, 1.00566, -13.4419, -3.24291e-05, -3.24352e-05, -3.24342e-05, 0, 1.01819, 0.000227503, -0.29212, 0.000172007
138.252, 0.974829, -13.3891, 0.99209, -13.3899, 1.00566, -13.477, -3.24878e-05, -3.24927e-05, -3.24861e-05, 0, 1.01819, 0.000227652, -0.29212, 0.000171819
138.303, 0.974829, -13.4242, 0.99209, -13.425, 1.00566, -13.5121, -3.25021e-05, -3.25063e-05, -3.251e-05, 0, 1.01819, 0.000227563, -0.292121, 0.000171635
138.353, 0.974829, -13.4593, 0.99209, -13.4601, 1.00566, -13.5472, -3.24961e-05, -3.24933e-05, -3.25036e-05, 0, 1.01819, 0.000227474, -0.292121, 0.000171454
138.403, 0.974829, -13.4944, 0.99209, -13.4952, 1.00566, -13.5823, -3.25282e-05, -3.25368e-05, -3.25269e-05, 0, 1.01819, 0.000227787, -0.29212, 0.000171275
138.454, 0.974829, -13.5295, 0.99209, -13.5303, 1.00566, -13.6174, -3.25108e-05, -3.25217e-05, -3.25206e-05, 0, 1.01819, 0.000227705, -0.29212, 0.000171101
138.504, 0.974829, -13.5647, 0.99209, -13.5654, 1.00566, -13.6526, -3.25459e-05, -3.25467e-05, -3.25499e-05, 0, 1.01819, 0.000227623, -0.29212, 0.000170929
138.554, 0.974829, -13.5998, 0.99209, -13.6006, 1.00566, -13.6877, -3.25286e-05, -3.25347e-05, -3.25284e-05, 0, 1.01819, 0.000227526, -0.29212, 0.00017076
138.605, 0.974829, -13.635, 0.99209, -13.6357, 1.00566, -13.7228, -3.25742e-05, -3.25763e-05, -3.25783e-05, 0, 1.01819, 0.000227503, -0.29212, 0.000170594
138.655, 0.974829, -13.6701, 0.99209, -13.6709, 1.00566, -13.758, -3.25663e-05, -3.2567e-05, -3.25747e-05, 0, 1.01819, 0.000227429, -0.292121, 0.000170432
138.706, 0.974829, -13.7053, 0.99209, -13.7061, 1.00566, -13.7932, -3.2562e-05, -3.25688e-05, -3.25689e-05, 0, 1.01819, 0.000227563, -0.29212, 0.000170273
138.756, 0.974829, -13.7405, 0.99209, -13.7413, 1.00566, -13.8284, -3.26225e-05, -3.2614e-05, -3.2609e-05, 0, 1.01819, 0.000227541, -0.29212, 0.000170117
138.806, 0.974829, -13.7757, 0.99209, -13.7765, 1.00566, -13.8636, -3.26052e-05, -3.26028e-05, -3.26044e-05, 0, 1.01819, 0.000227459, -0.29212, 0.000169964
138.857, 0.974829, -13.8109, 0.99209, -13.8117, 1.00566, -13.8988, -3.26004e-05, -3.25947e-05, -3.25988e-05, 0, 1.01819, 0.000227384, -0.292121, 0.000169814
138.907, 0.974829, -13.8462, 0.99209, -13.847, 1.00566, -13.9341, -3.26543e-05, -3.26549e-05, -3.26584e-05, 0, 1.01819, 0.000227571, -0.29212, 0.000169667
138.957, 0.974829, -13.8815, 0.99209, -13.8822, 1.00566, -13.9694, -3.26511e-05, -3.26489e-05, -3.26622e-05, 0, 1.01819, 0.000227712, -0.29212, 0.000169524
139.001, 0.974829, -13.9118, 0.99209, -13.9126, 1.00567, -13.9997, -3.2673e-05, -3.26719e-05, -3.26635e-05, 0, 1.01819, 0.000227779, -0.29212, 0.000169403
139.001, 0.974829, -13.9118, 0.99209, -13.9126, 1.00567, -13.9997, -3.2673e-05, -3.26719e-05, -3.26635e-05, 0, 1.01819, 0.000227779, -0.29212, 0.000169402
139.051, 0.974829, -13.9471, 0.99209, -13.9479, 1.00566, -14.035, -3.26754e-05, -3.26802e-05, -3.2671e-05, 0, 1.01819, 0.000227496, -0.29212, 0.000169265
139.101, 0.974829, -13.9824, 0.99209, -13.9832, 1.00566, -14.0703, -3.26806e-05, -3.26935e-05, -3.26864e-05, 0, 1.01819, 0.00022763, -0.29212, 0.000169131
139.152, 0.974829, -14.0177, 0.99209, -14.0185, 1.00566, -14.1056, -3.27279e-05, -3.27196e-05, -3.27319e-05, 0, 1.01819, 0.000227459, -0.29212, 0.000168999
139.202, 0.974829, -14.0531, 0.99209, -14.0539, 1.00566, -14.141, -3.27324e-05, -3.27313e-05, -3.27358e-05, 0, 1.01819, 0.000227623, -0.29212, 0.000168871
139.252, 0.974829, -14.0884, 0.99209, -14.0892, 1.00566, -14.1763, -3.27623e-05, -3.27524e-05, -3.27671e-05, 0, 1.01819, 0.000227742, -0.29212, 0.000168745
139.303, 0.974829, -14.1238, 0.99209, -14.1246, 1.00567, -14.2117, -3.2748e-05, -3.27507e-05, -3.27418e-05, 0, 1.01819, 0.000227712, -0.29212, 0.000168623
139.353, 0.974829, -14.1592, 0.99209, -14.16, 1.00566, -14.2471, -3.27686e-05, -3.2759e-05, -3.27746e-05, 0, 1.01819, 0.000227436, -0.292121, 0.000168504
139.403, 0.974829, -14.1946, 0.99209, -14.1954, 1.00566, -14.2825, -3.28254e-05, -3.28119e-05, -3.28229e-05, 0, 1.01819, 0.000227645, -0.29212, 0.000168388
139.454, 0.974829, -14.2301, 0.99209, -14.2308, 1.00566, -14.318, -3.27996e-05, -3.28099e-05, -3.28003e-05, 0, 1.01819, 0.000227623, -0.29212, 0.000168275
139.504, 0.974829, -14.2655, 0.99209, -14.2663, 1.00566, -14.3534, -3.28308e-05, -3.28346e-05, -3.28389e-05, 0, 1.01819, 0.000227675, -0.29212, 0.000168165
139.555, 0.974829, -14.301, 0.99209, -14.3018, 1.00566, -14.3889, -3.28385e-05, -3.28463e-05, -3.28506e-05, 0, 1.01819, 0.000227422, -0.29212, 0.000168058
139.605, 0.974829, -14.3365, 0.99209, -14.3373, 1.00566, -14.4244, -3.28872e-05, -3.28913e-05, -3.28773e-05, 0, 1.01819, 0.000227757, -0.29212, 0.000167954
139.655, 0.974829, -14.372, 0.99209, -14.3728, 1.00566, -14.4599, -3.28845e-05, -3.28685e-05, -3.28814e-05, 0, 1.01819, 0.000227518, -0.29212, 0.000167853
139.706, 0.974829, -14.4075, 0.99209, -14.4083, 1.00566, -14.4954, -3.28809e-05, -3.28876e-05, -3.2885e-05, 0, 1.01819, 0.000227481, -0.292121, 0.000167754
139.756, 0.974829, -14.4431, 0.99209, -14.4438, 1.00566, -14.531, -3.29742e-05, -3.29636e-05, -3.29786e-05, 0, 1.01819, 0.000227615, -0.29212, 0.000167659
139.806, 0.974829, -14.4787, 0.99209, -14.4794, 1.00566, -14.5666, -3.29597e-05, -3.29406e-05, -3.29594e-05, 0, 1.01819, 0.0002276, -0.29212, 0.000167567
139.857, 0.974829, -14.5143, 0.99209, -14.515, 1.00566, -14.6022, -3.29589e-05, -3.29631e-05, -3.29614e-05, 0, 1.01819, 0.000227369, -0.29212, 0.000167478
139.907, 0.974829, -14.5499, 0.99209, -14.5506, 1.00566, -14.6378, -3.2985e-05, -3.29698e-05, -3.29784e-05, 0, 1.01819, 0.0002276, -0.29212, 0.000167391
139.957, 0.974829, -14.5855, 0.99209, -14.5862, 1.00566, -14.6734, -3.30225e-05, -3.30292e-05, -3.3028e-05, 0, 1.01819, 0.000227802, -0.29212, 0.000167308
140.001, 0.974829, -14.6162, 0.99209, -14.6169, 1.00566, -14.7041, -3.30406e-05, -3.30317e-05, -3.30452e-05, 0, 1.01819, 0.000227585, -0.29212, 0.000167238
140.001, 0.974829, -14.6162, 0.99209, -14.6169, 1.00566, -14.7041, -3.30406e-05, -3.30317e-05, -3.30452e-05, 0, 1.01819, 0.000227585, -0.29212, 0.000167237
140.051, 0.974829, -14.6519, 0.99209, -14.6526, 1.00566, -14.7397, -3.30411e-05, -3.30491e-05, -3.30421e-05, 0, 1.01819, 0.0002276, -0.29212, 0.00016716
140.101, 0.974829, -14.6875, 0.99209, -14.6883, 1.00566, -14.7754, -3.30566e-05, -3.3046e-05, -3.30446e-05, 0, 1.01819, 0.000227384, -0.292121, 0.000167084
140.152, 0.974829, -14.7232, 0.99209, -14.724, 1.00567, -14.8111, -3.30338e-05, -3.30352e-05, -3.30303e-05, 0, 1.01819, 0.000227422, -0.29212, 0.000167011
140.202, 0.974829, -14.759, 0.99209, -14.7598, 1.00566, -14.8469, -3.31178e-05, -3.31222e-05, -3.31193e-05, 0, 1.01819, 0.000227489, -0.29212, 0.000166941
140.252, 0.974829, -14.7948, 0.99209, -14.7955, 1.00566, -14.8827, -3.31064e-05, -3.31107e-05, -3.31175e-05, 0, 1.01819, 0.000227533, -0.292121, 0.000166874
140.303, 0.974829, -14.8305, 0.99209, -14.8313, 1.00566, -14.9184, -3.31275e-05, -3.31349e-05, -3.31296e-05, 0, 1.01819, 0.000227563, -0.29212, 0.000166809
140.353, 0.974829, -14.8663, 0.99209, -14.8671, 1.00566, -14.9542, -3.30975e-05, -3.3106e-05, -3.31162e-05, 0, 1.01819, 0.0002276, -0.29212, 0.000166748
140.403, 0.974829, -14.9022, 0.99209, -14.903, 1.00566, -14.9901, -3.31992e-05, -3.31958e-05, -3.32054e-05, 0, 1.01819, 0.000227667, -0.29212, 0.000166688
140.454, 0.974829, -14.938, 0.99209, -14.9388, 1.00566, -15.0259, -3.31883e-05, -3.32034e-05, -3.31684e-05, 0, 1.01819, 0.00022728, -0.292121, 0.000166632
140.504, 0.974829, -14.9739, 0.99209, -14.9747, 1.00566, -15.0618, -3.31765e-05, -3.31792e-05, -3.31935e-05, 0, 1.01819, 0.000227794, -0.29212, 0.000166578
140.555, 0.974829, -15.0098, 0.99209, -15.0105, 1.00566, -15.0977, -3.32648e-05, -3.32728e-05, -3.32642e-05, 0, 1.01819, 0.000227593, -0.29212, 0.000166527
140.605, 0.974829, -15.0457, 0.99209, -15.0465, 1.00566, -15.1336, -3.32729e-05, -3.32864e-05, -3.32808e-05, 0, 1.01819, 0.000227667, -0.29212, 0.000166478
140.655, 0.974829, -15.0817, 0.99209, -15.0824, 1.00566, -15.1695, -3.32612e-05, -3.32856e-05, -3.32996e-05, 0, 1.01819, 0.000227295, -0.29212, 0.000166432
140.706, 0.974829, -15.1176, 0.99209, -15.1184, 1.00567, -15.2055, -3.32634e-05, -3.32927e-05, -3.32794e-05, 0, 1.01819, 0.000227384, -0.292121, 0.000166388
140.756, 0.974829, -15.1536, 0.99209, -15.1543, 1.00566, -15.2415, -3.3366e-05, -3.33753e-05, -3.33764e-05, 0, 1.01819, 0.000227332, -0.29212, 0.000166347
140.806, 0.974829, -15.1896, 0.99209, -15.1904, 1.00566, -15.2775, -3.33688e-05, -3.33855e-05, -3.33607e-05, 0, 1.01819, 0.000227451, -0.29212, 0.000166308
140.857, 0.974829, -15.2256, 0.99209, -15.2264, 1.00566, -15.3135, -3.33813e-05, -3.33707e-05, -3.33645e-05, 0, 1.01819, 0.000227556, -0.29212, 0.000166272
140.907, 0.974829, -15.2617, 0.99209, -15.2624, 1.00566, -15.3495, -3.33744e-05, -3.33802e-05, -3.33748e-05, 0, 1.01819, 0.000227675, -0.292121, 0.000166238
140.957, 0.974829, -15.2977, 0.99209, -15.2985, 1.00566, -15.3856, -3.34557e-05, -3.34607e-05, -3.34298e-05, 0, 1.01819, 0.0002276, -0.29212, 0.000166206
141.001, 0.974829, -15.3288, 0.99209, -15.3296, 1.00567, -15.4167, -3.34362e-05, -3.34173e-05, -3.34372e-05, 0, 1.01819, 0.000227585, -0.29212, 0.000166181
141.001, 0.974829, -15.3288, 0.99209, -15.3296, 1.00567, -15.4167, -3.34362e-05, -3.34173e-05, -3.34372e-05, 0, 1.01819, 0.000227585, -0.29212, 0.00016618
141.051, 0.974829, -15.3649, 0.99209, -15.3657, 1.00566, -15.4528, -3.34431e-05, -3.3446e-05, -3.3456e-05, 0, 1.01819, 0.000227466, -0.29212, 0.000166154
141.101, 0.974829, -15.401, 0.99209, -15.4018, 1.00566, -15.4889, -3.343e-05, -3.34327e-05, -3.34496e-05, 0, 1.01819, 0.000227399, -0.29212, 0.000166129
141.152, 0.974829, -15.4372, 0.99209, -15.4379, 1.00566, -15.5251, -3.34954e-05, -3.35012e-05, -3.35256e-05, 0, 1.01819, 0.000227556, -0.29212, 0.000166106
141.202, 0.974829, -15.4734, 0.99209, -15.4741, 1.00566, -15.5613, -3.35089e-05, -3.34945e-05, -3.35104e-05, 0, 1.01819, 0.000227705, -0.29212, 0.000166086
141.252, 0.974829, -15.5096, 0.99209, -15.5103, 1.00566, -15.5975, -3.35421e-05, -3.3543e-05, -3.3536e-05, 0, 1.01819, 0.000227652, -0.29212, 0.000166068
141.303, 0.974829, -15.5458, 0.99209, -15.5465, 1.00566, -15.6337, -3.35252e-05, -3.35068e-05, -3.35186e-05, 0, 1.01819, 0.000227571, -0.292121, 0.000166052
141.353, 0.974829, -15.582, 0.99209, -15.5828, 1.00566, -15.6699, -3.35726e-05, -3.35725e-05, -3.35636e-05, 0, 1.01819, 0.000227705, -0.29212, 0.000166038
141.404, 0.974829, -15.6183, 0.99209, -15.6191, 1.00566, -15.7062, -3.35891e-05, -3.36089e-05, -3.35995e-05, 0, 1.01819, 0.000227429, -0.292121, 0.000166026
141.454, 0.974829, -15.6546, 0.99209, -15.6554, 1.00566, -15.7425, -3.36149e-05, -3.35973e-05, -3.36061e-05, 0, 1.01819, 0.000227392, -0.29212, 0.000166017
141.504, 0.974829, -15.6909, 0.99209, -15.6917, 1.00567, -15.7788, -3.35954e-05, -3.36049e-05, -3.35888e-05, 0, 1.01819, 0.000227377, -0.29212, 0.000166009
141.555, 0.974829, -15.7272, 0.99209, -15.728, 1.00566, -15.8151, -3.36711e-05, -3.36939e-05, -3.36711e-05, 0, 1.01819, 0.000227459, -0.292121, 0.000166003
141.605, 0.974829, -15.7636, 0.99209, -15.7644, 1.00566, -15.8515, -3.36975e-05, -3.36814e-05, -3.36959e-05, 0, 1.01819, 0.000227451, -0.292121, 0.000166
141.655, 0.974829, -15.8, 0.99209, -15.8008, 1.00566, -15.8879, -3.36345e-05, -3.36375e-05, -3.36526e-05, 0, 1.01819, 0.000227466, -0.29212, 0.000165998
141.706, 0.974829, -15.8363, 0.99209, -15.8371, 1.00566, -15.9242, -3.36539e-05, -3.36821e-05, -3.36965e-05, 0, 1.01819, 0.000227481, -0.29212, 0.000165999
141.756, 0.974829, -15.8728, 0.99209, -15.8736, 1.00566, -15.9607, -3.37638e-05, -3.37773e-05, -3.3743e-05, 0, 1.01819, 0.000227533, -0.29212, 0.000166001
141.806, 0.974829, -15.9092, 0.99209, -15.91, 1.00566, -15.9971, -3.37502e-05, -3.37623e-05, -3.37508e-05, 0, 1.01819, 0.000227571, -0.29212, 0.000166005
141.857, 0.974829, -15.9457, 0.99209, -15.9465, 1.00566, -16.0336, -3.37579e-05, -3.3762e-05, -3.37532e-05, 0, 1.01819, 0.000227593, -0.29212, 0.000166011
141.907, 0.974829, -15.9822, 0.99209, -15.9829, 1.00566, -16.0701, -3.37542e-05, -3.37611e-05, -3.37338e-05, 0, 1.01819, 0.000227392, -0.29212, 0.000166019
141.957, 0.974829, -16.0187, 0.99209, -16.0195, 1.00566, -16.1066, -3.38381e-05, -3.38238e-05, -3.38293e-05, 0, 1.01819, 0.000227518, -0.292121, 0.000166029
142.001, 0.974829, -16.0501, 0.99209, -16.0509, 1.00566, -16.138, -3.38021e-05, -3.38099e-05, -3.38178e-05, 0, 1.01819, 0.000227474, -0.292121, 0.000166038
142.001, 0.974829, -16.0501, 0.99209, -16.0509, 1.00566, -16.138, -3.38021e-05, -3.38099e-05, -3.38178e-05, 0, 1.01819, 0.000227474, -0.292121, 0.000166038
142.051, 0.974831, -16.0867, 0.992092, -16.0874, 1.00567, -16.1745, -3.3823e-05, -3.38251e-05, -3.38417e-05, 0, 1.01819, 0.00022731, -0.292122, 0.000166051
142.101, 0.974834, -16.1232, 0.992095, -16.124, 1.00567, -16.2111, -3.38071e-05, -3.38028e-05, -3.3802e-05, 0, 1.01819, 0.000227816, -0.292122, 0.000166066
142.152, 0.974835, -16.1598, 0.992096, -16.1606, 1.00567, -16.2477, -3.39093e-05, -3.389e-05, -3.39088e-05, 0, 1.01819, 0.000227585, -0.292124, 0.000166082
142.202, 0.974835, -16.1964, 0.992096, -16.1972, 1.00567, -16.2843, -3.39299e-05, -3.39171e-05, -3.39317e-05, 0, 1.01819, 0.000227682, -0.292124, 0.0001661
142.252, 0.974835, -16.233, 0.992096, -16.2338, 1.00567, -16.3209, -3.3898e-05, -3.39041e-05, -3.39144e-05, 0, 1.01819, 0.000227764, -0.292124, 0.000166119
142.303, 0.974835, -16.2697, 0.992096, -16.2704, 1.00567, -16.3576, -3.39381e-05, -3.39435e-05, -3.39426e-05, 0, 1.01819, 0.000227652, -0.292124, 0.00016614
142.353, 0.974835, -16.3063, 0.992096, -16.3071, 1.00567, -16.3942, -3.39953e-05, -3.39797e-05, -3.3973e-05, 0, 1.01819, 0.000227556, -0.292124, 0.000166163
142.404, 0.974835, -16.343, 0.992096, -16.3438, 1.00567, -16.4309, -3.40115e-05, -3.40016e-05, -3.40077e-05, 0, 1.01819, 0.000227474, -0.292124, 0.000166187
142.454, 0.974835, -16.3798, 0.992096, -16.3805, 1.00567, -16.4677, -3.39875e-05, -3.40011e-05, -3.39922e-05, 0, 1.01819, 0.0002276, -0.292124, 0.000166213
142.504, 0.974835, -16.4165, 0.992096, -16.4172, 1.00567, -16.5044, -3.40154e-05, -3.40092e-05, -3.40096e-05, 0, 1.01819, 0.000227734, -0.292124, 0.00016624
142.555, 0.974835, -16.4532, 0.992096, -16.454, 1.00567, -16.5411, -3.40533e-05, -3.40594e-05, -3.40558e-05, 0, 1.01819, 0.000227593, -0.292124, 0.000166268
142.605, 0.974835, -16.49, 0.992096, -16.4908, 1.00567, -16.5779, -3.40727e-05, -3.40984e-05, -3.40709e-05, 0, 1.01819, 0.000227526, -0.292124, 0.000166298
142.655, 0.974835, -16.5268, 0.992096, -16.5276, 1.00567, -16.6147, -3.40727e-05, -3.40576e-05, -3.40493e-05, 0, 1.01819, 0.000227697, -0.292124, 0.000166329
142.706, 0.974835, -16.5636, 0.992096, -16.5644, 1.00567, -16.6515, -3.40788e-05, -3.407e-05, -3.40846e-05, 0, 1.01819, 0.000227869, -0.292123, 0.000166361
142.756, 0.974835, -16.6004, 0.992096, -16.6012, 1.00567, -16.6883, -3.40605e-05, -3.40586e-05, -3.40367e-05, 0, 1.01819, 0.000227578, -0.292124, 0.000166395
142.806, 0.974835, -16.6372, 0.992096, -16.638, 1.00567, -16.7251, -3.41166e-05, -3.41224e-05, -3.4137e-05, 0, 1.01819, 0.000227727, -0.292124, 0.00016643
142.857, 0.974835, -16.6741, 0.992096, -16.6749, 1.00567, -16.762, -3.41464e-05, -3.41597e-05, -3.41449e-05, 0, 1.01819, 0.00022769, -0.292124, 0.000166467
142.907, 0.974836, -16.711, 0.992096, -16.7118, 1.00567, -16.7989, -3.41394e-05, -3.41512e-05, -3.41396e-05, 0, 1.01819, 0.000227451, -0.292124, 0.000166504
142.957, 0.974836, -16.7479, 0.992097, -16.7487, 1.00567, -16.8358, -3.41595e-05, -3.41683e-05, -3.41598e-05, 0, 1.01819, 0.000227898, -0.292124, 0.000166543
143.001, 0.974836, -16.7796, 0.992097, -16.7804, 1.00567, -16.8675, -3.41614e-05, -3.41632e-05, -3.41546e-05, 0, 1.01819, 0.000227794, -0.292124, 0.000166577
143.001, 0.974836, -16.7796, 0.992097, -16.7804, 1.00567, -16.8675, -3.41614e-05, -3.41632e-05, -3.41546e-05, 0, 1.01819, 0.000227794, -0.292124, 0.000166577
143.051, 0.974836, -16.8165, 0.992097, -16.8173, 1.00567, -16.9044, -3.4215e-05, -3.42197e-05, -3.42198e-05, 0, 1.01819, 0.000227712, -0.292124, 0.000166618
143.101, 0.974837, -16.8535, 0.992098, -16.8543, 1.00567, -16.9414, -3.42641e-05, -3.42539e-05, -3.42625e-05, 0, 1.01819, 0.000227481, -0.292125, 0.000166659
143.152, 0.974837, -16.8905, 0.992098, -16.8913, 1.00567, -16.9784, -3.42264e-05, -3.42465e-05, -3.42393e-05, 0, 1.01819, 0.000227712, -0.292125, 0.000166702
143.202, 0.974837, -16.9275, 0.992098, -16.9282, 1.00567, -17.0154, -3.42335e-05, -3.42141e-05, -3.4211e-05, 0, 1.01819, 0.000227742, -0.292125, 0.000166746
143.253, 0.974837, -16.9644, 0.992098, -16.9652, 1.00567, -17.0523, -3.42498e-05, -3.42288e-05, -3.42208e-05, 0, 1.01819, 0.000227593, -0.292125, 0.000166791
143.303, 0.974838, -17.0015, 0.992099, -17.0022, 1.00567, -17.0894, -3.43127e-05, -3.43184e-05, -3.43082e-05, 0, 1.01819, 0.000227705, -0.292125, 0.000166837
143.353, 0.974838, -17.0385, 0.992098, -17.0393, 1.00567, -17.1264, -3.43168e-05, -3.4321e-05, -3.43088e-05, 0, 1.01819, 0.000227503, -0.292126, 0.000166884
143.404, 0.974838, -17.0756, 0.992099, -17.0764, 1.00567, -17.1635, -3.42971e-05, -3.43066e-05, -3.43135e-05, 0, 1.01819, 0.0002276, -0.292126, 0.000166932
143.454, 0.974838, -17.1126, 0.992099, -17.1134, 1.00567, -17.2005, -3.4296e-05, -3.43052e-05, -3.42995e-05, 0, 1.01819, 0.000227697, -0.292126, 0.00016698
143.504, 0.974839, -17.1497, 0.992099, -17.1505, 1.00567, -17.2376, -3.43171e-05, -3.43176e-05, -3.43164e-05, 0, 1.01819, 0.000227563, -0.292126, 0.00016703
143.555, 0.974839, -17.1868, 0.9921, -17.1876, 1.00568, -17.2747, -3.44073e-05, -3.44179e-05, -3.44149e-05, 0, 1.01819, 0.000227623, -0.292126, 0.00016708
143.605, 0.974839, -17.2239, 0.9921, -17.2247, 1.00568, -17.3118, -3.43882e-05, -3.43773e-05, -3.43846e-05, 0, 1.01819, 0.000227489, -0.292126, 0.000167131
143.655, 0.974839, -17.2611, 0.9921, -17.2618, 1.00568, -17.349, -3.43973e-05, -3.43762e-05, -3.43884e-05, 0, 1.01819, 0.000227638, -0.292126, 0.000167183
143.706, 0.97484, -17.2982, 0.992101, -17.299, 1.00568, -17.3861, -3.4401e-05, -3.43805e-05, -3.43915e-05, 0, 1.01819, 0.000227496, -0.292127, 0.000167236
143.756, 0.97484, -17.3353, 0.992101, -17.3361, 1.00568, -17.4232, -3.43992e-05, -3.44005e-05, -3.43946e-05, 0, 1.01819, 0.000227436, -0.292127, 0.000167289
143.806, 0.97484, -17.3725, 0.992101, -17.3733, 1.00568, -17.4604, -3.44057e-05, -3.43957e-05, -3.43962e-05, 0, 1.01819, 0.000227585, -0.292127, 0.000167343
143.857, 0.97484, -17.4097, 0.992101, -17.4105, 1.00568, -17.4976, -3.44667e-05, -3.44664e-05, -3.44572e-05, 0, 1.01819, 0.000227764, -0.292127, 0.000167397
143.907, 0.974841, -17.4469, 0.992101, -17.4477, 1.00568, -17.5348, -3.4425e-05, -3.44388e-05, -3.44443e-05, 0, 1.01819, 0.000227712, -0.292127, 0.000167453
143.957, 0.974841, -17.4842, 0.992102, -17.4849, 1.00568, -17.572, -3.44738e-05, -3.44556e-05, -3.44769e-05, 0, 1.01819, 0.000227414, -0.292128, 0.000167508
144.001, 0.974841, -17.5162, 0.992102, -17.5169, 1.00568, -17.6041, -3.44901e-05, -3.44881e-05, -3.4467e-05, 0, 1.01819, 0.000227325, -0.292128, 0.000167557
144.001, 0.974841, -17.5162, 0.992102, -17.5169, 1.00568, -17.6041, -3.44901e-05, -3.44881e-05, -3.4467e-05, 0, 1.01819, 0.000227325, -0.292128, 0.000167557
144.051, 0.974841, -17.5534, 0.992102, -17.5542, 1.00568, -17.6413, -3.44648e-05, -3.44698e-05, -3.44687e-05, 0, 1.01819, 0.000227734, -0.292127, 0.000167614
144.101, 0.974841, -17.5906, 0.992102, -17.5914, 1.00568, -17.6785, -3.44481e-05, -3.44517e-05, -3.44421e-05, 0, 1.01819, 0.000227459, -0.292128, 0.000167672
144.152, 0.974842, -17.6279, 0.992102, -17.6287, 1.00568, -17.7158, -3.45307e-05, -3.45346e-05, -3.45491e-05, 0, 1.01819, 0.000227392, -0.292128, 0.00016773
144.202, 0.974842, -17.6652, 0.992103, -17.666, 1.00568, -17.7531, -3.45141e-05, -3.45228e-05, -3.45147e-05, 0, 1.01819, 0.000227667, -0.292128, 0.000167788
144.253, 0.974842, -17.7025, 0.992103, -17.7033, 1.00568, -17.7904, -3.45724e-05, -3.45564e-05, -3.45651e-05, 0, 1.01819, 0.000227667, -0.292128, 0.000167847
144.303, 0.974842, -17.7398, 0.992103, -17.7406, 1.00568, -17.8277, -3.45418e-05, -3.45455e-05, -3.45356e-05, 0, 1.01819, 0.000227466, -0.292128, 0.000167906
144.353, 0.974842, -17.7771, 0.992103, -17.7779, 1.00568, -17.865, -3.45538e-05, -3.45433e-05, -3.45294e-05, 0, 1.01819, 0.000227734, -0.292128, 0.000167966
144.404, 0.974843, -17.8144, 0.992104, -17.8152, 1.00568, -17.9023, -3.45063e-05, -3.45153e-05, -3.45346e-05, 0, 1.01819, 0.000227518, -0.292129, 0.000168026
144.454, 0.974843, -17.8518, 0.992104, -17.8525, 1.00568, -17.9397, -3.45559e-05, -3.45652e-05, -3.45544e-05, 0, 1.01819, 0.000227585, -0.292129, 0.000168087
144.504, 0.974843, -17.8891, 0.992104, -17.8899, 1.00568, -17.977, -3.46093e-05, -3.46167e-05, -3.46025e-05, 0, 1.01819, 0.000227511, -0.292129, 0.000168148
144.555, 0.974843, -17.9265, 0.992104, -17.9273, 1.00568, -18.0144, -3.46252e-05, -3.46087e-05, -3.46249e-05, 0, 1.01819, 0.000227571, -0.292129, 0.000168209
144.605, 0.974844, -17.9639, 0.992104, -17.9647, 1.00568, -18.0518, -3.46318e-05, -3.46372e-05, -3.46287e-05, 0, 1.01819, 0.000227645, -0.292129, 0.000168271
144.655, 0.974844, -18.0013, 0.992105, -18.0021, 1.00568, -18.0892, -3.46288e-05, -3.46283e-05, -3.46462e-05, 0, 1.01819, 0.000227556, -0.292129, 0.000168332
144.706, 0.974844, -18.0387, 0.992105, -18.0395, 1.00568, -18.1266, -3.46307e-05, -3.46318e-05, -3.4626e-05, 0, 1.01819, 0.000227638, -0.29213, 0.000168394
144.756, 0.974844, -18.0761, 0.992105, -18.0769, 1.00568, -18.164, -3.46165e-05, -3.46187e-05, -3.46113e-05, 0, 1.01819, 0.00022734, -0.292129, 0.000168456
144.806, 0.974844, -18.1135, 0.992105, -18.1143, 1.00568, -18.2014, -3.46483e-05, -3.46473e-05, -3.46523e-05, 0, 1.01819, 0.000227466, -0.292129, 0.000168519
144.857, 0.974845, -18.1509, 0.992105, -18.1517, 1.00568, -18.2388, -3.4622e-05, -3.46122e-05, -3.46238e-05, 0, 1.01819, 0.000227608, -0.292129, 0.000168582
144.907, 0.974845, -18.1884, 0.992106, -18.1892, 1.00568, -18.2763, -3.47029e-05, -3.46922e-05, -3.47007e-05, 0, 1.01819, 0.000227548, -0.29213, 0.000168644
144.958, 0.974845, -18.2259, 0.992106, -18.2266, 1.00568, -18.3138, -3.473e-05, -3.47145e-05, -3.47259e-05, 0, 1.01819, 0.000227675, -0.29213, 0.000168707
145.001, 0.974845, -18.2581, 0.992106, -18.2589, 1.00568, -18.346, -3.46877e-05, -3.46914e-05, -3.47099e-05, 0, 1.01819, 0.000227764, -0.29213, 0.000168761
145.001, 0.974845, -18.2581, 0.992106, -18.2589, 1.00568, -18.346, -3.46877e-05, -3.46914e-05, -3.47099e-05, 0, 1.01819, 0.000227764, -0.29213, 0.000168762
145.051, 0.974845, -18.2956, 0.992106, -18.2964, 1.00568, -18.3835, -3.47107e-05, -3.46955e-05, -3.47035e-05, 0, 1.01819, 0.000227459, -0.29213, 0.000168824
145.102, 0.974846, -18.3331, 0.992106, -18.3338, 1.00568, -18.421, -3.46795e-05, -3.46872e-05, -3.47011e-05, 0, 1.01819, 0.00022766, -0.29213, 0.000168887
145.152, 0.974846, -18.3705, 0.992106, -18.3713, 1.00568, -18.4584, -3.47307e-05, -3.47171e-05, -3.47225e-05, 0, 1.01819, 0.000227652, -0.29213, 0.000168951
145.202, 0.974846, -18.408, 0.992107, -18.4088, 1.00568, -18.4959, -3.47216e-05, -3.47096e-05, -3.46956e-05, 0, 1.01819, 0.000227652, -0.29213, 0.000169014
145.253, 0.974846, -18.4455, 0.992107, -18.4463, 1.00568, -18.5334, -3.46875e-05, -3.46893e-05, -3.46878e-05, 0, 1.01819, 0.000227652, -0.29213, 0.000169077
145.303, 0.974846, -18.483, 0.992107, -18.4838, 1.00568, -18.5709, -3.47121e-05, -3.47154e-05, -3.47056e-05, 0, 1.01819, 0.000227638, -0.292131, 0.00016914
145.353, 0.974846, -18.5205, 0.992107, -18.5213, 1.00568, -18.6084, -3.47816e-05, -3.47895e-05, -3.47875e-05, 0, 1.01819, 0.000227496, -0.292131, 0.000169204
145.404, 0.974847, -18.5581, 0.992107, -18.5588, 1.00568, -18.646, -3.47891e-05, -3.47971e-05, -3.47854e-05, 0, 1.01819, 0.000227563, -0.292131, 0.000169267
145.454, 0.974847, -18.5956, 0.992108, -18.5964, 1.00568, -18.6835, -3.48001e-05, -3.47783e-05, -3.47803e-05, 0, 1.01819, 0.000227869, -0.292131, 0.00016933
145.504, 0.974847, -18.6332, 0.992108, -18.634, 1.00568, -18.7211, -3.47873e-05, -3.47964e-05, -3.48079e-05, 0, 1.01819, 0.000227727, -0.292131, 0.000169393
145.555, 0.974847, -18.6708, 0.992108, -18.6715, 1.00568, -18.7587, -3.47872e-05, -3.47662e-05, -3.47964e-05, 0, 1.01819, 0.00022728, -0.292132, 0.000169456
145.605, 0.974847, -18.7083, 0.992108, -18.7091, 1.00568, -18.7962, -3.48136e-05, -3.48023e-05, -3.48138e-05, 0, 1.01819, 0.000227861, -0.292131, 0.000169519
145.655, 0.974848, -18.7459, 0.992108, -18.7467, 1.00568, -18.8338, -3.47739e-05, -3.47859e-05, -3.476e-05, 0, 1.01819, 0.000227742, -0.292131, 0.000169582
145.706, 0.974847, -18.7835, 0.992108, -18.7842, 1.00568, -18.8714, -3.47657e-05, -3.47735e-05, -3.47878e-05, 0, 1.01819, 0.000227876, -0.292131, 0.000169644
145.756, 0.974848, -18.821, 0.992109, -18.8218, 1.00568, -18.9089, -3.47722e-05, -3.47778e-05, -3.47891e-05, 0, 1.01819, 0.000227734, -0.292131, 0.000169707
145.806, 0.974848, -18.8586, 0.992109, -18.8594, 1.00568, -18.9465, -3.47819e-05, -3.47655e-05, -3.4764e-05, 0, 1.01819, 0.000227883, -0.292131, 0.000169769
145.857, 0.974848, -18.8962, 0.992109, -18.8969, 1.00568, -18.984, -3.48106e-05, -3.47987e-05, -3.48065e-05, 0, 1.01819, 0.000227533, -0.292132, 0.000169831
145.907, 0.974848, -18.9337, 0.992109, -18.9345, 1.00568, -19.0216, -3.48056e-05, -3.48042e-05, -3.48004e-05, 0, 1.01819, 0.000227466, -0.292132, 0.000169893
145.958, 0.974848, -18.9713, 0.992109, -18.9721, 1.00568, -19.0592, -3.47987e-05, -3.48059e-05, -3.47996e-05, 0, 1.01819, 0.000227399, -0.292132, 0.000169954
146.001, 0.974849, -19.0036, 0.99211, -19.0044, 1.00569, -19.0915, -3.48521e-05, -3.48631e-05, -3.48697e-05, 0, 1.01819, 0.000227563, -0.292132, 0.000170007
146.001, 0.974849, -19.0036, 0.99211, -19.0044, 1.00569, -19.0915, -3.48521e-05, -3.48631e-05, -3.48697e-05, 0, 1.01819, 0.000227563, -0.292132, 0.000170007
146.051, 0.974849, -19.0413, 0.99211, -19.042, 1.00569, -19.1292, -3.48393e-05, -3.48382e-05, -3.48315e-05, 0, 1.01819, 0.000227302, -0.292132, 0.000170068
146.102, 0.974849, -19.0789, 0.99211, -19.0797, 1.00569, -19.1668, -3.48678e-05, -3.48713e-05, -3.48642e-05, 0, 1.01819, 0.000227749, -0.292132, 0.000170129
146.152, 0.974849, -19.1166, 0.99211, -19.1173, 1.00569, -19.2045, -3.48705e-05, -3.48564e-05, -3.48651e-05, 0, 1.01819, 0.000227466, -0.292133, 0.00017019
146.202, 0.974849, -19.1542, 0.99211, -19.155, 1.00569, -19.2421, -3.48548e-05, -3.4864e-05, -3.4853e-05, 0, 1.01819, 0.000227489, -0.292132, 0.00017025
146.253, 0.974849, -19.1919, 0.99211, -19.1926, 1.00569, -19.2798, -3.48889e-05, -3.48809e-05, -3.48891e-05, 0, 1.01819, 0.000227526, -0.292132, 0.00017031
146.303, 0.974849, -19.2295, 0.99211, -19.2303, 1.00569, -19.3174, -3.48348e-05, -3.48417e-05, -3.48284e-05, 0, 1.01819, 0.000227548, -0.292133, 0.00017037
146.353, 0.974849, -19.2672, 0.99211, -19.268, 1.00569, -19.3551, -3.48566e-05, -3.48592e-05, -3.48491e-05, 0, 1.01819, 0.000227571, -0.292133, 0.000170429
146.404, 0.974849, -19.3048, 0.99211, -19.3056, 1.00569, -19.3927, -3.48625e-05, -3.48496e-05, -3.48382e-05, 0, 1.01819, 0.000227667, -0.292132, 0.000170488
146.454, 0.97485, -19.3425, 0.992111, -19.3433, 1.00569, -19.4304, -3.48488e-05, -3.48572e-05, -3.48546e-05, 0, 1.01819, 0.000227489, -0.292133, 0.000170547
146.504, 0.97485, -19.3801, 0.992111, -19.3809, 1.00569, -19.468, -3.48613e-05, -3.4867e-05, -3.4858e-05, 0, 1.01819, 0.000227809, -0.292133, 0.000170605
146.555, 0.97485, -19.4178, 0.992111, -19.4186, 1.00569, -19.5057, -3.48809e-05, -3.48589e-05, -3.48486e-05, 0, 1.01819, 0.000227392, -0.292133, 0.000170663
146.605, 0.97485, -19.4554, 0.992111, -19.4562, 1.00569, -19.5433, -3.48678e-05, -3.48764e-05, -3.48648e-05, 0, 1.01819, 0.000227496, -0.292133, 0.00017072
146.655, 0.97485, -19.4931, 0.992111, -19.4939, 1.00569, -19.581, -3.48615e-05, -3.48638e-05, -3.48785e-05, 0, 1.01819, 0.000227615, -0.292133, 0.000170777
146.706, 0.97485, -19.5307, 0.992111, -19.5315, 1.00569, -19.6186, -3.48345e-05, -3.48595e-05, -3.48525e-05, 0, 1.01819, 0.000227593, -0.292132, 0.000170834
146.756, 0.97485, -19.5684, 0.992111, -19.5692, 1.00569, -19.6563, -3.48515e-05, -3.48375e-05, -3.48515e-05, 0, 1.01819, 0.00022772, -0.292133, 0.000170891
146.807, 0.97485, -19.606, 0.992111, -19.6068, 1.00569, -19.6939, -3.4862e-05, -3.48683e-05, -3.48811e-05, 0, 1.01819, 0.000227384, -0.292133, 0.000170947
146.857, 0.97485, -19.6437, 0.992111, -19.6445, 1.00569, -19.7316, -3.48456e-05, -3.48639e-05, -3.48794e-05, 0, 1.01819, 0.000227496, -0.292133, 0.000171002
146.907, 0.97485, -19.6813, 0.992111, -19.6821, 1.00569, -19.7692, -3.48726e-05, -3.48808e-05, -3.48897e-05, 0, 1.01819, 0.000227705, -0.292133, 0.000171057
146.958, 0.974851, -19.719, 0.992111, -19.7198, 1.00569, -19.8069, -3.4868e-05, -3.48666e-05, -3.48668e-05, 0, 1.01819, 0.00022769, -0.292133, 0.000171111
147.001, 0.974851, -19.7514, 0.992112, -19.7521, 1.00569, -19.8393, -3.4875e-05, -3.48796e-05, -3.48861e-05, 0, 1.01819, 0.000227794, -0.292133, 0.000171157
147.001, 0.974851, -19.7514, 0.992112, -19.7521, 1.00569, -19.8393, -3.4875e-05, -3.48796e-05, -3.48861e-05, 0, 1.01819, 0.000227794, -0.292133, 0.000171158
147.051, 0.974851, -19.789, 0.992112, -19.7898, 1.00569, -19.8769, -3.48542e-05, -3.48587e-05, -3.48522e-05, 0, 1.01819, 0.000227787, -0.292133, 0.000171211
147.102, 0.974851, -19.8267, 0.992112, -19.8274, 1.00569, -19.9146, -3.4858e-05, -3.48633e-05, -3.48562e-05, 0, 1.01819, 0.000227556, -0.292133, 0.000171264
147.152, 0.974851, -19.8643, 0.992112, -19.8651, 1.00569, -19.9522, -3.48393e-05, -3.48566e-05, -3.48709e-05, 0, 1.01819, 0.000227533, -0.292133, 0.000171317
147.202, 0.974851, -19.902, 0.992112, -19.9028, 1.00569, -19.9899, -3.48854e-05, -3.48735e-05, -3.48869e-05, 0, 1.01819, 0.00022763, -0.292133, 0.000171369
147.253, 0.974851, -19.9396, 0.992112, -19.9404, 1.00569, -20.0275, -3.4904e-05, -3.48792e-05, -3.4895e-05, 0, 1.01819, 0.0002276, -0.292133, 0.00017142
147.303, 0.974851, -19.9773, 0.992112, -19.9781, 1.00569, -20.0652, -3.4849e-05, -3.48416e-05, -3.48569e-05, 0, 1.01819, 0.000227906, -0.292133, 0.000171471
147.353, 0.974851, -20.0149, 0.992112, -20.0157, 1.00569, -20.1028, -3.48407e-05, -3.48483e-05, -3.48611e-05, 0, 1.01819, 0.000227772, -0.292133, 0.000171522
147.404, 0.974851, -20.0526, 0.992112, -20.0534, 1.00569, -20.1405, -3.48615e-05, -3.48848e-05, -3.48765e-05, 0, 1.01819, 0.000227548, -0.292134, 0.000171572
147.454, 0.974852, -20.0902, 0.992113, -20.091, 1.00569, -20.1781, -3.48783e-05, -3.48629e-05, -3.48782e-05, 0, 1.01819, 0.000227638, -0.292134, 0.000171621
147.504, 0.974852, -20.1279, 0.992113, -20.1287, 1.00569, -20.2158, -3.48477e-05, -3.48565e-05, -3.48667e-05, 0, 1.01819, 0.000227496, -0.292134, 0.00017167
147.555, 0.974851, -20.1655, 0.992113, -20.1663, 1.00569, -20.2534, -3.48637e-05, -3.48659e-05, -3.48493e-05, 0, 1.01819, 0.000227891, -0.292133, 0.000171719
147.605, 0.974852, -20.2032, 0.992113, -20.204, 1.00569, -20.2911, -3.48736e-05, -3.48765e-05, -3.48723e-05, 0, 1.01819, 0.000227556, -0.292134, 0.000171767
147.655, 0.974851, -20.2408, 0.992112, -20.2416, 1.00569, -20.3287, -3.48664e-05, -3.48699e-05, -3.48674e-05, 0, 1.01819, 0.000227533, -0.292133, 0.000171814
147.706, 0.974852, -20.2785, 0.992113, -20.2793, 1.00569, -20.3664, -3.48546e-05, -3.48584e-05, -3.48453e-05, 0, 1.01819, 0.000227407, -0.292134, 0.000171861
147.756, 0.974852, -20.3161, 0.992113, -20.3169, 1.00569, -20.404, -3.48908e-05, -3.48773e-05, -3.48837e-05, 0, 1.01819, 0.000227578, -0.292134, 0.000171907
147.807, 0.974852, -20.3538, 0.992113, -20.3546, 1.00569, -20.4417, -3.48595e-05, -3.48603e-05, -3.48582e-05, 0, 1.01819, 0.000227571, -0.292134, 0.000171952
147.857, 0.974852, -20.3914, 0.992113, -20.3922, 1.00569, -20.4793, -3.48296e-05, -3.48621e-05, -3.48313e-05, 0, 1.01819, 0.000227749, -0.292134, 0.000171997
147.907, 0.974852, -20.4291, 0.992113, -20.4299, 1.00569, -20.517, -3.48445e-05, -3.4827e-05, -3.48658e-05, 0, 1.01819, 0.000227705, -0.292134, 0.000172041
147.958, 0.974852, -20.4667, 0.992113, -20.4675, 1.00569, -20.5546, -3.48218e-05, -3.48444e-05, -3.4842e-05, 0, 1.01819, 0.000227697, -0.292134, 0.000172085
148.001, 0.974852, -20.4991, 0.992113, -20.4999, 1.00569, -20.587, -3.48433e-05, -3.48455e-05, -3.48579e-05, 0, 1.01819, 0.000227563, -0.292134, 0.000172122
148.001, 0.974852, -20.4991, 0.992113, -20.4999, 1.00569, -20.587, -3.48433e-05, -3.48455e-05, -3.48579e-05, 0, 1.01819, 0.000227563, -0.292134, 0.000172123
148.051, 0.974852, -20.5368, 0.992113, -20.5376, 1.00569, -20.6247, -3.4859e-05, -3.48517e-05, -3.4849e-05, 0, 1.01819, 0.00022763, -0.292134, 0.000172165
148.102, 0.974852, -20.5744, 0.992113, -20.5752, 1.00569, -20.6623, -3.48467e-05, -3.48575e-05, -3.4866e-05, 0, 1.01819, 0.000227384, -0.292135, 0.000172207
148.152, 0.974852, -20.6121, 0.992113, -20.6129, 1.00569, -20.7, -3.48775e-05, -3.48843e-05, -3.48729e-05, 0, 1.01819, 0.000227466, -0.292134, 0.000172249
148.202, 0.974852, -20.6497, 0.992113, -20.6505, 1.00569, -20.7376, -3.48749e-05, -3.48535e-05, -3.48457e-05, 0, 1.01819, 0.00022734, -0.292134, 0.000172289
148.253, 0.974852, -20.6874, 0.992113, -20.6882, 1.00569, -20.7753, -3.48575e-05, -3.48427e-05, -3.48523e-05, 0, 1.01819, 0.000227734, -0.292133, 0.00017233
148.303, 0.974852, -20.725, 0.992113, -20.7258, 1.00569, -20.8129, -3.48492e-05, -3.48558e-05, -3.4859e-05, 0, 1.01819, 0.000227496, -0.292135, 0.000172369
148.353, 0.974852, -20.7627, 0.992113, -20.7635, 1.00569, -20.8506, -3.48442e-05, -3.48332e-05, -3.48375e-05, 0, 1.01819, 0.000227474, -0.292134, 0.000172408
148.404, 0.974852, -20.8003, 0.992113, -20.8011, 1.00569, -20.8882, -3.48901e-05, -3.48862e-05, -3.48552e-05, 0, 1.01819, 0.000227556, -0.292134, 0.000172447
148.454, 0.974852, -20.838, 0.992113, -20.8388, 1.00569, -20.9259, -3.48664e-05, -3.48707e-05, -3.48848e-05, 0, 1.01819, 0.000227727, -0.292134, 0.000172484
148.504, 0.974852, -20.8756, 0.992113, -20.8764, 1.00569, -20.9635, -3.48749e-05, -3.48909e-05, -3.4878e-05, 0, 1.01819, 0.000227615, -0.292135, 0.000172522
148.555, 0.974852, -20.9133, 0.992113, -20.9141, 1.00569, -21.0012, -3.48757e-05, -3.48629e-05, -3.48807e-05, 0, 1.01819, 0.000227578, -0.292134, 0.000172558
148.605, 0.974852, -20.951, 0.992113, -20.9517, 1.00569, -21.0388, -3.48555e-05, -3.48511e-05, -3.48609e-05, 0, 1.01819, 0.000227541, -0.292134, 0.000172594
148.656, 0.974853, -20.9886, 0.992114, -20.9894, 1.00569, -21.0765, -3.48609e-05, -3.48644e-05, -3.48588e-05, 0, 1.01819, 0.000227541, -0.292134, 0.000172629
148.706, 0.974853, -21.0262, 0.992113, -21.027, 1.00569, -21.1141, -3.4855e-05, -3.48561e-05, -3.48534e-05, 0, 1.01819, 0.000227526, -0.292134, 0.000172664
148.756, 0.974853, -21.0639, 0.992113, -21.0647, 1.00569, -21.1518, -3.48544e-05, -3.48641e-05, -3.48557e-05, 0, 1.01819, 0.0002276, -0.292134, 0.000172698
148.807, 0.974853, -21.1016, 0.992113, -21.1023, 1.00569, -21.1894, -3.48621e-05, -3.4871e-05, -3.48617e-05, 0, 1.01819, 0.000227794, -0.292134, 0.000172732
148.857, 0.974852, -21.1392, 0.992113, -21.14, 1.00569, -21.2271, -3.48786e-05, -3.48889e-05, -3.49046e-05, 0, 1.01819, 0.00022769, -0.292134, 0.000172764
148.907, 0.974852, -21.1769, 0.992113, -21.1776, 1.00569, -21.2648, -3.4856e-05, -3.48582e-05, -3.48491e-05, 0, 1.01819, 0.00022798, -0.292134, 0.000172797
148.958, 0.974853, -21.2145, 0.992114, -21.2153, 1.00569, -21.3024, -3.48368e-05, -3.48384e-05, -3.48499e-05, 0, 1.01819, 0.000227548, -0.292134, 0.000172828
149.001, 0.974852, -21.2469, 0.992113, -21.2477, 1.00569, -21.3348, -3.48645e-05, -3.48516e-05, -3.48664e-05, 0, 1.01819, 0.000227734, -0.292134, 0.000172855
149.001, 0.974852, -21.2469, 0.992113, -21.2477, 1.00569, -21.3348, -3.48645e-05, -3.48516e-05, -3.48664e-05, 0, 1.01819, 0.000227734, -0.292134, 0.000172855
149.051, 0.974853, -21.2845, 0.992114, -21.2853, 1.00569, -21.3724, -3.48669e-05, -3.48705e-05, -3.48646e-05, 0, 1.01819, 0.000227839, -0.292134, 0.000172885
149.102, 0.974852, -21.3222, 0.992113, -21.323, 1.00569, -21.4101, -3.48634e-05, -3.48668e-05, -3.48623e-05, 0, 1.01819, 0.000227377, -0.292135, 0.000172915
149.152, 0.974852, -21.3598, 0.992113, -21.3606, 1.00569, -21.4477, -3.48704e-05, -3.48715e-05, -3.48641e-05, 0, 1.01819, 0.000227593, -0.292134, 0.000172944
149.202, 0.974853, -21.3975, 0.992114, -21.3983, 1.00569, -21.4854, -3.48672e-05, -3.48763e-05, -3.48465e-05, 0, 1.01819, 0.000227816, -0.292134, 0.000172973
149.253, 0.974853, -21.4351, 0.992114, -21.4359, 1.00569, -21.523, -3.48635e-05, -3.48425e-05, -3.48543e-05, 0, 1.01819, 0.00022769, -0.292134, 0.000173001
149.303, 0.974852, -21.4728, 0.992113, -21.4736, 1.00569, -21.5607, -3.48917e-05, -3.48763e-05, -3.48921e-05, 0, 1.01819, 0.000227712, -0.292134, 0.000173028
149.353, 0.974853, -21.5104, 0.992113, -21.5112, 1.00569, -21.5983, -3.48587e-05, -3.48654e-05, -3.4849e-05, 0, 1.01819, 0.000227571, -0.292135, 0.000173055
149.404, 0.974853, -21.5481, 0.992113, -21.5489, 1.00569, -21.636, -3.4865e-05, -3.48807e-05, -3.48743e-05, 0, 1.01819, 0.000227377, -0.292135, 0.000173081
149.454, 0.974852, -21.5857, 0.992113, -21.5865, 1.00569, -21.6736, -3.48802e-05, -3.48626e-05, -3.48594e-05, 0, 1.01819, 0.00022772, -0.292134, 0.000173106
149.504, 0.974853, -21.6234, 0.992113, -21.6242, 1.00569, -21.7113, -3.48638e-05, -3.48558e-05, -3.48421e-05, 0, 1.01819, 0.000227928, -0.292134, 0.000173131
149.555, 0.974852, -21.661, 0.992113, -21.6618, 1.00569, -21.7489, -3.47932e-05, -3.47995e-05, -3.48144e-05, 0, 1.01819, 0.000227623, -0.292134, 0.000173156
149.605, 0.974852, -21.6986, 0.992113, -21.6994, 1.00569, -21.7865, -3.47976e-05, -3.47833e-05, -3.48042e-05, 0, 1.01819, 0.000227422, -0.292134, 0.000173179
149.656, 0.974852, -21.7362, 0.992113, -21.7369, 1.00569, -21.8241, -3.48047e-05, -3.47691e-05, -3.47778e-05, 0, 1.01819, 0.000227772, -0.292134, 0.000173202
149.706, 0.974852, -21.7737, 0.992113, -21.7745, 1.00569, -21.8616, -3.47394e-05, -3.47423e-05, -3.47578e-05, 0, 1.01819, 0.000227556, -0.292134, 0.000173225
149.756, 0.974853, -21.8113, 0.992113, -21.8121, 1.00569, -21.8992, -3.47818e-05, -3.47956e-05, -3.48034e-05, 0, 1.01819, 0.000227362, -0.292135, 0.000173246
149.807, 0.974853, -21.8489, 0.992114, -21.8496, 1.00569, -21.9368, -3.48179e-05, -3.48192e-05, -3.48185e-05, 0, 1.01819, 0.000227496, -0.292135, 0.000173268
149.857, 0.974853, -21.8864, 0.992113, -21.8872, 1.00569, -21.9743, -3.47851e-05, -3.47763e-05, -3.47846e-05, 0, 1.01819, 0.000227399, -0.292134, 0.000173288
149.907, 0.974853, -21.924, 0.992114, -21.9248, 1.00569, -22.0119, -3.47858e-05, -3.47964e-05, -3.48067e-05, 0, 1.01819, 0.000227541, -0.292135, 0.000173308
149.958, 0.974853, -21.9616, 0.992114, -21.9623, 1.00569, -22.0494, -3.47881e-05, -3.47737e-05, -3.47879e-05, 0, 1.01819, 0.000227809, -0.292134, 0.000173328
150.001, 0.974852, -21.9939, 0.992113, -21.9946, 1.00569, -22.0818, -3.47929e-05, -3.47959e-05, -3.47925e-05, 0, 1.01819, 0.000227652, -0.292134, 0.000173344
150.001, 0.974852, -21.9939, 0.992113, -21.9946, 1.00569, -22.0818, -3.47929e-05, -3.47959e-05, -3.47925e-05, 0, 1.01819, 0.000227652, -0.292134, 0.000173344
150.051, 0.974852, -22.0314, 0.992113, -22.0322, 1.00569, -22.1193, -3.47823e-05, -3.47856e-05, -3.47791e-05, 0, 1.01819, 0.000227913, -0.292134, 0.000173363
150.102, 0.974853, -22.069, 0.992114, -22.0698, 1.00569, -22.1569, -3.47845e-05, -3.47827e-05, -3.47993e-05, 0, 1.01819, 0.000227645, -0.292134, 0.000173381
150.152, 0.974853, -22.1066, 0.992113, -22.1073, 1.00569, -22.1945, -3.47537e-05, -3.47559e-05, -3.47492e-05, 0, 1.01819, 0.000227541, -0.292135, 0.000173398
150.202, 0.974853, -22.1441, 0.992114, -22.1449, 1.00569, -22.232, -3.47871e-05, -3.47998e-05, -3.48095e-05, 0, 1.01819, 0.0002276, -0.292134, 0.000173415
150.253, 0.974853, -22.1817, 0.992113, -22.1825, 1.00569, -22.2696, -3.48238e-05, -3.48127e-05, -3.48029e-05, 0, 1.01819, 0.000227652, -0.292134, 0.000173431
150.303, 0.974853, -22.2193, 0.992114, -22.22, 1.00569, -22.3072, -3.47937e-05, -3.47909e-05, -3.47749e-05, 0, 1.01819, 0.000227712, -0.292134, 0.000173446
150.353, 0.974852, -22.2568, 0.992113, -22.2576, 1.00569, -22.3447, -3.47753e-05, -3.47886e-05, -3.4797e-05, 0, 1.01819, 0.000227548, -0.292134, 0.000173461
150.404, 0.974852, -22.2944, 0.992113, -22.2952, 1.00569, -22.3823, -3.47943e-05, -3.4788e-05, -3.47801e-05, 0, 1.01819, 0.000227585, -0.292135, 0.000173476
150.454, 0.974853, -22.332, 0.992114, -22.3327, 1.00569, -22.4199, -3.47788e-05, -3.47894e-05, -3.47605e-05, 0, 1.01819, 0.000227444, -0.292135, 0.00017349
150.505, 0.974853, -22.3695, 0.992114, -22.3703, 1.00569, -22.4574, -3.47802e-05, -3.47842e-05, -3.47771e-05, 0, 1.01819, 0.000227638, -0.292134, 0.000173503
150.555, 0.974852, -22.4071, 0.992113, -22.4079, 1.00569, -22.495, -3.47444e-05, -3.47729e-05, -3.47609e-05, 0, 1.01819, 0.0002276, -0.292134, 0.000173516
150.605, 0.974852, -22.4447, 0.992113, -22.4454, 1.00569, -22.5325, -3.47774e-05, -3.47607e-05, -3.47732e-05, 0, 1.01819, 0.000227794, -0.292134, 0.000173528
150.656, 0.974853, -22.4821, 0.992114, -22.4829, 1.00569, -22.57, -3.47009e-05, -3.47073e-05, -3.46994e-05, 0, 1.01819, 0.000227392, -0.292134, 0.00017354
150.706, 0.974852, -22.5196, 0.992113, -22.5204, 1.00569, -22.6075, -3.46878e-05, -3.46938e-05, -3.47047e-05, 0, 1.01819, 0.000227578, -0.292134, 0.000173551
150.756, 0.974852, -22.5571, 0.992113, -22.5579, 1.00569, -22.645, -3.47091e-05, -3.47114e-05, -3.47031e-05, 0, 1.01819, 0.000227772, -0.292134, 0.000173562
150.807, 0.974852, -22.5946, 0.992113, -22.5954, 1.00569, -22.6825, -3.46945e-05, -3.4702e-05, -3.47091e-05, 0, 1.01819, 0.000227548, -0.292134, 0.000173572
150.857, 0.974852, -22.6321, 0.992113, -22.6328, 1.00569, -22.72, -3.47325e-05, -3.47321e-05, -3.47309e-05, 0, 1.01819, 0.000227533, -0.292134, 0.000173582
150.907, 0.974852, -22.6695, 0.992113, -22.6703, 1.00569, -22.7574, -3.4714e-05, -3.46941e-05, -3.47066e-05, 0, 1.01819, 0.00022731, -0.292135, 0.000173591
150.958, 0.974852, -22.707, 0.992113, -22.7078, 1.00569, -22.7949, -3.47113e-05, -3.47122e-05, -3.46861e-05, 0, 1.01819, 0.000227652, -0.292134, 0.0001736
151, 0.974852, -22.7385, 0.992113, -22.7393, 1.00569, -22.8264, -3.47216e-05, -3.46883e-05, -3.47177e-05, 0, 1.01819, 0.000227533, -0.292134, 0.000173607
151, 0.974852, -22.7385, 0.992113, -22.7393, 1.00569, -22.8264, -3.47216e-05, -3.46883e-05, -3.47177e-05, 1.38887e-05, 1.01819, 0.000227533, -0.292134, 0.000173607
151.05, 0.974852, -22.776, 0.992113, -22.7768, 1.00569, -22.8639, -3.47193e-05, -3.47049e-05, -3.4698e-05, 1.38887e-05, 1.01819, 0.000227652, -0.292134, 0.000173957
151.101, 0.974853, -22.8135, 0.992114, -22.8142, 1.00569, -22.9014, -3.47012e-05, -3.46855e-05, -3.46955e-05, 1.38887e-05, 1.01819, 0.000227444, -0.292134, 0.000174296
151.151, 0.974852, -22.851, 0.992113, -22.8517, 1.00569, -22.9388, -3.47188e-05, -3.47043e-05, -3.46987e-05, 1.38887e-05, 1.01819, 0.000227578, -0.292134, 0.000174625
151.201, 0.974852, -22.8884, 0.992113, -22.8892, 1.00569, -22.9763, -3.47004e-05, -3.47022e-05, -3.47132e-05, 1.38887e-05, 1.01819, 0.000227489, -0.292134, 0.000174945
151.252, 0.974852, -22.9259, 0.992113, -22.9267, 1.00569, -23.0138, -3.47314e-05, -3.47299e-05, -3.47233e-05, 1.38887e-05, 1.01819, 0.000227757, -0.292134, 0.000175255
151.302, 0.974852, -22.9634, 0.992113, -22.9642, 1.00569, -23.0513, -3.46776e-05, -3.46691e-05, -3.46759e-05, 1.38887e-05, 1.01819, 0.000227675, -0.292134, 0.000175555
151.352, 0.974852, -23.0009, 0.992113, -23.0016, 1.00569, -23.0888, -3.46305e-05, -3.46138e-05, -3.46227e-05, 1.38887e-05, 1.01819, 0.000227652, -0.292134, 0.000175847
151.403, 0.974852, -23.0383, 0.992113, -23.039, 1.00569, -23.1262, -3.46351e-05, -3.46332e-05, -3.46402e-05, 1.38887e-05, 1.01819, 0.000227347, -0.292134, 0.000176131
151.453, 0.974852, -23.0757, 0.992113, -23.0764, 1.00569, -23.1636, -3.46398e-05, -3.46484e-05, -3.4654e-05, 1.38887e-05, 1.01819, 0.000227638, -0.292134, 0.000176405
151.504, 0.974852, -23.1131, 0.992113, -23.1138, 1.00569, -23.2009, -3.46486e-05, -3.4635e-05, -3.46314e-05, 1.38887e-05, 1.01819, 0.000227913, -0.292134, 0.000176672
151.554, 0.974853, -23.1504, 0.992114, -23.1512, 1.00569, -23.2383, -3.46522e-05, -3.46336e-05, -3.46437e-05, 1.38887e-05, 1.01819, 0.000227645, -0.292134, 0.000176932
151.604, 0.974852, -23.1878, 0.992113, -23.1886, 1.00569, -23.2757, -3.46357e-05, -3.4638e-05, -3.46343e-05, 1.38887e-05, 1.01819, 0.00022769, -0.292134, 0.000177183
151.655, 0.974853, -23.2252, 0.992114, -23.226, 1.00569, -23.3131, -3.46548e-05, -3.46523e-05, -3.46693e-05, 1.38887e-05, 1.01819, 0.000227578, -0.292134, 0.000177428
151.705, 0.974852, -23.2626, 0.992113, -23.2634, 1.00569, -23.3505, -3.45376e-05, -3.45647e-05, -3.45533e-05, 1.38887e-05, 1.01819, 0.000227608, -0.292134, 0.000177665
151.755, 0.974852, -23.2999, 0.992113, -23.3007, 1.00569, -23.3878, -3.45363e-05, -3.45346e-05, -3.45303e-05, 1.38887e-05, 1.01819, 0.000227481, -0.292134, 0.000177895
151.806, 0.974852, -23.3372, 0.992113, -23.338, 1.00569, -23.4251, -3.45548e-05, -3.45788e-05, -3.45648e-05, 1.38887e-05, 1.01819, 0.000227548, -0.292134, 0.000178119
151.856, 0.974853, -23.3745, 0.992114, -23.3753, 1.00569, -23.4624, -3.45444e-05, -3.45265e-05, -3.45401e-05, 1.38887e-05, 1.01819, 0.000227638, -0.292135, 0.000178336
151.906, 0.974853, -23.4118, 0.992114, -23.4126, 1.00569, -23.4997, -3.45371e-05, -3.45478e-05, -3.45344e-05, 1.38887e-05, 1.01819, 0.000227876, -0.292134, 0.000178546
151.957, 0.974854, -23.4491, 0.992115, -23.4499, 1.00569, -23.537, -3.44849e-05, -3.44779e-05, -3.4496e-05, 1.38887e-05, 1.01819, 0.000227436, -0.292135, 0.000178751
152, 0.974854, -23.4811, 0.992115, -23.4819, 1.00569, -23.569, -3.44813e-05, -3.44852e-05, -3.44696e-05, 1.38887e-05, 1.01819, 0.00022763, -0.292135, 0.000178922
152, 0.974854, -23.4811, 0.992115, -23.4819, 1.00569, -23.569, -3.44813e-05, -3.44852e-05, -3.44696e-05, 2.76812e-05, 1.01819, 0.00022763, -0.292135, 0.000178923
152.05, 0.974854, -23.5184, 0.992115, -23.5191, 1.00569, -23.6063, -3.44559e-05, -3.44618e-05, -3.44534e-05, 2.76812e-05, 1.01819, 0.000227511, -0.292135, 0.000179455
152.101, 0.974854, -23.5556, 0.992115, -23.5564, 1.00569, -23.6435, -3.44565e-05, -3.44823e-05, -3.44571e-05, 2.76812e-05, 1.01819, 0.000227749, -0.292135, 0.000179972
152.151, 0.974854, -23.5928, 0.992115, -23.5936, 1.00569, -23.6807, -3.44437e-05, -3.4453e-05, -3.44648e-05, 2.76812e-05, 1.01819, 0.000227802, -0.292135, 0.000180475
152.201, 0.974855, -23.63, 0.992116, -23.6307, 1.00569, -23.7179, -3.43961e-05, -3.43826e-05, -3.43958e-05, 2.76812e-05, 1.01819, 0.000227399, -0.292136, 0.000180962
152.252, 0.974855, -23.6671, 0.992116, -23.6679, 1.00569, -23.755, -3.44119e-05, -3.44137e-05, -3.44053e-05, 2.76812e-05, 1.01819, 0.000227429, -0.292136, 0.000181435
152.302, 0.974855, -23.7042, 0.992116, -23.705, 1.00569, -23.7921, -3.4374e-05, -3.43965e-05, -3.43949e-05, 2.76812e-05, 1.01819, 0.000227697, -0.292136, 0.000181894
152.352, 0.974855, -23.7414, 0.992116, -23.7421, 1.00569, -23.8292, -3.42799e-05, -3.42888e-05, -3.42787e-05, 2.76812e-05, 1.01819, 0.00022769, -0.292136, 0.00018234
152.403, 0.974856, -23.7784, 0.992117, -23.7792, 1.00569, -23.8663, -3.42856e-05, -3.43145e-05, -3.43034e-05, 2.76812e-05, 1.01819, 0.000227533, -0.292136, 0.000182773
152.453, 0.974856, -23.8155, 0.992117, -23.8162, 1.00569, -23.9034, -3.43055e-05, -3.42894e-05, -3.43044e-05, 2.76812e-05, 1.01819, 0.0002276, -0.292136, 0.000183193
152.504, 0.974856, -23.8525, 0.992117, -23.8533, 1.00569, -23.9404, -3.42092e-05, -3.42151e-05, -3.42247e-05, 2.76812e-05, 1.01819, 0.0002276, -0.292137, 0.0001836
152.554, 0.974857, -23.8894, 0.992118, -23.8902, 1.00569, -23.9773, -3.42206e-05, -3.42283e-05, -3.42186e-05, 2.76812e-05, 1.01819, 0.000227466, -0.292137, 0.000183996
152.604, 0.974857, -23.9264, 0.992118, -23.9272, 1.00569, -24.0143, -3.42264e-05, -3.42302e-05, -3.42294e-05, 2.76812e-05, 1.01819, 0.000227541, -0.292137, 0.00018438
152.655, 0.974858, -23.9633, 0.992119, -23.9641, 1.00569, -24.0512, -3.4134e-05, -3.41596e-05, -3.41304e-05, 2.76812e-05, 1.01819, 0.000227459, -0.292138, 0.000184752
152.705, 0.974858, -24.0002, 0.992119, -24.001, 1.00569, -24.0881, -3.4165e-05, -3.41524e-05, -3.41877e-05, 2.76812e-05, 1.01819, 0.000227697, -0.292137, 0.000185114
152.755, 0.974858, -24.0371, 0.992119, -24.0378, 1.0057, -24.125, -3.40989e-05, -3.40997e-05, -3.40929e-05, 2.76812e-05, 1.01819, 0.000227645, -0.292138, 0.000185465
152.806, 0.974859, -24.0739, 0.99212, -24.0746, 1.0057, -24.1618, -3.41259e-05, -3.4105e-05, -3.41072e-05, 2.76812e-05, 1.01819, 0.000227675, -0.292137, 0.000185805
152.856, 0.974859, -24.1107, 0.99212, -24.1114, 1.0057, -24.1986, -3.40683e-05, -3.40583e-05, -3.40662e-05, 2.76812e-05, 1.01819, 0.000227772, -0.292138, 0.000186135
152.906, 0.974859, -24.1474, 0.992121, -24.1482, 1.0057, -24.2353, -3.39771e-05, -3.39821e-05, -3.39718e-05, 2.76812e-05, 1.01819, 0.000227563, -0.292139, 0.000186454
152.957, 0.97486, -24.1841, 0.992121, -24.1849, 1.0057, -24.272, -3.39861e-05, -3.39773e-05, -3.39756e-05, 2.76812e-05, 1.01819, 0.000227809, -0.292138, 0.000186764
153, 0.97486, -24.2157, 0.992121, -24.2164, 1.0057, -24.3035, -3.39059e-05, -3.38896e-05, -3.39061e-05, 2.76812e-05, 1.01819, 0.000227459, -0.292139, 0.000187023
153, 0.97486, -24.2157, 0.992121, -24.2164, 1.0057, -24.3035, -3.39059e-05, -3.38896e-05, -3.39061e-05, 4.12436e-05, 1.01819, 0.000227459, -0.292139, 0.000187025
153.05, 0.974861, -24.2523, 0.992122, -24.2531, 1.0057, -24.3402, -3.39238e-05, -3.39219e-05, -3.39294e-05, 4.12436e-05, 1.01819, 0.000227727, -0.292139, 0.000187649
153.101, 0.974861, -24.2889, 0.992122, -24.2897, 1.0057, -24.3768, -3.38444e-05, -3.38562e-05, -3.38704e-05, 4.12436e-05, 1.01819, 0.000227109, -0.29214, 0.000188257
153.151, 0.974861, -24.3254, 0.992122, -24.3262, 1.0057, -24.4133, -3.38287e-05, -3.38168e-05, -3.3826e-05, 4.12436e-05, 1.01819, 0.000227392, -0.29214, 0.000188845
153.201, 0.974861, -24.3619, 0.992123, -24.3627, 1.0057, -24.4498, -3.37778e-05, -3.37557e-05, -3.37496e-05, 4.12436e-05, 1.01819, 0.000227794, -0.29214, 0.000189416
153.252, 0.974862, -24.3984, 0.992123, -24.3992, 1.0057, -24.4863, -3.37449e-05, -3.37359e-05, -3.37613e-05, 4.12436e-05, 1.01819, 0.000227518, -0.29214, 0.000189969
153.302, 0.974862, -24.4348, 0.992123, -24.4356, 1.0057, -24.5227, -3.36693e-05, -3.36989e-05, -3.36808e-05, 4.12436e-05, 1.01819, 0.000227369, -0.29214, 0.000190506
153.353, 0.974863, -24.4712, 0.992124, -24.472, 1.0057, -24.5591, -3.36729e-05, -3.36708e-05, -3.3662e-05, 4.12436e-05, 1.01819, 0.000227459, -0.29214, 0.000191025
153.403, 0.974863, -24.5075, 0.992124, -24.5083, 1.0057, -24.5954, -3.36071e-05, -3.36115e-05, -3.36193e-05, 4.12436e-05, 1.01819, 0.000227459, -0.292141, 0.000191529
153.453, 0.974863, -24.5438, 0.992124, -24.5446, 1.0057, -24.6317, -3.3616e-05, -3.36023e-05, -3.35899e-05, 4.12436e-05, 1.01819, 0.000227578, -0.29214, 0.000192017
153.504, 0.974864, -24.58, 0.992125, -24.5808, 1.0057, -24.6679, -3.35325e-05, -3.35336e-05, -3.35319e-05, 4.12436e-05, 1.01819, 0.00022731, -0.292141, 0.00019249
153.554, 0.974864, -24.6162, 0.992125, -24.6169, 1.0057, -24.7041, -3.3445e-05, -3.345e-05, -3.34438e-05, 4.12436e-05, 1.01819, 0.000227772, -0.292141, 0.000192948
153.604, 0.974865, -24.6523, 0.992126, -24.653, 1.0057, -24.7402, -3.34347e-05, -3.34388e-05, -3.34363e-05, 4.12436e-05, 1.01819, 0.000227116, -0.292142, 0.000193391
153.655, 0.974865, -24.6883, 0.992126, -24.6891, 1.0057, -24.7762, -3.3337e-05, -3.33245e-05, -3.33569e-05, 4.12436e-05, 1.01819, 0.000227362, -0.292142, 0.00019382
153.705, 0.974866, -24.7243, 0.992127, -24.7251, 1.0057, -24.8122, -3.3289e-05, -3.33014e-05, -3.32892e-05, 4.12436e-05, 1.01819, 0.000227422, -0.292143, 0.000194235
153.755, 0.974866, -24.7603, 0.992127, -24.7611, 1.0057, -24.8482, -3.32778e-05, -3.32567e-05, -3.32479e-05, 4.12436e-05, 1.01819, 0.000227802, -0.292142, 0.000194637
153.806, 0.974866, -24.7962, 0.992128, -24.7969, 1.0057, -24.8841, -3.32041e-05, -3.32342e-05, -3.32286e-05, 4.12436e-05, 1.01819, 0.000227459, -0.292143, 0.000195025
153.856, 0.974867, -24.832, 0.992128, -24.8328, 1.0057, -24.9199, -3.31444e-05, -3.31346e-05, -3.31561e-05, 4.12436e-05, 1.01819, 0.000227526, -0.292143, 0.0001954
153.906, 0.974867, -24.8678, 0.992129, -24.8685, 1.0057, -24.9557, -3.31427e-05, -3.31486e-05, -3.31415e-05, 4.12436e-05, 1.01819, 0.000227734, -0.292143, 0.000195763
153.957, 0.974867, -24.9035, 0.992129, -24.9043, 1.0057, -24.9914, -3.30387e-05, -3.30394e-05, -3.30355e-05, 4.12436e-05, 1.01819, 0.000227667, -0.292143, 0.000196113
154, 0.974868, -24.9342, 0.992129, -24.9349, 1.0057, -25.022, -3.29981e-05, -3.29824e-05, -3.2981e-05, 4.12436e-05, 1.01819, 0.000227459, -0.292143, 0.000196405
154, 0.974868, -24.9342, 0.992129, -24.9349, 1.0057, -25.022, -3.29981e-05, -3.29824e-05, -3.2981e-05, 5.44428e-05, 1.01819, 0.000227459, -0.292143, 0.000196406
154.05, 0.974868, -24.9698, 0.99213, -24.9705, 1.00571, -25.0576, -3.29646e-05, -3.29724e-05, -3.29709e-05, 5.44428e-05, 1.01819, 0.000227697, -0.292143, 0.000197057
154.101, 0.974868, -25.0053, 0.99213, -25.0061, 1.00571, -25.0932, -3.2883e-05, -3.28803e-05, -3.28978e-05, 5.44428e-05, 1.01819, 0.00022769, -0.292144, 0.000197689
154.151, 0.974869, -25.0407, 0.99213, -25.0415, 1.00571, -25.1286, -3.2816e-05, -3.28175e-05, -3.28322e-05, 5.44428e-05, 1.01819, 0.000227563, -0.292144, 0.0001983
154.201, 0.974869, -25.0762, 0.99213, -25.0769, 1.00571, -25.1641, -3.2757e-05, -3.27431e-05, -3.273e-05, 5.44428e-05, 1.01819, 0.000227526, -0.292144, 0.000198891
154.252, 0.974869, -25.1115, 0.992131, -25.1123, 1.00571, -25.1994, -3.27565e-05, -3.27633e-05, -3.27367e-05, 5.44428e-05, 1.01819, 0.000227802, -0.292144, 0.000199462
154.302, 0.97487, -25.1468, 0.992131, -25.1475, 1.00571, -25.2347, -3.26812e-05, -3.26934e-05, -3.26817e-05, 5.44428e-05, 1.01819, 0.000227287, -0.292145, 0.000200014
154.353, 0.97487, -25.182, 0.992131, -25.1827, 1.00571, -25.2699, -3.25731e-05, -3.25807e-05, -3.25769e-05, 5.44428e-05, 1.01819, 0.000227444, -0.292144, 0.000200547
154.403, 0.974871, -25.2171, 0.992132, -25.2179, 1.00571, -25.305, -3.24962e-05, -3.25008e-05, -3.24876e-05, 5.44428e-05, 1.01819, 0.000227593, -0.292145, 0.000201063
154.453, 0.974871, -25.2522, 0.992132, -25.2529, 1.00571, -25.34, -3.24414e-05, -3.24293e-05, -3.24403e-05, 5.44428e-05, 1.01819, 0.000227667, -0.292145, 0.00020156
154.504, 0.974871, -25.2871, 0.992133, -25.2879, 1.00571, -25.375, -3.23129e-05, -3.23226e-05, -3.23388e-05, 5.44428e-05, 1.01819, 0.000227675, -0.292145, 0.00020204
154.554, 0.974872, -25.3221, 0.992133, -25.3228, 1.00571, -25.41, -3.23272e-05, -3.23328e-05, -3.23225e-05, 5.44428e-05, 1.01819, 0.000227645, -0.292145, 0.000202503
154.604, 0.974872, -25.3569, 0.992134, -25.3577, 1.00571, -25.4448, -3.22629e-05, -3.22415e-05, -3.22526e-05, 5.44428e-05, 1.01819, 0.000227213, -0.292146, 0.00020295
154.655, 0.974873, -25.3916, 0.992134, -25.3924, 1.00571, -25.4795, -3.21836e-05, -3.21875e-05, -3.21797e-05, 5.44428e-05, 1.01819, 0.000227571, -0.292146, 0.000203381
154.705, 0.974873, -25.4263, 0.992134, -25.4271, 1.00571, -25.5142, -3.20461e-05, -3.20654e-05, -3.20584e-05, 5.44428e-05, 1.01819, 0.000227891, -0.292146, 0.000203796
154.755, 0.974873, -25.4609, 0.992134, -25.4617, 1.00571, -25.5488, -3.20132e-05, -3.20208e-05, -3.19921e-05, 5.44428e-05, 1.01819, 0.000227377, -0.292147, 0.000204195
154.806, 0.974874, -25.4955, 0.992135, -25.4962, 1.00571, -25.5833, -3.19243e-05, -3.1937e-05, -3.19311e-05, 5.44428e-05, 1.01819, 0.000227645, -0.292147, 0.000204579
154.856, 0.974874, -25.5299, 0.992135, -25.5307, 1.00571, -25.6178, -3.18321e-05, -3.18337e-05, -3.1828e-05, 5.44428e-05, 1.01819, 0.000227503, -0.292147, 0.000204949
154.906, 0.974874, -25.5643, 0.992135, -25.565, 1.00571, -25.6522, -3.17703e-05, -3.1766e-05, -3.17624e-05, 5.44428e-05, 1.01819, 0.000227757, -0.292147, 0.000205304
154.957, 0.974874, -25.5985, 0.992136, -25.5993, 1.00571, -25.6864, -3.17084e-05, -3.16949e-05, -3.1689e-05, 5.44428e-05, 1.01819, 0.000227585, -0.292147, 0.000205645
155, 0.974874, -25.628, 0.992136, -25.6287, 1.00571, -25.7159, -3.16224e-05, -3.16037e-05, -3.16222e-05, 5.44428e-05, 1.01819, 0.000227667, -0.292147, 0.000205927
155, 0.974874, -25.628, 0.992136, -25.6287, 1.00571, -25.7159, -3.16224e-05, -3.16037e-05, -3.16222e-05, 6.70918e-05, 1.01819, 0.000227667, -0.292147, 0.000205929
155.05, 0.974875, -25.6621, 0.992136, -25.6629, 1.00571, -25.75, -3.1552e-05, -3.15645e-05, -3.15302e-05, 6.70918e-05, 1.01819, 0.000227869, -0.292148, 0.000206554
155.101, 0.974875, -25.6962, 0.992136, -25.6969, 1.00571, -25.784, -3.14687e-05, -3.14708e-05, -3.14447e-05, 6.70918e-05, 1.01819, 0.000227652, -0.292147, 0.000207158
155.151, 0.974875, -25.7301, 0.992137, -25.7309, 1.00571, -25.818, -3.1407e-05, -3.13821e-05, -3.13853e-05, 6.70918e-05, 1.01819, 0.000227474, -0.292148, 0.00020774
155.202, 0.974876, -25.764, 0.992137, -25.7648, 1.00571, -25.8519, -3.13097e-05, -3.12959e-05, -3.13119e-05, 6.70918e-05, 1.01819, 0.000227712, -0.292149, 0.000208301
155.252, 0.974876, -25.7978, 0.992137, -25.7986, 1.00571, -25.8857, -3.12247e-05, -3.123e-05, -3.12265e-05, 6.70918e-05, 1.01819, 0.000227548, -0.292148, 0.000208841
155.302, 0.974876, -25.8315, 0.992137, -25.8323, 1.00571, -25.9194, -3.11456e-05, -3.1129e-05, -3.11232e-05, 6.70918e-05, 1.01819, 0.000227429, -0.292149, 0.000209361
155.353, 0.974876, -25.8651, 0.992137, -25.8659, 1.00571, -25.953, -3.10673e-05, -3.10602e-05, -3.10633e-05, 6.70918e-05, 1.01819, 0.000227757, -0.292149, 0.000209861
155.403, 0.974877, -25.8986, 0.992138, -25.8994, 1.00571, -25.9865, -3.09733e-05, -3.09874e-05, -3.09807e-05, 6.70918e-05, 1.01819, 0.000227347, -0.292149, 0.000210341
155.453, 0.974877, -25.9321, 0.992138, -25.9328, 1.00571, -26.02, -3.09253e-05, -3.09459e-05, -3.09274e-05, 6.70918e-05, 1.01819, 0.000227749, -0.292148, 0.000210803
155.504, 0.974877, -25.9654, 0.992139, -25.9662, 1.00571, -26.0533, -3.08452e-05, -3.08179e-05, -3.08316e-05, 6.70918e-05, 1.01819, 0.000227846, -0.292149, 0.000211246
155.554, 0.974877, -25.9986, 0.992139, -25.9994, 1.00571, -26.0865, -3.07343e-05, -3.07374e-05, -3.07336e-05, 6.70918e-05, 1.01819, 0.000227541, -0.292149, 0.000211671
155.604, 0.974878, -26.0318, 0.992139, -26.0326, 1.00572, -26.1197, -3.06587e-05, -3.06575e-05, -3.06569e-05, 6.70918e-05, 1.01819, 0.00022731, -0.292149, 0.000212079
155.655, 0.974878, -26.0648, 0.992139, -26.0656, 1.00572, -26.1527, -3.0586e-05, -3.05714e-05, -3.05658e-05, 6.70918e-05, 1.01819, 0.000227563, -0.292149, 0.000212469
155.705, 0.974878, -26.0978, 0.992139, -26.0986, 1.00572, -26.1857, -3.05267e-05, -3.05251e-05, -3.04989e-05, 6.70918e-05, 1.01819, 0.000227466, -0.29215, 0.000212843
155.755, 0.974878, -26.1307, 0.99214, -26.1315, 1.00572, -26.2186, -3.04018e-05, -3.03824e-05, -3.03823e-05, 6.70918e-05, 1.01819, 0.000227466, -0.29215, 0.0002132
155.806, 0.974879, -26.1634, 0.99214, -26.1642, 1.00572, -26.2513, -3.02672e-05, -3.02717e-05, -3.02755e-05, 6.70918e-05, 1.01819, 0.000227541, -0.29215, 0.000213541
155.856, 0.974879, -26.1961, 0.99214, -26.1969, 1.00572, -26.284, -3.01796e-05, -3.01634e-05, -3.01728e-05, 6.70918e-05, 1.01819, 0.000227295, -0.29215, 0.000213866
155.906, 0.974879, -26.2287, 0.99214, -26.2295, 1.00572, -26.3166, -3.00946e-05, -3.00793e-05, -3.00878e-05, 6.70918e-05, 1.01819, 0.000227503, -0.29215, 0.000214176
155.957, 0.974879, -26.2612, 0.99214, -26.2619, 1.00572, -26.3491, -3.00346e-05, -3.00195e-05, -3.00304e-05, 6.70918e-05, 1.01819, 0.000227384, -0.29215, 0.00021447
156, 0.974879, -26.289, 0.99214, -26.2898, 1.00572, -26.3769, -2.99447e-05, -2.99513e-05, -2.99429e-05, 6.70918e-05, 1.01819, 0.000227578, -0.29215, 0.000214712
156, 0.974879, -26.289, 0.99214, -26.2898, 1.00572, -26.3769, -2.99447e-05, -2.99513e-05, -2.99429e-05, 7.90696e-05, 1.01819, 0.000227578, -0.29215, 0.000214714
156.05, 0.974879, -26.3213, 0.992141, -26.3221, 1.00572, -26.4092, -2.98994e-05, -2.98995e-05, -2.98736e-05, 7.90696e-05, 1.01819, 0.000227988, -0.29215, 0.000215274
156.101, 0.974879, -26.3535, 0.992141, -26.3543, 1.00572, -26.4414, -2.98126e-05, -2.98198e-05, -2.98086e-05, 7.90696e-05, 1.01819, 0.000227645, -0.29215, 0.000215814
156.151, 0.974879, -26.3856, 0.992141, -26.3864, 1.00572, -26.4735, -2.96283e-05, -2.96133e-05, -2.9607e-05, 7.90696e-05, 1.01819, 0.000227451, -0.29215, 0.000216331
156.202, 0.974879, -26.4176, 0.992141, -26.4183, 1.00572, -26.5055, -2.95883e-05, -2.95932e-05, -2.95877e-05, 7.90696e-05, 1.01819, 0.000227772, -0.292151, 0.000216826
156.252, 0.974879, -26.4494, 0.992141, -26.4502, 1.00572, -26.5373, -2.95076e-05, -2.94847e-05, -2.94783e-05, 7.90696e-05, 1.01819, 0.000227354, -0.29215, 0.0002173
156.302, 0.974879, -26.4812, 0.992141, -26.482, 1.00572, -26.5691, -2.93878e-05, -2.93765e-05, -2.93879e-05, 7.90696e-05, 1.01819, 0.000227444, -0.29215, 0.000217754
156.353, 0.97488, -26.5129, 0.992141, -26.5137, 1.00572, -26.6008, -2.93095e-05, -2.93138e-05, -2.93269e-05, 7.90696e-05, 1.01819, 0.00022728, -0.292151, 0.000218187
156.403, 0.97488, -26.5445, 0.992141, -26.5452, 1.00572, -26.6324, -2.91777e-05, -2.91826e-05, -2.91713e-05, 7.90696e-05, 1.01819, 0.00022763, -0.29215, 0.000218601
156.453, 0.97488, -26.5759, 0.992141, -26.5767, 1.00572, -26.6638, -2.90847e-05, -2.90878e-05, -2.90811e-05, 7.90696e-05, 1.01819, 0.00022731, -0.292151, 0.000218995
156.504, 0.97488, -26.6073, 0.992142, -26.6081, 1.00572, -26.6952, -2.90139e-05, -2.90385e-05, -2.90173e-05, 7.90696e-05, 1.01819, 0.000227496, -0.292151, 0.000219371
156.554, 0.97488, -26.6385, 0.992142, -26.6393, 1.00572, -26.7264, -2.88614e-05, -2.88673e-05, -2.88567e-05, 7.90696e-05, 1.01819, 0.000227422, -0.292151, 0.000219728
156.604, 0.97488, -26.6697, 0.992142, -26.6704, 1.00572, -26.7576, -2.8789e-05, -2.87913e-05, -2.87896e-05, 7.90696e-05, 1.01819, 0.000227496, -0.29215, 0.000220067
156.655, 0.97488, -26.7007, 0.992142, -26.7015, 1.00572, -26.7886, -2.86902e-05, -2.86951e-05, -2.86917e-05, 7.90696e-05, 1.01819, 0.000227697, -0.292151, 0.000220389
156.705, 0.97488, -26.7316, 0.992141, -26.7324, 1.00572, -26.8195, -2.86237e-05, -2.86311e-05, -2.86418e-05, 7.90696e-05, 1.01819, 0.000227578, -0.29215, 0.000220694
156.755, 0.97488, -26.7624, 0.992142, -26.7632, 1.00572, -26.8503, -2.84657e-05, -2.84995e-05, -2.84786e-05, 7.90696e-05, 1.01819, 0.000227705, -0.292151, 0.000220982
156.806, 0.97488, -26.7931, 0.992142, -26.7939, 1.00572, -26.881, -2.83597e-05, -2.83642e-05, -2.83729e-05, 7.90696e-05, 1.01819, 0.000227913, -0.292151, 0.000221254
156.856, 0.97488, -26.8237, 0.992142, -26.8245, 1.00572, -26.9116, -2.83187e-05, -2.83244e-05, -2.83178e-05, 7.90696e-05, 1.01819, 0.000227429, -0.292151, 0.00022151
156.907, 0.97488, -26.8542, 0.992142, -26.855, 1.00572, -26.9421, -2.81339e-05, -2.81546e-05, -2.81443e-05, 7.90696e-05, 1.01819, 0.000227541, -0.292151, 0.00022175
156.957, 0.97488, -26.8846, 0.992142, -26.8853, 1.00572, -26.9725, -2.80948e-05, -2.80841e-05, -2.80868e-05, 7.90696e-05, 1.01819, 0.000227794, -0.29215, 0.000221975
157, 0.97488, -26.9106, 0.992142, -26.9114, 1.00572, -26.9985, -2.80024e-05, -2.79894e-05, -2.79975e-05, 7.90696e-05, 1.01819, 0.000227317, -0.292151, 0.000222157
157, 0.97488, -26.9106, 0.992142, -26.9114, 1.00572, -26.9985, -2.80024e-05, -2.79894e-05, -2.79975e-05, 9.02706e-05, 1.01819, 0.000227317, -0.292151, 0.000222159
157.051, 0.97488, -26.9407, 0.992142, -26.9415, 1.00572, -27.0286, -2.79276e-05, -2.79311e-05, -2.7918e-05, 9.02706e-05, 1.01819, 0.000227369, -0.292151, 0.00022263
157.101, 0.97488, -26.9708, 0.992142, -26.9716, 1.00572, -27.0587, -2.77461e-05, -2.77381e-05, -2.7724e-05, 9.02706e-05, 1.01819, 0.000227585, -0.292151, 0.000223081
157.151, 0.97488, -27.0007, 0.992142, -27.0015, 1.00572, -27.0886, -2.76931e-05, -2.76758e-05, -2.76907e-05, 9.02706e-05, 1.01819, 0.000227563, -0.29215, 0.00022351
157.202, 0.97488, -27.0305, 0.992142, -27.0313, 1.00572, -27.1184, -2.7581e-05, -2.75696e-05, -2.75814e-05, 9.02706e-05, 1.01819, 0.00022766, -0.292151, 0.000223917
157.252, 0.97488, -27.0602, 0.992142, -27.061, 1.00572, -27.1481, -2.74256e-05, -2.74107e-05, -2.74019e-05, 9.02706e-05, 1.01819, 0.000227556, -0.292151, 0.000224304
157.302, 0.97488, -27.0898, 0.992142, -27.0906, 1.00572, -27.1777, -2.7315e-05, -2.73164e-05, -2.73186e-05, 9.02706e-05, 1.01819, 0.000227608, -0.292151, 0.00022467
157.353, 0.97488, -27.1193, 0.992142, -27.1201, 1.00572, -27.2072, -2.72636e-05, -2.72584e-05, -2.72667e-05, 9.02706e-05, 1.01819, 0.000227794, -0.292151, 0.000225017
157.403, 0.97488, -27.1487, 0.992142, -27.1495, 1.00572, -27.2366, -2.71524e-05, -2.71369e-05, -2.71376e-05, 9.02706e-05, 1.01819, 0.000227794, -0.292151, 0.000225345
157.453, 0.97488, -27.1779, 0.992142, -27.1787, 1.00572, -27.2658, -2.70376e-05, -2.70405e-05, -2.70311e-05, 9.02706e-05, 1.01819, 0.000227563, -0.292151, 0.000225653
157.504, 0.97488, -27.2071, 0.992142, -27.2078, 1.00572, -27.2949, -2.69456e-05, -2.69512e-05, -2.69432e-05, 9.02706e-05, 1.01819, 0.000227459, -0.292151, 0.000225944
157.554, 0.97488, -27.2361, 0.992142, -27.2368, 1.00572, -27.324, -2.67691e-05, -2.6754e-05, -2.67656e-05, 9.02706e-05, 1.01819, 0.000227578, -0.292151, 0.000226216
157.604, 0.97488, -27.265, 0.992142, -27.2657, 1.00572, -27.3528, -2.67048e-05, -2.67144e-05, -2.67084e-05, 9.02706e-05, 1.01819, 0.000227459, -0.292151, 0.000226471
157.655, 0.97488, -27.2937, 0.992142, -27.2945, 1.00572, -27.3816, -2.65841e-05, -2.65688e-05, -2.65605e-05, 9.02706e-05, 1.01819, 0.000227503, -0.292151, 0.000226709
157.705, 0.97488, -27.3224, 0.992142, -27.3232, 1.00572, -27.4103, -2.64753e-05, -2.64671e-05, -2.64746e-05, 9.02706e-05, 1.01819, 0.000227354, -0.292151, 0.000226931
157.755, 0.97488, -27.3509, 0.992142, -27.3517, 1.00572, -27.4388, -2.64029e-05, -2.64049e-05, -2.63958e-05, 9.02706e-05, 1.01819, 0.000227749, -0.292151, 0.000227136
157.806, 0.97488, -27.3793, 0.992142, -27.3801, 1.00572, -27.4672, -2.62644e-05, -2.62473e-05, -2.62545e-05, 9.02706e-05, 1.01819, 0.000227563, -0.292151, 0.000227325
157.856, 0.97488, -27.4076, 0.992142, -27.4084, 1.00572, -27.4955, -2.61225e-05, -2.6129e-05, -2.61232e-05, 9.02706e-05, 1.01819, 0.000227138, -0.292151, 0.000227499
157.907, 0.97488, -27.4358, 0.992142, -27.4366, 1.00572, -27.5237, -2.60882e-05, -2.60975e-05, -2.60903e-05, 9.02706e-05, 1.01819, 0.00022769, -0.292151, 0.000227657
157.957, 0.97488, -27.4639, 0.992142, -27.4647, 1.00572, -27.5518, -2.58901e-05, -2.5909e-05, -2.59069e-05, 9.02706e-05, 1.01819, 0.000227675, -0.292151, 0.000227801
158, 0.97488, -27.4879, 0.992142, -27.4887, 1.00572, -27.5758, -2.58483e-05, -2.58678e-05, -2.5852e-05, 9.02706e-05, 1.01819, 0.000227727, -0.292151, 0.000227913
158, 0.97488, -27.4879, 0.992142, -27.4887, 1.00572, -27.5758, -2.58483e-05, -2.58678e-05, -2.5852e-05, 0.00010061, 1.01819, 0.000227727, -0.292151, 0.000227915
158.051, 0.97488, -27.5158, 0.992142, -27.5166, 1.00572, -27.6037, -2.57955e-05, -2.58259e-05, -2.57933e-05, 0.00010061, 1.01819, 0.000227511, -0.292151, 0.000228285
158.101, 0.97488, -27.5435, 0.992142, -27.5443, 1.00572, -27.6314, -2.56283e-05, -2.56121e-05, -2.56251e-05, 0.00010061, 1.01819, 0.000227533, -0.292151, 0.000228636
158.151, 0.97488, -27.5711, 0.992142, -27.5719, 1.00572, -27.659, -2.55594e-05, -2.55502e-05, -2.55638e-05, 0.00010061, 1.01819, 0.00022769, -0.292151, 0.000228965
158.202, 0.97488, -27.5986, 0.992142, -27.5994, 1.00572, -27.6865, -2.54035e-05, -2.53917e-05, -2.53998e-05, 0.00010061, 1.01819, 0.000227675, -0.292151, 0.000229275
158.252, 0.97488, -27.626, 0.992142, -27.6268, 1.00572, -27.7139, -2.53015e-05, -2.53012e-05, -2.53232e-05, 0.00010061, 1.01819, 0.000227414, -0.292151, 0.000229564
158.302, 0.97488, -27.6533, 0.992142, -27.654, 1.00572, -27.7411, -2.52062e-05, -2.52064e-05, -2.52016e-05, 0.00010061, 1.01819, 0.000227332, -0.292151, 0.000229835
158.353, 0.97488, -27.6804, 0.992142, -27.6812, 1.00572, -27.7683, -2.50725e-05, -2.5091e-05, -2.50609e-05, 0.00010061, 1.01819, 0.000227526, -0.292151, 0.000230087
158.403, 0.97488, -27.7074, 0.992142, -27.7082, 1.00572, -27.7953, -2.49832e-05, -2.49808e-05, -2.49788e-05, 0.00010061, 1.01819, 0.000227436, -0.292151, 0.00023032
158.453, 0.97488, -27.7343, 0.992142, -27.7351, 1.00572, -27.8222, -2.4799e-05, -2.48207e-05, -2.48064e-05, 0.00010061, 1.01819, 0.000227578, -0.292151, 0.000230536
158.504, 0.97488, -27.761, 0.992142, -27.7618, 1.00572, -27.8489, -2.47484e-05, -2.47544e-05, -2.47297e-05, 0.00010061, 1.01819, 0.000227906, -0.29215, 0.000230735
158.554, 0.97488, -27.7877, 0.992142, -27.7885, 1.00572, -27.8756, -2.46119e-05, -2.4603e-05, -2.46176e-05, 0.00010061, 1.01819, 0.000227995, -0.292151, 0.000230917
158.604, 0.97488, -27.8142, 0.992142, -27.815, 1.00572, -27.9021, -2.45293e-05, -2.45147e-05, -2.45041e-05, 0.00010061, 1.01819, 0.000227511, -0.292151, 0.000231082
158.655, 0.97488, -27.8406, 0.992142, -27.8414, 1.00572, -27.9285, -2.44031e-05, -2.44037e-05, -2.43998e-05, 0.00010061, 1.01819, 0.000227593, -0.292151, 0.000231232
158.705, 0.97488, -27.8669, 0.992142, -27.8677, 1.00572, -27.9548, -2.42518e-05, -2.42363e-05, -2.42319e-05, 0.00010061, 1.01819, 0.000227489, -0.29215, 0.000231366
158.756, 0.97488, -27.8931, 0.992142, -27.8939, 1.00572, -27.981, -2.42038e-05, -2.4196e-05, -2.41989e-05, 0.00010061, 1.01819, 0.000227578, -0.292151, 0.000231484
158.806, 0.97488, -27.9191, 0.992142, -27.9199, 1.00572, -28.007, -2.40443e-05, -2.40506e-05, -2.40826e-05, 0.00010061, 1.01819, 0.000227466, -0.292151, 0.000231588
158.856, 0.97488, -27.945, 0.992142, -27.9458, 1.00572, -28.0329, -2.39586e-05, -2.39386e-05, -2.3933e-05, 0.00010061, 1.01819, 0.000227533, -0.292151, 0.000231677
158.907, 0.97488, -27.9709, 0.992142, -27.9716, 1.00572, -28.0588, -2.3873e-05, -2.38795e-05, -2.38751e-05, 0.00010061, 1.01819, 0.000227757, -0.292151, 0.000231752
158.957, 0.97488, -27.9965, 0.992142, -27.9973, 1.00572, -28.0844, -2.37281e-05, -2.37125e-05, -2.37256e-05, 0.00010061, 1.01819, 0.000227422, -0.292151, 0.000231814
159, 0.97488, -28.0185, 0.992142, -28.0193, 1.00572, -28.1064, -2.36286e-05, -2.36357e-05, -2.36461e-05, 0.00010061, 1.01819, 0.000227578, -0.292151, 0.000231856
159, 0.97488, -28.0185, 0.992142, -28.0193, 1.00572, -28.1064, -2.36286e-05, -2.36357e-05, -2.36461e-05, 0.000110061, 1.01819, 0.000227578, -0.292151, 0.000231857
159.051, 0.97488, -28.044, 0.992142, -28.0448, 1.00572, -28.1319, -2.35727e-05, -2.35773e-05, -2.35608e-05, 0.000110061, 1.01819, 0.000227511, -0.29215, 0.000232125
159.101, 0.97488, -28.0693, 0.992142, -28.0701, 1.00572, -28.1572, -2.34283e-05, -2.34153e-05, -2.34049e-05, 0.000110061, 1.01819, 0.00022763, -0.292151, 0.000232374
159.151, 0.97488, -28.0946, 0.992142, -28.0953, 1.00572, -28.1825, -2.32972e-05, -2.33015e-05, -2.3311e-05, 0.000110061, 1.01819, 0.000227518, -0.292151, 0.000232605
159.202, 0.97488, -28.1197, 0.992142, -28.1204, 1.00572, -28.2076, -2.31894e-05, -2.31908e-05, -2.31829e-05, 0.000110061, 1.01819, 0.000227623, -0.292151, 0.000232817
159.252, 0.97488, -28.1447, 0.992142, -28.1454, 1.00572, -28.2325, -2.31113e-05, -2.30958e-05, -2.31082e-05, 0.000110061, 1.01819, 0.000227518, -0.292151, 0.00023301
159.302, 0.97488, -28.1695, 0.992142, -28.1703, 1.00572, -28.2574, -2.30082e-05, -2.29969e-05, -2.30073e-05, 0.000110061, 1.01819, 0.000227563, -0.29215, 0.000233186
159.353, 0.97488, -28.1943, 0.992142, -28.195, 1.00572, -28.2822, -2.28295e-05, -2.28331e-05, -2.28007e-05, 0.000110061, 1.01819, 0.000227831, -0.292151, 0.000233345
159.403, 0.97488, -28.2189, 0.992142, -28.2197, 1.00572, -28.3068, -2.27595e-05, -2.27809e-05, -2.27494e-05, 0.000110061, 1.01819, 0.000227071, -0.292151, 0.000233488
159.453, 0.97488, -28.2434, 0.992142, -28.2442, 1.00572, -28.3313, -2.2639e-05, -2.26433e-05, -2.26361e-05, 0.000110061, 1.01819, 0.000227705, -0.292151, 0.000233614
159.504, 0.97488, -28.2678, 0.992142, -28.2686, 1.00572, -28.3557, -2.24933e-05, -2.2511e-05, -2.25092e-05, 0.000110061, 1.01819, 0.000227325, -0.292151, 0.000233724
159.554, 0.97488, -28.2921, 0.992142, -28.2928, 1.00572, -28.38, -2.24326e-05, -2.24128e-05, -2.24306e-05, 0.000110061, 1.01819, 0.000227936, -0.292151, 0.000233819
159.604, 0.97488, -28.3162, 0.992142, -28.317, 1.00572, -28.4041, -2.22998e-05, -2.22942e-05, -2.22947e-05, 0.000110061, 1.01819, 0.000227563, -0.29215, 0.000233899
159.655, 0.97488, -28.3402, 0.992142, -28.341, 1.00572, -28.4281, -2.2215e-05, -2.22033e-05, -2.22119e-05, 0.000110061, 1.01819, 0.000227332, -0.292151, 0.000233965
159.705, 0.97488, -28.3641, 0.992142, -28.3649, 1.00572, -28.452, -2.2057e-05, -2.20575e-05, -2.20681e-05, 0.000110061, 1.01819, 0.000227258, -0.292151, 0.000234016
159.756, 0.97488, -28.3879, 0.992142, -28.3887, 1.00572, -28.4758, -2.19997e-05, -2.20091e-05, -2.2001e-05, 0.000110061, 1.01819, 0.000227861, -0.292151, 0.000234053
159.806, 0.97488, -28.4116, 0.992142, -28.4124, 1.00572, -28.4995, -2.18752e-05, -2.18785e-05, -2.18747e-05, 0.000110061, 1.01819, 0.000227757, -0.292151, 0.000234077
159.856, 0.97488, -28.4352, 0.992142, -28.4359, 1.00572, -28.5231, -2.17364e-05, -2.17363e-05, -2.17434e-05, 0.000110061, 1.01819, 0.000227429, -0.292151, 0.000234088
159.907, 0.97488, -28.4586, 0.992142, -28.4594, 1.00572, -28.5465, -2.16256e-05, -2.1652e-05, -2.16451e-05, 0.000110061, 1.01819, 0.000227757, -0.29215, 0.000234087
159.957, 0.97488, -28.4819, 0.992142, -28.4827, 1.00572, -28.5698, -2.15883e-05, -2.15924e-05, -2.16064e-05, 0.000110061, 1.01819, 0.000227332, -0.292151, 0.000234072
160, 0.97488, -28.5019, 0.992142, -28.5027, 1.00572, -28.5898, -2.14341e-05, -2.14424e-05, -2.14537e-05, 0.000110061, 1.01819, 0.000227891, -0.292151, 0.000234051
160, 0.97488, -28.5019, 0.992142, -28.5027, 1.00572, -28.5898, -2.14341e-05, -2.14424e-05, -2.14537e-05, 0.000118635, 1.01819, 0.000227891, -0.292151, 0.000234051
160.051, 0.97488, -28.525, 0.992142, -28.5258, 1.00572, -28.6129, -2.13211e-05, -2.1329e-05, -2.13364e-05, 0.000118635, 1.01819, 0.000227839, -0.29215, 0.000234225
160.101, 0.97488, -28.548, 0.992142, -28.5488, 1.00572, -28.6359, -2.1278e-05, -2.1286e-05, -2.12524e-05, 0.000118635, 1.01819, 0.000227466, -0.292151, 0.000234382
160.151, 0.97488, -28.5709, 0.992142, -28.5717, 1.00572, -28.6588, -2.11037e-05, -2.11369e-05, -2.11259e-05, 0.000118635, 1.01819, 0.000227705, -0.292151, 0.000234522
160.202, 0.97488, -28.5937, 0.992142, -28.5944, 1.00572, -28.6815, -2.10324e-05, -2.10317e-05, -2.10526e-05, 0.000118635, 1.01819, 0.000227742, -0.292151, 0.000234645
160.252, 0.97488, -28.6163, 0.992142, -28.6171, 1.00572, -28.7042, -2.09634e-05, -2.09525e-05, -2.0949e-05, 0.000118635, 1.01819, 0.000227444, -0.292151, 0.000234752
160.302, 0.97488, -28.6388, 0.992142, -28.6396, 1.00572, -28.7267, -2.08256e-05, -2.08308e-05, -2.08199e-05, 0.000118635, 1.01819, 0.000227809, -0.29215, 0.000234843
160.353, 0.97488, -28.6613, 0.992142, -28.662, 1.00572, -28.7492, -2.07032e-05, -2.06858e-05, -2.06832e-05, 0.000118635, 1.01819, 0.000227936, -0.292151, 0.000234919
160.403, 0.97488, -28.6836, 0.992142, -28.6843, 1.00572, -28.7715, -2.05899e-05, -2.05831e-05, -2.05713e-05, 0.000118635, 1.01819, 0.000227302, -0.292151, 0.00023498
160.453, 0.97488, -28.7058, 0.992142, -28.7065, 1.00572, -28.7937, -2.05735e-05, -2.05504e-05, -2.05131e-05, 0.000118635, 1.01819, 0.00022772, -0.292151, 0.000235026
160.504, 0.97488, -28.7278, 0.992142, -28.7286, 1.00572, -28.8157, -2.03608e-05, -2.03716e-05, -2.03824e-05, 0.000118635, 1.01819, 0.000227571, -0.292151, 0.000235059
160.554, 0.97488, -28.7498, 0.992142, -28.7506, 1.00572, -28.8377, -2.02326e-05, -2.02567e-05, -2.02465e-05, 0.000118635, 1.01819, 0.000227451, -0.292151, 0.000235078
160.605, 0.97488, -28.7717, 0.992142, -28.7724, 1.00572, -28.8596, -2.02238e-05, -2.02545e-05, -2.02441e-05, 0.000118635, 1.01819, 0.000227533, -0.292151, 0.000235083
160.655, 0.97488, -28.7934, 0.992142, -28.7942, 1.00572, -28.8813, -2.00679e-05, -2.00586e-05, -2.00527e-05, 0.000118635, 1.01819, 0.000227444, -0.292151, 0.000235076
160.705, 0.97488, -28.815, 0.992142, -28.8158, 1.00572, -28.9029, -1.99431e-05, -1.99136e-05, -1.99088e-05, 0.000118635, 1.01819, 0.000227802, -0.292151, 0.000235057
160.756, 0.97488, -28.8365, 0.992142, -28.8373, 1.00572, -28.9244, -1.99352e-05, -1.99294e-05, -1.99151e-05, 0.000118635, 1.01819, 0.000227503, -0.292151, 0.000235025
160.806, 0.97488, -28.8579, 0.992142, -28.8587, 1.00572, -28.9458, -1.97524e-05, -1.97454e-05, -1.97339e-05, 0.000118635, 1.01819, 0.000227459, -0.292151, 0.000234981
160.856, 0.97488, -28.8792, 0.992142, -28.88, 1.00572, -28.9671, -1.96187e-05, -1.96039e-05, -1.9603e-05, 0.000118635, 1.01819, 0.000227429, -0.292151, 0.000234926
160.907, 0.97488, -28.9004, 0.992142, -28.9012, 1.00572, -28.9883, -1.95985e-05, -1.95853e-05, -1.95799e-05, 0.000118635, 1.01819, 0.00022763, -0.292151, 0.00023486
160.957, 0.97488, -28.9215, 0.992142, -28.9223, 1.00572, -29.0094, -1.94642e-05, -1.94442e-05, -1.94438e-05, 0.000118635, 1.01819, 0.000227556, -0.292151, 0.000234783
161, 0.97488, -28.9395, 0.992142, -28.9403, 1.00572, -29.0274, -1.9452e-05, -1.94397e-05, -1.94286e-05, 0.000118635, 1.01819, 0.000227459, -0.292151, 0.000234708
161, 0.97488, -28.9395, 0.992142, -28.9403, 1.00572, -29.0274, -1.9452e-05, -1.94397e-05, -1.94286e-05, 0.000126416, 1.01819, 0.000227459, -0.292151, 0.000234709
161.051, 0.97488, -28.9604, 0.992142, -28.9612, 1.00572, -29.0483, -1.92704e-05, -1.92568e-05, -1.92833e-05, 0.000126416, 1.01819, 0.000227615, -0.292151, 0.000234804
161.101, 0.97488, -28.9812, 0.992142, -28.982, 1.00572, -29.0691, -1.91633e-05, -1.91632e-05, -1.91974e-05, 0.000126416, 1.01819, 0.000227816, -0.292151, 0.000234883
161.151, 0.97488, -29.0018, 0.992142, -29.0026, 1.00572, -29.0897, -1.91226e-05, -1.91589e-05, -1.91522e-05, 0.000126416, 1.01819, 0.000227787, -0.292151, 0.000234948
161.202, 0.97488, -29.0224, 0.992142, -29.0232, 1.00572, -29.1103, -1.89812e-05, -1.9014e-05, -1.89962e-05, 0.000126416, 1.01819, 0.000227489, -0.292151, 0.000234998
161.252, 0.97488, -29.0428, 0.992142, -29.0436, 1.00572, -29.1307, -1.88708e-05, -1.88945e-05, -1.88925e-05, 0.000126416, 1.01819, 0.000227608, -0.292151, 0.000235033
161.302, 0.97488, -29.0632, 0.992142, -29.0639, 1.00572, -29.1511, -1.87869e-05, -1.88043e-05, -1.88093e-05, 0.000126416, 1.01819, 0.000227623, -0.292151, 0.000235055
161.353, 0.97488, -29.0834, 0.992142, -29.0842, 1.00572, -29.1713, -1.86468e-05, -1.86623e-05, -1.86622e-05, 0.000126416, 1.01819, 0.000227667, -0.292151, 0.000235064
161.403, 0.97488, -29.1035, 0.992142, -29.1043, 1.00572, -29.1914, -1.86841e-05, -1.87002e-05, -1.86979e-05, 0.000126416, 1.01819, 0.000227734, -0.292151, 0.000235059
161.453, 0.97488, -29.1235, 0.992142, -29.1243, 1.00572, -29.2114, -1.84436e-05, -1.84208e-05, -1.84537e-05, 0.000126416, 1.01819, 0.000227734, -0.292151, 0.000235043
161.504, 0.97488, -29.1435, 0.992142, -29.1443, 1.00572, -29.2314, -1.83137e-05, -1.83243e-05, -1.83235e-05, 0.000126416, 1.01819, 0.000227675, -0.292151, 0.000235013
161.554, 0.97488, -29.1633, 0.992142, -29.1641, 1.00572, -29.2512, -1.83534e-05, -1.83454e-05, -1.83595e-05, 0.000126416, 1.01819, 0.000227816, -0.292151, 0.000234973
161.605, 0.97488, -29.183, 0.992142, -29.1838, 1.00572, -29.2709, -1.81747e-05, -1.8162e-05, -1.81834e-05, 0.000126416, 1.01819, 0.000227682, -0.29215, 0.00023492
161.655, 0.97488, -29.2026, 0.992142, -29.2034, 1.00572, -29.2905, -1.81824e-05, -1.81664e-05, -1.8195e-05, 0.000126416, 1.01819, 0.000227846, -0.292151, 0.000234857
161.705, 0.97488, -29.2221, 0.992142, -29.2229, 1.00572, -29.31, -1.79965e-05, -1.79911e-05, -1.80098e-05, 0.000126416, 1.01819, 0.000227623, -0.292151, 0.000234783
161.756, 0.97488, -29.2415, 0.992142, -29.2423, 1.00572, -29.3294, -1.78752e-05, -1.78988e-05, -1.78995e-05, 0.000126416, 1.01819, 0.00022766, -0.292151, 0.000234698
161.806, 0.97488, -29.2608, 0.992142, -29.2616, 1.00572, -29.3487, -1.79015e-05, -1.78967e-05, -1.78908e-05, 0.000126416, 1.01819, 0.000227563, -0.292151, 0.000234604
161.856, 0.97488, -29.28, 0.992142, -29.2808, 1.00572, -29.3679, -1.77282e-05, -1.77229e-05, -1.77058e-05, 0.000126416, 1.01819, 0.000227064, -0.292151, 0.000234499
161.907, 0.97488, -29.2991, 0.992142, -29.2999, 1.00572, -29.387, -1.76904e-05, -1.76753e-05, -1.76999e-05, 0.000126416, 1.01819, 0.000227392, -0.292151, 0.000234385
161.957, 0.97488, -29.3181, 0.992142, -29.3189, 1.00572, -29.406, -1.75237e-05, -1.75152e-05, -1.75388e-05, 0.000126416, 1.01819, 0.0002276, -0.292151, 0.000234262
162, 0.97488, -29.3344, 0.992142, -29.3352, 1.00572, -29.4223, -1.75448e-05, -1.75293e-05, -1.7518e-05, 0.000126416, 1.01819, 0.000227779, -0.292151, 0.000234149
162, 0.97488, -29.3344, 0.992142, -29.3352, 1.00572, -29.4223, -1.75448e-05, -1.75293e-05, -1.7518e-05, 0.000133434, 1.01819, 0.000227779, -0.292151, 0.000234149
162.051, 0.97488, -29.3532, 0.992142, -29.354, 1.00572, -29.4411, -1.74012e-05, -1.73873e-05, -1.74189e-05, 0.000133434, 1.01819, 0.000227749, -0.292151, 0.000234182
162.101, 0.97488, -29.3719, 0.992142, -29.3727, 1.00572, -29.4598, -1.72789e-05, -1.72598e-05, -1.72591e-05, 0.000133434, 1.01819, 0.000227533, -0.292151, 0.000234202
162.151, 0.97488, -29.3905, 0.992142, -29.3913, 1.00572, -29.4784, -1.7218e-05, -1.724e-05, -1.72714e-05, 0.000133434, 1.01819, 0.000227563, -0.292151, 0.000234209
162.202, 0.97488, -29.4091, 0.992142, -29.4098, 1.00572, -29.497, -1.7102e-05, -1.70891e-05, -1.70847e-05, 0.000133434, 1.01819, 0.000227563, -0.292151, 0.000234203
162.252, 0.97488, -29.4275, 0.992142, -29.4283, 1.00572, -29.5154, -1.70619e-05, -1.70887e-05, -1.70817e-05, 0.000133434, 1.01819, 0.000227615, -0.292151, 0.000234185
162.302, 0.97488, -29.4458, 0.992142, -29.4466, 1.00572, -29.5337, -1.69022e-05, -1.69405e-05, -1.69314e-05, 0.000133434, 1.01819, 0.000227436, -0.292151, 0.000234155
162.353, 0.97488, -29.4641, 0.992142, -29.4649, 1.00572, -29.552, -1.69008e-05, -1.69293e-05, -1.69088e-05, 0.000133434, 1.01819, 0.000227511, -0.292151, 0.000234114
162.403, 0.97488, -29.4822, 0.992142, -29.483, 1.00572, -29.5701, -1.67569e-05, -1.67364e-05, -1.67284e-05, 0.000133434, 1.01819, 0.000227571, -0.292151, 0.000234061
162.454, 0.97488, -29.5003, 0.992142, -29.5011, 1.00572, -29.5882, -1.66157e-05, -1.6639e-05, -1.66313e-05, 0.000133434, 1.01819, 0.000227362, -0.292151, 0.000233998
162.504, 0.97488, -29.5182, 0.992142, -29.519, 1.00572, -29.6061, -1.6598e-05, -1.6631e-05, -1.66267e-05, 0.000133434, 1.01819, 0.000227585, -0.292151, 0.000233925
162.554, 0.97488, -29.5361, 0.992142, -29.5369, 1.00572, -29.624, -1.63989e-05, -1.64326e-05, -1.64244e-05, 0.000133434, 1.01819, 0.000227541, -0.292151, 0.000233842
162.605, 0.97488, -29.5539, 0.992142, -29.5546, 1.00572, -29.6418, -1.64465e-05, -1.64307e-05, -1.64173e-05, 0.000133434, 1.01819, 0.000227347, -0.292151, 0.000233749
162.655, 0.97488, -29.5716, 0.992142, -29.5723, 1.00572, -29.6595, -1.62859e-05, -1.62786e-05, -1.63143e-05, 0.000133434, 1.01819, 0.000227466, -0.292151, 0.000233646
162.705, 0.97488, -29.5891, 0.992142, -29.5899, 1.00572, -29.677, -1.62885e-05, -1.62864e-05, -1.62773e-05, 0.000133434, 1.01819, 0.000227749, -0.292151, 0.000233535
162.756, 0.97488, -29.6066, 0.992142, -29.6074, 1.00572, -29.6945, -1.61437e-05, -1.61597e-05, -1.61543e-05, 0.000133434, 1.01819, 0.000228062, -0.29215, 0.000233415
162.806, 0.97488, -29.6241, 0.992142, -29.6248, 1.00572, -29.712, -1.61222e-05, -1.61584e-05, -1.61355e-05, 0.000133434, 1.01819, 0.000227913, -0.292151, 0.000233286
162.856, 0.97488, -29.6414, 0.992142, -29.6422, 1.00572, -29.7293, -1.59233e-05, -1.59483e-05, -1.59556e-05, 0.000133434, 1.01819, 0.000227511, -0.29215, 0.000233149
162.907, 0.97488, -29.6586, 0.992142, -29.6594, 1.00572, -29.7465, -1.59193e-05, -1.59284e-05, -1.59316e-05, 0.000133434, 1.01819, 0.000227854, -0.292151, 0.000233005
162.957, 0.97488, -29.6758, 0.992142, -29.6765, 1.00572, -29.7637, -1.57946e-05, -1.57838e-05, -1.57747e-05, 0.000133434, 1.01819, 0.000227466, -0.292151, 0.000232852
163, 0.97488, -29.6905, 0.992142, -29.6912, 1.00572, -29.7783, -1.58194e-05, -1.57956e-05, -1.57888e-05, 0.000133434, 1.01819, 0.000227556, -0.292151, 0.000232716
163, 0.97488, -29.6905, 0.992142, -29.6912, 1.00572, -29.7783, -1.58194e-05, -1.57956e-05, -1.57888e-05, 0.000133434, 1.01819, 0.000227556, -0.292151, 0.000232715
163.051, 0.97488, -29.7074, 0.992142, -29.7082, 1.00572, -29.7953, -1.56209e-05, -1.56003e-05, -1.55973e-05, 0.000133434, 1.01819, 0.000227541, -0.292151, 0.00023255
163.101, 0.97488, -29.7243, 0.992142, -29.7251, 1.00572, -29.8122, -1.56663e-05, -1.56531e-05, -1.56461e-05, 0.000133434, 1.01819, 0.000227571, -0.292151, 0.000232377
163.151, 0.97488, -29.7412, 0.992142, -29.7419, 1.00572, -29.8291, -1.54529e-05, -1.54662e-05, -1.54833e-05, 0.000133434, 1.01819, 0.000227571, -0.292151, 0.000232198
163.202, 0.97488, -29.7579, 0.992142, -29.7587, 1.00572, -29.8458, -1.54839e-05, -1.54742e-05, -1.55149e-05, 0.000133434, 1.01819, 0.000227198, -0.292151, 0.000232012
163.252, 0.97488, -29.7745, 0.992142, -29.7753, 1.00572, -29.8624, -1.537e-05, -1.5357e-05, -1.53484e-05, 0.000133434, 1.01819, 0.000227645, -0.292151, 0.00023182
163.302, 0.97488, -29.7911, 0.992142, -29.7919, 1.00572, -29.879, -1.53264e-05, -1.52827e-05, -1.52717e-05, 0.000133434, 1.01819, 0.000228196, -0.29215, 0.000231621
163.353, 0.97488, -29.8076, 0.992142, -29.8084, 1.00572, -29.8955, -1.51783e-05, -1.51518e-05, -1.51577e-05, 0.000133434, 1.01819, 0.000227302, -0.292151, 0.000231418
163.403, 0.97488, -29.824, 0.992142, -29.8248, 1.00572, -29.9119, -1.5144e-05, -1.51702e-05, -1.51166e-05, 0.000133434, 1.01819, 0.000227839, -0.292151, 0.000231208
163.454, 0.97488, -29.8404, 0.992142, -29.8411, 1.00572, -29.9283, -1.50178e-05, -1.50167e-05, -1.50081e-05, 0.000133434, 1.01819, 0.000227734, -0.292151, 0.000230993
163.504, 0.97488, -29.8566, 0.992142, -29.8574, 1.00572, -29.9445, -1.49802e-05, -1.49532e-05, -1.49927e-05, 0.000133434, 1.01819, 0.000227496, -0.292151, 0.000230773
163.554, 0.97488, -29.8728, 0.992142, -29.8736, 1.00572, -29.9607, -1.50459e-05, -1.49775e-05, -1.50149e-05, 0.000133434, 1.01819, 0.00022769, -0.29215, 0.000230548
163.605, 0.974879, -29.8889, 0.99214, -29.8896, 1.00572, -29.9768, -1.48534e-05, -1.48759e-05, -1.48381e-05, 0.000133434, 1.01819, 0.000227854, -0.29215, 0.000230318
163.655, 0.974876, -29.9049, 0.992137, -29.9057, 1.00571, -29.9928, -1.48622e-05, -1.48395e-05, -1.48276e-05, 0.000133434, 1.01819, 0.000227705, -0.292148, 0.000230084
163.705, 0.974872, -29.9209, 0.992134, -29.9216, 1.00571, -30.0087, -1.47181e-05, -1.47328e-05, -1.47332e-05, 0.000133434, 1.01819, 0.000227302, -0.292146, 0.000229845
163.756, 0.974869, -29.9367, 0.992131, -29.9375, 1.00571, -30.0246, -1.46729e-05, -1.46954e-05, -1.46936e-05, 0.000133434, 1.01819, 0.00022766, -0.292144, 0.000229602
163.806, 0.974868, -29.9526, 0.992129, -29.9533, 1.0057, -30.0405, -1.4554e-05, -1.45782e-05, -1.45685e-05, 0.000133434, 1.01819, 0.000227794, -0.292143, 0.000229354
163.856, 0.974868, -29.9683, 0.992129, -29.969, 1.0057, -30.0562, -1.45475e-05, -1.45675e-05, -1.45652e-05, 0.000133434, 1.01819, 0.000227198, -0.292144, 0.000229103
163.907, 0.974868, -29.984, 0.992129, -29.9848, 1.0057, -30.0719, -1.4578e-05, -1.4566e-05, -1.4531e-05, 0.000133434, 1.01819, 0.000227064, -0.292144, 0.000228848
163.957, 0.974868, -29.9995, 0.992129, -30.0003, 1.0057, -30.0874, -1.43824e-05, -1.43675e-05, -1.43592e-05, 0.000133434, 1.01819, 0.000227332, -0.292144, 0.00022859
164, 0.974868, -30.0129, 0.992129, -30.0137, 1.0057, -30.1008, -1.44051e-05, -1.44312e-05, -1.4381e-05, 0.000133434, 1.01819, 0.000227541, -0.292143, 0.000228365
164, 0.974868, -30.0129, 0.992129, -30.0137, 1.0057, -30.1008, -1.44051e-05, -1.44312e-05, -1.4381e-05, 0.000133434, 1.01819, 0.000227541, -0.292143, 0.000228364
164.051, 0.974868, -30.0284, 0.992129, -30.0292, 1.0057, -30.1163, -1.42146e-05, -1.42593e-05, -1.42404e-05, 0.000133434, 1.01819, 0.000227198, -0.292144, 0.0002281
164.101, 0.974868, -30.0438, 0.992129, -30.0445, 1.0057, -30.1317, -1.42681e-05, -1.42395e-05, -1.42368e-05, 0.000133434, 1.01819, 0.000227615, -0.292143, 0.000227832
164.151, 0.974868, -30.0591, 0.992129, -30.0599, 1.00571, -30.147, -1.41875e-05, -1.42126e-05, -1.42035e-05, 0.000133434, 1.01819, 0.000227526, -0.292143, 0.000227561
164.202, 0.974868, -30.0744, 0.992129, -30.0752, 1.0057, -30.1623, -1.40273e-05, -1.40403e-05, -1.40367e-05, 0.000133434, 1.01819, 0.0002276, -0.292143, 0.000227288
164.252, 0.974866, -30.0896, 0.992127, -30.0904, 1.0057, -30.1775, -1.40825e-05, -1.40588e-05, -1.41029e-05, 0.000133434, 1.01819, 0.00022763, -0.292143, 0.000227011
164.303, 0.974862, -30.1048, 0.992124, -30.1056, 1.0057, -30.1927, -1.40851e-05, -1.40651e-05, -1.40521e-05, 0.000133434, 1.01819, 0.000227302, -0.29214, 0.000226732
164.353, 0.974859, -30.1198, 0.992121, -30.1206, 1.0057, -30.2077, -1.39144e-05, -1.39382e-05, -1.39298e-05, 0.000133434, 1.01819, 0.000227258, -0.292139, 0.000226451
164.403, 0.974859, -30.1349, 0.99212, -30.1356, 1.0057, -30.2228, -1.38688e-05, -1.38486e-05, -1.38824e-05, 0.000133434, 1.01819, 0.000227705, -0.292138, 0.000226167
164.454, 0.974859, -30.1499, 0.99212, -30.1507, 1.0057, -30.2378, -1.39605e-05, -1.39927e-05, -1.39859e-05, 0.000133434, 1.01819, 0.000227794, -0.292138, 0.000225882
164.504, 0.974859, -30.1647, 0.99212, -30.1655, 1.0057, -30.2526, -1.38058e-05, -1.37881e-05, -1.37698e-05, 0.000133434, 1.01819, 0.000227392, -0.292138, 0.000225594
164.554, 0.974859, -30.1796, 0.99212, -30.1804, 1.0057, -30.2675, -1.3783e-05, -1.37686e-05, -1.37554e-05, 0.000133434, 1.01819, 0.000227481, -0.292139, 0.000225304
164.605, 0.974859, -30.1945, 0.99212, -30.1952, 1.0057, -30.2823, -1.37587e-05, -1.37351e-05, -1.3728e-05, 0.000133434, 1.01819, 0.000227168, -0.292138, 0.000225013
164.655, 0.974859, -30.2091, 0.99212, -30.2099, 1.0057, -30.297, -1.36134e-05, -1.36413e-05, -1.36157e-05, 0.000133434, 1.01819, 0.000227645, -0.292138, 0.00022472
164.705, 0.974859, -30.2238, 0.99212, -30.2246, 1.0057, -30.3117, -1.36335e-05, -1.36381e-05, -1.36165e-05, 0.000133434, 1.01819, 0.000227809, -0.292138, 0.000224426
164.756, 0.974859, -30.2385, 0.99212, -30.2393, 1.0057, -30.3264, -1.35957e-05, -1.35705e-05, -1.3589e-05, 0.000133434, 1.01819, 0.000227466, -0.292138, 0.00022413
164.806, 0.974859, -30.2531, 0.99212, -30.2539, 1.0057, -30.341, -1.34144e-05, -1.34354e-05, -1.34152e-05, 0.000133434, 1.01819, 0.000227809, -0.292138, 0.000223833
164.856, 0.974859, -30.2676, 0.99212, -30.2684, 1.0057, -30.3555, -1.34843e-05, -1.34287e-05, -1.34461e-05, 0.000133434, 1.01819, 0.000227571, -0.292138, 0.000223535
164.907, 0.974859, -30.2821, 0.99212, -30.2829, 1.0057, -30.37, -1.34628e-05, -1.34416e-05, -1.34248e-05, 0.000133434, 1.01819, 0.000227317, -0.292138, 0.000223235
164.957, 0.974859, -30.2966, 0.99212, -30.2974, 1.0057, -30.3845, -1.32966e-05, -1.32772e-05, -1.32758e-05, 0.000133434, 1.01819, 0.000227273, -0.292138, 0.000222935
165, 0.974859, -30.3089, 0.99212, -30.3097, 1.0057, -30.3968, -1.32641e-05, -1.32816e-05, -1.32361e-05, 0.000133434, 1.01819, 0.000227287, -0.292138, 0.000222676
165, 0.974859, -30.3089, 0.99212, -30.3097, 1.0057, -30.3968, -1.32641e-05, -1.32816e-05, -1.32361e-05, 0.000133434, 1.01819, 0.000227287, -0.292138, 0.000222675
165.051, 0.974857, -30.3233, 0.992118, -30.324, 1.00569, -30.4112, -1.32653e-05, -1.32748e-05, -1.32312e-05, 0.000133434, 1.01819, 0.000227973, -0.292137, 0.000222375
165.101, 0.974857, -30.3376, 0.992118, -30.3384, 1.00569, -30.4255, -1.32797e-05, -1.32966e-05, -1.32563e-05, 0.000133434, 1.01819, 0.000227302, -0.292137, 0.000222073
165.151, 0.974857, -30.3519, 0.992118, -30.3527, 1.00569, -30.4398, -1.30685e-05, -1.30562e-05, -1.31004e-05, 0.000133434, 1.01819, 0.000227451, -0.292137, 0.00022177
165.202, 0.974857, -30.3661, 0.992118, -30.3668, 1.00569, -30.454, -1.30767e-05, -1.3062e-05, -1.30441e-05, 0.000133434, 1.01819, 0.000227645, -0.292137, 0.000221467
165.252, 0.974857, -30.3802, 0.992118, -30.381, 1.00569, -30.4681, -1.30886e-05, -1.31177e-05, -1.31081e-05, 0.000133434, 1.01819, 0.000227466, -0.292138, 0.000221164
165.303, 0.974856, -30.3944, 0.992117, -30.3952, 1.00569, -30.4823, -1.30881e-05, -1.31062e-05, -1.31061e-05, 0.000133434, 1.01819, 0.000227362, -0.292137, 0.000220861
165.353, 0.974856, -30.4085, 0.992117, -30.4093, 1.00569, -30.4964, -1.29599e-05, -1.29491e-05, -1.29717e-05, 0.000133434, 1.01819, 0.000227839, -0.292136, 0.000220557
165.403, 0.974855, -30.4225, 0.992117, -30.4233, 1.00569, -30.5104, -1.30001e-05, -1.29763e-05, -1.29644e-05, 0.000133434, 1.01819, 0.00022772, -0.292136, 0.000220253
165.454, 0.974855, -30.4365, 0.992116, -30.4373, 1.00569, -30.5244, -1.29943e-05, -1.29427e-05, -1.29795e-05, 0.000133434, 1.01819, 0.0002276, -0.292135, 0.00021995
165.504, 0.974855, -30.4505, 0.992116, -30.4513, 1.00569, -30.5384, -1.2954e-05, -1.29434e-05, -1.29374e-05, 0.000133434, 1.01819, 0.000227481, -0.292135, 0.000219647
165.554, 0.974855, -30.4645, 0.992116, -30.4653, 1.00569, -30.5524, -1.29649e-05, -1.29529e-05, -1.2975e-05, 0.000133434, 1.01819, 0.000227764, -0.292135, 0.000219344
165.605, 0.974854, -30.4784, 0.992115, -30.4792, 1.00569, -30.5663, -1.2842e-05, -1.28316e-05, -1.28127e-05, 0.000133434, 1.01819, 0.000227779, -0.292135, 0.000219041
165.655, 0.974854, -30.4923, 0.992115, -30.493, 1.00569, -30.5802, -1.28209e-05, -1.28103e-05, -1.27966e-05, 0.000133434, 1.01819, 0.000227645, -0.292135, 0.000218739
165.705, 0.974854, -30.5061, 0.992115, -30.5069, 1.00569, -30.594, -1.27851e-05, -1.27788e-05, -1.28069e-05, 0.000133434, 1.01819, 0.0002276, -0.292135, 0.000218438
165.756, 0.974853, -30.5199, 0.992114, -30.5207, 1.00569, -30.6078, -1.27894e-05, -1.27785e-05, -1.28106e-05, 0.000133434, 1.01819, 0.000227496, -0.292135, 0.000218137
165.806, 0.974853, -30.5338, 0.992114, -30.5345, 1.00569, -30.6217, -1.28045e-05, -1.27832e-05, -1.28262e-05, 0.000133434, 1.01819, 0.000227436, -0.292135, 0.000217837
165.856, 0.974853, -30.5475, 0.992114, -30.5483, 1.00569, -30.6354, -1.26459e-05, -1.26744e-05, -1.26677e-05, 0.000133434, 1.01819, 0.00022763, -0.292134, 0.000217537
165.907, 0.974852, -30.5612, 0.992113, -30.562, 1.00569, -30.6491, -1.26762e-05, -1.26607e-05, -1.2654e-05, 0.000133434, 1.01819, 0.000227585, -0.292134, 0.000217239
165.957, 0.974852, -30.5749, 0.992113, -30.5756, 1.00569, -30.6628, -1.26653e-05, -1.26913e-05, -1.26842e-05, 0.000133434, 1.01819, 0.000227556, -0.292134, 0.000216941
166, 0.974852, -30.5866, 0.992113, -30.5874, 1.00569, -30.6745, -1.26181e-05, -1.26457e-05, -1.26151e-05, 0.000133434, 1.01819, 0.00022769, -0.292134, 0.000216686
166, 0.974852, -30.5866, 0.992113, -30.5874, 1.00569, -30.6745, -1.26181e-05, -1.26457e-05, -1.26151e-05, 0.000133434, 1.01819, 0.00022769, -0.292134, 0.000216685
166.051, 0.974851, -30.6003, 0.992112, -30.601, 1.00569, -30.6882, -1.26247e-05, -1.26493e-05, -1.26372e-05, 0.000133434, 1.01819, 0.00022763, -0.292134, 0.000216391
166.101, 0.974851, -30.6139, 0.992112, -30.6147, 1.00569, -30.7018, -1.26679e-05, -1.26681e-05, -1.26794e-05, 0.000133434, 1.01819, 0.00022763, -0.292133, 0.000216096
166.152, 0.974851, -30.6276, 0.992112, -30.6284, 1.00569, -30.7155, -1.26344e-05, -1.26372e-05, -1.26494e-05, 0.000133434, 1.01819, 0.0002276, -0.292133, 0.000215803
166.202, 0.974851, -30.6411, 0.992112, -30.6419, 1.00569, -30.729, -1.25177e-05, -1.25112e-05, -1.24831e-05, 0.000133434, 1.01819, 0.000227734, -0.292133, 0.000215511
166.252, 0.97485, -30.6546, 0.992112, -30.6554, 1.00569, -30.7425, -1.24756e-05, -1.2499e-05, -1.24858e-05, 0.000133434, 1.01819, 0.000227749, -0.292133, 0.000215221
166.303, 0.97485, -30.6681, 0.992111, -30.6689, 1.00569, -30.756, -1.24794e-05, -1.24532e-05, -1.25109e-05, 0.000133434, 1.01819, 0.000227302, -0.292133, 0.000214932
166.353, 0.97485, -30.6816, 0.992111, -30.6824, 1.00569, -30.7695, -1.24489e-05, -1.24684e-05, -1.25178e-05, 0.000133434, 1.01819, 0.000227317, -0.292133, 0.000214644
166.403, 0.97485, -30.6951, 0.992111, -30.6959, 1.00569, -30.783, -1.2483e-05, -1.25125e-05, -1.24841e-05, 0.000133434, 1.01819, 0.000227764, -0.292133, 0.000214358
166.454, 0.974849, -30.7086, 0.99211, -30.7094, 1.00569, -30.7965, -1.25037e-05, -1.25378e-05, -1.25223e-05, 0.000133434, 1.01819, 0.000227392, -0.292132, 0.000214074
166.504, 0.974849, -30.7221, 0.99211, -30.7228, 1.00569, -30.81, -1.24624e-05, -1.24976e-05, -1.24683e-05, 0.000133434, 1.01819, 0.000227794, -0.292132, 0.000213791
166.554, 0.974849, -30.7356, 0.99211, -30.7363, 1.00569, -30.8235, -1.24615e-05, -1.2444e-05, -1.24466e-05, 0.000133434, 1.01819, 0.000227407, -0.292132, 0.000213511
166.605, 0.974849, -30.749, 0.99211, -30.7498, 1.00569, -30.8369, -1.24892e-05, -1.25178e-05, -1.25042e-05, 0.000133434, 1.01819, 0.000227436, -0.292132, 0.000213232
166.655, 0.974849, -30.7624, 0.992109, -30.7632, 1.00569, -30.8503, -1.23227e-05, -1.23108e-05, -1.23024e-05, 0.000133434, 1.01819, 0.000227332, -0.292132, 0.000212954
166.705, 0.974848, -30.7757, 0.992109, -30.7765, 1.00568, -30.8636, -1.22944e-05, -1.22692e-05, -1.23068e-05, 0.000133434, 1.01819, 0.000227422, -0.292131, 0.000212679
166.756, 0.974848, -30.789, 0.992109, -30.7898, 1.00568, -30.8769, -1.23318e-05, -1.23005e-05, -1.23369e-05, 0.000133434, 1.01819, 0.000227436, -0.292132, 0.000212406
166.806, 0.974848, -30.8023, 0.992109, -30.8031, 1.00568, -30.8902, -1.2331e-05, -1.23625e-05, -1.23606e-05, 0.000133434, 1.01819, 0.000227526, -0.292131, 0.000212134
166.856, 0.974848, -30.8157, 0.992108, -30.8164, 1.00568, -30.9036, -1.22893e-05, -1.23216e-05, -1.22977e-05, 0.000133434, 1.01819, 0.000228003, -0.292131, 0.000211865
166.907, 0.974847, -30.829, 0.992108, -30.8298, 1.00568, -30.9169, -1.23362e-05, -1.23264e-05, -1.23648e-05, 0.000133434, 1.01819, 0.000227615, -0.292131, 0.000211598
166.957, 0.974847, -30.8423, 0.992108, -30.8431, 1.00568, -30.9302, -1.23208e-05, -1.23497e-05, -1.23143e-05, 0.000133434, 1.01819, 0.000227243, -0.292131, 0.000211333
167, 0.974847, -30.8538, 0.992108, -30.8545, 1.00568, -30.9417, -1.23795e-05, -1.23632e-05, -1.23327e-05, 0.000133434, 1.01819, 0.000227675, -0.292131, 0.000211107
167, 0.974847, -30.8538, 0.992108, -30.8545, 1.00568, -30.9417, -1.23795e-05, -1.23632e-05, -1.23327e-05, 0.000133434, 1.01819, 0.000227675, -0.292131, 0.000211106
167.051, 0.974847, -30.8671, 0.992108, -30.8679, 1.00568, -30.955, -1.23666e-05, -1.23363e-05, -1.23947e-05, 0.000133434, 1.01819, 0.000227675, -0.292131, 0.000210846
167.101, 0.974847, -30.8804, 0.992108, -30.8812, 1.00568, -30.9683, -1.22836e-05, -1.23143e-05, -1.23148e-05, 0.000133434, 1.01819, 0.000227377, -0.292131, 0.000210588
167.152, 0.974847, -30.8937, 0.992108, -30.8945, 1.00568, -30.9816, -1.23348e-05, -1.23721e-05, -1.2357e-05, 0.000133434, 1.01819, 0.000227392, -0.292131, 0.000210332
167.202, 0.974846, -30.907, 0.992107, -30.9078, 1.00568, -30.9949, -1.23265e-05, -1.23138e-05, -1.23459e-05, 0.000133434, 1.01819, 0.000227481, -0.292131, 0.000210078
167.252, 0.974846, -30.9204, 0.992107, -30.9211, 1.00568, -31.0082, -1.23364e-05, -1.23506e-05, -1.23552e-05, 0.000133434, 1.01819, 0.000227481, -0.292131, 0.000209827
167.303, 0.974846, -30.9337, 0.992107, -30.9344, 1.00568, -31.0216, -1.23241e-05, -1.23439e-05, -1.23497e-05, 0.000133434, 1.01819, 0.0002276, -0.292131, 0.000209578
167.353, 0.974846, -30.947, 0.992107, -30.9478, 1.00568, -31.0349, -1.23642e-05, -1.23978e-05, -1.23799e-05, 0.000133434, 1.01819, 0.00022769, -0.29213, 0.000209332
167.403, 0.974846, -30.9603, 0.992107, -30.9611, 1.00568, -31.0482, -1.23426e-05, -1.2333e-05, -1.23172e-05, 0.000133434, 1.01819, 0.000227287, -0.292131, 0.000209088
167.454, 0.974846, -30.9736, 0.992107, -30.9744, 1.00568, -31.0615, -1.23532e-05, -1.23351e-05, -1.2334e-05, 0.000133434, 1.01819, 0.000227764, -0.292131, 0.000208846
167.504, 0.974846, -30.9869, 0.992107, -30.9877, 1.00568, -31.0748, -1.22766e-05, -1.22667e-05, -1.22543e-05, 0.000133434, 1.01819, 0.000227496, -0.29213, 0.000208608
167.554, 0.974846, -31.0003, 0.992107, -31.001, 1.00568, -31.0882, -1.23264e-05, -1.23184e-05, -1.23481e-05, 0.000133434, 1.01819, 0.000227585, -0.29213, 0.000208372
167.605, 0.974846, -31.0136, 0.992107, -31.0144, 1.00568, -31.1015, -1.23648e-05, -1.23462e-05, -1.23439e-05, 0.000133434, 1.01819, 0.0002276, -0.292131, 0.000208138
167.655, 0.974846, -31.0269, 0.992107, -31.0277, 1.00568, -31.1148, -1.23683e-05, -1.23589e-05, -1.23434e-05, 0.000133434, 1.01819, 0.00022769, -0.29213, 0.000207907
167.705, 0.974846, -31.0402, 0.992107, -31.041, 1.00568, -31.1281, -1.23342e-05, -1.23064e-05, -1.23494e-05, 0.000133434, 1.01819, 0.000227779, -0.29213, 0.000207679
167.756, 0.974846, -31.0535, 0.992107, -31.0543, 1.00568, -31.1414, -1.23228e-05, -1.23089e-05, -1.23478e-05, 0.000133434, 1.01819, 0.000227422, -0.29213, 0.000207454
167.806, 0.974845, -31.0669, 0.992106, -31.0676, 1.00568, -31.1548, -1.23742e-05, -1.23597e-05, -1.23565e-05, 0.000133434, 1.01819, 0.000227481, -0.29213, 0.000207231
167.856, 0.974845, -31.0802, 0.992106, -31.081, 1.00568, -31.1681, -1.23233e-05, -1.22703e-05, -1.22883e-05, 0.000133434, 1.01819, 0.000227958, -0.29213, 0.000207012
167.907, 0.974845, -31.0935, 0.992106, -31.0943, 1.00568, -31.1814, -1.23324e-05, -1.23051e-05, -1.22979e-05, 0.000133434, 1.01819, 0.000228047, -0.29213, 0.000206795
167.957, 0.974845, -31.1068, 0.992106, -31.1076, 1.00568, -31.1947, -1.2318e-05, -1.23511e-05, -1.23718e-05, 0.000133434, 1.01819, 0.000227287, -0.29213, 0.00020658
168.001, 0.974845, -31.1183, 0.992106, -31.119, 1.00568, -31.2062, -1.23132e-05, -1.23037e-05, -1.22973e-05, 0.000133434, 1.01819, 0.000227705, -0.29213, 0.000206399
168.001, 0.974845, -31.1183, 0.992106, -31.119, 1.00568, -31.2062, -1.23132e-05, -1.23037e-05, -1.22973e-05, 0.000133434, 1.01819, 0.000227705, -0.29213, 0.000206397
168.051, 0.974845, -31.1316, 0.992106, -31.1324, 1.00568, -31.2195, -1.2307e-05, -1.23036e-05, -1.22929e-05, 0.000133434, 1.01819, 0.000227407, -0.29213, 0.00020619
168.101, 0.974845, -31.1449, 0.992106, -31.1457, 1.00568, -31.2328, -1.23656e-05, -1.23904e-05, -1.23415e-05, 0.000133434, 1.01819, 0.000227898, -0.29213, 0.000205984
168.152, 0.974845, -31.1582, 0.992106, -31.159, 1.00568, -31.2461, -1.23506e-05, -1.23787e-05, -1.23756e-05, 0.000133434, 1.01819, 0.000227138, -0.29213, 0.000205781
168.202, 0.974845, -31.1715, 0.992106, -31.1723, 1.00568, -31.2594, -1.2342e-05, -1.23351e-05, -1.23212e-05, 0.000133434, 1.01819, 0.00022769, -0.292129, 0.00020558
168.252, 0.974845, -31.1849, 0.992106, -31.1856, 1.00568, -31.2728, -1.23662e-05, -1.23113e-05, -1.23335e-05, 0.000133434, 1.01819, 0.000227287, -0.29213, 0.000205383
168.303, 0.974845, -31.1982, 0.992106, -31.199, 1.00568, -31.2861, -1.23708e-05, -1.23426e-05, -1.23329e-05, 0.000133434, 1.01819, 0.000227377, -0.29213, 0.000205189
168.353, 0.974845, -31.2115, 0.992106, -31.2123, 1.00568, -31.2994, -1.23224e-05, -1.23103e-05, -1.23368e-05, 0.000133434, 1.01819, 0.000227481, -0.29213, 0.000204997
168.403, 0.974845, -31.2248, 0.992106, -31.2256, 1.00568, -31.3127, -1.23558e-05, -1.23435e-05, -1.23419e-05, 0.000133434, 1.01819, 0.000227585, -0.29213, 0.000204809
168.454, 0.974845, -31.2381, 0.992106, -31.2389, 1.00568, -31.326, -1.23227e-05, -1.22983e-05, -1.2277e-05, 0.000133434, 1.01819, 0.000227705, -0.29213, 0.000204624
168.504, 0.974845, -31.2515, 0.992106, -31.2522, 1.00568, -31.3394, -1.23301e-05, -1.23101e-05, -1.23087e-05, 0.000133434, 1.01819, 0.000227392, -0.292129, 0.000204441
168.554, 0.974845, -31.2648, 0.992106, -31.2656, 1.00568, -31.3527, -1.22924e-05, -1.23248e-05, -1.23049e-05, 0.000133434, 1.01819, 0.000227869, -0.29213, 0.000204261
168.605, 0.974845, -31.2781, 0.992106, -31.2789, 1.00568, -31.366, -1.23654e-05, -1.23447e-05, -1.23423e-05, 0.000133434, 1.01819, 0.000227585, -0.292129, 0.000204085
168.655, 0.974845, -31.2914, 0.992106, -31.2922, 1.00568, -31.3793, -1.22956e-05, -1.23138e-05, -1.23018e-05, 0.000133434, 1.01819, 0.000228062, -0.29213, 0.000203911
168.705, 0.974845, -31.3047, 0.992106, -31.3055, 1.00568, -31.3926, -1.23075e-05, -1.2295e-05, -1.22887e-05, 0.000133434, 1.01819, 0.000227749, -0.29213, 0.000203741
168.756, 0.974845, -31.3181, 0.992106, -31.3188, 1.00568, -31.406, -1.23592e-05, -1.23413e-05, -1.2381e-05, 0.000133434, 1.01819, 0.000227854, -0.29213, 0.000203573
168.806, 0.974845, -31.3314, 0.992106, -31.3322, 1.00568, -31.4193, -1.24908e-05, -1.24653e-05, -1.24205e-05, 0.000133434, 1.01819, 0.000227824, -0.29213, 0.000203409
168.857, 0.974845, -31.3449, 0.992106, -31.3457, 1.00568, -31.4328, -1.25274e-05, -1.25124e-05, -1.25243e-05, 0.000133434, 1.01819, 0.000227451, -0.29213, 0.000203247
168.907, 0.974845, -31.3584, 0.992106, -31.3592, 1.00568, -31.4463, -1.24425e-05, -1.24448e-05, -1.24675e-05, 0.000133434, 1.01819, 0.000227556, -0.29213, 0.000203089
168.957, 0.974845, -31.3719, 0.992106, -31.3726, 1.00568, -31.4598, -1.24456e-05, -1.24411e-05, -1.24691e-05, 0.000133434, 1.01819, 0.000227183, -0.29213, 0.000202934
169.001, 0.974845, -31.3835, 0.992106, -31.3842, 1.00568, -31.4714, -1.24848e-05, -1.24812e-05, -1.24759e-05, 0.000133434, 1.01819, 0.000227287, -0.29213, 0.000202802
169.001, 0.974845, -31.3835, 0.992106, -31.3842, 1.00568, -31.4714, -1.24848e-05, -1.24812e-05, -1.24759e-05, 0.000133434, 1.01819, 0.000227287, -0.29213, 0.000202801
169.051, 0.974845, -31.397, 0.992106, -31.3977, 1.00568, -31.4848, -1.2536e-05, -1.25323e-05, -1.25066e-05, 0.000133434, 1.01819, 0.000227779, -0.29213, 0.000202652
169.101, 0.974845, -31.4104, 0.992106, -31.4112, 1.00568, -31.4983, -1.25052e-05, -1.24989e-05, -1.24829e-05, 0.000133434, 1.01819, 0.000227869, -0.29213, 0.000202506
169.152, 0.974845, -31.4239, 0.992106, -31.4247, 1.00568, -31.5118, -1.24553e-05, -1.24895e-05, -1.24377e-05, 0.000133434, 1.01819, 0.000227079, -0.29213, 0.000202362
169.202, 0.974845, -31.4374, 0.992106, -31.4382, 1.00568, -31.5253, -1.24918e-05, -1.25344e-05, -1.25266e-05, 0.000133434, 1.01819, 0.000227585, -0.29213, 0.000202221
169.252, 0.974845, -31.4509, 0.992106, -31.4517, 1.00568, -31.5388, -1.2529e-05, -1.25023e-05, -1.25104e-05, 0.000133434, 1.01819, 0.000227213, -0.29213, 0.000202083
169.303, 0.974845, -31.4644, 0.992106, -31.4652, 1.00568, -31.5523, -1.2478e-05, -1.24623e-05, -1.24665e-05, 0.000133434, 1.01819, 0.000227302, -0.29213, 0.000201948
169.353, 0.974845, -31.4779, 0.992106, -31.4787, 1.00568, -31.5658, -1.24705e-05, -1.25179e-05, -1.25479e-05, 0.000133434, 1.01819, 0.000227422, -0.29213, 0.000201816
169.403, 0.974845, -31.4914, 0.992106, -31.4922, 1.00568, -31.5793, -1.2608e-05, -1.26047e-05, -1.25796e-05, 0.000133434, 1.01819, 0.000227422, -0.292129, 0.000201687
169.454, 0.974845, -31.5051, 0.992106, -31.5058, 1.00568, -31.593, -1.26423e-05, -1.26559e-05, -1.26118e-05, 0.000133434, 1.01819, 0.000227839, -0.29213, 0.000201561
169.504, 0.974845, -31.5187, 0.992106, -31.5195, 1.00568, -31.6066, -1.26973e-05, -1.26561e-05, -1.27121e-05, 0.000133434, 1.01819, 0.000227466, -0.29213, 0.000201438
169.554, 0.974845, -31.5324, 0.992106, -31.5332, 1.00568, -31.6203, -1.26315e-05, -1.26567e-05, -1.26207e-05, 0.000133434, 1.01819, 0.000227109, -0.29213, 0.000201318
169.605, 0.974845, -31.546, 0.992106, -31.5468, 1.00568, -31.6339, -1.26071e-05, -1.2639e-05, -1.26301e-05, 0.000133434, 1.01819, 0.000228003, -0.29213, 0.000201201
169.655, 0.974845, -31.5597, 0.992106, -31.5605, 1.00568, -31.6476, -1.26534e-05, -1.26392e-05, -1.26554e-05, 0.000133434, 1.01819, 0.000227645, -0.29213, 0.000201087
169.705, 0.974845, -31.5734, 0.992106, -31.5741, 1.00568, -31.6613, -1.26892e-05, -1.2666e-05, -1.26518e-05, 0.000133434, 1.01819, 0.00022763, -0.29213, 0.000200976
169.756, 0.974845, -31.587, 0.992106, -31.5878, 1.00568, -31.6749, -1.26441e-05, -1.26653e-05, -1.26458e-05, 0.000133434, 1.01819, 0.000227302, -0.29213, 0.000200867
169.806, 0.974845, -31.6007, 0.992106, -31.6015, 1.00568, -31.6886, -1.26506e-05, -1.26728e-05, -1.26443e-05, 0.000133434, 1.01819, 0.000227809, -0.29213, 0.000200762
169.857, 0.974845, -31.6143, 0.992106, -31.6151, 1.00568, -31.7022, -1.26398e-05, -1.26343e-05, -1.26687e-05, 0.000133434, 1.01819, 0.000227839, -0.29213, 0.000200659
169.907, 0.974845, -31.6281, 0.992106, -31.6289, 1.00568, -31.716, -1.27893e-05, -1.27761e-05, -1.28095e-05, 0.000133434, 1.01819, 0.000227571, -0.292129, 0.00020056
169.957, 0.974845, -31.6419, 0.992106, -31.6427, 1.00568, -31.7298, -1.28347e-05, -1.28196e-05, -1.28153e-05, 0.000133434, 1.01819, 0.000227511, -0.29213, 0.000200463
170.001, 0.974845, -31.6538, 0.992106, -31.6546, 1.00568, -31.7417, -1.2799e-05, -1.28148e-05, -1.28509e-05, 0.000133434, 1.01819, 0.000227466, -0.292129, 0.000200382
170.001, 0.974845, -31.6538, 0.992106, -31.6546, 1.00568, -31.7417, -1.2799e-05, -1.28148e-05, -1.28509e-05, 0.000133434, 1.01819, 0.000227466, -0.292129, 0.000200381
170.051, 0.974845, -31.6676, 0.992106, -31.6684, 1.00568, -31.7555, -1.27463e-05, -1.27831e-05, -1.28005e-05, 0.000133434, 1.01819, 0.000227436, -0.29213, 0.00020029
170.101, 0.974845, -31.6815, 0.992106, -31.6822, 1.00568, -31.7694, -1.2827e-05, -1.28181e-05, -1.28131e-05, 0.000133434, 1.01819, 0.000227943, -0.292129, 0.000200201
170.152, 0.974845, -31.6953, 0.992106, -31.6961, 1.00568, -31.7832, -1.28003e-05, -1.27472e-05, -1.27844e-05, 0.000133434, 1.01819, 0.000227511, -0.29213, 0.000200115
170.202, 0.974845, -31.7091, 0.992106, -31.7099, 1.00568, -31.797, -1.28226e-05, -1.27967e-05, -1.27967e-05, 0.000133434, 1.01819, 0.000227138, -0.29213, 0.000200031
170.252, 0.974845, -31.723, 0.992106, -31.7237, 1.00568, -31.8109, -1.28151e-05, -1.27951e-05, -1.27894e-05, 0.000133434, 1.01819, 0.000227571, -0.29213, 0.000199951
170.303, 0.974845, -31.7368, 0.992106, -31.7376, 1.00568, -31.8247, -1.28074e-05, -1.27836e-05, -1.2779e-05, 0.000133434, 1.01819, 0.000227615, -0.29213, 0.000199873
170.353, 0.974845, -31.7507, 0.992106, -31.7515, 1.00568, -31.8386, -1.29533e-05, -1.2971e-05, -1.30073e-05, 0.000133434, 1.01819, 0.000228062, -0.292129, 0.000199798
170.403, 0.974845, -31.7647, 0.992106, -31.7655, 1.00568, -31.8526, -1.29253e-05, -1.29894e-05, -1.29806e-05, 0.000133434, 1.01819, 0.0002276, -0.29213, 0.000199725
170.454, 0.974845, -31.7787, 0.992106, -31.7795, 1.00568, -31.8666, -1.29564e-05, -1.29897e-05, -1.2948e-05, 0.000133434, 1.01819, 0.000228062, -0.292129, 0.000199655
170.504, 0.974845, -31.7927, 0.992106, -31.7935, 1.00568, -31.8806, -1.29447e-05, -1.29805e-05, -1.29744e-05, 0.000133434, 1.01819, 0.00022763, -0.29213, 0.000199588
170.554, 0.974845, -31.8067, 0.992106, -31.8075, 1.00568, -31.8946, -1.29984e-05, -1.30242e-05, -1.30173e-05, 0.000133434, 1.01819, 0.000227198, -0.29213, 0.000199524
170.605, 0.974845, -31.8207, 0.992106, -31.8215, 1.00568, -31.9086, -1.29533e-05, -1.29348e-05, -1.29349e-05, 0.000133434, 1.01819, 0.000228047, -0.29213, 0.000199462
170.655, 0.974845, -31.8347, 0.992106, -31.8355, 1.00568, -31.9226, -1.29663e-05, -1.2997e-05, -1.29769e-05, 0.000133434, 1.01819, 0.000227243, -0.29213, 0.000199402
170.706, 0.974845, -31.8487, 0.992106, -31.8495, 1.00568, -31.9366, -1.29585e-05, -1.29407e-05, -1.29406e-05, 0.000133434, 1.01819, 0.00022766, -0.29213, 0.000199345
170.756, 0.974845, -31.8628, 0.992106, -31.8636, 1.00568, -31.9507, -1.31453e-05, -1.31262e-05, -1.31211e-05, 0.000133434, 1.01819, 0.000227377, -0.29213, 0.000199291
170.806, 0.974845, -31.877, 0.992106, -31.8777, 1.00568, -31.9649, -1.31409e-05, -1.31698e-05, -1.31126e-05, 0.000133434, 1.01819, 0.000227347, -0.29213, 0.000199239
170.857, 0.974845, -31.8911, 0.992106, -31.8919, 1.00568, -31.979, -1.31232e-05, -1.31553e-05, -1.31337e-05, 0.000133434, 1.01819, 0.000227809, -0.29213, 0.00019919
170.907, 0.974845, -31.9053, 0.992106, -31.9061, 1.00568, -31.9932, -1.31262e-05, -1.31052e-05, -1.30987e-05, 0.000133434, 1.01819, 0.000227392, -0.29213, 0.000199143
170.957, 0.974845, -31.9195, 0.992106, -31.9203, 1.00568, -32.0074, -1.31165e-05, -1.31035e-05, -1.31329e-05, 0.000133434, 1.01819, 0.000227302, -0.29213, 0.000199098
171.001, 0.974845, -31.9317, 0.992106, -31.9324, 1.00568, -32.0196, -1.31234e-05, -1.31147e-05, -1.31059e-05, 0.000133434, 1.01819, 0.000227466, -0.292129, 0.000199062
171.001, 0.974845, -31.9317, 0.992106, -31.9324, 1.00568, -32.0196, -1.31234e-05, -1.31147e-05, -1.31059e-05, 0.000133434, 1.01819, 0.000227466, -0.292129, 0.000199061
171.051, 0.974845, -31.9458, 0.992106, -31.9466, 1.00568, -32.0337, -1.31117e-05, -1.3098e-05, -1.30925e-05, 0.000133434, 1.01819, 0.000227839, -0.29213, 0.000199022
171.101, 0.974845, -31.96, 0.992106, -31.9608, 1.00568, -32.0479, -1.31004e-05, -1.31216e-05, -1.31078e-05, 0.000133434, 1.01819, 0.000227824, -0.29213, 0.000198984
171.152, 0.974845, -31.9742, 0.992106, -31.975, 1.00568, -32.0621, -1.32366e-05, -1.32625e-05, -1.3249e-05, 0.000133434, 1.01819, 0.00022772, -0.29213, 0.000198949
171.202, 0.974845, -31.9886, 0.992106, -31.9893, 1.00568, -32.0764, -1.32898e-05, -1.32559e-05, -1.32525e-05, 0.000133434, 1.01819, 0.000227675, -0.29213, 0.000198916
171.252, 0.974845, -32.0029, 0.992106, -32.0037, 1.00568, -32.0908, -1.33138e-05, -1.3283e-05, -1.3282e-05, 0.000133434, 1.01819, 0.00022769, -0.292129, 0.000198885
171.303, 0.974845, -32.0172, 0.992106, -32.018, 1.00568, -32.1051, -1.33209e-05, -1.33044e-05, -1.3288e-05, 0.000133434, 1.01819, 0.000227675, -0.292129, 0.000198857
171.353, 0.974845, -32.0316, 0.992106, -32.0324, 1.00568, -32.1195, -1.33137e-05, -1.33046e-05, -1.32941e-05, 0.000133434, 1.01819, 0.000227556, -0.29213, 0.00019883
171.403, 0.974845, -32.0459, 0.992106, -32.0467, 1.00568, -32.1338, -1.32427e-05, -1.32612e-05, -1.32515e-05, 0.000133434, 1.01819, 0.000227928, -0.29213, 0.000198806
171.454, 0.974845, -32.0603, 0.992106, -32.061, 1.00568, -32.1482, -1.33059e-05, -1.33032e-05, -1.3323e-05, 0.000133434, 1.01819, 0.000227049, -0.29213, 0.000198784
171.504, 0.974845, -32.0746, 0.992106, -32.0754, 1.00568, -32.1625, -1.33538e-05, -1.32839e-05, -1.3336e-05, 0.000133434, 1.01819, 0.000227422, -0.29213, 0.000198765
171.554, 0.974845, -32.089, 0.992106, -32.0897, 1.00568, -32.1769, -1.33734e-05, -1.33662e-05, -1.33458e-05, 0.000133434, 1.01819, 0.000227377, -0.29213, 0.000198747
171.605, 0.974845, -32.1035, 0.992106, -32.1043, 1.00568, -32.1914, -1.3463e-05, -1.34471e-05, -1.34295e-05, 0.000133434, 1.01819, 0.000227258, -0.29213, 0.000198731
171.655, 0.974845, -32.118, 0.992106, -32.1188, 1.00568, -32.2059, -1.34729e-05, -1.34473e-05, -1.34814e-05, 0.000133434, 1.01819, 0.00022766, -0.29213, 0.000198718
171.706, 0.974845, -32.1325, 0.992106, -32.1333, 1.00568, -32.2204, -1.34412e-05, -1.34418e-05, -1.34343e-05, 0.000133434, 1.01819, 0.000227705, -0.292129, 0.000198706
171.756, 0.974845, -32.147, 0.992106, -32.1478, 1.00568, -32.2349, -1.34869e-05, -1.34666e-05, -1.34212e-05, 0.000133434, 1.01819, 0.000227988, -0.29213, 0.000198697
171.806, 0.974845, -32.1615, 0.992106, -32.1623, 1.00568, -32.2494, -1.34164e-05, -1.34532e-05, -1.34429e-05, 0.000133434, 1.01819, 0.000227496, -0.29213, 0.000198689
171.857, 0.974845, -32.1761, 0.992106, -32.1768, 1.00568, -32.264, -1.34422e-05, -1.34784e-05, -1.34632e-05, 0.000133434, 1.01819, 0.000227496, -0.292129, 0.000198684
171.907, 0.974845, -32.1906, 0.992106, -32.1913, 1.00568, -32.2785, -1.34426e-05, -1.34572e-05, -1.34089e-05, 0.000133434, 1.01819, 0.000227407, -0.29213, 0.00019868
171.957, 0.974845, -32.2051, 0.992106, -32.2059, 1.00568, -32.293, -1.34222e-05, -1.34509e-05, -1.34376e-05, 0.000133434, 1.01819, 0.000227302, -0.29213, 0.000198678
172.001, 0.974845, -32.2177, 0.992106, -32.2185, 1.00568, -32.3056, -1.35856e-05, -1.3571e-05, -1.36014e-05, 0.000133434, 1.01819, 0.000227854, -0.292129, 0.000198678
172.001, 0.974845, -32.2177, 0.992106, -32.2185, 1.00568, -32.3056, -1.35856e-05, -1.3571e-05, -1.36014e-05, 0.000133434, 1.01819, 0.000227854, -0.292129, 0.000198678
172.051, 0.974845, -32.2324, 0.992106, -32.2332, 1.00568, -32.3203, -1.35769e-05, -1.35685e-05, -1.35543e-05, 0.000133434, 1.01819, 0.000227511, -0.29213, 0.00019868
172.101, 0.974845, -32.2471, 0.992106, -32.2478, 1.00568, -32.335, -1.36424e-05, -1.36173e-05, -1.36219e-05, 0.000133434, 1.01819, 0.000227705, -0.292129, 0.000198683
172.152, 0.974845, -32.2617, 0.992106, -32.2625, 1.00568, -32.3496, -1.35897e-05, -1.36149e-05, -1.36006e-05, 0.000133434, 1.01819, 0.00022763, -0.292129, 0.000198688
172.202, 0.974845, -32.2764, 0.992106, -32.2772, 1.00568, -32.3643, -1.35742e-05, -1.35873e-05, -1.35784e-05, 0.000133434, 1.01819, 0.000227541, -0.292129, 0.000198695
172.252, 0.974845, -32.2911, 0.992106, -32.2919, 1.00568, -32.379, -1.35748e-05, -1.36421e-05, -1.36061e-05, 0.000133434, 1.01819, 0.000227645, -0.29213, 0.000198704
172.303, 0.974845, -32.3058, 0.992106, -32.3066, 1.00568, -32.3937, -1.35753e-05, -1.35523e-05, -1.3548e-05, 0.000133434, 1.01819, 0.000227809, -0.29213, 0.000198714
172.353, 0.974845, -32.3205, 0.992106, -32.3213, 1.00568, -32.4084, -1.35533e-05, -1.35849e-05, -1.35806e-05, 0.000133434, 1.01819, 0.000227973, -0.292129, 0.000198726
172.403, 0.974845, -32.3352, 0.992106, -32.336, 1.00568, -32.4231, -1.37467e-05, -1.37405e-05, -1.3726e-05, 0.000133434, 1.01819, 0.000227377, -0.29213, 0.00019874
172.454, 0.974845, -32.3501, 0.992106, -32.3508, 1.00568, -32.438, -1.37572e-05, -1.3733e-05, -1.37746e-05, 0.000133434, 1.01819, 0.000227496, -0.29213, 0.000198755
172.504, 0.974845, -32.3649, 0.992106, -32.3657, 1.00568, -32.4528, -1.36959e-05, -1.37317e-05, -1.37606e-05, 0.000133434, 1.01819, 0.000227436, -0.29213, 0.000198772
172.555, 0.974845, -32.3798, 0.992106, -32.3806, 1.00568, -32.4677, -1.37515e-05, -1.37413e-05, -1.37459e-05, 0.000133434, 1.01819, 0.000227511, -0.29213, 0.00019879
172.605, 0.974845, -32.3946, 0.992106, -32.3954, 1.00568, -32.4825, -1.37513e-05, -1.37474e-05, -1.37353e-05, 0.000133434, 1.01819, 0.000228122, -0.292129, 0.00019881
172.655, 0.974845, -32.4095, 0.992106, -32.4103, 1.00568, -32.4974, -1.37515e-05, -1.37891e-05, -1.37821e-05, 0.000133434, 1.01819, 0.000227526, -0.29213, 0.000198831
172.706, 0.974845, -32.4244, 0.992106, -32.4251, 1.00568, -32.5123, -1.37439e-05, -1.37249e-05, -1.37517e-05, 0.000133434, 1.01819, 0.000227883, -0.29213, 0.000198854
172.756, 0.974845, -32.4392, 0.992106, -32.44, 1.00568, -32.5271, -1.37804e-05, -1.37674e-05, -1.37868e-05, 0.000133434, 1.01819, 0.000227541, -0.29213, 0.000198878
172.806, 0.974845, -32.4541, 0.992106, -32.4548, 1.00568, -32.542, -1.37751e-05, -1.37614e-05, -1.37566e-05, 0.000133434, 1.01819, 0.000228137, -0.292129, 0.000198904
172.857, 0.974845, -32.469, 0.992106, -32.4698, 1.00568, -32.5569, -1.39257e-05, -1.39107e-05, -1.39276e-05, 0.000133434, 1.01819, 0.000227496, -0.292129, 0.000198931
172.907, 0.974845, -32.484, 0.992106, -32.4848, 1.00568, -32.5719, -1.38778e-05, -1.39136e-05, -1.39099e-05, 0.000133434, 1.01819, 0.000227988, -0.29213, 0.000198959
172.957, 0.974845, -32.499, 0.992106, -32.4998, 1.00568, -32.5869, -1.38771e-05, -1.39365e-05, -1.38985e-05, 0.000133434, 1.01819, 0.000227258, -0.29213, 0.000198988
173.001, 0.974845, -32.512, 0.992106, -32.5127, 1.00568, -32.5999, -1.39253e-05, -1.39124e-05, -1.38996e-05, 0.000133434, 1.01819, 0.000227377, -0.29213, 0.000199015
173.001, 0.974845, -32.512, 0.992106, -32.5127, 1.00568, -32.5999, -1.39253e-05, -1.39124e-05, -1.38996e-05, 0.000133434, 1.01819, 0.000227377, -0.29213, 0.000199015
173.051, 0.974845, -32.527, 0.992106, -32.5278, 1.00568, -32.6149, -1.38803e-05, -1.38811e-05, -1.38981e-05, 0.000133434, 1.01819, 0.000227064, -0.29213, 0.000199047
173.101, 0.974845, -32.542, 0.992106, -32.5428, 1.00568, -32.6299, -1.3875e-05, -1.38584e-05, -1.38495e-05, 0.000133434, 1.01819, 0.000227213, -0.29213, 0.00019908
173.152, 0.974845, -32.557, 0.992106, -32.5578, 1.00568, -32.6449, -1.39523e-05, -1.39359e-05, -1.39303e-05, 0.000133434, 1.01819, 0.000227541, -0.292129, 0.000199114
173.202, 0.974845, -32.5721, 0.992106, -32.5728, 1.00568, -32.66, -1.39387e-05, -1.39502e-05, -1.39104e-05, 0.000133434, 1.01819, 0.000227407, -0.29213, 0.000199149
173.252, 0.974845, -32.5871, 0.992106, -32.5879, 1.00568, -32.675, -1.39012e-05, -1.38945e-05, -1.39159e-05, 0.000133434, 1.01819, 0.000227898, -0.29213, 0.000199186
173.303, 0.974845, -32.6021, 0.992106, -32.6029, 1.00568, -32.69, -1.39056e-05, -1.3906e-05, -1.39136e-05, 0.000133434, 1.01819, 0.0002276, -0.29213, 0.000199223
173.353, 0.974845, -32.6173, 0.992106, -32.618, 1.00568, -32.7052, -1.41039e-05, -1.40518e-05, -1.40905e-05, 0.000133434, 1.01819, 0.000227839, -0.29213, 0.000199262
173.403, 0.974845, -32.6325, 0.992106, -32.6332, 1.00568, -32.7204, -1.40622e-05, -1.40779e-05, -1.40868e-05, 0.000133434, 1.01819, 0.000227466, -0.29213, 0.000199302
173.454, 0.974845, -32.6477, 0.992106, -32.6484, 1.00568, -32.7355, -1.40737e-05, -1.40997e-05, -1.40869e-05, 0.000133434, 1.01819, 0.00022772, -0.29213, 0.000199342
173.504, 0.974845, -32.6628, 0.992106, -32.6636, 1.00568, -32.7507, -1.40045e-05, -1.40014e-05, -1.39858e-05, 0.000133434, 1.01819, 0.000227228, -0.29213, 0.000199384
173.555, 0.974845, -32.678, 0.992106, -32.6788, 1.00568, -32.7659, -1.40802e-05, -1.40979e-05, -1.40976e-05, 0.000133434, 1.01819, 0.000227109, -0.29213, 0.000199427
173.605, 0.974845, -32.6932, 0.992106, -32.694, 1.00568, -32.7811, -1.40274e-05, -1.40645e-05, -1.40589e-05, 0.000133434, 1.01819, 0.000227347, -0.29213, 0.00019947
173.655, 0.974845, -32.7084, 0.992106, -32.7092, 1.00568, -32.7963, -1.41255e-05, -1.41069e-05, -1.40942e-05, 0.000133434, 1.01819, 0.000227496, -0.29213, 0.000199515
173.706, 0.974845, -32.7236, 0.992106, -32.7244, 1.00568, -32.8115, -1.40828e-05, -1.40479e-05, -1.40544e-05, 0.000133434, 1.01819, 0.000227123, -0.29213, 0.00019956
173.756, 0.974845, -32.7388, 0.992106, -32.7396, 1.00568, -32.8267, -1.40236e-05, -1.40953e-05, -1.40373e-05, 0.000133434, 1.01819, 0.000227898, -0.29213, 0.000199606
173.806, 0.974845, -32.754, 0.992106, -32.7548, 1.00568, -32.8419, -1.40701e-05, -1.41057e-05, -1.40912e-05, 0.000133434, 1.01819, 0.000227779, -0.29213, 0.000199653
173.857, 0.974845, -32.7692, 0.992106, -32.77, 1.00568, -32.8571, -1.41129e-05, -1.40957e-05, -1.40854e-05, 0.000133434, 1.01819, 0.000227883, -0.292129, 0.000199701
173.907, 0.974845, -32.7846, 0.992106, -32.7854, 1.00568, -32.8725, -1.42434e-05, -1.4227e-05, -1.42206e-05, 0.000133434, 1.01819, 0.000228032, -0.29213, 0.000199749
173.957, 0.974845, -32.7999, 0.992106, -32.8007, 1.00568, -32.8878, -1.42593e-05, -1.42354e-05, -1.4271e-05, 0.000133434, 1.01819, 0.000227451, -0.29213, 0.000199799
174.001, 0.974845, -32.8132, 0.992106, -32.8139, 1.00568, -32.9011, -1.43072e-05, -1.42717e-05, -1.42726e-05, 0.000133434, 1.01819, 0.000227481, -0.292129, 0.000199842
174.001, 0.974845, -32.8132, 0.992106, -32.8139, 1.00568, -32.9011, -1.43072e-05, -1.42717e-05, -1.42726e-05, 0.000133434, 1.01819, 0.000227481, -0.292129, 0.000199842
174.051, 0.974845, -32.8285, 0.992106, -32.8293, 1.00568, -32.9164, -1.42051e-05, -1.41917e-05, -1.42188e-05, 0.000133434, 1.01819, 0.000227287, -0.29213, 0.000199892
174.101, 0.974845, -32.8439, 0.992106, -32.8447, 1.00568, -32.9318, -1.42278e-05, -1.4204e-05, -1.4201e-05, 0.000133434, 1.01819, 0.000227451, -0.292129, 0.000199943
174.152, 0.974845, -32.8593, 0.992106, -32.86, 1.00568, -32.9472, -1.41939e-05, -1.41856e-05, -1.42184e-05, 0.000133434, 1.01819, 0.00022763, -0.29213, 0.000199995
174.202, 0.974845, -32.8746, 0.992106, -32.8754, 1.00568, -32.9625, -1.42486e-05, -1.42484e-05, -1.4237e-05, 0.000133434, 1.01819, 0.000227764, -0.292129, 0.000200048
174.252, 0.974845, -32.89, 0.992106, -32.8908, 1.00568, -32.9779, -1.42652e-05, -1.42407e-05, -1.42786e-05, 0.000133434, 1.01819, 0.000228047, -0.292129, 0.0002001
174.303, 0.974845, -32.9054, 0.992106, -32.9061, 1.00568, -32.9933, -1.42093e-05, -1.41898e-05, -1.42297e-05, 0.000133434, 1.01819, 0.00022772, -0.29213, 0.000200154
174.353, 0.974845, -32.9207, 0.992106, -32.9215, 1.00568, -33.0086, -1.42554e-05, -1.42435e-05, -1.42764e-05, 0.000133434, 1.01819, 0.000228018, -0.29213, 0.000200208
174.404, 0.974845, -32.9361, 0.992106, -32.9369, 1.00568, -33.024, -1.42195e-05, -1.42108e-05, -1.42438e-05, 0.000133434, 1.01819, 0.000227407, -0.29213, 0.000200263
174.454, 0.974845, -32.9515, 0.992106, -32.9523, 1.00568, -33.0394, -1.41857e-05, -1.41612e-05, -1.41956e-05, 0.000133434, 1.01819, 0.000228211, -0.292129, 0.000200318
174.504, 0.974845, -32.9669, 0.992106, -32.9677, 1.00568, -33.0548, -1.44e-05, -1.43835e-05, -1.43926e-05, 0.000133434, 1.01819, 0.00022769, -0.29213, 0.000200374
174.555, 0.974845, -32.9824, 0.992106, -32.9832, 1.00568, -33.0703, -1.43736e-05, -1.43934e-05, -1.44482e-05, 0.000133434, 1.01819, 0.000227749, -0.29213, 0.00020043
174.605, 0.974845, -32.998, 0.992106, -32.9987, 1.00568, -33.0859, -1.43714e-05, -1.43732e-05, -1.43938e-05, 0.000133434, 1.01819, 0.000227422, -0.292129, 0.000200486
174.655, 0.974845, -33.0135, 0.992106, -33.0143, 1.00568, -33.1014, -1.43882e-05, -1.43813e-05, -1.436e-05, 0.000133434, 1.01819, 0.000227213, -0.29213, 0.000200543
174.706, 0.974845, -33.029, 0.992106, -33.0298, 1.00568, -33.1169, -1.44272e-05, -1.44134e-05, -1.43971e-05, 0.000133434, 1.01819, 0.000227556, -0.292129, 0.000200601
174.756, 0.974845, -33.0446, 0.992106, -33.0453, 1.00568, -33.1325, -1.43838e-05, -1.43556e-05, -1.43582e-05, 0.000133434, 1.01819, 0.000227645, -0.29213, 0.000200658
174.806, 0.974845, -33.0601, 0.992106, -33.0609, 1.00568, -33.148, -1.43816e-05, -1.43539e-05, -1.43639e-05, 0.000133434, 1.01819, 0.000227436, -0.29213, 0.000200716
174.857, 0.974845, -33.0757, 0.992106, -33.0764, 1.00568, -33.1635, -1.4411e-05, -1.4385e-05, -1.44191e-05, 0.000133434, 1.01819, 0.000228032, -0.292129, 0.000200774
174.907, 0.974845, -33.0912, 0.992106, -33.092, 1.00568, -33.1791, -1.44072e-05, -1.44203e-05, -1.44207e-05, 0.000133434, 1.01819, 0.000227809, -0.29213, 0.000200833
174.957, 0.974845, -33.1067, 0.992106, -33.1075, 1.00568, -33.1946, -1.43727e-05, -1.44121e-05, -1.43703e-05, 0.000133434, 1.01819, 0.000227869, -0.29213, 0.000200892
175.001, 0.974845, -33.1201, 0.992106, -33.1209, 1.00568, -33.208, -1.43751e-05, -1.43709e-05, -1.43636e-05, 0.000133434, 1.01819, 0.000227571, -0.29213, 0.000200942
175.001, 0.974845, -33.1201, 0.992106, -33.1209, 1.00568, -33.208, -1.43751e-05, -1.43709e-05, -1.43636e-05, 0.000133434, 1.01819, 0.000227571, -0.29213, 0.000200943
175.051, 0.974845, -33.1356, 0.992106, -33.1364, 1.00568, -33.2235, -1.44123e-05, -1.44014e-05, -1.44408e-05, 0.000133434, 1.01819, 0.0002276, -0.29213, 0.000201002
175.101, 0.974845, -33.1512, 0.992106, -33.152, 1.00568, -33.2391, -1.44293e-05, -1.436e-05, -1.43968e-05, 0.000133434, 1.01819, 0.000227675, -0.29213, 0.000201061
175.152, 0.974845, -33.1667, 0.992106, -33.1675, 1.00568, -33.2546, -1.44114e-05, -1.44362e-05, -1.44348e-05, 0.000133434, 1.01819, 0.000227362, -0.29213, 0.000201121
175.202, 0.974845, -33.1823, 0.992106, -33.183, 1.00568, -33.2701, -1.43191e-05, -1.43406e-05, -1.43382e-05, 0.000133434, 1.01819, 0.000227943, -0.29213, 0.00020118
175.252, 0.974845, -33.1978, 0.992106, -33.1986, 1.00568, -33.2857, -1.43949e-05, -1.44232e-05, -1.44236e-05, 0.000133434, 1.01819, 0.000227392, -0.29213, 0.00020124
175.303, 0.974845, -33.2133, 0.992106, -33.2141, 1.00568, -33.3012, -1.43742e-05, -1.43508e-05, -1.43883e-05, 0.000133434, 1.01819, 0.000227332, -0.29213, 0.0002013
175.353, 0.974845, -33.229, 0.992106, -33.2298, 1.00568, -33.3169, -1.45242e-05, -1.4508e-05, -1.45058e-05, 0.000133434, 1.01819, 0.000227824, -0.29213, 0.00020136
175.404, 0.974845, -33.2447, 0.992106, -33.2455, 1.00568, -33.3326, -1.45399e-05, -1.45193e-05, -1.45581e-05, 0.000133434, 1.01819, 0.000227913, -0.29213, 0.00020142
175.454, 0.974845, -33.2605, 0.992106, -33.2612, 1.00568, -33.3483, -1.45007e-05, -1.45585e-05, -1.45569e-05, 0.000133434, 1.01819, 0.000227377, -0.29213, 0.00020148
175.504, 0.974845, -33.2762, 0.992106, -33.2769, 1.00568, -33.3641, -1.45809e-05, -1.4604e-05, -1.4568e-05, 0.000133434, 1.01819, 0.000228107, -0.292129, 0.000201541
175.555, 0.974845, -33.2919, 0.992106, -33.2926, 1.00568, -33.3798, -1.45785e-05, -1.45717e-05, -1.45476e-05, 0.000133434, 1.01819, 0.000227943, -0.29213, 0.000201601
175.605, 0.974845, -33.3076, 0.992106, -33.3084, 1.00568, -33.3955, -1.45836e-05, -1.45727e-05, -1.45125e-05, 0.000133434, 1.01819, 0.000227809, -0.29213, 0.000201661
175.655, 0.974845, -33.3233, 0.992106, -33.3241, 1.00568, -33.4112, -1.4541e-05, -1.45177e-05, -1.45132e-05, 0.000133434, 1.01819, 0.000227615, -0.29213, 0.000201721
175.706, 0.974845, -33.339, 0.992106, -33.3398, 1.00568, -33.4269, -1.45462e-05, -1.4573e-05, -1.45573e-05, 0.000133434, 1.01819, 0.000227347, -0.29213, 0.000201781
175.756, 0.974845, -33.3547, 0.992106, -33.3555, 1.00568, -33.4426, -1.45607e-05, -1.45342e-05, -1.45757e-05, 0.000133434, 1.01819, 0.000227422, -0.29213, 0.000201841
175.806, 0.974845, -33.3704, 0.992106, -33.3712, 1.00568, -33.4583, -1.44936e-05, -1.45226e-05, -1.453e-05, 0.000133434, 1.01819, 0.000227779, -0.292129, 0.000201901
175.857, 0.974845, -33.3861, 0.992106, -33.3869, 1.00568, -33.474, -1.45588e-05, -1.45725e-05, -1.45714e-05, 0.000133434, 1.01819, 0.000227615, -0.29213, 0.000201961
175.907, 0.974845, -33.4018, 0.992106, -33.4026, 1.00568, -33.4897, -1.45026e-05, -1.45258e-05, -1.44778e-05, 0.000133434, 1.01819, 0.00022772, -0.29213, 0.000202021
175.957, 0.974845, -33.4175, 0.992106, -33.4183, 1.00568, -33.5054, -1.45097e-05, -1.45398e-05, -1.45324e-05, 0.000133434, 1.01819, 0.000227675, -0.292129, 0.000202081
176.001, 0.974845, -33.4311, 0.992106, -33.4318, 1.00568, -33.519, -1.45439e-05, -1.45399e-05, -1.45167e-05, 0.000133434, 1.01819, 0.000227392, -0.29213, 0.000202132
176.001, 0.974845, -33.4311, 0.992106, -33.4318, 1.00568, -33.519, -1.45439e-05, -1.45399e-05, -1.45167e-05, 0.000133434, 1.01819, 0.000227392, -0.29213, 0.000202133
176.051, 0.974845, -33.4468, 0.992106, -33.4475, 1.00568, -33.5347, -1.45578e-05, -1.45855e-05, -1.45674e-05, 0.000133434, 1.01819, 0.000227362, -0.29213, 0.000202192
176.101, 0.974845, -33.4625, 0.992106, -33.4632, 1.00568, -33.5504, -1.45495e-05, -1.45413e-05, -1.45267e-05, 0.000133434, 1.01819, 0.000227824, -0.29213, 0.000202251
176.152, 0.974845, -33.4782, 0.992106, -33.479, 1.00568, -33.5661, -1.45273e-05, -1.45071e-05, -1.45051e-05, 0.000133434, 1.01819, 0.000227287, -0.29213, 0.00020231
176.202, 0.974845, -33.4939, 0.992106, -33.4947, 1.00568, -33.5818, -1.45814e-05, -1.45578e-05, -1.45611e-05, 0.000133434, 1.01819, 0.000227645, -0.29213, 0.000202369
176.253, 0.974845, -33.5096, 0.992106, -33.5104, 1.00568, -33.5975, -1.45296e-05, -1.45286e-05, -1.45135e-05, 0.000133434, 1.01819, 0.00022772, -0.29213, 0.000202428
176.303, 0.974845, -33.5253, 0.992106, -33.5261, 1.00568, -33.6132, -1.45399e-05, -1.45222e-05, -1.45555e-05, 0.000133434, 1.01819, 0.000227302, -0.292129, 0.000202486
176.353, 0.974845, -33.541, 0.992106, -33.5418, 1.00568, -33.6289, -1.44946e-05, -1.44677e-05, -1.44636e-05, 0.000133434, 1.01819, 0.000227794, -0.29213, 0.000202545
176.404, 0.974845, -33.5567, 0.992106, -33.5575, 1.00568, -33.6446, -1.45669e-05, -1.4593e-05, -1.45934e-05, 0.000133434, 1.01819, 0.000227496, -0.29213, 0.000202603
176.454, 0.974845, -33.5724, 0.992106, -33.5732, 1.00568, -33.6603, -1.45712e-05, -1.45527e-05, -1.45452e-05, 0.000133434, 1.01819, 0.000227213, -0.29213, 0.00020266
176.504, 0.974845, -33.5882, 0.992106, -33.5889, 1.00568, -33.676, -1.45954e-05, -1.45764e-05, -1.45663e-05, 0.000133434, 1.01819, 0.000227302, -0.29213, 0.000202718
176.555, 0.974845, -33.6039, 0.992106, -33.6046, 1.00568, -33.6918, -1.45348e-05, -1.45175e-05, -1.45107e-05, 0.000133434, 1.01819, 0.000227779, -0.292129, 0.000202775
176.605, 0.974845, -33.6196, 0.992106, -33.6203, 1.00568, -33.7075, -1.4506e-05, -1.44877e-05, -1.45208e-05, 0.000133434, 1.01819, 0.000227615, -0.29213, 0.000202832
176.655, 0.974845, -33.6353, 0.992106, -33.6361, 1.00568, -33.7232, -1.45497e-05, -1.45287e-05, -1.45602e-05, 0.000133434, 1.01819, 0.000227332, -0.29213, 0.000202888
176.706, 0.974845, -33.6511, 0.992106, -33.6518, 1.00568, -33.739, -1.47109e-05, -1.47185e-05, -1.47168e-05, 0.000133434, 1.01819, 0.000227928, -0.29213, 0.000202944
176.756, 0.974845, -33.6669, 0.992106, -33.6677, 1.00568, -33.7548, -1.47801e-05, -1.47155e-05, -1.47564e-05, 0.000133434, 1.01819, 0.000227407, -0.29213, 0.000203
176.806, 0.974845, -33.6828, 0.992106, -33.6836, 1.00568, -33.7707, -1.46441e-05, -1.46328e-05, -1.46407e-05, 0.000133434, 1.01819, 0.000227526, -0.29213, 0.000203056
176.857, 0.974845, -33.6987, 0.992106, -33.6995, 1.00568, -33.7866, -1.47337e-05, -1.46902e-05, -1.46806e-05, 0.000133434, 1.01819, 0.00022766, -0.29213, 0.000203111
176.907, 0.974845, -33.7146, 0.992106, -33.7154, 1.00568, -33.8025, -1.4722e-05, -1.47022e-05, -1.47338e-05, 0.000133434, 1.01819, 0.000227526, -0.29213, 0.000203166
176.957, 0.974845, -33.7305, 0.992106, -33.7312, 1.00568, -33.8184, -1.47252e-05, -1.47413e-05, -1.47343e-05, 0.000133434, 1.01819, 0.000227541, -0.29213, 0.000203221
177.001, 0.974846, -33.7441, 0.992107, -33.7449, 1.00568, -33.832, -1.46252e-05, -1.46584e-05, -1.46801e-05, 0.000133434, 1.01819, 0.00022766, -0.29213, 0.000203267
177.001, 0.974846, -33.7441, 0.992107, -33.7449, 1.00568, -33.832, -1.46252e-05, -1.46584e-05, -1.46801e-05, 0.000133434, 1.01819, 0.00022766, -0.29213, 0.000203267
177.051, 0.974847, -33.76, 0.992108, -33.7608, 1.00568, -33.8479, -1.47142e-05, -1.4705e-05, -1.4689e-05, 0.000133434, 1.01819, 0.000227645, -0.292131, 0.000203321
177.101, 0.97485, -33.7759, 0.992111, -33.7767, 1.00569, -33.8638, -1.46601e-05, -1.46831e-05, -1.46334e-05, 0.000133434, 1.01819, 0.000227764, -0.292132, 0.000203374
177.152, 0.97485, -33.7918, 0.992111, -33.7925, 1.00569, -33.8797, -1.46795e-05, -1.4689e-05, -1.46795e-05, 0.000133434, 1.01819, 0.000227273, -0.292132, 0.000203427
177.202, 0.97485, -33.8076, 0.992111, -33.8084, 1.00569, -33.8955, -1.46673e-05, -1.46897e-05, -1.46926e-05, 0.000133434, 1.01819, 0.000227392, -0.292132, 0.000203479
177.253, 0.97485, -33.8235, 0.992111, -33.8243, 1.00569, -33.9114, -1.46942e-05, -1.46772e-05, -1.46678e-05, 0.000133434, 1.01819, 0.000227258, -0.292133, 0.000203532
177.303, 0.97485, -33.8394, 0.992111, -33.8402, 1.00569, -33.9273, -1.47384e-05, -1.47169e-05, -1.47032e-05, 0.000133434, 1.01819, 0.000227377, -0.292133, 0.000203583
177.353, 0.97485, -33.8553, 0.992111, -33.8561, 1.00569, -33.9432, -1.46724e-05, -1.46964e-05, -1.46964e-05, 0.000133434, 1.01819, 0.000227377, -0.292133, 0.000203634
177.404, 0.97485, -33.8712, 0.992111, -33.8719, 1.00569, -33.9591, -1.46915e-05, -1.46691e-05, -1.47448e-05, 0.000133434, 1.01819, 0.000227749, -0.292132, 0.000203685
177.454, 0.97485, -33.887, 0.992111, -33.8878, 1.00569, -33.9749, -1.46463e-05, -1.47141e-05, -1.46598e-05, 0.000133434, 1.01819, 0.00022763, -0.292133, 0.000203735
177.504, 0.97485, -33.9029, 0.992111, -33.9037, 1.00569, -33.9908, -1.46915e-05, -1.46853e-05, -1.4678e-05, 0.000133434, 1.01819, 0.000227377, -0.292133, 0.000203784
177.555, 0.974852, -33.9188, 0.992113, -33.9196, 1.00569, -34.0067, -1.47281e-05, -1.47021e-05, -1.47472e-05, 0.000133434, 1.01819, 0.000227511, -0.292134, 0.000203833
177.605, 0.974851, -33.9347, 0.992112, -33.9355, 1.00569, -34.0226, -1.47318e-05, -1.47079e-05, -1.47489e-05, 0.000133434, 1.01819, 0.000227481, -0.292133, 0.000203882
177.655, 0.974852, -33.9506, 0.992113, -33.9513, 1.00569, -34.0385, -1.46749e-05, -1.4662e-05, -1.46991e-05, 0.000133434, 1.01819, 0.000227347, -0.292134, 0.00020393
177.706, 0.974852, -33.9664, 0.992113, -33.9672, 1.00569, -34.0543, -1.46932e-05, -1.46798e-05, -1.46643e-05, 0.000133434, 1.01819, 0.000228003, -0.292134, 0.000203978
177.756, 0.974852, -33.9823, 0.992113, -33.9831, 1.00569, -34.0702, -1.46571e-05, -1.46467e-05, -1.46819e-05, 0.000133434, 1.01819, 0.000227466, -0.292134, 0.000204025
177.806, 0.974852, -33.9982, 0.992113, -33.999, 1.00569, -34.0861, -1.47348e-05, -1.47121e-05, -1.4738e-05, 0.000133434, 1.01819, 0.000228107, -0.292134, 0.000204072
177.857, 0.974852, -34.0141, 0.992113, -34.0149, 1.00569, -34.102, -1.47009e-05, -1.47074e-05, -1.47055e-05, 0.000133434, 1.01819, 0.0002276, -0.292134, 0.000204118
177.907, 0.974852, -34.03, 0.992113, -34.0307, 1.00569, -34.1179, -1.46513e-05, -1.46663e-05, -1.46683e-05, 0.000133434, 1.01819, 0.000227615, -0.292134, 0.000204163
177.958, 0.974852, -34.0458, 0.992113, -34.0466, 1.00569, -34.1337, -1.4704e-05, -1.47169e-05, -1.4708e-05, 0.000133434, 1.01819, 0.000228241, -0.292134, 0.000204208
178.001, 0.974852, -34.0595, 0.992113, -34.0603, 1.00569, -34.1474, -1.46525e-05, -1.46887e-05, -1.46847e-05, 0.000133434, 1.01819, 0.000227585, -0.292134, 0.000204247
178.001, 0.974852, -34.0595, 0.992113, -34.0603, 1.00569, -34.1474, -1.46525e-05, -1.46887e-05, -1.46847e-05, 0.000133434, 1.01819, 0.000227585, -0.292134, 0.000204247
178.051, 0.974852, -34.0754, 0.992113, -34.0762, 1.00569, -34.1633, -1.47078e-05, -1.46654e-05, -1.47094e-05, 0.000133434, 1.01819, 0.000227958, -0.292134, 0.000204291
178.102, 0.974852, -34.0913, 0.992113, -34.092, 1.00569, -34.1792, -1.46981e-05, -1.47179e-05, -1.46718e-05, 0.000133434, 1.01819, 0.000227094, -0.292134, 0.000204334
178.152, 0.974852, -34.1071, 0.992113, -34.1079, 1.00569, -34.195, -1.46621e-05, -1.46988e-05, -1.47018e-05, 0.000133434, 1.01819, 0.000227347, -0.292134, 0.000204377
178.202, 0.974852, -34.123, 0.992113, -34.1238, 1.00569, -34.2109, -1.46849e-05, -1.47096e-05, -1.466e-05, 0.000133434, 1.01819, 0.000227958, -0.292133, 0.000204419
178.253, 0.974852, -34.1389, 0.992113, -34.1397, 1.00569, -34.2268, -1.47291e-05, -1.4685e-05, -1.47051e-05, 0.000133434, 1.01819, 0.000227451, -0.292134, 0.000204461
178.303, 0.974852, -34.1548, 0.992113, -34.1556, 1.00569, -34.2427, -1.4706e-05, -1.46963e-05, -1.46941e-05, 0.000133434, 1.01819, 0.00022772, -0.292134, 0.000204502
178.353, 0.974852, -34.1707, 0.992113, -34.1714, 1.00569, -34.2586, -1.47104e-05, -1.46763e-05, -1.47205e-05, 0.000133434, 1.01819, 0.000227854, -0.292134, 0.000204543
178.404, 0.974852, -34.1865, 0.992113, -34.1873, 1.00569, -34.2744, -1.47314e-05, -1.47219e-05, -1.47471e-05, 0.000133434, 1.01819, 0.000227198, -0.292134, 0.000204583
178.454, 0.974852, -34.2024, 0.992113, -34.2032, 1.00569, -34.2903, -1.46876e-05, -1.47131e-05, -1.47048e-05, 0.000133434, 1.01819, 0.00022772, -0.292134, 0.000204623
178.504, 0.974852, -34.2183, 0.992113, -34.2191, 1.00569, -34.3062, -1.47211e-05, -1.47061e-05, -1.46959e-05, 0.000133434, 1.01819, 0.000227466, -0.292134, 0.000204662
178.555, 0.974852, -34.2342, 0.992113, -34.235, 1.00569, -34.3221, -1.47173e-05, -1.47536e-05, -1.4709e-05, 0.000133434, 1.01819, 0.000227436, -0.292134, 0.0002047
178.605, 0.974852, -34.2501, 0.992113, -34.2508, 1.00569, -34.338, -1.47087e-05, -1.46789e-05, -1.46761e-05, 0.000133434, 1.01819, 0.000227615, -0.292133, 0.000204738
178.655, 0.974852, -34.2659, 0.992113, -34.2667, 1.00569, -34.3538, -1.47191e-05, -1.46889e-05, -1.46421e-05, 0.000133434, 1.01819, 0.000227481, -0.292134, 0.000204775
178.706, 0.974852, -34.2818, 0.992113, -34.2826, 1.00569, -34.3697, -1.46641e-05, -1.46938e-05, -1.46519e-05, 0.000133434, 1.01819, 0.00022772, -0.292134, 0.000204812
178.756, 0.974852, -34.2977, 0.992113, -34.2985, 1.00569, -34.3856, -1.4694e-05, -1.47043e-05, -1.47168e-05, 0.000133434, 1.01819, 0.00022772, -0.292134, 0.000204847
178.806, 0.974852, -34.3136, 0.992113, -34.3144, 1.00569, -34.4015, -1.46592e-05, -1.46713e-05, -1.46717e-05, 0.000133434, 1.01819, 0.0002276, -0.292134, 0.000204883
178.857, 0.974852, -34.3295, 0.992113, -34.3302, 1.00569, -34.4174, -1.47086e-05, -1.4737e-05, -1.47341e-05, 0.000133434, 1.01819, 0.000227839, -0.292133, 0.000204918
178.907, 0.974852, -34.3453, 0.992113, -34.3461, 1.00569, -34.4332, -1.469e-05, -1.4679e-05, -1.46818e-05, 0.000133434, 1.01819, 0.0002276, -0.292134, 0.000204952
178.958, 0.974852, -34.3612, 0.992113, -34.362, 1.00569, -34.4491, -1.47446e-05, -1.47316e-05, -1.47126e-05, 0.000133434, 1.01819, 0.000227571, -0.292134, 0.000204986
179.001, 0.974852, -34.3749, 0.992113, -34.3757, 1.00569, -34.4628, -1.46653e-05, -1.46874e-05, -1.46885e-05, 0.000133434, 1.01819, 0.000227451, -0.292134, 0.000205014
179.001, 0.974852, -34.3749, 0.992113, -34.3757, 1.00569, -34.4628, -1.46653e-05, -1.46874e-05, -1.46885e-05, 0.000133434, 1.01819, 0.000227451, -0.292134, 0.000205014
179.051, 0.974852, -34.3908, 0.992113, -34.3915, 1.00569, -34.4787, -1.47335e-05, -1.47153e-05, -1.46709e-05, 0.000133434, 1.01819, 0.00022772, -0.292134, 0.000205047
179.102, 0.974852, -34.4066, 0.992113, -34.4074, 1.00569, -34.4945, -1.47389e-05, -1.47162e-05, -1.47099e-05, 0.000133434, 1.01819, 0.000227347, -0.292134, 0.000205079
179.152, 0.974852, -34.4225, 0.992113, -34.4233, 1.00569, -34.5104, -1.47027e-05, -1.46879e-05, -1.47154e-05, 0.000133434, 1.01819, 0.000227362, -0.292134, 0.00020511
179.202, 0.974852, -34.4384, 0.992113, -34.4392, 1.00569, -34.5263, -1.47034e-05, -1.46893e-05, -1.46851e-05, 0.000133434, 1.01819, 0.00022763, -0.292134, 0.000205141
179.253, 0.974852, -34.4543, 0.992113, -34.4551, 1.00569, -34.5422, -1.47031e-05, -1.4695e-05, -1.46838e-05, 0.000133434, 1.01819, 0.000227764, -0.292134, 0.000205171
179.303, 0.974852, -34.4701, 0.992113, -34.4709, 1.00569, -34.558, -1.44953e-05, -1.44837e-05, -1.44698e-05, 0.000133434, 1.01819, 0.000227511, -0.292134, 0.0002052
179.353, 0.974852, -34.4858, 0.992113, -34.4866, 1.00569, -34.5737, -1.45399e-05, -1.45088e-05, -1.4554e-05, 0.000133434, 1.01819, 0.000227362, -0.292134, 0.000205229
179.404, 0.974852, -34.5015, 0.992113, -34.5023, 1.00569, -34.5894, -1.45504e-05, -1.45913e-05, -1.45663e-05, 0.000133434, 1.01819, 0.00022772, -0.292134, 0.000205258
179.454, 0.974852, -34.5172, 0.992113, -34.518, 1.00569, -34.6051, -1.45576e-05, -1.45875e-05, -1.45337e-05, 0.000133434, 1.01819, 0.000227541, -0.292134, 0.000205286
179.504, 0.974852, -34.5329, 0.992113, -34.5337, 1.00569, -34.6208, -1.46178e-05, -1.46042e-05, -1.45894e-05, 0.000133434, 1.01819, 0.000227392, -0.292134, 0.000205313
179.555, 0.974852, -34.5486, 0.992113, -34.5494, 1.00569, -34.6365, -1.4563e-05, -1.45477e-05, -1.4581e-05, 0.000133434, 1.01819, 0.000227615, -0.292133, 0.000205339
179.605, 0.974852, -34.5643, 0.992113, -34.5651, 1.00569, -34.6522, -1.45599e-05, -1.4542e-05, -1.45847e-05, 0.000133434, 1.01819, 0.000227854, -0.292134, 0.000205365
179.655, 0.974852, -34.5801, 0.992113, -34.5808, 1.00569, -34.6679, -1.45182e-05, -1.45527e-05, -1.45383e-05, 0.000133434, 1.01819, 0.00022772, -0.292134, 0.000205391
179.706, 0.974852, -34.5958, 0.992113, -34.5965, 1.00569, -34.6837, -1.45607e-05, -1.4586e-05, -1.4582e-05, 0.000133434, 1.01819, 0.00022772, -0.292134, 0.000205416
179.756, 0.974852, -34.6115, 0.992113, -34.6122, 1.00569, -34.6994, -1.4523e-05, -1.44957e-05, -1.45275e-05, 0.000133434, 1.01819, 0.000227526, -0.292134, 0.00020544
179.807, 0.974852, -34.6272, 0.992113, -34.628, 1.00569, -34.7151, -1.45258e-05, -1.45077e-05, -1.45447e-05, 0.000133434, 1.01819, 0.00022763, -0.292134, 0.000205464
179.857, 0.974852, -34.6429, 0.992113, -34.6437, 1.00569, -34.7308, -1.45947e-05, -1.4574e-05, -1.45239e-05, 0.000133434, 1.01819, 0.0002276, -0.292134, 0.000205487
179.907, 0.974852, -34.6586, 0.992113, -34.6594, 1.00569, -34.7465, -1.45748e-05, -1.45723e-05, -1.45576e-05, 0.000133434, 1.01819, 0.00022772, -0.292134, 0.000205509
179.958, 0.974852, -34.6743, 0.992113, -34.6751, 1.00569, -34.7622, -1.45294e-05, -1.45641e-05, -1.45046e-05, 0.000133434, 1.01819, 0.000227466, -0.292134, 0.000205531
180.001, 0.974852, -34.6878, 0.992113, -34.6886, 1.00569, -34.7757, -1.4585e-05, -1.45652e-05, -1.4602e-05, 0.000133434, 1.01819, 0.000227526, -0.292135, 0.000205549
180.001, 0.974381, -34.9368, 0.991378, -35.0742, 1.00416, -35.3662, -1.4585e-05, -1.45652e-05, -1.4602e-05, 0.000133434, 1.01819, 0.0402306, -0.287486, 0.00020555
180.051, 0.974213, -35.2405, 0.991208, -35.378, 1.00399, -35.67, -0.000249485, -0.000249562, -0.00024958, 0.000133434, 1.01819, 0.0402314, -0.28739, 0.000205573
180.102, 0.974041, -35.5145, 0.991033, -35.652, 1.00381, -35.9441, -0.000267782, -0.000267857, -0.00026792, 0.000133434, 1.01819, 0.0402305, -0.287283, 0.000205631
180.152, 0.973692, -35.846, 0.990677, -35.9837, 1.00345, -36.2759, -0.000338565, -0.000338689, -0.000338863, 0.000133434, 1.01819, 0.0402302, -0.287073, 0.000205808
180.202, 0.973098, -36.2685, 0.990072, -36.4063, 1.00284, -36.6988, -0.000429361, -0.000429536, -0.000429804, 0.000133434, 1.01819, 0.0402305, -0.286718, 0.000206233
180.253, 0.972271, -36.7944, 0.98923, -36.9325, 1.00199, -37.2253, -0.000527526, -0.00052779, -0.00052815, 0.000133434, 1.01819, 0.0402297, -0.286223, 0.000207069
180.303, 0.971275, -37.4282, 0.988217, -37.5665, 1.00096, -37.8598, -0.000628186, -0.000628475, -0.000628879, 0.000133434, 1.01819, 0.0402294, -0.285627, 0.000208511
180.353, 0.970195, -38.1712, 0.987118, -38.3099, 0.999842, -38.6036, -0.000729537, -0.000729774, -0.000730225, 0.000133434, 1.01819, 0.0402289, -0.284982, 0.00021077
180.404, 0.969112, -39.0236, 0.986014, -39.1625, 0.998723, -39.4567, -0.00083072, -0.000830974, -0.000831391, 0.000133434, 1.01819, 0.0402285, -0.284336, 0.000214079
180.454, 0.968084, -39.9851, 0.984968, -40.1243, 0.997661, -40.4189, -0.000931598, -0.000931862, -0.000932247, 0.000133434, 1.01819, 0.0402276, -0.283723, 0.000218677
180.504, 0.967142, -41.0553, 0.984009, -41.1948, 0.996689, -41.4898, -0.00103208, -0.00103232, -0.00103272, 0.000133434, 1.01819, 0.0402275, -0.283162, 0.000224813
180.555, 0.966293, -42.2337, 0.983145, -42.3735, 0.995812, -42.6689, -0.00113212, -0.00113235, -0.00113267, 0.000133434, 1.01819, 0.040227, -0.282658, 0.000232737
180.605, 0.965521, -43.52, 0.982359, -43.6599, 0.995015, -43.9557, -0.00123174, -0.00123197, -0.00123222, 0.000133434, 1.01819, 0.0402271, -0.282199, 0.000242701
180.655, 0.9648, -44.9136, 0.981625, -45.0537, 0.99427, -45.3498, -0.00133101, -0.0013312, -0.00133149, 0.000133434, 1.01819, 0.0402264, -0.28177, 0.000254951
180.706, 0.964099, -46.4141, 0.980912, -46.5545, 0.993547, -46.8508, -0.00142987, -0.00143006, -0.00143034, 0.000133434, 1.01819, 0.0402261, -0.281355, 0.000269733
180.756, 0.963391, -48.021, 0.980191, -48.1616, 0.992815, -48.4583, -0.00152822, -0.00152841, -0.00152866, 0.000133434, 1.01819, 0.0402258, -0.280934, 0.000287281
180.807, 0.962653, -49.734, 0.97944, -49.8748, 0.992053, -50.1717, -0.00162615, -0.00162634, -0.00162666, 0.000133434, 1.01819, 0.0402255, -0.280497, 0.000307826
180.857, 0.961872, -51.5524, 0.978645, -51.6934, 0.991246, -51.9907, -0.00172366, -0.00172389, -0.00172422, 0.000133434, 1.01819, 0.0402253, -0.280034, 0.000331587
180.907, 0.961041, -53.4759, 0.977798, -53.6171, 0.990388, -53.9148, -0.00182068, -0.00182093, -0.0018213, 0.000133434, 1.01819, 0.0402248, -0.279543, 0.000358772
180.958, 0.960159, -55.5038, 0.9769, -55.6453, 0.989477, -55.9434, -0.00191725, -0.00191749, -0.00191786, 0.000133434, 1.01819, 0.0402241, -0.279021, 0.00038958
181.001, 0.959362, -57.331, 0.976089, -57.4728, 0.988654, -57.7712, -0.00199986, -0.00200008, -0.00200049, 0.000133434, 1.01819, 0.0402244, -0.278551, 0.000419114
181.001, 0.959362, -57.331, 0.976089, -57.4728, 0.988654, -57.7712, -0.00199986, -0.00200008, -0.00200049, 0.000133434, 1.01819, 0.0402244, -0.278551, 0.00041915
181.051, 0.958397, -59.5519, 0.975107, -59.6939, 0.987657, -59.9928, -0.0020955, -0.00209577, -0.00209616, 0.000133434, 1.01819, 0.0402235, -0.277981, 0.000457147
181.102, 0.957398, -61.8757, 0.974089, -62.0181, 0.986625, -62.3174, -0.00219067, -0.00219093, -0.00219136, 0.000133434, 1.01819, 0.0402237, -0.277392, 0.000499304
181.152, 0.956371, -64.302, 0.973044, -64.4446, 0.985565, -64.7444, -0.00228533, -0.00228558, -0.00228605, 0.000133434, 1.01819, 0.0402224, -0.276787, 0.000545736
181.202, 0.955324, -66.83, 0.971979, -66.9729, 0.984484, -67.2731, -0.00237921, -0.00237947, -0.00237991, 0.000133434, 1.01819, 0.0402224, -0.276172, 0.000596584
181.253, 0.954263, -69.4592, 0.970898, -69.6025, 0.983388, -69.9032, -0.0024728, -0.00247313, -0.00247362, 0.000133434, 1.01819, 0.040222, -0.275549, 0.000651974
181.303, 0.953193, -72.1891, 0.969809, -72.3327, 0.982283, -72.6339, -0.00256574, -0.00256601, -0.00256648, 0.000133434, 1.01819, 0.0402215, -0.274921, 0.00071202
181.353, 0.952118, -75.019, 0.968714, -75.163, 0.981172, -75.4646, -0.00265815, -0.00265839, -0.00265887, 0.000133434, 1.01819, 0.0402211, -0.274291, 0.000776827
181.404, 0.951041, -77.9484, 0.967618, -78.0926, 0.98006, -78.3948, -0.00274995, -0.00275023, -0.0027507, 0.000133434, 1.01819, 0.0402204, -0.27366, 0.000846484
181.454, 0.949966, -80.9766, 0.966524, -81.1211, 0.97895, -81.4238, -0.00284121, -0.00284154, -0.00284196, 0.000133434, 1.01819, 0.0402201, -0.273031, 0.000921071
181.504, 0.948895, -84.1029, 0.965434, -84.2478, 0.977844, -84.5509, -0.00293189, -0.00293217, -0.00293265, 0.000133434, 1.01819, 0.0402195, -0.272406, 0.00100066
181.555, 0.947831, -87.3268, 0.964351, -87.472, 0.976745, -87.7756, -0.00302195, -0.00302226, -0.00302275, 0.000133434, 1.01819, 0.0402191, -0.271784, 0.0010853
181.605, 0.946778, -90.6476, 0.963279, -90.7931, 0.975657, -91.0972, -0.00311146, -0.00311177, -0.00311218, 0.000133434, 1.01819, 0.0402186, -0.271171, 0.00117505
181.656, 0.945738, -94.0645, 0.96222, -94.2104, 0.974583, -94.515, -0.00320018, -0.00320051, -0.00320092, 0.000133434, 1.01819, 0.0402182, -0.270565, 0.00126993
181.706, 0.944714, -97.577, 0.961177, -97.7232, 0.973525, -98.0283, -0.00328844, -0.00328874, -0.00328921, 0.000133434, 1.01819, 0.0402178, -0.269969, 0.00136999
181.756, 0.943708, -101.184, 0.960154, -101.331, 0.972487, -101.636, -0.003376, -0.00337627, -0.00337663, 0.000133434, 1.01819, 0.0402174, -0.269385, 0.00147523
181.807, 0.942725, -104.886, 0.959153, -105.033, 0.971471, -105.339, -0.00346283, -0.00346314, -0.00346354, 0.000133434, 1.01819, 0.0402168, -0.268814, 0.00158567
181.857, 0.941767, -108.681, 0.958177, -108.828, 0.970481, -109.134, -0.00354912, -0.00354934, -0.00354977, 0.000133434, 1.01819, 0.0402166, -0.268258, 0.0017013
181.907, 0.940836, -112.568, 0.957229, -112.716, 0.96952, -113.023, -0.00363471, -0.00363495, -0.00363535, 0.000133434, 1.01819, 0.0402161, -0.267719, 0.00182213
181.958, 0.939935, -116.548, 0.956313, -116.696, 0.96859, -117.003, -0.0037196, -0.00371991, -0.00372019, 0.000133434, 1.01819, 0.0402155, -0.267198, 0.00194812
182.001, 0.939187, -120.043, 0.955551, -120.191, 0.967818, -120.499, -0.0037919, -0.00379222, -0.00379252, 0.000133434, 1.01819, 0.0402153, -0.266765, 0.00206061
182.001, 0.939187, -120.043, 0.955551, -120.191, 0.967818, -120.499, -0.0037919, -0.00379222, -0.00379252, 0.000133434, 1.01819, 0.0402161, -0.266765, 0.00206087
182.051, 0.93835, -124.192, 0.954699, -124.34, 0.966953, -124.648, -0.0038755, -0.00387574, -0.00387609, 0.000133434, 1.01819, 0.0402151, -0.266282, 0.00219617
182.102, 0.937551, -128.431, 0.953886, -128.579, 0.966128, -128.887, -0.00395837, -0.00395854, -0.00395891, 0.000133434, 1.01819, 0.0402142, -0.265821, 0.00233682
182.152, 0.936792, -132.758, 0.953112, -132.907, 0.965343, -133.215, -0.00404066, -0.00404075, -0.00404102, 0.000133434, 1.01819, 0.0402141, -0.265383, 0.00248253
182.202, 0.936074, -137.174, 0.952382, -137.322, 0.964602, -137.632, -0.00412164, -0.00412196, -0.0041222, 0.000133434, 1.01819, 0.0402139, -0.264969, 0.00263325
182.253, 0.9354, -141.677, 0.951696, -141.826, 0.963906, -142.135, -0.0042024, -0.00420259, -0.00420289, 0.000133434, 1.01819, 0.0402138, -0.264581, 0.00278892
182.303, 0.934772, -146.266, 0.951056, -146.415, 0.963257, -146.725, -0.00428224, -0.00428248, -0.00428276, 0.000133434, 1.01819, 0.0402139, -0.26422, 0.00294949
182.353, 0.93419, -150.941, 0.950464, -151.091, 0.962657, -151.401, -0.00436142, -0.0043615, -0.00436181, 0.000133434, 1.01819, 0.0402133, -0.263885, 0.0031149
182.404, 0.933657, -155.702, 0.949922, -155.851, 0.962106, -156.162, -0.00443974, -0.00443992, -0.00444007, 0.000133434, 1.01819, 0.0402129, -0.263579, 0.00328508
182.454, 0.933174, -160.546, 0.94943, -160.696, 0.961607, -161.006, -0.00451723, -0.00451748, -0.0045176, 0.000133434, 1.01819, 0.0402126, -0.263301, 0.00345996
182.504, 0.932742, -165.474, 0.94899, -165.624, 0.961161, -165.934, -0.00459401, -0.00459428, -0.0045943, 0.000133434, 1.01819, 0.0402124, -0.263053, 0.00363946
182.555, 0.932362, -170.484, 0.948603, -170.634, 0.960768, -170.945, -0.00466998, -0.00467007, -0.00467017, 0.000133434, 1.01819, 0.0402123, -0.262835, 0.00382352
182.605, 0.932034, -175.575, 0.948269, -175.726, 0.96043, -176.037, -0.00474512, -0.00474522, -0.00474527, 0.000133434, 1.01819, 0.0402122, -0.262647, 0.00401204
182.656, 0.93176, -180.747, 0.94799, -180.898, 0.960147, -181.209, -0.00481943, -0.00481943, -0.00481947, 0.000133434, 1.01819, 0.0402121, -0.26249, 0.00420495
182.706, 0.93154, -185.999, 0.947766, -186.149, 0.959919, -186.461, -0.00489281, -0.00489295, -0.004893, 0.000133434, 1.01819, 0.040212, -0.262363, 0.00440215
182.756, 0.931373, -191.33, 0.947596, -191.48, 0.959747, -191.792, -0.0049655, -0.00496563, -0.00496566, 0.000133434, 1.01819, 0.040212, -0.262268, 0.00460356
182.807, 0.931261, -196.738, 0.947483, -196.889, 0.959632, -197.2, -0.00503739, -0.0050374, -0.00503741, 0.000133434, 1.01819, 0.0402121, -0.262204, 0.00480909
182.857, 0.931204, -202.224, 0.947424, -202.375, 0.959572, -202.686, -0.00510828, -0.00510822, -0.00510838, 0.000133434, 1.01819, 0.040212, -0.262171, 0.00501864
182.907, 0.931201, -207.786, 0.947421, -207.936, 0.959569, -208.248, -0.00517853, -0.00517838, -0.00517837, 0.000133434, 1.01819, 0.0402116, -0.262169, 0.00523212
182.958, 0.931252, -213.423, 0.947473, -213.573, 0.959622, -213.885, -0.00524777, -0.00524769, -0.00524771, 0.000133434, 1.01819, 0.0402116, -0.262199, 0.00544942
183.001, 0.931339, -218.33, 0.947562, -218.48, 0.959712, -218.792, -0.00530646, -0.00530635, -0.00530635, 0.000133434, 1.01819, 0.0402117, -0.262249, 0.00563929
183.001, 0.931339, -218.33, 0.947562, -218.48, 0.959712, -218.792, -0.00530646, -0.00530635, -0.00530635, 0.000133434, 1.01819, 0.0402126, -0.262248, 0.00563992
183.051, 0.93149, -224.104, 0.947716, -224.254, 0.959868, -224.566, -0.00537421, -0.00537415, -0.00537405, 0.000133434, 1.01819, 0.040212, -0.262335, 0.00586345
183.102, 0.931694, -229.951, 0.947923, -230.101, 0.960079, -230.412, -0.00544093, -0.00544085, -0.00544078, 0.000133434, 1.01819, 0.0402123, -0.262452, 0.00609115
183.152, 0.931951, -235.869, 0.948184, -236.019, 0.960343, -236.33, -0.00550638, -0.0055063, -0.00550615, 0.000133434, 1.01819, 0.0402117, -0.262599, 0.00632229
183.202, 0.932258, -241.858, 0.948497, -242.008, 0.960661, -242.319, -0.005572, -0.00557191, -0.00557174, 0.000133434, 1.01819, 0.0402123, -0.262776, 0.00655676
183.253, 0.932616, -247.916, 0.948862, -248.066, 0.961031, -248.377, -0.00563621, -0.00563608, -0.00563589, 0.000133434, 1.01819, 0.0402123, -0.262981, 0.00679447
183.303, 0.933024, -254.043, 0.949276, -254.193, 0.961452, -254.504, -0.00569939, -0.00569926, -0.00569909, 0.000133434, 1.01819, 0.0402126, -0.263215, 0.0070353
183.353, 0.933479, -260.238, 0.94974, -260.388, 0.961922, -260.698, -0.00576147, -0.00576135, -0.00576115, 0.000133434, 1.01819, 0.0402125, -0.263476, 0.00727915
183.404, 0.933982, -266.499, 0.950252, -266.649, 0.962442, -266.959, -0.00582224, -0.00582214, -0.00582185, 0.000133434, 1.01819, 0.0402128, -0.263765, 0.00752591
183.454, 0.934531, -272.826, 0.950811, -272.976, 0.963008, -273.285, -0.00588279, -0.00588267, -0.00588237, 0.000133434, 1.01819, 0.0402131, -0.264081, 0.00777548
183.505, 0.935124, -279.218, 0.951415, -279.367, 0.963621, -279.677, -0.00594259, -0.0059424, -0.00594213, 0.000133434, 1.01819, 0.0402134, -0.264422, 0.00802776
183.555, 0.93576, -285.673, 0.952062, -285.822, 0.964278, -286.132, -0.00600154, -0.00600138, -0.00600104, 0.000133434, 1.01819, 0.0402138, -0.264788, 0.00828262
183.605, 0.936438, -292.192, 0.952752, -292.34, 0.964978, -292.649, -0.00605901, -0.00605878, -0.0060585, 0.000133434, 1.01819, 0.0402138, -0.265179, 0.00853998
183.656, 0.937156, -298.772, 0.953483, -298.92, 0.965719, -299.229, -0.00611553, -0.0061153, -0.006115, 0.000133434, 1.01819, 0.0402137, -0.265593, 0.00879972
183.706, 0.937912, -305.412, 0.954252, -305.561, 0.9665, -305.869, -0.00617143, -0.00617123, -0.0061709, 0.000133434, 1.01819, 0.0402146, -0.266029, 0.00906173
183.756, 0.938704, -312.113, 0.955059, -312.261, 0.967318, -312.569, -0.00622671, -0.00622648, -0.00622611, 0.000133434, 1.01819, 0.0402151, -0.266486, 0.00932591
183.807, 0.939531, -318.872, 0.955901, -319.02, 0.968173, -319.327, -0.0062805, -0.00628024, -0.00627987, 0.000133434, 1.01819, 0.040215, -0.266964, 0.00959215
183.857, 0.940392, -325.689, 0.956777, -325.836, 0.969062, -326.143, -0.00633361, -0.00633333, -0.00633293, 0.000133434, 1.01819, 0.0402153, -0.267462, 0.00986035
183.907, 0.941284, -332.562, 0.957685, -332.71, 0.969983, -333.016, -0.006386, -0.00638575, -0.00638538, 0.000133434, 1.01819, 0.0402159, -0.267978, 0.0101304
183.958, 0.942205, -339.492, 0.958623, -339.639, 0.970934, -339.945, -0.00643701, -0.00643674, -0.00643633, 0.000133434, 1.01819, 0.0402163, -0.268513, 0.0104022
184, 0.943, -345.355, 0.959432, -345.502, 0.971755, -345.807, -0.00647959, -0.0064793, -0.00647889, 0.000133434, 1.01819, 0.0402165, -0.268973, 0.0106318
184, 0.943, -345.355, 0.959432, -345.502, 0.971755, -345.807, -0.00647959, -0.0064793, -0.00647889, 0.000133434, 1.01819, 0.0402175, -0.268974, 0.0106328
184.05, 0.943971, -352.384, 0.960421, -352.531, 0.972758, -352.836, -0.00652881, -0.00652854, -0.00652811, 0.000133434, 1.01819, 0.040217, -0.269538, 0.0109065
184.101, 0.944966, -359.466, 0.961434, -359.612, 0.973786, -359.917, -0.00657757, -0.00657728, -0.00657685, 0.000133434, 1.01819, 0.0402173, -0.270116, 0.0111827
184.151, 0.945983, -366.601, 0.962469, -366.746, 0.974836, -367.051, -0.00662507, -0.00662477, -0.00662434, 0.000133434, 1.01819, 0.0402177, -0.270708, 0.0114603
184.201, 0.947021, -373.785, 0.963526, -373.931, 0.975908, -374.235, -0.00667193, -0.00667162, -0.00667119, 0.000133434, 1.01819, 0.0402182, -0.271312, 0.0117391
184.252, 0.948077, -381.02, 0.964601, -381.165, 0.977, -381.469, -0.0067176, -0.00671729, -0.00671685, 0.000133434, 1.01819, 0.0402187, -0.271928, 0.0120191
184.302, 0.949151, -388.304, 0.965694, -388.449, 0.978108, -388.752, -0.00676258, -0.00676227, -0.00676182, 0.000133434, 1.01819, 0.0402192, -0.272555, 0.0123001
184.352, 0.950239, -395.636, 0.966802, -395.78, 0.979232, -396.083, -0.00680644, -0.0068061, -0.00680564, 0.000133434, 1.01819, 0.0402195, -0.273191, 0.0125821
184.403, 0.95134, -403.014, 0.967923, -403.158, 0.980369, -403.46, -0.00684943, -0.00684907, -0.00684866, 0.000133434, 1.01819, 0.0402201, -0.273835, 0.0128649
184.453, 0.952453, -410.438, 0.969056, -410.582, 0.981519, -410.884, -0.00689168, -0.00689138, -0.00689092, 0.000133434, 1.01819, 0.0402204, -0.274487, 0.0131485
184.504, 0.953575, -417.907, 0.970198, -418.051, 0.982678, -418.352, -0.00693269, -0.00693246, -0.0069319, 0.000133434, 1.01819, 0.0402209, -0.275144, 0.0134328
184.554, 0.954705, -425.42, 0.971349, -425.563, 0.983845, -425.864, -0.00697319, -0.0069729, -0.00697237, 0.000133434, 1.01819, 0.0402212, -0.275808, 0.0137177
184.604, 0.955842, -432.976, 0.972505, -433.119, 0.985018, -433.419, -0.00701215, -0.00701191, -0.0070114, 0.000133434, 1.01819, 0.0402217, -0.276476, 0.014003
184.655, 0.956982, -440.574, 0.973667, -440.716, 0.986196, -441.016, -0.00705045, -0.00705008, -0.00704961, 0.000133434, 1.01819, 0.0402223, -0.277147, 0.0142887
184.705, 0.958125, -448.212, 0.97483, -448.355, 0.987377, -448.653, -0.00708783, -0.00708757, -0.00708707, 0.000133434, 1.01819, 0.0402228, -0.277821, 0.0145748
184.755, 0.95927, -455.891, 0.975996, -456.033, 0.988559, -456.331, -0.00712476, -0.00712446, -0.00712395, 0.000133434, 1.01819, 0.0402232, -0.278497, 0.014861
184.806, 0.960414, -463.608, 0.97716, -463.75, 0.989741, -464.048, -0.00716028, -0.00716001, -0.00715948, 0.000133434, 1.01819, 0.0402236, -0.279172, 0.0151473
184.856, 0.961556, -471.364, 0.978322, -471.505, 0.99092, -471.802, -0.00719487, -0.00719456, -0.00719415, 0.000133434, 1.01819, 0.0402243, -0.279847, 0.0154337
184.906, 0.962695, -479.156, 0.979482, -479.297, 0.992096, -479.594, -0.00722901, -0.0072286, -0.0072282, 0.000133434, 1.01819, 0.0402245, -0.280522, 0.0157201
184.957, 0.963829, -486.984, 0.980636, -487.125, 0.993267, -487.421, -0.00726203, -0.00726188, -0.0072613, 0.000133434, 1.01819, 0.0402254, -0.281194, 0.0160063
185, 0.964799, -493.745, 0.981624, -493.885, 0.994269, -494.181, -0.00728975, -0.00728946, -0.00728907, 0.000133434, 1.01819, 0.0402254, -0.28177, 0.0162522
185, 0.964799, -493.745, 0.981624, -493.885, 0.994269, -494.181, -0.00728975, -0.00728946, -0.00728907, 0.000133434, 1.01819, 0.040227, -0.28177, 0.0162535
185.05, 0.965921, -501.638, 0.982766, -501.777, 0.995428, -502.073, -0.00732131, -0.007321, -0.0073205, 0.000133434, 1.01819, 0.0402258, -0.282436, 0.016538
185.101, 0.967034, -509.564, 0.983899, -509.703, 0.996577, -509.998, -0.00735155, -0.00735134, -0.00735091, 0.000133434, 1.01819, 0.040227, -0.283098, 0.0168233
185.151, 0.968137, -517.522, 0.985022, -517.661, 0.997716, -517.956, -0.00738085, -0.00738065, -0.00738015, 0.000133434, 1.01819, 0.0402269, -0.283754, 0.0171083
185.201, 0.969229, -525.512, 0.986134, -525.651, 0.998845, -525.945, -0.00740933, -0.00740913, -0.0074087, 0.000133434, 1.01819, 0.0402274, -0.284406, 0.0173926
185.252, 0.97031, -533.532, 0.987234, -533.671, 0.99996, -533.964, -0.00743779, -0.00743748, -0.00743715, 0.000133434, 1.01819, 0.040228, -0.28505, 0.0176764
185.302, 0.971377, -541.581, 0.988321, -541.72, 1.00106, -542.013, -0.00746468, -0.00746435, -0.00746396, 0.000133434, 1.01819, 0.0402284, -0.285688, 0.0179595
185.352, 0.97243, -549.66, 0.989393, -549.798, 1.00215, -550.09, -0.00749052, -0.00749019, -0.00748988, 0.000133434, 1.01819, 0.0402289, -0.286318, 0.0182419
185.403, 0.973469, -557.766, 0.99045, -557.903, 1.00322, -558.196, -0.00751583, -0.00751563, -0.00751518, 0.000133434, 1.01819, 0.0402294, -0.286939, 0.0185234
185.453, 0.974492, -565.898, 0.991491, -566.036, 1.00428, -566.327, -0.00754012, -0.00753993, -0.00753947, 0.000133434, 1.01819, 0.0402298, -0.287552, 0.018804
185.504, 0.975498, -574.057, 0.992515, -574.194, 1.00532, -574.485, -0.00756369, -0.00756345, -0.00756313, 0.000133434, 1.01819, 0.0402307, -0.288156, 0.0190837
185.554, 0.976487, -582.24, 0.993522, -582.377, 1.00634, -582.668, -0.0075865, -0.00758612, -0.00758571, 0.000133434, 1.01819, 0.0402306, -0.28875, 0.0193623
185.604, 0.977458, -590.447, 0.99451, -590.584, 1.00734, -590.874, -0.00760765, -0.00760738, -0.00760707, 0.000133434, 1.01819, 0.040231, -0.289333, 0.0196398
185.655, 0.97841, -598.677, 0.99548, -598.814, 1.00833, -599.104, -0.00762938, -0.00762906, -0.00762875, 0.000133434, 1.01819, 0.0402316, -0.289907, 0.0199162
185.705, 0.979343, -606.93, 0.996429, -607.066, 1.00929, -607.356, -0.00764957, -0.0076493, -0.00764899, 0.000133434, 1.01819, 0.0402321, -0.290469, 0.0201913
185.755, 0.980256, -615.204, 0.997359, -615.34, 1.01023, -615.629, -0.00766862, -0.00766844, -0.00766802, 0.000133434, 1.01819, 0.0402321, -0.291019, 0.0204651
185.806, 0.981149, -623.499, 0.998268, -623.634, 1.01115, -623.923, -0.00768779, -0.00768753, -0.00768721, 0.000133434, 1.01819, 0.0402326, -0.291558, 0.0207375
185.856, 0.982021, -631.813, 0.999156, -631.948, 1.01206, -632.237, -0.00770576, -0.00770553, -0.00770525, 0.000133434, 1.01819, 0.040233, -0.292085, 0.0210085
185.906, 0.982873, -640.146, 1.00002, -640.281, 1.01293, -640.569, -0.00772282, -0.00772259, -0.00772226, 0.000133434, 1.01819, 0.0402333, -0.2926, 0.0212781
185.957, 0.983703, -648.497, 1.00087, -648.632, 1.01379, -648.92, -0.00773912, -0.00773892, -0.00773857, 0.000133434, 1.01819, 0.0402339, -0.293101, 0.0215461
186, 0.9844, -655.692, 1.00158, -655.827, 1.01451, -656.115, -0.00775258, -0.00775236, -0.00775209, 0.000133434, 1.01819, 0.0402337, -0.293524, 0.0217753
186, 0.9844, -655.692, 1.00158, -655.827, 1.01451, -656.115, -0.00775258, -0.00775236, -0.00775209, 0.000133434, 1.01819, 0.0402354, -0.293524, 0.0217766
186.05, 0.98519, -664.074, 1.00238, -664.209, 1.01533, -664.496, -0.0077678, -0.00776761, -0.00776731, 0.000133434, 1.01819, 0.0402346, -0.294002, 0.0220403
186.101, 0.985958, -672.472, 1.00316, -672.606, 1.01612, -672.893, -0.00778092, -0.00778081, -0.00778047, 0.000133434, 1.01819, 0.0402343, -0.294468, 0.0223036
186.151, 0.986704, -680.884, 1.00392, -681.018, 1.01689, -681.305, -0.00779488, -0.0077947, -0.00779442, 0.000133434, 1.01819, 0.040235, -0.294921, 0.0225651
186.201, 0.987428, -689.31, 1.00466, -689.444, 1.01764, -689.731, -0.00780718, -0.00780702, -0.0078068, 0.000133434, 1.01819, 0.0402356, -0.295361, 0.0228249
186.252, 0.98813, -697.75, 1.00537, -697.883, 1.01836, -698.17, -0.0078186, -0.00781841, -0.00781818, 0.000133434, 1.01819, 0.0402358, -0.295787, 0.0230827
186.302, 0.98881, -706.202, 1.00607, -706.335, 1.01907, -706.621, -0.00783042, -0.00783026, -0.00783, 0.000133434, 1.01819, 0.0402362, -0.296201, 0.0233387
186.353, 0.989467, -714.665, 1.00674, -714.798, 1.01974, -715.084, -0.00784089, -0.00784073, -0.00784049, 0.000133434, 1.01819, 0.0402362, -0.296601, 0.0235928
186.403, 0.990102, -723.139, 1.00738, -723.272, 1.0204, -723.558, -0.00785069, -0.00785053, -0.0078503, 0.000133434, 1.01819, 0.0402366, -0.296988, 0.0238448
186.453, 0.990716, -731.623, 1.00801, -731.756, 1.02103, -732.042, -0.00785921, -0.00785906, -0.00785884, 0.000133434, 1.01819, 0.0402369, -0.297362, 0.0240948
186.504, 0.991308, -740.117, 1.00861, -740.25, 1.02165, -740.534, -0.00786732, -0.00786716, -0.00786695, 0.000133434, 1.01819, 0.0402376, -0.297722, 0.0243428
186.554, 0.991878, -748.619, 1.00919, -748.751, 1.02223, -749.036, -0.00787495, -0.00787482, -0.00787458, 0.000133434, 1.01819, 0.0402378, -0.29807, 0.0245886
186.604, 0.992427, -757.129, 1.00975, -757.261, 1.0228, -757.546, -0.00788189, -0.00788177, -0.00788156, 0.000133434, 1.01819, 0.0402378, -0.298405, 0.0248322
186.655, 0.992954, -765.645, 1.01029, -765.778, 1.02335, -766.062, -0.00788892, -0.00788881, -0.00788862, 0.000133434, 1.01819, 0.0402378, -0.298728, 0.0250737
186.705, 0.993461, -774.169, 1.0108, -774.301, 1.02387, -774.585, -0.0078945, -0.00789437, -0.00789419, 0.000133434, 1.01819, 0.0402381, -0.299037, 0.0253129
186.755, 0.993947, -782.698, 1.0113, -782.83, 1.02437, -783.114, -0.00789962, -0.00789942, -0.00789926, 0.000133434, 1.01819, 0.0402381, -0.299334, 0.0255498
186.806, 0.994412, -791.231, 1.01177, -791.363, 1.02485, -791.647, -0.00790339, -0.00790319, -0.00790305, 0.000133434, 1.01819, 0.0402385, -0.299618, 0.0257844
186.856, 0.994857, -799.77, 1.01222, -799.901, 1.02531, -800.185, -0.00790732, -0.00790724, -0.0079071, 0.000133434, 1.01819, 0.0402388, -0.299892, 0.0260167
186.906, 0.995283, -808.311, 1.01266, -808.443, 1.02575, -808.726, -0.00790994, -0.00790984, -0.00790967, 0.000133434, 1.01819, 0.0402389, -0.300152, 0.0262465
186.957, 0.99569, -816.856, 1.01307, -816.988, 1.02617, -817.271, -0.00791242, -0.00791236, -0.00791224, 0.000133434, 1.01819, 0.0402391, -0.300401, 0.026474
187, 0.996024, -824.206, 1.01341, -824.338, 1.02652, -824.621, -0.00791502, -0.00791488, -0.00791478, 0.000133434, 1.01819, 0.0402394, -0.300606, 0.0266677
187, 0.996024, -824.206, 1.01341, -824.338, 1.02652, -824.621, -0.00791502, -0.00791488, -0.00791478, 0.000133434, 1.01819, 0.0402405, -0.300606, 0.0266689
187.05, 0.996395, -832.754, 1.01379, -832.886, 1.0269, -833.169, -0.00791506, -0.00791495, -0.00791481, 0.000133434, 1.01819, 0.0402395, -0.300833, 0.0268906
187.101, 0.996748, -841.303, 1.01415, -841.435, 1.02726, -841.718, -0.0079174, -0.00791726, -0.00791724, 0.000133434, 1.01819, 0.0402396, -0.30105, 0.027111
187.151, 0.997083, -849.854, 1.01449, -849.986, 1.02761, -850.268, -0.00791752, -0.00791747, -0.0079174, 0.000133434, 1.01819, 0.0402396, -0.301255, 0.0273288
187.201, 0.997401, -858.404, 1.01481, -858.535, 1.02794, -858.818, -0.00791506, -0.00791501, -0.00791484, 0.000133434, 1.01819, 0.0402397, -0.301451, 0.0275442
187.252, 0.997702, -866.952, 1.01512, -867.083, 1.02825, -867.366, -0.00791443, -0.00791434, -0.00791425, 0.000133434, 1.01819, 0.0402395, -0.301635, 0.0277569
187.302, 0.997986, -875.5, 1.01541, -875.631, 1.02854, -875.914, -0.00791282, -0.00791263, -0.00791258, 0.000133434, 1.01819, 0.0402403, -0.301809, 0.0279671
187.353, 0.998253, -884.046, 1.01568, -884.177, 1.02882, -884.459, -0.00791259, -0.00791261, -0.00791253, 0.000133434, 1.01819, 0.0402404, -0.301974, 0.0281746
187.403, 0.998505, -892.589, 1.01594, -892.719, 1.02908, -893.002, -0.00790951, -0.00790936, -0.0079093, 0.000133434, 1.01819, 0.0402403, -0.302128, 0.0283795
187.453, 0.998742, -901.128, 1.01618, -901.259, 1.02932, -901.541, -0.00790519, -0.00790511, -0.007905, 0.000133434, 1.01819, 0.0402405, -0.302274, 0.0285817
187.504, 0.998964, -909.664, 1.0164, -909.795, 1.02955, -910.077, -0.00790246, -0.00790243, -0.00790239, 0.000133434, 1.01819, 0.0402406, -0.302411, 0.0287812
187.554, 0.999172, -918.196, 1.01661, -918.326, 1.02977, -918.608, -0.00789781, -0.00789777, -0.00789774, 0.000133434, 1.01819, 0.0402406, -0.302538, 0.0289781
187.604, 0.999365, -926.723, 1.01681, -926.853, 1.02997, -927.135, -0.00789251, -0.00789244, -0.00789232, 0.000133434, 1.01819, 0.0402406, -0.302657, 0.0291722
187.655, 0.999545, -935.244, 1.01699, -935.375, 1.03015, -935.657, -0.00788748, -0.00788729, -0.00788724, 0.000133434, 1.01819, 0.0402411, -0.302768, 0.0293636
187.705, 0.999712, -943.76, 1.01716, -943.891, 1.03032, -944.172, -0.00788238, -0.00788221, -0.0078823, 0.000133434, 1.01819, 0.0402408, -0.30287, 0.0295522
187.755, 0.999866, -952.269, 1.01732, -952.4, 1.03048, -952.682, -0.00787718, -0.00787717, -0.00787714, 0.000133434, 1.01819, 0.0402412, -0.302965, 0.0297381
187.806, 1.00001, -960.772, 1.01747, -960.903, 1.03063, -961.184, -0.00787108, -0.00787105, -0.00787084, 0.000133434, 1.01819, 0.0402408, -0.303051, 0.0299212
187.856, 1.00014, -969.267, 1.0176, -969.398, 1.03076, -969.679, -0.00786226, -0.00786222, -0.00786214, 0.000133434, 1.01819, 0.0402411, -0.303132, 0.0301016
187.906, 1.00025, -977.755, 1.01772, -977.885, 1.03089, -978.167, -0.00785712, -0.00785703, -0.00785702, 0.000133434, 1.01819, 0.0402411, -0.303204, 0.0302791
187.957, 1.00036, -986.234, 1.01783, -986.364, 1.031, -986.645, -0.00784705, -0.00784707, -0.00784699, 0.000133434, 1.01819, 0.0402412, -0.30327, 0.0304538
188, 1.00045, -993.519, 1.01791, -993.649, 1.03108, -993.93, -0.00784193, -0.00784197, -0.00784189, 0.000133434, 1.01819, 0.0402412, -0.303321, 0.0306018
188, 1.00045, -993.519, 1.01791, -993.649, 1.03108, -993.93, -0.00784193, -0.00784197, -0.00784189, 0.000133434, 1.01819, 0.0402424, -0.303322, 0.0306029
188.05, 1.00053, -1001.98, 1.018, -1002.11, 1.03117, -1002.39, -0.00783193, -0.00783191, -0.00783181, 0.000133434, 1.01819, 0.0402412, -0.303376, 0.0307713
188.101, 1.00061, -1010.43, 1.01808, -1010.56, 1.03125, -1010.85, -0.00782199, -0.00782197, -0.00782192, 0.000133434, 1.01819, 0.0402413, -0.303424, 0.030938
188.151, 1.00068, -1018.88, 1.01815, -1019.01, 1.03132, -1019.29, -0.0078123, -0.00781233, -0.00781228, 0.000133434, 1.01819, 0.0402413, -0.303465, 0.0311018
188.202, 1.00074, -1027.31, 1.01821, -1027.44, 1.03138, -1027.72, -0.00780241, -0.00780243, -0.0078024, 0.000133434, 1.01819, 0.0402416, -0.303501, 0.0312628
188.252, 1.00079, -1035.73, 1.01826, -1035.86, 1.03143, -1036.14, -0.00779232, -0.00779231, -0.00779229, 0.000133434, 1.01819, 0.0402414, -0.303531, 0.031421
188.302, 1.00083, -1044.14, 1.0183, -1044.27, 1.03148, -1044.55, -0.00778184, -0.00778184, -0.00778181, 0.000133434, 1.01819, 0.040241, -0.303557, 0.0315763
188.353, 1.00086, -1052.54, 1.01833, -1052.67, 1.03151, -1052.95, -0.00777133, -0.00777134, -0.00777133, 0.000133434, 1.01819, 0.0402411, -0.303577, 0.0317288
188.403, 1.00089, -1060.92, 1.01836, -1061.05, 1.03154, -1061.34, -0.00776111, -0.00776113, -0.00776111, 0.000133434, 1.01819, 0.0402412, -0.303592, 0.0318784
188.453, 1.0009, -1069.3, 1.01838, -1069.43, 1.03155, -1069.71, -0.00774973, -0.00774974, -0.00774972, 0.000133434, 1.01819, 0.0402414, -0.303603, 0.0320252
188.504, 1.00091, -1077.66, 1.01839, -1077.79, 1.03156, -1078.07, -0.00773619, -0.00773619, -0.00773619, 0.000133434, 1.01819, 0.0402415, -0.303609, 0.0321691
188.554, 1.00091, -1086.01, 1.01839, -1086.14, 1.03157, -1086.42, -0.00772556, -0.00772556, -0.00772557, 0.000133434, 1.01819, 0.0402413, -0.303611, 0.0323102
188.604, 1.00091, -1094.34, 1.01838, -1094.47, 1.03156, -1094.75, -0.00771119, -0.00771119, -0.00771121, 0.000133434, 1.01819, 0.0402414, -0.303607, 0.0324484
188.655, 1.0009, -1102.66, 1.01837, -1102.79, 1.03155, -1103.07, -0.00770042, -0.00770042, -0.00770045, 0.000133434, 1.01819, 0.0402415, -0.303601, 0.0325839
188.705, 1.00088, -1110.97, 1.01836, -1111.1, 1.03153, -1111.38, -0.00768425, -0.00768423, -0.00768424, 0.000133434, 1.01819, 0.0402413, -0.30359, 0.0327164
188.755, 1.00086, -1119.26, 1.01833, -1119.39, 1.03151, -1119.67, -0.00767165, -0.00767163, -0.00767167, 0.000133434, 1.01819, 0.0402412, -0.303576, 0.0328462
188.806, 1.00083, -1127.54, 1.0183, -1127.67, 1.03148, -1127.95, -0.00766003, -0.00766002, -0.00766005, 0.000133434, 1.01819, 0.0402412, -0.303557, 0.0329731
188.856, 1.00079, -1135.8, 1.01827, -1135.93, 1.03144, -1136.21, -0.00764438, -0.0076444, -0.00764437, 0.000133434, 1.01819, 0.0402418, -0.303536, 0.0330972
188.906, 1.00075, -1144.05, 1.01822, -1144.18, 1.0314, -1144.46, -0.00762989, -0.00762993, -0.00762992, 0.000133434, 1.01819, 0.0402416, -0.303511, 0.0332185
188.957, 1.00071, -1152.28, 1.01818, -1152.41, 1.03135, -1152.69, -0.00761495, -0.00761495, -0.007615, 0.000133434, 1.01819, 0.0402414, -0.303482, 0.033337
189, 1.00066, -1159.35, 1.01813, -1159.48, 1.03131, -1159.76, -0.00760419, -0.00760421, -0.00760421, 0.000133434, 1.01819, 0.0402413, -0.303455, 0.0334367
189, 1.00066, -1159.35, 1.01813, -1159.48, 1.03131, -1159.76, -0.00760419, -0.00760421, -0.00760421, 0.000133434, 1.01819, 0.0402426, -0.303456, 0.0334375
189.05, 1.00061, -1167.55, 1.01808, -1167.68, 1.03125, -1167.96, -0.00758917, -0.00758926, -0.00758925, 0.000133434, 1.01819, 0.0402413, -0.30342, 0.03355
189.101, 1.00055, -1175.73, 1.01801, -1175.86, 1.03119, -1176.14, -0.00757391, -0.00757387, -0.00757393, 0.000133434, 1.01819, 0.0402413, -0.303384, 0.0336605
189.151, 1.00048, -1183.9, 1.01795, -1184.03, 1.03112, -1184.31, -0.00755763, -0.00755764, -0.00755762, 0.000133434, 1.01819, 0.0402412, -0.303344, 0.0337683
189.202, 1.00041, -1192.05, 1.01788, -1192.18, 1.03105, -1192.46, -0.00754132, -0.00754139, -0.00754137, 0.000133434, 1.01819, 0.0402413, -0.3033, 0.0338733
189.252, 1.00034, -1200.19, 1.0178, -1200.32, 1.03097, -1200.6, -0.00752471, -0.00752459, -0.00752475, 0.000133434, 1.01819, 0.0402413, -0.303255, 0.0339755
189.302, 1.00026, -1208.3, 1.01772, -1208.43, 1.03089, -1208.72, -0.00750881, -0.00750899, -0.00750896, 0.000133434, 1.01819, 0.0402408, -0.303207, 0.0340751
189.353, 1.00018, -1216.4, 1.01764, -1216.53, 1.0308, -1216.82, -0.00749252, -0.00749256, -0.00749261, 0.000133434, 1.01819, 0.0402411, -0.303156, 0.0341719
189.403, 1.00009, -1224.49, 1.01755, -1224.62, 1.03071, -1224.9, -0.00747797, -0.00747797, -0.00747806, 0.000133434, 1.01819, 0.0402411, -0.303103, 0.034266
189.453, 0.999998, -1232.55, 1.01746, -1232.68, 1.03062, -1232.96, -0.00745914, -0.00745932, -0.00745935, 0.000133434, 1.01819, 0.0402408, -0.303046, 0.0343575
189.504, 0.999904, -1240.6, 1.01736, -1240.73, 1.03052, -1241.01, -0.00744169, -0.00744171, -0.00744162, 0.000133434, 1.01819, 0.040241, -0.302988, 0.0344462
189.554, 0.999805, -1248.62, 1.01726, -1248.75, 1.03042, -1249.04, -0.00742735, -0.00742744, -0.00742739, 0.000133434, 1.01819, 0.040241, -0.302927, 0.0345323
189.604, 0.999702, -1256.63, 1.01715, -1256.76, 1.03031, -1257.04, -0.00740827, -0.00740834, -0.00740831, 0.000133434, 1.01819, 0.040241, -0.302864, 0.0346158
189.655, 0.999596, -1264.62, 1.01705, -1264.75, 1.0302, -1265.04, -0.00739144, -0.00739152, -0.00739147, 0.000133434, 1.01819, 0.0402409, -0.302799, 0.0346966
189.705, 0.999486, -1272.59, 1.01693, -1272.73, 1.03009, -1273.01, -0.0073738, -0.00737385, -0.00737396, 0.000133434, 1.01819, 0.040241, -0.302731, 0.0347748
189.755, 0.999372, -1280.55, 1.01682, -1280.68, 1.02997, -1280.96, -0.00735686, -0.0073569, -0.00735694, 0.000133434, 1.01819, 0.0402409, -0.302661, 0.0348505
189.806, 0.999255, -1288.48, 1.0167, -1288.61, 1.02985, -1288.89, -0.00733902, -0.00733903, -0.00733902, 0.000133434, 1.01819, 0.0402409, -0.302589, 0.0349235
189.856, 0.999134, -1296.4, 1.01658, -1296.53, 1.02973, -1296.81, -0.00732044, -0.00732053, -0.00732065, 0.000133434, 1.01819, 0.0402408, -0.302515, 0.0349941
189.907, 0.99901, -1304.29, 1.01645, -1304.42, 1.0296, -1304.71, -0.00730375, -0.00730376, -0.00730378, 0.000133434, 1.01819, 0.0402404, -0.302439, 0.035062
189.957, 0.998882, -1312.17, 1.01632, -1312.3, 1.02947, -1312.58, -0.00728592, -0.0072859, -0.00728597, 0.000133434, 1.01819, 0.0402404, -0.302361, 0.0351275
190, 0.99877, -1318.93, 1.01621, -1319.06, 1.02935, -1319.34, -0.0072702, -0.00727015, -0.0072702, 0.000133434, 1.01819, 0.0402406, -0.302291, 0.0351818
190, 0.99877, -1318.93, 1.01621, -1319.06, 1.02935, -1319.34, -0.0072702, -0.00727015, -0.0072702, 0.000133434, 1.01819, 0.0402418, -0.302291, 0.0351824
190.051, 0.998636, -1326.77, 1.01607, -1326.9, 1.02921, -1327.18, -0.00725149, -0.00725151, -0.00725159, 0.000133434, 1.01819, 0.0402403, -0.302208, 0.0352426
190.101, 0.998499, -1334.59, 1.01593, -1334.72, 1.02907, -1335, -0.00723514, -0.00723524, -0.00723522, 0.000133434, 1.01819, 0.0402402, -0.302124, 0.035301
190.151, 0.998358, -1342.39, 1.01579, -1342.52, 1.02893, -1342.8, -0.00721538, -0.00721535, -0.00721543, 0.000133434, 1.01819, 0.0402404, -0.302038, 0.035357
190.202, 0.998214, -1350.17, 1.01564, -1350.3, 1.02878, -1350.58, -0.00719672, -0.00719674, -0.0071968, 0.000133434, 1.01819, 0.0402403, -0.301949, 0.0354105
190.252, 0.998067, -1357.93, 1.01549, -1358.06, 1.02863, -1358.34, -0.00717919, -0.00717925, -0.00717934, 0.000133434, 1.01819, 0.0402404, -0.301859, 0.0354617
190.302, 0.997917, -1365.67, 1.01534, -1365.8, 1.02847, -1366.09, -0.00715987, -0.00715995, -0.00716002, 0.000133434, 1.01819, 0.04024, -0.301767, 0.0355105
190.353, 0.997764, -1373.39, 1.01518, -1373.53, 1.02831, -1373.81, -0.00714189, -0.0071419, -0.00714195, 0.000133434, 1.01819, 0.0402402, -0.301673, 0.0355569
190.403, 0.997607, -1381.1, 1.01502, -1381.23, 1.02815, -1381.51, -0.00712401, -0.00712399, -0.00712408, 0.000133434, 1.01819, 0.0402401, -0.301577, 0.035601
190.453, 0.997447, -1388.78, 1.01486, -1388.91, 1.02799, -1389.19, -0.00710425, -0.00710424, -0.00710433, 0.000133434, 1.01819, 0.04024, -0.301479, 0.0356428
190.504, 0.997284, -1396.44, 1.01469, -1396.57, 1.02782, -1396.85, -0.00708542, -0.00708539, -0.00708551, 0.000133434, 1.01819, 0.0402397, -0.301378, 0.0356824
190.554, 0.997118, -1404.08, 1.01452, -1404.21, 1.02765, -1404.49, -0.00706795, -0.00706799, -0.00706804, 0.000133434, 1.01819, 0.0402397, -0.301277, 0.0357196
190.604, 0.996949, -1411.7, 1.01435, -1411.83, 1.02747, -1412.11, -0.00704717, -0.00704722, -0.00704728, 0.000133434, 1.01819, 0.0402401, -0.301173, 0.0357547
190.655, 0.996776, -1419.3, 1.01418, -1419.43, 1.02729, -1419.71, -0.00702989, -0.00702992, -0.00702998, 0.000133434, 1.01819, 0.0402397, -0.301067, 0.0357876
190.705, 0.996601, -1426.88, 1.014, -1427.01, 1.02711, -1427.3, -0.00701263, -0.00701269, -0.00701274, 0.000133434, 1.01819, 0.0402395, -0.30096, 0.0358183
190.755, 0.996422, -1434.44, 1.01382, -1434.57, 1.02693, -1434.86, -0.00699277, -0.00699282, -0.00699288, 0.000133434, 1.01819, 0.0402395, -0.30085, 0.0358468
190.806, 0.996241, -1441.98, 1.01363, -1442.11, 1.02674, -1442.4, -0.00697361, -0.00697365, -0.00697372, 0.000133434, 1.01819, 0.0402395, -0.300739, 0.0358732
190.856, 0.996057, -1449.5, 1.01344, -1449.63, 1.02655, -1449.92, -0.00695677, -0.00695682, -0.0069569, 0.000133434, 1.01819, 0.0402395, -0.300626, 0.0358975
190.907, 0.995869, -1457, 1.01325, -1457.13, 1.02636, -1457.42, -0.00693608, -0.00693613, -0.0069362, 0.000133434, 1.01819, 0.0402393, -0.300512, 0.0359198
190.957, 0.995679, -1464.48, 1.01306, -1464.61, 1.02616, -1464.9, -0.00691765, -0.00691767, -0.00691777, 0.000133434, 1.01819, 0.0402394, -0.300394, 0.03594
191, 0.995514, -1470.9, 1.01289, -1471.03, 1.02599, -1471.31, -0.00690192, -0.00690198, -0.00690204, 0.000133434, 1.01819, 0.0402393, -0.300294, 0.0359557
191, 0.995514, -1470.9, 1.01289, -1471.03, 1.02599, -1471.31, -0.00690192, -0.00690198, -0.00690204, 0.000133434, 1.01819, 0.0402402, -0.300293, 0.0359561
191.051, 0.995318, -1478.34, 1.01269, -1478.47, 1.02579, -1478.76, -0.00688382, -0.00688384, -0.00688389, 0.000133434, 1.01819, 0.040239, -0.300173, 0.0359722
191.101, 0.99512, -1485.77, 1.01249, -1485.9, 1.02558, -1486.18, -0.00686554, -0.00686555, -0.00686564, 0.000133434, 1.01819, 0.0402391, -0.300052, 0.0359866
191.151, 0.994919, -1493.17, 1.01229, -1493.3, 1.02537, -1493.58, -0.00684643, -0.0068465, -0.00684659, 0.000133434, 1.01819, 0.0402389, -0.299929, 0.0359992
191.202, 0.994714, -1500.55, 1.01208, -1500.68, 1.02516, -1500.97, -0.00682921, -0.00682929, -0.0068294, 0.000133434, 1.01819, 0.0402388, -0.299804, 0.0360098
191.252, 0.994508, -1507.91, 1.01187, -1508.05, 1.02495, -1508.33, -0.00681042, -0.00681052, -0.00681063, 0.000133434, 1.01819, 0.0402387, -0.299678, 0.0360186
191.302, 0.994299, -1515.26, 1.01165, -1515.39, 1.02473, -1515.67, -0.00679148, -0.00679158, -0.0067916, 0.000133434, 1.01819, 0.0402386, -0.299549, 0.0360254
191.353, 0.994087, -1522.58, 1.01144, -1522.71, 1.02452, -1523, -0.00677464, -0.00677464, -0.00677478, 0.000133434, 1.01819, 0.0402385, -0.29942, 0.0360305
191.403, 0.993873, -1529.89, 1.01122, -1530.02, 1.02429, -1530.3, -0.00675521, -0.00675526, -0.00675538, 0.000133434, 1.01819, 0.0402384, -0.299289, 0.0360337
191.453, 0.993656, -1537.17, 1.011, -1537.3, 1.02407, -1537.59, -0.00673812, -0.00673823, -0.00673828, 0.000133434, 1.01819, 0.0402383, -0.299157, 0.0360351
191.504, 0.993436, -1544.43, 1.01078, -1544.57, 1.02384, -1544.85, -0.00671949, -0.00671953, -0.00671963, 0.000133434, 1.01819, 0.0402381, -0.299023, 0.0360348
191.554, 0.993215, -1551.68, 1.01055, -1551.81, 1.02361, -1552.1, -0.00670104, -0.00670103, -0.00670115, 0.000133434, 1.01819, 0.0402382, -0.298887, 0.0360328
191.604, 0.992991, -1558.91, 1.01032, -1559.04, 1.02338, -1559.32, -0.00668334, -0.00668325, -0.00668336, 0.000133434, 1.01819, 0.0402384, -0.29875, 0.0360291
191.655, 0.992765, -1566.11, 1.01009, -1566.25, 1.02315, -1566.53, -0.00666568, -0.00666572, -0.00666572, 0.000133434, 1.01819, 0.0402379, -0.298612, 0.0360237
191.705, 0.992536, -1573.3, 1.00986, -1573.43, 1.02291, -1573.72, -0.00664857, -0.00664855, -0.00664863, 0.000133434, 1.01819, 0.0402375, -0.298472, 0.0360167
191.756, 0.992306, -1580.47, 1.00963, -1580.6, 1.02268, -1580.89, -0.00663009, -0.00663015, -0.00663026, 0.000133434, 1.01819, 0.0402379, -0.298332, 0.036008
191.806, 0.992073, -1587.62, 1.00939, -1587.75, 1.02244, -1588.04, -0.00661232, -0.00661229, -0.00661248, 0.000133434, 1.01819, 0.0402372, -0.298189, 0.0359978
191.856, 0.991839, -1594.75, 1.00915, -1594.88, 1.02219, -1595.17, -0.00659654, -0.0065966, -0.0065966, 0.000133434, 1.01819, 0.0402376, -0.298047, 0.035986
191.907, 0.991602, -1601.86, 1.00891, -1602, 1.02195, -1602.28, -0.00657818, -0.00657814, -0.00657833, 0.000133434, 1.01819, 0.0402375, -0.297903, 0.0359727
191.957, 0.991364, -1608.96, 1.00867, -1609.09, 1.0217, -1609.38, -0.00656206, -0.00656204, -0.00656211, 0.000133434, 1.01819, 0.0402373, -0.297756, 0.0359579
192, 0.991158, -1615.04, 1.00846, -1615.18, 1.02149, -1615.46, -0.0065473, -0.00654747, -0.0065475, 0.000133434, 1.01819, 0.0402373, -0.297631, 0.035944
192, 0.991158, -1615.04, 1.00846, -1615.18, 1.02149, -1615.46, -0.0065473, -0.00654747, -0.0065475, 0.000133434, 1.01819, 0.0402382, -0.297631, 0.0359442
192.051, 0.990917, -1622.1, 1.00821, -1622.24, 1.02124, -1622.52, -0.00653054, -0.00653078, -0.00653077, 0.000133434, 1.01819, 0.0402371, -0.297484, 0.0359265
192.101, 0.990673, -1629.15, 1.00796, -1629.28, 1.02099, -1629.56, -0.00651262, -0.00651272, -0.0065127, 0.000133434, 1.01819, 0.0402371, -0.297336, 0.0359076
192.151, 0.990429, -1636.17, 1.00772, -1636.3, 1.02074, -1636.59, -0.0064968, -0.00649675, -0.0064969, 0.000133434, 1.01819, 0.0402369, -0.297187, 0.0358873
192.202, 0.990183, -1643.18, 1.00746, -1643.31, 1.02048, -1643.59, -0.00648124, -0.00648121, -0.00648136, 0.000133434, 1.01819, 0.0402367, -0.297037, 0.0358656
192.252, 0.989936, -1650.16, 1.00721, -1650.3, 1.02023, -1650.58, -0.0064628, -0.00646284, -0.00646286, 0.000133434, 1.01819, 0.0402364, -0.296887, 0.0358426
192.302, 0.989687, -1657.13, 1.00696, -1657.27, 1.01997, -1657.55, -0.0064466, -0.00644682, -0.00644682, 0.000133434, 1.01819, 0.0402368, -0.296735, 0.0358183
192.353, 0.989438, -1664.09, 1.00671, -1664.22, 1.01971, -1664.51, -0.00643006, -0.0064301, -0.0064302, 0.000133434, 1.01819, 0.0402362, -0.296583, 0.0357927
192.403, 0.989187, -1671.02, 1.00645, -1671.15, 1.01946, -1671.44, -0.00641574, -0.00641587, -0.0064159, 0.000133434, 1.01819, 0.0402365, -0.29643, 0.0357658
192.453, 0.988935, -1677.94, 1.00619, -1678.07, 1.01919, -1678.36, -0.0064002, -0.0064003, -0.00640046, 0.000133434, 1.01819, 0.0402365, -0.296277, 0.0357378
192.504, 0.988682, -1684.84, 1.00594, -1684.97, 1.01893, -1685.26, -0.006384, -0.00638407, -0.00638418, 0.000133434, 1.01819, 0.0402361, -0.296123, 0.0357085
192.554, 0.988429, -1691.72, 1.00568, -1691.86, 1.01867, -1692.14, -0.00636777, -0.00636785, -0.00636793, 0.000133434, 1.01819, 0.0402363, -0.295969, 0.0356781
192.604, 0.988175, -1698.59, 1.00542, -1698.73, 1.01841, -1699.01, -0.006352, -0.00635202, -0.00635209, 0.000133434, 1.01819, 0.0402361, -0.295815, 0.0356466
192.655, 0.98792, -1705.44, 1.00516, -1705.58, 1.01815, -1705.86, -0.00633677, -0.00633687, -0.00633693, 0.000133434, 1.01819, 0.0402358, -0.295659, 0.0356139
192.705, 0.987664, -1712.28, 1.0049, -1712.41, 1.01788, -1712.7, -0.00632165, -0.00632172, -0.00632178, 0.000133434, 1.01819, 0.0402357, -0.295505, 0.0355801
192.756, 0.987408, -1719.1, 1.00464, -1719.23, 1.01762, -1719.52, -0.0063064, -0.00630644, -0.0063065, 0.000133434, 1.01819, 0.0402358, -0.295348, 0.0355453
192.806, 0.987151, -1725.9, 1.00438, -1726.03, 1.01735, -1726.32, -0.00629294, -0.00629299, -0.00629309, 0.000133434, 1.01819, 0.0402356, -0.295192, 0.0355095
192.856, 0.986895, -1732.68, 1.00412, -1732.82, 1.01709, -1733.1, -0.00627884, -0.00627889, -0.00627899, 0.000133434, 1.01819, 0.0402353, -0.295037, 0.0354727
192.907, 0.986638, -1739.45, 1.00386, -1739.59, 1.01682, -1739.88, -0.00626391, -0.00626395, -0.00626402, 0.000133434, 1.01819, 0.0402354, -0.294881, 0.0354349
192.957, 0.986382, -1746.21, 1.0036, -1746.34, 1.01656, -1746.63, -0.0062481, -0.00624815, -0.0062483, 0.000133434, 1.01819, 0.0402352, -0.294726, 0.0353962
193, 0.986161, -1752.01, 1.00337, -1752.14, 1.01633, -1752.43, -0.00623721, -0.00623731, -0.00623737, 0.000133434, 1.01819, 0.0402354, -0.294591, 0.0353621
193, 0.986161, -1752.01, 1.00337, -1752.14, 1.01633, -1752.43, -0.00623721, -0.00623731, -0.00623737, 0.000133434, 1.01819, 0.0402364, -0.294592, 0.0353621
193.051, 0.985905, -1758.73, 1.00311, -1758.87, 1.01607, -1759.15, -0.00622342, -0.00622349, -0.0062236, 0.000133434, 1.01819, 0.0402347, -0.294436, 0.0353217
193.101, 0.985648, -1765.44, 1.00285, -1765.58, 1.0158, -1765.87, -0.00620745, -0.00620751, -0.00620761, 0.000133434, 1.01819, 0.0402348, -0.294281, 0.0352804
193.151, 0.985392, -1772.14, 1.00259, -1772.27, 1.01554, -1772.56, -0.00619387, -0.00619392, -0.00619402, 0.000133434, 1.01819, 0.0402346, -0.294124, 0.0352382
193.202, 0.985135, -1778.82, 1.00233, -1778.96, 1.01527, -1779.24, -0.00618291, -0.00618298, -0.00618306, 0.000133434, 1.01819, 0.0402347, -0.293969, 0.0351953
193.252, 0.98488, -1785.49, 1.00207, -1785.62, 1.01501, -1785.91, -0.0061669, -0.00616696, -0.00616705, 0.000133434, 1.01819, 0.0402346, -0.293815, 0.0351515
193.302, 0.984626, -1792.14, 1.00181, -1792.28, 1.01475, -1792.56, -0.00615409, -0.00615416, -0.00615424, 0.000133434, 1.01819, 0.0402345, -0.293661, 0.035107
193.353, 0.984373, -1798.78, 1.00155, -1798.92, 1.01448, -1799.2, -0.00614247, -0.00614253, -0.00614263, 0.000133434, 1.01819, 0.0402343, -0.293508, 0.0350617
193.403, 0.984119, -1805.41, 1.00129, -1805.54, 1.01422, -1805.83, -0.00612813, -0.00612819, -0.00612829, 0.000133434, 1.01819, 0.0402342, -0.293354, 0.0350157
193.453, 0.983867, -1812.02, 1.00103, -1812.15, 1.01396, -1812.44, -0.00611686, -0.00611693, -0.00611703, 0.000133434, 1.01819, 0.040234, -0.293202, 0.0349691
193.504, 0.983615, -1818.61, 1.00078, -1818.75, 1.0137, -1819.04, -0.00610281, -0.00610289, -0.00610298, 0.000133434, 1.01819, 0.040234, -0.293049, 0.0349218
193.554, 0.983365, -1825.2, 1.00052, -1825.33, 1.01344, -1825.62, -0.00609189, -0.00609196, -0.00609204, 0.000133434, 1.01819, 0.0402336, -0.292898, 0.0348738
193.605, 0.983116, -1831.77, 1.00027, -1831.91, 1.01319, -1832.19, -0.0060795, -0.00607956, -0.00607966, 0.000133434, 1.01819, 0.0402341, -0.292747, 0.0348253
193.655, 0.982868, -1838.33, 1.00002, -1838.46, 1.01293, -1838.75, -0.00607156, -0.0060716, -0.00607171, 0.000133434, 1.01819, 0.0402334, -0.292596, 0.0347761
193.705, 0.98262, -1844.87, 0.999766, -1845.01, 1.01267, -1845.3, -0.00605313, -0.00605318, -0.00605327, 0.000133434, 1.01819, 0.0402336, -0.292447, 0.0347264
193.756, 0.982375, -1851.41, 0.999516, -1851.54, 1.01242, -1851.83, -0.00604154, -0.00604158, -0.00604168, 0.000133434, 1.01819, 0.0402337, -0.292299, 0.0346761
193.806, 0.98213, -1857.93, 0.999267, -1858.06, 1.01217, -1858.35, -0.00603122, -0.00603118, -0.00603131, 0.000133434, 1.01819, 0.0402332, -0.292151, 0.0346253
193.856, 0.981888, -1864.44, 0.99902, -1864.57, 1.01192, -1864.86, -0.00601846, -0.00601852, -0.00601861, 0.000133434, 1.01819, 0.0402331, -0.292004, 0.034574
193.907, 0.981646, -1870.93, 0.998774, -1871.07, 1.01167, -1871.36, -0.0060108, -0.00601091, -0.00601101, 0.000133434, 1.01819, 0.0402332, -0.291858, 0.0345223
193.957, 0.981407, -1877.42, 0.998531, -1877.55, 1.01142, -1877.84, -0.00600036, -0.00600049, -0.00600057, 0.000133434, 1.01819, 0.040233, -0.291714, 0.03447
194, 0.981202, -1882.98, 0.998322, -1883.12, 1.01121, -1883.41, -0.00599061, -0.00599073, -0.00599075, 0.000133434, 1.01819, 0.0402329, -0.291589, 0.0344248
194, 0.981202, -1882.98, 0.998322, -1883.12, 1.01121, -1883.41, -0.00599061, -0.00599073, -0.00599075, 0.000133434, 1.01819, 0.0402338, -0.291589, 0.0344247
194.051, 0.980966, -1889.45, 0.998081, -1889.58, 1.01096, -1889.87, -0.00597991, -0.00597999, -0.00598, 0.000133434, 1.01819, 0.0402328, -0.291447, 0.0343718
194.101, 0.98073, -1895.9, 0.997842, -1896.03, 1.01072, -1896.32, -0.00597038, -0.00597041, -0.00597049, 0.000133434, 1.01819, 0.0402326, -0.291305, 0.0343185
194.151, 0.980498, -1902.34, 0.997605, -1902.47, 1.01048, -1902.76, -0.00595982, -0.00595989, -0.00595996, 0.000133434, 1.01819, 0.0402328, -0.291165, 0.0342648
194.202, 0.980267, -1908.77, 0.99737, -1908.9, 1.01024, -1909.19, -0.00595015, -0.00595019, -0.00595026, 0.000133434, 1.01819, 0.0402324, -0.291026, 0.0342107
194.252, 0.980037, -1915.19, 0.997136, -1915.32, 1.01001, -1915.61, -0.00593892, -0.00593895, -0.00593914, 0.000133434, 1.01819, 0.0402328, -0.290886, 0.0341563
194.302, 0.97981, -1921.6, 0.996905, -1921.73, 1.00977, -1922.02, -0.00592986, -0.00592998, -0.00592998, 0.000133434, 1.01819, 0.0402322, -0.290751, 0.0341017
194.353, 0.979585, -1928, 0.996676, -1928.13, 1.00954, -1928.42, -0.00591983, -0.00591978, -0.00591986, 0.000133434, 1.01819, 0.0402318, -0.290615, 0.0340468
194.403, 0.979362, -1934.38, 0.996449, -1934.52, 1.00931, -1934.81, -0.00590975, -0.00590984, -0.0059098, 0.000133434, 1.01819, 0.0402323, -0.29048, 0.0339916
194.453, 0.979141, -1940.76, 0.996224, -1940.9, 1.00908, -1941.19, -0.00589969, -0.00589971, -0.00589988, 0.000133434, 1.01819, 0.0402323, -0.290347, 0.0339361
194.504, 0.978922, -1947.13, 0.996002, -1947.27, 1.00886, -1947.56, -0.00589073, -0.00589082, -0.00589097, 0.000133434, 1.01819, 0.0402319, -0.290215, 0.0338805
194.554, 0.978706, -1953.49, 0.995781, -1953.63, 1.00863, -1953.92, -0.00588932, -0.0058895, -0.00588963, 0.000133434, 1.01819, 0.040232, -0.290085, 0.0338247
194.605, 0.978492, -1959.84, 0.995563, -1959.98, 1.00841, -1960.27, -0.00587924, -0.00587937, -0.00587942, 0.000133434, 1.01819, 0.0402321, -0.289956, 0.0337687
194.655, 0.97828, -1966.18, 0.995348, -1966.32, 1.00819, -1966.61, -0.00586919, -0.00586926, -0.00586937, 0.000133434, 1.01819, 0.0402316, -0.289828, 0.0337125
194.705, 0.978071, -1972.52, 0.995135, -1972.65, 1.00798, -1972.94, -0.00585897, -0.00585904, -0.00585924, 0.000133434, 1.01819, 0.0402315, -0.289702, 0.0336562
194.756, 0.977864, -1978.84, 0.994924, -1978.98, 1.00776, -1979.27, -0.00584916, -0.00584918, -0.00584915, 0.000133434, 1.01819, 0.0402315, -0.289578, 0.0335999
194.806, 0.977659, -1985.16, 0.994716, -1985.29, 1.00755, -1985.58, -0.00584883, -0.005849, -0.00584911, 0.000133434, 1.01819, 0.0402314, -0.289455, 0.0335434
194.856, 0.977457, -1991.46, 0.99451, -1991.6, 1.00734, -1991.89, -0.00583871, -0.00583881, -0.00583891, 0.000133434, 1.01819, 0.0402313, -0.289333, 0.0334868
194.907, 0.977257, -1997.76, 0.994307, -1997.9, 1.00714, -1998.19, -0.00582871, -0.00582882, -0.00582887, 0.000133434, 1.01819, 0.0402315, -0.289213, 0.0334302
194.957, 0.97706, -2004.05, 0.994106, -2004.19, 1.00693, -2004.48, -0.00581891, -0.005819, -0.00581911, 0.000133434, 1.01819, 0.0402312, -0.289095, 0.0333735
195, 0.976893, -2009.46, 0.993935, -2009.59, 1.00676, -2009.89, -0.00581851, -0.00581854, -0.00581862, 0.000133434, 1.01819, 0.0402308, -0.288994, 0.0333248
195, 0.976893, -2009.46, 0.993935, -2009.59, 1.00676, -2009.89, -0.00581851, -0.00581854, -0.00581862, 0.000133434, 1.01819, 0.040232, -0.288994, 0.0333246
195.051, 0.9767, -2015.73, 0.99374, -2015.87, 1.00656, -2016.16, -0.00580841, -0.00580848, -0.00580852, 0.000133434, 1.01819, 0.0402313, -0.288879, 0.0332681
195.101, 0.976511, -2022.01, 0.993547, -2022.14, 1.00636, -2022.43, -0.0057997, -0.00579977, -0.00579971, 0.000133434, 1.01819, 0.040231, -0.288764, 0.0332114
195.151, 0.976324, -2028.27, 0.993356, -2028.4, 1.00617, -2028.7, -0.00579823, -0.00579837, -0.00579835, 0.000133434, 1.01819, 0.0402307, -0.288652, 0.0331548
195.202, 0.976139, -2034.52, 0.993168, -2034.66, 1.00598, -2034.95, -0.00578812, -0.00578827, -0.00578828, 0.000133434, 1.01819, 0.0402306, -0.288542, 0.0330982
195.252, 0.975958, -2040.78, 0.992984, -2040.91, 1.00579, -2041.2, -0.00578811, -0.00578813, -0.00578822, 0.000133434, 1.01819, 0.0402307, -0.288432, 0.0330416
195.302, 0.975779, -2047.02, 0.992801, -2047.15, 1.00561, -2047.44, -0.00577695, -0.00577702, -0.00577712, 0.000133434, 1.01819, 0.0402308, -0.288325, 0.0329851
195.353, 0.975602, -2053.25, 0.992621, -2053.39, 1.00543, -2053.68, -0.0057684, -0.00576835, -0.00576846, 0.000133434, 1.01819, 0.0402306, -0.288219, 0.0329288
195.403, 0.975428, -2059.48, 0.992445, -2059.62, 1.00525, -2059.91, -0.00576789, -0.00576793, -0.00576807, 0.000133434, 1.01819, 0.0402303, -0.288115, 0.0328725
195.454, 0.975257, -2065.71, 0.992271, -2065.84, 1.00507, -2066.14, -0.00575779, -0.00575783, -0.00575794, 0.000133434, 1.01819, 0.0402303, -0.288012, 0.0328164
195.504, 0.975089, -2071.93, 0.992099, -2072.06, 1.0049, -2072.35, -0.00575779, -0.00575784, -0.00575791, 0.000133434, 1.01819, 0.0402303, -0.28791, 0.0327604
195.554, 0.974923, -2078.14, 0.99193, -2078.28, 1.00472, -2078.57, -0.00574766, -0.00574774, -0.00574779, 0.000133434, 1.01819, 0.0402302, -0.287812, 0.0327045
195.605, 0.97476, -2084.35, 0.991765, -2084.48, 1.00456, -2084.78, -0.00574767, -0.00574768, -0.00574779, 0.000133434, 1.01819, 0.0402303, -0.287714, 0.0326488
195.655, 0.9746, -2090.55, 0.991602, -2090.69, 1.00439, -2090.98, -0.00573756, -0.00573761, -0.00573765, 0.000133434, 1.01819, 0.04023, -0.287618, 0.0325933
195.705, 0.974443, -2096.74, 0.991442, -2096.88, 1.00423, -2097.17, -0.00573752, -0.00573752, -0.00573759, 0.000133434, 1.01819, 0.0402305, -0.287523, 0.032538
195.756, 0.974288, -2102.94, 0.991284, -2103.08, 1.00407, -2103.37, -0.00572785, -0.00572792, -0.00572798, 0.000133434, 1.01819, 0.0402301, -0.287431, 0.0324829
195.806, 0.974137, -2109.12, 0.99113, -2109.26, 1.00391, -2109.55, -0.00572742, -0.00572748, -0.0057275, 0.000133434, 1.01819, 0.04023, -0.28734, 0.0324281
195.856, 0.973988, -2115.31, 0.990978, -2115.45, 1.00376, -2115.74, -0.00572738, -0.00572742, -0.00572747, 0.000133434, 1.01819, 0.0402298, -0.287251, 0.0323734
195.907, 0.973841, -2121.49, 0.990829, -2121.62, 1.00361, -2121.92, -0.00571725, -0.00571731, -0.00571737, 0.000133434, 1.01819, 0.0402298, -0.287163, 0.0323191
195.957, 0.973698, -2127.66, 0.990683, -2127.8, 1.00346, -2128.09, -0.0057173, -0.00571733, -0.0057174, 0.000133434, 1.01819, 0.04023, -0.287077, 0.0322649
196, 0.973576, -2132.97, 0.990559, -2133.11, 1.00333, -2133.4, -0.00571726, -0.00571729, -0.00571736, 0.000133434, 1.01819, 0.0402297, -0.287003, 0.0322186
196, 0.973576, -2132.97, 0.990559, -2133.11, 1.00333, -2133.4, -0.00571726, -0.00571729, -0.00571736, 0.000133434, 1.01819, 0.0402305, -0.287004, 0.0322183
196.051, 0.973438, -2139.13, 0.990418, -2139.27, 1.00319, -2139.56, -0.00570717, -0.0057072, -0.00570725, 0.000133434, 1.01819, 0.0402296, -0.286921, 0.032165
196.101, 0.973302, -2145.3, 0.99028, -2145.44, 1.00305, -2145.73, -0.00570719, -0.00570721, -0.00570728, 0.000133434, 1.01819, 0.0402297, -0.28684, 0.0321117
196.151, 0.973169, -2151.46, 0.990145, -2151.6, 1.00291, -2151.89, -0.00570717, -0.0057072, -0.00570726, 0.000133434, 1.01819, 0.0402294, -0.28676, 0.0320587
196.202, 0.973039, -2157.62, 0.990012, -2157.75, 1.00278, -2158.05, -0.00569704, -0.00569707, -0.00569713, 0.000133434, 1.01819, 0.0402294, -0.286682, 0.032006
196.252, 0.972911, -2163.77, 0.989882, -2163.91, 1.00265, -2164.2, -0.00569698, -0.00569701, -0.00569707, 0.000133434, 1.01819, 0.0402293, -0.286606, 0.0319536
196.302, 0.972786, -2169.92, 0.989755, -2170.06, 1.00252, -2170.35, -0.00569703, -0.00569706, -0.0056971, 0.000133434, 1.01819, 0.0402292, -0.286531, 0.0319016
196.353, 0.972664, -2176.07, 0.989631, -2176.21, 1.00239, -2176.5, -0.00568691, -0.00568697, -0.00568701, 0.000133434, 1.01819, 0.0402292, -0.286458, 0.0318499
196.403, 0.972544, -2182.21, 0.989509, -2182.35, 1.00227, -2182.64, -0.00568687, -0.00568691, -0.00568695, 0.000133434, 1.01819, 0.0402292, -0.286386, 0.0317986
196.454, 0.972427, -2188.35, 0.98939, -2188.49, 1.00215, -2188.78, -0.00568693, -0.00568696, -0.00568697, 0.000133434, 1.01819, 0.0402289, -0.286316, 0.0317477
196.504, 0.972313, -2194.49, 0.989273, -2194.63, 1.00203, -2194.92, -0.00568693, -0.00568694, -0.00568698, 0.000133434, 1.01819, 0.0402291, -0.286248, 0.0316972
196.554, 0.972202, -2200.64, 0.98916, -2200.77, 1.00191, -2201.07, -0.00568693, -0.00568693, -0.00568702, 0.000133434, 1.01819, 0.0402288, -0.286181, 0.031647
196.605, 0.972093, -2206.77, 0.989049, -2206.91, 1.0018, -2207.2, -0.00567675, -0.00567677, -0.00567677, 0.000133434, 1.01819, 0.0402291, -0.286116, 0.0315972
196.655, 0.971987, -2212.9, 0.988941, -2213.04, 1.00169, -2213.33, -0.00567678, -0.00567679, -0.00567689, 0.000133434, 1.01819, 0.0402289, -0.286052, 0.0315479
196.705, 0.971883, -2219.03, 0.988835, -2219.17, 1.00159, -2219.46, -0.00567678, -0.0056768, -0.00567689, 0.000133434, 1.01819, 0.0402286, -0.28599, 0.0314989
196.756, 0.971782, -2225.16, 0.988732, -2225.3, 1.00148, -2225.59, -0.00567675, -0.00567683, -0.00567682, 0.000133434, 1.01819, 0.0402289, -0.28593, 0.0314504
196.806, 0.971683, -2231.29, 0.988632, -2231.43, 1.00138, -2231.72, -0.00567675, -0.00567682, -0.0056768, 0.000133434, 1.01819, 0.0402289, -0.285871, 0.0314023
196.856, 0.971587, -2237.42, 0.988534, -2237.56, 1.00128, -2237.85, -0.00567673, -0.00567681, -0.00567678, 0.000133434, 1.01819, 0.0402286, -0.285813, 0.0313547
196.907, 0.971494, -2243.55, 0.988439, -2243.69, 1.00118, -2243.98, -0.0056742, -0.00567421, -0.0056743, 0.000133434, 1.01819, 0.0402287, -0.285758, 0.0313074
196.957, 0.971403, -2249.67, 0.988347, -2249.81, 1.00109, -2250.1, -0.00566666, -0.00566669, -0.00566671, 0.000133434, 1.01819, 0.0402287, -0.285704, 0.0312607
197, 0.971327, -2254.94, 0.988269, -2255.07, 1.00101, -2255.37, -0.00566661, -0.00566662, -0.00566666, 0.000133434, 1.01819, 0.0402287, -0.285658, 0.0312208
197, 0.971327, -2254.94, 0.988269, -2255.07, 1.00101, -2255.37, -0.00566661, -0.00566662, -0.00566666, 0.000133434, 1.01819, 0.0402296, -0.285658, 0.0312206
197.051, 0.971241, -2261.06, 0.988182, -2261.19, 1.00092, -2261.49, -0.00566666, -0.00566661, -0.00566671, 0.000133434, 1.01819, 0.0402287, -0.285606, 0.0311749
197.101, 0.971157, -2267.18, 0.988096, -2267.31, 1.00084, -2267.61, -0.00566665, -0.00566664, -0.00566673, 0.000133434, 1.01819, 0.0402284, -0.285556, 0.0311295
197.151, 0.971076, -2273.3, 0.988014, -2273.43, 1.00075, -2273.73, -0.00566667, -0.00566664, -0.00566671, 0.000133434, 1.01819, 0.0402288, -0.285507, 0.0310846
197.202, 0.970997, -2279.42, 0.987933, -2279.55, 1.00067, -2279.85, -0.00566657, -0.00566669, -0.00566668, 0.000133434, 1.01819, 0.0402286, -0.285461, 0.0310401
197.252, 0.97092, -2285.54, 0.987855, -2285.67, 1.00059, -2285.97, -0.00566668, -0.0056667, -0.00566662, 0.000133434, 1.01819, 0.0402281, -0.285415, 0.0309961
197.303, 0.970846, -2291.66, 0.98778, -2291.79, 1.00051, -2292.09, -0.00566672, -0.00566661, -0.00566663, 0.000133434, 1.01819, 0.0402284, -0.285371, 0.0309527
197.353, 0.970774, -2297.78, 0.987707, -2297.91, 1.00044, -2298.21, -0.00566656, -0.00566659, -0.00566671, 0.000133434, 1.01819, 0.0402283, -0.285328, 0.0309097
197.403, 0.970705, -2303.9, 0.987636, -2304.03, 1.00037, -2304.33, -0.00566658, -0.00566671, -0.00566664, 0.000133434, 1.01819, 0.0402285, -0.285287, 0.0308672
197.454, 0.970638, -2310.02, 0.987568, -2310.15, 1.0003, -2310.45, -0.0056667, -0.00566655, -0.00566668, 0.000133434, 1.01819, 0.0402279, -0.285246, 0.0308253
197.504, 0.970573, -2316.13, 0.987502, -2316.27, 1.00023, -2316.57, -0.00566663, -0.00566661, -0.00566675, 0.000133434, 1.01819, 0.0402284, -0.285208, 0.0307839
197.554, 0.970511, -2322.25, 0.987439, -2322.39, 1.00017, -2322.69, -0.00566665, -0.00566657, -0.00566668, 0.000133434, 1.01819, 0.0402281, -0.28517, 0.0307429
197.605, 0.970451, -2328.37, 0.987377, -2328.51, 1.00011, -2328.81, -0.0056667, -0.00566656, -0.00566672, 0.000133434, 1.01819, 0.0402283, -0.285134, 0.0307025
197.655, 0.970393, -2334.49, 0.987319, -2334.63, 1.00005, -2334.93, -0.00566658, -0.00566658, -0.00566659, 0.000133434, 1.01819, 0.0402283, -0.285101, 0.0306627
197.705, 0.970337, -2340.61, 0.987262, -2340.75, 0.999989, -2341.05, -0.00566664, -0.00566662, -0.00566663, 0.000133434, 1.01819, 0.0402282, -0.285067, 0.0306234
197.756, 0.970284, -2346.73, 0.987207, -2346.87, 0.999934, -2347.17, -0.00566654, -0.0056667, -0.00566659, 0.000133434, 1.01819, 0.0402282, -0.285035, 0.0305845
197.806, 0.970233, -2352.86, 0.987155, -2353, 0.999881, -2353.29, -0.00567666, -0.00567677, -0.00567678, 0.000133434, 1.01819, 0.0402281, -0.285004, 0.0305463
197.856, 0.970183, -2358.99, 0.987105, -2359.13, 0.99983, -2359.43, -0.00567667, -0.00567666, -0.00567674, 0.000133434, 1.01819, 0.0402282, -0.284975, 0.0305086
197.907, 0.970136, -2365.12, 0.987057, -2365.26, 0.999781, -2365.56, -0.00567681, -0.00567672, -0.00567674, 0.000133434, 1.01819, 0.0402281, -0.284947, 0.0304714
197.957, 0.970091, -2371.25, 0.987012, -2371.39, 0.999735, -2371.69, -0.0056767, -0.00567667, -0.00567682, 0.000133434, 1.01819, 0.0402285, -0.28492, 0.0304348
198, 0.970055, -2376.53, 0.986974, -2376.67, 0.999697, -2376.96, -0.00567737, -0.00567742, -0.0056773, 0.000133434, 1.01819, 0.0402283, -0.284898, 0.0304037
198, 0.970055, -2376.53, 0.986974, -2376.67, 0.999697, -2376.96, -0.00567737, -0.00567742, -0.0056773, 0.000133434, 1.01819, 0.0402287, -0.284899, 0.0304035
198.051, 0.970013, -2382.66, 0.986932, -2382.8, 0.999654, -2383.09, -0.00567681, -0.00567666, -0.00567683, 0.000133434, 1.01819, 0.0402278, -0.284874, 0.0303681
198.101, 0.969975, -2388.79, 0.986893, -2388.93, 0.999614, -2389.22, -0.00567666, -0.0056767, -0.00567669, 0.000133434, 1.01819, 0.040228, -0.28485, 0.030333
198.151, 0.969938, -2394.92, 0.986856, -2395.06, 0.999577, -2395.35, -0.0056767, -0.00567667, -0.00567662, 0.000133434, 1.01819, 0.0402282, -0.284829, 0.0302985
198.202, 0.969903, -2401.06, 0.98682, -2401.2, 0.99954, -2401.49, -0.00568677, -0.00568677, -0.00568693, 0.000133434, 1.01819, 0.0402279, -0.284807, 0.0302646
198.252, 0.96987, -2407.2, 0.986787, -2407.34, 0.999507, -2407.63, -0.00568675, -0.00568679, -0.00568682, 0.000133434, 1.01819, 0.0402281, -0.284788, 0.0302312
198.303, 0.969839, -2413.34, 0.986755, -2413.48, 0.999475, -2413.78, -0.00568683, -0.00568686, -0.0056868, 0.000133434, 1.01819, 0.0402281, -0.28477, 0.0301984
198.353, 0.96981, -2419.48, 0.986725, -2419.62, 0.999444, -2419.92, -0.00568678, -0.00568676, -0.00568681, 0.000133434, 1.01819, 0.040228, -0.284752, 0.0301661
198.403, 0.969783, -2425.63, 0.986698, -2425.76, 0.999417, -2426.06, -0.00568677, -0.00568681, -0.0056868, 0.000133434, 1.01819, 0.040228, -0.284736, 0.0301344
198.454, 0.969758, -2431.77, 0.986672, -2431.91, 0.999391, -2432.2, -0.00569657, -0.00569661, -0.00569663, 0.000133434, 1.01819, 0.040228, -0.284721, 0.0301033
198.504, 0.969735, -2437.92, 0.986649, -2438.06, 0.999367, -2438.36, -0.00569691, -0.00569689, -0.00569697, 0.000133434, 1.01819, 0.040228, -0.284707, 0.0300727
198.554, 0.969714, -2444.08, 0.986627, -2444.21, 0.999345, -2444.51, -0.00569689, -0.00569689, -0.00569691, 0.000133434, 1.01819, 0.0402278, -0.284695, 0.0300427
198.605, 0.969694, -2450.23, 0.986607, -2450.37, 0.999325, -2450.66, -0.0056969, -0.00569689, -0.00569691, 0.000133434, 1.01819, 0.0402279, -0.284683, 0.0300132
198.655, 0.969677, -2456.38, 0.986589, -2456.52, 0.999307, -2456.81, -0.00569687, -0.00569689, -0.00569689, 0.000133434, 1.01819, 0.040228, -0.284672, 0.0299844
198.705, 0.96966, -2462.54, 0.986573, -2462.68, 0.99929, -2462.97, -0.00570705, -0.00570702, -0.00570703, 0.000133434, 1.01819, 0.0402279, -0.284663, 0.029956
198.756, 0.969646, -2468.71, 0.986559, -2468.84, 0.999275, -2469.14, -0.00570703, -0.00570706, -0.00570707, 0.000133434, 1.01819, 0.0402281, -0.284655, 0.0299283
198.806, 0.969634, -2474.87, 0.986546, -2475.01, 0.999262, -2475.3, -0.00570697, -0.00570697, -0.00570696, 0.000133434, 1.01819, 0.0402281, -0.284647, 0.0299011
198.856, 0.969623, -2481.03, 0.986535, -2481.17, 0.999251, -2481.47, -0.00570705, -0.00570705, -0.00570705, 0.000133434, 1.01819, 0.0402277, -0.284641, 0.0298744
198.907, 0.969614, -2487.2, 0.986526, -2487.34, 0.999242, -2487.64, -0.0057171, -0.00571712, -0.00571713, 0.000133434, 1.01819, 0.0402275, -0.284635, 0.0298483
198.957, 0.969607, -2493.38, 0.986518, -2493.52, 0.999234, -2493.81, -0.00571712, -0.0057171, -0.00571711, 0.000133434, 1.01819, 0.0402279, -0.28463, 0.0298228
199, 0.969602, -2498.69, 0.986513, -2498.83, 0.999229, -2499.12, -0.00571713, -0.00571711, -0.00571713, 0.000133434, 1.01819, 0.0402282, -0.284628, 0.0298013
199, 0.969602, -2498.69, 0.986513, -2498.83, 0.999229, -2499.12, -0.00571713, -0.00571711, -0.00571713, 0.000133434, 1.01819, 0.040229, -0.284628, 0.0298011
199.051, 0.969598, -2504.86, 0.986509, -2505, 0.999225, -2505.29, -0.00571714, -0.00571713, -0.00571712, 0.000133434, 1.01819, 0.0402282, -0.284626, 0.0297768
199.101, 0.969595, -2511.05, 0.986506, -2511.18, 0.999222, -2511.48, -0.00572723, -0.00572723, -0.00572725, 0.000133434, 1.01819, 0.0402279, -0.284623, 0.0297529
199.152, 0.969594, -2517.23, 0.986505, -2517.37, 0.999221, -2517.66, -0.00572724, -0.00572724, -0.00572724, 0.000133434, 1.01819, 0.0402279, -0.284623, 0.0297295
199.202, 0.969594, -2523.42, 0.986506, -2523.55, 0.999221, -2523.85, -0.00572724, -0.00572724, -0.00572724, 0.000133434, 1.01819, 0.0402279, -0.284623, 0.0297067
199.252, 0.969596, -2529.6, 0.986507, -2529.74, 0.999223, -2530.04, -0.00573712, -0.00573712, -0.00573711, 0.000133434, 1.01819, 0.0402281, -0.284624, 0.0296844
199.303, 0.969599, -2535.8, 0.986511, -2535.94, 0.999227, -2536.23, -0.00573734, -0.00573733, -0.00573733, 0.000133434, 1.01819, 0.040228, -0.284627, 0.0296626
199.353, 0.969605, -2542, 0.986516, -2542.14, 0.999232, -2542.43, -0.00573734, -0.00573735, -0.00573733, 0.000133434, 1.01819, 0.040228, -0.28463, 0.0296415
199.403, 0.969611, -2548.19, 0.986522, -2548.33, 0.999239, -2548.63, -0.00573733, -0.00573733, -0.00573733, 0.000133434, 1.01819, 0.040228, -0.284633, 0.0296208
199.454, 0.969619, -2554.4, 0.98653, -2554.54, 0.999247, -2554.83, -0.00574746, -0.00574744, -0.00574742, 0.000133434, 1.01819, 0.0402281, -0.284637, 0.0296007
199.504, 0.969628, -2560.61, 0.98654, -2560.75, 0.999256, -2561.04, -0.00574747, -0.00574744, -0.00574748, 0.000133434, 1.01819, 0.0402279, -0.284644, 0.0295812
199.554, 0.969638, -2566.82, 0.98655, -2566.95, 0.999267, -2567.25, -0.00574747, -0.00574747, -0.00574748, 0.000133434, 1.01819, 0.0402276, -0.28465, 0.0295621
199.605, 0.969651, -2573.03, 0.986563, -2573.17, 0.99928, -2573.46, -0.00575757, -0.00575757, -0.00575755, 0.000133434, 1.01819, 0.0402282, -0.284657, 0.0295436
199.655, 0.969664, -2579.25, 0.986576, -2579.39, 0.999293, -2579.68, -0.0057577, -0.00575767, -0.00575768, 0.000133434, 1.01819, 0.0402282, -0.284665, 0.0295257
199.705, 0.969679, -2585.47, 0.986592, -2585.61, 0.999309, -2585.9, -0.00575758, -0.00575759, -0.00575751, 0.000133434, 1.01819, 0.0402278, -0.284674, 0.0295082
199.756, 0.969694, -2591.69, 0.986607, -2591.83, 0.999325, -2592.13, -0.00576769, -0.00576768, -0.00576767, 0.000133434, 1.01819, 0.0402278, -0.284683, 0.0294913
199.806, 0.969712, -2597.92, 0.986625, -2598.06, 0.999343, -2598.36, -0.0057677, -0.00576768, -0.00576768, 0.000133434, 1.01819, 0.0402279, -0.284694, 0.0294749
199.856, 0.96973, -2604.15, 0.986644, -2604.29, 0.999362, -2604.59, -0.00576763, -0.00576769, -0.00576771, 0.000133434, 1.01819, 0.040228, -0.284705, 0.0294591
199.907, 0.969749, -2610.39, 0.986663, -2610.53, 0.999382, -2610.82, -0.00577783, -0.00577783, -0.0057778, 0.000133434, 1.01819, 0.040228, -0.284716, 0.0294437
199.957, 0.969771, -2616.63, 0.986685, -2616.77, 0.999404, -2617.06, -0.00577788, -0.00577788, -0.00577787, 0.000133434, 1.01819, 0.040228, -0.284729, 0.0294289
200, 0.96979, -2622, 0.986704, -2622.14, 0.999423, -2622.43, -0.00577775, -0.00577775, -0.00577774, 0.000133434, 1.01819, 0.040228, -0.28474, 0.0294165
200, 0.96979, -2622, 0.986704, -2622.14, 0.999423, -2622.43, -0.00577775, -0.00577775, -0.00577774, 0.000133434, 1.01819, 0.0402288, -0.284739, 0.0294164
200.051, 0.969812, -2628.24, 0.986728, -2628.38, 0.999447, -2628.68, -0.00578792, -0.00578791, -0.00578791, 0.000133434, 1.01819, 0.040228, -0.284754, 0.0294026
200.101, 0.969837, -2634.5, 0.986753, -2634.63, 0.999472, -2634.93, -0.00578796, -0.00578794, -0.00578787, 0.000133434, 1.01819, 0.040228, -0.284768, 0.0293892
200.152, 0.969862, -2640.75, 0.986778, -2640.89, 0.999498, -2641.18, -0.00578794, -0.00578793, -0.00578794, 0.000133434, 1.01819, 0.040228, -0.284783, 0.0293763
200.202, 0.969888, -2647.01, 0.986805, -2647.15, 0.999525, -2647.44, -0.00579807, -0.00579806, -0.00579806, 0.000133434, 1.01819, 0.040228, -0.284799, 0.0293639
200.252, 0.969916, -2653.27, 0.986833, -2653.41, 0.999554, -2653.7, -0.00579808, -0.00579792, -0.00579807, 0.000133434, 1.01819, 0.040228, -0.284815, 0.0293519
200.303, 0.969944, -2659.53, 0.986861, -2659.67, 0.999582, -2659.96, -0.0057982, -0.00579809, -0.00579806, 0.000133434, 1.01819, 0.0402282, -0.284832, 0.0293405
200.353, 0.969974, -2665.8, 0.986892, -2665.94, 0.999613, -2666.24, -0.00580803, -0.00580809, -0.00580807, 0.000133434, 1.01819, 0.0402279, -0.284849, 0.0293295
200.403, 0.970004, -2672.08, 0.986923, -2672.21, 0.999645, -2672.51, -0.00580822, -0.00580818, -0.00580815, 0.000133434, 1.01819, 0.0402281, -0.284868, 0.029319
200.454, 0.970035, -2678.35, 0.986954, -2678.49, 0.999677, -2678.78, -0.00581773, -0.00581771, -0.00581764, 0.000133434, 1.01819, 0.0402279, -0.284886, 0.029309
200.504, 0.970067, -2684.64, 0.986987, -2684.77, 0.99971, -2685.07, -0.00581831, -0.00581815, -0.00581829, 0.000133434, 1.01819, 0.0402281, -0.284906, 0.0292995
200.554, 0.970101, -2690.92, 0.987022, -2691.06, 0.999745, -2691.35, -0.00581819, -0.00581815, -0.00581828, 0.000133434, 1.01819, 0.0402281, -0.284926, 0.0292904
200.605, 0.970135, -2697.21, 0.987056, -2697.35, 0.99978, -2697.64, -0.00582835, -0.0058284, -0.00582838, 0.000133434, 1.01819, 0.0402281, -0.284946, 0.0292818
200.655, 0.970169, -2703.5, 0.987091, -2703.64, 0.999815, -2703.93, -0.00582842, -0.00582827, -0.00582842, 0.000133434, 1.01819, 0.0402281, -0.284967, 0.0292736
200.705, 0.970206, -2709.8, 0.987128, -2709.94, 0.999853, -2710.23, -0.00582836, -0.00582836, -0.00582833, 0.000133434, 1.01819, 0.0402282, -0.284988, 0.0292658
200.756, 0.970243, -2716.1, 0.987166, -2716.24, 0.999891, -2716.53, -0.00583853, -0.00583851, -0.00583851, 0.000133434, 1.01819, 0.0402282, -0.28501, 0.0292586
200.806, 0.97028, -2722.4, 0.987203, -2722.54, 0.999929, -2722.84, -0.00583845, -0.00583857, -0.00583842, 0.000133434, 1.01819, 0.0402281, -0.285032, 0.0292517
200.856, 0.970317, -2728.71, 0.987242, -2728.85, 0.999968, -2729.14, -0.00583853, -0.00583842, -0.00583852, 0.000133434, 1.01819, 0.0402281, -0.285055, 0.0292453
200.907, 0.970357, -2735.03, 0.987282, -2735.17, 1.00001, -2735.46, -0.00584864, -0.00584864, -0.00584857, 0.000133434, 1.01819, 0.0402284, -0.285079, 0.0292393
200.957, 0.970397, -2741.34, 0.987323, -2741.48, 1.00005, -2741.78, -0.0058486, -0.00584861, -0.00584859, 0.000133434, 1.01819, 0.0402283, -0.285103, 0.0292337
201.001, 0.970432, -2746.78, 0.987358, -2746.91, 1.00009, -2747.21, -0.00585308, -0.00585298, -0.00585298, 0.000133434, 1.01819, 0.0402283, -0.285123, 0.0292293
201.001, 0.970432, -2746.78, 0.987358, -2746.91, 1.00009, -2747.21, -0.00585308, -0.00585298, -0.00585298, 0.000133434, 1.01819, 0.0402292, -0.285123, 0.0292292
201.051, 0.970472, -2753.1, 0.9874, -2753.24, 1.00013, -2753.54, -0.00585869, -0.00585878, -0.00585866, 0.000133434, 1.01819, 0.0402289, -0.285148, 0.0292245
201.101, 0.970514, -2759.43, 0.987441, -2759.57, 1.00017, -2759.86, -0.00585887, -0.00585875, -0.00585887, 0.000133434, 1.01819, 0.0402282, -0.285172, 0.0292201
201.152, 0.970557, -2765.76, 0.987485, -2765.9, 1.00022, -2766.19, -0.00586865, -0.00586862, -0.00586867, 0.000133434, 1.01819, 0.0402282, -0.285198, 0.0292162
201.202, 0.9706, -2772.1, 0.987529, -2772.24, 1.00026, -2772.53, -0.00586885, -0.00586887, -0.00586882, 0.000133434, 1.01819, 0.0402284, -0.285224, 0.0292126
201.252, 0.970643, -2778.44, 0.987574, -2778.58, 1.00031, -2778.87, -0.00586885, -0.00586886, -0.00586881, 0.000133434, 1.01819, 0.0402284, -0.28525, 0.0292094
201.303, 0.970687, -2784.78, 0.987618, -2784.92, 1.00035, -2785.21, -0.00587898, -0.0058789, -0.00587889, 0.000133434, 1.01819, 0.0402283, -0.285275, 0.0292066
201.353, 0.970731, -2791.13, 0.987663, -2791.27, 1.0004, -2791.56, -0.00587953, -0.00587952, -0.00587957, 0.000133434, 1.01819, 0.0402284, -0.285302, 0.0292042
201.403, 0.970777, -2797.48, 0.987709, -2797.62, 1.00044, -2797.91, -0.00587898, -0.00587897, -0.00587891, 0.000133434, 1.01819, 0.0402284, -0.28533, 0.0292021
201.454, 0.970823, -2803.84, 0.987756, -2803.98, 1.00049, -2804.27, -0.00588908, -0.00588906, -0.00588907, 0.000133434, 1.01819, 0.0402284, -0.285357, 0.0292005
201.504, 0.970869, -2810.2, 0.987804, -2810.34, 1.00054, -2810.63, -0.00588912, -0.0058891, -0.00588903, 0.000133434, 1.01819, 0.0402283, -0.285385, 0.0291992
201.554, 0.970916, -2816.56, 0.987851, -2816.7, 1.00059, -2816.99, -0.00588911, -0.00588909, -0.00588902, 0.000133434, 1.01819, 0.0402284, -0.285413, 0.0291983
201.605, 0.970963, -2822.93, 0.987899, -2823.07, 1.00064, -2823.36, -0.00589921, -0.00589916, -0.00589917, 0.000133434, 1.01819, 0.0402284, -0.285441, 0.0291977
201.655, 0.97101, -2829.3, 0.987947, -2829.44, 1.00068, -2829.73, -0.00589918, -0.00589918, -0.00589913, 0.000133434, 1.01819, 0.0402284, -0.285468, 0.0291974
201.705, 0.971057, -2835.67, 0.987995, -2835.81, 1.00073, -2836.11, -0.00590615, -0.0059061, -0.00590613, 0.000133434, 1.01819, 0.0402286, -0.285497, 0.0291976
201.756, 0.971105, -2842.06, 0.988044, -2842.19, 1.00078, -2842.49, -0.00590934, -0.00590929, -0.00590929, 0.000133434, 1.01819, 0.0402287, -0.285525, 0.029198
201.806, 0.971154, -2848.44, 0.988094, -2848.58, 1.00083, -2848.87, -0.00590931, -0.00590931, -0.0059093, 0.000133434, 1.01819, 0.0402281, -0.285555, 0.0291988
201.857, 0.971204, -2854.82, 0.988144, -2854.96, 1.00088, -2855.25, -0.00591899, -0.00591895, -0.00591893, 0.000133434, 1.01819, 0.0402286, -0.285584, 0.0291999
201.907, 0.971254, -2861.22, 0.988195, -2861.35, 1.00094, -2861.65, -0.00591942, -0.00591941, -0.00591942, 0.000133434, 1.01819, 0.0402285, -0.285614, 0.0292014
201.957, 0.971304, -2867.61, 0.988246, -2867.75, 1.00099, -2868.04, -0.00591943, -0.00591942, -0.00591939, 0.000133434, 1.01819, 0.0402287, -0.285644, 0.0292031
202.001, 0.971347, -2873.11, 0.98829, -2873.25, 1.00103, -2873.54, -0.00592854, -0.00592852, -0.00592851, 0.000133434, 1.01819, 0.0402286, -0.285669, 0.0292049
202.001, 0.971347, -2873.11, 0.98829, -2873.25, 1.00103, -2873.54, -0.00592854, -0.00592852, -0.00592851, 0.000133434, 1.01819, 0.0402295, -0.285669, 0.0292048
202.051, 0.971397, -2879.51, 0.988341, -2879.65, 1.00108, -2879.94, -0.00592956, -0.00592954, -0.00592952, 0.000133434, 1.01819, 0.0402287, -0.2857, 0.0292072
202.101, 0.971447, -2885.92, 0.988392, -2886.05, 1.00113, -2886.35, -0.00592956, -0.00592954, -0.00592953, 0.000133434, 1.01819, 0.0402286, -0.28573, 0.0292098
202.152, 0.971497, -2892.32, 0.988443, -2892.46, 1.00119, -2892.75, -0.00593911, -0.0059391, -0.00593908, 0.000133434, 1.01819, 0.0402287, -0.28576, 0.0292128
202.202, 0.971547, -2898.74, 0.988494, -2898.88, 1.00124, -2899.17, -0.00593966, -0.00593968, -0.00593964, 0.000133434, 1.01819, 0.0402286, -0.28579, 0.029216
202.252, 0.971597, -2905.15, 0.988544, -2905.29, 1.00129, -2905.58, -0.00593968, -0.00593966, -0.00593962, 0.000133434, 1.01819, 0.040229, -0.28582, 0.0292195
202.303, 0.971647, -2911.57, 0.988595, -2911.71, 1.00134, -2912, -0.00594875, -0.0059488, -0.00594875, 0.000133434, 1.01819, 0.0402288, -0.28585, 0.0292233
202.353, 0.971697, -2918, 0.988646, -2918.13, 1.00139, -2918.43, -0.00594981, -0.00594982, -0.00594978, 0.000133434, 1.01819, 0.0402285, -0.285879, 0.0292273
202.403, 0.971747, -2924.42, 0.988697, -2924.56, 1.00144, -2924.85, -0.0059498, -0.00594984, -0.00594984, 0.000133434, 1.01819, 0.0402285, -0.28591, 0.0292317
202.454, 0.971797, -2930.85, 0.988748, -2930.99, 1.0015, -2931.28, -0.00595566, -0.00595567, -0.00595562, 0.000133434, 1.01819, 0.040229, -0.285939, 0.0292362
202.504, 0.97185, -2937.28, 0.988802, -2937.42, 1.00155, -2937.72, -0.00595992, -0.0059599, -0.00595989, 0.000133434, 1.01819, 0.0402285, -0.28597, 0.0292411
202.554, 0.971902, -2943.72, 0.988855, -2943.86, 1.0016, -2944.15, -0.00595991, -0.00595992, -0.0059599, 0.000133434, 1.01819, 0.0402288, -0.286001, 0.0292462
202.605, 0.971955, -2950.16, 0.988909, -2950.3, 1.00166, -2950.59, -0.00595991, -0.00595988, -0.00595986, 0.000133434, 1.01819, 0.0402288, -0.286033, 0.0292515
202.655, 0.972008, -2956.6, 0.988963, -2956.74, 1.00171, -2957.04, -0.00597003, -0.00597001, -0.00597002, 0.000133434, 1.01819, 0.040229, -0.286066, 0.0292571
202.705, 0.972061, -2963.05, 0.989017, -2963.19, 1.00177, -2963.48, -0.00597003, -0.00597003, -0.00596997, 0.000133434, 1.01819, 0.040229, -0.286097, 0.0292629
202.756, 0.972115, -2969.5, 0.989071, -2969.64, 1.00182, -2969.93, -0.00597003, -0.00597004, -0.00597002, 0.000133434, 1.01819, 0.040229, -0.286128, 0.029269
202.806, 0.972168, -2975.95, 0.989125, -2976.09, 1.00188, -2976.39, -0.00598015, -0.00598017, -0.00598008, 0.000133434, 1.01819, 0.040229, -0.28616, 0.0292752
202.857, 0.972221, -2982.41, 0.98918, -2982.55, 1.00193, -2982.84, -0.00598015, -0.0059801, -0.00598014, 0.000133434, 1.01819, 0.040229, -0.286192, 0.0292817
202.907, 0.972273, -2988.87, 0.989232, -2989.01, 1.00199, -2989.3, -0.00598012, -0.00598012, -0.00598014, 0.000133434, 1.01819, 0.040229, -0.286224, 0.0292884
202.957, 0.972324, -2995.33, 0.989284, -2995.47, 1.00204, -2995.76, -0.00598987, -0.00598991, -0.00598983, 0.000133434, 1.01819, 0.040229, -0.286254, 0.0292953
203.001, 0.972367, -3000.9, 0.989328, -3001.03, 1.00209, -3001.33, -0.00599028, -0.00599023, -0.00599025, 0.000133434, 1.01819, 0.0402292, -0.28628, 0.0293014
203.001, 0.972367, -3000.9, 0.989328, -3001.03, 1.00209, -3001.33, -0.00599028, -0.00599023, -0.00599025, 0.000133434, 1.01819, 0.04023, -0.286281, 0.0293014
203.051, 0.972417, -3007.37, 0.989379, -3007.5, 1.00214, -3007.8, -0.0059902, -0.0059902, -0.00599011, 0.000133434, 1.01819, 0.0402291, -0.28631, 0.0293087
203.101, 0.972467, -3013.84, 0.98943, -3013.97, 1.00219, -3014.27, -0.00599031, -0.00599031, -0.00599022, 0.000133434, 1.01819, 0.0402291, -0.28634, 0.0293162
203.152, 0.972517, -3020.31, 0.989481, -3020.45, 1.00224, -3020.74, -0.00600041, -0.00600039, -0.00600039, 0.000133434, 1.01819, 0.0402289, -0.28637, 0.0293238
203.202, 0.972567, -3026.79, 0.989532, -3026.93, 1.00229, -3027.22, -0.00600037, -0.00600036, -0.00600041, 0.000133434, 1.01819, 0.0402291, -0.2864, 0.0293316
203.252, 0.972617, -3033.27, 0.989583, -3033.41, 1.00234, -3033.7, -0.00600028, -0.00600028, -0.00600027, 0.000133434, 1.01819, 0.0402296, -0.28643, 0.0293397
203.303, 0.972667, -3039.75, 0.989634, -3039.89, 1.0024, -3040.18, -0.00600043, -0.00600043, -0.00600035, 0.000133434, 1.01819, 0.0402294, -0.28646, 0.0293478
203.353, 0.972717, -3046.24, 0.989685, -3046.38, 1.00245, -3046.68, -0.00601051, -0.00601052, -0.00601051, 0.000133434, 1.01819, 0.0402292, -0.28649, 0.0293562
203.403, 0.972767, -3052.74, 0.989736, -3052.87, 1.0025, -3053.17, -0.00601047, -0.00601049, -0.00601038, 0.000133434, 1.01819, 0.0402293, -0.28652, 0.0293647
203.454, 0.972818, -3059.23, 0.989787, -3059.37, 1.00255, -3059.66, -0.00601055, -0.00601044, -0.00601046, 0.000133434, 1.01819, 0.0402293, -0.28655, 0.0293734
203.504, 0.972868, -3065.72, 0.989838, -3065.86, 1.0026, -3066.15, -0.00601932, -0.00601921, -0.0060193, 0.000133434, 1.01819, 0.0402293, -0.286579, 0.0293822
203.554, 0.972918, -3072.22, 0.989889, -3072.36, 1.00265, -3072.65, -0.00602065, -0.00602065, -0.00602054, 0.000133434, 1.01819, 0.0402294, -0.286609, 0.0293912
203.605, 0.972968, -3078.73, 0.98994, -3078.86, 1.00271, -3079.16, -0.00602095, -0.00602098, -0.00602094, 0.000133434, 1.01819, 0.0402294, -0.28664, 0.0294003
203.655, 0.973018, -3085.23, 0.989991, -3085.37, 1.00276, -3085.66, -0.00602067, -0.00602058, -0.00602064, 0.000133434, 1.01819, 0.0402291, -0.28667, 0.0294095
203.706, 0.973068, -3091.73, 0.990042, -3091.87, 1.00281, -3092.16, -0.00602899, -0.00602883, -0.00602882, 0.000133434, 1.01819, 0.0402295, -0.2867, 0.0294188
203.756, 0.973118, -3098.24, 0.990093, -3098.38, 1.00286, -3098.67, -0.00603071, -0.00603078, -0.0060307, 0.000133434, 1.01819, 0.0402292, -0.286729, 0.0294283
203.806, 0.973167, -3104.76, 0.990143, -3104.9, 1.00291, -3105.19, -0.00603085, -0.00603076, -0.00603075, 0.000133434, 1.01819, 0.0402296, -0.286759, 0.0294379
203.857, 0.973215, -3111.27, 0.990191, -3111.41, 1.00296, -3111.7, -0.00603077, -0.00603067, -0.00603075, 0.000133434, 1.01819, 0.0402291, -0.286787, 0.0294476
203.907, 0.973262, -3117.78, 0.99024, -3117.92, 1.00301, -3118.21, -0.00603068, -0.00603075, -0.00603073, 0.000133434, 1.01819, 0.0402293, -0.286816, 0.0294575
203.957, 0.973309, -3124.31, 0.990287, -3124.44, 1.00306, -3124.74, -0.00604088, -0.00604091, -0.00604082, 0.000133434, 1.01819, 0.0402291, -0.286844, 0.0294674
204.001, 0.97335, -3129.92, 0.990328, -3130.06, 1.0031, -3130.35, -0.00604085, -0.00604088, -0.00604082, 0.000133434, 1.01819, 0.0402295, -0.286869, 0.0294761
204.001, 0.97335, -3129.92, 0.990328, -3130.06, 1.0031, -3130.35, -0.00604085, -0.00604088, -0.00604082, 0.000133434, 1.01819, 0.0402306, -0.286868, 0.0294761
204.051, 0.973396, -3136.44, 0.990376, -3136.58, 1.00315, -3136.87, -0.00604082, -0.00604084, -0.00604086, 0.000133434, 1.01819, 0.0402294, -0.286896, 0.0294862
204.101, 0.973443, -3142.97, 0.990424, -3143.1, 1.0032, -3143.4, -0.00604089, -0.00604082, -0.00604083, 0.000133434, 1.01819, 0.0402294, -0.286924, 0.0294964
204.152, 0.97349, -3149.49, 0.990472, -3149.63, 1.00325, -3149.92, -0.0060492, -0.00604921, -0.00604911, 0.000133434, 1.01819, 0.0402296, -0.286953, 0.0295067
204.202, 0.973537, -3156.03, 0.990519, -3156.16, 1.00329, -3156.46, -0.006051, -0.00605099, -0.00605097, 0.000133434, 1.01819, 0.0402296, -0.286981, 0.0295171
204.252, 0.973584, -3162.56, 0.990567, -3162.7, 1.00334, -3162.99, -0.00605097, -0.00605097, -0.00605095, 0.000133434, 1.01819, 0.0402297, -0.287009, 0.0295276
204.303, 0.97363, -3169.1, 0.990613, -3169.23, 1.00339, -3169.53, -0.00605102, -0.00605101, -0.00605096, 0.000133434, 1.01819, 0.0402295, -0.287036, 0.0295381
204.353, 0.973674, -3175.63, 0.990659, -3175.77, 1.00344, -3176.06, -0.00605096, -0.00605102, -0.00605097, 0.000133434, 1.01819, 0.0402293, -0.287063, 0.0295488
204.403, 0.973718, -3182.17, 0.990704, -3182.31, 1.00348, -3182.6, -0.0060601, -0.00606006, -0.00606006, 0.000133434, 1.01819, 0.0402295, -0.287089, 0.0295594
204.454, 0.973762, -3188.71, 0.990748, -3188.85, 1.00353, -3189.14, -0.00606111, -0.00606111, -0.00606109, 0.000133434, 1.01819, 0.0402293, -0.287115, 0.0295702
204.504, 0.973806, -3195.26, 0.990793, -3195.4, 1.00357, -3195.69, -0.00606115, -0.00606111, -0.0060611, 0.000133434, 1.01819, 0.04023, -0.287142, 0.029581
204.554, 0.973849, -3201.81, 0.990837, -3201.94, 1.00362, -3202.24, -0.00606113, -0.00606113, -0.00606113, 0.000133434, 1.01819, 0.0402297, -0.287168, 0.0295919
204.605, 0.973893, -3208.35, 0.990882, -3208.49, 1.00366, -3208.78, -0.00606107, -0.00606108, -0.00606106, 0.000133434, 1.01819, 0.0402297, -0.287193, 0.0296028
204.655, 0.973937, -3214.9, 0.990926, -3215.04, 1.00371, -3215.33, -0.00606116, -0.00606114, -0.0060611, 0.000133434, 1.01819, 0.0402299, -0.28722, 0.0296137
204.706, 0.973979, -3221.45, 0.990969, -3221.59, 1.00375, -3221.88, -0.00607123, -0.0060712, -0.00607119, 0.000133434, 1.01819, 0.0402296, -0.287245, 0.0296247
204.756, 0.97402, -3228.01, 0.991011, -3228.15, 1.00379, -3228.44, -0.00607123, -0.00607122, -0.0060712, 0.000133434, 1.01819, 0.0402298, -0.28727, 0.0296358
204.806, 0.974061, -3234.57, 0.991053, -3234.7, 1.00383, -3235, -0.00607123, -0.00607122, -0.0060712, 0.000133434, 1.01819, 0.0402298, -0.287294, 0.0296468
204.857, 0.974102, -3241.12, 0.991094, -3241.26, 1.00388, -3241.55, -0.00607123, -0.00607122, -0.0060712, 0.000133434, 1.01819, 0.0402298, -0.287319, 0.0296579
204.907, 0.974142, -3247.68, 0.991135, -3247.82, 1.00392, -3248.11, -0.00607122, -0.00607121, -0.0060712, 0.000133434, 1.01819, 0.0402299, -0.287343, 0.029669
204.957, 0.974183, -3254.24, 0.991177, -3254.38, 1.00396, -3254.67, -0.00607122, -0.00607121, -0.00607119, 0.000133434, 1.01819, 0.0402299, -0.287367, 0.0296802
205.001, 0.974218, -3259.88, 0.991212, -3260.02, 1.004, -3260.31, -0.0060813, -0.0060813, -0.00608127, 0.000133434, 1.01819, 0.04023, -0.287389, 0.0296898
205.001, 0.974218, -3259.88, 0.991212, -3260.02, 1.004, -3260.31, -0.0060813, -0.0060813, -0.00608127, 0.000133434, 1.01819, 0.0402307, -0.287389, 0.0296898
205.051, 0.974257, -3266.45, 0.991252, -3266.59, 1.00404, -3266.88, -0.00608134, -0.00608133, -0.00608134, 0.000133434, 1.01819, 0.0402298, -0.287412, 0.029701
205.101, 0.974295, -3273.02, 0.991291, -3273.15, 1.00408, -3273.45, -0.00608133, -0.00608132, -0.00608131, 0.000133434, 1.01819, 0.0402298, -0.287434, 0.0297121
205.152, 0.974333, -3279.58, 0.991329, -3279.72, 1.00411, -3280.01, -0.00608135, -0.0060813, -0.00608133, 0.000133434, 1.01819, 0.0402301, -0.287458, 0.0297233
205.202, 0.97437, -3286.15, 0.991367, -3286.29, 1.00415, -3286.58, -0.00608135, -0.00608135, -0.00608136, 0.000133434, 1.01819, 0.0402299, -0.28748, 0.0297345
205.252, 0.974408, -3292.72, 0.991406, -3292.86, 1.00419, -3293.15, -0.00608136, -0.00608136, -0.00608131, 0.000133434, 1.01819, 0.0402298, -0.287502, 0.0297457
205.303, 0.974445, -3299.29, 0.991444, -3299.43, 1.00423, -3299.72, -0.00608136, -0.00608132, -0.00608132, 0.000133434, 1.01819, 0.0402304, -0.287525, 0.0297569
205.353, 0.974482, -3305.86, 0.991481, -3305.99, 1.00427, -3306.29, -0.00608829, -0.00608829, -0.00608821, 0.000133434, 1.01819, 0.0402296, -0.287546, 0.0297681
205.403, 0.974518, -3312.44, 0.991517, -3312.57, 1.00431, -3312.86, -0.00609146, -0.00609142, -0.00609145, 0.000133434, 1.01819, 0.0402299, -0.287568, 0.0297793
205.454, 0.974552, -3319.01, 0.991553, -3319.15, 1.00434, -3319.44, -0.0060915, -0.00609149, -0.00609144, 0.000133434, 1.01819, 0.0402302, -0.287589, 0.0297905
205.504, 0.974586, -3325.59, 0.991588, -3325.73, 1.00438, -3326.02, -0.00609147, -0.00609149, -0.00609146, 0.000133434, 1.01819, 0.04023, -0.287609, 0.0298016
205.555, 0.974621, -3332.17, 0.991623, -3332.31, 1.00441, -3332.6, -0.0060915, -0.00609148, -0.00609144, 0.000133434, 1.01819, 0.0402301, -0.28763, 0.0298128
205.605, 0.974655, -3338.75, 0.991658, -3338.89, 1.00445, -3339.18, -0.00609145, -0.00609146, -0.00609144, 0.000133434, 1.01819, 0.0402301, -0.28765, 0.0298239
205.655, 0.97469, -3345.33, 0.991693, -3345.47, 1.00448, -3345.76, -0.0060915, -0.00609143, -0.00609144, 0.000133434, 1.01819, 0.0402299, -0.287671, 0.0298349
205.706, 0.974722, -3351.91, 0.991726, -3352.05, 1.00452, -3352.34, -0.00609142, -0.00609142, -0.00609139, 0.000133434, 1.01819, 0.04023, -0.287691, 0.029846
205.756, 0.974754, -3358.49, 0.991758, -3358.62, 1.00455, -3358.92, -0.00609151, -0.00609151, -0.0060915, 0.000133434, 1.01819, 0.0402298, -0.28771, 0.029857
205.806, 0.974785, -3365.07, 0.99179, -3365.2, 1.00458, -3365.49, -0.00609149, -0.00609144, -0.00609144, 0.000133434, 1.01819, 0.0402303, -0.287728, 0.029868
205.857, 0.974816, -3371.65, 0.991822, -3371.79, 1.00461, -3372.08, -0.00610162, -0.00610151, -0.00610147, 0.000133434, 1.01819, 0.0402302, -0.287747, 0.029879
205.907, 0.974848, -3378.24, 0.991854, -3378.38, 1.00465, -3378.67, -0.00610161, -0.00610162, -0.00610157, 0.000133434, 1.01819, 0.0402303, -0.287766, 0.0298899
205.957, 0.974879, -3384.83, 0.991885, -3384.97, 1.00468, -3385.26, -0.00610161, -0.00610163, -0.00610163, 0.000133434, 1.01819, 0.04023, -0.287785, 0.0299008
206.001, 0.974904, -3390.5, 0.991911, -3390.64, 1.00471, -3390.93, -0.00610163, -0.00610167, -0.00610162, 0.000133434, 1.01819, 0.0402304, -0.2878, 0.0299101
206.001, 0.974904, -3390.5, 0.991911, -3390.64, 1.00471, -3390.93, -0.00610163, -0.00610167, -0.00610162, 0.000133434, 1.01819, 0.0402312, -0.2878, 0.0299102
206.051, 0.974933, -3397.09, 0.991941, -3397.23, 1.00474, -3397.52, -0.00610162, -0.00610159, -0.00610163, 0.000133434, 1.01819, 0.0402303, -0.287817, 0.0299209
206.101, 0.974962, -3403.68, 0.991969, -3403.82, 1.00476, -3404.11, -0.00610158, -0.00610162, -0.00610147, 0.000133434, 1.01819, 0.0402302, -0.287834, 0.0299317
206.152, 0.97499, -3410.27, 0.991998, -3410.41, 1.00479, -3410.7, -0.00610163, -0.00610163, -0.00610151, 0.000133434, 1.01819, 0.0402302, -0.287851, 0.0299423
206.202, 0.975018, -3416.86, 0.992027, -3417, 1.00482, -3417.29, -0.00610162, -0.00610163, -0.00610154, 0.000133434, 1.01819, 0.0402303, -0.287868, 0.029953
206.252, 0.975046, -3423.45, 0.992055, -3423.59, 1.00485, -3423.88, -0.00610161, -0.00610161, -0.00610161, 0.000133434, 1.01819, 0.0402302, -0.287885, 0.0299636
206.303, 0.975073, -3430.04, 0.992083, -3430.18, 1.00488, -3430.47, -0.00610163, -0.00610163, -0.00610161, 0.000133434, 1.01819, 0.0402302, -0.287901, 0.0299741
206.353, 0.975098, -3436.63, 0.992109, -3436.77, 1.00491, -3437.06, -0.00610161, -0.00610162, -0.00610151, 0.000133434, 1.01819, 0.0402304, -0.287916, 0.0299845
206.403, 0.975124, -3443.22, 0.992134, -3443.36, 1.00493, -3443.65, -0.00610163, -0.00610161, -0.00610163, 0.000133434, 1.01819, 0.0402303, -0.287932, 0.029995
206.454, 0.975149, -3449.81, 0.99216, -3449.95, 1.00496, -3450.24, -0.00610156, -0.00610159, -0.00610161, 0.000133434, 1.01819, 0.0402304, -0.287946, 0.0300053
206.504, 0.975174, -3456.4, 0.992185, -3456.54, 1.00498, -3456.83, -0.00610162, -0.0061016, -0.00610157, 0.000133434, 1.01819, 0.0402304, -0.287962, 0.0300156
206.555, 0.975199, -3463, 0.992211, -3463.14, 1.00501, -3463.43, -0.00611175, -0.00611179, -0.00611174, 0.000133434, 1.01819, 0.0402298, -0.287977, 0.0300258
206.605, 0.975223, -3469.6, 0.992235, -3469.74, 1.00503, -3470.03, -0.00611169, -0.00611175, -0.00611168, 0.000133434, 1.01819, 0.0402303, -0.287991, 0.0300359
206.655, 0.975246, -3476.2, 0.992259, -3476.34, 1.00506, -3476.63, -0.0061117, -0.00611172, -0.00611175, 0.000133434, 1.01819, 0.0402305, -0.288005, 0.0300459
206.706, 0.975267, -3482.8, 0.992281, -3482.94, 1.00508, -3483.23, -0.00611168, -0.0061116, -0.00611159, 0.000133434, 1.01819, 0.0402303, -0.288018, 0.0300559
206.756, 0.975289, -3489.4, 0.992303, -3489.54, 1.0051, -3489.83, -0.00611169, -0.00611173, -0.00611171, 0.000133434, 1.01819, 0.0402304, -0.288031, 0.0300658
206.806, 0.975311, -3496, 0.992325, -3496.14, 1.00513, -3496.43, -0.0061117, -0.00611173, -0.00611173, 0.000133434, 1.01819, 0.0402302, -0.288044, 0.0300756
206.857, 0.975333, -3502.6, 0.992348, -3502.74, 1.00515, -3503.03, -0.00611174, -0.00611172, -0.0061117, 0.000133434, 1.01819, 0.0402303, -0.288057, 0.0300854
206.907, 0.975354, -3509.2, 0.992369, -3509.34, 1.00517, -3509.63, -0.00611174, -0.00611171, -0.00611171, 0.000133434, 1.01819, 0.0402304, -0.28807, 0.030095
206.957, 0.975374, -3515.81, 0.992389, -3515.94, 1.00519, -3516.23, -0.00611172, -0.00611175, -0.00611167, 0.000133434, 1.01819, 0.0402304, -0.288081, 0.0301046
207.001, 0.97539, -3521.48, 0.992406, -3521.62, 1.00521, -3521.91, -0.00611169, -0.00611174, -0.00611174, 0.000133434, 1.01819, 0.0402303, -0.288092, 0.0301128
207.001, 0.97539, -3521.48, 0.992406, -3521.62, 1.00521, -3521.91, -0.00611169, -0.00611174, -0.00611174, 0.000133434, 1.01819, 0.0402313, -0.288092, 0.0301129
207.051, 0.975409, -3528.08, 0.992425, -3528.22, 1.00523, -3528.51, -0.00611175, -0.00611167, -0.00611168, 0.000133434, 1.01819, 0.0402302, -0.288103, 0.0301222
207.101, 0.975428, -3534.68, 0.992444, -3534.82, 1.00525, -3535.11, -0.00611172, -0.00611177, -0.00611174, 0.000133434, 1.01819, 0.0402304, -0.288114, 0.0301315
207.152, 0.975447, -3541.28, 0.992463, -3541.42, 1.00527, -3541.71, -0.00611175, -0.00611174, -0.00611177, 0.000133434, 1.01819, 0.0402303, -0.288125, 0.0301408
207.202, 0.975465, -3547.88, 0.992482, -3548.02, 1.00528, -3548.31, -0.00611171, -0.00611174, -0.00611171, 0.000133434, 1.01819, 0.0402304, -0.288137, 0.0301499
207.252, 0.975482, -3554.49, 0.9925, -3554.62, 1.0053, -3554.91, -0.00611171, -0.00611173, -0.00611175, 0.000133434, 1.01819, 0.0402301, -0.288147, 0.030159
207.303, 0.975498, -3561.09, 0.992516, -3561.22, 1.00532, -3561.51, -0.00611173, -0.00611169, -0.00611173, 0.000133434, 1.01819, 0.0402302, -0.288157, 0.0301679
207.353, 0.975514, -3567.69, 0.992532, -3567.82, 1.00533, -3568.12, -0.00611176, -0.00611174, -0.00611172, 0.000133434, 1.01819, 0.0402308, -0.288166, 0.0301768
207.404, 0.975529, -3574.29, 0.992548, -3574.42, 1.00535, -3574.72, -0.00611171, -0.00611172, -0.00611172, 0.000133434, 1.01819, 0.0402304, -0.288175, 0.0301856
207.454, 0.975545, -3580.89, 0.992564, -3581.02, 1.00537, -3581.32, -0.00611174, -0.00611173, -0.00611173, 0.000133434, 1.01819, 0.0402305, -0.288185, 0.0301943
207.504, 0.975561, -3587.49, 0.992579, -3587.63, 1.00538, -3587.92, -0.00611172, -0.00611171, -0.00611171, 0.000133434, 1.01819, 0.0402303, -0.288194, 0.0302028
207.555, 0.975576, -3594.09, 0.992595, -3594.23, 1.0054, -3594.52, -0.00611174, -0.00611174, -0.00611173, 0.000133434, 1.01819, 0.0402304, -0.288203, 0.0302113
207.605, 0.975589, -3600.69, 0.992609, -3600.83, 1.00541, -3601.12, -0.00611174, -0.00611174, -0.00611173, 0.000133434, 1.01819, 0.0402305, -0.288211, 0.0302197
207.655, 0.975602, -3607.29, 0.992621, -3607.43, 1.00543, -3607.72, -0.00611174, -0.00611175, -0.00611173, 0.000133434, 1.01819, 0.0402305, -0.288218, 0.030228
207.706, 0.975614, -3613.89, 0.992634, -3614.03, 1.00544, -3614.32, -0.00611172, -0.00611171, -0.00611171, 0.000133434, 1.01819, 0.0402304, -0.288226, 0.0302361
207.756, 0.975627, -3620.49, 0.992647, -3620.63, 1.00545, -3620.92, -0.00611174, -0.00611173, -0.00611172, 0.000133434, 1.01819, 0.0402305, -0.288234, 0.0302442
207.806, 0.975639, -3627.09, 0.992659, -3627.23, 1.00546, -3627.52, -0.00611173, -0.00611173, -0.00611172, 0.000133434, 1.01819, 0.0402305, -0.288241, 0.0302522
207.857, 0.975652, -3633.69, 0.992672, -3633.83, 1.00548, -3634.12, -0.00611179, -0.00611178, -0.00611178, 0.000133434, 1.01819, 0.0402301, -0.288249, 0.03026
207.907, 0.975663, -3640.29, 0.992684, -3640.43, 1.00549, -3640.72, -0.00611178, -0.00611176, -0.00611173, 0.000133434, 1.01819, 0.0402304, -0.288255, 0.0302678
207.957, 0.975674, -3646.89, 0.992694, -3647.03, 1.0055, -3647.32, -0.00611168, -0.00611173, -0.00611173, 0.000133434, 1.01819, 0.0402303, -0.288262, 0.0302754
208.001, 0.975682, -3652.57, 0.992703, -3652.71, 1.00551, -3653, -0.00611175, -0.00611177, -0.00611179, 0.000133434, 1.01819, 0.0402304, -0.288267, 0.0302819
208.001, 0.975682, -3652.57, 0.992703, -3652.71, 1.00551, -3653, -0.00611175, -0.00611177, -0.00611179, 0.000133434, 1.01819, 0.0402317, -0.288267, 0.030282
208.051, 0.975691, -3659.17, 0.992712, -3659.31, 1.00552, -3659.6, -0.00611172, -0.00611178, -0.00611176, 0.000133434, 1.01819, 0.0402302, -0.288272, 0.0302894
208.101, 0.975701, -3665.77, 0.992722, -3665.91, 1.00553, -3666.2, -0.0061117, -0.00611171, -0.00611173, 0.000133434, 1.01819, 0.0402308, -0.288278, 0.0302967
208.152, 0.97571, -3672.37, 0.992731, -3672.51, 1.00554, -3672.8, -0.00611175, -0.00611173, -0.00611171, 0.000133434, 1.01819, 0.0402306, -0.288284, 0.030304
208.202, 0.975719, -3678.97, 0.992741, -3679.11, 1.00555, -3679.4, -0.00611175, -0.00611174, -0.00611175, 0.000133434, 1.01819, 0.0402304, -0.288289, 0.0303111
208.252, 0.975729, -3685.57, 0.99275, -3685.71, 1.00556, -3686, -0.00611173, -0.00611175, -0.00611174, 0.000133434, 1.01819, 0.0402305, -0.288295, 0.0303181
208.303, 0.975736, -3692.18, 0.992758, -3692.31, 1.00556, -3692.6, -0.00611175, -0.00611173, -0.00611175, 0.000133434, 1.01819, 0.0402305, -0.2883, 0.030325
208.353, 0.975743, -3698.78, 0.992765, -3698.91, 1.00557, -3699.2, -0.00611175, -0.00611175, -0.00611175, 0.000133434, 1.01819, 0.0402305, -0.288303, 0.0303319
208.404, 0.975749, -3705.38, 0.992771, -3705.51, 1.00558, -3705.81, -0.0061118, -0.00611179, -0.00611175, 0.000133434, 1.01819, 0.0402304, -0.288307, 0.0303385
208.454, 0.975755, -3711.98, 0.992777, -3712.11, 1.00558, -3712.41, -0.00611182, -0.00611175, -0.00611174, 0.000133434, 1.01819, 0.0402307, -0.288311, 0.0303451
208.504, 0.975762, -3718.58, 0.992784, -3718.72, 1.00559, -3719.01, -0.00611165, -0.00611175, -0.00611175, 0.000133434, 1.01819, 0.0402309, -0.288315, 0.0303516
208.555, 0.975768, -3725.18, 0.99279, -3725.32, 1.0056, -3725.61, -0.00611175, -0.00611175, -0.00611175, 0.000133434, 1.01819, 0.0402304, -0.288319, 0.030358
208.605, 0.975774, -3731.78, 0.992796, -3731.92, 1.0056, -3732.21, -0.00611171, -0.00611167, -0.00611175, 0.000133434, 1.01819, 0.0402305, -0.288322, 0.0303642
208.655, 0.97578, -3738.38, 0.992803, -3738.52, 1.00561, -3738.81, -0.00611175, -0.00611181, -0.00611175, 0.000133434, 1.01819, 0.0402303, -0.288326, 0.0303703
208.706, 0.975785, -3744.98, 0.992807, -3745.12, 1.00561, -3745.41, -0.00611171, -0.00611175, -0.00611175, 0.000133434, 1.01819, 0.0402309, -0.288329, 0.0303764
208.756, 0.975788, -3751.58, 0.99281, -3751.72, 1.00562, -3752.01, -0.00611175, -0.00611175, -0.00611175, 0.000133434, 1.01819, 0.0402305, -0.28833, 0.0303823
208.806, 0.975791, -3758.18, 0.992814, -3758.32, 1.00562, -3758.61, -0.00611175, -0.00611175, -0.00611173, 0.000133434, 1.01819, 0.0402306, -0.288332, 0.0303881
208.857, 0.975794, -3764.78, 0.992817, -3764.92, 1.00562, -3765.21, -0.0061119, -0.00611175, -0.00611175, 0.000133434, 1.01819, 0.0402305, -0.288334, 0.0303938
208.907, 0.975797, -3771.38, 0.99282, -3771.52, 1.00563, -3771.81, -0.00611175, -0.00611175, -0.0061117, 0.000133434, 1.01819, 0.0402305, -0.288336, 0.0303994
208.957, 0.9758, -3777.98, 0.992823, -3778.12, 1.00563, -3778.41, -0.00611175, -0.00611175, -0.00611175, 0.000133434, 1.01819, 0.0402306, -0.288338, 0.0304048
209.001, 0.975803, -3783.66, 0.992826, -3783.8, 1.00563, -3784.09, -0.00611175, -0.00611176, -0.00611175, 0.000133434, 1.01819, 0.0402305, -0.28834, 0.0304095
209.001, 0.975803, -3783.66, 0.992826, -3783.8, 1.00563, -3784.09, -0.00611175, -0.00611176, -0.00611175, 0.000133434, 1.01819, 0.0402315, -0.28834, 0.0304095
209.051, 0.975806, -3790.26, 0.992829, -3790.4, 1.00564, -3790.69, -0.00611175, -0.00611175, -0.00611175, 0.000133434, 1.01819, 0.0402306, -0.288341, 0.0304147
209.101, 0.975809, -3796.86, 0.992832, -3797, 1.00564, -3797.29, -0.00611175, -0.00611175, -0.0061116, 0.000133434, 1.01819, 0.0402305, -0.288343, 0.0304199
209.152, 0.97581, -3803.46, 0.992833, -3803.6, 1.00564, -3803.89, -0.00611181, -0.00611175, -0.00611175, 0.000133434, 1.01819, 0.0402308, -0.288344, 0.0304249
209.202, 0.97581, -3810.06, 0.992833, -3810.2, 1.00564, -3810.49, -0.00609409, -0.00609422, -0.00609422, 0.000133434, 1.01819, 0.0402307, -0.288343, 0.0304299
209.253, 0.97581, -3816.64, 0.992833, -3816.78, 1.00564, -3817.07, -0.00609156, -0.00609152, -0.0060915, 0.000133434, 1.01819, 0.0402306, -0.288344, 0.0304347
209.303, 0.97581, -3823.22, 0.992833, -3823.35, 1.00564, -3823.65, -0.00609156, -0.00609152, -0.00609151, 0.000133434, 1.01819, 0.0402303, -0.288344, 0.0304394
209.353, 0.97581, -3829.8, 0.992833, -3829.93, 1.00564, -3830.23, -0.00609161, -0.00609153, -0.00609152, 0.000133434, 1.01819, 0.0402308, -0.288344, 0.030444
209.404, 0.97581, -3836.38, 0.992833, -3836.51, 1.00564, -3836.8, -0.00609159, -0.00609152, -0.00609167, 0.000133434, 1.01819, 0.0402307, -0.288343, 0.0304485
209.454, 0.97581, -3842.95, 0.992833, -3843.09, 1.00564, -3843.38, -0.00609138, -0.00609136, -0.00609152, 0.000133434, 1.01819, 0.0402305, -0.288344, 0.0304529
209.504, 0.97581, -3849.53, 0.992833, -3849.67, 1.00564, -3849.96, -0.00609152, -0.0060915, -0.0060915, 0.000133434, 1.01819, 0.0402308, -0.288344, 0.0304572
209.555, 0.97581, -3856.11, 0.992833, -3856.25, 1.00564, -3856.54, -0.00609152, -0.00609151, -0.00609151, 0.000133434, 1.01819, 0.0402306, -0.288344, 0.0304613
209.605, 0.97581, -3862.69, 0.992833, -3862.83, 1.00564, -3863.12, -0.00609152, -0.00609146, -0.00609147, 0.000133434, 1.01819, 0.0402307, -0.288344, 0.0304654
209.655, 0.975808, -3869.27, 0.992831, -3869.41, 1.00564, -3869.7, -0.00609152, -0.00609152, -0.00609152, 0.000133434, 1.01819, 0.0402306, -0.288343, 0.0304694
209.706, 0.975805, -3875.85, 0.992828, -3875.99, 1.00564, -3876.28, -0.00609152, -0.0060916, -0.00609152, 0.000133434, 1.01819, 0.0402306, -0.288341, 0.0304732
209.756, 0.975802, -3882.43, 0.992825, -3882.56, 1.00563, -3882.86, -0.00609152, -0.00609152, -0.00609152, 0.000133434, 1.01819, 0.0402307, -0.288338, 0.030477
209.806, 0.975799, -3889.01, 0.992822, -3889.14, 1.00563, -3889.43, -0.00609152, -0.00609152, -0.0060915, 0.000133434, 1.01819, 0.0402306, -0.288337, 0.0304806
209.857, 0.975796, -3895.58, 0.992819, -3895.72, 1.00563, -3896.01, -0.00609155, -0.00609157, -0.00609149, 0.000133434, 1.01819, 0.0402306, -0.288335, 0.0304841
209.907, 0.975793, -3902.16, 0.992816, -3902.3, 1.00562, -3902.59, -0.0060915, -0.0060915, -0.0060915, 0.000133434, 1.01819, 0.0402303, -0.288334, 0.0304876
209.957, 0.97579, -3908.74, 0.992813, -3908.88, 1.00562, -3909.17, -0.00609147, -0.00609151, -0.00609151, 0.000133434, 1.01819, 0.0402307, -0.288332, 0.0304909
210.001, 0.975787, -3914.4, 0.99281, -3914.54, 1.00562, -3914.83, -0.00609152, -0.00609151, -0.00609148, 0.000133434, 1.01819, 0.0402303, -0.28833, 0.0304937
210.001, 0.975787, -3914.4, 0.99281, -3914.54, 1.00562, -3914.83, -0.00609152, -0.00609151, -0.00609148, 0.000133434, 1.01819, 0.0402316, -0.28833, 0.0304937
210.051, 0.975784, -3920.98, 0.992807, -3921.12, 1.00561, -3921.41, -0.00609146, -0.00609146, -0.0060915, 0.000133434, 1.01819, 0.0402307, -0.288328, 0.0304968
210.101, 0.975781, -3927.56, 0.992803, -3927.69, 1.00561, -3927.99, -0.00609149, -0.00609152, -0.00609148, 0.000133434, 1.01819, 0.0402305, -0.288326, 0.0304999
210.152, 0.975778, -3934.14, 0.9928, -3934.27, 1.00561, -3934.56, -0.00609153, -0.0060915, -0.00609151, 0.000133434, 1.01819, 0.0402307, -0.288325, 0.0305028
210.202, 0.975775, -3940.72, 0.992797, -3940.85, 1.0056, -3941.14, -0.0060915, -0.0060915, -0.0060915, 0.000133434, 1.01819, 0.0402304, -0.288323, 0.0305056
210.253, 0.97577, -3947.29, 0.992792, -3947.43, 1.0056, -3947.72, -0.0060915, -0.00609151, -0.0060915, 0.000133434, 1.01819, 0.0402306, -0.28832, 0.0305084
210.303, 0.975764, -3953.87, 0.992786, -3954.01, 1.00559, -3954.3, -0.00609153, -0.00609153, -0.00609153, 0.000133434, 1.01819, 0.0402306, -0.288316, 0.030511
210.353, 0.975758, -3960.45, 0.99278, -3960.59, 1.00559, -3960.88, -0.00609152, -0.00609153, -0.00609153, 0.000133434, 1.01819, 0.0402305, -0.288313, 0.0305135
210.404, 0.975751, -3967.03, 0.992774, -3967.17, 1.00558, -3967.46, -0.00609151, -0.00609152, -0.00609151, 0.000133434, 1.01819, 0.0402305, -0.288309, 0.030516
210.454, 0.975745, -3973.61, 0.992767, -3973.75, 1.00557, -3974.04, -0.00609152, -0.00609152, -0.00609153, 0.000133434, 1.01819, 0.0402304, -0.288305, 0.0305183
210.504, 0.975739, -3980.19, 0.992761, -3980.33, 1.00557, -3980.62, -0.00609154, -0.00609154, -0.00609156, 0.000133434, 1.01819, 0.0402307, -0.288301, 0.0305206
210.555, 0.975733, -3986.77, 0.992755, -3986.9, 1.00556, -3987.2, -0.00609152, -0.00609155, -0.00609154, 0.000133434, 1.01819, 0.0402306, -0.288297, 0.0305227
210.605, 0.975727, -3993.35, 0.992749, -3993.48, 1.00555, -3993.77, -0.00609151, -0.00609153, -0.00609152, 0.000133434, 1.01819, 0.0402305, -0.288294, 0.0305248
210.655, 0.975721, -3999.93, 0.992742, -4000.06, 1.00555, -4000.35, -0.00609152, -0.00609152, -0.00609153, 0.000133434, 1.01819, 0.0402309, -0.28829, 0.0305268
210.706, 0.975715, -4006.5, 0.992736, -4006.64, 1.00554, -4006.93, -0.00609152, -0.0060915, -0.00609151, 0.000133434, 1.01819, 0.0402306, -0.288286, 0.0305286
210.756, 0.975708, -4013.08, 0.99273, -4013.22, 1.00554, -4013.51, -0.00607246, -0.00607245, -0.00607248, 0.000133434, 1.01819, 0.0402305, -0.288283, 0.0305304
210.806, 0.975702, -4019.64, 0.992723, -4019.77, 1.00553, -4020.06, -0.00607129, -0.00607125, -0.00607126, 0.000133434, 1.01819, 0.0402301, -0.288278, 0.0305321
210.857, 0.975696, -4026.19, 0.992717, -4026.33, 1.00552, -4026.62, -0.0060713, -0.00607128, -0.00607128, 0.000133434, 1.01819, 0.0402303, -0.288275, 0.0305337
210.907, 0.97569, -4032.75, 0.992711, -4032.89, 1.00552, -4033.18, -0.00607128, -0.00607124, -0.0060712, 0.000133434, 1.01819, 0.0402305, -0.288271, 0.0305352
210.958, 0.975684, -4039.31, 0.992705, -4039.44, 1.00551, -4039.73, -0.00607128, -0.00607128, -0.0060713, 0.000133434, 1.01819, 0.0402304, -0.288267, 0.0305367
211.001, 0.975678, -4044.94, 0.992699, -4045.08, 1.0055, -4045.37, -0.00607128, -0.00607128, -0.00607128, 0.000133434, 1.01819, 0.0402305, -0.288265, 0.0305378
211.001, 0.975678, -4044.94, 0.992699, -4045.08, 1.0055, -4045.37, -0.00607128, -0.00607128, -0.00607128, 0.00256195, 1.01819, 0.0402314, -0.288265, 0.0305378
211.051, 0.975672, -4051.5, 0.992692, -4051.64, 1.0055, -4051.93, -0.00607134, -0.00607131, -0.00607128, 0.00256195, 1.01819, 0.0402305, -0.28826, 0.0305989
211.102, 0.975662, -4058.06, 0.992683, -4058.2, 1.00549, -4058.49, -0.00607128, -0.00607132, -0.00607132, 0.00256195, 1.01819, 0.0402304, -0.288255, 0.0306581
211.152, 0.975653, -4064.62, 0.992673, -4064.75, 1.00548, -4065.04, -0.00607128, -0.00607129, -0.00607136, 0.00256195, 1.01819, 0.0402303, -0.28825, 0.0307156
211.202, 0.975644, -4071.17, 0.992664, -4071.31, 1.00547, -4071.6, -0.00607133, -0.00607129, -0.00607129, 0.00256195, 1.01819, 0.0402304, -0.288244, 0.0307713
211.253, 0.975635, -4077.73, 0.992655, -4077.87, 1.00546, -4078.16, -0.00607132, -0.00607128, -0.00607128, 0.00256195, 1.01819, 0.0402306, -0.288238, 0.0308254
211.303, 0.975626, -4084.29, 0.992645, -4084.42, 1.00545, -4084.72, -0.00607122, -0.00607125, -0.0060712, 0.00256195, 1.01819, 0.0402309, -0.288233, 0.0308779
211.353, 0.975616, -4090.84, 0.992636, -4090.98, 1.00544, -4091.27, -0.00607142, -0.00607139, -0.00607128, 0.00256195, 1.01819, 0.0402304, -0.288227, 0.0309288
211.404, 0.975607, -4097.4, 0.992626, -4097.54, 1.00543, -4097.83, -0.00607128, -0.00607133, -0.00607128, 0.00256195, 1.01819, 0.04023, -0.288222, 0.0309782
211.454, 0.975598, -4103.96, 0.992617, -4104.09, 1.00542, -4104.39, -0.00607128, -0.00607136, -0.00607137, 0.00256195, 1.01819, 0.0402304, -0.288216, 0.0310262
211.504, 0.975589, -4110.51, 0.992609, -4110.65, 1.00541, -4110.94, -0.00607131, -0.00607139, -0.00607131, 0.00256195, 1.01819, 0.0402303, -0.288211, 0.0310728
211.555, 0.975583, -4117.07, 0.992602, -4117.21, 1.00541, -4117.5, -0.00607139, -0.00607125, -0.00607129, 0.00256195, 1.01819, 0.0402306, -0.288208, 0.031118
211.605, 0.975577, -4123.61, 0.992596, -4123.74, 1.0054, -4124.04, -0.00605104, -0.00605104, -0.00605105, 0.00256195, 1.01819, 0.0402305, -0.288203, 0.0311619
211.655, 0.97557, -4130.14, 0.992589, -4130.28, 1.00539, -4130.57, -0.00605104, -0.00605104, -0.00605105, 0.00256195, 1.01819, 0.0402304, -0.288199, 0.0312045
211.706, 0.975565, -4136.68, 0.992584, -4136.81, 1.00539, -4137.11, -0.00605104, -0.00605104, -0.00605104, 0.00256195, 1.01819, 0.0402304, -0.288196, 0.0312458
211.756, 0.975562, -4143.21, 0.992581, -4143.35, 1.00538, -4143.64, -0.00605104, -0.00605105, -0.00605104, 0.00256195, 1.01819, 0.0402304, -0.288195, 0.031286
211.806, 0.975559, -4149.75, 0.992578, -4149.88, 1.00538, -4150.18, -0.00605105, -0.00605104, -0.00605104, 0.00256195, 1.01819, 0.0402305, -0.288193, 0.031325
211.857, 0.975558, -4156.28, 0.992577, -4156.42, 1.00538, -4156.71, -0.00605104, -0.00605104, -0.00605102, 0.00256195, 1.01819, 0.0402307, -0.288192, 0.0313628
211.907, 0.975559, -4162.82, 0.992577, -4162.96, 1.00538, -4163.25, -0.00605104, -0.00605104, -0.00605104, 0.00256195, 1.01819, 0.0402303, -0.288193, 0.0313996
211.958, 0.975561, -4169.35, 0.992579, -4169.49, 1.00538, -4169.78, -0.00603707, -0.00603721, -0.00603721, 0.00256195, 1.01819, 0.0402308, -0.288194, 0.0314352
212.001, 0.975564, -4174.95, 0.992583, -4175.09, 1.00539, -4175.38, -0.00603075, -0.00603068, -0.00603081, 0.00256195, 1.01819, 0.0402306, -0.288196, 0.031465
212.001, 0.975564, -4174.95, 0.992583, -4175.09, 1.00539, -4175.38, -0.00603075, -0.00603068, -0.00603081, 0.00497424, 1.01819, 0.0402316, -0.288196, 0.0314652
212.051, 0.975569, -4181.47, 0.992588, -4181.6, 1.00539, -4181.89, -0.0060308, -0.0060308, -0.0060308, 0.00497424, 1.01819, 0.0402304, -0.288199, 0.0315582
212.102, 0.975576, -4187.98, 0.992595, -4188.12, 1.0054, -4188.41, -0.00603078, -0.00603076, -0.0060308, 0.00497424, 1.01819, 0.04023, -0.288203, 0.0316485
212.152, 0.975584, -4194.49, 0.992603, -4194.63, 1.00541, -4194.92, -0.00603087, -0.00603093, -0.0060308, 0.00497424, 1.01819, 0.0402306, -0.288208, 0.0317362
212.202, 0.975594, -4201, 0.992613, -4201.14, 1.00542, -4201.43, -0.00603084, -0.00603074, -0.00603071, 0.00497424, 1.01819, 0.0402303, -0.288214, 0.0318214
212.253, 0.975606, -4207.52, 0.992625, -4207.65, 1.00543, -4207.94, -0.00601695, -0.00601695, -0.00601697, 0.00497424, 1.01819, 0.0402303, -0.288221, 0.031904
212.303, 0.975619, -4214.01, 0.992639, -4214.14, 1.00544, -4214.44, -0.00601055, -0.00601054, -0.00601054, 0.00497424, 1.01819, 0.0402303, -0.288229, 0.0319842
212.353, 0.975634, -4220.5, 0.992654, -4220.64, 1.00546, -4220.93, -0.00601052, -0.00601055, -0.00601055, 0.00497424, 1.01819, 0.0402305, -0.288238, 0.0320621
212.404, 0.97565, -4226.99, 0.992671, -4227.13, 1.00548, -4227.42, -0.00601053, -0.00601052, -0.00601053, 0.00497424, 1.01819, 0.0402305, -0.288248, 0.0321376
212.454, 0.975669, -4233.48, 0.99269, -4233.62, 1.0055, -4233.91, -0.00601056, -0.00601053, -0.00601055, 0.00497424, 1.01819, 0.0402305, -0.288259, 0.032211
212.504, 0.975689, -4239.96, 0.99271, -4240.1, 1.00552, -4240.39, -0.0059903, -0.00599025, -0.0059903, 0.00497424, 1.01819, 0.0402304, -0.288272, 0.0322821
212.555, 0.975712, -4246.43, 0.992733, -4246.57, 1.00554, -4246.86, -0.00599028, -0.00599032, -0.0059903, 0.00497424, 1.01819, 0.0402304, -0.288285, 0.0323512
212.605, 0.975736, -4252.9, 0.992758, -4253.04, 1.00556, -4253.33, -0.00599031, -0.00599024, -0.00599028, 0.00497424, 1.01819, 0.0402305, -0.288299, 0.0324182
212.655, 0.975763, -4259.37, 0.992785, -4259.51, 1.00559, -4259.8, -0.0059903, -0.00599024, -0.00599023, 0.00497424, 1.01819, 0.0402307, -0.288315, 0.0324833
212.706, 0.975792, -4265.82, 0.992814, -4265.96, 1.00562, -4266.25, -0.00597012, -0.00597008, -0.00597006, 0.00497424, 1.01819, 0.0402302, -0.288333, 0.0325464
212.756, 0.975823, -4272.27, 0.992846, -4272.41, 1.00565, -4272.7, -0.00597006, -0.00597009, -0.00597006, 0.00497424, 1.01819, 0.0402307, -0.288351, 0.0326076
212.807, 0.975857, -4278.72, 0.992881, -4278.86, 1.00569, -4279.15, -0.00597001, -0.00597001, -0.00597001, 0.00497424, 1.01819, 0.040231, -0.288372, 0.032667
212.857, 0.975893, -4285.16, 0.992918, -4285.3, 1.00573, -4285.59, -0.00595344, -0.00595341, -0.00595341, 0.00497424, 1.01819, 0.0402304, -0.288394, 0.0327245
212.907, 0.975932, -4291.59, 0.992957, -4291.73, 1.00577, -4292.02, -0.00594982, -0.0059498, -0.00594979, 0.00497424, 1.01819, 0.0402306, -0.288417, 0.0327803
212.958, 0.975973, -4298.01, 0.992999, -4298.15, 1.00581, -4298.44, -0.0059498, -0.00594978, -0.00594976, 0.00497424, 1.01819, 0.0402306, -0.288442, 0.0328344
213.001, 0.97601, -4303.54, 0.993037, -4303.68, 1.00585, -4303.97, -0.00594978, -0.00594977, -0.00594976, 0.00497424, 1.01819, 0.0402306, -0.288464, 0.0328796
213.001, 0.97601, -4303.54, 0.993037, -4303.68, 1.00585, -4303.97, -0.00594978, -0.00594977, -0.00594976, 0.00735416, 1.01819, 0.0402318, -0.288464, 0.0328799
213.051, 0.976056, -4309.95, 0.993084, -4310.09, 1.00589, -4310.38, -0.00592956, -0.00592955, -0.00592953, 0.00735416, 1.01819, 0.0402307, -0.288492, 0.0329892
213.102, 0.976104, -4316.35, 0.993132, -4316.49, 1.00594, -4316.78, -0.00592889, -0.00592888, -0.00592886, 0.00735416, 1.01819, 0.0402307, -0.288521, 0.0330955
213.152, 0.976154, -4322.76, 0.993183, -4322.9, 1.006, -4323.19, -0.00592956, -0.00592954, -0.00592952, 0.00735416, 1.01819, 0.0402307, -0.288549, 0.0331985
213.202, 0.976206, -4329.15, 0.993236, -4329.28, 1.00605, -4329.57, -0.00590933, -0.00590931, -0.00590929, 0.00735416, 1.01819, 0.0402308, -0.288581, 0.0332984
213.253, 0.97626, -4335.53, 0.993291, -4335.67, 1.00611, -4335.96, -0.0059093, -0.0059093, -0.00590928, 0.00735416, 1.01819, 0.0402308, -0.288613, 0.0333953
213.303, 0.976315, -4341.91, 0.993348, -4342.05, 1.00616, -4342.34, -0.0059093, -0.00590928, -0.00590924, 0.00735416, 1.01819, 0.0402308, -0.288647, 0.0334891
213.353, 0.976374, -4348.27, 0.993407, -4348.41, 1.00622, -4348.7, -0.00588907, -0.00588907, -0.00588903, 0.00735416, 1.01819, 0.0402303, -0.288683, 0.0335801
213.404, 0.976432, -4354.63, 0.993467, -4354.77, 1.00628, -4355.06, -0.00588903, -0.00588896, -0.00588894, 0.00735416, 1.01819, 0.0402308, -0.288718, 0.0336682
213.454, 0.976494, -4360.98, 0.993529, -4361.12, 1.00635, -4361.41, -0.00586883, -0.00586882, -0.00586877, 0.00735416, 1.01819, 0.040231, -0.288754, 0.0337536
213.504, 0.976556, -4367.32, 0.993593, -4367.46, 1.00641, -4367.75, -0.00586882, -0.0058688, -0.00586878, 0.00735416, 1.01819, 0.0402307, -0.288792, 0.0338363
213.555, 0.976621, -4373.66, 0.993658, -4373.79, 1.00648, -4374.08, -0.00585998, -0.00585997, -0.00585996, 0.00735416, 1.01819, 0.0402311, -0.288831, 0.0339164
213.605, 0.976687, -4379.97, 0.993726, -4380.11, 1.00655, -4380.4, -0.00584858, -0.00584858, -0.00584853, 0.00735416, 1.01819, 0.0402311, -0.28887, 0.0339939
213.655, 0.976754, -4386.29, 0.993795, -4386.42, 1.00662, -4386.72, -0.00584862, -0.00584861, -0.00584856, 0.00735416, 1.01819, 0.0402309, -0.28891, 0.034069
213.706, 0.976824, -4392.59, 0.993866, -4392.72, 1.00669, -4393.02, -0.00582837, -0.00582834, -0.00582831, 0.00735416, 1.01819, 0.0402307, -0.288953, 0.0341416
213.756, 0.976895, -4398.88, 0.993938, -4399.02, 1.00676, -4399.31, -0.00582838, -0.00582834, -0.00582826, 0.00735416, 1.01819, 0.0402311, -0.288995, 0.0342119
213.807, 0.976968, -4405.16, 0.994012, -4405.3, 1.00684, -4405.59, -0.00580811, -0.00580806, -0.0058081, 0.00735416, 1.01819, 0.0402312, -0.28904, 0.0342798
213.857, 0.977043, -4411.44, 0.994088, -4411.57, 1.00691, -4411.86, -0.00580805, -0.00580811, -0.00580802, 0.00735416, 1.01819, 0.0402311, -0.289085, 0.0343455
213.907, 0.977119, -4417.7, 0.994165, -4417.84, 1.00699, -4418.13, -0.00578788, -0.00578786, -0.00578783, 0.00735416, 1.01819, 0.0402313, -0.28913, 0.0344089
213.958, 0.977196, -4423.95, 0.994244, -4424.09, 1.00707, -4424.38, -0.00578786, -0.00578784, -0.00578779, 0.00735416, 1.01819, 0.0402313, -0.289176, 0.0344702
214.001, 0.977264, -4429.32, 0.994313, -4429.46, 1.00714, -4429.75, -0.00576851, -0.00576848, -0.00576844, 0.00735416, 1.01819, 0.0402312, -0.289217, 0.0345212
214.001, 0.977264, -4429.32, 0.994313, -4429.46, 1.00714, -4429.75, -0.00576851, -0.00576848, -0.00576844, 0.00966156, 1.01819, 0.040232, -0.289218, 0.0345215
214.051, 0.977344, -4435.55, 0.994394, -4435.69, 1.00722, -4435.98, -0.00576724, -0.00576723, -0.0057671, 0.00966156, 1.01819, 0.0402314, -0.289265, 0.0346353
214.102, 0.977425, -4441.77, 0.994477, -4441.91, 1.00731, -4442.2, -0.00574846, -0.00574855, -0.00574849, 0.00966156, 1.01819, 0.0402312, -0.289314, 0.0347458
214.152, 0.977506, -4447.98, 0.99456, -4448.12, 1.00739, -4448.41, -0.00574741, -0.00574742, -0.00574726, 0.00966156, 1.01819, 0.0402314, -0.289363, 0.0348526
214.202, 0.977588, -4454.18, 0.994643, -4454.32, 1.00748, -4454.61, -0.00572737, -0.00572735, -0.00572744, 0.00966156, 1.01819, 0.0402315, -0.289412, 0.0349559
214.253, 0.977671, -4460.37, 0.994728, -4460.5, 1.00756, -4460.79, -0.00572715, -0.00572711, -0.00572695, 0.00966156, 1.01819, 0.0402318, -0.289462, 0.0350558
214.303, 0.977755, -4466.54, 0.994814, -4466.68, 1.00765, -4466.97, -0.00570697, -0.00570682, -0.0057068, 0.00966156, 1.01819, 0.0402314, -0.289513, 0.0351523
214.353, 0.97784, -4472.7, 0.994899, -4472.84, 1.00774, -4473.13, -0.00570692, -0.00570692, -0.00570679, 0.00966156, 1.01819, 0.0402317, -0.289564, 0.0352455
214.404, 0.977924, -4478.85, 0.994985, -4478.99, 1.00782, -4479.28, -0.00568666, -0.00568661, -0.00568655, 0.00966156, 1.01819, 0.0402315, -0.289615, 0.0353356
214.454, 0.978009, -4484.99, 0.995071, -4485.13, 1.00791, -4485.42, -0.00568662, -0.0056867, -0.0056866, 0.00966156, 1.01819, 0.0402316, -0.289665, 0.0354226
214.504, 0.978093, -4491.11, 0.995157, -4491.25, 1.008, -4491.54, -0.00566634, -0.00566638, -0.00566639, 0.00966156, 1.01819, 0.0402316, -0.289716, 0.0355065
214.555, 0.978177, -4497.23, 0.995243, -4497.36, 1.00809, -4497.65, -0.00564672, -0.0056467, -0.00564664, 0.00966156, 1.01819, 0.0402316, -0.289767, 0.0355875
214.605, 0.978262, -4503.33, 0.995329, -4503.46, 1.00817, -4503.75, -0.00564623, -0.00564619, -0.0056462, 0.00966156, 1.01819, 0.0402317, -0.289817, 0.0356656
214.656, 0.978347, -4509.41, 0.995415, -4509.55, 1.00826, -4509.84, -0.00562601, -0.00562586, -0.00562582, 0.00966156, 1.01819, 0.0402318, -0.289869, 0.0357408
214.706, 0.978431, -4515.48, 0.995501, -4515.62, 1.00835, -4515.91, -0.00562597, -0.00562596, -0.00562586, 0.00966156, 1.01819, 0.0402316, -0.28992, 0.0358134
214.756, 0.978515, -4521.54, 0.995587, -4521.67, 1.00843, -4521.96, -0.00560533, -0.00560527, -0.00560526, 0.00966156, 1.01819, 0.0402316, -0.28997, 0.0358832
214.807, 0.9786, -4527.58, 0.995673, -4527.72, 1.00852, -4528.01, -0.00558546, -0.00558556, -0.00558547, 0.00966156, 1.01819, 0.0402318, -0.290021, 0.0359504
214.857, 0.978684, -4533.62, 0.995759, -4533.75, 1.00861, -4534.04, -0.00558555, -0.00558542, -0.00558544, 0.00966156, 1.01819, 0.0402322, -0.290072, 0.036015
214.907, 0.978766, -4539.63, 0.995843, -4539.77, 1.00869, -4540.06, -0.00556242, -0.00556238, -0.00556227, 0.00966156, 1.01819, 0.0402321, -0.290121, 0.036077
214.958, 0.978848, -4545.63, 0.995926, -4545.77, 1.00878, -4546.06, -0.00554532, -0.00554524, -0.00554524, 0.00966156, 1.01819, 0.0402317, -0.290171, 0.0361366
215.001, 0.978918, -4550.78, 0.995997, -4550.92, 1.00885, -4551.21, -0.00554506, -0.00554504, -0.00554489, 0.00966156, 1.01819, 0.040232, -0.290213, 0.0361859
215.001, 0.978918, -4550.78, 0.995997, -4550.92, 1.00885, -4551.21, -0.00554506, -0.00554504, -0.00554489, 0.0118796, 1.01819, 0.040233, -0.290213, 0.0361863
215.051, 0.979, -4556.76, 0.99608, -4556.89, 1.00893, -4557.18, -0.00552475, -0.00552481, -0.00552474, 0.0118796, 1.01819, 0.0402317, -0.290262, 0.0362956
215.102, 0.979081, -4562.72, 0.996163, -4562.86, 1.00902, -4563.15, -0.00550819, -0.00550819, -0.00550807, 0.0118796, 1.01819, 0.0402322, -0.290311, 0.0364014
215.152, 0.97916, -4568.67, 0.996244, -4568.8, 1.0091, -4569.09, -0.00550456, -0.00550452, -0.00550446, 0.0118796, 1.01819, 0.0402323, -0.290359, 0.0365033
215.202, 0.979239, -4574.6, 0.996324, -4574.73, 1.00918, -4575.02, -0.00548431, -0.00548428, -0.00548426, 0.0118796, 1.01819, 0.0402321, -0.290406, 0.0366015
215.253, 0.979317, -4580.51, 0.996403, -4580.65, 1.00926, -4580.94, -0.00546495, -0.00546486, -0.00546491, 0.0118796, 1.01819, 0.0402322, -0.290453, 0.036696
215.303, 0.979393, -4586.41, 0.99648, -4586.55, 1.00934, -4586.84, -0.0054641, -0.00546401, -0.00546403, 0.0118796, 1.01819, 0.0402322, -0.290498, 0.036787
215.353, 0.979468, -4592.3, 0.996557, -4592.43, 1.00942, -4592.72, -0.00544266, -0.00544258, -0.00544255, 0.0118796, 1.01819, 0.0402322, -0.290544, 0.0368745
215.404, 0.979541, -4598.17, 0.996631, -4598.3, 1.00949, -4598.59, -0.00542364, -0.00542364, -0.00542355, 0.0118796, 1.01819, 0.0402323, -0.290588, 0.0369586
215.454, 0.979613, -4604.02, 0.996705, -4604.16, 1.00957, -4604.45, -0.00540979, -0.00540969, -0.00540976, 0.0118796, 1.01819, 0.0402322, -0.290632, 0.0370395
215.504, 0.979683, -4609.86, 0.996776, -4609.99, 1.00964, -4610.28, -0.00540328, -0.00540327, -0.00540325, 0.0118796, 1.01819, 0.0402324, -0.290673, 0.0371171
215.555, 0.979752, -4615.68, 0.996846, -4615.81, 1.00971, -4616.1, -0.00538314, -0.00538312, -0.00538311, 0.0118796, 1.01819, 0.0402323, -0.290715, 0.0371915
215.605, 0.979819, -4621.48, 0.996915, -4621.62, 1.00978, -4621.91, -0.00536295, -0.00536295, -0.00536287, 0.0118796, 1.01819, 0.0402324, -0.290755, 0.0372629
215.656, 0.979886, -4627.27, 0.996982, -4627.41, 1.00985, -4627.7, -0.00534905, -0.00534901, -0.00534902, 0.0118796, 1.01819, 0.0402326, -0.290796, 0.0373312
215.706, 0.979949, -4633.04, 0.997047, -4633.18, 1.00992, -4633.47, -0.00534261, -0.00534257, -0.00534257, 0.0118796, 1.01819, 0.0402327, -0.290834, 0.0373966
215.756, 0.980013, -4638.79, 0.997111, -4638.93, 1.00998, -4639.22, -0.00532124, -0.00532124, -0.00532118, 0.0118796, 1.01819, 0.0402324, -0.290873, 0.0374591
215.807, 0.980074, -4644.53, 0.997174, -4644.67, 1.01004, -4644.96, -0.0053022, -0.00530221, -0.00530217, 0.0118796, 1.01819, 0.0402324, -0.290909, 0.0375188
215.857, 0.980134, -4650.25, 0.997235, -4650.39, 1.01011, -4650.68, -0.00528306, -0.00528301, -0.00528303, 0.0118796, 1.01819, 0.0402325, -0.290945, 0.0375757
215.907, 0.980192, -4655.96, 0.997294, -4656.09, 1.01017, -4656.38, -0.00528194, -0.00528193, -0.00528194, 0.0118796, 1.01819, 0.0402327, -0.290981, 0.03763
215.958, 0.980249, -4661.64, 0.997352, -4661.77, 1.01023, -4662.06, -0.0052617, -0.0052617, -0.00526168, 0.0118796, 1.01819, 0.0402326, -0.291015, 0.0376816
216.001, 0.980296, -4666.51, 0.9974, -4666.65, 1.01027, -4666.94, -0.00524149, -0.00524148, -0.00524145, 0.0118796, 1.01819, 0.0402325, -0.291043, 0.0377239
216.001, 0.980296, -4666.51, 0.9974, -4666.65, 1.01027, -4666.94, -0.00524149, -0.00524148, -0.00524145, 0.0139762, 1.01819, 0.0402334, -0.291044, 0.0377242
216.051, 0.980351, -4672.17, 0.997455, -4672.3, 1.01033, -4672.59, -0.00522172, -0.0052217, -0.00522168, 0.0139762, 1.01819, 0.0402326, -0.291076, 0.0378223
216.102, 0.980402, -4677.81, 0.997508, -4677.94, 1.01038, -4678.23, -0.00521618, -0.00521617, -0.00521615, 0.0139762, 1.01819, 0.0402327, -0.291108, 0.0379167
216.152, 0.980452, -4683.42, 0.997559, -4683.56, 1.01043, -4683.85, -0.00520098, -0.00520097, -0.00520095, 0.0139762, 1.01819, 0.0402327, -0.291138, 0.0380072
216.202, 0.9805, -4689.02, 0.997608, -4689.16, 1.01048, -4689.45, -0.00518076, -0.00518076, -0.00518073, 0.0139762, 1.01819, 0.0402329, -0.291166, 0.038094
216.253, 0.980546, -4694.6, 0.997654, -4694.74, 1.01053, -4695.03, -0.00516056, -0.00516053, -0.00516052, 0.0139762, 1.01819, 0.0402329, -0.291194, 0.038177
216.303, 0.98059, -4700.17, 0.997699, -4700.3, 1.01058, -4700.59, -0.00514039, -0.00514035, -0.00514036, 0.0139762, 1.01819, 0.040233, -0.29122, 0.0382564
216.353, 0.980631, -4705.72, 0.997741, -4705.85, 1.01062, -4706.14, -0.0051216, -0.00512158, -0.00512157, 0.0139762, 1.01819, 0.0402329, -0.291245, 0.0383322
216.404, 0.98067, -4711.25, 0.997781, -4711.38, 1.01066, -4711.67, -0.00512007, -0.00512006, -0.00512003, 0.0139762, 1.01819, 0.0402328, -0.291269, 0.0384046
216.454, 0.980708, -4716.75, 0.997819, -4716.89, 1.0107, -4717.18, -0.00509985, -0.00509982, -0.00509983, 0.0139762, 1.01819, 0.0402331, -0.291292, 0.0384737
216.505, 0.980743, -4722.24, 0.997855, -4722.38, 1.01074, -4722.67, -0.00507946, -0.00507943, -0.00507944, 0.0139762, 1.01819, 0.0402326, -0.291313, 0.0385394
216.555, 0.980775, -4727.71, 0.997888, -4727.85, 1.01077, -4728.14, -0.00505935, -0.00505938, -0.00505935, 0.0139762, 1.01819, 0.0402329, -0.291333, 0.038602
216.605, 0.980806, -4733.16, 0.997919, -4733.3, 1.0108, -4733.59, -0.00503914, -0.00503915, -0.00503915, 0.0139762, 1.01819, 0.0402329, -0.291351, 0.0386615
216.656, 0.980835, -4738.6, 0.997948, -4738.73, 1.01083, -4739.02, -0.00501899, -0.00501902, -0.005019, 0.0139762, 1.01819, 0.0402326, -0.291368, 0.0387178
216.706, 0.980861, -4744.01, 0.997975, -4744.15, 1.01086, -4744.44, -0.00499951, -0.00499954, -0.00499949, 0.0139762, 1.01819, 0.0402331, -0.291385, 0.0387712
216.756, 0.980886, -4749.41, 0.998, -4749.54, 1.01088, -4749.83, -0.00498481, -0.00498483, -0.00498482, 0.0139762, 1.01819, 0.0402329, -0.291399, 0.0388217
216.807, 0.980909, -4754.79, 0.998024, -4754.92, 1.01091, -4755.21, -0.00497843, -0.00497836, -0.0049784, 0.0139762, 1.01819, 0.0402331, -0.291414, 0.0388693
216.857, 0.98093, -4760.14, 0.998045, -4760.28, 1.01093, -4760.57, -0.00495816, -0.00495817, -0.00495813, 0.0139762, 1.01819, 0.0402329, -0.291426, 0.0389141
216.907, 0.98095, -4765.48, 0.998065, -4765.61, 1.01095, -4765.9, -0.00493792, -0.00493794, -0.00493797, 0.0139762, 1.01819, 0.0402329, -0.291437, 0.0389562
216.958, 0.980967, -4770.79, 0.998083, -4770.93, 1.01097, -4771.22, -0.00491652, -0.00491649, -0.00491645, 0.0139762, 1.01819, 0.040233, -0.291448, 0.0389956
217, 0.98098, -4775.25, 0.998096, -4775.38, 1.01098, -4775.67, -0.00489748, -0.00489754, -0.00489756, 0.0139762, 1.01819, 0.040233, -0.291456, 0.0390267
217, 0.98098, -4775.25, 0.998096, -4775.38, 1.01098, -4775.67, -0.00489748, -0.00489754, -0.00489756, 0.0159352, 1.01819, 0.0402338, -0.291456, 0.0390271
217.05, 0.980994, -4780.53, 0.998111, -4780.66, 1.01099, -4780.95, -0.00487762, -0.00487761, -0.00487762, 0.0159352, 1.01819, 0.0402331, -0.291464, 0.0391096
217.101, 0.981006, -4785.79, 0.998123, -4785.93, 1.01101, -4786.22, -0.00485898, -0.00485903, -0.00485904, 0.0159352, 1.01819, 0.0402333, -0.291471, 0.0391886
217.151, 0.981016, -4791.04, 0.998133, -4791.17, 1.01102, -4791.46, -0.00484532, -0.00484532, -0.00484531, 0.0159352, 1.01819, 0.0402333, -0.291478, 0.0392637
217.201, 0.981024, -4796.26, 0.998141, -4796.39, 1.01103, -4796.68, -0.00483682, -0.00483678, -0.00483678, 0.0159352, 1.01819, 0.0402328, -0.291483, 0.0393351
217.252, 0.98103, -4801.46, 0.998147, -4801.6, 1.01103, -4801.89, -0.00481655, -0.00481655, -0.00481655, 0.0159352, 1.01819, 0.040233, -0.291487, 0.0394028
217.302, 0.981034, -4806.64, 0.998151, -4806.78, 1.01104, -4807.07, -0.00479616, -0.00479624, -0.00479619, 0.0159352, 1.01819, 0.0402326, -0.291489, 0.039467
217.352, 0.981036, -4811.81, 0.998153, -4811.94, 1.01104, -4812.23, -0.00477607, -0.00477605, -0.00477607, 0.0159352, 1.01819, 0.0402334, -0.29149, 0.0395278
217.403, 0.981035, -4816.95, 0.998152, -4817.08, 1.01104, -4817.37, -0.00475516, -0.0047551, -0.00475516, 0.0159352, 1.01819, 0.0402331, -0.291489, 0.0395852
217.453, 0.981033, -4822.07, 0.99815, -4822.21, 1.01103, -4822.5, -0.00473556, -0.00473564, -0.0047356, 0.0159352, 1.01819, 0.0402332, -0.291488, 0.0396393
217.504, 0.981028, -4827.17, 0.998145, -4827.31, 1.01103, -4827.6, -0.00471537, -0.00471537, -0.00471537, 0.0159352, 1.01819, 0.040233, -0.291485, 0.0396902
217.554, 0.981022, -4832.25, 0.998138, -4832.39, 1.01102, -4832.68, -0.00469514, -0.00469516, -0.00469515, 0.0159352, 1.01819, 0.0402329, -0.291481, 0.039738
217.604, 0.981013, -4837.32, 0.99813, -4837.45, 1.01101, -4837.74, -0.00467495, -0.00467496, -0.00467495, 0.0159352, 1.01819, 0.0402332, -0.291476, 0.0397827
217.655, 0.981003, -4842.36, 0.99812, -4842.49, 1.011, -4842.78, -0.0046548, -0.00465483, -0.0046548, 0.0159352, 1.01819, 0.040233, -0.29147, 0.0398244
217.705, 0.980991, -4847.38, 0.998107, -4847.51, 1.01099, -4847.8, -0.00463477, -0.00463477, -0.00463478, 0.0159352, 1.01819, 0.040233, -0.291462, 0.0398633
217.755, 0.980978, -4852.38, 0.998094, -4852.51, 1.01098, -4852.8, -0.00461503, -0.00461515, -0.00461507, 0.0159352, 1.01819, 0.040233, -0.291455, 0.0398993
217.806, 0.980963, -4857.36, 0.998079, -4857.49, 1.01096, -4857.78, -0.00459596, -0.00459596, -0.00459598, 0.0159352, 1.01819, 0.040233, -0.291445, 0.0399325
217.856, 0.980947, -4862.31, 0.998062, -4862.45, 1.01095, -4862.74, -0.00458014, -0.00458015, -0.00458012, 0.0159352, 1.01819, 0.040233, -0.291436, 0.039963
217.906, 0.980928, -4867.25, 0.998044, -4867.39, 1.01093, -4867.68, -0.00456864, -0.0045687, -0.00456864, 0.0159352, 1.01819, 0.0402331, -0.291425, 0.0399909
217.957, 0.980909, -4872.17, 0.998024, -4872.31, 1.01091, -4872.59, -0.00455346, -0.00455349, -0.00455346, 0.0159352, 1.01819, 0.0402332, -0.291413, 0.0400161
218, 0.980891, -4876.38, 0.998006, -4876.52, 1.01089, -4876.81, -0.00453327, -0.00453324, -0.00453331, 0.0159352, 1.01819, 0.0402332, -0.291402, 0.0400359
218, 0.980891, -4876.38, 0.998006, -4876.52, 1.01089, -4876.81, -0.00453327, -0.00453324, -0.00453331, 0.0177485, 1.01819, 0.0402336, -0.291402, 0.0400361
218.05, 0.980869, -4881.26, 0.997983, -4881.4, 1.01087, -4881.68, -0.00451282, -0.0045127, -0.00451275, 0.0177485, 1.01819, 0.0402332, -0.291389, 0.0401011
218.101, 0.980845, -4886.12, 0.997959, -4886.25, 1.01084, -4886.54, -0.00449278, -0.00449278, -0.00449276, 0.0177485, 1.01819, 0.0402329, -0.291374, 0.0401627
218.151, 0.98082, -4890.96, 0.997933, -4891.09, 1.01081, -4891.38, -0.00447132, -0.00447143, -0.00447131, 0.0177485, 1.01819, 0.0402328, -0.29136, 0.0402205
218.201, 0.980793, -4895.77, 0.997906, -4895.91, 1.01079, -4896.2, -0.00445228, -0.00445242, -0.00445228, 0.0177485, 1.01819, 0.040233, -0.291343, 0.0402749
218.252, 0.980765, -4900.57, 0.997877, -4900.7, 1.01076, -4900.99, -0.00442699, -0.00442706, -0.00442712, 0.0177485, 1.01819, 0.0402328, -0.291327, 0.0403258
218.302, 0.980734, -4905.34, 0.997846, -4905.48, 1.01073, -4905.77, -0.00441188, -0.00441183, -0.00441175, 0.0177485, 1.01819, 0.0402329, -0.291308, 0.0403733
218.352, 0.980703, -4910.1, 0.997814, -4910.23, 1.01069, -4910.52, -0.00439165, -0.00439153, -0.00439162, 0.0177485, 1.01819, 0.040233, -0.291289, 0.0404176
218.403, 0.980669, -4914.83, 0.99778, -4914.97, 1.01066, -4915.26, -0.00437143, -0.00437137, -0.00437144, 0.0177485, 1.01819, 0.0402327, -0.291268, 0.0404587
218.453, 0.980635, -4919.54, 0.997745, -4919.68, 1.01062, -4919.97, -0.0043512, -0.00435119, -0.00435127, 0.0177485, 1.01819, 0.040233, -0.291248, 0.0404968
218.504, 0.980598, -4924.23, 0.997707, -4924.37, 1.01059, -4924.66, -0.00433101, -0.00433102, -0.00433105, 0.0177485, 1.01819, 0.0402325, -0.291225, 0.0405317
218.554, 0.98056, -4928.9, 0.997669, -4929.04, 1.01055, -4929.33, -0.0043109, -0.00431088, -0.00431091, 0.0177485, 1.01819, 0.0402329, -0.291203, 0.0405638
218.604, 0.98052, -4933.55, 0.997628, -4933.69, 1.01051, -4933.98, -0.00429088, -0.00429088, -0.00429094, 0.0177485, 1.01819, 0.0402328, -0.291179, 0.040593
218.655, 0.98048, -4938.18, 0.997588, -4938.32, 1.01046, -4938.61, -0.00427106, -0.00427109, -0.00427105, 0.0177485, 1.01819, 0.040233, -0.291154, 0.0406193
218.705, 0.980439, -4942.79, 0.997545, -4942.92, 1.01042, -4943.21, -0.00425144, -0.00425149, -0.0042515, 0.0177485, 1.01819, 0.0402328, -0.291129, 0.040643
218.755, 0.980396, -4947.38, 0.997501, -4947.51, 1.01038, -4947.8, -0.00423329, -0.00423329, -0.00423332, 0.0177485, 1.01819, 0.0402329, -0.291104, 0.0406639
218.806, 0.980352, -4951.94, 0.997457, -4952.08, 1.01033, -4952.37, -0.00421586, -0.00421588, -0.00421587, 0.0177485, 1.01819, 0.0402329, -0.291077, 0.0406823
218.856, 0.980308, -4956.49, 0.997412, -4956.62, 1.01029, -4956.91, -0.0042006, -0.00420062, -0.00420063, 0.0177485, 1.01819, 0.0402329, -0.29105, 0.0406982
218.906, 0.980261, -4961.01, 0.997365, -4961.15, 1.01024, -4961.43, -0.00418927, -0.00418921, -0.00418924, 0.0177485, 1.01819, 0.0402328, -0.291022, 0.0407116
218.957, 0.980215, -4965.51, 0.997317, -4965.65, 1.01019, -4965.94, -0.00416898, -0.00416902, -0.00416905, 0.0177485, 1.01819, 0.0402327, -0.290995, 0.0407225
219, 0.980174, -4969.37, 0.997276, -4969.5, 1.01015, -4969.79, -0.00414859, -0.00414867, -0.00414866, 0.0177485, 1.01819, 0.0402327, -0.29097, 0.0407301
219, 0.980174, -4969.37, 0.997276, -4969.5, 1.01015, -4969.79, -0.00414859, -0.00414867, -0.00414866, 0.0194079, 1.01819, 0.0402333, -0.29097, 0.0407303
219.05, 0.980125, -4973.83, 0.997226, -4973.97, 1.0101, -4974.25, -0.00412855, -0.00412853, -0.00412854, 0.0194079, 1.01819, 0.0402325, -0.290941, 0.0407776
219.101, 0.980076, -4978.27, 0.997176, -4978.41, 1.01005, -4978.7, -0.00410756, -0.00410765, -0.00410765, 0.0194079, 1.01819, 0.0402326, -0.290911, 0.0408216
219.151, 0.980026, -4982.69, 0.997125, -4982.83, 1.00999, -4983.12, -0.00408805, -0.00408806, -0.00408805, 0.0194079, 1.01819, 0.0402327, -0.29088, 0.0408623
219.201, 0.979974, -4987.1, 0.997072, -4987.23, 1.00994, -4987.52, -0.00406498, -0.00406498, -0.00406501, 0.0194079, 1.01819, 0.0402327, -0.290849, 0.0408997
219.252, 0.979921, -4991.48, 0.997018, -4991.61, 1.00989, -4991.9, -0.00404757, -0.00404761, -0.00404758, 0.0194079, 1.01819, 0.0402328, -0.290817, 0.040934
219.302, 0.979868, -4995.84, 0.996964, -4995.97, 1.00983, -4996.26, -0.00402736, -0.00402737, -0.00402743, 0.0194079, 1.01819, 0.0402326, -0.290785, 0.0409652
219.353, 0.979812, -5000.18, 0.996907, -5000.31, 1.00977, -5000.6, -0.00400718, -0.00400718, -0.00400722, 0.0194079, 1.01819, 0.0402329, -0.290752, 0.0409933
219.403, 0.979757, -5004.5, 0.996851, -5004.63, 1.00972, -5004.92, -0.00398699, -0.00398701, -0.00398704, 0.0194079, 1.01819, 0.0402323, -0.290718, 0.0410186
219.453, 0.9797, -5008.79, 0.996793, -5008.93, 1.00966, -5009.22, -0.00396674, -0.00396678, -0.00396677, 0.0194079, 1.01819, 0.0402327, -0.290683, 0.041041
219.504, 0.979641, -5013.07, 0.996734, -5013.21, 1.0096, -5013.5, -0.00394676, -0.00394678, -0.00394681, 0.0194079, 1.01819, 0.0402324, -0.290648, 0.0410607
219.554, 0.979583, -5017.33, 0.996674, -5017.46, 1.00954, -5017.75, -0.00392682, -0.00392683, -0.00392686, 0.0194079, 1.01819, 0.0402322, -0.290613, 0.0410777
219.604, 0.979523, -5021.56, 0.996613, -5021.7, 1.00948, -5021.99, -0.00390744, -0.00390746, -0.00390747, 0.0194079, 1.01819, 0.0402325, -0.290577, 0.0410921
219.655, 0.979463, -5025.78, 0.996552, -5025.91, 1.00941, -5026.2, -0.00388927, -0.00388929, -0.0038893, 0.0194079, 1.01819, 0.0402325, -0.290541, 0.0411039
219.705, 0.979402, -5029.97, 0.996489, -5030.11, 1.00935, -5030.4, -0.00387397, -0.00387398, -0.00387401, 0.0194079, 1.01819, 0.0402324, -0.290504, 0.0411133
219.755, 0.979339, -5034.15, 0.996426, -5034.28, 1.00929, -5034.57, -0.00386545, -0.00386547, -0.00386549, 0.0194079, 1.01819, 0.0402325, -0.290467, 0.0411202
219.806, 0.979277, -5038.3, 0.996362, -5038.43, 1.00922, -5038.72, -0.00384521, -0.00384523, -0.00384526, 0.0194079, 1.01819, 0.0402324, -0.290429, 0.0411248
219.856, 0.979214, -5042.43, 0.996299, -5042.57, 1.00916, -5042.86, -0.00382495, -0.00382497, -0.00382499, 0.0194079, 1.01819, 0.0402324, -0.290391, 0.0411271
219.906, 0.979152, -5046.54, 0.996235, -5046.68, 1.00909, -5046.97, -0.00380474, -0.00380476, -0.00380478, 0.0194079, 1.01819, 0.0402323, -0.290353, 0.0411271
219.957, 0.979088, -5050.63, 0.99617, -5050.77, 1.00903, -5051.06, -0.00378421, -0.00378422, -0.00378425, 0.0194079, 1.01819, 0.0402324, -0.290315, 0.041125
220, 0.979033, -5054.14, 0.996114, -5054.27, 1.00897, -5054.56, -0.00376425, -0.00376428, -0.0037643, 0.0194079, 1.01819, 0.0402322, -0.290282, 0.0411215
220, 0.979033, -5054.14, 0.996114, -5054.27, 1.00897, -5054.56, -0.00376425, -0.00376428, -0.0037643, 0.0209136, 1.01819, 0.0402329, -0.290282, 0.0411217
220.05, 0.978967, -5058.19, 0.996047, -5058.33, 1.0089, -5058.62, -0.00374406, -0.00374408, -0.00374411, 0.0209136, 1.01819, 0.0402325, -0.290242, 0.0411526
220.101, 0.978901, -5062.23, 0.99598, -5062.36, 1.00883, -5062.65, -0.00372397, -0.00372395, -0.00372398, 0.0209136, 1.01819, 0.0402324, -0.290202, 0.0411806
220.151, 0.978836, -5066.24, 0.995913, -5066.38, 1.00877, -5066.67, -0.00370405, -0.00370407, -0.00370408, 0.0209136, 1.01819, 0.0402324, -0.290163, 0.0412056
220.201, 0.97877, -5070.24, 0.995846, -5070.37, 1.0087, -5070.66, -0.00368482, -0.00368489, -0.00368487, 0.0209136, 1.01819, 0.0402319, -0.290124, 0.0412276
220.252, 0.978703, -5074.21, 0.995778, -5074.35, 1.00863, -5074.64, -0.00366951, -0.00366951, -0.00366954, 0.0209136, 1.01819, 0.0402321, -0.290083, 0.0412468
220.302, 0.978635, -5078.17, 0.995709, -5078.31, 1.00856, -5078.6, -0.00366308, -0.00366311, -0.00366313, 0.0209136, 1.01819, 0.0402326, -0.290042, 0.0412633
220.353, 0.978566, -5082.1, 0.995639, -5082.24, 1.00849, -5082.53, -0.00364286, -0.00364289, -0.00364293, 0.0209136, 1.01819, 0.0402325, -0.290001, 0.0412771
220.403, 0.978497, -5086.02, 0.995569, -5086.15, 1.00842, -5086.44, -0.00362256, -0.00362254, -0.0036226, 0.0209136, 1.01819, 0.0402325, -0.289959, 0.0412882
220.453, 0.978428, -5089.91, 0.995499, -5090.05, 1.00834, -5090.34, -0.0036024, -0.00360238, -0.00360241, 0.0209136, 1.01819, 0.040232, -0.289918, 0.0412969
220.504, 0.978358, -5093.79, 0.995427, -5093.92, 1.00827, -5094.21, -0.00358123, -0.00358123, -0.00358131, 0.0209136, 1.01819, 0.0402323, -0.289876, 0.0413031
220.554, 0.978287, -5097.64, 0.995355, -5097.78, 1.0082, -5098.07, -0.0035619, -0.00356195, -0.00356193, 0.0209136, 1.01819, 0.0402322, -0.289833, 0.0413069
220.604, 0.978215, -5101.48, 0.995282, -5101.62, 1.00812, -5101.91, -0.00354165, -0.00354173, -0.00354174, 0.0209136, 1.01819, 0.0402316, -0.289789, 0.0413084
220.655, 0.978143, -5105.3, 0.995209, -5105.43, 1.00805, -5105.72, -0.00352161, -0.00352158, -0.00352165, 0.0209136, 1.01819, 0.040232, -0.289747, 0.0413077
220.705, 0.978071, -5109.09, 0.995135, -5109.23, 1.00798, -5109.52, -0.00350203, -0.00350204, -0.00350206, 0.0209136, 1.01819, 0.0402317, -0.289702, 0.0413048
220.755, 0.977999, -5112.87, 0.995062, -5113.01, 1.0079, -5113.3, -0.0034874, -0.00348739, -0.00348738, 0.0209136, 1.01819, 0.0402321, -0.28966, 0.0412997
220.806, 0.977928, -5116.63, 0.994989, -5116.77, 1.00783, -5117.06, -0.00348099, -0.00348097, -0.00348102, 0.0209136, 1.01819, 0.0402319, -0.289617, 0.0412926
220.856, 0.977856, -5120.37, 0.994916, -5120.51, 1.00775, -5120.8, -0.00346068, -0.00346069, -0.00346071, 0.0209136, 1.01819, 0.0402319, -0.289573, 0.0412835
220.906, 0.977784, -5124.09, 0.994842, -5124.23, 1.00768, -5124.52, -0.00344044, -0.00344053, -0.00344051, 0.0209136, 1.01819, 0.040232, -0.28953, 0.0412724
220.957, 0.977712, -5127.79, 0.994769, -5127.93, 1.0076, -5128.22, -0.00341811, -0.00341812, -0.00341817, 0.0209136, 1.01819, 0.0402318, -0.289487, 0.0412594
221, 0.97765, -5130.96, 0.994706, -5131.09, 1.00754, -5131.38, -0.00340008, -0.00340013, -0.0034002, 0.0209136, 1.01819, 0.0402318, -0.289449, 0.0412468
221, 0.97765, -5130.96, 0.994706, -5131.09, 1.00754, -5131.38, -0.00340008, -0.00340013, -0.0034002, 0.0222737, 1.01819, 0.0402323, -0.289449, 0.0412469
221.05, 0.977578, -5134.62, 0.994633, -5134.76, 1.00747, -5135.05, -0.00338131, -0.00338127, -0.00338131, 0.0222737, 1.01819, 0.0402318, -0.289406, 0.041264
221.101, 0.977506, -5138.27, 0.99456, -5138.41, 1.00739, -5138.7, -0.00337469, -0.00337476, -0.00337477, 0.0222737, 1.01819, 0.0402317, -0.289363, 0.0412784
221.151, 0.977434, -5141.9, 0.994486, -5142.04, 1.00732, -5142.33, -0.00335949, -0.00335955, -0.00335961, 0.0222737, 1.01819, 0.0402318, -0.289319, 0.0412902
221.202, 0.977362, -5145.51, 0.994413, -5145.65, 1.00724, -5145.94, -0.00333912, -0.00333913, -0.00333922, 0.0222737, 1.01819, 0.0402318, -0.289276, 0.0412994
221.252, 0.977288, -5149.1, 0.994338, -5149.24, 1.00717, -5149.53, -0.00331907, -0.00331907, -0.00331914, 0.0222737, 1.01819, 0.0402316, -0.289232, 0.0413061
221.302, 0.977213, -5152.68, 0.994262, -5152.81, 1.00709, -5153.1, -0.00329881, -0.00329886, -0.00329888, 0.0222737, 1.01819, 0.0402317, -0.289187, 0.0413104
221.353, 0.977138, -5156.23, 0.994185, -5156.37, 1.00701, -5156.66, -0.00327882, -0.00327898, -0.00327883, 0.0222737, 1.01819, 0.0402317, -0.289141, 0.0413124
221.403, 0.977063, -5159.77, 0.994109, -5159.91, 1.00693, -5160.2, -0.0032631, -0.00326317, -0.00326316, 0.0222737, 1.01819, 0.0402312, -0.289097, 0.0413121
221.453, 0.976988, -5163.29, 0.994032, -5163.43, 1.00686, -5163.72, -0.00325829, -0.0032583, -0.0032584, 0.0222737, 1.01819, 0.0402317, -0.289051, 0.0413097
221.504, 0.976913, -5166.79, 0.993956, -5166.92, 1.00678, -5167.21, -0.00323807, -0.00323817, -0.0032382, 0.0222737, 1.01819, 0.0402318, -0.289006, 0.0413051
221.554, 0.976838, -5170.27, 0.99388, -5170.41, 1.0067, -5170.7, -0.00321572, -0.0032157, -0.00321567, 0.0222737, 1.01819, 0.0402314, -0.288961, 0.0412984
221.604, 0.976763, -5173.73, 0.993803, -5173.87, 1.00662, -5174.16, -0.00319763, -0.00319765, -0.00319763, 0.0222737, 1.01819, 0.0402314, -0.288916, 0.0412898
221.655, 0.976688, -5177.18, 0.993727, -5177.32, 1.00655, -5177.61, -0.00317785, -0.00317785, -0.00317788, 0.0222737, 1.01819, 0.0402315, -0.288871, 0.0412792
221.705, 0.976613, -5180.61, 0.99365, -5180.75, 1.00647, -5181.04, -0.00317232, -0.00317233, -0.00317235, 0.0222737, 1.01819, 0.0402313, -0.288826, 0.0412667
221.755, 0.976538, -5184.02, 0.993574, -5184.16, 1.00639, -5184.45, -0.00315712, -0.00315711, -0.00315723, 0.0222737, 1.01819, 0.0402313, -0.28878, 0.0412524
221.806, 0.976463, -5187.41, 0.993497, -5187.55, 1.00631, -5187.84, -0.00313623, -0.00313624, -0.00313631, 0.0222737, 1.01819, 0.0402312, -0.288735, 0.0412364
221.856, 0.976387, -5190.79, 0.993421, -5190.92, 1.00624, -5191.22, -0.00311667, -0.00311676, -0.00311678, 0.0222737, 1.01819, 0.0402314, -0.288691, 0.0412186
221.906, 0.976312, -5194.15, 0.993345, -5194.28, 1.00616, -5194.58, -0.00309689, -0.0030969, -0.0030969, 0.0222737, 1.01819, 0.0402313, -0.288645, 0.0411992
221.957, 0.976237, -5197.49, 0.993268, -5197.63, 1.00608, -5197.92, -0.00309641, -0.00309651, -0.00309648, 0.0222737, 1.01819, 0.0402313, -0.2886, 0.0411782
222, 0.976174, -5200.35, 0.993204, -5200.48, 1.00602, -5200.78, -0.00307617, -0.00307625, -0.00307619, 0.0222737, 1.01819, 0.0402312, -0.288562, 0.0411588
222, 0.976174, -5200.35, 0.993204, -5200.48, 1.00602, -5200.78, -0.00307617, -0.00307625, -0.00307619, 0.0235041, 1.01819, 0.0402314, -0.288562, 0.0411588
222.05, 0.976101, -5203.66, 0.99313, -5203.79, 1.00594, -5204.09, -0.00305602, -0.00305596, -0.00305604, 0.0235041, 1.01819, 0.0402311, -0.288519, 0.0411652
222.101, 0.976029, -5206.95, 0.993056, -5207.09, 1.00587, -5207.38, -0.00303614, -0.00303617, -0.00303619, 0.0235041, 1.01819, 0.0402311, -0.288475, 0.0411693
222.151, 0.975956, -5210.23, 0.992982, -5210.37, 1.00579, -5210.66, -0.00303567, -0.00303579, -0.0030358, 0.0235041, 1.01819, 0.0402312, -0.288432, 0.0411711
222.202, 0.975885, -5213.49, 0.992909, -5213.62, 1.00572, -5213.92, -0.00301539, -0.00301547, -0.00301542, 0.0235041, 1.01819, 0.040231, -0.288388, 0.0411707
222.252, 0.975813, -5216.73, 0.992836, -5216.87, 1.00564, -5217.16, -0.00299527, -0.00299525, -0.00299537, 0.0235041, 1.01819, 0.0402311, -0.288345, 0.0411681
222.302, 0.975741, -5219.96, 0.992763, -5220.09, 1.00557, -5220.38, -0.00297526, -0.00297546, -0.00297533, 0.0235041, 1.01819, 0.040231, -0.288302, 0.0411635
222.353, 0.975669, -5223.17, 0.992689, -5223.3, 1.00549, -5223.6, -0.00296994, -0.00296993, -0.00296996, 0.0235041, 1.01819, 0.040231, -0.288259, 0.0411568
222.403, 0.975597, -5226.36, 0.992616, -5226.5, 1.00542, -5226.79, -0.00295483, -0.00295473, -0.0029549, 0.0235041, 1.01819, 0.040231, -0.288215, 0.0411483
222.453, 0.975525, -5229.53, 0.992543, -5229.67, 1.00535, -5229.96, -0.00293448, -0.00293464, -0.00293457, 0.0235041, 1.01819, 0.040231, -0.288172, 0.0411378
222.504, 0.975453, -5232.7, 0.99247, -5232.83, 1.00527, -5233.12, -0.00291448, -0.00291455, -0.0029145, 0.0235041, 1.01819, 0.040231, -0.288129, 0.0411256
222.554, 0.975381, -5235.84, 0.992396, -5235.98, 1.0052, -5236.27, -0.00291431, -0.00291432, -0.00291437, 0.0235041, 1.01819, 0.0402308, -0.288086, 0.0411116
222.604, 0.975309, -5238.97, 0.992323, -5239.11, 1.00512, -5239.4, -0.00289399, -0.00289392, -0.00289394, 0.0235041, 1.01819, 0.0402311, -0.288043, 0.0410959
222.655, 0.975237, -5242.08, 0.99225, -5242.22, 1.00505, -5242.51, -0.00287377, -0.00287378, -0.00287394, 0.0235041, 1.01819, 0.040231, -0.288, 0.0410786
222.705, 0.975165, -5245.18, 0.992177, -5245.32, 1.00497, -5245.61, -0.0028547, -0.00285479, -0.00285474, 0.0235041, 1.01819, 0.0402309, -0.287957, 0.0410597
222.755, 0.975093, -5248.26, 0.992104, -5248.4, 1.0049, -5248.69, -0.00285361, -0.00285364, -0.00285371, 0.0235041, 1.01819, 0.0402309, -0.287913, 0.0410393
222.806, 0.975023, -5251.33, 0.992032, -5251.46, 1.00483, -5251.75, -0.00283345, -0.00283337, -0.00283346, 0.0235041, 1.01819, 0.0402308, -0.287871, 0.0410174
222.856, 0.974954, -5254.38, 0.991962, -5254.51, 1.00476, -5254.81, -0.00281319, -0.00281323, -0.00281331, 0.0235041, 1.01819, 0.0402305, -0.28783, 0.0409941
222.907, 0.974884, -5257.41, 0.991891, -5257.55, 1.00468, -5257.84, -0.00281306, -0.00281318, -0.00281315, 0.0235041, 1.01819, 0.040231, -0.287788, 0.0409694
222.957, 0.974815, -5260.43, 0.991821, -5260.57, 1.00461, -5260.86, -0.00279287, -0.00279293, -0.00279291, 0.0235041, 1.01819, 0.0402306, -0.287747, 0.0409433
223, 0.974756, -5263.02, 0.99176, -5263.15, 1.00455, -5263.45, -0.00277269, -0.00277271, -0.00277272, 0.0235041, 1.01819, 0.0402307, -0.287712, 0.0409199
223, 0.974756, -5263.02, 0.99176, -5263.15, 1.00455, -5263.45, -0.00277269, -0.00277271, -0.00277272, 0.0246132, 1.01819, 0.040231, -0.287711, 0.0409199
223.051, 0.974687, -5266.01, 0.99169, -5266.15, 1.00448, -5266.44, -0.00277262, -0.0027726, -0.0027726, 0.0246132, 1.01819, 0.040231, -0.28767, 0.0409188
223.101, 0.974619, -5268.99, 0.991621, -5269.12, 1.00441, -5269.41, -0.00275234, -0.00275242, -0.0027524, 0.0246132, 1.01819, 0.0402307, -0.287628, 0.0409157
223.151, 0.974552, -5271.95, 0.991553, -5272.09, 1.00434, -5272.38, -0.00273228, -0.00273232, -0.00273223, 0.0246132, 1.01819, 0.0402304, -0.287589, 0.0409106
223.202, 0.974486, -5274.9, 0.991485, -5275.04, 1.00427, -5275.33, -0.00273218, -0.00273213, -0.00273228, 0.0246132, 1.01819, 0.0402309, -0.287549, 0.0409037
223.252, 0.97442, -5277.83, 0.991418, -5277.97, 1.00421, -5278.26, -0.0027119, -0.00271197, -0.00271192, 0.0246132, 1.01819, 0.0402306, -0.28751, 0.0408949
223.302, 0.974354, -5280.75, 0.991351, -5280.89, 1.00414, -5281.18, -0.00269172, -0.00269172, -0.00269181, 0.0246132, 1.01819, 0.0402306, -0.28747, 0.0408845
223.353, 0.974289, -5283.66, 0.991284, -5283.79, 1.00407, -5284.08, -0.00269162, -0.0026917, -0.00269166, 0.0246132, 1.01819, 0.0402301, -0.287431, 0.0408723
223.403, 0.974223, -5286.54, 0.991218, -5286.68, 1.004, -5286.97, -0.00267144, -0.00267146, -0.0026715, 0.0246132, 1.01819, 0.0402303, -0.287392, 0.0408585
223.453, 0.974157, -5289.42, 0.991151, -5289.56, 1.00393, -5289.85, -0.00265131, -0.0026514, -0.00265141, 0.0246132, 1.01819, 0.0402302, -0.287352, 0.0408432
223.504, 0.974092, -5292.28, 0.991085, -5292.42, 1.00387, -5292.71, -0.00265123, -0.00265124, -0.00265126, 0.0246132, 1.01819, 0.0402305, -0.287313, 0.0408263
223.554, 0.974029, -5295.13, 0.99102, -5295.27, 1.0038, -5295.56, -0.0026309, -0.00263095, -0.00263096, 0.0246132, 1.01819, 0.0402302, -0.287275, 0.040808
223.604, 0.973966, -5297.97, 0.990956, -5298.1, 1.00374, -5298.4, -0.00261191, -0.00261189, -0.00261193, 0.0246132, 1.01819, 0.0402304, -0.287237, 0.0407882
223.655, 0.973903, -5300.79, 0.990892, -5300.92, 1.00367, -5301.21, -0.00261068, -0.00261069, -0.00261074, 0.0246132, 1.01819, 0.0402303, -0.2872, 0.0407671
223.705, 0.97384, -5303.59, 0.990828, -5303.73, 1.00361, -5304.02, -0.00259047, -0.00259053, -0.0025905, 0.0246132, 1.01819, 0.0402302, -0.287162, 0.0407447
223.755, 0.973778, -5306.39, 0.990765, -5306.53, 1.00354, -5306.82, -0.00259049, -0.0025905, -0.00259049, 0.0246132, 1.01819, 0.0402303, -0.287125, 0.0407211
223.806, 0.973718, -5309.16, 0.990703, -5309.3, 1.00348, -5309.59, -0.00256971, -0.00256976, -0.00256977, 0.0246132, 1.01819, 0.0402302, -0.287089, 0.0406962
223.856, 0.973658, -5311.93, 0.990642, -5312.07, 1.00342, -5312.36, -0.00255019, -0.00255021, -0.00255025, 0.0246132, 1.01819, 0.0402302, -0.287053, 0.0406701
223.907, 0.973598, -5314.69, 0.990582, -5314.82, 1.00336, -5315.12, -0.00255002, -0.00254999, -0.00255004, 0.0246132, 1.01819, 0.0402302, -0.287017, 0.040643
223.957, 0.973539, -5317.42, 0.990521, -5317.56, 1.0033, -5317.85, -0.00252975, -0.00252977, -0.00252979, 0.0246132, 1.01819, 0.0402301, -0.286981, 0.0406147
224, 0.973489, -5319.77, 0.990471, -5319.91, 1.00324, -5320.2, -0.00252973, -0.00252982, -0.00252981, 0.0246132, 1.01819, 0.0402302, -0.286951, 0.0405895
224, 0.973489, -5319.77, 0.990471, -5319.91, 1.00324, -5320.2, -0.00252973, -0.00252982, -0.00252981, 0.0256251, 1.01819, 0.0402307, -0.286951, 0.0405895
224.051, 0.973432, -5322.49, 0.990413, -5322.62, 1.00319, -5322.92, -0.00250959, -0.00250958, -0.0025096, 0.0256251, 1.01819, 0.0402303, -0.286917, 0.0405843
224.101, 0.973375, -5325.19, 0.990355, -5325.33, 1.00313, -5325.62, -0.00249408, -0.00249415, -0.00249412, 0.0256251, 1.01819, 0.0402301, -0.286884, 0.0405773
224.151, 0.973319, -5327.88, 0.990297, -5328.02, 1.00307, -5328.31, -0.00248909, -0.00248913, -0.00248908, 0.0256251, 1.01819, 0.0402299, -0.28685, 0.0405686
224.202, 0.973263, -5330.56, 0.99024, -5330.7, 1.00301, -5330.99, -0.00246915, -0.00246913, -0.00246915, 0.0256251, 1.01819, 0.0402304, -0.286816, 0.0405584
224.252, 0.973209, -5333.23, 0.990185, -5333.37, 1.00295, -5333.66, -0.00246899, -0.00246905, -0.00246908, 0.0256251, 1.01819, 0.0402301, -0.286783, 0.0405467
224.302, 0.973155, -5335.88, 0.99013, -5336.02, 1.0029, -5336.31, -0.00244884, -0.00244887, -0.00244889, 0.0256251, 1.01819, 0.0402303, -0.286751, 0.0405335
224.353, 0.973101, -5338.53, 0.990076, -5338.66, 1.00284, -5338.96, -0.00244884, -0.00244886, -0.00244886, 0.0256251, 1.01819, 0.04023, -0.28672, 0.0405189
224.403, 0.973048, -5341.15, 0.990022, -5341.29, 1.00279, -5341.58, -0.00242857, -0.00242868, -0.00242863, 0.0256251, 1.01819, 0.0402301, -0.286688, 0.0405029
224.453, 0.972995, -5343.77, 0.989967, -5343.91, 1.00273, -5344.21, -0.00242854, -0.00242857, -0.0024286, 0.0256251, 1.01819, 0.0402301, -0.286656, 0.0404856
224.504, 0.972943, -5346.38, 0.989915, -5346.51, 1.00268, -5346.81, -0.00240624, -0.00240621, -0.00240622, 0.0256251, 1.01819, 0.0402302, -0.286625, 0.040467
224.554, 0.972892, -5348.97, 0.989863, -5349.11, 1.00263, -5349.4, -0.00239016, -0.00239018, -0.00239019, 0.0256251, 1.01819, 0.0402296, -0.286595, 0.0404473
224.604, 0.972842, -5351.55, 0.989812, -5351.69, 1.00258, -5351.98, -0.00238807, -0.00238809, -0.00238808, 0.0256251, 1.01819, 0.0402299, -0.286564, 0.0404263
224.655, 0.972792, -5354.12, 0.989761, -5354.26, 1.00252, -5354.55, -0.00236822, -0.00236825, -0.00236829, 0.0256251, 1.01819, 0.0402301, -0.286535, 0.0404043
224.705, 0.972743, -5356.68, 0.989711, -5356.82, 1.00247, -5357.11, -0.00236778, -0.00236782, -0.00236784, 0.0256251, 1.01819, 0.0402301, -0.286505, 0.0403811
224.756, 0.972695, -5359.23, 0.989662, -5359.37, 1.00242, -5359.66, -0.00234771, -0.00234771, -0.00234772, 0.0256251, 1.01819, 0.0402302, -0.286476, 0.0403569
224.806, 0.972647, -5361.77, 0.989614, -5361.9, 1.00237, -5362.2, -0.00234763, -0.00234767, -0.00234765, 0.0256251, 1.01819, 0.0402295, -0.286448, 0.0403318
224.856, 0.972601, -5364.29, 0.989566, -5364.43, 1.00233, -5364.72, -0.0023274, -0.00232739, -0.00232742, 0.0256251, 1.01819, 0.0402297, -0.28642, 0.0403056
224.907, 0.972555, -5366.8, 0.98952, -5366.94, 1.00228, -5367.23, -0.00232738, -0.00232743, -0.00232738, 0.0256251, 1.01819, 0.0402299, -0.286393, 0.0402786
224.957, 0.97251, -5369.31, 0.989474, -5369.45, 1.00223, -5369.74, -0.00230715, -0.00230713, -0.00230716, 0.0256251, 1.01819, 0.0402299, -0.286366, 0.0402506
225, 0.972473, -5371.45, 0.989436, -5371.59, 1.00219, -5371.88, -0.0023072, -0.0023072, -0.00230721, 0.0256251, 1.01819, 0.0402297, -0.286343, 0.0402259
225, 0.972473, -5371.45, 0.989436, -5371.59, 1.00219, -5371.88, -0.0023072, -0.0023072, -0.00230721, 0.026548, 1.01819, 0.0402301, -0.286343, 0.0402258
225.051, 0.972429, -5373.94, 0.989391, -5374.07, 1.00215, -5374.37, -0.00228725, -0.00228725, -0.00228728, 0.026548, 1.01819, 0.0402294, -0.286317, 0.0402192
225.101, 0.972387, -5376.4, 0.989348, -5376.54, 1.00211, -5376.84, -0.00228668, -0.00228668, -0.00228671, 0.026548, 1.01819, 0.0402293, -0.286292, 0.040211
225.151, 0.972345, -5378.87, 0.989306, -5379.01, 1.00206, -5379.3, -0.0022678, -0.00226782, -0.00226782, 0.026548, 1.01819, 0.0402296, -0.286266, 0.0402013
225.202, 0.972305, -5381.32, 0.989265, -5381.46, 1.00202, -5381.75, -0.00226665, -0.00226667, -0.00226669, 0.026548, 1.01819, 0.0402296, -0.286242, 0.0401904
225.252, 0.972264, -5383.76, 0.989223, -5383.9, 1.00198, -5384.19, -0.00225124, -0.00225123, -0.00225125, 0.026548, 1.01819, 0.0402297, -0.286219, 0.0401781
225.302, 0.972224, -5386.19, 0.989183, -5386.33, 1.00194, -5386.62, -0.00224262, -0.00224263, -0.00224265, 0.026548, 1.01819, 0.0402296, -0.286195, 0.0401647
225.353, 0.972186, -5388.61, 0.989144, -5388.75, 1.0019, -5389.05, -0.00224643, -0.00224643, -0.00224645, 0.026548, 1.01819, 0.0402294, -0.286171, 0.04015
225.403, 0.972148, -5391.02, 0.989105, -5391.16, 1.00186, -5391.45, -0.0022262, -0.00222621, -0.00222622, 0.026548, 1.01819, 0.0402295, -0.286149, 0.0401342
225.453, 0.97211, -5393.42, 0.989067, -5393.56, 1.00182, -5393.85, -0.00222619, -0.00222619, -0.00222621, 0.026548, 1.01819, 0.0402295, -0.286126, 0.0401173
225.504, 0.972073, -5395.81, 0.989029, -5395.95, 1.00178, -5396.24, -0.00220595, -0.00220595, -0.00220598, 0.026548, 1.01819, 0.0402296, -0.286104, 0.0400993
225.554, 0.972037, -5398.19, 0.988992, -5398.33, 1.00174, -5398.62, -0.00220594, -0.00220595, -0.00220597, 0.026548, 1.01819, 0.0402296, -0.286083, 0.0400803
225.604, 0.972002, -5400.56, 0.988957, -5400.7, 1.00171, -5400.99, -0.00218571, -0.00218572, -0.00218573, 0.026548, 1.01819, 0.0402295, -0.286062, 0.0400604
225.655, 0.971968, -5402.92, 0.988922, -5403.06, 1.00167, -5403.35, -0.0021857, -0.00218571, -0.00218573, 0.026548, 1.01819, 0.0402295, -0.286042, 0.0400395
225.705, 0.971934, -5405.27, 0.988887, -5405.41, 1.00164, -5405.71, -0.00216567, -0.00216568, -0.00216569, 0.026548, 1.01819, 0.0402295, -0.286021, 0.0400177
225.756, 0.971901, -5407.61, 0.988854, -5407.75, 1.0016, -5408.04, -0.00216495, -0.00216496, -0.00216498, 0.026548, 1.01819, 0.0402295, -0.286001, 0.039995
225.806, 0.97187, -5409.95, 0.988822, -5410.09, 1.00157, -5410.38, -0.00216546, -0.00216547, -0.00216549, 0.026548, 1.01819, 0.0402295, -0.285982, 0.0399716
225.856, 0.971838, -5412.27, 0.98879, -5412.41, 1.00154, -5412.7, -0.00214523, -0.00214523, -0.00214523, 0.026548, 1.01819, 0.0402293, -0.285964, 0.0399473
225.907, 0.971808, -5414.58, 0.988759, -5414.72, 1.00151, -5415.02, -0.00214519, -0.0021452, -0.00214522, 0.026548, 1.01819, 0.0402294, -0.285946, 0.0399224
225.957, 0.971779, -5416.89, 0.98873, -5417.03, 1.00148, -5417.32, -0.00212498, -0.00212498, -0.002125, 0.026548, 1.01819, 0.0402297, -0.285928, 0.0398966
226, 0.971755, -5418.86, 0.988705, -5419, 1.00145, -5419.29, -0.00212479, -0.0021248, -0.00212482, 0.026548, 1.01819, 0.0402295, -0.285914, 0.039874
226, 0.971755, -5418.86, 0.988705, -5419, 1.00145, -5419.29, -0.00212479, -0.0021248, -0.00212482, 0.0273979, 1.01819, 0.0402297, -0.285914, 0.0398739
226.051, 0.971727, -5421.15, 0.988676, -5421.29, 1.00142, -5421.59, -0.00211993, -0.00211994, -0.00211994, 0.0273979, 1.01819, 0.0402291, -0.285897, 0.0398679
226.101, 0.9717, -5423.43, 0.988649, -5423.57, 1.0014, -5423.86, -0.00210477, -0.00210475, -0.00210476, 0.0273979, 1.01819, 0.0402294, -0.285881, 0.0398606
226.151, 0.971674, -5425.7, 0.988623, -5425.84, 1.00137, -5426.13, -0.0021047, -0.0021047, -0.00210472, 0.0273979, 1.01819, 0.0402296, -0.285866, 0.0398521
226.202, 0.971649, -5427.96, 0.988597, -5428.1, 1.00134, -5428.39, -0.00208448, -0.0020845, -0.0020845, 0.0273979, 1.01819, 0.0402296, -0.28585, 0.0398424
226.252, 0.971624, -5430.21, 0.988572, -5430.35, 1.00132, -5430.64, -0.00208437, -0.00208436, -0.00208438, 0.0273979, 1.01819, 0.0402295, -0.285835, 0.0398317
226.302, 0.9716, -5432.46, 0.988547, -5432.6, 1.00129, -5432.9, -0.00208457, -0.00208456, -0.00208457, 0.0273979, 1.01819, 0.0402291, -0.285821, 0.0398199
226.353, 0.971576, -5434.69, 0.988523, -5434.83, 1.00127, -5435.13, -0.0020642, -0.00206424, -0.00206425, 0.0273979, 1.01819, 0.0402293, -0.285807, 0.039807
226.403, 0.971555, -5436.92, 0.988501, -5437.06, 1.00125, -5437.35, -0.00206425, -0.00206425, -0.00206427, 0.0273979, 1.01819, 0.0402295, -0.285794, 0.0397932
226.453, 0.971533, -5439.14, 0.988479, -5439.28, 1.00122, -5439.58, -0.00204409, -0.00204412, -0.0020441, 0.0273979, 1.01819, 0.0402293, -0.285781, 0.0397785
226.504, 0.971511, -5441.35, 0.988457, -5441.49, 1.0012, -5441.78, -0.00204027, -0.00204029, -0.00204029, 0.0273979, 1.01819, 0.0402291, -0.285768, 0.0397629
226.554, 0.97149, -5443.56, 0.988436, -5443.7, 1.00118, -5443.99, -0.002044, -0.00204402, -0.00204401, 0.0273979, 1.01819, 0.0402293, -0.285756, 0.0397464
226.605, 0.971471, -5445.75, 0.988416, -5445.89, 1.00116, -5446.18, -0.00202378, -0.00202376, -0.00202381, 0.0273979, 1.01819, 0.0402292, -0.285744, 0.0397291
226.655, 0.971452, -5447.94, 0.988397, -5448.08, 1.00114, -5448.37, -0.00202378, -0.00202376, -0.00202379, 0.0273979, 1.01819, 0.040229, -0.285733, 0.039711
226.705, 0.971433, -5450.12, 0.988378, -5450.26, 1.00112, -5450.55, -0.00202377, -0.00202381, -0.00202379, 0.0273979, 1.01819, 0.0402295, -0.285722, 0.0396921
226.756, 0.971416, -5452.29, 0.98836, -5452.43, 1.0011, -5452.72, -0.00200358, -0.00200357, -0.0020036, 0.0273979, 1.01819, 0.0402293, -0.285711, 0.0396725
226.806, 0.9714, -5454.45, 0.988343, -5454.59, 1.00109, -5454.88, -0.00200358, -0.00200355, -0.00200355, 0.0273979, 1.01819, 0.0402295, -0.285701, 0.0396523
226.856, 0.971384, -5456.61, 0.988328, -5456.75, 1.00107, -5457.04, -0.00198807, -0.00198805, -0.00198808, 0.0273979, 1.01819, 0.0402295, -0.285692, 0.0396313
226.907, 0.971369, -5458.75, 0.988312, -5458.89, 1.00105, -5459.19, -0.00198336, -0.00198327, -0.0019833, 0.0273979, 1.01819, 0.0402294, -0.285683, 0.0396098
226.957, 0.971354, -5460.9, 0.988298, -5461.03, 1.00104, -5461.33, -0.00198329, -0.00198336, -0.00198329, 0.0273979, 1.01819, 0.0402293, -0.285674, 0.0395876
227, 0.971343, -5462.74, 0.988286, -5462.88, 1.00103, -5463.17, -0.00197822, -0.00197823, -0.00197819, 0.0273979, 1.01819, 0.0402292, -0.285667, 0.0395681
227, 0.971343, -5462.74, 0.988286, -5462.88, 1.00103, -5463.17, -0.00197822, -0.00197823, -0.00197819, 0.0281892, 1.01819, 0.0402296, -0.285667, 0.039568
227.051, 0.971331, -5464.86, 0.988273, -5465, 1.00101, -5465.29, -0.00196306, -0.00196306, -0.00196311, 0.0281892, 1.01819, 0.0402296, -0.285661, 0.0395644
227.101, 0.971318, -5466.98, 0.988261, -5467.12, 1.001, -5467.41, -0.00196304, -0.00196305, -0.00196306, 0.0281892, 1.01819, 0.0402293, -0.285653, 0.0395595
227.151, 0.971307, -5469.1, 0.988249, -5469.24, 1.00099, -5469.53, -0.00196313, -0.00196308, -0.00196313, 0.0281892, 1.01819, 0.0402295, -0.285646, 0.0395536
227.202, 0.971297, -5471.2, 0.988239, -5471.33, 1.00098, -5471.63, -0.00194287, -0.00194281, -0.00194287, 0.0281892, 1.01819, 0.0402292, -0.28564, 0.0395468
227.252, 0.971287, -5473.29, 0.988229, -5473.43, 1.00097, -5473.72, -0.00194281, -0.00194281, -0.00194281, 0.0281892, 1.01819, 0.0402291, -0.285634, 0.0395389
227.302, 0.971278, -5475.39, 0.98822, -5475.53, 1.00096, -5475.82, -0.00194281, -0.00194286, -0.00194281, 0.0281892, 1.01819, 0.0402291, -0.285628, 0.0395301
227.353, 0.971269, -5477.47, 0.98821, -5477.61, 1.00095, -5477.9, -0.00192258, -0.00192258, -0.00192258, 0.0281892, 1.01819, 0.0402294, -0.285623, 0.0395204
227.403, 0.97126, -5479.54, 0.988201, -5479.68, 1.00094, -5479.98, -0.00192257, -0.00192254, -0.0019226, 0.0281892, 1.01819, 0.0402292, -0.285618, 0.0395099
227.453, 0.971253, -5481.62, 0.988194, -5481.76, 1.00093, -5482.05, -0.00192257, -0.00192255, -0.00192253, 0.0281892, 1.01819, 0.0402292, -0.285613, 0.0394985
227.504, 0.971247, -5483.68, 0.988188, -5483.82, 1.00093, -5484.11, -0.00190233, -0.00190234, -0.00190231, 0.0281892, 1.01819, 0.0402292, -0.28561, 0.0394864
227.554, 0.971241, -5485.74, 0.988181, -5485.87, 1.00092, -5486.17, -0.00190233, -0.00190241, -0.00190233, 0.0281892, 1.01819, 0.0402292, -0.285606, 0.0394735
227.605, 0.971234, -5487.79, 0.988175, -5487.93, 1.00092, -5488.22, -0.00190236, -0.00190234, -0.00190233, 0.0281892, 1.01819, 0.0402292, -0.285603, 0.0394598
227.655, 0.971229, -5489.83, 0.988169, -5489.97, 1.00091, -5490.26, -0.00188212, -0.00188211, -0.00188211, 0.0281892, 1.01819, 0.0402292, -0.2856, 0.0394455
227.705, 0.971225, -5491.87, 0.988166, -5492, 1.00091, -5492.3, -0.0018821, -0.0018821, -0.0018821, 0.0281892, 1.01819, 0.0402293, -0.285597, 0.0394305
227.756, 0.971222, -5493.9, 0.988162, -5494.04, 1.0009, -5494.33, -0.0018821, -0.0018821, -0.0018821, 0.0281892, 1.01819, 0.0402292, -0.285595, 0.0394149
227.806, 0.971219, -5495.93, 0.988159, -5496.07, 1.0009, -5496.36, -0.00186546, -0.00186546, -0.00186546, 0.0281892, 1.01819, 0.0402292, -0.285594, 0.0393988
227.856, 0.971216, -5497.94, 0.988156, -5498.08, 1.0009, -5498.37, -0.00186186, -0.00186183, -0.00186186, 0.0281892, 1.01819, 0.0402291, -0.285592, 0.039382
227.907, 0.971214, -5499.95, 0.988155, -5500.09, 1.00089, -5500.38, -0.00186186, -0.00186186, -0.00186185, 0.0281892, 1.01819, 0.0402292, -0.285591, 0.0393647
227.957, 0.971214, -5501.96, 0.988155, -5502.1, 1.00089, -5502.39, -0.00186186, -0.00186186, -0.00186182, 0.0281892, 1.01819, 0.0402293, -0.285591, 0.0393469
228, 0.971214, -5503.68, 0.988155, -5503.82, 1.00089, -5504.11, -0.00184165, -0.00184165, -0.00184163, 0.0281892, 1.01819, 0.0402293, -0.28559, 0.0393311
228, 0.971214, -5503.68, 0.988155, -5503.82, 1.00089, -5504.11, -0.00184165, -0.00184165, -0.00184163, 0.0289258, 1.01819, 0.0402295, -0.28559, 0.0393311
228.051, 0.971214, -5505.67, 0.988155, -5505.81, 1.00089, -5506.1, -0.00184162, -0.00184162, -0.00184166, 0.0289258, 1.01819, 0.0402291, -0.285591, 0.0393305
228.101, 0.971215, -5507.66, 0.988155, -5507.79, 1.0009, -5508.09, -0.00184154, -0.00184162, -0.00184158, 0.0289258, 1.01819, 0.0402292, -0.285591, 0.0393289
228.151, 0.971216, -5509.65, 0.988157, -5509.78, 1.0009, -5510.08, -0.00184156, -0.00184155, -0.00184162, 0.0289258, 1.01819, 0.0402291, -0.285592, 0.0393264
228.202, 0.971219, -5511.62, 0.98816, -5511.75, 1.0009, -5512.05, -0.00182137, -0.00182138, -0.00182137, 0.0289258, 1.01819, 0.0402292, -0.285594, 0.0393229
228.252, 0.971222, -5513.58, 0.988163, -5513.72, 1.0009, -5514.01, -0.00182135, -0.00182135, -0.00182135, 0.0289258, 1.01819, 0.0402293, -0.285595, 0.0393186
228.302, 0.971226, -5515.55, 0.988166, -5515.69, 1.00091, -5515.98, -0.00182135, -0.00182138, -0.00182138, 0.0289258, 1.01819, 0.0402293, -0.285597, 0.0393135
228.353, 0.971229, -5517.51, 0.988169, -5517.65, 1.00091, -5517.95, -0.00180595, -0.00180595, -0.00180594, 0.0289258, 1.01819, 0.0402292, -0.2856, 0.0393075
228.403, 0.971232, -5519.46, 0.988173, -5519.6, 1.00091, -5519.89, -0.00180115, -0.00180116, -0.00180115, 0.0289258, 1.01819, 0.0402291, -0.285601, 0.0393007
228.454, 0.971236, -5521.4, 0.988177, -5521.54, 1.00092, -5521.84, -0.00180079, -0.00180086, -0.00180086, 0.0289258, 1.01819, 0.0402294, -0.285604, 0.0392933
228.504, 0.971243, -5523.35, 0.988184, -5523.49, 1.00092, -5523.78, -0.00180115, -0.00180105, -0.00180109, 0.0289258, 1.01819, 0.0402294, -0.285608, 0.0392851
228.554, 0.971249, -5525.29, 0.98819, -5525.43, 1.00093, -5525.72, -0.00178122, -0.00178127, -0.00178135, 0.0289258, 1.01819, 0.0402294, -0.285611, 0.0392762
228.605, 0.971255, -5527.21, 0.988196, -5527.35, 1.00094, -5527.64, -0.00178091, -0.00178091, -0.0017808, 0.0289258, 1.01819, 0.0402294, -0.285615, 0.0392667
228.655, 0.971261, -5529.14, 0.988202, -5529.27, 1.00094, -5529.57, -0.00178091, -0.00178105, -0.00178095, 0.0289258, 1.01819, 0.0402294, -0.285619, 0.0392566
228.705, 0.971267, -5531.06, 0.988209, -5531.2, 1.00095, -5531.49, -0.00178097, -0.00178098, -0.00178095, 0.0289258, 1.01819, 0.0402288, -0.285622, 0.0392458
228.756, 0.971275, -5532.97, 0.988217, -5533.11, 1.00096, -5533.41, -0.00176082, -0.00176082, -0.00176069, 0.0289258, 1.01819, 0.0402289, -0.285627, 0.0392345
228.806, 0.971284, -5534.88, 0.988226, -5535.01, 1.00097, -5535.31, -0.00176067, -0.0017607, -0.00176064, 0.0289258, 1.01819, 0.0402292, -0.285632, 0.0392226
228.856, 0.971294, -5536.78, 0.988236, -5536.92, 1.00098, -5537.21, -0.00176054, -0.00176058, -0.00176058, 0.0289258, 1.01819, 0.0402292, -0.285638, 0.0392102
228.907, 0.971303, -5538.68, 0.988245, -5538.82, 1.00099, -5539.11, -0.00176066, -0.00176071, -0.00176071, 0.0289258, 1.01819, 0.0402295, -0.285644, 0.0391974
228.957, 0.971312, -5540.58, 0.988254, -5540.71, 1.001, -5541.01, -0.00174151, -0.00174165, -0.00174155, 0.0289258, 1.01819, 0.0402294, -0.285649, 0.039184
229, 0.97132, -5542.19, 0.988263, -5542.33, 1.001, -5542.62, -0.00174043, -0.00174043, -0.00174043, 0.0289258, 1.01819, 0.0402293, -0.285654, 0.0391722
229, 0.97132, -5542.19, 0.988263, -5542.33, 1.001, -5542.62, -0.00174043, -0.00174043, -0.00174043, 0.029622, 1.01819, 0.0402296, -0.285654, 0.0391721
229.051, 0.971332, -5544.07, 0.988274, -5544.21, 1.00102, -5544.5, -0.00174043, -0.00174041, -0.00174033, 0.029622, 1.01819, 0.0402292, -0.285661, 0.0391751
229.101, 0.971344, -5545.95, 0.988287, -5546.09, 1.00103, -5546.38, -0.00174043, -0.00174043, -0.00174043, 0.029622, 1.01819, 0.0402288, -0.285668, 0.0391772
229.151, 0.971356, -5547.83, 0.988299, -5547.97, 1.00104, -5548.26, -0.00174034, -0.00174045, -0.00174043, 0.029622, 1.01819, 0.0402294, -0.285676, 0.0391783
229.202, 0.971369, -5549.69, 0.988312, -5549.83, 1.00105, -5550.12, -0.00172019, -0.00172019, -0.00172019, 0.029622, 1.01819, 0.0402291, -0.285683, 0.0391786
229.252, 0.971381, -5551.55, 0.988324, -5551.69, 1.00107, -5551.98, -0.00172019, -0.0017202, -0.00172015, 0.029622, 1.01819, 0.0402293, -0.285691, 0.0391781
229.302, 0.971393, -5553.41, 0.988337, -5553.55, 1.00108, -5553.84, -0.00172019, -0.00172016, -0.00172007, 0.029622, 1.01819, 0.0402295, -0.285698, 0.0391768
229.353, 0.971406, -5555.27, 0.988349, -5555.4, 1.00109, -5555.7, -0.00172004, -0.0017202, -0.0017202, 0.029622, 1.01819, 0.0402295, -0.285705, 0.0391747
229.403, 0.971418, -5557.11, 0.988362, -5557.25, 1.0011, -5557.54, -0.00169989, -0.0016999, -0.00170001, 0.029622, 1.01819, 0.0402295, -0.285713, 0.0391719
229.454, 0.971433, -5558.95, 0.988377, -5559.09, 1.00112, -5559.38, -0.00169995, -0.00169999, -0.00169996, 0.029622, 1.01819, 0.0402294, -0.285722, 0.0391685
229.504, 0.971448, -5560.79, 0.988393, -5560.92, 1.00114, -5561.22, -0.00169996, -0.00169995, -0.00169984, 0.029622, 1.01819, 0.0402296, -0.28573, 0.0391643
229.554, 0.971463, -5562.62, 0.988408, -5562.76, 1.00115, -5563.05, -0.00169991, -0.00169995, -0.00169993, 0.029622, 1.01819, 0.0402294, -0.28574, 0.0391595
229.605, 0.971479, -5564.46, 0.988424, -5564.6, 1.00117, -5564.89, -0.00169996, -0.00170004, -0.00169995, 0.029622, 1.01819, 0.0402294, -0.285748, 0.0391541
229.655, 0.971494, -5566.27, 0.98844, -5566.41, 1.00118, -5566.7, -0.00167964, -0.00167972, -0.00167972, 0.029622, 1.01819, 0.0402294, -0.285758, 0.0391482
229.705, 0.97151, -5568.09, 0.988455, -5568.22, 1.0012, -5568.52, -0.00167972, -0.00167972, -0.00167972, 0.029622, 1.01819, 0.0402293, -0.285767, 0.0391416
229.756, 0.971525, -5569.9, 0.988471, -5570.04, 1.00122, -5570.33, -0.00167956, -0.00167971, -0.00167968, 0.029622, 1.01819, 0.0402294, -0.285777, 0.0391345
229.806, 0.971541, -5571.71, 0.988487, -5571.85, 1.00123, -5572.15, -0.00167972, -0.00167968, -0.00167971, 0.029622, 1.01819, 0.0402294, -0.285786, 0.0391269
229.856, 0.971559, -5573.52, 0.988505, -5573.66, 1.00125, -5573.95, -0.00165965, -0.00165969, -0.00165959, 0.029622, 1.01819, 0.0402295, -0.285797, 0.0391188
229.907, 0.971577, -5575.31, 0.988524, -5575.45, 1.00127, -5575.75, -0.00165948, -0.00165945, -0.00165948, 0.029622, 1.01819, 0.0402294, -0.285807, 0.0391102
229.957, 0.971596, -5577.11, 0.988543, -5577.24, 1.00129, -5577.54, -0.00165948, -0.00165947, -0.00165946, 0.029622, 1.01819, 0.0402294, -0.285818, 0.0391011
230, 0.971611, -5578.65, 0.988559, -5578.79, 1.0013, -5579.08, -0.00165936, -0.00165943, -0.00165948, 0.029622, 1.01819, 0.0402294, -0.285828, 0.039093
230, 0.971611, -5578.65, 0.988559, -5578.79, 1.0013, -5579.08, -0.00165936, -0.00165943, -0.00165948, 0.0302858, 1.01819, 0.0402297, -0.285828, 0.039093
230.051, 0.97163, -5580.44, 0.988578, -5580.58, 1.00132, -5580.87, -0.00165941, -0.00165948, -0.00165948, 0.0302858, 1.01819, 0.0402294, -0.285839, 0.0390995
230.101, 0.971648, -5582.22, 0.988597, -5582.36, 1.00134, -5582.65, -0.0016394, -0.0016394, -0.00163938, 0.0302858, 1.01819, 0.0402294, -0.28585, 0.0391051
230.151, 0.971667, -5583.99, 0.988616, -5584.13, 1.00136, -5584.42, -0.00163924, -0.00163924, -0.00163918, 0.0302858, 1.01819, 0.0402294, -0.285862, 0.0391099
230.202, 0.971686, -5585.76, 0.988635, -5585.9, 1.00138, -5586.2, -0.00163923, -0.00163909, -0.00163924, 0.0302858, 1.01819, 0.0402295, -0.285873, 0.0391138
230.252, 0.971705, -5587.53, 0.988654, -5587.67, 1.0014, -5587.97, -0.00163917, -0.0016392, -0.00163924, 0.0302858, 1.01819, 0.0402295, -0.285884, 0.0391169
230.303, 0.971723, -5589.3, 0.988673, -5589.44, 1.00142, -5589.74, -0.00163925, -0.00163922, -0.00163921, 0.0302858, 1.01819, 0.0402296, -0.285895, 0.0391193
230.353, 0.971742, -5591.07, 0.988692, -5591.2, 1.00144, -5591.5, -0.00161906, -0.00161905, -0.00161894, 0.0302858, 1.01819, 0.0402295, -0.285906, 0.039121
230.403, 0.971762, -5592.81, 0.988713, -5592.95, 1.00146, -5593.25, -0.001619, -0.00161901, -0.00161889, 0.0302858, 1.01819, 0.0402296, -0.285918, 0.0391219
230.454, 0.971784, -5594.56, 0.988735, -5594.7, 1.00148, -5594.99, -0.001619, -0.00161899, -0.00161896, 0.0302858, 1.01819, 0.0402296, -0.285931, 0.0391222
230.504, 0.971805, -5596.31, 0.988756, -5596.45, 1.0015, -5596.74, -0.001619, -0.00161901, -0.00161897, 0.0302858, 1.01819, 0.0402296, -0.285944, 0.0391218
230.554, 0.971827, -5598.06, 0.988778, -5598.2, 1.00153, -5598.49, -0.001619, -0.00161895, -0.00161898, 0.0302858, 1.01819, 0.0402296, -0.285957, 0.0391209
230.605, 0.971848, -5599.8, 0.9888, -5599.94, 1.00155, -5600.23, -0.0015988, -0.0015988, -0.0015988, 0.0302858, 1.01819, 0.0402294, -0.28597, 0.0391192
230.655, 0.97187, -5601.52, 0.988822, -5601.66, 1.00157, -5601.96, -0.00159877, -0.0015987, -0.00159876, 0.0302858, 1.01819, 0.0402297, -0.285983, 0.0391171
230.705, 0.971892, -5603.25, 0.988845, -5603.39, 1.00159, -5603.68, -0.00159877, -0.00159876, -0.00159864, 0.0302858, 1.01819, 0.0402297, -0.285996, 0.0391143
230.756, 0.971914, -5604.98, 0.988867, -5605.12, 1.00162, -5605.41, -0.00159877, -0.0015987, -0.00159864, 0.0302858, 1.01819, 0.0402296, -0.286009, 0.039111
230.806, 0.971936, -5606.7, 0.98889, -5606.84, 1.00164, -5607.13, -0.00159864, -0.00159877, -0.00159874, 0.0302858, 1.01819, 0.0402296, -0.286023, 0.0391073
230.856, 0.971958, -5608.42, 0.988912, -5608.56, 1.00166, -5608.85, -0.00157876, -0.00157867, -0.00157872, 0.0302858, 1.01819, 0.0402298, -0.286035, 0.039103
230.907, 0.97198, -5610.13, 0.988934, -5610.27, 1.00169, -5610.56, -0.00157843, -0.00157853, -0.00157853, 0.0302858, 1.01819, 0.0402297, -0.286048, 0.0390982
230.957, 0.972002, -5611.83, 0.988956, -5611.97, 1.00171, -5612.26, -0.00157862, -0.0015785, -0.00157841, 0.0302858, 1.01819, 0.0402294, -0.286062, 0.039093
231, 0.972021, -5613.3, 0.988976, -5613.44, 1.00173, -5613.73, -0.00157853, -0.00157852, -0.00157852, 0.0302858, 1.01819, 0.0402294, -0.286073, 0.0390881
231, 0.972021, -5613.3, 0.988976, -5613.44, 1.00173, -5613.73, -0.00157853, -0.00157852, -0.00157852, 0.0309172, 1.01819, 0.0402301, -0.286073, 0.0390881
231.051, 0.972042, -5615, 0.988998, -5615.14, 1.00175, -5615.43, -0.00157855, -0.00157859, -0.00157853, 0.0309172, 1.01819, 0.0402299, -0.286086, 0.0390977
231.101, 0.972064, -5616.71, 0.98902, -5616.85, 1.00177, -5617.14, -0.0015786, -0.00157849, -0.00157862, 0.0309172, 1.01819, 0.0402298, -0.286099, 0.0391063
231.151, 0.972088, -5618.39, 0.989044, -5618.53, 1.0018, -5618.82, -0.00155825, -0.00155825, -0.00155828, 0.0309172, 1.01819, 0.0402298, -0.286113, 0.0391141
231.202, 0.972113, -5620.08, 0.989069, -5620.21, 1.00182, -5620.51, -0.00155827, -0.00155814, -0.00155813, 0.0309172, 1.01819, 0.04023, -0.286128, 0.0391211
231.252, 0.972137, -5621.76, 0.989094, -5621.9, 1.00185, -5622.19, -0.00155801, -0.00155801, -0.001558, 0.0309172, 1.01819, 0.0402293, -0.286143, 0.0391274
231.303, 0.972162, -5623.44, 0.989119, -5623.58, 1.00187, -5623.87, -0.00155824, -0.00155829, -0.00155826, 0.0309172, 1.01819, 0.0402299, -0.286157, 0.0391329
231.353, 0.972187, -5625.12, 0.989145, -5625.26, 1.0019, -5625.56, -0.00155828, -0.00155828, -0.00155815, 0.0309172, 1.01819, 0.0402298, -0.286172, 0.0391376
231.403, 0.972212, -5626.79, 0.98917, -5626.93, 1.00192, -5627.23, -0.00153806, -0.00153801, -0.00153805, 0.0309172, 1.01819, 0.0402295, -0.286187, 0.0391417
231.454, 0.972237, -5628.46, 0.989195, -5628.59, 1.00195, -5628.89, -0.001538, -0.001538, -0.00153802, 0.0309172, 1.01819, 0.0402298, -0.286202, 0.0391451
231.504, 0.972262, -5630.12, 0.989221, -5630.25, 1.00198, -5630.55, -0.00153804, -0.00153798, -0.00153804, 0.0309172, 1.01819, 0.0402296, -0.286217, 0.0391478
231.554, 0.972287, -5631.78, 0.989246, -5631.92, 1.002, -5632.21, -0.0015379, -0.00153806, -0.00153803, 0.0309172, 1.01819, 0.0402298, -0.286232, 0.03915
231.605, 0.972312, -5633.44, 0.989272, -5633.58, 1.00203, -5633.87, -0.00153802, -0.00153806, -0.00153801, 0.0309172, 1.01819, 0.0402298, -0.286247, 0.0391515
231.655, 0.972337, -5635.1, 0.989297, -5635.23, 1.00205, -5635.53, -0.00151895, -0.0015188, -0.00151879, 0.0309172, 1.01819, 0.04023, -0.286262, 0.0391524
231.705, 0.972362, -5636.73, 0.989323, -5636.87, 1.00208, -5637.17, -0.00151766, -0.00151781, -0.0015178, 0.0309172, 1.01819, 0.0402298, -0.286277, 0.0391528
231.756, 0.972387, -5638.37, 0.989348, -5638.51, 1.00211, -5638.8, -0.00151774, -0.0015178, -0.00151786, 0.0309172, 1.01819, 0.0402299, -0.286292, 0.0391527
231.806, 0.972412, -5640.01, 0.989374, -5640.15, 1.00213, -5640.44, -0.00151781, -0.0015178, -0.00151781, 0.0309172, 1.01819, 0.0402297, -0.286307, 0.039152
231.856, 0.972437, -5641.65, 0.989399, -5641.79, 1.00216, -5642.08, -0.00151774, -0.00151779, -0.0015178, 0.0309172, 1.01819, 0.0402299, -0.286322, 0.0391508
231.907, 0.972462, -5643.29, 0.989425, -5643.43, 1.00218, -5643.72, -0.00151781, -0.00151773, -0.00151766, 0.0309172, 1.01819, 0.0402296, -0.286337, 0.0391491
231.957, 0.972487, -5644.91, 0.98945, -5645.05, 1.00221, -5645.34, -0.00149758, -0.00149749, -0.00149757, 0.0309172, 1.01819, 0.0402298, -0.286352, 0.039147
232, 0.972508, -5646.3, 0.989472, -5646.44, 1.00223, -5646.74, -0.00149753, -0.00149755, -0.00149752, 0.0309172, 1.01819, 0.0402296, -0.286365, 0.0391448
232, 0.972508, -5646.3, 0.989472, -5646.44, 1.00223, -5646.74, -0.00149753, -0.00149755, -0.00149752, 0.0315162, 1.01819, 0.04023, -0.286364, 0.0391448
232.051, 0.972533, -5647.92, 0.989498, -5648.06, 1.00226, -5648.35, -0.0014975, -0.00149754, -0.00149755, 0.0315162, 1.01819, 0.0402299, -0.28638, 0.0391565
232.101, 0.972558, -5649.54, 0.989523, -5649.68, 1.00228, -5649.97, -0.00149756, -0.00149758, -0.00149757, 0.0315162, 1.01819, 0.04023, -0.286395, 0.0391674
232.152, 0.972583, -5651.16, 0.989549, -5651.29, 1.00231, -5651.59, -0.00149755, -0.00149757, -0.00149751, 0.0315162, 1.01819, 0.0402297, -0.286409, 0.0391775
232.202, 0.972609, -5652.77, 0.989574, -5652.91, 1.00233, -5653.2, -0.00149245, -0.0014925, -0.00149249, 0.0315162, 1.01819, 0.0402301, -0.286425, 0.0391868
232.252, 0.972633, -5654.37, 0.989599, -5654.51, 1.00236, -5654.8, -0.00147734, -0.00147728, -0.00147732, 0.0315162, 1.01819, 0.04023, -0.28644, 0.0391953
232.303, 0.972659, -5655.96, 0.989625, -5656.1, 1.00239, -5656.39, -0.00147732, -0.00147736, -0.00147735, 0.0315162, 1.01819, 0.0402298, -0.286454, 0.0392031
232.353, 0.972684, -5657.56, 0.98965, -5657.7, 1.00241, -5657.99, -0.0014771, -0.00147717, -0.00147713, 0.0315162, 1.01819, 0.0402298, -0.286469, 0.0392101
232.403, 0.972709, -5659.15, 0.989676, -5659.29, 1.00244, -5659.59, -0.00147734, -0.00147732, -0.00147732, 0.0315162, 1.01819, 0.0402299, -0.286484, 0.0392165
232.454, 0.972734, -5660.75, 0.989701, -5660.89, 1.00246, -5661.18, -0.00147733, -0.00147731, -0.00147733, 0.0315162, 1.01819, 0.0402299, -0.286499, 0.0392222
232.504, 0.972759, -5662.33, 0.989727, -5662.47, 1.00249, -5662.76, -0.00145709, -0.00145703, -0.00145706, 0.0315162, 1.01819, 0.04023, -0.286514, 0.0392272
232.554, 0.972784, -5663.91, 0.989752, -5664.05, 1.00252, -5664.34, -0.00145704, -0.0014571, -0.00145708, 0.0315162, 1.01819, 0.04023, -0.28653, 0.0392316
232.605, 0.972809, -5665.48, 0.989778, -5665.62, 1.00254, -5665.91, -0.0014571, -0.00145709, -0.00145701, 0.0315162, 1.01819, 0.04023, -0.286544, 0.0392354
232.655, 0.972834, -5667.05, 0.989803, -5667.19, 1.00257, -5667.49, -0.00145708, -0.00145706, -0.00145704, 0.0315162, 1.01819, 0.04023, -0.286559, 0.0392385
232.705, 0.972859, -5668.63, 0.989829, -5668.77, 1.00259, -5669.06, -0.00145706, -0.00145702, -0.00145708, 0.0315162, 1.01819, 0.04023, -0.286575, 0.0392411
232.756, 0.972884, -5670.2, 0.989854, -5670.34, 1.00262, -5670.63, -0.0014571, -0.0014571, -0.00145709, 0.0315162, 1.01819, 0.04023, -0.28659, 0.0392432
232.806, 0.972909, -5671.75, 0.98988, -5671.89, 1.00264, -5672.18, -0.00143686, -0.00143684, -0.0014368, 0.0315162, 1.01819, 0.0402301, -0.286604, 0.0392447
232.856, 0.972934, -5673.31, 0.989905, -5673.44, 1.00267, -5673.74, -0.00143684, -0.00143682, -0.00143683, 0.0315162, 1.01819, 0.04023, -0.28662, 0.0392457
232.907, 0.972959, -5674.86, 0.989931, -5675, 1.0027, -5675.29, -0.00143636, -0.00143636, -0.00143634, 0.0315162, 1.01819, 0.04023, -0.286634, 0.0392463
232.957, 0.972982, -5676.41, 0.989955, -5676.55, 1.00272, -5676.84, -0.00143685, -0.00143684, -0.00143684, 0.0315162, 1.01819, 0.0402301, -0.286649, 0.0392463
233, 0.973002, -5677.74, 0.989974, -5677.88, 1.00274, -5678.17, -0.00143681, -0.00143686, -0.00143682, 0.0315162, 1.01819, 0.0402302, -0.286659, 0.039246
233, 0.973002, -5677.74, 0.989974, -5677.88, 1.00274, -5678.17, -0.00143681, -0.00143686, -0.00143682, 0.0320909, 1.01819, 0.0402304, -0.286659, 0.039246
233.051, 0.973024, -5679.29, 0.989997, -5679.43, 1.00276, -5679.72, -0.00141746, -0.0014175, -0.00141747, 0.0320909, 1.01819, 0.04023, -0.286673, 0.0392593
233.101, 0.973045, -5680.82, 0.990019, -5680.96, 1.00279, -5681.25, -0.00141662, -0.00141655, -0.00141658, 0.0320909, 1.01819, 0.0402301, -0.286686, 0.0392718
233.152, 0.973067, -5682.35, 0.990041, -5682.49, 1.00281, -5682.78, -0.00141662, -0.00141656, -0.0014166, 0.0320909, 1.01819, 0.0402301, -0.286699, 0.0392834
233.202, 0.973089, -5683.88, 0.990063, -5684.02, 1.00283, -5684.31, -0.00141662, -0.00141657, -0.00141662, 0.0320909, 1.01819, 0.0402299, -0.286713, 0.0392943
233.252, 0.973111, -5685.41, 0.990086, -5685.55, 1.00285, -5685.84, -0.00141655, -0.00141659, -0.00141658, 0.0320909, 1.01819, 0.0402302, -0.286725, 0.0393044
233.303, 0.973133, -5686.94, 0.990108, -5687.08, 1.00288, -5687.37, -0.00141658, -0.00141658, -0.0014166, 0.0320909, 1.01819, 0.0402301, -0.286738, 0.0393137
233.353, 0.973155, -5688.46, 0.99013, -5688.59, 1.0029, -5688.89, -0.00139632, -0.00139631, -0.0013963, 0.0320909, 1.01819, 0.04023, -0.286752, 0.0393223
233.403, 0.973177, -5689.96, 0.990153, -5690.1, 1.00292, -5690.39, -0.00139636, -0.00139634, -0.00139636, 0.0320909, 1.01819, 0.0402301, -0.286765, 0.0393302
233.454, 0.973199, -5691.47, 0.990175, -5691.61, 1.00294, -5691.9, -0.00139634, -0.00139631, -0.00139638, 0.0320909, 1.01819, 0.0402303, -0.286778, 0.0393374
233.504, 0.973221, -5692.98, 0.990197, -5693.12, 1.00297, -5693.41, -0.00139637, -0.00139634, -0.00139631, 0.0320909, 1.01819, 0.0402301, -0.286791, 0.039344
233.554, 0.973242, -5694.49, 0.990219, -5694.62, 1.00299, -5694.92, -0.0013964, -0.00139633, -0.00139637, 0.0320909, 1.01819, 0.0402302, -0.286804, 0.0393499
233.605, 0.973264, -5695.99, 0.990242, -5696.13, 1.00301, -5696.42, -0.00138095, -0.00138093, -0.00138094, 0.0320909, 1.01819, 0.0402302, -0.286817, 0.0393553
233.655, 0.973286, -5697.48, 0.990264, -5697.62, 1.00303, -5697.91, -0.00137616, -0.00137612, -0.00137612, 0.0320909, 1.01819, 0.04023, -0.286831, 0.03936
233.705, 0.973308, -5698.96, 0.990286, -5699.1, 1.00306, -5699.4, -0.00137618, -0.0013761, -0.00137612, 0.0320909, 1.01819, 0.0402306, -0.286843, 0.0393642
233.756, 0.97333, -5700.45, 0.990309, -5700.59, 1.00308, -5700.88, -0.00137607, -0.00137612, -0.00137613, 0.0320909, 1.01819, 0.0402303, -0.286856, 0.0393677
233.806, 0.973352, -5701.94, 0.990331, -5702.08, 1.0031, -5702.37, -0.00137609, -0.00137614, -0.00137612, 0.0320909, 1.01819, 0.0402302, -0.286869, 0.0393707
233.856, 0.973374, -5703.42, 0.990353, -5703.56, 1.00312, -5703.85, -0.0013761, -0.00137609, -0.00137608, 0.0320909, 1.01819, 0.0402304, -0.286883, 0.0393733
233.907, 0.973396, -5704.9, 0.990375, -5705.04, 1.00315, -5705.33, -0.00135588, -0.00135589, -0.00135586, 0.0320909, 1.01819, 0.0402303, -0.286896, 0.0393752
233.957, 0.973418, -5706.36, 0.990398, -5706.5, 1.00317, -5706.79, -0.0013559, -0.00135592, -0.00135588, 0.0320909, 1.01819, 0.0402304, -0.286909, 0.0393767
234.001, 0.973436, -5707.62, 0.990417, -5707.76, 1.00319, -5708.05, -0.0013559, -0.00135591, -0.00135587, 0.0320909, 1.01819, 0.0402304, -0.28692, 0.0393776
234.001, 0.973436, -5707.62, 0.990417, -5707.76, 1.00319, -5708.05, -0.0013559, -0.00135591, -0.00135587, 0.0326333, 1.01819, 0.0402304, -0.28692, 0.0393776
234.051, 0.973458, -5709.08, 0.990439, -5709.22, 1.00321, -5709.51, -0.00135586, -0.00135587, -0.00135586, 0.0326333, 1.01819, 0.0402299, -0.286933, 0.0393916
234.101, 0.97348, -5710.55, 0.990461, -5710.69, 1.00323, -5710.98, -0.00135584, -0.00135584, -0.00135586, 0.0326333, 1.01819, 0.0402301, -0.286946, 0.0394047
234.152, 0.973502, -5712.01, 0.990484, -5712.15, 1.00326, -5712.44, -0.00135582, -0.00135584, -0.00135582, 0.0326333, 1.01819, 0.0402302, -0.28696, 0.039417
234.202, 0.973524, -5713.46, 0.990506, -5713.6, 1.00328, -5713.89, -0.00133564, -0.00133561, -0.00133565, 0.0326333, 1.01819, 0.0402299, -0.286973, 0.0394285
234.252, 0.973546, -5714.9, 0.990528, -5715.04, 1.0033, -5715.33, -0.00133563, -0.00133568, -0.00133563, 0.0326333, 1.01819, 0.0402301, -0.286986, 0.0394392
234.303, 0.973568, -5716.34, 0.990551, -5716.48, 1.00333, -5716.77, -0.00133562, -0.00133566, -0.00133563, 0.0326333, 1.01819, 0.0402303, -0.286999, 0.0394492
234.353, 0.97359, -5717.79, 0.990573, -5717.92, 1.00335, -5718.22, -0.00133562, -0.00133561, -0.00133558, 0.0326333, 1.01819, 0.0402303, -0.287012, 0.0394584
234.403, 0.973612, -5719.23, 0.990595, -5719.37, 1.00337, -5719.66, -0.00133566, -0.00133566, -0.00133566, 0.0326333, 1.01819, 0.0402305, -0.287025, 0.039467
234.454, 0.973633, -5720.66, 0.990617, -5720.8, 1.00339, -5721.09, -0.00131559, -0.00131558, -0.00131555, 0.0326333, 1.01819, 0.0402302, -0.287038, 0.0394748
234.504, 0.973653, -5722.08, 0.990638, -5722.22, 1.00341, -5722.51, -0.00131547, -0.00131542, -0.00131543, 0.0326333, 1.01819, 0.0402304, -0.28705, 0.0394821
234.554, 0.973672, -5723.5, 0.990657, -5723.64, 1.00343, -5723.93, -0.00131543, -0.00131545, -0.00131543, 0.0326333, 1.01819, 0.0402305, -0.287062, 0.0394887
234.605, 0.973691, -5724.92, 0.990676, -5725.06, 1.00345, -5725.35, -0.0013155, -0.00131546, -0.00131548, 0.0326333, 1.01819, 0.0402302, -0.287072, 0.0394947
234.655, 0.97371, -5726.35, 0.990695, -5726.48, 1.00347, -5726.78, -0.00131545, -0.00131543, -0.00131539, 0.0326333, 1.01819, 0.0402303, -0.287084, 0.0395
234.705, 0.973729, -5727.77, 0.990714, -5727.9, 1.00349, -5728.2, -0.00131537, -0.00131538, -0.00131539, 0.0326333, 1.01819, 0.0402301, -0.287095, 0.0395048
234.756, 0.973747, -5729.17, 0.990733, -5729.3, 1.00351, -5729.6, -0.00129521, -0.00129517, -0.00129519, 0.0326333, 1.01819, 0.0402304, -0.287106, 0.039509
234.806, 0.973766, -5730.57, 0.990752, -5730.7, 1.00353, -5731, -0.00129523, -0.0012952, -0.00129519, 0.0326333, 1.01819, 0.0402308, -0.287118, 0.0395127
234.857, 0.973785, -5731.96, 0.990772, -5732.1, 1.00355, -5732.39, -0.00129519, -0.00129521, -0.00129521, 0.0326333, 1.01819, 0.0402304, -0.287129, 0.0395158
234.907, 0.973804, -5733.36, 0.990791, -5733.5, 1.00357, -5733.79, -0.00129514, -0.00129515, -0.00129513, 0.0326333, 1.01819, 0.0402306, -0.28714, 0.0395184
234.957, 0.973822, -5734.76, 0.99081, -5734.9, 1.00359, -5735.19, -0.0012952, -0.00129523, -0.0012952, 0.0326333, 1.01819, 0.0402303, -0.287152, 0.0395205
235.001, 0.973839, -5735.96, 0.990826, -5736.1, 1.0036, -5736.39, -0.0012753, -0.00127529, -0.00127528, 0.0326333, 1.01819, 0.0402303, -0.287161, 0.0395219
235.001, 0.973839, -5735.96, 0.990826, -5736.1, 1.0036, -5736.39, -0.0012753, -0.00127529, -0.00127528, 0.0331434, 1.01819, 0.0402305, -0.287161, 0.0395219
235.051, 0.973857, -5737.33, 0.990845, -5737.47, 1.00362, -5737.77, -0.00127493, -0.00127496, -0.00127493, 0.0331434, 1.01819, 0.0402306, -0.287172, 0.0395357
235.101, 0.973876, -5738.71, 0.990865, -5738.85, 1.00364, -5739.14, -0.00127493, -0.00127493, -0.00127493, 0.0331434, 1.01819, 0.0402306, -0.287184, 0.0395486
235.152, 0.973895, -5740.09, 0.990884, -5740.23, 1.00366, -5740.52, -0.00127495, -0.00127495, -0.00127493, 0.0331434, 1.01819, 0.0402306, -0.287195, 0.0395607
235.202, 0.973914, -5741.47, 0.990903, -5741.6, 1.00368, -5741.9, -0.00127495, -0.00127492, -0.00127494, 0.0331434, 1.01819, 0.0402304, -0.287206, 0.0395721
235.252, 0.973932, -5742.84, 0.990922, -5742.98, 1.0037, -5743.27, -0.00127495, -0.00127497, -0.00127496, 0.0331434, 1.01819, 0.0402304, -0.287217, 0.0395827
235.303, 0.973951, -5744.2, 0.990941, -5744.34, 1.00372, -5744.63, -0.00125473, -0.00125473, -0.00125473, 0.0331434, 1.01819, 0.0402303, -0.287229, 0.0395925
235.353, 0.97397, -5745.56, 0.99096, -5745.69, 1.00374, -5745.99, -0.0012547, -0.00125468, -0.00125468, 0.0331434, 1.01819, 0.0402305, -0.28724, 0.0396016
235.403, 0.973987, -5746.91, 0.990977, -5747.05, 1.00376, -5747.34, -0.00125471, -0.00125472, -0.00125471, 0.0331434, 1.01819, 0.0402305, -0.28725, 0.0396101
235.454, 0.974003, -5748.27, 0.990994, -5748.4, 1.00377, -5748.7, -0.0012547, -0.0012547, -0.00125469, 0.0331434, 1.01819, 0.0402306, -0.28726, 0.0396179
235.504, 0.974019, -5749.62, 0.99101, -5749.76, 1.00379, -5750.05, -0.00125471, -0.0012547, -0.0012547, 0.0331434, 1.01819, 0.0402305, -0.287269, 0.039625
235.554, 0.974035, -5750.97, 0.991026, -5751.1, 1.00381, -5751.4, -0.00123452, -0.00123451, -0.00123451, 0.0331434, 1.01819, 0.0402306, -0.287279, 0.0396315
235.605, 0.97405, -5752.3, 0.991042, -5752.44, 1.00382, -5752.73, -0.00123447, -0.00123446, -0.00123446, 0.0331434, 1.01819, 0.0402305, -0.287288, 0.0396374
235.655, 0.974066, -5753.63, 0.991058, -5753.77, 1.00384, -5754.06, -0.00123447, -0.00123447, -0.00123446, 0.0331434, 1.01819, 0.0402306, -0.287297, 0.0396427
235.705, 0.974081, -5754.97, 0.991073, -5755.1, 1.00386, -5755.4, -0.00123447, -0.00123447, -0.00123447, 0.0331434, 1.01819, 0.0402305, -0.287307, 0.0396474
235.756, 0.974097, -5756.3, 0.991089, -5756.44, 1.00387, -5756.73, -0.00123448, -0.00123448, -0.00123447, 0.0331434, 1.01819, 0.0402305, -0.287316, 0.0396515
235.806, 0.974113, -5757.63, 0.991105, -5757.77, 1.00389, -5758.06, -0.00122064, -0.00122063, -0.00122063, 0.0331434, 1.01819, 0.0402306, -0.287325, 0.0396551
235.857, 0.974128, -5758.94, 0.991121, -5759.08, 1.0039, -5759.37, -0.00121424, -0.00121423, -0.00121423, 0.0331434, 1.01819, 0.0402306, -0.287335, 0.0396582
235.907, 0.974144, -5760.25, 0.991137, -5760.39, 1.00392, -5760.68, -0.00121424, -0.00121423, -0.00121423, 0.0331434, 1.01819, 0.0402306, -0.287344, 0.0396607
235.957, 0.97416, -5761.56, 0.991153, -5761.7, 1.00394, -5761.99, -0.00121424, -0.00121423, -0.00121423, 0.0331434, 1.01819, 0.0402306, -0.287353, 0.0396628
236.001, 0.974173, -5762.69, 0.991167, -5762.83, 1.00395, -5763.12, -0.00121423, -0.00121423, -0.00121423, 0.0331434, 1.01819, 0.0402306, -0.287362, 0.0396642
236.001, 0.974173, -5762.69, 0.991167, -5762.83, 1.00395, -5763.12, -0.00121423, -0.00121423, -0.00121423, 0.0336291, 1.01819, 0.0402308, -0.287362, 0.0396642
236.051, 0.974189, -5764, 0.991183, -5764.14, 1.00397, -5764.43, -0.00121423, -0.00121423, -0.00121422, 0.0336291, 1.01819, 0.0402307, -0.287371, 0.0396773
236.101, 0.974204, -5765.3, 0.991198, -5765.44, 1.00398, -5765.73, -0.00119401, -0.001194, -0.001194, 0.0336291, 1.01819, 0.0402306, -0.28738, 0.0396896
236.152, 0.974218, -5766.59, 0.991213, -5766.73, 1.004, -5767.02, -0.00119399, -0.00119399, -0.00119399, 0.0336291, 1.01819, 0.0402307, -0.287388, 0.0397011
236.202, 0.974231, -5767.88, 0.991225, -5768.02, 1.00401, -5768.31, -0.001194, -0.00119401, -0.001194, 0.0336291, 1.01819, 0.0402306, -0.287397, 0.0397118
236.252, 0.974243, -5769.17, 0.991238, -5769.31, 1.00402, -5769.6, -0.001194, -0.001194, -0.001194, 0.0336291, 1.01819, 0.0402306, -0.287404, 0.0397218
236.303, 0.974256, -5770.46, 0.991251, -5770.6, 1.00404, -5770.89, -0.00119399, -0.001194, -0.00119399, 0.0336291, 1.01819, 0.0402306, -0.287412, 0.0397311
236.353, 0.974268, -5771.75, 0.991264, -5771.88, 1.00405, -5772.18, -0.00117579, -0.00117578, -0.00117578, 0.0336291, 1.01819, 0.0402307, -0.287418, 0.0397397
236.403, 0.974281, -5773.01, 0.991276, -5773.15, 1.00406, -5773.44, -0.00117376, -0.00117376, -0.00117375, 0.0336291, 1.01819, 0.0402306, -0.287426, 0.0397476
236.454, 0.974293, -5774.28, 0.991289, -5774.42, 1.00407, -5774.71, -0.00117376, -0.00117375, -0.00117374, 0.0336291, 1.01819, 0.0402306, -0.287434, 0.0397549
236.504, 0.974306, -5775.55, 0.991302, -5775.69, 1.00409, -5775.98, -0.00117376, -0.00117376, -0.00117376, 0.0336291, 1.01819, 0.0402307, -0.287441, 0.0397615
236.554, 0.974318, -5776.82, 0.991315, -5776.95, 1.0041, -5777.25, -0.00117376, -0.00117377, -0.00117376, 0.0336291, 1.01819, 0.0402306, -0.287449, 0.0397675
236.605, 0.974331, -5778.08, 0.991327, -5778.22, 1.00411, -5778.51, -0.00117377, -0.00117376, -0.00117375, 0.0336291, 1.01819, 0.0402307, -0.287456, 0.0397729
236.655, 0.974343, -5779.33, 0.99134, -5779.47, 1.00413, -5779.76, -0.00115353, -0.00115352, -0.00115354, 0.0336291, 1.01819, 0.0402305, -0.287464, 0.0397777
236.706, 0.974355, -5780.58, 0.991352, -5780.72, 1.00414, -5781.01, -0.00115353, -0.00115352, -0.00115351, 0.0336291, 1.01819, 0.0402309, -0.28747, 0.0397819
236.756, 0.974366, -5781.82, 0.991363, -5781.96, 1.00415, -5782.25, -0.001153, -0.00115298, -0.001153, 0.0336291, 1.01819, 0.0402307, -0.287477, 0.0397856
236.806, 0.974375, -5783.07, 0.991372, -5783.21, 1.00416, -5783.5, -0.00115354, -0.00115354, -0.00115353, 0.0336291, 1.01819, 0.0402307, -0.287483, 0.0397888
236.857, 0.974385, -5784.32, 0.991382, -5784.45, 1.00417, -5784.75, -0.00115353, -0.00115352, -0.0011535, 0.0336291, 1.01819, 0.0402306, -0.287488, 0.0397914
236.907, 0.974394, -5785.55, 0.991392, -5785.69, 1.00418, -5785.98, -0.00113333, -0.00113333, -0.00113331, 0.0336291, 1.01819, 0.0402306, -0.287494, 0.0397935
236.957, 0.974403, -5786.77, 0.991401, -5786.91, 1.00419, -5787.2, -0.00113331, -0.00113333, -0.00113329, 0.0336291, 1.01819, 0.040231, -0.2875, 0.0397952
237.001, 0.974411, -5787.83, 0.991409, -5787.96, 1.0042, -5788.26, -0.00113327, -0.00113329, -0.00113326, 0.0336291, 1.01819, 0.0402307, -0.287505, 0.0397962
237.001, 0.974411, -5787.83, 0.991409, -5787.96, 1.0042, -5788.26, -0.00113327, -0.00113329, -0.00113326, 0.0340824, 1.01819, 0.0402311, -0.287505, 0.0397962
237.051, 0.974421, -5789.05, 0.991419, -5789.19, 1.00421, -5789.48, -0.00113327, -0.00113326, -0.00113327, 0.0340824, 1.01819, 0.0402307, -0.28751, 0.0398081
237.101, 0.97443, -5790.28, 0.991428, -5790.41, 1.00422, -5790.7, -0.0011333, -0.00113331, -0.00113331, 0.0340824, 1.01819, 0.0402308, -0.287516, 0.0398192
237.152, 0.97444, -5791.5, 0.991438, -5791.64, 1.00423, -5791.93, -0.00113328, -0.0011333, -0.00113327, 0.0340824, 1.01819, 0.0402307, -0.287521, 0.0398296
237.202, 0.974449, -5792.7, 0.991448, -5792.84, 1.00424, -5793.13, -0.00111311, -0.00111309, -0.00111307, 0.0340824, 1.01819, 0.0402307, -0.287526, 0.0398392
237.252, 0.974458, -5793.9, 0.991457, -5794.04, 1.00424, -5794.33, -0.00111308, -0.00111306, -0.00111308, 0.0340824, 1.01819, 0.0402306, -0.287533, 0.0398482
237.303, 0.974468, -5795.11, 0.991467, -5795.24, 1.00425, -5795.53, -0.00111296, -0.00111296, -0.00111295, 0.0340824, 1.01819, 0.0402307, -0.287539, 0.0398564
237.353, 0.974477, -5796.31, 0.991476, -5796.44, 1.00426, -5796.74, -0.00111309, -0.00111308, -0.00111304, 0.0340824, 1.01819, 0.0402307, -0.287544, 0.0398639
237.403, 0.974486, -5797.51, 0.991486, -5797.65, 1.00427, -5797.94, -0.0011131, -0.00111308, -0.00111303, 0.0340824, 1.01819, 0.040231, -0.28755, 0.0398708
237.454, 0.974494, -5798.7, 0.991494, -5798.83, 1.00428, -5799.13, -0.00109279, -0.00109284, -0.0010928, 0.0340824, 1.01819, 0.040231, -0.287555, 0.039877
237.504, 0.974501, -5799.88, 0.9915, -5800.02, 1.00429, -5800.31, -0.00109286, -0.00109285, -0.00109281, 0.0340824, 1.01819, 0.0402308, -0.287558, 0.0398827
237.554, 0.974507, -5801.06, 0.991507, -5801.2, 1.00429, -5801.49, -0.00109285, -0.00109286, -0.00109283, 0.0340824, 1.01819, 0.0402308, -0.287562, 0.0398877
237.605, 0.974513, -5802.24, 0.991513, -5802.38, 1.0043, -5802.67, -0.00109282, -0.0010928, -0.00109277, 0.0340824, 1.01819, 0.0402311, -0.287566, 0.0398922
237.655, 0.974519, -5803.42, 0.991519, -5803.56, 1.00431, -5803.85, -0.00109281, -0.00109283, -0.00109284, 0.0340824, 1.01819, 0.040231, -0.287569, 0.0398961
237.706, 0.974526, -5804.59, 0.991526, -5804.73, 1.00431, -5805.02, -0.00107281, -0.00107281, -0.0010728, 0.0340824, 1.01819, 0.040231, -0.287573, 0.0398995
237.756, 0.974532, -5805.75, 0.991532, -5805.89, 1.00432, -5806.18, -0.00107261, -0.00107259, -0.00107256, 0.0340824, 1.01819, 0.0402308, -0.287576, 0.0399024
237.806, 0.974538, -5806.91, 0.991538, -5807.05, 1.00433, -5807.34, -0.00107261, -0.00107258, -0.00107259, 0.0340824, 1.01819, 0.0402304, -0.287581, 0.0399047
237.857, 0.974544, -5808.07, 0.991545, -5808.2, 1.00433, -5808.5, -0.00107254, -0.00107261, -0.00107258, 0.0340824, 1.01819, 0.0402307, -0.287584, 0.0399065
237.907, 0.974551, -5809.22, 0.991551, -5809.36, 1.00434, -5809.65, -0.00107261, -0.00107255, -0.00107259, 0.0340824, 1.01819, 0.0402304, -0.287588, 0.0399078
237.957, 0.974557, -5810.38, 0.991558, -5810.52, 1.00435, -5810.81, -0.00107258, -0.0010726, -0.00107259, 0.0340824, 1.01819, 0.0402308, -0.287592, 0.0399087
238.001, 0.974562, -5811.36, 0.991563, -5811.5, 1.00435, -5811.79, -0.00105235, -0.0010524, -0.00105236, 0.0340824, 1.01819, 0.0402309, -0.287595, 0.039909
238.001, 0.974562, -5811.36, 0.991563, -5811.5, 1.00435, -5811.79, -0.00105235, -0.0010524, -0.00105236, 0.0345033, 1.01819, 0.0402309, -0.287595, 0.0399091
238.051, 0.974569, -5812.5, 0.991569, -5812.64, 1.00436, -5812.93, -0.00105235, -0.00105237, -0.00105233, 0.0345033, 1.01819, 0.0402306, -0.287599, 0.0399194
238.101, 0.974575, -5813.63, 0.991576, -5813.77, 1.00437, -5814.06, -0.00105234, -0.0010523, -0.00105233, 0.0345033, 1.01819, 0.0402307, -0.287603, 0.039929
238.152, 0.974581, -5814.77, 0.991582, -5814.91, 1.00437, -5815.2, -0.00105233, -0.00105236, -0.00105233, 0.0345033, 1.01819, 0.0402307, -0.287606, 0.039938
238.202, 0.974587, -5815.91, 0.991589, -5816.05, 1.00438, -5816.34, -0.00105235, -0.00105234, -0.00105237, 0.0345033, 1.01819, 0.0402307, -0.28761, 0.0399462
238.252, 0.974593, -5817.04, 0.991595, -5817.17, 1.00438, -5817.47, -0.00103227, -0.00103225, -0.0010323, 0.0345033, 1.01819, 0.0402306, -0.287614, 0.0399537
238.303, 0.974598, -5818.15, 0.991599, -5818.29, 1.00439, -5818.58, -0.00103212, -0.00103215, -0.00103212, 0.0345033, 1.01819, 0.0402304, -0.287616, 0.0399606
238.353, 0.974601, -5819.27, 0.991602, -5819.4, 1.00439, -5819.7, -0.00103216, -0.0010321, -0.00103212, 0.0345033, 1.01819, 0.0402306, -0.287618, 0.0399668
238.403, 0.974604, -5820.38, 0.991605, -5820.52, 1.0044, -5820.81, -0.00103211, -0.00103207, -0.0010321, 0.0345033, 1.01819, 0.0402311, -0.28762, 0.0399724
238.454, 0.974607, -5821.5, 0.991609, -5821.63, 1.0044, -5821.92, -0.00103217, -0.00103213, -0.00103209, 0.0345033, 1.01819, 0.0402309, -0.287622, 0.0399774
238.504, 0.97461, -5822.61, 0.991612, -5822.75, 1.0044, -5823.04, -0.00103212, -0.00103212, -0.0010321, 0.0345033, 1.01819, 0.040231, -0.287623, 0.0399818
238.555, 0.974613, -5823.7, 0.991615, -5823.84, 1.00441, -5824.13, -0.00101185, -0.00101185, -0.00101183, 0.0345033, 1.01819, 0.0402306, -0.287626, 0.0399857
238.605, 0.974616, -5824.8, 0.991618, -5824.93, 1.00441, -5825.23, -0.00101188, -0.00101193, -0.00101183, 0.0345033, 1.01819, 0.0402307, -0.287627, 0.039989
238.655, 0.97462, -5825.89, 0.991621, -5826.03, 1.00441, -5826.32, -0.00101188, -0.0010119, -0.00101193, 0.0345033, 1.01819, 0.0402311, -0.28763, 0.0399918
238.706, 0.974623, -5826.98, 0.991625, -5827.12, 1.00441, -5827.41, -0.00101192, -0.00101188, -0.0010119, 0.0345033, 1.01819, 0.0402305, -0.287631, 0.0399941
238.756, 0.974626, -5828.07, 0.991628, -5828.21, 1.00442, -5828.5, -0.00101188, -0.00101187, -0.00101181, 0.0345033, 1.01819, 0.0402308, -0.287633, 0.0399959
238.806, 0.974629, -5829.16, 0.991631, -5829.29, 1.00442, -5829.59, -0.000991648, -0.000991603, -0.000991578, 0.0345033, 1.01819, 0.0402308, -0.287634, 0.0399971
238.857, 0.974632, -5830.23, 0.991634, -5830.36, 1.00442, -5830.66, -0.000991642, -0.000991642, -0.000991639, 0.0345033, 1.01819, 0.0402307, -0.287637, 0.039998
238.907, 0.974635, -5831.3, 0.991637, -5831.44, 1.00443, -5831.73, -0.000991642, -0.000991641, -0.000991641, 0.0345033, 1.01819, 0.0402308, -0.287639, 0.0399983
238.957, 0.974638, -5832.37, 0.99164, -5832.51, 1.00443, -5832.8, -0.000991674, -0.000991613, -0.00099163, 0.0345033, 1.01819, 0.040231, -0.287641, 0.0399982
239.001, 0.974641, -5833.29, 0.991643, -5833.43, 1.00443, -5833.72, -0.00099164, -0.000991563, -0.000991623, 0.0345033, 1.01819, 0.0402309, -0.287642, 0.0399978
239.001, 0.974641, -5833.29, 0.991643, -5833.43, 1.00443, -5833.72, -0.00099164, -0.000991563, -0.000991623, 0.0349, 1.01819, 0.0402309, -0.287642, 0.0399978
239.051, 0.974644, -5834.36, 0.991646, -5834.5, 1.00444, -5834.79, -0.000991609, -0.000991639, -0.000991629, 0.0349, 1.01819, 0.0402308, -0.287644, 0.0400066
239.101, 0.974647, -5835.41, 0.99165, -5835.55, 1.00444, -5835.84, -0.000971405, -0.000971431, -0.000971424, 0.0349, 1.01819, 0.0402308, -0.287646, 0.0400148
239.152, 0.97465, -5836.46, 0.991653, -5836.6, 1.00444, -5836.89, -0.000971403, -0.000971404, -0.000971404, 0.0349, 1.01819, 0.0402309, -0.287648, 0.0400223
239.202, 0.974652, -5837.51, 0.991655, -5837.65, 1.00445, -5837.94, -0.000971404, -0.000971404, -0.000971404, 0.0349, 1.01819, 0.0402309, -0.287649, 0.0400291
239.252, 0.974653, -5838.56, 0.991655, -5838.7, 1.00445, -5838.99, -0.000971404, -0.000971404, -0.000971404, 0.0349, 1.01819, 0.0402309, -0.287649, 0.0400353
239.303, 0.974653, -5839.61, 0.991655, -5839.75, 1.00445, -5840.04, -0.000971405, -0.000971404, -0.000971409, 0.0349, 1.01819, 0.0402309, -0.28765, 0.0400409
239.353, 0.974653, -5840.65, 0.991655, -5840.79, 1.00445, -5841.08, -0.000951548, -0.000951528, -0.000951528, 0.0349, 1.01819, 0.0402308, -0.287649, 0.0400458
239.403, 0.974653, -5841.68, 0.991655, -5841.82, 1.00445, -5842.11, -0.000951167, -0.000951167, -0.000951167, 0.0349, 1.01819, 0.0402307, -0.287649, 0.0400502
239.454, 0.974653, -5842.71, 0.991655, -5842.84, 1.00445, -5843.14, -0.000951172, -0.000951167, -0.000951167, 0.0349, 1.01819, 0.0402309, -0.287649, 0.0400541
239.504, 0.974653, -5843.73, 0.991655, -5843.87, 1.00445, -5844.16, -0.000951162, -0.000951162, -0.000951162, 0.0349, 1.01819, 0.0402309, -0.287649, 0.0400573
239.555, 0.974653, -5844.76, 0.991655, -5844.9, 1.00445, -5845.19, -0.000951167, -0.000951167, -0.000951167, 0.0349, 1.01819, 0.0402309, -0.28765, 0.0400601
239.605, 0.974653, -5845.79, 0.991655, -5845.93, 1.00445, -5846.22, -0.000951167, -0.000951167, -0.000951167, 0.0349, 1.01819, 0.0402308, -0.287649, 0.0400623
239.655, 0.974653, -5846.8, 0.991655, -5846.94, 1.00445, -5847.23, -0.00093093, -0.00093093, -0.00093093, 0.0349, 1.01819, 0.0402308, -0.287649, 0.0400641
239.706, 0.974653, -5847.8, 0.991655, -5847.94, 1.00445, -5848.23, -0.00093093, -0.00093093, -0.00093093, 0.0349, 1.01819, 0.0402309, -0.287649, 0.0400653
239.756, 0.974653, -5848.81, 0.991655, -5848.95, 1.00445, -5849.24, -0.00093093, -0.00093093, -0.00093093, 0.0349, 1.01819, 0.0402309, -0.287649, 0.0400661
239.806, 0.974653, -5849.82, 0.991655, -5849.95, 1.00445, -5850.25, -0.00093093, -0.00093093, -0.00093093, 0.0349, 1.01819, 0.0402309, -0.287649, 0.0400664
239.857, 0.974653, -5850.82, 0.991655, -5850.96, 1.00445, -5851.25, -0.00093093, -0.00093093, -0.00093093, 0.0349, 1.01819, 0.0402309, -0.287649, 0.0400662
239.907, 0.974653, -5851.83, 0.991655, -5851.96, 1.00445, -5852.25, -0.00092587, -0.00092587, -0.00092587, 0.0349, 1.01819, 0.0402309, -0.287649, 0.0400657
239.957, 0.974653, -5852.81, 0.991655, -5852.95, 1.00445, -5853.24, -0.000910692, -0.000910692, -0.000910692, 0.0349, 1.01819, 0.0402309, -0.287649, 0.0400647
240.001, 0.974653, -5853.66, 0.991655, -5853.79, 1.00445, -5854.08, -0.000910692, -0.000910692, -0.000910692, 0.0349, 1.01819, 0.0402308, -0.28765, 0.0400635
240.001, 0.974653, -5853.66, 0.991655, -5853.79, 1.00445, -5854.08, -0.000910692, -0.000910692, -0.000910692, 0.04, 1.01819, 0.040231, -0.28765, 0.0400635
240.051, 0.974653, -5854.64, 0.991655, -5854.78, 1.00445, -5855.07, -0.000906897, -0.000906897, -0.000906897, 0.04, 1.01819, 0.0402309, -0.287649, 0.0401874
240.101, 0.974653, -5855.62, 0.991655, -5855.76, 1.00445, -5856.05, -0.000910692, -0.000910692, -0.000910692, 0.04, 1.01819, 0.0402309, -0.287649, 0.0403071
240.152, 0.974653, -5856.61, 0.991655, -5856.74, 1.00445, -5857.03, -0.000910692, -0.000910692, -0.000910692, 0.04, 1.01819, 0.0402309, -0.287649, 0.040423
240.202, 0.974653, -5857.58, 0.991655, -5857.71, 1.00445, -5858, -0.000890459, -0.000890459, -0.000890459, 0.04, 1.01819, 0.0402309, -0.287649, 0.040535
240.252, 0.974653, -5858.54, 0.991655, -5858.67, 1.00445, -5858.97, -0.000890454, -0.000890454, -0.000890454, 0.04, 1.01819, 0.0402309, -0.287649, 0.0406434
240.303, 0.974653, -5859.5, 0.991655, -5859.64, 1.00445, -5859.93, -0.000890454, -0.000890454, -0.000890454, 0.04, 1.01819, 0.0402309, -0.287649, 0.0407483
240.353, 0.974653, -5860.46, 0.991655, -5860.6, 1.00445, -5860.89, -0.000890454, -0.000890454, -0.000890454, 0.04, 1.01819, 0.0402309, -0.287649, 0.0408497
240.404, 0.974653, -5861.41, 0.991655, -5861.55, 1.00445, -5861.84, -0.000870223, -0.000870223, -0.000870223, 0.04, 1.01819, 0.0402309, -0.287649, 0.0409478
240.454, 0.974653, -5862.35, 0.991655, -5862.49, 1.00445, -5862.78, -0.000870217, -0.000870217, -0.000870217, 0.04, 1.01819, 0.0402309, -0.287649, 0.0410428
240.504, 0.974653, -5863.29, 0.991655, -5863.43, 1.00445, -5863.72, -0.000870226, -0.000870217, -0.000870217, 0.04, 1.01819, 0.0402308, -0.28765, 0.0411346
240.555, 0.974654, -5864.23, 0.991657, -5864.36, 1.00445, -5864.66, -0.000853512, -0.000853581, -0.000853538, 0.04, 1.01819, 0.0402309, -0.28765, 0.0412234
240.605, 0.974657, -5865.14, 0.99166, -5865.28, 1.00445, -5865.57, -0.000849972, -0.000849973, -0.000849987, 0.04, 1.01819, 0.040231, -0.287652, 0.0413093
240.655, 0.974661, -5866.06, 0.991664, -5866.2, 1.00445, -5866.49, -0.000849929, -0.000849929, -0.0008499, 0.04, 1.01819, 0.0402306, -0.287655, 0.0413924
240.706, 0.974667, -5866.98, 0.99167, -5867.12, 1.00446, -5867.41, -0.000841179, -0.000841111, -0.000841116, 0.04, 1.01819, 0.0402308, -0.287658, 0.0414728
240.756, 0.974675, -5867.87, 0.991678, -5868.01, 1.00447, -5868.3, -0.000829731, -0.000829677, -0.000829736, 0.04, 1.01819, 0.0402309, -0.287663, 0.0415506
240.806, 0.974686, -5868.77, 0.991689, -5868.91, 1.00448, -5869.2, -0.000829733, -0.00082972, -0.000829733, 0.04, 1.01819, 0.0402308, -0.28767, 0.0416257
240.857, 0.9747, -5869.66, 0.991703, -5869.8, 1.00449, -5870.09, -0.00081101, -0.000810993, -0.000811004, 0.04, 1.01819, 0.0402309, -0.287678, 0.0416984
240.907, 0.974716, -5870.54, 0.99172, -5870.67, 1.00451, -5870.97, -0.000809513, -0.000809516, -0.000809514, 0.04, 1.01819, 0.0402309, -0.287687, 0.0417686
240.957, 0.974736, -5871.41, 0.99174, -5871.55, 1.00453, -5871.84, -0.000809454, -0.00080946, -0.000809397, 0.04, 1.01819, 0.0402309, -0.2877, 0.0418365
241.001, 0.974756, -5872.15, 0.99176, -5872.29, 1.00455, -5872.58, -0.00078937, -0.000789369, -0.000789312, 0.04, 1.01819, 0.040231, -0.287711, 0.041893
241.001, 0.974756, -5872.15, 0.99176, -5872.29, 1.00455, -5872.58, -0.00078937, -0.000789369, -0.000789312, 0.04, 1.01819, 0.040231, -0.287711, 0.0418932
241.051, 0.974782, -5873.01, 0.991787, -5873.14, 1.00458, -5873.44, -0.000786374, -0.000786358, -0.000786369, 0.04, 1.01819, 0.0402309, -0.287727, 0.0419566
241.101, 0.974811, -5873.86, 0.991816, -5874, 1.00461, -5874.29, -0.000789239, -0.000789239, -0.000789226, 0.04, 1.01819, 0.0402309, -0.287745, 0.0420181
241.152, 0.974843, -5874.69, 0.991849, -5874.83, 1.00464, -5875.12, -0.000769024, -0.000769019, -0.000768933, 0.04, 1.01819, 0.0402311, -0.287764, 0.0420774
241.202, 0.974879, -5875.52, 0.991886, -5875.66, 1.00468, -5875.95, -0.000768961, -0.000769011, -0.000768956, 0.04, 1.01819, 0.0402311, -0.287786, 0.0421346
241.252, 0.974918, -5876.35, 0.991925, -5876.48, 1.00472, -5876.78, -0.000748978, -0.000748827, -0.000748963, 0.04, 1.01819, 0.0402308, -0.287808, 0.0421899
241.303, 0.97496, -5877.15, 0.991968, -5877.29, 1.00476, -5877.58, -0.000747564, -0.000747564, -0.000747557, 0.04, 1.01819, 0.040231, -0.287833, 0.0422431
241.353, 0.975005, -5877.96, 0.992014, -5878.1, 1.00481, -5878.39, -0.000748774, -0.000748774, -0.000748655, 0.04, 1.01819, 0.0402308, -0.287861, 0.0422943
241.404, 0.975053, -5878.75, 0.992063, -5878.89, 1.00486, -5879.18, -0.000728391, -0.000728422, -0.000728371, 0.04, 1.01819, 0.040231, -0.287889, 0.0423437
241.454, 0.975104, -5879.54, 0.992114, -5879.67, 1.00491, -5879.97, -0.000728539, -0.000728536, -0.000728443, 0.04, 1.01819, 0.0402311, -0.28792, 0.0423913
241.504, 0.975158, -5880.31, 0.992169, -5880.45, 1.00497, -5880.74, -0.000708299, -0.000708144, -0.000708127, 0.04, 1.01819, 0.0402313, -0.287952, 0.042437
241.555, 0.975214, -5881.08, 0.992226, -5881.21, 1.00503, -5881.5, -0.000708126, -0.000708165, -0.000708115, 0.04, 1.01819, 0.040231, -0.287986, 0.042481
241.605, 0.975273, -5881.83, 0.992286, -5881.97, 1.00509, -5882.26, -0.000688209, -0.000688228, -0.0006882, 0.04, 1.01819, 0.0402311, -0.288021, 0.0425233
241.655, 0.975334, -5882.58, 0.992349, -5882.71, 1.00515, -5883, -0.000688064, -0.000688038, -0.000688123, 0.04, 1.01819, 0.0402316, -0.288058, 0.0425638
241.706, 0.975398, -5883.32, 0.992414, -5883.45, 1.00522, -5883.75, -0.000674208, -0.000674053, -0.000674151, 0.04, 1.01819, 0.0402317, -0.288096, 0.0426027
241.756, 0.975463, -5884.04, 0.99248, -5884.17, 1.00528, -5884.47, -0.00066781, -0.000667663, -0.000667775, 0.04, 1.01819, 0.0402309, -0.288135, 0.04264
241.806, 0.975531, -5884.76, 0.992549, -5884.9, 1.00535, -5885.19, -0.000667708, -0.000667779, -0.000667729, 0.04, 1.01819, 0.0402311, -0.288176, 0.0426757
241.857, 0.9756, -5885.46, 0.99262, -5885.6, 1.00542, -5885.89, -0.000647543, -0.000647559, -0.000647485, 0.04, 1.01819, 0.040231, -0.288218, 0.0427098
241.907, 0.975671, -5886.16, 0.992692, -5886.3, 1.0055, -5886.59, -0.000647479, -0.000647546, -0.000647505, 0.04, 1.01819, 0.0402312, -0.288261, 0.0427424
241.957, 0.975743, -5886.84, 0.992765, -5886.98, 1.00557, -5887.27, -0.000627321, -0.000627161, -0.000627156, 0.04, 1.01819, 0.0402316, -0.288303, 0.0427734
242.001, 0.975807, -5887.43, 0.99283, -5887.56, 1.00564, -5887.85, -0.000627294, -0.000627205, -0.000627151, 0.04, 1.01819, 0.0402317, -0.288342, 0.042799
242.001, 0.975807, -5887.43, 0.99283, -5887.56, 1.00564, -5887.85, -0.000627294, -0.000627205, -0.000627151, 0.04, 1.01819, 0.0402317, -0.288342, 0.0427992
242.051, 0.975881, -5888.09, 0.992905, -5888.23, 1.00571, -5888.52, -0.000607148, -0.000607089, -0.000607121, 0.04, 1.01819, 0.0402319, -0.288386, 0.0428273
242.101, 0.975956, -5888.75, 0.992982, -5888.89, 1.00579, -5889.18, -0.00060707, -0.000606943, -0.00060705, 0.04, 1.01819, 0.0402316, -0.288431, 0.0428542
242.152, 0.976031, -5889.4, 0.993058, -5889.54, 1.00587, -5889.83, -0.000587329, -0.000587321, -0.000587277, 0.04, 1.01819, 0.0402317, -0.288476, 0.0428797
242.202, 0.976106, -5890.03, 0.993135, -5890.17, 1.00595, -5890.46, -0.000586476, -0.000586366, -0.000586384, 0.04, 1.01819, 0.0402314, -0.288521, 0.0429039
242.253, 0.976181, -5890.66, 0.993211, -5890.8, 1.00602, -5891.09, -0.000569296, -0.000569304, -0.000569183, 0.04, 1.01819, 0.0402316, -0.288567, 0.0429267
242.303, 0.976256, -5891.27, 0.993288, -5891.41, 1.0061, -5891.7, -0.000566569, -0.000566508, -0.000566449, 0.04, 1.01819, 0.0402317, -0.288611, 0.0429481
242.353, 0.976332, -5891.88, 0.993364, -5892.02, 1.00618, -5892.31, -0.000561537, -0.000561532, -0.000561526, 0.04, 1.01819, 0.0402316, -0.288657, 0.0429683
242.404, 0.976407, -5892.48, 0.99344, -5892.61, 1.00626, -5892.9, -0.000546341, -0.000546271, -0.000546322, 0.04, 1.01819, 0.0402318, -0.288702, 0.0429872
242.454, 0.976482, -5893.06, 0.993517, -5893.2, 1.00633, -5893.49, -0.000546358, -0.000546211, -0.000546282, 0.04, 1.01819, 0.0402317, -0.288747, 0.0430048
242.504, 0.976557, -5893.63, 0.993593, -5893.77, 1.00641, -5894.06, -0.000526103, -0.000526063, -0.000526028, 0.04, 1.01819, 0.0402318, -0.288792, 0.0430212
242.555, 0.976629, -5894.2, 0.993667, -5894.34, 1.00649, -5894.63, -0.000526079, -0.000526112, -0.00052611, 0.04, 1.01819, 0.0402322, -0.288836, 0.0430364
242.605, 0.976702, -5894.75, 0.993741, -5894.89, 1.00656, -5895.18, -0.000505768, -0.000505737, -0.000505745, 0.04, 1.01819, 0.0402317, -0.28888, 0.0430503
242.655, 0.976773, -5895.3, 0.993814, -5895.44, 1.00664, -5895.73, -0.000505741, -0.000505743, -0.000505852, 0.04, 1.01819, 0.0402316, -0.288922, 0.0430631
242.706, 0.976843, -5895.83, 0.993884, -5895.97, 1.00671, -5896.26, -0.000485605, -0.000485708, -0.000485599, 0.04, 1.01819, 0.0402319, -0.288964, 0.0430748
242.756, 0.976911, -5896.36, 0.993954, -5896.49, 1.00678, -5896.78, -0.000485658, -0.000485485, -0.000485589, 0.04, 1.01819, 0.0402319, -0.289005, 0.0430853
242.806, 0.976977, -5896.87, 0.994021, -5897, 1.00685, -5897.29, -0.000465455, -0.00046534, -0.000465284, 0.04, 1.01819, 0.0402322, -0.289045, 0.0430947
242.857, 0.977041, -5897.37, 0.994086, -5897.51, 1.00691, -5897.8, -0.000465277, -0.000465398, -0.000465343, 0.04, 1.01819, 0.0402324, -0.289083, 0.043103
242.907, 0.977103, -5897.86, 0.994149, -5898, 1.00698, -5898.29, -0.000445235, -0.00044523, -0.000445159, 0.04, 1.01819, 0.0402322, -0.28912, 0.0431102
242.957, 0.977162, -5898.34, 0.99421, -5898.48, 1.00704, -5898.77, -0.000445125, -0.00044515, -0.000445035, 0.04, 1.01819, 0.0402318, -0.289156, 0.0431164
243.001, 0.977212, -5898.75, 0.99426, -5898.89, 1.00709, -5899.18, -0.00042752, -0.000427559, -0.000427546, 0.04, 1.01819, 0.0402319, -0.289186, 0.0431209
243.001, 0.977212, -5898.75, 0.99426, -5898.89, 1.00709, -5899.18, -0.00042752, -0.000427559, -0.000427546, 0.04, 1.01819, 0.0402326, -0.289186, 0.043121
243.051, 0.977266, -5899.21, 0.994316, -5899.35, 1.00714, -5899.64, -0.000422203, -0.000422064, -0.000422021, 0.04, 1.01819, 0.0402325, -0.289219, 0.0431251
243.101, 0.977318, -5899.67, 0.994369, -5899.81, 1.0072, -5900.1, -0.000425036, -0.000424934, -0.000424947, 0.04, 1.01819, 0.0402319, -0.28925, 0.0431284
243.152, 0.977368, -5900.11, 0.994419, -5900.24, 1.00725, -5900.54, -0.000404736, -0.000404784, -0.00040472, 0.04, 1.01819, 0.0402322, -0.28928, 0.0431307
243.202, 0.977414, -5900.54, 0.994466, -5900.68, 1.0073, -5900.97, -0.000404653, -0.000404683, -0.000404696, 0.04, 1.01819, 0.0402321, -0.289308, 0.043132
243.253, 0.977458, -5900.96, 0.994511, -5901.1, 1.00734, -5901.39, -0.000384475, -0.000384458, -0.000384334, 0.04, 1.01819, 0.040232, -0.289334, 0.0431323
243.303, 0.977498, -5901.38, 0.994552, -5901.52, 1.00738, -5901.81, -0.000384439, -0.000384422, -0.000384372, 0.04, 1.01819, 0.0402318, -0.289358, 0.0431317
243.353, 0.977535, -5901.78, 0.99459, -5901.92, 1.00742, -5902.21, -0.000364262, -0.00036425, -0.000364237, 0.04, 1.01819, 0.0402323, -0.28938, 0.0431302
243.404, 0.977569, -5902.17, 0.994624, -5902.31, 1.00746, -5902.6, -0.000364147, -0.000364248, -0.000364216, 0.04, 1.01819, 0.0402323, -0.289401, 0.0431278
243.454, 0.9776, -5902.56, 0.994655, -5902.69, 1.00749, -5902.98, -0.000344084, -0.000344084, -0.000344075, 0.04, 1.01819, 0.0402321, -0.289419, 0.0431246
243.504, 0.977627, -5902.93, 0.994683, -5903.06, 1.00752, -5903.35, -0.000343936, -0.000343812, -0.000343944, 0.04, 1.01819, 0.0402322, -0.289436, 0.0431204
243.555, 0.977651, -5903.29, 0.994707, -5903.43, 1.00754, -5903.72, -0.00032536, -0.000325317, -0.000325248, 0.04, 1.01819, 0.0402321, -0.28945, 0.0431154
243.605, 0.977671, -5903.64, 0.994727, -5903.78, 1.00756, -5904.07, -0.000323801, -0.000323781, -0.000323788, 0.04, 1.01819, 0.0402322, -0.289462, 0.0431096
243.655, 0.977687, -5903.99, 0.994744, -5904.13, 1.00758, -5904.42, -0.000323798, -0.000323773, -0.0003238, 0.04, 1.01819, 0.0402324, -0.289472, 0.043103
243.706, 0.9777, -5904.32, 0.994757, -5904.46, 1.00759, -5904.75, -0.000303564, -0.000303573, -0.000303573, 0.04, 1.01819, 0.0402322, -0.28948, 0.0430956
243.756, 0.97771, -5904.65, 0.994767, -5904.79, 1.0076, -5905.08, -0.000303564, -0.000303649, -0.000303556, 0.04, 1.01819, 0.0402327, -0.289486, 0.0430873
243.806, 0.977716, -5904.96, 0.994773, -5905.1, 1.00761, -5905.39, -0.000283329, -0.000283342, -0.000283295, 0.04, 1.01819, 0.0402323, -0.289489, 0.0430784
243.857, 0.977718, -5905.27, 0.994776, -5905.41, 1.00761, -5905.7, -0.000283327, -0.000283326, -0.000283327, 0.04, 1.01819, 0.0402324, -0.289491, 0.0430686
243.907, 0.977717, -5905.57, 0.994775, -5905.71, 1.00761, -5906, -0.0002633, -0.000263437, -0.000263465, 0.04, 1.01819, 0.0402322, -0.28949, 0.0430582
243.958, 0.977713, -5905.85, 0.99477, -5905.99, 1.00761, -5906.28, -0.000260954, -0.000260991, -0.000261021, 0.04, 1.01819, 0.0402327, -0.289492, 0.043047
244.001, 0.977705, -5906.1, 0.994763, -5906.23, 1.0076, -5906.53, -0.000263144, -0.00026323, -0.000263089, 0.04, 1.01819, 0.040232, -0.289483, 0.0430368
244.001, 0.977705, -5906.1, 0.994763, -5906.23, 1.0076, -5906.53, -0.000263144, -0.00026323, -0.000263089, 0.04, 1.01819, 0.040232, -0.289483, 0.0430369
244.051, 0.977694, -5906.37, 0.994752, -5906.5, 1.00759, -5906.79, -0.000242903, -0.00024286, -0.000242813, 0.04, 1.01819, 0.0402325, -0.28948, 0.0430243
244.102, 0.97768, -5906.63, 0.994737, -5906.76, 1.00757, -5907.05, -0.000242854, -0.000242911, -0.000242822, 0.04, 1.01819, 0.040233, -0.289471, 0.0430112
244.152, 0.977661, -5906.88, 0.994718, -5907.02, 1.00755, -5907.31, -0.000222847, -0.000222952, -0.000222842, 0.04, 1.01819, 0.0402326, -0.28946, 0.0429974
244.202, 0.97764, -5907.12, 0.994696, -5907.26, 1.00753, -5907.55, -0.000221041, -0.000221027, -0.000221029, 0.04, 1.01819, 0.0402324, -0.289446, 0.042983
244.253, 0.977615, -5907.36, 0.994671, -5907.5, 1.00751, -5907.79, -0.000222673, -0.000222717, -0.000222776, 0.04, 1.01819, 0.0402323, -0.289432, 0.0429679
244.303, 0.977587, -5907.58, 0.994642, -5907.72, 1.00748, -5908.01, -0.000202338, -0.000202474, -0.000202344, 0.04, 1.01819, 0.0402324, -0.289414, 0.0429522
244.353, 0.977555, -5907.8, 0.99461, -5907.94, 1.00744, -5908.23, -0.000202383, -0.000202401, -0.000202477, 0.04, 1.01819, 0.0402327, -0.289395, 0.0429359
244.404, 0.977521, -5908.02, 0.994575, -5908.15, 1.00741, -5908.44, -0.000182418, -0.000182462, -0.000182379, 0.04, 1.01819, 0.040233, -0.289374, 0.0429191
244.454, 0.977483, -5908.21, 0.994536, -5908.35, 1.00737, -5908.64, -0.000177025, -0.000177108, -0.000177163, 0.04, 1.01819, 0.0402326, -0.289352, 0.0429016
244.504, 0.977442, -5908.41, 0.994495, -5908.54, 1.00733, -5908.84, -0.000182262, -0.000182231, -0.000182265, 0.04, 1.01819, 0.0402325, -0.289328, 0.0428836
244.555, 0.977399, -5908.59, 0.99445, -5908.73, 1.00728, -5909.02, -0.000161918, -0.000162079, -0.000162013, 0.04, 1.01819, 0.0402321, -0.289301, 0.0428651
244.605, 0.977352, -5908.76, 0.994403, -5908.9, 1.00723, -5909.19, -0.000162069, -0.000162072, -0.000162114, 0.04, 1.01819, 0.0402324, -0.289272, 0.0428461
244.655, 0.977303, -5908.94, 0.994353, -5909.07, 1.00718, -5909.37, -0.000156881, -0.000156874, -0.000156879, 0.04, 1.01819, 0.0402327, -0.289243, 0.0428266
244.706, 0.977251, -5909.09, 0.994301, -5909.23, 1.00713, -5909.52, -0.000141577, -0.000141634, -0.000141683, 0.04, 1.01819, 0.0402322, -0.289211, 0.0428065
244.756, 0.977197, -5909.24, 0.994245, -5909.38, 1.00707, -5909.67, -0.000141672, -0.000141761, -0.000141721, 0.04, 1.01819, 0.040232, -0.289179, 0.042786
244.806, 0.97714, -5909.39, 0.994188, -5909.53, 1.00702, -5909.82, -0.000121984, -0.000121964, -0.000121965, 0.04, 1.01819, 0.0402323, -0.289145, 0.042765
244.857, 0.977082, -5909.52, 0.994128, -5909.66, 1.00695, -5909.95, -0.000121458, -0.000121562, -0.000121609, 0.04, 1.01819, 0.0402322, -0.28911, 0.0427436
244.907, 0.97702, -5909.65, 0.994065, -5909.79, 1.00689, -5910.08, -0.000121524, -0.000121603, -0.000121625, 0.04, 1.01819, 0.0402321, -0.289072, 0.0427217
244.958, 0.976957, -5909.77, 0.994001, -5909.91, 1.00683, -5910.2, -0.000101184, -0.000101349, -0.000101297, 0.04, 1.01819, 0.0402318, -0.289034, 0.0426994
245.001, 0.976901, -5909.87, 0.993944, -5910.01, 1.00677, -5910.3, -0.000101285, -0.000101288, -0.00010125, 0.04, 1.01819, 0.0402325, -0.289001, 0.0426799
245.001, 0.976901, -5909.87, 0.993944, -5910.01, 1.00677, -5910.3, -0.000101285, -0.000101288, -0.00010125, 0.04, 1.01819, 0.040232, -0.288999, 0.0426799
245.051, 0.976834, -5909.98, 0.993875, -5910.11, 1.0067, -5910.41, -0.000101266, -0.000101215, -0.000101299, 0.04, 1.01819, 0.040232, -0.28896, 0.0426569
245.102, 0.976765, -5910.08, 0.993805, -5910.22, 1.00663, -5910.51, -8.12741e-05, -8.13034e-05, -8.13698e-05, 0.04, 1.01819, 0.0402319, -0.288918, 0.0426334
245.152, 0.976694, -5910.17, 0.993733, -5910.3, 1.00655, -5910.6, -8.10813e-05, -8.10154e-05, -8.10783e-05, 0.04, 1.01819, 0.0402319, -0.288876, 0.0426096
245.202, 0.976622, -5910.25, 0.99366, -5910.39, 1.00648, -5910.68, -8.0981e-05, -8.10108e-05, -8.10175e-05, 0.04, 1.01819, 0.0402324, -0.288833, 0.0425854
245.253, 0.976548, -5910.34, 0.993585, -5910.47, 1.0064, -5910.77, -6.16094e-05, -6.16032e-05, -6.17633e-05, 0.04, 1.01819, 0.0402319, -0.288787, 0.0425609
245.303, 0.976473, -5910.4, 0.993508, -5910.54, 1.00633, -5910.83, -6.07686e-05, -6.0817e-05, -6.0766e-05, 0.04, 1.01819, 0.0402316, -0.288743, 0.0425361
245.353, 0.976396, -5910.47, 0.99343, -5910.61, 1.00625, -5910.9, -6.07675e-05, -6.0874e-05, -6.09335e-05, 0.04, 1.01819, 0.0402322, -0.288697, 0.0425109
245.404, 0.976319, -5910.53, 0.993351, -5910.67, 1.00617, -5910.96, -6.08954e-05, -6.08759e-05, -6.08823e-05, 0.04, 1.01819, 0.040232, -0.28865, 0.0424855
245.454, 0.97624, -5910.58, 0.993271, -5910.71, 1.00609, -5911.01, -4.0628e-05, -4.05506e-05, -4.0594e-05, 0.04, 1.01819, 0.0402317, -0.288603, 0.0424597
245.504, 0.976161, -5910.62, 0.99319, -5910.76, 1.006, -5911.05, -4.05497e-05, -4.05367e-05, -4.0723e-05, 0.04, 1.01819, 0.0402318, -0.288554, 0.0424337
245.555, 0.97608, -5910.67, 0.993108, -5910.8, 1.00592, -5911.09, -4.04628e-05, -4.05142e-05, -4.06025e-05, 0.04, 1.01819, 0.0402319, -0.288507, 0.0424074
245.605, 0.975998, -5910.7, 0.993025, -5910.83, 1.00584, -5911.12, -2.03267e-05, -2.03875e-05, -2.04133e-05, 0.04, 1.01819, 0.0402318, -0.288457, 0.0423808
245.655, 0.975917, -5910.72, 0.992942, -5910.85, 1.00575, -5911.15, -2.03456e-05, -2.03241e-05, -2.03093e-05, 0.04, 1.01819, 0.0402315, -0.288408, 0.042354
245.706, 0.975836, -5910.74, 0.992859, -5910.88, 1.00567, -5911.17, -2.02939e-05, -2.0347e-05, -2.03664e-05, 0.04, 1.01819, 0.0402316, -0.288359, 0.042327
245.756, 0.975752, -5910.76, 0.992775, -5910.9, 1.00558, -5911.19, -2.0331e-05, -2.04419e-05, -2.03648e-05, 0.04, 1.01819, 0.0402317, -0.288309, 0.0422997
245.807, 0.975668, -5910.76, 0.992689, -5910.9, 1.00549, -5911.19, -1.03995e-07, -8.3267e-08, -9.53859e-08, 0.04, 1.01819, 0.0402315, -0.288259, 0.0422723
245.857, 0.975584, -5910.76, 0.992603, -5910.9, 1.00541, -5911.19, -1.43255e-07, -1.46274e-07, -2.3655e-07, 0.04, 1.01819, 0.0402312, -0.288207, 0.0422446
245.907, 0.975499, -5910.76, 0.992517, -5910.9, 1.00532, -5911.19, -1.5253e-07, -4.77205e-08, -1.86043e-07, 0.04, 1.01819, 0.040231, -0.288157, 0.0422168
245.958, 0.975415, -5910.76, 0.992431, -5910.89, 1.00523, -5911.19, 1.86905e-05, 1.86253e-05, 1.85841e-05, 0.04, 1.01819, 0.0402312, -0.288106, 0.0421888
246.001, 0.975342, -5910.74, 0.992357, -5910.88, 1.00516, -5911.17, 2.01624e-05, 2.01554e-05, 1.99819e-05, 0.04, 1.01819, 0.0402311, -0.288063, 0.0421645
246.001, 0.975342, -5910.74, 0.992357, -5910.88, 1.00516, -5911.17, 2.01624e-05, 2.01554e-05, 1.99819e-05, 0.04, 1.01819, 0.0402311, -0.288063, 0.0421645
246.051, 0.975258, -5910.72, 0.992271, -5910.85, 1.00507, -5911.14, 2.01602e-05, 2.00839e-05, 2.01513e-05, 0.04, 1.01819, 0.0402312, -0.288011, 0.0421362
246.102, 0.975173, -5910.69, 0.992185, -5910.83, 1.00498, -5911.12, 2.016e-05, 2.01752e-05, 2.00245e-05, 0.04, 1.01819, 0.0402312, -0.287961, 0.0421078
246.152, 0.97509, -5910.67, 0.9921, -5910.81, 1.0049, -5911.1, 2.0153e-05, 2.01452e-05, 2.00779e-05, 0.04, 1.01819, 0.0402312, -0.287911, 0.0420792
246.202, 0.975008, -5910.63, 0.992017, -5910.77, 1.00481, -5911.06, 4.04422e-05, 4.04138e-05, 4.04474e-05, 0.04, 1.01819, 0.0402315, -0.287862, 0.0420505
246.253, 0.974926, -5910.59, 0.991934, -5910.72, 1.00473, -5911.02, 4.0257e-05, 4.02873e-05, 4.02401e-05, 0.04, 1.01819, 0.040231, -0.287813, 0.0420217
246.303, 0.974845, -5910.54, 0.99185, -5910.68, 1.00464, -5910.97, 4.03634e-05, 4.03564e-05, 4.03837e-05, 0.04, 1.01819, 0.0402313, -0.287764, 0.0419928
246.353, 0.974763, -5910.5, 0.991767, -5910.64, 1.00456, -5910.93, 4.04496e-05, 4.03969e-05, 4.03779e-05, 0.04, 1.01819, 0.0402311, -0.287715, 0.0419638
246.404, 0.974681, -5910.45, 0.991684, -5910.58, 1.00448, -5910.88, 6.05871e-05, 6.05225e-05, 6.05218e-05, 0.04, 1.01819, 0.0402308, -0.287666, 0.0419347
246.454, 0.974602, -5910.38, 0.991603, -5910.52, 1.00439, -5910.81, 6.05292e-05, 6.05583e-05, 6.04877e-05, 0.04, 1.01819, 0.0402305, -0.287617, 0.0419056
246.504, 0.974523, -5910.32, 0.991523, -5910.45, 1.00431, -5910.74, 6.06106e-05, 6.05272e-05, 6.05855e-05, 0.04, 1.01819, 0.0402308, -0.287571, 0.0418764
246.555, 0.974445, -5910.25, 0.991443, -5910.39, 1.00423, -5910.68, 6.06785e-05, 6.05665e-05, 6.06418e-05, 0.04, 1.01819, 0.0402311, -0.287523, 0.0418471
246.605, 0.974366, -5910.18, 0.991363, -5910.32, 1.00415, -5910.61, 6.05765e-05, 6.05217e-05, 6.05517e-05, 0.04, 1.01819, 0.0402309, -0.287477, 0.0418178
246.655, 0.97429, -5910.11, 0.991286, -5910.25, 1.00407, -5910.54, 8.07656e-05, 8.07077e-05, 8.07359e-05, 0.04, 1.01819, 0.0402308, -0.287431, 0.0417885
246.706, 0.974214, -5910.02, 0.991209, -5910.16, 1.00399, -5910.45, 8.08729e-05, 8.08693e-05, 8.08444e-05, 0.04, 1.01819, 0.0402305, -0.287384, 0.0417592
246.756, 0.974139, -5909.94, 0.991132, -5910.07, 1.00391, -5910.36, 8.09029e-05, 8.08408e-05, 8.08216e-05, 0.04, 1.01819, 0.0402307, -0.28734, 0.0417298
246.807, 0.974065, -5909.85, 0.991056, -5909.99, 1.00384, -5910.28, 8.08885e-05, 8.0905e-05, 8.07404e-05, 0.04, 1.01819, 0.0402305, -0.287295, 0.0417005
246.857, 0.973992, -5909.76, 0.990983, -5909.9, 1.00376, -5910.19, 8.08756e-05, 8.07879e-05, 8.08561e-05, 0.04, 1.01819, 0.0402308, -0.287252, 0.0416711
246.907, 0.97392, -5909.67, 0.990909, -5909.81, 1.00369, -5910.1, 8.08665e-05, 8.08649e-05, 8.07949e-05, 0.04, 1.01819, 0.0402307, -0.287209, 0.0416418
246.958, 0.97385, -5909.57, 0.990837, -5909.71, 1.00362, -5910, 0.000101206, 0.000101125, 0.000101111, 0.04, 1.01819, 0.0402305, -0.287166, 0.0416125
247.001, 0.97379, -5909.48, 0.990776, -5909.61, 1.00355, -5909.91, 0.000101131, 0.000101055, 0.000100981, 0.04, 1.01819, 0.0402307, -0.287131, 0.0415873
247.001, 0.97379, -5909.48, 0.990777, -5909.61, 1.00355, -5909.91, 0.000101131, 0.000101055, 0.000100981, 0.04, 1.01819, 0.0402312, -0.287132, 0.0415872
247.051, 0.97372, -5909.37, 0.990706, -5909.51, 1.00348, -5909.8, 0.000101012, 0.00010105, 0.000101033, 0.04, 1.01819, 0.0402302, -0.287089, 0.041558
247.102, 0.973654, -5909.26, 0.990638, -5909.4, 1.00341, -5909.69, 0.000101182, 0.000101291, 0.000101239, 0.04, 1.01819, 0.0402304, -0.287049, 0.0415289
247.152, 0.973587, -5909.15, 0.99057, -5909.29, 1.00335, -5909.58, 0.000101146, 0.000101142, 0.000101106, 0.04, 1.01819, 0.0402301, -0.287009, 0.0414997
247.202, 0.973522, -5909.04, 0.990504, -5909.18, 1.00328, -5909.47, 0.000100999, 0.000101081, 0.000101065, 0.04, 1.01819, 0.0402298, -0.28697, 0.0414707
247.253, 0.973459, -5908.93, 0.99044, -5909.07, 1.00321, -5909.36, 0.000101165, 0.000101127, 0.000101095, 0.04, 1.01819, 0.0402302, -0.286933, 0.0414417
247.303, 0.973396, -5908.81, 0.990375, -5908.94, 1.00315, -5909.24, 0.000121394, 0.00012137, 0.000121359, 0.04, 1.01819, 0.0402298, -0.286894, 0.0414127
247.353, 0.973335, -5908.67, 0.990314, -5908.81, 1.00308, -5909.1, 0.000121371, 0.000121369, 0.000121361, 0.04, 1.01819, 0.0402302, -0.286858, 0.0413839
247.404, 0.973275, -5908.54, 0.990253, -5908.68, 1.00302, -5908.97, 0.000121348, 0.000121382, 0.000121316, 0.04, 1.01819, 0.0402302, -0.286822, 0.0413552
247.454, 0.973217, -5908.41, 0.990193, -5908.55, 1.00296, -5908.84, 0.000121395, 0.000121349, 0.000121391, 0.04, 1.01819, 0.04023, -0.286787, 0.0413266
247.504, 0.97316, -5908.28, 0.990135, -5908.42, 1.0029, -5908.71, 0.0001213, 0.00012125, 0.000121316, 0.04, 1.01819, 0.0402302, -0.286753, 0.041298
247.555, 0.973103, -5908.15, 0.990077, -5908.29, 1.00284, -5908.58, 0.000121326, 0.000121325, 0.00012132, 0.04, 1.01819, 0.04023, -0.286718, 0.0412696
247.605, 0.973049, -5908.02, 0.990022, -5908.16, 1.00279, -5908.45, 0.000121396, 0.000121385, 0.000121361, 0.04, 1.01819, 0.0402303, -0.286687, 0.0412413
247.656, 0.972995, -5907.89, 0.989967, -5908.03, 1.00273, -5908.32, 0.000121403, 0.000121472, 0.000121341, 0.04, 1.01819, 0.0402303, -0.286654, 0.0412131
247.706, 0.972943, -5907.76, 0.989915, -5907.89, 1.00268, -5908.19, 0.000121403, 0.00012132, 0.000121274, 0.04, 1.01819, 0.0402305, -0.286623, 0.0411851
247.756, 0.972893, -5907.61, 0.989863, -5907.74, 1.00263, -5908.04, 0.000141624, 0.000141644, 0.00014156, 0.04, 1.01819, 0.0402301, -0.286593, 0.0411572
247.807, 0.972843, -5907.45, 0.989813, -5907.59, 1.00258, -5907.88, 0.000141563, 0.00014161, 0.000141605, 0.04, 1.01819, 0.0402301, -0.286563, 0.0411295
247.857, 0.972795, -5907.3, 0.989764, -5907.44, 1.00253, -5907.73, 0.000141651, 0.000141492, 0.000141618, 0.04, 1.01819, 0.0402297, -0.286534, 0.0411019
247.907, 0.972748, -5907.15, 0.989716, -5907.28, 1.00248, -5907.58, 0.000141539, 0.000141592, 0.000141607, 0.04, 1.01819, 0.0402302, -0.286506, 0.0410745
247.958, 0.972703, -5906.99, 0.98967, -5907.13, 1.00243, -5907.42, 0.000141641, 0.000141646, 0.000141537, 0.04, 1.01819, 0.0402298, -0.286479, 0.0410472
248.001, 0.972664, -5906.86, 0.989631, -5907, 1.00239, -5907.29, 0.00014154, 0.000141537, 0.00014162, 0.04, 1.01819, 0.0402301, -0.286456, 0.0410239
248.001, 0.972665, -5906.86, 0.989631, -5907, 1.00239, -5907.29, 0.00014154, 0.000141537, 0.00014162, 0.04, 1.01819, 0.0402295, -0.286458, 0.0410238
248.051, 0.972621, -5906.71, 0.989587, -5906.85, 1.00235, -5907.14, 0.000141611, 0.000141568, 0.000141532, 0.04, 1.01819, 0.0402295, -0.28643, 0.040997
248.102, 0.97258, -5906.56, 0.989545, -5906.69, 1.0023, -5906.99, 0.000141581, 0.000141498, 0.000141554, 0.04, 1.01819, 0.0402295, -0.286405, 0.0409702
248.152, 0.972539, -5906.4, 0.989503, -5906.54, 1.00226, -5906.83, 0.000141595, 0.000141642, 0.000141591, 0.04, 1.01819, 0.0402294, -0.286381, 0.0409436
248.202, 0.9725, -5906.25, 0.989463, -5906.39, 1.00222, -5906.68, 0.0001415, 0.000141606, 0.000141493, 0.04, 1.01819, 0.0402294, -0.286357, 0.0409172
248.253, 0.972461, -5906.1, 0.989424, -5906.23, 1.00218, -5906.53, 0.000141623, 0.000141644, 0.000141619, 0.04, 1.01819, 0.0402296, -0.286334, 0.040891
248.303, 0.972424, -5905.94, 0.989387, -5906.08, 1.00214, -5906.37, 0.000141525, 0.000141522, 0.00014152, 0.04, 1.01819, 0.0402297, -0.286312, 0.040865
248.353, 0.972389, -5905.79, 0.98935, -5905.93, 1.00211, -5906.22, 0.000141647, 0.000141585, 0.000141583, 0.04, 1.01819, 0.0402295, -0.286291, 0.0408392
248.404, 0.972354, -5905.64, 0.989315, -5905.78, 1.00207, -5906.07, 0.000141655, 0.000141572, 0.000141622, 0.04, 1.01819, 0.0402296, -0.28627, 0.0408136
248.454, 0.972321, -5905.48, 0.989281, -5905.62, 1.00204, -5905.92, 0.000141683, 0.000141683, 0.000141594, 0.04, 1.01819, 0.0402296, -0.28625, 0.0407883
248.504, 0.972289, -5905.31, 0.989248, -5905.45, 1.002, -5905.75, 0.000161781, 0.00016173, 0.000161802, 0.04, 1.01819, 0.0402297, -0.286231, 0.0407632
248.555, 0.972257, -5905.14, 0.989216, -5905.28, 1.00197, -5905.57, 0.000161809, 0.000161877, 0.000161877, 0.04, 1.01819, 0.0402298, -0.286212, 0.0407382
248.605, 0.972228, -5904.96, 0.989186, -5905.1, 1.00194, -5905.4, 0.000161898, 0.000161937, 0.000161778, 0.04, 1.01819, 0.0402298, -0.286194, 0.0407135
248.656, 0.972199, -5904.79, 0.989157, -5904.93, 1.00191, -5905.22, 0.00016189, 0.000161858, 0.000161844, 0.04, 1.01819, 0.0402294, -0.286177, 0.0406891
248.706, 0.972171, -5904.61, 0.989128, -5904.75, 1.00188, -5905.05, 0.000161878, 0.000161889, 0.000161878, 0.04, 1.01819, 0.0402298, -0.286161, 0.0406649
248.756, 0.972144, -5904.44, 0.989101, -5904.58, 1.00185, -5904.87, 0.000161898, 0.000161897, 0.00016182, 0.04, 1.01819, 0.0402294, -0.286144, 0.0406409
248.807, 0.972119, -5904.27, 0.989076, -5904.4, 1.00183, -5904.7, 0.00016188, 0.000161893, 0.000161795, 0.04, 1.01819, 0.0402297, -0.28613, 0.0406171
248.857, 0.972094, -5904.09, 0.98905, -5904.23, 1.0018, -5904.52, 0.000161898, 0.00016189, 0.000161896, 0.04, 1.01819, 0.0402298, -0.286114, 0.0405936
248.907, 0.972071, -5903.92, 0.989026, -5904.05, 1.00178, -5904.35, 0.000161742, 0.000161834, 0.000161849, 0.04, 1.01819, 0.0402296, -0.2861, 0.0405704
248.958, 0.972048, -5903.74, 0.989004, -5903.88, 1.00176, -5904.17, 0.000161828, 0.000161899, 0.000161885, 0.04, 1.01819, 0.0402295, -0.286087, 0.0405474
249.001, 0.97203, -5903.59, 0.988985, -5903.73, 1.00174, -5904.02, 0.00016194, 0.000161962, 0.000161816, 0.04, 1.01819, 0.0402296, -0.286075, 0.0405278
249.001, 0.97203, -5903.59, 0.988985, -5903.73, 1.00174, -5904.02, 0.00016194, 0.000161962, 0.000161816, 0.04, 1.01819, 0.0402295, -0.286078, 0.0405277
249.051, 0.972009, -5903.42, 0.988963, -5903.55, 1.00171, -5903.85, 0.000161913, 0.000161887, 0.000161868, 0.04, 1.01819, 0.0402295, -0.286064, 0.0405053
249.102, 0.971989, -5903.24, 0.988943, -5903.38, 1.00169, -5903.67, 0.00016194, 0.000161938, 0.000161857, 0.04, 1.01819, 0.0402296, -0.286052, 0.040483
249.152, 0.97197, -5903.07, 0.988924, -5903.2, 1.00168, -5903.5, 0.000161897, 0.000161904, 0.000161797, 0.04, 1.01819, 0.0402294, -0.28604, 0.040461
249.202, 0.971952, -5902.89, 0.988906, -5903.03, 1.00166, -5903.32, 0.000161878, 0.000161794, 0.000161897, 0.04, 1.01819, 0.0402295, -0.28603, 0.0404392
249.253, 0.971936, -5902.72, 0.988889, -5902.85, 1.00164, -5903.15, 0.00016194, 0.000161812, 0.000161856, 0.04, 1.01819, 0.0402295, -0.286019, 0.0404178
249.303, 0.97192, -5902.54, 0.988873, -5902.68, 1.00162, -5902.97, 0.00016188, 0.0001619, 0.000161891, 0.04, 1.01819, 0.0402297, -0.28601, 0.0403966
249.353, 0.971904, -5902.37, 0.988857, -5902.5, 1.00161, -5902.8, 0.000161901, 0.000161899, 0.0001619, 0.04, 1.01819, 0.0402294, -0.286, 0.0403756
249.404, 0.97189, -5902.19, 0.988842, -5902.33, 1.00159, -5902.62, 0.000161888, 0.000161856, 0.000161755, 0.04, 1.01819, 0.0402297, -0.285992, 0.0403549
249.454, 0.971877, -5902.02, 0.988829, -5902.16, 1.00158, -5902.45, 0.0001619, 0.000161772, 0.000161901, 0.04, 1.01819, 0.0402298, -0.285984, 0.0403345
249.505, 0.971864, -5901.84, 0.988816, -5901.98, 1.00157, -5902.27, 0.000161901, 0.000161889, 0.000161901, 0.04, 1.01819, 0.0402296, -0.285977, 0.0403144
249.555, 0.971852, -5901.67, 0.988804, -5901.81, 1.00155, -5902.1, 0.000161965, 0.000161901, 0.0001619, 0.04, 1.01819, 0.0402293, -0.28597, 0.0402946
249.605, 0.971841, -5901.49, 0.988793, -5901.63, 1.00154, -5901.92, 0.000161964, 0.000161995, 0.000161853, 0.04, 1.01819, 0.0402297, -0.285963, 0.040275
249.656, 0.971832, -5901.32, 0.988783, -5901.46, 1.00153, -5901.75, 0.000161795, 0.000161872, 0.000161743, 0.04, 1.01819, 0.0402295, -0.285958, 0.0402557
249.706, 0.971822, -5901.14, 0.988774, -5901.28, 1.00152, -5901.57, 0.00016191, 0.000161889, 0.000161841, 0.04, 1.01819, 0.0402297, -0.285952, 0.0402367
249.756, 0.971813, -5900.97, 0.988764, -5901.11, 1.00151, -5901.4, 0.000161901, 0.000161885, 0.000161882, 0.04, 1.01819, 0.0402295, -0.285946, 0.040218
249.807, 0.971805, -5900.81, 0.988756, -5900.95, 1.0015, -5901.24, 0.000141634, 0.000141625, 0.000141664, 0.04, 1.01819, 0.0402295, -0.285942, 0.0401996
249.857, 0.971799, -5900.66, 0.98875, -5900.79, 1.0015, -5901.09, 0.000141657, 0.000141771, 0.000141663, 0.04, 1.01819, 0.0402294, -0.285938, 0.0401814
249.907, 0.971793, -5900.5, 0.988744, -5900.64, 1.00149, -5900.93, 0.000141663, 0.000141527, 0.000141663, 0.04, 1.01819, 0.0402297, -0.285934, 0.0401636
249.958, 0.971787, -5900.35, 0.988737, -5900.49, 1.00149, -5900.78, 0.000141662, 0.000141663, 0.000141661, 0.04, 1.01819, 0.0402295, -0.285931, 0.040146
250, 0.971783, -5900.22, 0.988733, -5900.36, 1.00148, -5900.65, 0.000141676, 0.000141599, 0.000141537, 0.04, 1.01819, 0.0402296, -0.285928, 0.0401315
250, 0.971783, -5900.22, 0.988733, -5900.36, 1.00148, -5900.65, 0.000141676, 0.000141599, 0.000141537, 0.04, 1.01819, 0.0402301, -0.28593, 0.0401314
250.05, 0.971779, -5900.07, 0.988729, -5900.21, 1.00148, -5900.5, 0.000141625, 0.000141663, 0.000141663, 0.04, 1.01819, 0.0402293, -0.285926, 0.0401144
250.101, 0.971776, -5899.92, 0.988726, -5900.05, 1.00147, -5900.35, 0.000141663, 0.000141719, 0.000141805, 0.04, 1.01819, 0.0402292, -0.285924, 0.0400977
250.151, 0.971773, -5899.76, 0.988723, -5899.9, 1.00147, -5900.19, 0.000141663, 0.000141663, 0.000141663, 0.04, 1.01819, 0.0402296, -0.285922, 0.0400812
250.201, 0.97177, -5899.61, 0.98872, -5899.75, 1.00147, -5900.04, 0.000141628, 0.000141663, 0.000141649, 0.04, 1.01819, 0.0402294, -0.28592, 0.040065
250.252, 0.971768, -5899.46, 0.988719, -5899.59, 1.00147, -5899.89, 0.000141635, 0.000141663, 0.000141639, 0.04, 1.01819, 0.0402296, -0.28592, 0.0400491
250.302, 0.971768, -5899.3, 0.988719, -5899.44, 1.00147, -5899.73, 0.000141644, 0.000141718, 0.000141661, 0.04, 1.01819, 0.0402297, -0.28592, 0.0400335
250.352, 0.971768, -5899.15, 0.988719, -5899.29, 1.00147, -5899.58, 0.000141661, 0.000141718, 0.000141662, 0.04, 1.01819, 0.0402294, -0.28592, 0.0400182
250.403, 0.971768, -5899, 0.988719, -5899.14, 1.00147, -5899.43, 0.000141621, 0.000141714, 0.000141663, 0.04, 1.01819, 0.0402297, -0.28592, 0.0400032
250.453, 0.971769, -5898.84, 0.988719, -5898.98, 1.00147, -5899.28, 0.000141663, 0.000141668, 0.000141663, 0.04, 1.01819, 0.0402295, -0.28592, 0.0399885
250.504, 0.971771, -5898.69, 0.988721, -5898.83, 1.00147, -5899.12, 0.000141727, 0.000141663, 0.000141734, 0.04, 1.01819, 0.0402294, -0.285921, 0.0399741
250.554, 0.971774, -5898.54, 0.988725, -5898.68, 1.00147, -5898.97, 0.000141668, 0.000141663, 0.000141663, 0.04, 1.01819, 0.0402298, -0.285924, 0.0399599
250.604, 0.971777, -5898.39, 0.988728, -5898.52, 1.00148, -5898.82, 0.000141663, 0.000141756, 0.000141658, 0.04, 1.01819, 0.0402299, -0.285925, 0.0399461
250.655, 0.97178, -5898.23, 0.988731, -5898.37, 1.00148, -5898.66, 0.000141821, 0.000141688, 0.000141671, 0.04, 1.01819, 0.0402295, -0.285927, 0.0399325
250.705, 0.971784, -5898.08, 0.988734, -5898.22, 1.00148, -5898.51, 0.000141584, 0.00014166, 0.000141663, 0.04, 1.01819, 0.0402291, -0.285929, 0.0399192
250.755, 0.971789, -5897.94, 0.98874, -5898.08, 1.00149, -5898.37, 0.000121428, 0.000121467, 0.00012143, 0.04, 1.01819, 0.0402295, -0.285932, 0.0399062
250.806, 0.971795, -5897.81, 0.988746, -5897.95, 1.00149, -5898.24, 0.000121339, 0.000121351, 0.000121426, 0.04, 1.01819, 0.0402299, -0.285936, 0.0398935
250.856, 0.971802, -5897.68, 0.988752, -5897.82, 1.0015, -5898.11, 0.000121426, 0.00012142, 0.000121433, 0.04, 1.01819, 0.0402297, -0.28594, 0.0398811
250.906, 0.971808, -5897.55, 0.988759, -5897.69, 1.00151, -5897.98, 0.000121434, 0.000121432, 0.000121465, 0.04, 1.01819, 0.0402297, -0.285943, 0.039869
250.957, 0.971814, -5897.42, 0.988765, -5897.55, 1.00151, -5897.85, 0.000121584, 0.000121482, 0.000121539, 0.04, 1.01819, 0.0402297, -0.285947, 0.0398571
251, 0.97182, -5897.3, 0.988771, -5897.44, 1.00152, -5897.73, 0.000121439, 0.000121426, 0.000121426, 0.04, 1.01819, 0.0402297, -0.285951, 0.0398472
251, 0.97182, -5897.3, 0.988772, -5897.44, 1.00152, -5897.73, 0.000121439, 0.000121426, 0.000121426, 0.04, 1.01819, 0.0402296, -0.285953, 0.0398471
251.05, 0.97183, -5897.17, 0.988781, -5897.31, 1.00153, -5897.6, 0.000121477, 0.000121426, 0.000121459, 0.04, 1.01819, 0.0402294, -0.285957, 0.0398358
251.101, 0.971839, -5897.04, 0.98879, -5897.18, 1.00154, -5897.47, 0.000121359, 0.000121426, 0.000121429, 0.04, 1.01819, 0.0402296, -0.285963, 0.0398248
251.151, 0.971848, -5896.91, 0.9888, -5897.05, 1.00155, -5897.34, 0.000121574, 0.000121578, 0.000121578, 0.04, 1.01819, 0.0402295, -0.285968, 0.039814
251.201, 0.971857, -5896.78, 0.988809, -5896.92, 1.00156, -5897.21, 0.000121374, 0.000121342, 0.000121285, 0.04, 1.01819, 0.0402293, -0.285973, 0.0398035
251.252, 0.971866, -5896.65, 0.988819, -5896.79, 1.00157, -5897.08, 0.000121426, 0.000121344, 0.000121426, 0.04, 1.01819, 0.0402297, -0.285978, 0.0397934
251.302, 0.971878, -5896.52, 0.98883, -5896.65, 1.00158, -5896.95, 0.000121426, 0.000121433, 0.000121448, 0.04, 1.01819, 0.0402298, -0.285986, 0.0397834
251.352, 0.97189, -5896.39, 0.988843, -5896.52, 1.00159, -5896.82, 0.000121426, 0.000121426, 0.000121426, 0.04, 1.01819, 0.0402299, -0.285993, 0.0397738
251.403, 0.971903, -5896.26, 0.988855, -5896.4, 1.00161, -5896.69, 0.000101197, 0.000101159, 0.000101237, 0.04, 1.01819, 0.0402299, -0.286001, 0.0397644
251.453, 0.971915, -5896.15, 0.988868, -5896.29, 1.00162, -5896.59, 0.000101073, 0.000101191, 0.000101198, 0.04, 1.01819, 0.0402296, -0.286008, 0.0397553
251.504, 0.971927, -5896.04, 0.98888, -5896.18, 1.00163, -5896.48, 0.000101209, 0.000101337, 0.000101215, 0.04, 1.01819, 0.0402297, -0.286015, 0.0397465
251.554, 0.971939, -5895.94, 0.988893, -5896.07, 1.00164, -5896.37, 0.000101199, 0.000101233, 0.000101246, 0.04, 1.01819, 0.0402294, -0.286023, 0.0397379
251.604, 0.971954, -5895.83, 0.988907, -5895.96, 1.00166, -5896.26, 0.000101188, 0.000101171, 0.000101278, 0.04, 1.01819, 0.0402299, -0.286031, 0.0397296
251.655, 0.971969, -5895.72, 0.988923, -5895.86, 1.00167, -5896.15, 0.000101253, 0.000101189, 0.000101207, 0.04, 1.01819, 0.0402298, -0.28604, 0.0397216
251.705, 0.971984, -5895.61, 0.988939, -5895.75, 1.00169, -5896.04, 0.000101189, 0.000101202, 0.000101211, 0.04, 1.01819, 0.0402292, -0.28605, 0.0397138
251.755, 0.972, -5895.5, 0.988954, -5895.64, 1.00171, -5895.93, 0.000101143, 0.000101266, 0.000101149, 0.04, 1.01819, 0.0402297, -0.286059, 0.0397063
251.806, 0.972015, -5895.39, 0.98897, -5895.53, 1.00172, -5895.82, 0.00010119, 0.000101317, 0.000101255, 0.04, 1.01819, 0.0402298, -0.286068, 0.0396991
251.856, 0.972031, -5895.28, 0.988986, -5895.42, 1.00174, -5895.71, 0.000101346, 0.000101189, 0.000101243, 0.04, 1.01819, 0.0402297, -0.286077, 0.0396921
251.906, 0.972046, -5895.17, 0.989002, -5895.31, 1.00175, -5895.6, 0.000101199, 0.000101193, 0.000101202, 0.04, 1.01819, 0.0402297, -0.286087, 0.0396853
251.957, 0.972065, -5895.06, 0.98902, -5895.2, 1.00177, -5895.49, 0.000101314, 0.000101195, 0.000101307, 0.04, 1.01819, 0.04023, -0.286098, 0.0396789
252, 0.972081, -5894.99, 0.989037, -5895.12, 1.00179, -5895.42, 8.09534e-05, 8.09784e-05, 8.09625e-05, 0.04, 1.01819, 0.0402302, -0.286107, 0.0396735
252, 0.972081, -5894.99, 0.989037, -5895.12, 1.00179, -5895.42, 8.09534e-05, 8.09784e-05, 8.09625e-05, 0.04, 1.01819, 0.0402299, -0.286109, 0.0396734
252.05, 0.972099, -5894.9, 0.989055, -5895.04, 1.00181, -5895.33, 8.09818e-05, 8.09593e-05, 8.10405e-05, 0.04, 1.01819, 0.0402295, -0.286118, 0.0396675
252.101, 0.972117, -5894.81, 0.989074, -5894.95, 1.00183, -5895.24, 8.10794e-05, 8.09557e-05, 8.11105e-05, 0.04, 1.01819, 0.0402299, -0.28613, 0.0396617
252.151, 0.972136, -5894.72, 0.989093, -5894.86, 1.00185, -5895.15, 8.11091e-05, 8.09544e-05, 8.09677e-05, 0.04, 1.01819, 0.0402298, -0.28614, 0.0396562
252.201, 0.972154, -5894.64, 0.989112, -5894.77, 1.00187, -5895.07, 8.09568e-05, 8.09513e-05, 8.10028e-05, 0.04, 1.01819, 0.04023, -0.286151, 0.0396509
252.252, 0.972173, -5894.55, 0.989131, -5894.69, 1.00188, -5894.98, 8.09885e-05, 8.11088e-05, 8.0952e-05, 0.04, 1.01819, 0.0402298, -0.286163, 0.0396459
252.302, 0.972193, -5894.46, 0.989151, -5894.6, 1.0019, -5894.89, 8.09208e-05, 8.10229e-05, 8.09607e-05, 0.04, 1.01819, 0.0402297, -0.286175, 0.0396411
252.353, 0.972214, -5894.37, 0.989173, -5894.51, 1.00193, -5894.8, 8.10524e-05, 8.09598e-05, 8.0936e-05, 0.04, 1.01819, 0.0402298, -0.286188, 0.0396366
252.403, 0.972236, -5894.29, 0.989194, -5894.42, 1.00195, -5894.72, 8.10697e-05, 8.10702e-05, 8.11116e-05, 0.04, 1.01819, 0.0402296, -0.2862, 0.0396322
252.453, 0.972257, -5894.2, 0.989217, -5894.34, 1.00197, -5894.63, 8.08813e-05, 8.09541e-05, 8.08599e-05, 0.04, 1.01819, 0.0402299, -0.286213, 0.0396281
252.504, 0.972279, -5894.11, 0.989239, -5894.25, 1.00199, -5894.54, 8.10571e-05, 8.11089e-05, 8.10376e-05, 0.04, 1.01819, 0.0402297, -0.286226, 0.0396243
252.554, 0.972301, -5894.05, 0.989261, -5894.18, 1.00202, -5894.48, 6.08018e-05, 6.073e-05, 6.07467e-05, 0.04, 1.01819, 0.04023, -0.286239, 0.0396206
252.604, 0.972323, -5893.98, 0.989283, -5894.12, 1.00204, -5894.41, 6.07629e-05, 6.08321e-05, 6.07278e-05, 0.04, 1.01819, 0.0402297, -0.286252, 0.0396172
252.655, 0.972344, -5893.92, 0.989305, -5894.05, 1.00206, -5894.35, 6.0761e-05, 6.07305e-05, 6.07159e-05, 0.04, 1.01819, 0.0402298, -0.286266, 0.0396141
252.705, 0.972366, -5893.85, 0.989328, -5893.99, 1.00208, -5894.28, 6.07563e-05, 6.08489e-05, 6.0874e-05, 0.04, 1.01819, 0.0402302, -0.286279, 0.0396111
252.755, 0.972389, -5893.78, 0.98935, -5893.92, 1.00211, -5894.21, 6.07286e-05, 6.07247e-05, 6.07856e-05, 0.04, 1.01819, 0.0402298, -0.286292, 0.0396083
252.806, 0.972413, -5893.72, 0.989375, -5893.86, 1.00213, -5894.15, 6.07146e-05, 6.07458e-05, 6.06777e-05, 0.04, 1.01819, 0.0402299, -0.286307, 0.0396058
252.856, 0.972438, -5893.65, 0.9894, -5893.79, 1.00216, -5894.08, 6.08292e-05, 6.07508e-05, 6.07677e-05, 0.04, 1.01819, 0.0402301, -0.286322, 0.0396035
252.906, 0.972463, -5893.59, 0.989425, -5893.73, 1.00218, -5894.02, 6.07357e-05, 6.08204e-05, 6.08451e-05, 0.04, 1.01819, 0.04023, -0.286337, 0.0396013
252.957, 0.972487, -5893.52, 0.989451, -5893.66, 1.00221, -5893.95, 6.07179e-05, 6.06782e-05, 6.07301e-05, 0.04, 1.01819, 0.0402302, -0.286351, 0.0395994
253, 0.972509, -5893.47, 0.989472, -5893.6, 1.00223, -5893.9, 6.08769e-05, 6.07473e-05, 6.08832e-05, 0.04, 1.01819, 0.0402302, -0.286364, 0.039598
253, 0.972509, -5893.47, 0.989473, -5893.6, 1.00223, -5893.9, 6.08769e-05, 6.07473e-05, 6.08832e-05, 0.04, 1.01819, 0.0402302, -0.286365, 0.0395979
253.05, 0.972534, -5893.4, 0.989498, -5893.54, 1.00226, -5893.83, 4.40483e-05, 4.41842e-05, 4.41458e-05, 0.04, 1.01819, 0.04023, -0.286379, 0.0395964
253.101, 0.972559, -5893.36, 0.989523, -5893.5, 1.00228, -5893.79, 4.05303e-05, 4.06342e-05, 4.06365e-05, 0.04, 1.01819, 0.04023, -0.286394, 0.0395951
253.151, 0.972584, -5893.32, 0.989549, -5893.45, 1.00231, -5893.75, 4.04817e-05, 4.05741e-05, 4.06494e-05, 0.04, 1.01819, 0.0402304, -0.286409, 0.0395939
253.201, 0.972609, -5893.27, 0.989574, -5893.41, 1.00233, -5893.7, 4.05299e-05, 4.0641e-05, 4.05139e-05, 0.04, 1.01819, 0.0402301, -0.286424, 0.039593
253.252, 0.972634, -5893.23, 0.9896, -5893.37, 1.00236, -5893.66, 4.05077e-05, 4.04854e-05, 4.0482e-05, 0.04, 1.01819, 0.0402302, -0.286439, 0.0395922
253.302, 0.972659, -5893.18, 0.989625, -5893.32, 1.00239, -5893.61, 4.04776e-05, 4.04982e-05, 4.0501e-05, 0.04, 1.01819, 0.0402303, -0.286454, 0.0395916
253.353, 0.972684, -5893.14, 0.989651, -5893.28, 1.00241, -5893.57, 4.05914e-05, 4.05351e-05, 4.06173e-05, 0.04, 1.01819, 0.0402301, -0.286469, 0.0395913
253.403, 0.972709, -5893.1, 0.989677, -5893.23, 1.00244, -5893.53, 4.049e-05, 4.03881e-05, 4.04416e-05, 0.04, 1.01819, 0.04023, -0.286484, 0.039591
253.453, 0.972737, -5893.05, 0.989705, -5893.19, 1.00247, -5893.48, 4.06115e-05, 4.05201e-05, 4.04805e-05, 0.04, 1.01819, 0.0402303, -0.286501, 0.039591
253.504, 0.972765, -5893.01, 0.989733, -5893.15, 1.0025, -5893.44, 4.0478e-05, 4.04914e-05, 4.04509e-05, 0.04, 1.01819, 0.0402304, -0.286517, 0.0395912
253.554, 0.972792, -5892.97, 0.989761, -5893.1, 1.00252, -5893.4, 4.05224e-05, 4.04802e-05, 4.06424e-05, 0.04, 1.01819, 0.0402305, -0.286534, 0.0395915
253.604, 0.97282, -5892.92, 0.98979, -5893.06, 1.00255, -5893.36, 2.29101e-05, 2.30698e-05, 2.29184e-05, 0.04, 1.01819, 0.0402305, -0.286551, 0.039592
253.655, 0.972848, -5892.9, 0.989818, -5893.04, 1.00258, -5893.33, 2.02473e-05, 2.03347e-05, 2.03999e-05, 0.04, 1.01819, 0.0402304, -0.286568, 0.0395926
253.705, 0.972877, -5892.88, 0.989847, -5893.02, 1.00261, -5893.31, 2.03269e-05, 2.02662e-05, 2.02008e-05, 0.04, 1.01819, 0.04023, -0.286585, 0.0395934
253.755, 0.972905, -5892.86, 0.989875, -5893, 1.00264, -5893.29, 2.02404e-05, 2.02489e-05, 2.03294e-05, 0.04, 1.01819, 0.0402303, -0.286602, 0.0395944
253.806, 0.972933, -5892.84, 0.989904, -5892.98, 1.00267, -5893.27, 2.02577e-05, 2.02028e-05, 2.02931e-05, 0.04, 1.01819, 0.04023, -0.286619, 0.0395956
253.856, 0.972961, -5892.82, 0.989933, -5892.95, 1.0027, -5893.25, 2.02788e-05, 2.03291e-05, 2.02548e-05, 0.04, 1.01819, 0.0402303, -0.286635, 0.0395969
253.906, 0.972989, -5892.79, 0.989962, -5892.93, 1.00273, -5893.22, 2.03723e-05, 2.02568e-05, 2.0257e-05, 0.04, 1.01819, 0.0402303, -0.286652, 0.0395983
253.957, 0.973017, -5892.77, 0.98999, -5892.91, 1.00276, -5893.2, 2.02607e-05, 2.02566e-05, 2.0261e-05, 0.04, 1.01819, 0.0402303, -0.286669, 0.0395999
254, 0.973042, -5892.75, 0.990015, -5892.89, 1.00278, -5893.18, 2.02414e-05, 2.02609e-05, 2.03689e-05, 0.04, 1.01819, 0.0402305, -0.286684, 0.0396014
254, 0.973042, -5892.75, 0.990015, -5892.89, 1.00278, -5893.18, 2.02414e-05, 2.02609e-05, 2.03689e-05, 0.04, 1.01819, 0.0402305, -0.286684, 0.0396014
254.05, 0.97307, -5892.73, 0.990043, -5892.87, 1.00281, -5893.16, 2.02518e-05, 2.02549e-05, 2.02842e-05, 0.04, 1.01819, 0.0402305, -0.286701, 0.0396033
254.101, 0.973098, -5892.71, 0.990072, -5892.85, 1.00284, -5893.14, 2.03964e-05, 2.0403e-05, 2.02894e-05, 0.04, 1.01819, 0.0402302, -0.286717, 0.0396053
254.151, 0.973126, -5892.69, 0.990101, -5892.83, 1.00287, -5893.12, 2.02414e-05, 2.03985e-05, 2.0255e-05, 0.04, 1.01819, 0.0402305, -0.286734, 0.0396075
254.202, 0.973154, -5892.67, 0.99013, -5892.81, 1.0029, -5893.1, 1.35348e-07, 1.64727e-07, 1.3671e-07, 0.04, 1.01819, 0.0402302, -0.286751, 0.0396097
254.252, 0.973182, -5892.67, 0.990158, -5892.81, 1.00293, -5893.1, 1.58656e-07, 2.09462e-08, 2.25163e-08, 0.04, 1.01819, 0.0402306, -0.286768, 0.0396122
254.302, 0.973211, -5892.67, 0.990187, -5892.81, 1.00296, -5893.1, 5.50591e-09, 1.63629e-07, 1.3102e-08, 0.04, 1.01819, 0.0402303, -0.286785, 0.0396147
254.353, 0.973239, -5892.67, 0.990216, -5892.81, 1.00299, -5893.1, 3.05823e-08, 1.65378e-07, 1.20553e-08, 0.04, 1.01819, 0.0402303, -0.286802, 0.0396174
254.403, 0.973267, -5892.67, 0.990244, -5892.81, 1.00301, -5893.1, 1.21112e-07, 6.84075e-08, 1.27612e-07, 0.04, 1.01819, 0.0402304, -0.286819, 0.0396202
254.453, 0.973295, -5892.67, 0.990273, -5892.81, 1.00304, -5893.1, 2.42302e-08, 2.84254e-08, 1.33661e-07, 0.04, 1.01819, 0.0402305, -0.286836, 0.0396231
254.504, 0.973323, -5892.67, 0.990302, -5892.81, 1.00307, -5893.1, 7.74004e-08, 1.59176e-08, 7.18082e-08, 0.04, 1.01819, 0.0402305, -0.286853, 0.0396262
254.554, 0.973351, -5892.67, 0.99033, -5892.81, 1.0031, -5893.1, -3.57572e-08, -3.05429e-08, 6.74505e-08, 0.04, 1.01819, 0.0402306, -0.28687, 0.0396293
254.604, 0.973379, -5892.67, 0.990359, -5892.81, 1.00313, -5893.1, 1.19091e-08, -5.40677e-08, 4.09161e-08, 0.04, 1.01819, 0.0402306, -0.286886, 0.0396326
254.655, 0.973408, -5892.67, 0.990387, -5892.81, 1.00316, -5893.1, 5.48051e-08, 3.82527e-08, 3.89596e-08, 0.04, 1.01819, 0.0402303, -0.286903, 0.039636
254.705, 0.973436, -5892.67, 0.990416, -5892.81, 1.00319, -5893.1, 3.38616e-09, 1.60598e-08, 2.93503e-08, 0.04, 1.01819, 0.0402304, -0.28692, 0.0396395
254.755, 0.973464, -5892.67, 0.990445, -5892.81, 1.00322, -5893.1, 1.72446e-08, 9.7261e-09, 2.88924e-08, 0.04, 1.01819, 0.0402304, -0.286937, 0.0396431
254.806, 0.973492, -5892.67, 0.990473, -5892.81, 1.00325, -5893.1, 9.67599e-08, 1.61203e-07, 3.26355e-08, 0.04, 1.01819, 0.0402305, -0.286953, 0.0396468
254.856, 0.97352, -5892.69, 0.990502, -5892.82, 1.00328, -5893.12, -2.02258e-05, -2.01414e-05, -2.02149e-05, 0.04, 1.01819, 0.0402307, -0.286971, 0.0396506
254.906, 0.973548, -5892.71, 0.990531, -5892.85, 1.00331, -5893.14, -2.01778e-05, -2.019e-05, -2.02308e-05, 0.04, 1.01819, 0.0402307, -0.286987, 0.0396545
254.957, 0.973576, -5892.73, 0.990559, -5892.87, 1.00333, -5893.16, -2.00789e-05, -2.02139e-05, -2.00714e-05, 0.04, 1.01819, 0.0402304, -0.287004, 0.0396584
255, 0.973601, -5892.75, 0.990584, -5892.89, 1.00336, -5893.18, -2.01339e-05, -2.01739e-05, -2.01912e-05, 0.04, 1.01819, 0.0402308, -0.287019, 0.039662
255, 0.973601, -5892.75, 0.990584, -5892.89, 1.00336, -5893.18, -2.01339e-05, -2.01739e-05, -2.01912e-05, 0.04, 1.01819, 0.0402308, -0.287019, 0.039662
255.05, 0.973629, -5892.77, 0.990613, -5892.91, 1.00339, -5893.2, -2.02655e-05, -2.02216e-05, -2.02083e-05, 0.04, 1.01819, 0.0402305, -0.287036, 0.0396662
255.101, 0.973657, -5892.79, 0.990641, -5892.93, 1.00342, -5893.22, -2.02204e-05, -2.02325e-05, -2.02066e-05, 0.04, 1.01819, 0.0402305, -0.287053, 0.0396705
255.151, 0.973685, -5892.81, 0.99067, -5892.95, 1.00345, -5893.24, -2.018e-05, -2.01082e-05, -2.02244e-05, 0.04, 1.01819, 0.0402311, -0.287069, 0.0396748
255.202, 0.973713, -5892.84, 0.990699, -5892.97, 1.00348, -5893.27, -2.0325e-05, -2.02508e-05, -2.03574e-05, 0.04, 1.01819, 0.0402303, -0.287087, 0.0396792
255.252, 0.97374, -5892.86, 0.990726, -5893, 1.0035, -5893.29, -2.02083e-05, -2.02021e-05, -2.02285e-05, 0.04, 1.01819, 0.0402305, -0.287103, 0.0396837
255.302, 0.973766, -5892.88, 0.990753, -5893.02, 1.00353, -5893.31, -2.0078e-05, -2.02067e-05, -2.02089e-05, 0.04, 1.01819, 0.0402307, -0.287118, 0.0396883
255.353, 0.973791, -5892.9, 0.990778, -5893.04, 1.00356, -5893.33, -2.01708e-05, -2.0176e-05, -2.01571e-05, 0.04, 1.01819, 0.0402305, -0.287133, 0.0396929
255.403, 0.973816, -5892.92, 0.990803, -5893.06, 1.00358, -5893.35, -2.02325e-05, -2.01743e-05, -2.02633e-05, 0.04, 1.01819, 0.0402313, -0.287148, 0.0396976
255.453, 0.973841, -5892.95, 0.990829, -5893.08, 1.00361, -5893.38, -2.02662e-05, -2.01244e-05, -2.02201e-05, 0.04, 1.01819, 0.0402308, -0.287163, 0.0397023
255.504, 0.973866, -5892.97, 0.990854, -5893.1, 1.00363, -5893.4, -2.01933e-05, -2.02335e-05, -2.01528e-05, 0.04, 1.01819, 0.0402309, -0.287178, 0.0397071
255.554, 0.973891, -5892.99, 0.99088, -5893.13, 1.00366, -5893.42, -2.02348e-05, -2.02346e-05, -2.02729e-05, 0.04, 1.01819, 0.0402304, -0.287193, 0.039712
255.604, 0.973916, -5893.02, 0.990905, -5893.16, 1.00369, -5893.45, -4.03966e-05, -4.04414e-05, -4.04225e-05, 0.04, 1.01819, 0.0402306, -0.287208, 0.039717
255.655, 0.973941, -5893.07, 0.990931, -5893.2, 1.00371, -5893.5, -4.04593e-05, -4.04613e-05, -4.03153e-05, 0.04, 1.01819, 0.040231, -0.287223, 0.039722
255.705, 0.973966, -5893.11, 0.990956, -5893.25, 1.00374, -5893.54, -4.04723e-05, -4.04536e-05, -4.0458e-05, 0.04, 1.01819, 0.0402308, -0.287238, 0.039727
255.755, 0.973991, -5893.15, 0.990982, -5893.29, 1.00376, -5893.58, -4.0514e-05, -4.04206e-05, -4.042e-05, 0.04, 1.01819, 0.0402309, -0.287253, 0.0397322
255.806, 0.974016, -5893.2, 0.991007, -5893.33, 1.00379, -5893.63, -4.04385e-05, -4.03682e-05, -4.03446e-05, 0.04, 1.01819, 0.040231, -0.287269, 0.0397374
255.856, 0.974042, -5893.24, 0.991033, -5893.38, 1.00381, -5893.67, -4.04688e-05, -4.0474e-05, -4.04577e-05, 0.04, 1.01819, 0.0402308, -0.287284, 0.0397426
255.907, 0.974066, -5893.28, 0.991058, -5893.42, 1.00384, -5893.71, -4.03464e-05, -4.04981e-05, -4.03856e-05, 0.04, 1.01819, 0.040231, -0.287299, 0.0397479
255.957, 0.974092, -5893.33, 0.991084, -5893.46, 1.00387, -5893.76, -4.04592e-05, -4.04697e-05, -4.04722e-05, 0.04, 1.01819, 0.0402308, -0.287313, 0.0397532
256, 0.974113, -5893.37, 0.991106, -5893.5, 1.00389, -5893.79, -4.04593e-05, -4.03456e-05, -4.03133e-05, 0.04, 1.01819, 0.040231, -0.287326, 0.0397579
256, 0.974113, -5893.37, 0.991106, -5893.5, 1.00389, -5893.79, -4.04593e-05, -4.03456e-05, -4.03133e-05, 0.04, 1.01819, 0.0402307, -0.287326, 0.0397579
256.051, 0.974138, -5893.41, 0.991131, -5893.55, 1.00391, -5893.84, -4.04738e-05, -4.03325e-05, -4.0462e-05, 0.04, 1.01819, 0.0402308, -0.287341, 0.0397633
256.101, 0.974163, -5893.45, 0.991157, -5893.59, 1.00394, -5893.88, -4.03564e-05, -4.04712e-05, -4.04076e-05, 0.04, 1.01819, 0.040231, -0.287356, 0.0397687
256.151, 0.974188, -5893.5, 0.991182, -5893.63, 1.00397, -5893.93, -4.04682e-05, -4.05014e-05, -4.05013e-05, 0.04, 1.01819, 0.0402309, -0.287371, 0.0397742
256.202, 0.974211, -5893.54, 0.991206, -5893.68, 1.00399, -5893.97, -4.04736e-05, -4.0454e-05, -4.04438e-05, 0.04, 1.01819, 0.0402309, -0.287385, 0.0397797
256.252, 0.974234, -5893.58, 0.991228, -5893.72, 1.00401, -5894.01, -4.05136e-05, -4.05142e-05, -4.04436e-05, 0.04, 1.01819, 0.040231, -0.287399, 0.0397852
256.302, 0.974255, -5893.63, 0.991251, -5893.76, 1.00404, -5894.06, -4.04745e-05, -4.04587e-05, -4.04691e-05, 0.04, 1.01819, 0.040231, -0.287411, 0.0397908
256.353, 0.974277, -5893.67, 0.991273, -5893.81, 1.00406, -5894.1, -4.03561e-05, -4.03162e-05, -4.03126e-05, 0.04, 1.01819, 0.0402311, -0.287425, 0.0397964
256.403, 0.974299, -5893.71, 0.991295, -5893.85, 1.00408, -5894.14, -4.05269e-05, -4.04662e-05, -4.03855e-05, 0.04, 1.01819, 0.0402308, -0.287438, 0.039802
256.453, 0.974321, -5893.76, 0.991318, -5893.9, 1.0041, -5894.19, -4.04301e-05, -4.04078e-05, -4.04517e-05, 0.04, 1.01819, 0.0402311, -0.287451, 0.0398077
256.504, 0.974343, -5893.8, 0.99134, -5893.94, 1.00413, -5894.23, -4.03659e-05, -4.04642e-05, -4.04631e-05, 0.04, 1.01819, 0.0402309, -0.287464, 0.0398133
256.554, 0.974365, -5893.85, 0.991362, -5893.98, 1.00415, -5894.27, -4.03726e-05, -4.0346e-05, -4.04654e-05, 0.04, 1.01819, 0.0402306, -0.287477, 0.039819
256.604, 0.974387, -5893.91, 0.991384, -5894.05, 1.00417, -5894.34, -6.06582e-05, -6.07017e-05, -6.07343e-05, 0.04, 1.01819, 0.0402313, -0.287491, 0.0398248
256.655, 0.974409, -5893.97, 0.991407, -5894.11, 1.00419, -5894.4, -6.0662e-05, -6.05764e-05, -6.0732e-05, 0.04, 1.01819, 0.0402309, -0.287504, 0.0398304
256.705, 0.974431, -5894.04, 0.991429, -5894.18, 1.00422, -5894.47, -6.06831e-05, -6.06991e-05, -6.06246e-05, 0.04, 1.01819, 0.0402315, -0.287517, 0.0398361
256.755, 0.974452, -5894.11, 0.991451, -5894.24, 1.00424, -5894.53, -6.06725e-05, -6.07669e-05, -6.06779e-05, 0.04, 1.01819, 0.0402308, -0.28753, 0.0398419
256.806, 0.974474, -5894.17, 0.991473, -5894.31, 1.00426, -5894.6, -6.06826e-05, -6.06981e-05, -6.06791e-05, 0.04, 1.01819, 0.0402311, -0.287543, 0.0398477
256.856, 0.974496, -5894.24, 0.991495, -5894.37, 1.00428, -5894.67, -6.06773e-05, -6.05537e-05, -6.07023e-05, 0.04, 1.01819, 0.0402311, -0.287556, 0.0398534
256.907, 0.974515, -5894.3, 0.991515, -5894.44, 1.0043, -5894.73, -6.06985e-05, -6.06721e-05, -6.06985e-05, 0.04, 1.01819, 0.0402307, -0.287568, 0.0398592
256.957, 0.974534, -5894.37, 0.991534, -5894.5, 1.00432, -5894.8, -6.05933e-05, -6.06847e-05, -6.06353e-05, 0.04, 1.01819, 0.0402313, -0.28758, 0.0398649
257, 0.97455, -5894.42, 0.991551, -5894.56, 1.00434, -5894.85, -6.07096e-05, -6.06454e-05, -6.07038e-05, 0.04, 1.01819, 0.040231, -0.287589, 0.0398699
257, 0.97455, -5894.42, 0.991551, -5894.56, 1.00434, -5894.85, -6.07096e-05, -6.06454e-05, -6.07038e-05, 0.04, 1.01819, 0.040231, -0.287588, 0.0398699
257.051, 0.974569, -5894.49, 0.99157, -5894.63, 1.00436, -5894.92, -6.06915e-05, -6.07039e-05, -6.06875e-05, 0.04, 1.01819, 0.040231, -0.2876, 0.0398756
257.101, 0.974588, -5894.56, 0.991589, -5894.69, 1.00438, -5894.98, -6.06106e-05, -6.07104e-05, -6.07118e-05, 0.04, 1.01819, 0.0402313, -0.287612, 0.0398814
257.151, 0.974607, -5894.62, 0.991608, -5894.76, 1.0044, -5895.05, -6.0752e-05, -6.07461e-05, -6.07425e-05, 0.04, 1.01819, 0.0402311, -0.287622, 0.0398872
257.202, 0.974626, -5894.69, 0.991627, -5894.82, 1.00442, -5895.12, -6.07122e-05, -6.07123e-05, -6.0696e-05, 0.04, 1.01819, 0.0402309, -0.287634, 0.0398929
257.252, 0.974644, -5894.75, 0.991646, -5894.89, 1.00444, -5895.18, -6.07044e-05, -6.0586e-05, -6.0586e-05, 0.04, 1.01819, 0.0402313, -0.287645, 0.0398987
257.302, 0.974663, -5894.82, 0.991665, -5894.96, 1.00446, -5895.25, -6.07864e-05, -6.08112e-05, -6.07117e-05, 0.04, 1.01819, 0.0402313, -0.287656, 0.0399044
257.353, 0.974682, -5894.88, 0.991685, -5895.02, 1.00448, -5895.31, -6.07546e-05, -6.06969e-05, -6.07061e-05, 0.04, 1.01819, 0.0402312, -0.287668, 0.0399101
257.403, 0.974701, -5894.95, 0.991704, -5895.09, 1.0045, -5895.38, -6.0712e-05, -6.07046e-05, -6.06861e-05, 0.04, 1.01819, 0.0402314, -0.287679, 0.0399158
257.453, 0.974719, -5895.01, 0.991723, -5895.15, 1.00451, -5895.44, -6.06969e-05, -6.07008e-05, -6.06214e-05, 0.04, 1.01819, 0.0402314, -0.28769, 0.0399216
257.504, 0.974736, -5895.08, 0.99174, -5895.22, 1.00453, -5895.51, -6.0769e-05, -6.07073e-05, -6.07066e-05, 0.04, 1.01819, 0.0402313, -0.2877, 0.0399272
257.554, 0.974752, -5895.15, 0.991756, -5895.28, 1.00455, -5895.57, -6.07119e-05, -6.06838e-05, -6.05931e-05, 0.04, 1.01819, 0.0402306, -0.28771, 0.0399329
257.604, 0.974768, -5895.21, 0.991772, -5895.35, 1.00456, -5895.64, -6.05769e-05, -6.06329e-05, -6.06164e-05, 0.04, 1.01819, 0.0402312, -0.28772, 0.0399386
257.655, 0.974783, -5895.28, 0.991788, -5895.41, 1.00458, -5895.71, -6.07093e-05, -6.05768e-05, -6.06999e-05, 0.04, 1.01819, 0.0402309, -0.287728, 0.0399441
257.705, 0.974799, -5895.34, 0.991804, -5895.48, 1.0046, -5895.77, -6.07292e-05, -6.07121e-05, -6.07118e-05, 0.04, 1.01819, 0.0402309, -0.287738, 0.0399498
257.755, 0.974814, -5895.41, 0.99182, -5895.54, 1.00461, -5895.84, -6.07112e-05, -6.07112e-05, -6.06236e-05, 0.04, 1.01819, 0.0402313, -0.287747, 0.0399554
257.806, 0.97483, -5895.47, 0.991836, -5895.61, 1.00463, -5895.9, -6.07293e-05, -6.06986e-05, -6.06627e-05, 0.04, 1.01819, 0.0402311, -0.287757, 0.039961
257.856, 0.974846, -5895.54, 0.991851, -5895.68, 1.00464, -5895.97, -6.07087e-05, -6.06278e-05, -6.07048e-05, 0.04, 1.01819, 0.0402313, -0.287766, 0.0399665
257.907, 0.974861, -5895.6, 0.991867, -5895.74, 1.00466, -5896.03, -6.07523e-05, -6.07942e-05, -6.07119e-05, 0.04, 1.01819, 0.0402312, -0.287775, 0.039972
257.957, 0.974877, -5895.67, 0.991883, -5895.81, 1.00468, -5896.1, -6.06481e-05, -6.07111e-05, -6.05855e-05, 0.04, 1.01819, 0.0402311, -0.287785, 0.0399775
258, 0.97489, -5895.73, 0.991897, -5895.86, 1.00469, -5896.16, -6.07087e-05, -6.06486e-05, -6.06328e-05, 0.04, 1.01819, 0.0402313, -0.287793, 0.0399822
258, 0.97489, -5895.73, 0.991897, -5895.86, 1.00469, -5896.16, -6.07087e-05, -6.06486e-05, -6.06328e-05, 0.04, 1.01819, 0.0402307, -0.287792, 0.0399823
258.051, 0.974905, -5895.79, 0.991912, -5895.93, 1.00471, -5896.22, -6.06012e-05, -6.05616e-05, -6.06821e-05, 0.04, 1.01819, 0.0402316, -0.287802, 0.0399876
258.101, 0.974919, -5895.86, 0.991926, -5895.99, 1.00472, -5896.29, -6.07018e-05, -6.07099e-05, -6.06875e-05, 0.04, 1.01819, 0.0402313, -0.28781, 0.039993
258.151, 0.974931, -5895.92, 0.991939, -5896.06, 1.00473, -5896.35, -6.06996e-05, -6.06065e-05, -6.06627e-05, 0.04, 1.01819, 0.0402309, -0.287817, 0.0399983
258.202, 0.974944, -5895.99, 0.991952, -5896.13, 1.00475, -5896.42, -6.07127e-05, -6.07025e-05, -6.07521e-05, 0.04, 1.01819, 0.0402313, -0.287825, 0.0400037
258.252, 0.974956, -5896.05, 0.991964, -5896.19, 1.00476, -5896.48, -6.05547e-05, -6.07128e-05, -6.0712e-05, 0.04, 1.01819, 0.040231, -0.287832, 0.040009
258.302, 0.974969, -5896.12, 0.991977, -5896.26, 1.00477, -5896.55, -6.06478e-05, -6.07021e-05, -6.07099e-05, 0.04, 1.01819, 0.0402315, -0.28784, 0.0400143
258.353, 0.974982, -5896.19, 0.99199, -5896.32, 1.00479, -5896.61, -6.06934e-05, -6.07123e-05, -6.0696e-05, 0.04, 1.01819, 0.040231, -0.287847, 0.0400196
258.403, 0.974994, -5896.25, 0.992002, -5896.39, 1.0048, -5896.68, -6.07089e-05, -6.06644e-05, -6.06496e-05, 0.04, 1.01819, 0.0402312, -0.287855, 0.0400248
258.453, 0.975007, -5896.32, 0.992015, -5896.45, 1.00481, -5896.75, -6.07127e-05, -6.07124e-05, -6.0759e-05, 0.04, 1.01819, 0.0402315, -0.287863, 0.04003
258.504, 0.975019, -5896.38, 0.992028, -5896.52, 1.00482, -5896.81, -6.05529e-05, -6.0668e-05, -6.05545e-05, 0.04, 1.01819, 0.0402312, -0.287869, 0.0400352
258.554, 0.975032, -5896.46, 0.992041, -5896.59, 1.00484, -5896.88, -8.07587e-05, -8.0836e-05, -8.08577e-05, 0.04, 1.01819, 0.0402312, -0.287878, 0.0400403
258.604, 0.975044, -5896.54, 0.992053, -5896.68, 1.00485, -5896.97, -8.09668e-05, -8.09502e-05, -8.0922e-05, 0.04, 1.01819, 0.0402315, -0.287885, 0.0400454
258.655, 0.975056, -5896.63, 0.992065, -5896.77, 1.00486, -5897.06, -8.08538e-05, -8.08562e-05, -8.10358e-05, 0.04, 1.01819, 0.0402311, -0.287892, 0.0400504
258.705, 0.975066, -5896.72, 0.992076, -5896.86, 1.00487, -5897.15, -8.093e-05, -8.09489e-05, -8.09487e-05, 0.04, 1.01819, 0.0402311, -0.287898, 0.0400553
258.756, 0.975075, -5896.81, 0.992085, -5896.94, 1.00488, -5897.23, -8.08318e-05, -8.09495e-05, -8.09504e-05, 0.04, 1.01819, 0.0402316, -0.287904, 0.0400602
258.806, 0.975085, -5896.89, 0.992095, -5897.03, 1.00489, -5897.32, -8.08411e-05, -8.09501e-05, -8.09451e-05, 0.04, 1.01819, 0.0402314, -0.28791, 0.040065
258.856, 0.975094, -5896.98, 0.992104, -5897.12, 1.0049, -5897.41, -8.09504e-05, -8.095e-05, -8.09502e-05, 0.04, 1.01819, 0.0402314, -0.287915, 0.0400698
258.907, 0.975103, -5897.07, 0.992114, -5897.21, 1.00491, -5897.5, -8.09504e-05, -8.09503e-05, -8.0846e-05, 0.04, 1.01819, 0.0402315, -0.28792, 0.0400745
258.957, 0.975113, -5897.16, 0.992123, -5897.29, 1.00492, -5897.58, -8.09504e-05, -8.09504e-05, -8.09418e-05, 0.04, 1.01819, 0.0402313, -0.287927, 0.0400793
259, 0.975121, -5897.23, 0.992132, -5897.37, 1.00493, -5897.66, -8.09349e-05, -8.09503e-05, -8.09463e-05, 0.04, 1.01819, 0.0402318, -0.287931, 0.0400833
259, 0.975121, -5897.23, 0.992131, -5897.37, 1.00493, -5897.66, -8.09349e-05, -8.09503e-05, -8.09463e-05, 0.04, 1.01819, 0.0402312, -0.28793, 0.0400833
259.051, 0.97513, -5897.32, 0.992141, -5897.46, 1.00494, -5897.75, -8.10749e-05, -8.098e-05, -8.09853e-05, 0.04, 1.01819, 0.0402316, -0.287937, 0.0400879
259.101, 0.97514, -5897.41, 0.992151, -5897.54, 1.00495, -5897.83, -8.08727e-05, -8.09504e-05, -8.09141e-05, 0.04, 1.01819, 0.0402314, -0.287943, 0.0400925
259.151, 0.975149, -5897.49, 0.99216, -5897.63, 1.00496, -5897.92, -8.09999e-05, -8.09929e-05, -8.09502e-05, 0.04, 1.01819, 0.0402317, -0.287948, 0.0400971
259.202, 0.975158, -5897.58, 0.99217, -5897.72, 1.00497, -5898.01, -8.09967e-05, -8.09967e-05, -8.10362e-05, 0.04, 1.01819, 0.0402312, -0.287953, 0.0401016
259.252, 0.975167, -5897.67, 0.992179, -5897.8, 1.00498, -5898.1, -8.09504e-05, -8.08896e-05, -8.09237e-05, 0.04, 1.01819, 0.0402313, -0.287959, 0.0401061
259.302, 0.975175, -5897.75, 0.992186, -5897.89, 1.00498, -5898.18, -8.09504e-05, -8.0982e-05, -8.09497e-05, 0.04, 1.01819, 0.0402312, -0.287964, 0.0401106
259.353, 0.975181, -5897.84, 0.992193, -5897.98, 1.00499, -5898.27, -8.09581e-05, -8.09504e-05, -8.09474e-05, 0.04, 1.01819, 0.0402312, -0.287968, 0.0401149
259.403, 0.975187, -5897.93, 0.992199, -5898.07, 1.005, -5898.36, -8.09504e-05, -8.09477e-05, -8.09436e-05, 0.04, 1.01819, 0.0402313, -0.287971, 0.0401191
259.453, 0.975193, -5898.02, 0.992206, -5898.15, 1.005, -5898.45, -8.09373e-05, -8.0859e-05, -8.09253e-05, 0.04, 1.01819, 0.0402313, -0.287975, 0.0401234
259.504, 0.9752, -5898.1, 0.992212, -5898.24, 1.00501, -5898.53, -8.09504e-05, -8.09504e-05, -8.10495e-05, 0.04, 1.01819, 0.0402316, -0.287979, 0.0401275
259.554, 0.975206, -5898.19, 0.992218, -5898.33, 1.00502, -5898.62, -8.09501e-05, -8.09469e-05, -8.08775e-05, 0.04, 1.01819, 0.0402315, -0.287982, 0.0401317
259.604, 0.975212, -5898.28, 0.992225, -5898.42, 1.00502, -5898.71, -8.08009e-05, -8.09181e-05, -8.07985e-05, 0.04, 1.01819, 0.0402314, -0.287986, 0.0401358
259.655, 0.975218, -5898.37, 0.992231, -5898.5, 1.00503, -5898.8, -8.09501e-05, -8.10105e-05, -8.09504e-05, 0.04, 1.01819, 0.0402311, -0.28799, 0.0401399
259.705, 0.975225, -5898.45, 0.992237, -5898.59, 1.00504, -5898.88, -8.09361e-05, -8.09503e-05, -8.09504e-05, 0.04, 1.01819, 0.0402313, -0.287994, 0.0401438
259.756, 0.975231, -5898.54, 0.992244, -5898.68, 1.00504, -5898.97, -8.09504e-05, -8.09495e-05, -8.09503e-05, 0.04, 1.01819, 0.0402317, -0.287998, 0.0401478
259.806, 0.975237, -5898.63, 0.99225, -5898.77, 1.00505, -5899.06, -8.09421e-05, -8.10144e-05, -8.09495e-05, 0.04, 1.01819, 0.0402314, -0.288001, 0.0401516
259.856, 0.975243, -5898.72, 0.992257, -5898.85, 1.00506, -5899.15, -8.09736e-05, -8.09726e-05, -8.0946e-05, 0.04, 1.01819, 0.0402311, -0.288005, 0.0401554
259.907, 0.97525, -5898.8, 0.992263, -5898.94, 1.00506, -5899.23, -8.09504e-05, -8.09504e-05, -8.09427e-05, 0.04, 1.01819, 0.0402318, -0.288009, 0.0401592
259.957, 0.975254, -5898.89, 0.992268, -5899.03, 1.00507, -5899.32, -8.09635e-05, -8.09909e-05, -8.09907e-05, 0.04, 1.01819, 0.0402316, -0.288012, 0.040163
260, 0.975257, -5898.97, 0.99227, -5899.1, 1.00507, -5899.4, -8.09418e-05, -8.09503e-05, -8.09503e-05, 0.04, 1.01819, 0.0402311, -0.288013, 0.0401661
260, 0.975257, -5898.97, 0.99227, -5899.1, 1.00507, -5899.4, -8.09418e-05, -8.09503e-05, -8.09503e-05, 0.04, 1.01819, 0.0402313, -0.288011, 0.0401661
260.051, 0.97526, -5899.05, 0.992274, -5899.19, 1.00507, -5899.48, -8.09503e-05, -8.09504e-05, -8.0964e-05, 0.04, 1.01819, 0.0402315, -0.288015, 0.0401697
260.101, 0.975263, -5899.14, 0.992277, -5899.28, 1.00508, -5899.57, -8.09934e-05, -8.08938e-05, -8.09496e-05, 0.04, 1.01819, 0.0402314, -0.288017, 0.0401732
260.151, 0.975267, -5899.23, 0.99228, -5899.37, 1.00508, -5899.66, -8.10998e-05, -8.09504e-05, -8.09726e-05, 0.04, 1.01819, 0.0402313, -0.288019, 0.0401767
260.202, 0.97527, -5899.31, 0.992283, -5899.45, 1.00508, -5899.74, -6.55153e-05, -6.55548e-05, -6.55058e-05, 0.04, 1.01819, 0.0402313, -0.28802, 0.0401802
260.252, 0.975273, -5899.38, 0.992286, -5899.52, 1.00509, -5899.81, -6.07128e-05, -6.07024e-05, -6.0715e-05, 0.04, 1.01819, 0.0402314, -0.288022, 0.0401835
260.302, 0.975276, -5899.44, 0.992289, -5899.58, 1.00509, -5899.87, -6.07563e-05, -6.07128e-05, -6.07031e-05, 0.04, 1.01819, 0.0402316, -0.288024, 0.0401868
260.353, 0.975279, -5899.51, 0.992293, -5899.65, 1.00509, -5899.94, -6.07127e-05, -6.08002e-05, -6.07128e-05, 0.04, 1.01819, 0.0402313, -0.288026, 0.0401901
260.403, 0.975282, -5899.58, 0.992296, -5899.71, 1.0051, -5900, -6.07128e-05, -6.07066e-05, -6.0706e-05, 0.04, 1.01819, 0.0402313, -0.288028, 0.0401934
260.453, 0.975285, -5899.64, 0.992299, -5899.78, 1.0051, -5900.07, -6.07364e-05, -6.07128e-05, -6.07128e-05, 0.04, 1.01819, 0.0402317, -0.28803, 0.0401965
260.504, 0.975288, -5899.71, 0.992302, -5899.84, 1.0051, -5900.14, -6.06424e-05, -6.05981e-05, -6.06195e-05, 0.04, 1.01819, 0.0402316, -0.288031, 0.0401996
260.554, 0.975291, -5899.77, 0.992305, -5899.91, 1.00511, -5900.2, -6.07128e-05, -6.07128e-05, -6.07128e-05, 0.04, 1.01819, 0.0402312, -0.288033, 0.0402026
260.605, 0.975295, -5899.84, 0.992308, -5899.98, 1.00511, -5900.27, -6.07135e-05, -6.07177e-05, -6.06482e-05, 0.04, 1.01819, 0.0402313, -0.288035, 0.0402056
260.655, 0.975298, -5899.9, 0.992312, -5900.04, 1.00511, -5900.33, -6.07595e-05, -6.0623e-05, -6.07127e-05, 0.04, 1.01819, 0.040231, -0.288037, 0.0402086
260.705, 0.9753, -5899.97, 0.992314, -5900.11, 1.00511, -5900.4, -6.07087e-05, -6.07119e-05, -6.07182e-05, 0.04, 1.01819, 0.0402315, -0.288039, 0.0402114
260.756, 0.975301, -5900.04, 0.992315, -5900.17, 1.00511, -5900.46, -6.07128e-05, -6.07128e-05, -6.0773e-05, 0.04, 1.01819, 0.0402314, -0.288039, 0.0402142
260.806, 0.975301, -5900.1, 0.992315, -5900.24, 1.00511, -5900.53, -6.07128e-05, -6.07128e-05, -6.08055e-05, 0.04, 1.01819, 0.0402317, -0.288039, 0.040217
260.856, 0.975301, -5900.17, 0.992315, -5900.3, 1.00511, -5900.59, -6.07128e-05, -6.07128e-05, -6.07648e-05, 0.04, 1.01819, 0.0402315, -0.288039, 0.0402197
260.907, 0.975301, -5900.23, 0.992315, -5900.37, 1.00511, -5900.66, -6.07128e-05, -6.07128e-05, -6.06238e-05, 0.04, 1.01819, 0.0402316, -0.288039, 0.0402223
260.957, 0.975301, -5900.3, 0.992315, -5900.43, 1.00511, -5900.73, -6.07128e-05, -6.07128e-05, -6.07681e-05, 0.04, 1.01819, 0.0402318, -0.288039, 0.0402249
261, 0.975301, -5900.35, 0.992315, -5900.49, 1.00511, -5900.78, -6.07128e-05, -6.07128e-05, -6.0799e-05, 0.04, 1.01819, 0.0402314, -0.288039, 0.040227
261, 0.975301, -5900.35, 0.992315, -5900.49, 1.00511, -5900.78, -6.07128e-05, -6.07128e-05, -6.0799e-05, 0.04, 1.01819, 0.0402315, -0.288038, 0.0402271
261.051, 0.975301, -5900.42, 0.992315, -5900.56, 1.00511, -5900.85, -6.07128e-05, -6.07128e-05, -6.0622e-05, 0.04, 1.01819, 0.0402315, -0.288039, 0.0402296
261.101, 0.975301, -5900.48, 0.992315, -5900.62, 1.00511, -5900.91, -6.07128e-05, -6.07128e-05, -6.0776e-05, 0.04, 1.01819, 0.0402316, -0.288039, 0.040232
261.151, 0.975301, -5900.55, 0.992315, -5900.69, 1.00511, -5900.98, -6.07128e-05, -6.07128e-05, -6.06453e-05, 0.04, 1.01819, 0.0402318, -0.288039, 0.0402343
261.202, 0.975301, -5900.62, 0.992315, -5900.75, 1.00511, -5901.04, -6.07128e-05, -6.07128e-05, -6.06047e-05, 0.04, 1.01819, 0.0402309, -0.288039, 0.0402366
261.252, 0.975301, -5900.68, 0.992315, -5900.82, 1.00511, -5901.11, -6.07128e-05, -6.07128e-05, -6.05701e-05, 0.04, 1.01819, 0.0402316, -0.288039, 0.0402389
261.302, 0.975301, -5900.75, 0.992315, -5900.88, 1.00511, -5901.18, -6.07128e-05, -6.07128e-05, -6.06105e-05, 0.04, 1.01819, 0.0402314, -0.288039, 0.0402411
261.353, 0.975301, -5900.81, 0.992315, -5900.95, 1.00511, -5901.24, -6.07128e-05, -6.07128e-05, -6.07416e-05, 0.04, 1.01819, 0.0402314, -0.288039, 0.0402432
261.403, 0.975301, -5900.88, 0.992315, -5901.02, 1.00511, -5901.31, -6.07128e-05, -6.07128e-05, -6.06687e-05, 0.04, 1.01819, 0.0402314, -0.288039, 0.0402454
261.453, 0.975301, -5900.94, 0.992315, -5901.08, 1.00511, -5901.37, -6.07128e-05, -6.07128e-05, -6.08167e-05, 0.04, 1.01819, 0.0402318, -0.288039, 0.0402474
261.504, 0.975301, -5901.01, 0.992315, -5901.15, 1.00511, -5901.44, -6.07128e-05, -6.07128e-05, -6.08023e-05, 0.04, 1.01819, 0.0402311, -0.288039, 0.0402493
261.554, 0.975301, -5901.07, 0.992315, -5901.21, 1.00511, -5901.5, -6.07128e-05, -6.07128e-05, -6.07605e-05, 0.04, 1.01819, 0.0402314, -0.288039, 0.0402513
261.605, 0.975301, -5901.14, 0.992315, -5901.28, 1.00511, -5901.57, -6.07128e-05, -6.05547e-05, -6.0587e-05, 0.04, 1.01819, 0.0402314, -0.288039, 0.0402532
261.655, 0.975301, -5901.21, 0.992315, -5901.34, 1.00511, -5901.63, -6.07128e-05, -6.07128e-05, -6.07452e-05, 0.04, 1.01819, 0.0402316, -0.288039, 0.040255
261.705, 0.9753, -5901.27, 0.992314, -5901.41, 1.00511, -5901.7, -6.07128e-05, -6.07128e-05, -6.07739e-05, 0.04, 1.01819, 0.0402315, -0.288038, 0.0402567
261.756, 0.975297, -5901.34, 0.992311, -5901.47, 1.00511, -5901.77, -6.07098e-05, -6.07128e-05, -6.07128e-05, 0.04, 1.01819, 0.0402318, -0.288037, 0.0402584
261.806, 0.975294, -5901.4, 0.992308, -5901.54, 1.00511, -5901.83, -6.07594e-05, -6.07449e-05, -6.07092e-05, 0.04, 1.01819, 0.0402315, -0.288035, 0.0402601
261.856, 0.975291, -5901.47, 0.992305, -5901.61, 1.0051, -5901.9, -6.07128e-05, -6.07128e-05, -6.07146e-05, 0.04, 1.01819, 0.0402314, -0.288033, 0.0402617
261.907, 0.975288, -5901.53, 0.992301, -5901.67, 1.0051, -5901.96, -6.07128e-05, -6.08447e-05, -6.06906e-05, 0.04, 1.01819, 0.0402313, -0.288031, 0.0402633
261.957, 0.975285, -5901.6, 0.992298, -5901.74, 1.0051, -5902.03, -6.06843e-05, -6.07145e-05, -6.07132e-05, 0.04, 1.01819, 0.0402314, -0.288029, 0.0402648
262, 0.975282, -5901.66, 0.992296, -5901.79, 1.0051, -5902.08, -6.07216e-05, -6.07128e-05, -6.07128e-05, 0.04, 1.01819, 0.0402316, -0.288027, 0.0402661
262, 0.975282, -5901.66, 0.992295, -5901.79, 1.0051, -5902.08, -6.07216e-05, -6.07128e-05, -6.07128e-05, 0.04, 1.01819, 0.0402313, -0.288027, 0.0402661
262.051, 0.975279, -5901.72, 0.992293, -5901.86, 1.00509, -5902.15, -6.07106e-05, -6.0848e-05, -6.07622e-05, 0.04, 1.01819, 0.0402312, -0.288026, 0.0402675
262.101, 0.975276, -5901.79, 0.992289, -5901.92, 1.00509, -5902.22, -6.07128e-05, -6.07903e-05, -6.07128e-05, 0.04, 1.01819, 0.0402315, -0.288024, 0.0402688
262.151, 0.975273, -5901.85, 0.992286, -5901.99, 1.00509, -5902.28, -6.06032e-05, -6.07128e-05, -6.06508e-05, 0.04, 1.01819, 0.0402313, -0.288022, 0.0402701
262.202, 0.97527, -5901.92, 0.992283, -5902.05, 1.00508, -5902.35, -6.07128e-05, -6.06851e-05, -6.07135e-05, 0.04, 1.01819, 0.0402315, -0.28802, 0.0402714
262.252, 0.975267, -5901.98, 0.99228, -5902.12, 1.00508, -5902.41, -6.07128e-05, -6.07434e-05, -6.06662e-05, 0.04, 1.01819, 0.0402314, -0.288019, 0.0402726
262.302, 0.975264, -5902.05, 0.992277, -5902.19, 1.00508, -5902.48, -6.08669e-05, -6.07128e-05, -6.07182e-05, 0.04, 1.01819, 0.0402312, -0.288016, 0.0402737
262.353, 0.97526, -5902.11, 0.992274, -5902.25, 1.00507, -5902.54, -6.07418e-05, -6.06958e-05, -6.07128e-05, 0.04, 1.01819, 0.0402314, -0.288014, 0.0402749
262.403, 0.975257, -5902.18, 0.992271, -5902.32, 1.00507, -5902.61, -6.07128e-05, -6.07187e-05, -6.07501e-05, 0.04, 1.01819, 0.0402312, -0.288013, 0.0402759
262.454, 0.975254, -5902.25, 0.992268, -5902.38, 1.00507, -5902.67, -6.07128e-05, -6.07128e-05, -6.07128e-05, 0.04, 1.01819, 0.0402313, -0.288011, 0.0402769
262.504, 0.975251, -5902.31, 0.992264, -5902.45, 1.00506, -5902.74, -6.07864e-05, -6.06753e-05, -6.07986e-05, 0.04, 1.01819, 0.0402311, -0.288009, 0.0402779
262.554, 0.975248, -5902.38, 0.992261, -5902.51, 1.00506, -5902.81, -6.07131e-05, -6.07138e-05, -6.07128e-05, 0.04, 1.01819, 0.0402312, -0.288008, 0.0402788
262.605, 0.975245, -5902.44, 0.992258, -5902.58, 1.00506, -5902.87, -6.07128e-05, -6.07128e-05, -6.061e-05, 0.04, 1.01819, 0.0402313, -0.288006, 0.0402797
262.655, 0.975242, -5902.51, 0.992255, -5902.65, 1.00505, -5902.94, -6.08243e-05, -6.07847e-05, -6.0713e-05, 0.04, 1.01819, 0.0402311, -0.288003, 0.0402805
262.705, 0.975239, -5902.57, 0.992252, -5902.71, 1.00505, -5903, -6.0745e-05, -6.07135e-05, -6.08322e-05, 0.04, 1.01819, 0.0402316, -0.288002, 0.0402814
262.756, 0.975236, -5902.64, 0.992249, -5902.78, 1.00505, -5903.07, -6.07128e-05, -6.07128e-05, -6.07229e-05, 0.04, 1.01819, 0.0402313, -0.288, 0.0402821
262.806, 0.975233, -5902.7, 0.992245, -5902.84, 1.00504, -5903.13, -6.07128e-05, -6.07964e-05, -6.07128e-05, 0.04, 1.01819, 0.0402311, -0.287998, 0.0402827
262.856, 0.97523, -5902.77, 0.992242, -5902.91, 1.00504, -5903.2, -6.06342e-05, -6.07427e-05, -6.07824e-05, 0.04, 1.01819, 0.0402312, -0.287996, 0.0402834
262.907, 0.975227, -5902.84, 0.992239, -5902.97, 1.00504, -5903.26, -6.07158e-05, -6.07124e-05, -6.07128e-05, 0.04, 1.01819, 0.0402312, -0.287995, 0.040284
262.957, 0.975223, -5902.9, 0.992236, -5903.04, 1.00504, -5903.33, -6.08709e-05, -6.07263e-05, -6.07375e-05, 0.04, 1.01819, 0.0402313, -0.287992, 0.0402846
263, 0.975221, -5902.96, 0.992233, -5903.09, 1.00503, -5903.39, -6.08708e-05, -6.07128e-05, -6.07128e-05, 0.04, 1.01819, 0.0402312, -0.287991, 0.040285
263, 0.975221, -5902.96, 0.992233, -5903.09, 1.00503, -5903.39, -6.08708e-05, -6.07128e-05, -6.07128e-05, 0.04, 1.01819, 0.040231, -0.28799, 0.0402851
263.051, 0.975218, -5903.02, 0.99223, -5903.16, 1.00503, -5903.45, -6.07406e-05, -6.06906e-05, -6.0683e-05, 0.04, 1.01819, 0.0402311, -0.287989, 0.0402855
263.101, 0.975215, -5903.09, 0.992227, -5903.23, 1.00503, -5903.52, -6.07128e-05, -6.07328e-05, -6.07128e-05, 0.04, 1.01819, 0.0402316, -0.287987, 0.040286
263.151, 0.975212, -5903.15, 0.992224, -5903.29, 1.00502, -5903.58, -6.07128e-05, -6.07128e-05, -6.07128e-05, 0.04, 1.01819, 0.0402314, -0.287985, 0.0402864
263.202, 0.975208, -5903.22, 0.992221, -5903.36, 1.00502, -5903.65, -6.06835e-05, -6.07128e-05, -6.05647e-05, 0.04, 1.01819, 0.0402313, -0.287984, 0.0402868
263.252, 0.975205, -5903.29, 0.992218, -5903.42, 1.00502, -5903.71, -6.07181e-05, -6.07648e-05, -6.07128e-05, 0.04, 1.01819, 0.0402314, -0.287982, 0.0402871
263.302, 0.975202, -5903.35, 0.992215, -5903.49, 1.00501, -5903.78, -6.07128e-05, -6.07128e-05, -6.07531e-05, 0.04, 1.01819, 0.0402315, -0.28798, 0.0402874
263.353, 0.975199, -5903.42, 0.992211, -5903.55, 1.00501, -5903.85, -6.06632e-05, -6.06702e-05, -6.07128e-05, 0.04, 1.01819, 0.0402314, -0.287978, 0.0402876
263.403, 0.975193, -5903.48, 0.992205, -5903.62, 1.005, -5903.91, -6.07158e-05, -6.07128e-05, -6.07133e-05, 0.04, 1.01819, 0.0402312, -0.287974, 0.0402878
263.454, 0.975186, -5903.53, 0.992198, -5903.67, 1.005, -5903.96, -4.0394e-05, -4.04834e-05, -4.04837e-05, 0.04, 1.01819, 0.0402314, -0.28797, 0.040288
263.504, 0.97518, -5903.57, 0.992192, -5903.71, 1.00499, -5904, -4.04752e-05, -4.04682e-05, -4.05122e-05, 0.04, 1.01819, 0.0402314, -0.287966, 0.0402882
263.554, 0.975174, -5903.62, 0.992186, -5903.75, 1.00498, -5904.05, -4.04933e-05, -4.04752e-05, -4.052e-05, 0.04, 1.01819, 0.0402311, -0.287962, 0.0402883
263.605, 0.975168, -5903.66, 0.99218, -5903.8, 1.00498, -5904.09, -4.04658e-05, -4.05148e-05, -4.04475e-05, 0.04, 1.01819, 0.0402316, -0.287959, 0.0402883
263.655, 0.975162, -5903.7, 0.992173, -5903.84, 1.00497, -5904.13, -4.0482e-05, -4.05921e-05, -4.06333e-05, 0.04, 1.01819, 0.0402314, -0.287955, 0.0402883
263.705, 0.975156, -5903.75, 0.992167, -5903.89, 1.00497, -5904.18, -4.04752e-05, -4.04752e-05, -4.04752e-05, 0.04, 1.01819, 0.0402316, -0.287952, 0.0402883
263.756, 0.97515, -5903.79, 0.992161, -5903.93, 1.00496, -5904.22, -4.04754e-05, -4.04754e-05, -4.04753e-05, 0.04, 1.01819, 0.0402313, -0.287948, 0.0402883
263.806, 0.975143, -5903.84, 0.992155, -5903.97, 1.00495, -5904.26, -4.0475e-05, -4.04065e-05, -4.04762e-05, 0.04, 1.01819, 0.040231, -0.287944, 0.0402882
263.856, 0.975137, -5903.88, 0.992148, -5904.02, 1.00495, -5904.31, -4.04752e-05, -4.04752e-05, -4.04755e-05, 0.04, 1.01819, 0.0402314, -0.28794, 0.0402881
263.907, 0.975131, -5903.92, 0.992142, -5904.06, 1.00494, -5904.35, -4.05553e-05, -4.04753e-05, -4.04776e-05, 0.04, 1.01819, 0.0402312, -0.287937, 0.040288
263.957, 0.975125, -5903.97, 0.992136, -5904.1, 1.00493, -5904.4, -4.04752e-05, -4.04836e-05, -4.04777e-05, 0.04, 1.01819, 0.0402316, -0.287933, 0.0402878
264, 0.97512, -5904, 0.99213, -5904.14, 1.00493, -5904.43, -4.04865e-05, -4.04752e-05, -4.05938e-05, 0.04, 1.01819, 0.0402313, -0.28793, 0.0402876
264, 0.97512, -5904, 0.99213, -5904.14, 1.00493, -5904.43, -4.04865e-05, -4.04752e-05, -4.05938e-05, 0.04, 1.01819, 0.040231, -0.28793, 0.0402876
264.051, 0.975114, -5904.05, 0.992124, -5904.19, 1.00492, -5904.48, -4.04751e-05, -4.04753e-05, -4.04752e-05, 0.04, 1.01819, 0.0402312, -0.287926, 0.0402873
264.101, 0.975107, -5904.09, 0.992118, -5904.23, 1.00492, -5904.52, -4.04811e-05, -4.05112e-05, -4.04754e-05, 0.04, 1.01819, 0.0402312, -0.287923, 0.0402871
264.151, 0.975101, -5904.14, 0.992112, -5904.27, 1.00491, -5904.56, -4.04493e-05, -4.04304e-05, -4.04752e-05, 0.04, 1.01819, 0.0402309, -0.287919, 0.0402868
264.202, 0.975095, -5904.18, 0.992105, -5904.32, 1.0049, -5904.61, -4.04752e-05, -4.04752e-05, -4.04753e-05, 0.04, 1.01819, 0.0402313, -0.287915, 0.0402865
264.252, 0.975089, -5904.22, 0.992099, -5904.36, 1.0049, -5904.65, -4.05463e-05, -4.04766e-05, -4.04768e-05, 0.04, 1.01819, 0.0402312, -0.287911, 0.0402861
264.303, 0.975083, -5904.27, 0.992093, -5904.4, 1.00489, -5904.7, -4.04752e-05, -4.05536e-05, -4.0476e-05, 0.04, 1.01819, 0.040231, -0.287908, 0.0402858
264.353, 0.975076, -5904.31, 0.992086, -5904.45, 1.00488, -5904.74, -4.05009e-05, -4.04752e-05, -4.05289e-05, 0.04, 1.01819, 0.0402313, -0.287904, 0.0402854
264.403, 0.97507, -5904.35, 0.99208, -5904.49, 1.00488, -5904.78, -4.05938e-05, -4.04754e-05, -4.05878e-05, 0.04, 1.01819, 0.0402309, -0.287901, 0.040285
264.454, 0.975066, -5904.4, 0.992076, -5904.54, 1.00487, -5904.83, -4.04772e-05, -4.03788e-05, -4.04752e-05, 0.04, 1.01819, 0.0402313, -0.287898, 0.0402846
264.504, 0.975063, -5904.44, 0.992073, -5904.58, 1.00487, -5904.87, -4.04752e-05, -4.04823e-05, -4.05219e-05, 0.04, 1.01819, 0.0402317, -0.287896, 0.040284
264.554, 0.97506, -5904.49, 0.992069, -5904.62, 1.00487, -5904.91, -4.04114e-05, -4.04305e-05, -4.04652e-05, 0.04, 1.01819, 0.0402315, -0.287894, 0.0402834
264.605, 0.975057, -5904.53, 0.992066, -5904.67, 1.00486, -5904.96, -4.05386e-05, -4.05336e-05, -4.05365e-05, 0.04, 1.01819, 0.0402313, -0.287892, 0.0402829
264.655, 0.975053, -5904.57, 0.992063, -5904.71, 1.00486, -5905, -4.04752e-05, -4.04753e-05, -4.04752e-05, 0.04, 1.01819, 0.0402313, -0.28789, 0.0402823
264.705, 0.97505, -5904.62, 0.99206, -5904.75, 1.00486, -5905.05, -4.0473e-05, -4.04678e-05, -4.03939e-05, 0.04, 1.01819, 0.0402312, -0.287889, 0.0402818
264.756, 0.975045, -5904.66, 0.992054, -5904.8, 1.00485, -5905.09, -4.0515e-05, -4.0476e-05, -4.04752e-05, 0.04, 1.01819, 0.0402315, -0.287885, 0.0402811
264.806, 0.975039, -5904.7, 0.992048, -5904.84, 1.00484, -5905.13, -4.0449e-05, -4.05074e-05, -4.04752e-05, 0.04, 1.01819, 0.0402313, -0.287881, 0.0402805
264.856, 0.975032, -5904.75, 0.992042, -5904.88, 1.00484, -5905.18, -4.04765e-05, -4.04745e-05, -4.04765e-05, 0.04, 1.01819, 0.0402314, -0.287878, 0.0402798
264.907, 0.975026, -5904.79, 0.992035, -5904.93, 1.00483, -5905.22, -4.05968e-05, -4.04753e-05, -4.04826e-05, 0.04, 1.01819, 0.0402313, -0.287874, 0.0402792
264.957, 0.97502, -5904.83, 0.992029, -5904.97, 1.00483, -5905.26, -4.04752e-05, -4.05018e-05, -4.04798e-05, 0.04, 1.01819, 0.0402311, -0.28787, 0.0402785
265, 0.975015, -5904.87, 0.992024, -5905.01, 1.00482, -5905.3, -4.03447e-05, -4.04357e-05, -4.03438e-05, 0.04, 1.01819, 0.0402314, -0.287867, 0.0402779
265, 0.975015, -5904.87, 0.992024, -5905.01, 1.00482, -5905.3, -4.03447e-05, -4.04357e-05, -4.03438e-05, 0.04, 1.01819, 0.0402312, -0.287867, 0.0402779
265.051, 0.975011, -5904.92, 0.99202, -5905.05, 1.00482, -5905.35, -4.04752e-05, -4.04764e-05, -4.04745e-05, 0.04, 1.01819, 0.0402311, -0.287865, 0.0402772
265.101, 0.975008, -5904.96, 0.992017, -5905.1, 1.00481, -5905.39, -4.04752e-05, -4.04752e-05, -4.03217e-05, 0.04, 1.01819, 0.0402315, -0.287863, 0.0402764
265.151, 0.975005, -5905, 0.992014, -5905.14, 1.00481, -5905.43, -4.03779e-05, -4.03545e-05, -4.04752e-05, 0.04, 1.01819, 0.0402312, -0.287861, 0.0402757
265.202, 0.975002, -5905.05, 0.992011, -5905.18, 1.00481, -5905.48, -4.04754e-05, -4.04752e-05, -4.05958e-05, 0.04, 1.01819, 0.0402314, -0.287859, 0.0402749
265.252, 0.974999, -5905.09, 0.992007, -5905.23, 1.0048, -5905.52, -4.04752e-05, -4.04456e-05, -4.04753e-05, 0.04, 1.01819, 0.0402313, -0.287857, 0.0402742
265.303, 0.974996, -5905.13, 0.992004, -5905.27, 1.0048, -5905.56, -4.04042e-05, -4.03496e-05, -4.03998e-05, 0.04, 1.01819, 0.0402311, -0.287856, 0.0402734
265.353, 0.974991, -5905.18, 0.991999, -5905.32, 1.00479, -5905.61, -4.04756e-05, -4.04752e-05, -4.04752e-05, 0.04, 1.01819, 0.0402313, -0.287852, 0.0402726
265.403, 0.974985, -5905.22, 0.991993, -5905.36, 1.00479, -5905.65, -4.04752e-05, -4.04861e-05, -4.0476e-05, 0.04, 1.01819, 0.0402307, -0.287849, 0.0402717
265.454, 0.974979, -5905.27, 0.991987, -5905.4, 1.00478, -5905.7, -4.04814e-05, -4.04752e-05, -4.04788e-05, 0.04, 1.01819, 0.0402313, -0.287846, 0.0402708
265.504, 0.974972, -5905.31, 0.991981, -5905.45, 1.00478, -5905.74, -4.05898e-05, -4.04752e-05, -4.04867e-05, 0.04, 1.01819, 0.0402312, -0.287841, 0.0402699
265.554, 0.974966, -5905.35, 0.991974, -5905.49, 1.00477, -5905.78, -4.04752e-05, -4.05845e-05, -4.04441e-05, 0.04, 1.01819, 0.0402315, -0.287838, 0.040269
265.605, 0.974961, -5905.4, 0.991969, -5905.53, 1.00476, -5905.83, -4.05766e-05, -4.04653e-05, -4.04745e-05, 0.04, 1.01819, 0.0402308, -0.287834, 0.0402681
265.655, 0.974958, -5905.44, 0.991965, -5905.58, 1.00476, -5905.87, -4.04753e-05, -4.04769e-05, -4.04767e-05, 0.04, 1.01819, 0.0402308, -0.287832, 0.0402672
265.705, 0.974954, -5905.48, 0.991962, -5905.62, 1.00476, -5905.91, -4.04585e-05, -4.04752e-05, -4.04043e-05, 0.04, 1.01819, 0.0402308, -0.28783, 0.0402662
265.756, 0.974951, -5905.53, 0.991959, -5905.67, 1.00475, -5905.96, -4.05605e-05, -4.05186e-05, -4.04783e-05, 0.04, 1.01819, 0.0402311, -0.287829, 0.0402653
265.806, 0.974948, -5905.57, 0.991956, -5905.71, 1.00475, -5906, -4.04756e-05, -4.04753e-05, -4.04752e-05, 0.04, 1.01819, 0.0402316, -0.287827, 0.0402643
265.856, 0.974945, -5905.62, 0.991953, -5905.75, 1.00475, -5906.04, -4.04752e-05, -4.04326e-05, -4.04756e-05, 0.04, 1.01819, 0.0402309, -0.287825, 0.0402633
265.907, 0.974942, -5905.66, 0.991949, -5905.8, 1.00474, -5906.09, -4.04214e-05, -4.04932e-05, -4.04752e-05, 0.04, 1.01819, 0.0402308, -0.287823, 0.0402624
265.957, 0.974939, -5905.7, 0.991946, -5905.84, 1.00474, -5906.13, -4.05123e-05, -4.04752e-05, -4.04779e-05, 0.04, 1.01819, 0.0402314, -0.287821, 0.0402614
266, 0.974934, -5905.74, 0.991941, -5905.88, 1.00474, -5906.17, -4.04752e-05, -4.05693e-05, -4.04748e-05, 0.04, 1.01819, 0.040231, -0.287818, 0.0402606
266, 0.974934, -5905.74, 0.991941, -5905.88, 1.00474, -5906.17, -4.04752e-05, -4.05693e-05, -4.04748e-05, 0.04, 1.01819, 0.0402314, -0.287818, 0.0402606
266.051, 0.974928, -5905.78, 0.991935, -5905.92, 1.00473, -5906.21, -4.05166e-05, -4.04752e-05, -4.04752e-05, 0.04, 1.01819, 0.0402309, -0.287814, 0.0402596
266.101, 0.974921, -5905.83, 0.991929, -5905.97, 1.00472, -5906.26, -4.04752e-05, -4.0476e-05, -4.04752e-05, 0.04, 1.01819, 0.0402314, -0.287811, 0.0402586
266.152, 0.974915, -5905.87, 0.991922, -5906.01, 1.00472, -5906.3, -4.04771e-05, -4.05179e-05, -4.04754e-05, 0.04, 1.01819, 0.0402307, -0.287807, 0.0402575
266.202, 0.974911, -5905.92, 0.991918, -5906.05, 1.00471, -5906.34, -4.04752e-05, -4.04752e-05, -4.04825e-05, 0.04, 1.01819, 0.0402312, -0.287805, 0.0402565
266.252, 0.974908, -5905.96, 0.991915, -5906.1, 1.00471, -5906.39, -4.0534e-05, -4.03771e-05, -4.04752e-05, 0.04, 1.01819, 0.0402309, -0.287802, 0.0402555
266.303, 0.974905, -5906, 0.991911, -5906.14, 1.00471, -5906.43, -4.04752e-05, -4.04752e-05, -4.04954e-05, 0.04, 1.01819, 0.0402306, -0.287801, 0.0402545
266.353, 0.974902, -5906.05, 0.991908, -5906.18, 1.0047, -5906.48, -4.04752e-05, -4.04752e-05, -4.04752e-05, 0.04, 1.01819, 0.0402315, -0.2878, 0.0402534
266.403, 0.974898, -5906.09, 0.991905, -5906.23, 1.0047, -5906.52, -4.03584e-05, -4.04966e-05, -4.0348e-05, 0.04, 1.01819, 0.0402309, -0.287797, 0.0402524
266.454, 0.974895, -5906.13, 0.991902, -5906.27, 1.0047, -5906.56, -4.04921e-05, -4.04752e-05, -4.04753e-05, 0.04, 1.01819, 0.0402313, -0.287796, 0.0402514
266.504, 0.974892, -5906.18, 0.991899, -5906.32, 1.00469, -5906.61, -4.04752e-05, -4.05715e-05, -4.05153e-05, 0.04, 1.01819, 0.0402311, -0.287793, 0.0402504
266.554, 0.974889, -5906.22, 0.991896, -5906.36, 1.00469, -5906.65, -4.04675e-05, -4.04967e-05, -4.04753e-05, 0.04, 1.01819, 0.0402313, -0.287791, 0.0402493
266.605, 0.974886, -5906.27, 0.991892, -5906.4, 1.00469, -5906.69, -4.03666e-05, -4.04752e-05, -4.04676e-05, 0.04, 1.01819, 0.0402313, -0.28779, 0.0402482
266.655, 0.974883, -5906.31, 0.991889, -5906.45, 1.00468, -5906.74, -4.04752e-05, -4.04105e-05, -4.04956e-05, 0.04, 1.01819, 0.0402314, -0.287788, 0.0402471
266.705, 0.974878, -5906.35, 0.991884, -5906.49, 1.00468, -5906.78, -4.06281e-05, -4.04752e-05, -4.04327e-05, 0.04, 1.01819, 0.040231, -0.287785, 0.040246
266.756, 0.974871, -5906.4, 0.991878, -5906.53, 1.00467, -5906.83, -4.04753e-05, -4.05647e-05, -4.04752e-05, 0.04, 1.01819, 0.0402313, -0.287781, 0.0402448
266.806, 0.974867, -5906.44, 0.991873, -5906.58, 1.00467, -5906.87, -4.04291e-05, -4.04752e-05, -4.04753e-05, 0.04, 1.01819, 0.0402309, -0.287779, 0.0402437
266.856, 0.974864, -5906.48, 0.99187, -5906.62, 1.00466, -5906.91, -4.04889e-05, -4.05008e-05, -4.0494e-05, 0.04, 1.01819, 0.0402307, -0.287776, 0.0402426
266.907, 0.974861, -5906.53, 0.991867, -5906.67, 1.00466, -5906.96, -4.04752e-05, -4.04752e-05, -4.04752e-05, 0.04, 1.01819, 0.0402313, -0.287775, 0.0402415
266.957, 0.974857, -5906.57, 0.991863, -5906.71, 1.00466, -5907, -4.04752e-05, -4.06333e-05, -4.05298e-05, 0.04, 1.01819, 0.0402316, -0.287772, 0.0402404
267, 0.974855, -5906.61, 0.991861, -5906.75, 1.00465, -5907.04, -4.0518e-05, -4.05095e-05, -4.04757e-05, 0.04, 1.01819, 0.0402312, -0.287772, 0.0402394
267, 0.974855, -5906.61, 0.991861, -5906.75, 1.00465, -5907.04, -4.0518e-05, -4.05095e-05, -4.04757e-05, 0.04, 1.01819, 0.0402315, -0.28777, 0.0402394
267.051, 0.974852, -5906.65, 0.991858, -5906.79, 1.00465, -5907.08, -4.04766e-05, -4.04752e-05, -4.04615e-05, 0.04, 1.01819, 0.0402313, -0.287769, 0.0402383
267.101, 0.974849, -5906.7, 0.991854, -5906.83, 1.00465, -5907.13, -4.04752e-05, -4.04585e-05, -4.04779e-05, 0.04, 1.01819, 0.0402309, -0.287767, 0.0402372
267.152, 0.974845, -5906.74, 0.991851, -5906.88, 1.00464, -5907.17, -4.04518e-05, -4.04775e-05, -4.04752e-05, 0.04, 1.01819, 0.0402312, -0.287766, 0.0402361
267.202, 0.974842, -5906.78, 0.991848, -5906.92, 1.00464, -5907.21, -4.04848e-05, -4.04752e-05, -4.04912e-05, 0.04, 1.01819, 0.0402311, -0.287763, 0.0402349
267.252, 0.974839, -5906.82, 0.991845, -5906.96, 1.00464, -5907.25, -2.03897e-05, -2.03486e-05, -2.03897e-05, 0.04, 1.01819, 0.0402309, -0.287762, 0.0402337
267.303, 0.974836, -5906.84, 0.991842, -5906.98, 1.00463, -5907.27, -2.02376e-05, -2.02404e-05, -2.03167e-05, 0.04, 1.01819, 0.0402313, -0.287759, 0.0402324
267.353, 0.974833, -5906.86, 0.991838, -5907, 1.00463, -5907.29, -2.01768e-05, -2.02378e-05, -2.02378e-05, 0.04, 1.01819, 0.0402309, -0.287758, 0.0402313
267.403, 0.97483, -5906.89, 0.991835, -5907.02, 1.00463, -5907.31, -2.02377e-05, -2.01777e-05, -2.01826e-05, 0.04, 1.01819, 0.0402312, -0.287756, 0.0402302
267.454, 0.974827, -5906.91, 0.991832, -5907.04, 1.00463, -5907.34, -2.02376e-05, -2.02485e-05, -2.02376e-05, 0.04, 1.01819, 0.0402306, -0.287753, 0.040229
267.504, 0.974823, -5906.93, 0.991829, -5907.07, 1.00462, -5907.36, -2.01563e-05, -2.02376e-05, -2.0208e-05, 0.04, 1.01819, 0.0402309, -0.287752, 0.0402279
267.554, 0.97482, -5906.95, 0.991826, -5907.09, 1.00462, -5907.38, -2.02491e-05, -2.01659e-05, -2.02479e-05, 0.04, 1.01819, 0.040231, -0.28775, 0.0402268
267.605, 0.974817, -5906.97, 0.991823, -5907.11, 1.00462, -5907.4, -2.02376e-05, -2.02378e-05, -2.02376e-05, 0.04, 1.01819, 0.0402307, -0.287748, 0.0402257
267.655, 0.974814, -5906.99, 0.991819, -5907.13, 1.00461, -5907.42, -2.0386e-05, -2.02283e-05, -2.02609e-05, 0.04, 1.01819, 0.0402314, -0.287746, 0.0402246
267.705, 0.974811, -5907.02, 0.991816, -5907.15, 1.00461, -5907.45, -2.02857e-05, -2.02998e-05, -2.02376e-05, 0.04, 1.01819, 0.0402311, -0.287744, 0.0402235
267.756, 0.974808, -5907.04, 0.991813, -5907.18, 1.00461, -5907.47, -2.02376e-05, -2.02376e-05, -2.02643e-05, 0.04, 1.01819, 0.0402308, -0.287743, 0.0402223
267.806, 0.974805, -5907.06, 0.99181, -5907.2, 1.0046, -5907.49, -2.02376e-05, -2.02009e-05, -2.02376e-05, 0.04, 1.01819, 0.0402313, -0.287741, 0.0402212
267.857, 0.974802, -5907.08, 0.991807, -5907.22, 1.0046, -5907.51, -2.03206e-05, -2.02656e-05, -2.03682e-05, 0.04, 1.01819, 0.0402311, -0.287738, 0.0402201
267.907, 0.974798, -5907.1, 0.991803, -5907.24, 1.0046, -5907.53, -2.02702e-05, -2.02672e-05, -2.02376e-05, 0.04, 1.01819, 0.0402312, -0.287737, 0.040219
267.957, 0.974795, -5907.13, 0.9918, -5907.26, 1.00459, -5907.55, -2.02306e-05, -2.02287e-05, -2.03473e-05, 0.04, 1.01819, 0.0402311, -0.287735, 0.0402179
268.001, 0.974793, -5907.14, 0.991798, -5907.28, 1.00459, -5907.57, -2.03815e-05, -2.02629e-05, -2.0238e-05, 0.04, 1.01819, 0.0402313, -0.287734, 0.0402169
268.001, 0.974793, -5907.14, 0.991798, -5907.28, 1.00459, -5907.57, -2.03815e-05, -2.02629e-05, -2.0238e-05, 0.04, 1.01819, 0.0402313, -0.287734, 0.0402169
268.051, 0.97479, -5907.17, 0.991794, -5907.3, 1.00459, -5907.6, -2.02554e-05, -2.02376e-05, -2.01981e-05, 0.04, 1.01819, 0.0402306, -0.287731, 0.0402158
268.101, 0.974786, -5907.19, 0.991791, -5907.33, 1.00458, -5907.62, -2.02376e-05, -2.01426e-05, -2.02422e-05, 0.04, 1.01819, 0.0402311, -0.287729, 0.0402148
268.152, 0.974783, -5907.21, 0.991788, -5907.35, 1.00458, -5907.64, -2.02363e-05, -2.02382e-05, -2.02376e-05, 0.04, 1.01819, 0.0402314, -0.287728, 0.0402138
268.202, 0.97478, -5907.23, 0.991785, -5907.37, 1.00458, -5907.66, -2.01799e-05, -2.02376e-05, -2.01412e-05, 0.04, 1.01819, 0.0402311, -0.287726, 0.0402127
268.252, 0.974777, -5907.25, 0.991782, -5907.39, 1.00457, -5907.68, -2.02431e-05, -2.03599e-05, -2.02376e-05, 0.04, 1.01819, 0.0402307, -0.287724, 0.0402117
268.303, 0.974774, -5907.28, 0.991778, -5907.41, 1.00457, -5907.71, -2.02376e-05, -2.02377e-05, -2.00964e-05, 0.04, 1.01819, 0.0402313, -0.287722, 0.0402107
268.353, 0.974771, -5907.3, 0.991775, -5907.44, 1.00457, -5907.73, -2.01948e-05, -2.02376e-05, -2.02376e-05, 0.04, 1.01819, 0.0402313, -0.28772, 0.0402097
268.403, 0.974768, -5907.32, 0.991772, -5907.46, 1.00456, -5907.75, -2.02714e-05, -2.03389e-05, -2.03914e-05, 0.04, 1.01819, 0.0402308, -0.287718, 0.0402086
268.454, 0.974764, -5907.34, 0.991769, -5907.48, 1.00456, -5907.77, -2.02376e-05, -2.02376e-05, -2.02376e-05, 0.04, 1.01819, 0.0402306, -0.287716, 0.0402076
268.504, 0.974761, -5907.36, 0.991766, -5907.5, 1.00456, -5907.79, -2.02187e-05, -2.02229e-05, -2.02246e-05, 0.04, 1.01819, 0.0402312, -0.287714, 0.0402066
268.554, 0.974758, -5907.39, 0.991763, -5907.52, 1.00455, -5907.81, -2.02571e-05, -2.00992e-05, -2.02437e-05, 0.04, 1.01819, 0.0402312, -0.287712, 0.0402056
268.605, 0.974755, -5907.41, 0.991759, -5907.54, 1.00455, -5907.84, -2.02377e-05, -2.02377e-05, -2.02323e-05, 0.04, 1.01819, 0.0402308, -0.287711, 0.0402045
268.655, 0.974752, -5907.43, 0.991756, -5907.57, 1.00455, -5907.86, -2.02363e-05, -2.01968e-05, -2.02513e-05, 0.04, 1.01819, 0.0402311, -0.28771, 0.0402035
268.705, 0.974749, -5907.45, 0.991753, -5907.59, 1.00454, -5907.88, -2.03427e-05, -2.02923e-05, -2.02376e-05, 0.04, 1.01819, 0.0402312, -0.287707, 0.0402025
268.756, 0.974746, -5907.47, 0.99175, -5907.61, 1.00454, -5907.9, -2.01504e-05, -2.02376e-05, -2.01558e-05, 0.04, 1.01819, 0.040231, -0.287705, 0.0402016
268.806, 0.974743, -5907.49, 0.991747, -5907.63, 1.00454, -5907.92, -2.02376e-05, -2.03006e-05, -2.02376e-05, 0.04, 1.01819, 0.0402314, -0.287703, 0.0402006
268.857, 0.974739, -5907.52, 0.991743, -5907.65, 1.00454, -5907.95, -2.03838e-05, -2.02516e-05, -2.03241e-05, 0.04, 1.01819, 0.0402308, -0.287702, 0.0401997
268.907, 0.974736, -5907.54, 0.99174, -5907.68, 1.00453, -5907.97, -2.02837e-05, -2.02376e-05, -2.02376e-05, 0.04, 1.01819, 0.0402306, -0.2877, 0.0401988
268.957, 0.974733, -5907.56, 0.991737, -5907.7, 1.00453, -5907.99, -2.02377e-05, -2.03935e-05, -2.03957e-05, 0.04, 1.01819, 0.0402314, -0.287698, 0.0401978
269.001, 0.97473, -5907.58, 0.991734, -5907.72, 1.00453, -5908.01, -2.02376e-05, -2.02381e-05, -2.02397e-05, 0.04, 1.01819, 0.0402312, -0.287696, 0.040197
269.001, 0.97473, -5907.58, 0.991734, -5907.72, 1.00453, -5908.01, -2.02376e-05, -2.02381e-05, -2.02397e-05, 0.04, 1.01819, 0.0402307, -0.287695, 0.040197
269.051, 0.974727, -5907.6, 0.991731, -5907.74, 1.00452, -5908.03, -2.01328e-05, -2.02376e-05, -2.02306e-05, 0.04, 1.01819, 0.0402317, -0.287695, 0.0401961
269.101, 0.974724, -5907.62, 0.991728, -5907.76, 1.00452, -5908.05, -2.02393e-05, -2.01882e-05, -2.02424e-05, 0.04, 1.01819, 0.040231, -0.287692, 0.0401952
269.152, 0.974721, -5907.64, 0.991725, -5907.78, 1.00452, -5908.07, -2.02376e-05, -2.02376e-05, -2.02376e-05, 0.04, 1.01819, 0.0402314, -0.28769, 0.0401943
269.202, 0.974718, -5907.67, 0.991721, -5907.8, 1.00451, -5908.1, -2.02376e-05, -2.02376e-05, -2.02746e-05, 0.04, 1.01819, 0.040231, -0.287688, 0.0401933
269.252, 0.974715, -5907.69, 0.991718, -5907.83, 1.00451, -5908.12, -2.03108e-05, -2.0317e-05, -2.02376e-05, 0.04, 1.01819, 0.0402312, -0.287687, 0.0401924
269.303, 0.974712, -5907.71, 0.991715, -5907.85, 1.00451, -5908.14, -2.02376e-05, -2.02376e-05, -2.03038e-05, 0.04, 1.01819, 0.0402313, -0.287685, 0.0401915
269.353, 0.974709, -5907.73, 0.991712, -5907.87, 1.0045, -5908.16, -2.03957e-05, -2.03661e-05, -2.02377e-05, 0.04, 1.01819, 0.0402311, -0.287683, 0.0401907
269.403, 0.974706, -5907.75, 0.991709, -5907.89, 1.0045, -5908.18, -2.01076e-05, -2.02423e-05, -2.03111e-05, 0.04, 1.01819, 0.0402309, -0.287681, 0.0401898
269.454, 0.974702, -5907.78, 0.991706, -5907.91, 1.0045, -5908.2, -2.02376e-05, -2.02376e-05, -2.02377e-05, 0.04, 1.01819, 0.0402309, -0.287679, 0.040189
269.504, 0.974699, -5907.8, 0.991702, -5907.93, 1.00449, -5908.23, -2.02376e-05, -2.01734e-05, -2.01618e-05, 0.04, 1.01819, 0.0402314, -0.287678, 0.0401882
269.554, 0.974696, -5907.82, 0.991699, -5907.96, 1.00449, -5908.25, -2.03095e-05, -2.02467e-05, -2.0241e-05, 0.04, 1.01819, 0.0402306, -0.287675, 0.0401873
269.605, 0.974693, -5907.84, 0.991696, -5907.98, 1.00449, -5908.27, -2.02534e-05, -2.02376e-05, -2.01981e-05, 0.04, 1.01819, 0.0402306, -0.287673, 0.0401865
269.655, 0.97469, -5907.86, 0.991693, -5908, 1.00448, -5908.29, -2.02376e-05, -2.02376e-05, -2.02993e-05, 0.04, 1.01819, 0.0402309, -0.287672, 0.0401856
269.706, 0.974687, -5907.88, 0.99169, -5908.02, 1.00448, -5908.31, -2.02359e-05, -2.02426e-05, -2.02376e-05, 0.04, 1.01819, 0.0402309, -0.28767, 0.0401848
269.756, 0.974684, -5907.91, 0.991687, -5908.04, 1.00448, -5908.34, -2.01616e-05, -2.02376e-05, -2.01565e-05, 0.04, 1.01819, 0.040231, -0.287668, 0.040184
269.806, 0.97468, -5907.93, 0.991683, -5908.07, 1.00447, -5908.36, -2.02389e-05, -2.0148e-05, -2.02377e-05, 0.04, 1.01819, 0.040231, -0.287666, 0.0401831
269.857, 0.974677, -5907.95, 0.99168, -5908.09, 1.00447, -5908.38, -2.02376e-05, -2.02376e-05, -2.01714e-05, 0.04, 1.01819, 0.0402309, -0.287665, 0.0401823
269.907, 0.974674, -5907.97, 0.991677, -5908.11, 1.00447, -5908.4, -2.01656e-05, -2.02376e-05, -2.02378e-05, 0.04, 1.01819, 0.0402309, -0.287662, 0.0401815
269.957, 0.974673, -5907.99, 0.991676, -5908.13, 1.00447, -5908.42, -2.02802e-05, -2.03567e-05, -2.02376e-05, 0.04, 1.01819, 0.0402309, -0.287662, 0.0401808
270.001, 0.974673, -5908.01, 0.991675, -5908.15, 1.00447, -5908.44, -2.02828e-05, -2.02203e-05, -2.02209e-05, 0.04, 1.01819, 0.0402313, -0.287662, 0.0401801
270.001, 0.974673, -5908.01, 0.991675, -5908.15, 1.00447, -5908.44, -2.02828e-05, -2.02203e-05, -2.02209e-05, 0.04, 1.01819, 0.0402308, -0.287661, 0.0401801
270.051, 0.974673, -5908.03, 0.991675, -5908.17, 1.00447, -5908.46, -2.0254e-05, -2.01299e-05, -2.02337e-05, 0.04, 1.01819, 0.0402311, -0.287661, 0.0401794
270.101, 0.974673, -5908.06, 0.991675, -5908.19, 1.00447, -5908.49, -2.02409e-05, -2.0333e-05, -2.02062e-05, 0.04, 1.01819, 0.0402311, -0.287662, 0.0401786
270.152, 0.974673, -5908.08, 0.991675, -5908.22, 1.00447, -5908.51, -2.02379e-05, -2.01536e-05, -2.02236e-05, 0.04, 1.01819, 0.0402307, -0.287661, 0.0401779
270.202, 0.974673, -5908.1, 0.991675, -5908.24, 1.00447, -5908.53, -2.02887e-05, -2.01921e-05, -2.02106e-05, 0.04, 1.01819, 0.040231, -0.287661, 0.0401772
270.252, 0.974673, -5908.12, 0.991675, -5908.26, 1.00447, -5908.55, -2.0238e-05, -2.03579e-05, -2.03952e-05, 0.04, 1.01819, 0.0402305, -0.287661, 0.0401764
270.303, 0.974673, -5908.14, 0.991675, -5908.28, 1.00447, -5908.57, -2.02812e-05, -2.02078e-05, -2.02369e-05, 0.04, 1.01819, 0.0402312, -0.287662, 0.0401757
270.353, 0.974673, -5908.17, 0.991675, -5908.3, 1.00447, -5908.6, -2.02918e-05, -2.03508e-05, -2.03956e-05, 0.04, 1.01819, 0.0402307, -0.287662, 0.0401749
270.403, 0.974673, -5908.19, 0.991675, -5908.33, 1.00447, -5908.62, -2.02783e-05, -2.01808e-05, -2.02276e-05, 0.04, 1.01819, 0.040231, -0.287661, 0.0401742
270.454, 0.974673, -5908.21, 0.991675, -5908.35, 1.00447, -5908.64, -2.02398e-05, -2.01411e-05, -2.02007e-05, 0.04, 1.01819, 0.0402314, -0.287662, 0.0401734
270.504, 0.974673, -5908.23, 0.991675, -5908.37, 1.00447, -5908.66, -2.02402e-05, -2.03294e-05, -2.0178e-05, 0.04, 1.01819, 0.0402309, -0.287662, 0.0401727
270.554, 0.974673, -5908.25, 0.991675, -5908.39, 1.00447, -5908.68, -2.02964e-05, -2.01818e-05, -2.01898e-05, 0.04, 1.01819, 0.0402312, -0.287662, 0.040172
270.605, 0.974673, -5908.28, 0.991675, -5908.41, 1.00447, -5908.7, -2.02576e-05, -2.03422e-05, -2.02364e-05, 0.04, 1.01819, 0.0402311, -0.287662, 0.0401714
270.655, 0.974673, -5908.3, 0.991675, -5908.43, 1.00447, -5908.73, -2.02376e-05, -2.02933e-05, -2.02305e-05, 0.04, 1.01819, 0.040231, -0.287662, 0.0401707
270.706, 0.974673, -5908.32, 0.991675, -5908.46, 1.00447, -5908.75, -2.02602e-05, -2.03476e-05, -2.02364e-05, 0.04, 1.01819, 0.0402309, -0.287662, 0.0401701
270.756, 0.974673, -5908.34, 0.991675, -5908.48, 1.00447, -5908.77, -2.02377e-05, -2.01651e-05, -2.02208e-05, 0.04, 1.01819, 0.0402312, -0.287662, 0.0401695
270.806, 0.974673, -5908.36, 0.991675, -5908.5, 1.00447, -5908.79, -2.02406e-05, -2.03254e-05, -2.02207e-05, 0.04, 1.01819, 0.0402307, -0.287661, 0.0401689
270.857, 0.974673, -5908.38, 0.991675, -5908.52, 1.00447, -5908.81, -2.02868e-05, -2.01528e-05, -2.02102e-05, 0.04, 1.01819, 0.0402306, -0.287661, 0.0401684
270.907, 0.974673, -5908.41, 0.991675, -5908.54, 1.00447, -5908.84, -2.01101e-05, -2.01673e-05, -2.02287e-05, 0.04, 1.01819, 0.0402309, -0.287661, 0.0401678
270.957, 0.974673, -5908.43, 0.991675, -5908.57, 1.00447, -5908.86, -2.02384e-05, -2.01752e-05, -2.02353e-05, 0.04, 1.01819, 0.0402313, -0.287661, 0.0401673
271.001, 0.974673, -5908.45, 0.991675, -5908.58, 1.00447, -5908.88, -2.02572e-05, -2.02909e-05, -2.01955e-05, 0.04, 1.01819, 0.0402313, -0.287661, 0.0401668
271.001, 0.974673, -5908.45, 0.991675, -5908.58, 1.00447, -5908.88, -2.02572e-05, -2.02909e-05, -2.01955e-05, 0.0400081, 1.01819, 0.0402313, -0.287661, 0.0401668
271.051, 0.974673, -5908.47, 0.991675, -5908.61, 1.00447, -5908.9, -2.02658e-05, -2.03279e-05, -2.01955e-05, 0.0400081, 1.01819, 0.0402312, -0.287662, 0.0401664
271.101, 0.974673, -5908.49, 0.991675, -5908.63, 1.00447, -5908.92, -2.02547e-05, -2.03719e-05, -2.02298e-05, 0.0400081, 1.01819, 0.0402307, -0.287661, 0.040166
271.152, 0.974673, -5908.51, 0.991675, -5908.65, 1.00447, -5908.94, -2.02439e-05, -2.03148e-05, -2.02153e-05, 0.0400081, 1.01819, 0.0402311, -0.287661, 0.0401657
271.202, 0.974673, -5908.53, 0.991675, -5908.67, 1.00447, -5908.96, -2.02814e-05, -2.0158e-05, -2.02075e-05, 0.0400081, 1.01819, 0.040231, -0.287661, 0.0401653
271.252, 0.974673, -5908.56, 0.991675, -5908.69, 1.00447, -5908.99, -2.01027e-05, -2.01853e-05, -2.01965e-05, 0.0400081, 1.01819, 0.040231, -0.287661, 0.0401649
271.303, 0.974673, -5908.58, 0.991675, -5908.72, 1.00447, -5909.01, -2.02376e-05, -2.03009e-05, -2.02148e-05, 0.0400081, 1.01819, 0.0402308, -0.287661, 0.0401645
271.353, 0.974673, -5908.6, 0.991675, -5908.74, 1.00447, -5909.03, -2.02377e-05, -2.029e-05, -2.02224e-05, 0.0400081, 1.01819, 0.0402309, -0.287662, 0.0401642
271.403, 0.974673, -5908.62, 0.991675, -5908.76, 1.00447, -5909.05, -2.00796e-05, -2.01549e-05, -2.02282e-05, 0.0400081, 1.01819, 0.0402307, -0.287661, 0.0401638
271.454, 0.974673, -5908.64, 0.991675, -5908.78, 1.00447, -5909.07, -2.02697e-05, -2.01302e-05, -2.02081e-05, 0.0400081, 1.01819, 0.0402315, -0.287662, 0.0401634
271.504, 0.974673, -5908.67, 0.991675, -5908.8, 1.00447, -5909.09, -2.02391e-05, -2.01246e-05, -2.01843e-05, 0.0400081, 1.01819, 0.040231, -0.287661, 0.0401631
271.555, 0.974673, -5908.69, 0.991675, -5908.82, 1.00447, -5909.12, -2.00809e-05, -2.01869e-05, -2.02079e-05, 0.0400081, 1.01819, 0.0402306, -0.287661, 0.0401628
271.605, 0.974673, -5908.71, 0.991675, -5908.85, 1.00447, -5909.14, -2.02901e-05, -2.01816e-05, -2.02316e-05, 0.0400081, 1.01819, 0.0402309, -0.287661, 0.0401625
271.655, 0.974673, -5908.73, 0.991675, -5908.87, 1.00447, -5909.16, -2.02556e-05, -2.01577e-05, -2.02336e-05, 0.0400081, 1.01819, 0.0402309, -0.287661, 0.0401622
271.706, 0.974673, -5908.75, 0.991675, -5908.89, 1.00447, -5909.18, -2.02423e-05, -2.01785e-05, -2.01958e-05, 0.0400081, 1.01819, 0.0402313, -0.287661, 0.040162
271.756, 0.974673, -5908.77, 0.991675, -5908.91, 1.00447, -5909.2, -2.02543e-05, -2.01763e-05, -2.02209e-05, 0.0400081, 1.01819, 0.0402308, -0.287662, 0.0401617
271.806, 0.974673, -5908.8, 0.991675, -5908.93, 1.00447, -5909.23, -2.02396e-05, -2.01411e-05, -2.02209e-05, 0.0400081, 1.01819, 0.0402312, -0.287661, 0.0401614
271.857, 0.974673, -5908.82, 0.991675, -5908.96, 1.00447, -5909.25, -2.02542e-05, -2.01684e-05, -2.02072e-05, 0.0400081, 1.01819, 0.0402311, -0.287661, 0.0401611
271.907, 0.974673, -5908.84, 0.991675, -5908.98, 1.00447, -5909.27, -2.02798e-05, -2.02156e-05, -2.02368e-05, 0.0400081, 1.01819, 0.0402307, -0.287662, 0.0401608
271.957, 0.974673, -5908.86, 0.991675, -5909, 1.00447, -5909.29, -2.02388e-05, -2.0343e-05, -2.02331e-05, 0.0400081, 1.01819, 0.0402311, -0.287662, 0.0401606
272.001, 0.974673, -5908.88, 0.991675, -5909.02, 1.00447, -5909.31, -2.02524e-05, -2.01447e-05, -2.02315e-05, 0.0400081, 1.01819, 0.0402307, -0.287661, 0.0401604
272.001, 0.974673, -5908.88, 0.991675, -5909.02, 1.00447, -5909.31, -2.02524e-05, -2.01447e-05, -2.02315e-05, 0.0400162, 1.01819, 0.0402311, -0.287661, 0.0401604
272.051, 0.974673, -5908.9, 0.991675, -5909.04, 1.00447, -5909.33, -2.02376e-05, -2.0154e-05, -2.02365e-05, 0.0400162, 1.01819, 0.0402307, -0.287662, 0.0401604
272.101, 0.974673, -5908.92, 0.991675, -5909.06, 1.00447, -5909.35, -2.02789e-05, -2.01662e-05, -2.02199e-05, 0.0400162, 1.01819, 0.0402311, -0.287662, 0.0401603
272.152, 0.974673, -5908.95, 0.991675, -5909.08, 1.00447, -5909.38, -2.02478e-05, -2.03294e-05, -2.02153e-05, 0.0400162, 1.01819, 0.0402315, -0.287662, 0.0401602
272.202, 0.974673, -5908.97, 0.991675, -5909.11, 1.00447, -5909.4, -2.02376e-05, -2.01362e-05, -2.02327e-05, 0.0400162, 1.01819, 0.0402315, -0.287662, 0.0401602
272.252, 0.974673, -5908.99, 0.991675, -5909.13, 1.00447, -5909.42, -2.02784e-05, -2.02963e-05, -2.01818e-05, 0.0400162, 1.01819, 0.040231, -0.287661, 0.0401602
272.303, 0.974673, -5909.01, 0.991675, -5909.15, 1.00447, -5909.44, -2.02675e-05, -2.03579e-05, -2.02376e-05, 0.0400162, 1.01819, 0.040231, -0.287662, 0.0401602
272.353, 0.974673, -5909.03, 0.991675, -5909.17, 1.00447, -5909.46, -2.0238e-05, -2.01624e-05, -2.02343e-05, 0.0400162, 1.01819, 0.040231, -0.287661, 0.0401602
272.403, 0.974673, -5909.06, 0.991675, -5909.19, 1.00447, -5909.49, -2.02402e-05, -2.01361e-05, -2.02323e-05, 0.0400162, 1.01819, 0.040231, -0.287662, 0.0401602
272.454, 0.974673, -5909.08, 0.991675, -5909.21, 1.00447, -5909.51, -2.03382e-05, -2.03256e-05, -2.02362e-05, 0.0400162, 1.01819, 0.0402314, -0.287662, 0.0401602
272.504, 0.974673, -5909.1, 0.991675, -5909.24, 1.00447, -5909.53, -2.02853e-05, -2.01685e-05, -2.0233e-05, 0.0400162, 1.01819, 0.040231, -0.287662, 0.0401602
272.555, 0.974673, -5909.12, 0.991675, -5909.26, 1.00447, -5909.55, -2.0247e-05, -2.03394e-05, -2.02372e-05, 0.0400162, 1.01819, 0.0402309, -0.287661, 0.0401602
272.605, 0.974673, -5909.14, 0.991675, -5909.28, 1.00447, -5909.57, -2.02384e-05, -2.03131e-05, -2.02305e-05, 0.0400162, 1.01819, 0.0402305, -0.287661, 0.0401602
272.655, 0.974673, -5909.17, 0.991675, -5909.3, 1.00447, -5909.59, -2.02919e-05, -2.03686e-05, -2.02202e-05, 0.0400162, 1.01819, 0.040231, -0.287661, 0.0401602
272.706, 0.974673, -5909.19, 0.991675, -5909.32, 1.00447, -5909.62, -2.02377e-05, -2.02634e-05, -2.0167e-05, 0.0400162, 1.01819, 0.0402309, -0.287661, 0.0401602
272.756, 0.974673, -5909.21, 0.991675, -5909.35, 1.00447, -5909.64, -2.02376e-05, -2.03577e-05, -2.02206e-05, 0.0400162, 1.01819, 0.040231, -0.287662, 0.0401602
272.806, 0.974674, -5909.23, 0.991677, -5909.37, 1.00447, -5909.66, -2.02398e-05, -2.01923e-05, -2.02376e-05, 0.0400162, 1.01819, 0.040231, -0.287662, 0.0401602
272.857, 0.974677, -5909.25, 0.991679, -5909.39, 1.00447, -5909.68, -2.03658e-05, -2.02375e-05, -2.02376e-05, 0.0400162, 1.01819, 0.0402308, -0.287664, 0.0401603
272.907, 0.97468, -5909.27, 0.991683, -5909.41, 1.00447, -5909.7, -2.02376e-05, -2.02376e-05, -2.02208e-05, 0.0400162, 1.01819, 0.040231, -0.287666, 0.0401604
272.957, 0.974683, -5909.3, 0.991686, -5909.43, 1.00448, -5909.73, -2.02376e-05, -2.01732e-05, -2.02376e-05, 0.0400162, 1.01819, 0.0402313, -0.287667, 0.0401605
273.001, 0.974685, -5909.32, 0.991688, -5909.45, 1.00448, -5909.74, -2.01017e-05, -2.023e-05, -2.00795e-05, 0.0400162, 1.01819, 0.0402311, -0.287669, 0.0401606
273.001, 0.974685, -5909.32, 0.991688, -5909.45, 1.00448, -5909.74, -2.01017e-05, -2.023e-05, -2.00795e-05, 0.0400242, 1.01819, 0.0402311, -0.287669, 0.0401606
273.051, 0.974689, -5909.34, 0.991692, -5909.47, 1.00448, -5909.77, -2.02245e-05, -2.02376e-05, -2.02371e-05, 0.0400242, 1.01819, 0.040231, -0.287671, 0.0401608
273.101, 0.974692, -5909.38, 0.991695, -5909.52, 1.00449, -5909.81, -4.04751e-05, -4.0371e-05, -4.04751e-05, 0.0400242, 1.01819, 0.0402315, -0.287673, 0.0401611
273.152, 0.974695, -5909.42, 0.991698, -5909.56, 1.00449, -5909.85, -4.04752e-05, -4.04751e-05, -4.04602e-05, 0.0400242, 1.01819, 0.040231, -0.287675, 0.0401613
273.202, 0.974696, -5909.47, 0.991699, -5909.6, 1.00449, -5909.9, -4.05245e-05, -4.04752e-05, -4.04751e-05, 0.0400242, 1.01819, 0.0402311, -0.287676, 0.0401614
273.252, 0.974696, -5909.51, 0.991699, -5909.65, 1.00449, -5909.94, -4.03415e-05, -4.04752e-05, -4.04752e-05, 0.0400242, 1.01819, 0.0402308, -0.287675, 0.0401616
273.303, 0.974696, -5909.55, 0.991699, -5909.69, 1.00449, -5909.98, -4.05154e-05, -4.04752e-05, -4.04682e-05, 0.0400242, 1.01819, 0.0402313, -0.287676, 0.0401618
273.353, 0.974696, -5909.6, 0.991699, -5909.73, 1.00449, -5910.03, -4.05271e-05, -4.04752e-05, -4.04752e-05, 0.0400242, 1.01819, 0.040231, -0.287676, 0.040162
273.404, 0.974696, -5909.64, 0.991699, -5909.78, 1.00449, -5910.07, -4.05247e-05, -4.04752e-05, -4.04752e-05, 0.0400242, 1.01819, 0.0402311, -0.287676, 0.0401622
273.454, 0.974696, -5909.68, 0.991699, -5909.82, 1.00449, -5910.11, -4.05217e-05, -4.04752e-05, -4.04752e-05, 0.0400242, 1.01819, 0.0402308, -0.287675, 0.0401624
273.504, 0.974698, -5909.73, 0.991701, -5909.87, 1.00449, -5910.16, -4.05842e-05, -4.05247e-05, -4.04752e-05, 0.0400242, 1.01819, 0.0402311, -0.287676, 0.0401626
273.555, 0.974701, -5909.77, 0.991704, -5909.91, 1.0045, -5910.2, -4.04752e-05, -4.06167e-05, -4.06071e-05, 0.0400242, 1.01819, 0.040231, -0.287678, 0.0401629
273.605, 0.974704, -5909.82, 0.991707, -5909.95, 1.0045, -5910.25, -4.04752e-05, -4.04712e-05, -4.04712e-05, 0.0400242, 1.01819, 0.040231, -0.287681, 0.0401632
273.655, 0.974707, -5909.86, 0.99171, -5910, 1.0045, -5910.29, -4.05173e-05, -4.05048e-05, -4.05657e-05, 0.0400242, 1.01819, 0.0402314, -0.287682, 0.0401635
273.706, 0.97471, -5909.9, 0.991713, -5910.04, 1.0045, -5910.33, -4.03978e-05, -4.05914e-05, -4.0475e-05, 0.0400242, 1.01819, 0.0402309, -0.287684, 0.0401637
273.756, 0.974713, -5909.95, 0.991716, -5910.08, 1.00451, -5910.38, -4.04752e-05, -4.04752e-05, -4.04846e-05, 0.0400242, 1.01819, 0.040231, -0.287686, 0.0401639
273.806, 0.974713, -5909.99, 0.991717, -5910.13, 1.00451, -5910.42, -4.04752e-05, -4.04752e-05, -4.03768e-05, 0.0400242, 1.01819, 0.0402307, -0.287686, 0.040164
273.857, 0.974713, -5910.03, 0.991717, -5910.17, 1.00451, -5910.46, -4.04752e-05, -4.04752e-05, -4.03777e-05, 0.0400242, 1.01819, 0.0402314, -0.287686, 0.0401642
273.907, 0.974713, -5910.08, 0.991717, -5910.22, 1.00451, -5910.51, -4.04752e-05, -4.04752e-05, -4.05598e-05, 0.0400242, 1.01819, 0.0402308, -0.287686, 0.0401644
273.957, 0.974713, -5910.12, 0.991717, -5910.26, 1.00451, -5910.55, -4.04752e-05, -4.04752e-05, -4.05235e-05, 0.0400242, 1.01819, 0.0402311, -0.287686, 0.0401646
274.001, 0.974713, -5910.16, 0.991717, -5910.3, 1.00451, -5910.59, -4.04752e-05, -4.04752e-05, -4.03668e-05, 0.0400242, 1.01819, 0.0402311, -0.287686, 0.0401648
274.001, 0.974713, -5910.16, 0.991717, -5910.3, 1.00451, -5910.59, -4.04752e-05, -4.04752e-05, -4.03668e-05, 0.0400404, 1.01819, 0.040231, -0.287685, 0.0401648
274.051, 0.974713, -5910.2, 0.991717, -5910.34, 1.00451, -5910.63, -4.04752e-05, -4.04752e-05, -4.05171e-05, 0.0400404, 1.01819, 0.0402309, -0.287686, 0.0401654
274.101, 0.974713, -5910.25, 0.991717, -5910.38, 1.00451, -5910.68, -4.04752e-05, -4.04752e-05, -4.04174e-05, 0.0400404, 1.01819, 0.0402308, -0.287686, 0.0401659
274.152, 0.974713, -5910.29, 0.991717, -5910.43, 1.00451, -5910.72, -4.04752e-05, -4.04752e-05, -4.05612e-05, 0.0400404, 1.01819, 0.0402307, -0.287686, 0.0401665
274.202, 0.974716, -5910.33, 0.99172, -5910.47, 1.00451, -5910.76, -4.05147e-05, -4.04752e-05, -4.04733e-05, 0.0400404, 1.01819, 0.0402308, -0.287687, 0.040167
274.252, 0.974719, -5910.38, 0.991723, -5910.52, 1.00451, -5910.81, -4.04124e-05, -4.04674e-05, -4.04846e-05, 0.0400404, 1.01819, 0.0402314, -0.28769, 0.0401676
274.303, 0.974722, -5910.42, 0.991726, -5910.56, 1.00452, -5910.85, -4.04739e-05, -4.04752e-05, -4.04504e-05, 0.0400404, 1.01819, 0.040231, -0.287691, 0.0401682
274.353, 0.974725, -5910.47, 0.991729, -5910.6, 1.00452, -5910.89, -4.04752e-05, -4.04805e-05, -4.04752e-05, 0.0400404, 1.01819, 0.0402312, -0.287694, 0.0401688
274.404, 0.974728, -5910.51, 0.991731, -5910.65, 1.00452, -5910.94, -4.05151e-05, -4.0451e-05, -4.0587e-05, 0.0400404, 1.01819, 0.0402309, -0.287695, 0.0401693
274.454, 0.974728, -5910.55, 0.991732, -5910.69, 1.00452, -5910.98, -4.05218e-05, -4.04747e-05, -4.04032e-05, 0.0400404, 1.01819, 0.0402313, -0.287695, 0.0401699
274.504, 0.974728, -5910.6, 0.991731, -5910.73, 1.00452, -5911.03, -4.04955e-05, -4.04752e-05, -4.0462e-05, 0.0400404, 1.01819, 0.0402313, -0.287695, 0.0401704
274.555, 0.974728, -5910.64, 0.991732, -5910.78, 1.00452, -5911.07, -4.05064e-05, -4.04747e-05, -4.05925e-05, 0.0400404, 1.01819, 0.0402313, -0.287695, 0.0401709
274.605, 0.974728, -5910.68, 0.991732, -5910.82, 1.00452, -5911.11, -4.0527e-05, -4.0453e-05, -4.05602e-05, 0.0400404, 1.01819, 0.0402314, -0.287695, 0.0401714
274.655, 0.974728, -5910.73, 0.991732, -5910.86, 1.00452, -5911.16, -4.04827e-05, -4.04529e-05, -4.03802e-05, 0.0400404, 1.01819, 0.040231, -0.287695, 0.0401718
274.706, 0.974728, -5910.77, 0.991732, -5910.91, 1.00452, -5911.2, -4.03228e-05, -4.04752e-05, -4.0461e-05, 0.0400404, 1.01819, 0.040231, -0.287695, 0.0401723
274.756, 0.974728, -5910.81, 0.991732, -5910.95, 1.00452, -5911.24, -4.05094e-05, -4.04752e-05, -4.04627e-05, 0.0400404, 1.01819, 0.0402311, -0.287695, 0.0401728
274.806, 0.974731, -5910.86, 0.991735, -5911, 1.00453, -5911.29, -4.04702e-05, -4.04752e-05, -4.04752e-05, 0.0400404, 1.01819, 0.0402314, -0.287697, 0.0401732
274.857, 0.974734, -5910.9, 0.991738, -5911.04, 1.00453, -5911.33, -4.04752e-05, -4.04903e-05, -4.05537e-05, 0.0400404, 1.01819, 0.0402308, -0.287699, 0.0401737
274.907, 0.974738, -5910.95, 0.991741, -5911.08, 1.00453, -5911.38, -4.04752e-05, -4.04738e-05, -4.04751e-05, 0.0400404, 1.01819, 0.0402312, -0.287701, 0.0401741
274.957, 0.974741, -5910.99, 0.991745, -5911.13, 1.00454, -5911.42, -4.04228e-05, -4.04752e-05, -4.04752e-05, 0.0400404, 1.01819, 0.0402315, -0.287703, 0.0401744
275.001, 0.974743, -5911.03, 0.991747, -5911.16, 1.00454, -5911.46, -4.04751e-05, -4.05147e-05, -4.04715e-05, 0.0400404, 1.01819, 0.0402311, -0.287704, 0.0401748
275.001, 0.974743, -5911.03, 0.991747, -5911.16, 1.00454, -5911.46, -4.04751e-05, -4.05147e-05, -4.04715e-05, 0.0400566, 1.01819, 0.040231, -0.287703, 0.0401748
275.051, 0.974744, -5911.07, 0.991748, -5911.21, 1.00454, -5911.5, -4.04752e-05, -4.04072e-05, -4.04752e-05, 0.0400566, 1.01819, 0.0402309, -0.287704, 0.0401757
275.101, 0.974744, -5911.11, 0.991748, -5911.25, 1.00454, -5911.54, -4.04752e-05, -4.04318e-05, -4.04752e-05, 0.0400566, 1.01819, 0.0402315, -0.287705, 0.0401765
275.152, 0.974744, -5911.16, 0.991748, -5911.3, 1.00454, -5911.59, -4.04752e-05, -4.04633e-05, -4.04752e-05, 0.0400566, 1.01819, 0.0402313, -0.287705, 0.0401773
275.202, 0.974744, -5911.2, 0.991748, -5911.34, 1.00454, -5911.63, -4.04752e-05, -4.04739e-05, -4.04752e-05, 0.0400566, 1.01819, 0.0402311, -0.287705, 0.0401781
275.253, 0.974744, -5911.25, 0.991748, -5911.38, 1.00454, -5911.67, -4.04752e-05, -4.04457e-05, -4.04752e-05, 0.0400566, 1.01819, 0.0402313, -0.287705, 0.0401789
275.303, 0.974744, -5911.29, 0.991748, -5911.43, 1.00454, -5911.72, -4.04752e-05, -4.04672e-05, -4.04752e-05, 0.0400566, 1.01819, 0.0402311, -0.287705, 0.0401796
275.353, 0.974744, -5911.33, 0.991748, -5911.47, 1.00454, -5911.76, -4.04752e-05, -4.04192e-05, -4.04752e-05, 0.0400566, 1.01819, 0.0402314, -0.287705, 0.0401804
275.404, 0.974745, -5911.38, 0.991749, -5911.51, 1.00454, -5911.81, -4.04752e-05, -4.04743e-05, -4.04752e-05, 0.0400566, 1.01819, 0.0402313, -0.287705, 0.0401811
275.454, 0.974749, -5911.42, 0.991753, -5911.56, 1.00454, -5911.85, -4.04752e-05, -4.04752e-05, -4.0536e-05, 0.0400566, 1.01819, 0.0402314, -0.287707, 0.0401817
275.504, 0.974752, -5911.46, 0.991756, -5911.6, 1.00455, -5911.89, -4.0441e-05, -4.03241e-05, -4.04752e-05, 0.0400566, 1.01819, 0.040231, -0.287709, 0.0401824
275.555, 0.974755, -5911.51, 0.991759, -5911.65, 1.00455, -5911.94, -4.04752e-05, -4.04708e-05, -4.04822e-05, 0.0400566, 1.01819, 0.0402311, -0.287711, 0.040183
275.605, 0.974758, -5911.55, 0.991762, -5911.69, 1.00455, -5911.98, -4.04752e-05, -4.04752e-05, -4.04749e-05, 0.0400566, 1.01819, 0.0402312, -0.287712, 0.0401837
275.655, 0.97476, -5911.6, 0.991764, -5911.73, 1.00456, -5912.02, -4.04756e-05, -4.04881e-05, -4.04752e-05, 0.0400566, 1.01819, 0.0402309, -0.287714, 0.0401843
275.706, 0.97476, -5911.64, 0.991764, -5911.78, 1.00456, -5912.07, -4.04753e-05, -4.04757e-05, -4.04752e-05, 0.0400566, 1.01819, 0.0402308, -0.287714, 0.0401849
275.756, 0.97476, -5911.68, 0.991764, -5911.82, 1.00456, -5912.11, -4.05141e-05, -4.04803e-05, -4.04752e-05, 0.0400566, 1.01819, 0.0402312, -0.287713, 0.0401856
275.806, 0.97476, -5911.73, 0.991764, -5911.86, 1.00456, -5912.16, -4.04894e-05, -4.03487e-05, -4.04752e-05, 0.0400566, 1.01819, 0.0402308, -0.287714, 0.0401862
275.857, 0.97476, -5911.77, 0.991764, -5911.91, 1.00456, -5912.2, -4.0318e-05, -4.03208e-05, -4.04759e-05, 0.0400566, 1.01819, 0.0402313, -0.287714, 0.0401869
275.907, 0.97476, -5911.81, 0.991764, -5911.95, 1.00456, -5912.24, -4.0517e-05, -4.05169e-05, -4.04752e-05, 0.0400566, 1.01819, 0.0402309, -0.287713, 0.0401875
275.957, 0.97476, -5911.86, 0.991764, -5912, 1.00456, -5912.29, -4.0492e-05, -4.04775e-05, -4.04753e-05, 0.0400566, 1.01819, 0.040231, -0.287714, 0.0401881
276.001, 0.974761, -5911.9, 0.991765, -5912.03, 1.00456, -5912.32, -4.05205e-05, -4.03779e-05, -4.04752e-05, 0.0400566, 1.01819, 0.0402311, -0.287715, 0.0401886
276.001, 0.974761, -5911.9, 0.991765, -5912.03, 1.00456, -5912.32, -4.05205e-05, -4.03779e-05, -4.04752e-05, 0.0400728, 1.01819, 0.0402311, -0.287714, 0.0401886
276.051, 0.974764, -5911.94, 0.991768, -5912.08, 1.00456, -5912.37, -4.04604e-05, -4.04605e-05, -4.04598e-05, 0.0400728, 1.01819, 0.0402314, -0.287717, 0.0401896
276.101, 0.974767, -5911.98, 0.991771, -5912.12, 1.00456, -5912.41, -4.04752e-05, -4.04752e-05, -4.04752e-05, 0.0400728, 1.01819, 0.0402309, -0.287718, 0.0401905
276.152, 0.97477, -5912.03, 0.991774, -5912.16, 1.00457, -5912.46, -4.04919e-05, -4.03656e-05, -4.03812e-05, 0.0400728, 1.01819, 0.0402312, -0.28772, 0.0401914
276.202, 0.974773, -5912.07, 0.991778, -5912.21, 1.00457, -5912.5, -4.04211e-05, -4.04752e-05, -4.04752e-05, 0.0400728, 1.01819, 0.040231, -0.287722, 0.0401923
276.253, 0.974774, -5912.11, 0.991779, -5912.25, 1.00457, -5912.54, -4.04487e-05, -4.04752e-05, -4.05147e-05, 0.0400728, 1.01819, 0.0402313, -0.287723, 0.0401931
276.303, 0.974774, -5912.16, 0.991779, -5912.29, 1.00457, -5912.59, -4.04752e-05, -4.04752e-05, -4.04774e-05, 0.0400728, 1.01819, 0.0402311, -0.287723, 0.040194
276.353, 0.974774, -5912.2, 0.991778, -5912.34, 1.00457, -5912.63, -4.04752e-05, -4.04752e-05, -4.04752e-05, 0.0400728, 1.01819, 0.0402313, -0.287722, 0.0401948
276.404, 0.974774, -5912.25, 0.991778, -5912.38, 1.00457, -5912.67, -4.04745e-05, -4.04752e-05, -4.04782e-05, 0.0400728, 1.01819, 0.0402311, -0.287723, 0.0401956
276.454, 0.974774, -5912.29, 0.991779, -5912.43, 1.00457, -5912.72, -4.04752e-05, -4.04752e-05, -4.04759e-05, 0.0400728, 1.01819, 0.0402313, -0.287723, 0.0401963
276.504, 0.974774, -5912.33, 0.991778, -5912.47, 1.00457, -5912.76, -4.04752e-05, -4.04752e-05, -4.04752e-05, 0.0400728, 1.01819, 0.0402312, -0.287723, 0.040197
276.555, 0.974774, -5912.38, 0.991778, -5912.51, 1.00457, -5912.81, -4.04748e-05, -4.04752e-05, -4.04764e-05, 0.0400728, 1.01819, 0.040231, -0.287722, 0.0401978
276.605, 0.974775, -5912.42, 0.991779, -5912.56, 1.00457, -5912.85, -4.04719e-05, -4.04752e-05, -4.04824e-05, 0.0400728, 1.01819, 0.0402314, -0.287723, 0.0401984
276.655, 0.974778, -5912.46, 0.991782, -5912.6, 1.00457, -5912.89, -4.04752e-05, -4.05004e-05, -4.0475e-05, 0.0400728, 1.01819, 0.0402315, -0.287725, 0.0401991
276.706, 0.974781, -5912.51, 0.991785, -5912.64, 1.00458, -5912.94, -4.04752e-05, -4.04714e-05, -4.04752e-05, 0.0400728, 1.01819, 0.0402311, -0.287727, 0.0401997
276.756, 0.974784, -5912.55, 0.991789, -5912.69, 1.00458, -5912.98, -4.0453e-05, -4.04752e-05, -4.04586e-05, 0.0400728, 1.01819, 0.0402308, -0.287728, 0.0402004
276.806, 0.974787, -5912.59, 0.991792, -5912.73, 1.00458, -5913.02, -4.04752e-05, -4.04752e-05, -4.04752e-05, 0.0400728, 1.01819, 0.0402314, -0.28773, 0.0402011
276.857, 0.974788, -5912.64, 0.991793, -5912.78, 1.00459, -5913.07, -4.04752e-05, -4.04028e-05, -4.04752e-05, 0.0400728, 1.01819, 0.040231, -0.287731, 0.0402016
276.907, 0.974788, -5912.68, 0.991793, -5912.82, 1.00459, -5913.11, -4.04752e-05, -4.04611e-05, -4.04752e-05, 0.0400728, 1.01819, 0.040231, -0.28773, 0.0402022
276.957, 0.974788, -5912.73, 0.991793, -5912.86, 1.00459, -5913.16, -4.04752e-05, -4.04294e-05, -4.04884e-05, 0.0400728, 1.01819, 0.0402315, -0.287731, 0.0402027
277.001, 0.974788, -5912.76, 0.991793, -5912.9, 1.00459, -5913.19, -4.04752e-05, -4.04553e-05, -4.04919e-05, 0.0400728, 1.01819, 0.0402311, -0.287731, 0.0402032
277.001, 0.974788, -5912.76, 0.991793, -5912.9, 1.00459, -5913.19, -4.04752e-05, -4.04553e-05, -4.04919e-05, 0.040089, 1.01819, 0.0402315, -0.28773, 0.0402032
277.051, 0.974788, -5912.81, 0.991793, -5912.94, 1.00459, -5913.24, -4.04752e-05, -4.03841e-05, -4.03171e-05, 0.040089, 1.01819, 0.0402312, -0.287731, 0.0402041
277.102, 0.974788, -5912.85, 0.991793, -5912.99, 1.00459, -5913.28, -4.04752e-05, -4.05742e-05, -4.04787e-05, 0.040089, 1.01819, 0.0402313, -0.287731, 0.0402051
277.152, 0.974788, -5912.89, 0.991793, -5913.03, 1.00459, -5913.32, -4.04752e-05, -4.04332e-05, -4.04782e-05, 0.040089, 1.01819, 0.0402314, -0.287731, 0.040206
277.202, 0.974788, -5912.94, 0.991793, -5913.08, 1.00459, -5913.37, -4.04752e-05, -4.04712e-05, -4.04752e-05, 0.040089, 1.01819, 0.0402315, -0.287731, 0.040207
277.253, 0.974789, -5912.98, 0.991794, -5913.12, 1.00459, -5913.41, -4.04752e-05, -4.04539e-05, -4.04846e-05, 0.040089, 1.01819, 0.0402313, -0.287731, 0.0402079
277.303, 0.974792, -5913.01, 0.991797, -5913.15, 1.00459, -5913.44, -2.02774e-05, -2.02379e-05, -2.02368e-05, 0.040089, 1.01819, 0.040231, -0.287733, 0.0402087
277.353, 0.974795, -5913.03, 0.9918, -5913.17, 1.00459, -5913.46, -2.01523e-05, -2.02543e-05, -2.02376e-05, 0.040089, 1.01819, 0.0402315, -0.287735, 0.0402096
277.404, 0.974798, -5913.05, 0.991803, -5913.19, 1.0046, -5913.48, -2.02376e-05, -2.02321e-05, -2.02315e-05, 0.040089, 1.01819, 0.0402311, -0.287736, 0.0402104
277.454, 0.974798, -5913.07, 0.991803, -5913.21, 1.0046, -5913.5, -2.02376e-05, -2.02376e-05, -2.02376e-05, 0.040089, 1.01819, 0.040231, -0.287737, 0.0402112
277.504, 0.974798, -5913.1, 0.991803, -5913.23, 1.0046, -5913.52, -2.02376e-05, -2.02376e-05, -2.02343e-05, 0.040089, 1.01819, 0.0402313, -0.287737, 0.040212
277.555, 0.974798, -5913.12, 0.991803, -5913.25, 1.0046, -5913.55, -2.02376e-05, -2.02376e-05, -2.02376e-05, 0.040089, 1.01819, 0.0402312, -0.287737, 0.0402127
277.605, 0.974798, -5913.14, 0.991803, -5913.28, 1.0046, -5913.57, -2.02376e-05, -2.02376e-05, -2.02376e-05, 0.040089, 1.01819, 0.0402311, -0.287736, 0.0402135
277.655, 0.974798, -5913.16, 0.991803, -5913.3, 1.0046, -5913.59, -2.02376e-05, -2.02376e-05, -2.02376e-05, 0.040089, 1.01819, 0.0402315, -0.287737, 0.0402142
277.706, 0.974798, -5913.18, 0.991803, -5913.32, 1.0046, -5913.61, -2.02376e-05, -2.02376e-05, -2.02376e-05, 0.040089, 1.01819, 0.040231, -0.287736, 0.0402148
277.756, 0.974798, -5913.21, 0.991803, -5913.34, 1.0046, -5913.63, -2.02376e-05, -2.02376e-05, -2.02376e-05, 0.040089, 1.01819, 0.0402313, -0.287737, 0.0402155
277.806, 0.974798, -5913.23, 0.991803, -5913.36, 1.0046, -5913.66, -2.02376e-05, -2.02376e-05, -2.02376e-05, 0.040089, 1.01819, 0.0402313, -0.287736, 0.0402161
277.857, 0.9748, -5913.25, 0.991805, -5913.39, 1.0046, -5913.68, -2.02376e-05, -2.02376e-05, -2.02376e-05, 0.040089, 1.01819, 0.0402309, -0.287738, 0.0402168
277.907, 0.974803, -5913.27, 0.991808, -5913.41, 1.0046, -5913.7, -2.02553e-05, -2.02376e-05, -2.00969e-05, 0.040089, 1.01819, 0.0402314, -0.28774, 0.0402174
277.958, 0.974806, -5913.29, 0.991811, -5913.43, 1.0046, -5913.72, -2.02374e-05, -2.02309e-05, -2.02375e-05, 0.040089, 1.01819, 0.0402315, -0.287742, 0.040218
278.001, 0.974808, -5913.31, 0.991813, -5913.45, 1.00461, -5913.74, -2.02376e-05, -2.02375e-05, -2.02376e-05, 0.040089, 1.01819, 0.0402311, -0.287742, 0.0402185
278.001, 0.974808, -5913.31, 0.991813, -5913.45, 1.00461, -5913.74, -2.02376e-05, -2.02375e-05, -2.02376e-05, 0.0400971, 1.01819, 0.0402307, -0.287742, 0.0402185
278.051, 0.974808, -5913.33, 0.991813, -5913.47, 1.00461, -5913.76, -2.02376e-05, -2.02376e-05, -2.02376e-05, 0.0400971, 1.01819, 0.0402311, -0.287742, 0.0402192
278.102, 0.974808, -5913.35, 0.991813, -5913.49, 1.00461, -5913.78, -2.02376e-05, -2.02376e-05, -2.02376e-05, 0.0400971, 1.01819, 0.040231, -0.287742, 0.04022
278.152, 0.974808, -5913.38, 0.991813, -5913.51, 1.00461, -5913.81, -2.02376e-05, -2.02376e-05, -2.02376e-05, 0.0400971, 1.01819, 0.0402314, -0.287743, 0.0402207
278.202, 0.974808, -5913.4, 0.991813, -5913.54, 1.00461, -5913.83, -2.02376e-05, -2.02376e-05, -2.02376e-05, 0.0400971, 1.01819, 0.0402314, -0.287742, 0.0402214
278.253, 0.974808, -5913.42, 0.991813, -5913.56, 1.00461, -5913.85, -2.02376e-05, -2.02376e-05, -2.02376e-05, 0.0400971, 1.01819, 0.0402314, -0.287742, 0.040222
278.303, 0.974808, -5913.44, 0.991813, -5913.58, 1.00461, -5913.87, -2.02376e-05, -2.02376e-05, -2.02376e-05, 0.0400971, 1.01819, 0.040231, -0.287743, 0.0402226
278.353, 0.974808, -5913.46, 0.991813, -5913.6, 1.00461, -5913.89, -2.02376e-05, -2.02376e-05, -2.02376e-05, 0.0400971, 1.01819, 0.040231, -0.287743, 0.0402231
278.404, 0.974808, -5913.49, 0.991813, -5913.62, 1.00461, -5913.92, -2.02376e-05, -2.02376e-05, -2.02376e-05, 0.0400971, 1.01819, 0.0402314, -0.287742, 0.0402237
278.454, 0.974808, -5913.51, 0.991813, -5913.65, 1.00461, -5913.94, -2.02376e-05, -2.02376e-05, -2.02376e-05, 0.0400971, 1.01819, 0.040231, -0.287743, 0.0402241
278.504, 0.974808, -5913.53, 0.991813, -5913.67, 1.00461, -5913.96, -2.02376e-05, -2.02376e-05, -2.02672e-05, 0.0400971, 1.01819, 0.0402314, -0.287743, 0.0402246
278.555, 0.974809, -5913.55, 0.991814, -5913.69, 1.00461, -5913.98, -2.02376e-05, -2.02376e-05, -2.01017e-05, 0.0400971, 1.01819, 0.0402311, -0.287743, 0.0402251
278.605, 0.974812, -5913.57, 0.991817, -5913.71, 1.00461, -5914, -2.02376e-05, -2.02824e-05, -2.02263e-05, 0.0400971, 1.01819, 0.0402313, -0.287746, 0.0402255
278.655, 0.974813, -5913.6, 0.991818, -5913.73, 1.00461, -5914.02, -2.02376e-05, -2.02889e-05, -2.02376e-05, 0.0400971, 1.01819, 0.0402313, -0.287746, 0.040226
278.706, 0.974813, -5913.62, 0.991818, -5913.75, 1.00461, -5914.05, -2.02724e-05, -2.02877e-05, -2.02376e-05, 0.0400971, 1.01819, 0.0402309, -0.287745, 0.0402264
278.756, 0.974813, -5913.64, 0.991818, -5913.78, 1.00461, -5914.07, -2.02547e-05, -2.03106e-05, -2.02376e-05, 0.0400971, 1.01819, 0.0402314, -0.287746, 0.0402268
278.806, 0.974813, -5913.66, 0.991818, -5913.8, 1.00461, -5914.09, -2.02478e-05, -2.03321e-05, -2.02376e-05, 0.0400971, 1.01819, 0.040231, -0.287745, 0.0402271
278.857, 0.974813, -5913.68, 0.991818, -5913.82, 1.00461, -5914.11, -2.03021e-05, -2.03649e-05, -2.02376e-05, 0.0400971, 1.01819, 0.0402311, -0.287746, 0.0402275
278.907, 0.974813, -5913.7, 0.991818, -5913.84, 1.00461, -5914.13, -2.02739e-05, -2.01317e-05, -2.02376e-05, 0.0400971, 1.01819, 0.0402312, -0.287745, 0.0402279
278.958, 0.974813, -5913.73, 0.991818, -5913.86, 1.00461, -5914.16, -2.02837e-05, -2.03244e-05, -2.02376e-05, 0.0400971, 1.01819, 0.0402313, -0.287745, 0.0402282
279.001, 0.974813, -5913.75, 0.991818, -5913.88, 1.00461, -5914.17, -2.02588e-05, -2.02798e-05, -2.02376e-05, 0.0400971, 1.01819, 0.0402309, -0.287745, 0.0402286
279.001, 0.974813, -5913.75, 0.991818, -5913.88, 1.00461, -5914.17, -2.02588e-05, -2.02798e-05, -2.02376e-05, 0.0401052, 1.01819, 0.0402313, -0.287745, 0.0402286
279.051, 0.974813, -5913.77, 0.991818, -5913.9, 1.00461, -5914.2, -2.02432e-05, -2.03275e-05, -2.02376e-05, 0.0401052, 1.01819, 0.0402309, -0.287745, 0.0402291
279.102, 0.974813, -5913.79, 0.991818, -5913.93, 1.00461, -5914.22, -2.02612e-05, -2.03665e-05, -2.02376e-05, 0.0401052, 1.01819, 0.0402315, -0.287745, 0.0402296
279.152, 0.974813, -5913.81, 0.991818, -5913.95, 1.00461, -5914.24, -2.01521e-05, -2.01836e-05, -2.02376e-05, 0.0401052, 1.01819, 0.0402307, -0.287745, 0.0402301
279.202, 0.974813, -5913.83, 0.991818, -5913.97, 1.00461, -5914.26, -2.0306e-05, -2.03432e-05, -2.02376e-05, 0.0401052, 1.01819, 0.0402312, -0.287746, 0.0402305
279.253, 0.974813, -5913.85, 0.991818, -5913.99, 1.00461, -5914.28, -2.02723e-05, -2.02731e-05, -2.02376e-05, 0.0401052, 1.01819, 0.0402314, -0.287746, 0.040231
279.303, 0.974813, -5913.88, 0.991818, -5914.01, 1.00461, -5914.31, -2.03005e-05, -2.01736e-05, -2.02376e-05, 0.0401052, 1.01819, 0.040231, -0.287746, 0.0402314
279.353, 0.974813, -5913.9, 0.991818, -5914.04, 1.00461, -5914.33, -2.02899e-05, -2.03232e-05, -2.02376e-05, 0.0401052, 1.01819, 0.0402312, -0.287745, 0.0402318
279.404, 0.974813, -5913.92, 0.991818, -5914.06, 1.00461, -5914.35, -2.02853e-05, -2.02913e-05, -2.02376e-05, 0.0401052, 1.01819, 0.0402308, -0.287745, 0.0402322
279.454, 0.974813, -5913.94, 0.991818, -5914.08, 1.00461, -5914.37, -2.02501e-05, -2.01006e-05, -2.02376e-05, 0.0401052, 1.01819, 0.0402314, -0.287746, 0.0402325
279.504, 0.974813, -5913.96, 0.991818, -5914.1, 1.00461, -5914.39, -2.00868e-05, -2.01607e-05, -2.02376e-05, 0.0401052, 1.01819, 0.0402311, -0.287745, 0.0402329
279.555, 0.974813, -5913.99, 0.991818, -5914.12, 1.00461, -5914.42, -2.0257e-05, -2.03435e-05, -2.02376e-05, 0.0401052, 1.01819, 0.0402313, -0.287745, 0.0402333
279.605, 0.974813, -5914.01, 0.991818, -5914.15, 1.00461, -5914.44, -2.02844e-05, -2.03184e-05, -2.02376e-05, 0.0401052, 1.01819, 0.040231, -0.287745, 0.0402336
279.655, 0.974813, -5914.03, 0.991818, -5914.17, 1.00461, -5914.46, -2.02944e-05, -2.01505e-05, -2.02376e-05, 0.0401052, 1.01819, 0.0402311, -0.287745, 0.0402339
279.706, 0.974813, -5914.05, 0.991818, -5914.19, 1.00461, -5914.48, -2.02583e-05, -2.01381e-05, -2.02376e-05, 0.0401052, 1.01819, 0.0402313, -0.287745, 0.0402342
279.756, 0.974813, -5914.07, 0.991818, -5914.21, 1.00461, -5914.5, -2.03201e-05, -2.03113e-05, -2.02376e-05, 0.0401052, 1.01819, 0.040231, -0.287746, 0.0402345
279.807, 0.974813, -5914.09, 0.991818, -5914.23, 1.00461, -5914.52, -2.012e-05, -2.01615e-05, -2.02376e-05, 0.0401052, 1.01819, 0.0402308, -0.287745, 0.0402348
279.857, 0.974813, -5914.12, 0.991818, -5914.25, 1.00461, -5914.55, -2.02412e-05, -2.0129e-05, -2.02376e-05, 0.0401052, 1.01819, 0.040231, -0.287745, 0.040235
279.907, 0.974813, -5914.14, 0.991818, -5914.28, 1.00461, -5914.57, -2.02499e-05, -2.03129e-05, -2.02376e-05, 0.0401052, 1.01819, 0.0402312, -0.287746, 0.0402352
279.958, 0.974813, -5914.16, 0.991818, -5914.3, 1.00461, -5914.59, -2.01015e-05, -2.01843e-05, -2.02376e-05, 0.0401052, 1.01819, 0.040231, -0.287745, 0.0402354
280.001, 0.974813, -5914.18, 0.991818, -5914.32, 1.00461, -5914.61, -2.02629e-05, -2.03159e-05, -2.02376e-05, 0.0401052, 1.01819, 0.0402311, -0.287746, 0.0402355
280.001, 0.974813, -5914.18, 0.991818, -5914.32, 1.00461, -5914.61, -2.02629e-05, -2.03159e-05, -2.02376e-05, 0.0401133, 1.01819, 0.0402307, -0.287745, 0.0402355
280.051, 0.974813, -5914.2, 0.991818, -5914.34, 1.00461, -5914.63, -2.02853e-05, -2.01365e-05, -2.02376e-05, 0.0401133, 1.01819, 0.0402309, -0.287745, 0.0402359
280.102, 0.974813, -5914.22, 0.991818, -5914.36, 1.00461, -5914.65, -2.03072e-05, -2.03109e-05, -2.02376e-05, 0.0401133, 1.01819, 0.0402311, -0.287746, 0.0402362
280.152, 0.974813, -5914.25, 0.991818, -5914.38, 1.00461, -5914.67, -2.02775e-05, -2.03316e-05, -2.02376e-05, 0.0401133, 1.01819, 0.0402309, -0.287745, 0.0402365
280.202, 0.974813, -5914.27, 0.991818, -5914.4, 1.00461, -5914.7, -2.02774e-05, -2.03189e-05, -2.02376e-05, 0.0401133, 1.01819, 0.0402311, -0.287746, 0.0402367
280.253, 0.974813, -5914.29, 0.991818, -5914.43, 1.00461, -5914.72, -2.02925e-05, -2.03097e-05, -2.02376e-05, 0.0401133, 1.01819, 0.040231, -0.287745, 0.040237
280.303, 0.974813, -5914.31, 0.991818, -5914.45, 1.00461, -5914.74, -2.02483e-05, -2.01905e-05, -2.02376e-05, 0.0401133, 1.01819, 0.0402312, -0.287746, 0.0402373
280.353, 0.974813, -5914.33, 0.991818, -5914.47, 1.00461, -5914.76, -2.00869e-05, -2.01397e-05, -2.02376e-05, 0.0401133, 1.01819, 0.0402314, -0.287746, 0.0402375
280.404, 0.974813, -5914.35, 0.991818, -5914.49, 1.00461, -5914.78, -2.0288e-05, -2.03423e-05, -2.02376e-05, 0.0401133, 1.01819, 0.0402309, -0.287746, 0.0402377
280.454, 0.974813, -5914.38, 0.991818, -5914.51, 1.00461, -5914.81, -2.01121e-05, -2.01436e-05, -2.02376e-05, 0.0401133, 1.01819, 0.0402311, -0.287745, 0.0402379
280.504, 0.974813, -5914.4, 0.991818, -5914.54, 1.00461, -5914.83, -2.01116e-05, -2.0158e-05, -2.02376e-05, 0.0401133, 1.01819, 0.040231, -0.287745, 0.040238
280.555, 0.974813, -5914.42, 0.991818, -5914.56, 1.00461, -5914.85, -2.02452e-05, -2.03237e-05, -2.02376e-05, 0.0401133, 1.01819, 0.0402312, -0.287746, 0.0402382
280.605, 0.974813, -5914.44, 0.991818, -5914.58, 1.00461, -5914.87, -2.02591e-05, -2.01398e-05, -2.02376e-05, 0.0401133, 1.01819, 0.0402315, -0.287746, 0.0402384
280.655, 0.974813, -5914.46, 0.991818, -5914.6, 1.00461, -5914.89, -2.01687e-05, -2.01693e-05, -2.02376e-05, 0.0401133, 1.01819, 0.0402314, -0.287746, 0.0402386
280.706, 0.974813, -5914.49, 0.991818, -5914.62, 1.00461, -5914.91, -2.03324e-05, -2.03441e-05, -2.02376e-05, 0.0401133, 1.01819, 0.0402312, -0.287746, 0.0402387
280.756, 0.974813, -5914.51, 0.991818, -5914.64, 1.00461, -5914.94, -2.0139e-05, -2.01629e-05, -2.02376e-05, 0.0401133, 1.01819, 0.0402311, -0.287746, 0.0402388
280.807, 0.974813, -5914.53, 0.991818, -5914.67, 1.00461, -5914.96, -2.01565e-05, -2.01733e-05, -2.02376e-05, 0.0401133, 1.01819, 0.040231, -0.287745, 0.0402389
280.857, 0.974813, -5914.55, 0.991818, -5914.69, 1.00461, -5914.98, -2.02813e-05, -2.01486e-05, -2.02376e-05, 0.0401133, 1.01819, 0.0402313, -0.287746, 0.040239
280.907, 0.974813, -5914.57, 0.991818, -5914.71, 1.00461, -5915, -2.02787e-05, -2.03107e-05, -2.02376e-05, 0.0401133, 1.01819, 0.0402312, -0.287745, 0.0402391
280.958, 0.974813, -5914.59, 0.991818, -5914.73, 1.00461, -5915.02, -2.02568e-05, -2.03063e-05, -2.02376e-05, 0.0401133, 1.01819, 0.0402311, -0.287746, 0.0402392
281.001, 0.974813, -5914.61, 0.991818, -5914.75, 1.00461, -5915.04, -2.02963e-05, -2.03102e-05, -2.02376e-05, 0.0401133, 1.01819, 0.040231, -0.287745, 0.0402393
281.001, 0.974813, -5914.61, 0.991818, -5914.75, 1.00461, -5915.04, -2.02963e-05, -2.03102e-05, -2.02376e-05, 0.0401214, 1.01819, 0.040231, -0.287745, 0.0402393
281.051, 0.974813, -5914.64, 0.991818, -5914.77, 1.00461, -5915.06, -2.01128e-05, -2.01619e-05, -2.02376e-05, 0.0401214, 1.01819, 0.0402313, -0.287745, 0.0402396
281.102, 0.974813, -5914.66, 0.991818, -5914.79, 1.00461, -5915.09, -2.02455e-05, -2.03515e-05, -2.02376e-05, 0.0401214, 1.01819, 0.0402312, -0.287746, 0.0402398
281.152, 0.974813, -5914.68, 0.991818, -5914.82, 1.00461, -5915.11, -2.02386e-05, -2.01143e-05, -2.02376e-05, 0.0401214, 1.01819, 0.0402316, -0.287746, 0.0402401
281.202, 0.974813, -5914.7, 0.991818, -5914.84, 1.00461, -5915.13, -2.02782e-05, -2.01767e-05, -2.02376e-05, 0.0401214, 1.01819, 0.0402311, -0.287745, 0.0402402
281.253, 0.974813, -5914.72, 0.991818, -5914.86, 1.00461, -5915.15, -2.02685e-05, -2.03534e-05, -2.02376e-05, 0.0401214, 1.01819, 0.0402315, -0.287746, 0.0402403
281.303, 0.974813, -5914.74, 0.991818, -5914.88, 1.00461, -5915.17, -2.02874e-05, -2.03573e-05, -2.02376e-05, 0.0401214, 1.01819, 0.040231, -0.287745, 0.0402404
281.353, 0.974813, -5914.77, 0.991818, -5914.9, 1.00461, -5915.2, -2.02867e-05, -2.01526e-05, -2.02376e-05, 0.0401214, 1.01819, 0.040231, -0.287745, 0.0402405
281.404, 0.974813, -5914.79, 0.991818, -5914.93, 1.00461, -5915.22, -2.02667e-05, -2.02712e-05, -2.02376e-05, 0.0401214, 1.01819, 0.0402309, -0.287746, 0.0402406
281.454, 0.974813, -5914.81, 0.991818, -5914.95, 1.00461, -5915.24, -2.00975e-05, -2.01541e-05, -2.02376e-05, 0.0401214, 1.01819, 0.0402309, -0.287745, 0.0402407
281.504, 0.974813, -5914.83, 0.991818, -5914.97, 1.00461, -5915.26, -2.02443e-05, -2.03041e-05, -2.02376e-05, 0.0401214, 1.01819, 0.0402309, -0.287745, 0.0402407
281.555, 0.974813, -5914.85, 0.991818, -5914.99, 1.00461, -5915.28, -2.02918e-05, -2.01697e-05, -2.02376e-05, 0.0401214, 1.01819, 0.0402313, -0.287746, 0.0402407
281.605, 0.974813, -5914.88, 0.991818, -5915.01, 1.00461, -5915.3, -2.02546e-05, -2.02969e-05, -2.02376e-05, 0.0401214, 1.01819, 0.0402313, -0.287745, 0.0402407
281.656, 0.974813, -5914.9, 0.991818, -5915.04, 1.00461, -5915.33, -2.0279e-05, -2.01427e-05, -2.02376e-05, 0.0401214, 1.01819, 0.0402309, -0.287746, 0.0402407
281.706, 0.974813, -5914.92, 0.991818, -5915.06, 1.00461, -5915.35, -2.01221e-05, -2.01675e-05, -2.02376e-05, 0.0401214, 1.01819, 0.0402313, -0.287746, 0.0402407
281.756, 0.974813, -5914.94, 0.991818, -5915.08, 1.00461, -5915.37, -2.02406e-05, -2.01518e-05, -2.02376e-05, 0.0401214, 1.01819, 0.0402309, -0.287745, 0.0402407
281.807, 0.974813, -5914.96, 0.991818, -5915.1, 1.00461, -5915.39, -2.02812e-05, -2.01451e-05, -2.02376e-05, 0.0401214, 1.01819, 0.0402309, -0.287745, 0.0402407
281.857, 0.974813, -5914.98, 0.991818, -5915.12, 1.00461, -5915.41, -2.02679e-05, -2.0342e-05, -2.02376e-05, 0.0401214, 1.01819, 0.040231, -0.287745, 0.0402407
281.907, 0.974813, -5915.01, 0.991818, -5915.14, 1.00461, -5915.44, -2.02939e-05, -2.03213e-05, -2.02376e-05, 0.0401214, 1.01819, 0.0402314, -0.287746, 0.0402407
281.958, 0.974813, -5915.03, 0.991818, -5915.17, 1.00461, -5915.46, -2.03124e-05, -2.03217e-05, -2.02376e-05, 0.0401214, 1.01819, 0.040231, -0.287745, 0.0402407
282.001, 0.974813, -5915.05, 0.991818, -5915.18, 1.00461, -5915.48, -2.02519e-05, -2.02803e-05, -2.02375e-05, 0.0401214, 1.01819, 0.0402307, -0.287745, 0.0402407
282.001, 0.974813, -5915.05, 0.991818, -5915.18, 1.00461, -5915.48, -2.02519e-05, -2.02803e-05, -2.02375e-05, 0.0401295, 1.01819, 0.0402311, -0.287745, 0.0402407
282.051, 0.974813, -5915.07, 0.991818, -5915.21, 1.00461, -5915.5, -2.02695e-05, -2.01427e-05, -2.02376e-05, 0.0401295, 1.01819, 0.0402312, -0.287745, 0.0402408
282.102, 0.974813, -5915.09, 0.991818, -5915.23, 1.00461, -5915.52, -2.02939e-05, -2.03487e-05, -2.02376e-05, 0.0401295, 1.01819, 0.0402308, -0.287746, 0.0402409
282.152, 0.974813, -5915.11, 0.991818, -5915.25, 1.00461, -5915.54, -2.02781e-05, -2.02982e-05, -2.02376e-05, 0.0401295, 1.01819, 0.0402313, -0.287746, 0.040241
282.202, 0.974813, -5915.13, 0.991818, -5915.27, 1.00461, -5915.56, -2.03106e-05, -2.01807e-05, -2.02376e-05, 0.0401295, 1.01819, 0.0402314, -0.287746, 0.0402411
282.253, 0.974813, -5915.16, 0.991818, -5915.29, 1.00461, -5915.59, -2.0258e-05, -2.0152e-05, -2.02376e-05, 0.0401295, 1.01819, 0.040231, -0.287745, 0.0402412
282.303, 0.974813, -5915.18, 0.991818, -5915.32, 1.00461, -5915.61, -2.0134e-05, -2.01692e-05, -2.02376e-05, 0.0401295, 1.01819, 0.0402311, -0.287746, 0.0402413
282.353, 0.974813, -5915.2, 0.991818, -5915.34, 1.00461, -5915.63, -2.01169e-05, -2.0181e-05, -2.02376e-05, 0.0401295, 1.01819, 0.0402312, -0.287746, 0.0402414
282.404, 0.974813, -5915.22, 0.991818, -5915.36, 1.00461, -5915.65, -2.02893e-05, -2.01995e-05, -2.02376e-05, 0.0401295, 1.01819, 0.0402313, -0.287746, 0.0402414
282.454, 0.974813, -5915.24, 0.991818, -5915.38, 1.00461, -5915.67, -2.01087e-05, -2.01419e-05, -2.02376e-05, 0.0401295, 1.01819, 0.040231, -0.287745, 0.0402414
282.504, 0.974813, -5915.27, 0.991818, -5915.4, 1.00461, -5915.69, -2.02882e-05, -2.01553e-05, -2.02376e-05, 0.0401295, 1.01819, 0.0402311, -0.287746, 0.0402414
282.555, 0.974813, -5915.29, 0.991818, -5915.42, 1.00461, -5915.72, -2.02459e-05, -2.01641e-05, -2.02376e-05, 0.0401295, 1.01819, 0.0402313, -0.287745, 0.0402414
282.605, 0.974813, -5915.31, 0.991818, -5915.45, 1.00461, -5915.74, -2.03145e-05, -2.01905e-05, -2.02376e-05, 0.0401295, 1.01819, 0.040231, -0.287745, 0.0402414
282.656, 0.974813, -5915.33, 0.991818, -5915.47, 1.00461, -5915.76, -2.03109e-05, -2.0377e-05, -2.02376e-05, 0.0401295, 1.01819, 0.0402311, -0.287746, 0.0402414
282.706, 0.974813, -5915.35, 0.991818, -5915.49, 1.00461, -5915.78, -2.0126e-05, -2.01649e-05, -2.02376e-05, 0.0401295, 1.01819, 0.0402309, -0.287746, 0.0402414
282.756, 0.974813, -5915.38, 0.991818, -5915.51, 1.00461, -5915.8, -2.01743e-05, -2.01953e-05, -2.02376e-05, 0.0401295, 1.01819, 0.040231, -0.287745, 0.0402414
282.807, 0.974813, -5915.4, 0.991818, -5915.53, 1.00461, -5915.83, -2.00972e-05, -2.01981e-05, -2.02376e-05, 0.0401295, 1.01819, 0.040231, -0.287745, 0.0402413
282.857, 0.974813, -5915.42, 0.991818, -5915.56, 1.00461, -5915.85, -2.01235e-05, -2.01506e-05, -2.02376e-05, 0.0401295, 1.01819, 0.0402307, -0.287745, 0.0402413
282.907, 0.974813, -5915.44, 0.991818, -5915.58, 1.00461, -5915.87, -2.02417e-05, -2.01177e-05, -2.02376e-05, 0.0401295, 1.01819, 0.0402313, -0.287746, 0.0402411
282.958, 0.974813, -5915.46, 0.991818, -5915.6, 1.00461, -5915.89, -2.00948e-05, -2.0215e-05, -2.02376e-05, 0.0401295, 1.01819, 0.0402315, -0.287746, 0.0402409
283.001, 0.974813, -5915.48, 0.991818, -5915.62, 1.00461, -5915.91, -2.02678e-05, -2.03191e-05, -2.02376e-05, 0.0401295, 1.01819, 0.0402312, -0.287746, 0.0402407
283.001, 0.974813, -5915.48, 0.991818, -5915.62, 1.00461, -5915.91, -2.02678e-05, -2.03191e-05, -2.02376e-05, 0.0401377, 1.01819, 0.0402308, -0.287745, 0.0402407
283.051, 0.974813, -5915.5, 0.991818, -5915.64, 1.00461, -5915.93, -2.0251e-05, -2.01617e-05, -2.02376e-05, 0.0401377, 1.01819, 0.0402312, -0.287746, 0.0402407
283.102, 0.974813, -5915.52, 0.991818, -5915.66, 1.00461, -5915.95, -2.01125e-05, -2.01669e-05, -2.02376e-05, 0.0401377, 1.01819, 0.0402312, -0.287746, 0.0402407
283.152, 0.974813, -5915.55, 0.991818, -5915.68, 1.00461, -5915.98, -2.02711e-05, -2.03341e-05, -2.02376e-05, 0.0401377, 1.01819, 0.0402312, -0.287746, 0.0402407
283.202, 0.974813, -5915.57, 0.991818, -5915.71, 1.00461, -5916, -2.01668e-05, -2.01771e-05, -2.02376e-05, 0.0401377, 1.01819, 0.040231, -0.287745, 0.0402407
283.253, 0.974813, -5915.59, 0.991818, -5915.73, 1.00461, -5916.02, -2.02986e-05, -2.03285e-05, -2.02376e-05, 0.0401377, 1.01819, 0.0402312, -0.287745, 0.0402407
283.303, 0.974813, -5915.61, 0.991818, -5915.75, 1.00461, -5916.04, -2.0347e-05, -2.01947e-05, -2.02376e-05, 0.0401377, 1.01819, 0.040231, -0.287746, 0.0402407
283.353, 0.974813, -5915.63, 0.991818, -5915.77, 1.00461, -5916.06, -2.00883e-05, -2.01213e-05, -2.02376e-05, 0.0401377, 1.01819, 0.0402313, -0.287746, 0.0402407
283.404, 0.974813, -5915.66, 0.991818, -5915.79, 1.00461, -5916.08, -2.02763e-05, -2.03214e-05, -2.02376e-05, 0.0401377, 1.01819, 0.0402307, -0.287745, 0.0402406
283.454, 0.974813, -5915.68, 0.991818, -5915.82, 1.00461, -5916.11, -2.01183e-05, -2.01925e-05, -2.02376e-05, 0.0401377, 1.01819, 0.0402312, -0.287746, 0.0402405
283.505, 0.974813, -5915.7, 0.991818, -5915.84, 1.00461, -5916.13, -2.03032e-05, -2.03738e-05, -2.02376e-05, 0.0401377, 1.01819, 0.0402312, -0.287746, 0.0402404
283.555, 0.974813, -5915.72, 0.991818, -5915.86, 1.00461, -5916.15, -2.00988e-05, -2.01761e-05, -2.02376e-05, 0.0401377, 1.01819, 0.0402311, -0.287745, 0.0402403
283.605, 0.974813, -5915.74, 0.991818, -5915.88, 1.00461, -5916.17, -2.02766e-05, -2.03143e-05, -2.02376e-05, 0.0401377, 1.01819, 0.0402313, -0.287746, 0.0402402
283.656, 0.974813, -5915.77, 0.991818, -5915.9, 1.00461, -5916.19, -2.02948e-05, -2.0311e-05, -2.02376e-05, 0.0401377, 1.01819, 0.040231, -0.287746, 0.0402401
283.706, 0.974813, -5915.79, 0.991818, -5915.92, 1.00461, -5916.22, -2.01215e-05, -2.02071e-05, -2.02376e-05, 0.0401377, 1.01819, 0.0402309, -0.287745, 0.0402401
283.756, 0.974813, -5915.81, 0.991818, -5915.95, 1.00461, -5916.24, -2.01149e-05, -2.01297e-05, -2.02376e-05, 0.0401377, 1.01819, 0.0402308, -0.287745, 0.04024
283.807, 0.974813, -5915.83, 0.991818, -5915.97, 1.00461, -5916.26, -2.02824e-05, -2.03422e-05, -2.02376e-05, 0.0401377, 1.01819, 0.0402311, -0.287746, 0.0402399
283.857, 0.974813, -5915.85, 0.991818, -5915.99, 1.00461, -5916.28, -2.017e-05, -2.02266e-05, -2.02376e-05, 0.0401377, 1.01819, 0.040231, -0.287745, 0.0402398
283.907, 0.974813, -5915.87, 0.991818, -5916.01, 1.00461, -5916.3, -2.01518e-05, -2.02056e-05, -2.02376e-05, 0.0401377, 1.01819, 0.0402313, -0.287746, 0.0402396
283.958, 0.974813, -5915.9, 0.991818, -5916.03, 1.00461, -5916.33, -2.0133e-05, -2.01807e-05, -2.02376e-05, 0.0401377, 1.01819, 0.0402312, -0.287746, 0.0402394
284, 0.974813, -5915.92, 0.991818, -5916.05, 1.00461, -5916.34, -2.0278e-05, -2.01767e-05, -2.02376e-05, 0.0401377, 1.01819, 0.040231, -0.287745, 0.0402393
284, 0.974813, -5915.92, 0.991818, -5916.05, 1.00461, -5916.34, -2.0278e-05, -2.01767e-05, -2.02376e-05, 0.0401458, 1.01819, 0.040231, -0.287745, 0.0402393
284.05, 0.974813, -5915.94, 0.991818, -5916.07, 1.00461, -5916.37, -2.01832e-05, -2.02254e-05, -2.02376e-05, 0.0401458, 1.01819, 0.0402313, -0.287746, 0.0402393
284.101, 0.974813, -5915.96, 0.991818, -5916.1, 1.00461, -5916.39, -2.02878e-05, -2.03372e-05, -2.02376e-05, 0.0401458, 1.01819, 0.0402312, -0.287746, 0.0402393
284.151, 0.974813, -5915.98, 0.991818, -5916.12, 1.00461, -5916.41, -2.01509e-05, -2.01994e-05, -2.02376e-05, 0.0401458, 1.01819, 0.040231, -0.287745, 0.0402393
284.201, 0.974813, -5916, 0.991818, -5916.14, 1.00461, -5916.43, -2.02973e-05, -2.02187e-05, -2.02376e-05, 0.0401458, 1.01819, 0.040231, -0.287745, 0.0402393
284.252, 0.974813, -5916.02, 0.991818, -5916.16, 1.00461, -5916.45, -2.03041e-05, -2.03063e-05, -2.02376e-05, 0.0401458, 1.01819, 0.0402309, -0.287745, 0.0402393
284.302, 0.974811, -5916.05, 0.991816, -5916.18, 1.00461, -5916.48, -2.02386e-05, -2.02485e-05, -2.02376e-05, 0.0401458, 1.01819, 0.0402312, -0.287744, 0.0402393
284.352, 0.974808, -5916.07, 0.991813, -5916.21, 1.00461, -5916.5, -2.02376e-05, -2.02376e-05, -2.02452e-05, 0.0401458, 1.01819, 0.0402313, -0.287743, 0.0402393
284.403, 0.974805, -5916.09, 0.99181, -5916.23, 1.0046, -5916.52, -2.02376e-05, -2.02376e-05, -2.02376e-05, 0.0401458, 1.01819, 0.0402312, -0.287741, 0.0402393
284.453, 0.974802, -5916.11, 0.991807, -5916.25, 1.0046, -5916.54, -2.02192e-05, -2.027e-05, -2.03396e-05, 0.0401458, 1.01819, 0.0402309, -0.287738, 0.0402392
284.504, 0.974799, -5916.13, 0.991803, -5916.27, 1.0046, -5916.56, -2.02376e-05, -2.02376e-05, -2.02376e-05, 0.0401458, 1.01819, 0.0402311, -0.287737, 0.0402391
284.554, 0.974795, -5916.16, 0.9918, -5916.29, 1.00459, -5916.58, -2.02376e-05, -2.02376e-05, -2.02376e-05, 0.0401458, 1.01819, 0.0402309, -0.287735, 0.040239
284.604, 0.974794, -5916.18, 0.991799, -5916.31, 1.00459, -5916.61, -2.02376e-05, -2.0291e-05, -2.02379e-05, 0.0401458, 1.01819, 0.0402309, -0.287734, 0.0402389
284.655, 0.974794, -5916.2, 0.991799, -5916.34, 1.00459, -5916.63, -2.02376e-05, -2.02521e-05, -2.02385e-05, 0.0401458, 1.01819, 0.0402311, -0.287734, 0.0402388
284.705, 0.974794, -5916.22, 0.991799, -5916.36, 1.00459, -5916.65, -2.02376e-05, -2.03006e-05, -2.02598e-05, 0.0401458, 1.01819, 0.0402307, -0.287734, 0.0402387
284.755, 0.974794, -5916.24, 0.991799, -5916.38, 1.00459, -5916.67, -2.02376e-05, -2.02518e-05, -2.02376e-05, 0.0401458, 1.01819, 0.0402312, -0.287734, 0.0402386
284.806, 0.974794, -5916.26, 0.991799, -5916.4, 1.00459, -5916.69, -2.02376e-05, -2.00893e-05, -2.02376e-05, 0.0401458, 1.01819, 0.0402312, -0.287735, 0.0402385
284.856, 0.974794, -5916.29, 0.991799, -5916.42, 1.00459, -5916.72, -2.02376e-05, -2.03015e-05, -2.02385e-05, 0.0401458, 1.01819, 0.040231, -0.287735, 0.0402384
284.906, 0.974794, -5916.31, 0.991799, -5916.45, 1.00459, -5916.74, -2.02376e-05, -2.01016e-05, -2.02554e-05, 0.0401458, 1.01819, 0.0402309, -0.287734, 0.0402383
284.957, 0.974794, -5916.33, 0.991799, -5916.47, 1.00459, -5916.76, -2.02282e-05, -2.02463e-05, -2.02398e-05, 0.0401458, 1.01819, 0.0402312, -0.287735, 0.0402382
285, 0.974794, -5916.35, 0.991799, -5916.49, 1.00459, -5916.78, -2.02376e-05, -2.02601e-05, -2.02501e-05, 0.0401458, 1.01819, 0.040231, -0.287734, 0.0402381
285, 0.974794, -5916.35, 0.991799, -5916.49, 1.00459, -5916.78, -2.02376e-05, -2.02601e-05, -2.02501e-05, 0.0401539, 1.01819, 0.040231, -0.287734, 0.0402381
285.05, 0.974794, -5916.37, 0.991799, -5916.51, 1.00459, -5916.8, -2.02376e-05, -2.02688e-05, -2.02376e-05, 0.0401539, 1.01819, 0.0402314, -0.287735, 0.0402382
285.101, 0.974794, -5916.39, 0.991799, -5916.53, 1.00459, -5916.82, -2.02376e-05, -2.02427e-05, -2.02379e-05, 0.0401539, 1.01819, 0.040231, -0.287734, 0.0402382
285.151, 0.974792, -5916.41, 0.991796, -5916.55, 1.00459, -5916.84, -2.02739e-05, -2.02376e-05, -2.02376e-05, 0.0401539, 1.01819, 0.0402312, -0.287733, 0.0402382
285.201, 0.974789, -5916.44, 0.991793, -5916.57, 1.00459, -5916.87, -2.02378e-05, -2.02376e-05, -2.01919e-05, 0.0401539, 1.01819, 0.0402313, -0.287732, 0.0402382
285.252, 0.974787, -5916.46, 0.991792, -5916.6, 1.00458, -5916.89, -2.02376e-05, -2.02299e-05, -2.02378e-05, 0.0401539, 1.01819, 0.040231, -0.28773, 0.0402382
285.302, 0.974787, -5916.48, 0.991792, -5916.62, 1.00458, -5916.91, -2.02376e-05, -2.01799e-05, -2.02376e-05, 0.0401539, 1.01819, 0.0402312, -0.28773, 0.0402382
285.353, 0.974787, -5916.5, 0.991792, -5916.64, 1.00458, -5916.93, -2.02376e-05, -2.01884e-05, -2.02376e-05, 0.0401539, 1.01819, 0.0402313, -0.28773, 0.0402382
285.403, 0.974787, -5916.52, 0.991792, -5916.66, 1.00458, -5916.95, -2.02376e-05, -2.02216e-05, -2.00795e-05, 0.0401539, 1.01819, 0.0402309, -0.287729, 0.0402382
285.453, 0.974787, -5916.55, 0.991792, -5916.68, 1.00458, -5916.97, -2.02376e-05, -2.02248e-05, -2.02376e-05, 0.0401539, 1.01819, 0.0402308, -0.287729, 0.0402382
285.504, 0.974787, -5916.57, 0.991792, -5916.71, 1.00458, -5917, -2.02376e-05, -2.02301e-05, -2.02376e-05, 0.0401539, 1.01819, 0.040231, -0.28773, 0.0402381
285.554, 0.974787, -5916.59, 0.991792, -5916.73, 1.00458, -5917.02, -2.02376e-05, -2.02251e-05, -2.02376e-05, 0.0401539, 1.01819, 0.0402309, -0.28773, 0.040238
285.604, 0.974787, -5916.61, 0.991792, -5916.75, 1.00458, -5917.04, -2.02376e-05, -2.01811e-05, -2.02376e-05, 0.0401539, 1.01819, 0.0402313, -0.28773, 0.0402379
285.655, 0.974787, -5916.63, 0.991792, -5916.77, 1.00458, -5917.06, -2.02376e-05, -2.01983e-05, -2.02398e-05, 0.0401539, 1.01819, 0.0402312, -0.28773, 0.0402378
285.705, 0.974787, -5916.65, 0.991792, -5916.79, 1.00458, -5917.08, -2.02376e-05, -2.01799e-05, -2.02389e-05, 0.0401539, 1.01819, 0.0402311, -0.28773, 0.0402377
285.755, 0.974787, -5916.68, 0.991792, -5916.81, 1.00458, -5917.11, -2.02376e-05, -2.02144e-05, -2.02377e-05, 0.0401539, 1.01819, 0.040231, -0.28773, 0.0402376
285.806, 0.974787, -5916.7, 0.991792, -5916.84, 1.00458, -5917.13, -2.02376e-05, -2.02228e-05, -2.02376e-05, 0.0401539, 1.01819, 0.0402314, -0.28773, 0.0402375
285.856, 0.974787, -5916.72, 0.991792, -5916.86, 1.00458, -5917.15, -2.02376e-05, -2.02145e-05, -2.02376e-05, 0.0401539, 1.01819, 0.040231, -0.28773, 0.0402374
285.906, 0.974787, -5916.74, 0.991792, -5916.88, 1.00458, -5917.17, -2.02376e-05, -2.03563e-05, -2.02378e-05, 0.0401539, 1.01819, 0.0402309, -0.28773, 0.0402373
285.957, 0.974787, -5916.76, 0.991791, -5916.9, 1.00458, -5917.19, -2.02376e-05, -2.01635e-05, -2.02376e-05, 0.0401539, 1.01819, 0.0402313, -0.28773, 0.0402373
286, 0.974786, -5916.78, 0.991791, -5916.92, 1.00458, -5917.21, -2.02376e-05, -2.03702e-05, -2.02376e-05, 0.0401539, 1.01819, 0.0402312, -0.28773, 0.0402372
286, 0.974786, -5916.78, 0.991791, -5916.92, 1.00458, -5917.21, -2.02376e-05, -2.03702e-05, -2.02376e-05, 0.040162, 1.01819, 0.0402312, -0.28773, 0.0402372
286.05, 0.974786, -5916.8, 0.991791, -5916.94, 1.00458, -5917.23, -2.02376e-05, -2.01463e-05, -2.02376e-05, 0.040162, 1.01819, 0.0402312, -0.287729, 0.0402373
286.101, 0.974786, -5916.83, 0.99179, -5916.96, 1.00458, -5917.26, -2.02376e-05, -2.02931e-05, -2.02376e-05, 0.040162, 1.01819, 0.040231, -0.287729, 0.0402374
286.151, 0.974785, -5916.85, 0.99179, -5916.99, 1.00458, -5917.28, -2.02376e-05, -2.02775e-05, -2.02376e-05, 0.040162, 1.01819, 0.0402313, -0.28773, 0.0402374
286.201, 0.974785, -5916.87, 0.99179, -5917.01, 1.00458, -5917.3, -2.02376e-05, -2.0238e-05, -2.02376e-05, 0.040162, 1.01819, 0.040231, -0.287728, 0.0402374
286.252, 0.974785, -5916.89, 0.99179, -5917.03, 1.00458, -5917.32, -2.02376e-05, -2.0238e-05, -2.02376e-05, 0.040162, 1.01819, 0.0402312, -0.287729, 0.0402374
286.302, 0.974785, -5916.91, 0.99179, -5917.05, 1.00458, -5917.34, -2.02376e-05, -2.02376e-05, -2.02376e-05, 0.040162, 1.01819, 0.0402311, -0.287729, 0.0402374
286.353, 0.974785, -5916.94, 0.991789, -5917.07, 1.00458, -5917.37, -2.02376e-05, -2.02378e-05, -2.02376e-05, 0.040162, 1.01819, 0.0402312, -0.287729, 0.0402374
286.403, 0.974784, -5916.96, 0.991789, -5917.1, 1.00458, -5917.39, -2.02376e-05, -2.02376e-05, -2.02376e-05, 0.040162, 1.01819, 0.0402311, -0.287729, 0.0402374
286.453, 0.974784, -5916.98, 0.991789, -5917.12, 1.00458, -5917.41, -2.02376e-05, -2.02389e-05, -2.02376e-05, 0.040162, 1.01819, 0.0402312, -0.287729, 0.0402374
286.504, 0.974784, -5917, 0.991789, -5917.14, 1.00458, -5917.43, -2.02376e-05, -2.02376e-05, -2.02376e-05, 0.040162, 1.01819, 0.0402313, -0.287729, 0.0402374
286.554, 0.974784, -5917.02, 0.991788, -5917.16, 1.00458, -5917.45, -2.02376e-05, -2.02376e-05, -2.02376e-05, 0.040162, 1.01819, 0.040231, -0.287728, 0.0402374
286.604, 0.974784, -5917.05, 0.991788, -5917.18, 1.00458, -5917.47, -2.02371e-05, -2.02376e-05, -2.02372e-05, 0.040162, 1.01819, 0.0402313, -0.287729, 0.0402374
286.655, 0.974784, -5917.07, 0.991788, -5917.2, 1.00458, -5917.5, -2.02376e-05, -2.02376e-05, -2.02376e-05, 0.040162, 1.01819, 0.0402311, -0.287728, 0.0402373
286.705, 0.974783, -5917.09, 0.991788, -5917.23, 1.00458, -5917.52, -2.02374e-05, -2.02376e-05, -2.02376e-05, 0.040162, 1.01819, 0.0402312, -0.287728, 0.0402372
286.755, 0.974783, -5917.11, 0.991788, -5917.25, 1.00458, -5917.54, -2.02376e-05, -2.02376e-05, -2.02376e-05, 0.040162, 1.01819, 0.0402311, -0.287728, 0.0402371
286.806, 0.974783, -5917.13, 0.991788, -5917.27, 1.00458, -5917.56, -2.02371e-05, -2.02376e-05, -2.02376e-05, 0.040162, 1.01819, 0.0402309, -0.287728, 0.040237
286.856, 0.974783, -5917.15, 0.991788, -5917.29, 1.00458, -5917.58, -2.02376e-05, -2.02376e-05, -2.02376e-05, 0.040162, 1.01819, 0.0402311, -0.287728, 0.0402369
286.906, 0.974783, -5917.18, 0.991788, -5917.31, 1.00458, -5917.61, -2.01871e-05, -2.02376e-05, -2.01941e-05, 0.040162, 1.01819, 0.0402311, -0.287727, 0.0402368
286.957, 0.974783, -5917.2, 0.991787, -5917.34, 1.00458, -5917.63, -2.022e-05, -2.02376e-05, -2.02209e-05, 0.040162, 1.01819, 0.0402313, -0.287727, 0.0402366
287, 0.974783, -5917.22, 0.991787, -5917.35, 1.00458, -5917.65, -2.01974e-05, -2.02376e-05, -2.01981e-05, 0.040162, 1.01819, 0.0402311, -0.287727, 0.0402365
287, 0.974783, -5917.22, 0.991787, -5917.35, 1.00458, -5917.65, -2.01974e-05, -2.02376e-05, -2.01981e-05, 0.04017, 1.01819, 0.0402311, -0.287727, 0.0402365
287.05, 0.974782, -5917.24, 0.991787, -5917.38, 1.00458, -5917.67, -2.03408e-05, -2.02376e-05, -2.0363e-05, 0.04017, 1.01819, 0.0402312, -0.287728, 0.0402366
287.101, 0.974782, -5917.26, 0.991787, -5917.4, 1.00458, -5917.69, -2.02219e-05, -2.02376e-05, -2.02187e-05, 0.04017, 1.01819, 0.0402313, -0.287727, 0.0402367
287.151, 0.974782, -5917.28, 0.991787, -5917.42, 1.00458, -5917.71, -2.01745e-05, -2.02376e-05, -2.0146e-05, 0.04017, 1.01819, 0.0402311, -0.287727, 0.0402368
287.202, 0.974782, -5917.3, 0.991787, -5917.44, 1.00458, -5917.73, -2.03752e-05, -2.02376e-05, -2.03729e-05, 0.04017, 1.01819, 0.0402307, -0.287727, 0.0402369
287.252, 0.974782, -5917.33, 0.991787, -5917.46, 1.00458, -5917.76, -2.01653e-05, -2.02376e-05, -2.03212e-05, 0.04017, 1.01819, 0.0402312, -0.287727, 0.0402369
287.302, 0.974782, -5917.35, 0.991786, -5917.49, 1.00458, -5917.78, -2.01969e-05, -2.02376e-05, -2.01914e-05, 0.04017, 1.01819, 0.040231, -0.287727, 0.0402369
287.353, 0.974781, -5917.37, 0.991786, -5917.51, 1.00458, -5917.8, -2.03209e-05, -2.02376e-05, -2.01232e-05, 0.04017, 1.01819, 0.040231, -0.287726, 0.0402369
287.403, 0.974781, -5917.39, 0.991786, -5917.53, 1.00458, -5917.82, -2.01991e-05, -2.02376e-05, -2.01626e-05, 0.04017, 1.01819, 0.0402311, -0.287726, 0.0402369
287.453, 0.974781, -5917.41, 0.991786, -5917.55, 1.00458, -5917.84, -2.01944e-05, -2.02376e-05, -2.03494e-05, 0.04017, 1.01819, 0.0402308, -0.287726, 0.0402369
287.504, 0.974781, -5917.44, 0.991786, -5917.57, 1.00458, -5917.86, -2.03377e-05, -2.02376e-05, -2.0335e-05, 0.04017, 1.01819, 0.0402309, -0.287726, 0.0402369
287.554, 0.974781, -5917.46, 0.991786, -5917.59, 1.00458, -5917.89, -2.03038e-05, -2.02376e-05, -2.02799e-05, 0.04017, 1.01819, 0.040231, -0.287726, 0.0402369
287.604, 0.974781, -5917.48, 0.991786, -5917.62, 1.00458, -5917.91, -2.01669e-05, -2.02376e-05, -2.02832e-05, 0.04017, 1.01819, 0.0402312, -0.287727, 0.0402369
287.655, 0.974781, -5917.5, 0.991786, -5917.64, 1.00458, -5917.93, -2.01163e-05, -2.02376e-05, -2.00988e-05, 0.04017, 1.01819, 0.0402313, -0.287727, 0.0402369
287.705, 0.974781, -5917.52, 0.991786, -5917.66, 1.00458, -5917.95, -2.01325e-05, -2.02376e-05, -2.02456e-05, 0.04017, 1.01819, 0.0402312, -0.287727, 0.0402369
287.755, 0.974781, -5917.54, 0.991786, -5917.68, 1.00458, -5917.97, -2.03163e-05, -2.02376e-05, -2.01552e-05, 0.04017, 1.01819, 0.0402312, -0.287726, 0.0402369
287.806, 0.974781, -5917.57, 0.991786, -5917.7, 1.00458, -5918, -2.01875e-05, -2.02376e-05, -2.02484e-05, 0.04017, 1.01819, 0.0402311, -0.287726, 0.0402368
287.856, 0.974781, -5917.59, 0.991786, -5917.73, 1.00458, -5918.02, -2.01531e-05, -2.02376e-05, -2.01191e-05, 0.04017, 1.01819, 0.040231, -0.287727, 0.0402367
287.906, 0.974781, -5917.61, 0.991786, -5917.75, 1.00458, -5918.04, -2.03189e-05, -2.02376e-05, -2.00806e-05, 0.04017, 1.01819, 0.0402312, -0.287727, 0.0402366
287.957, 0.974781, -5917.63, 0.991786, -5917.77, 1.00458, -5918.06, -2.03659e-05, -2.02376e-05, -2.03137e-05, 0.04017, 1.01819, 0.040231, -0.287726, 0.0402365
288, 0.974781, -5917.65, 0.991786, -5917.79, 1.00458, -5918.08, -2.0257e-05, -2.02376e-05, -2.02439e-05, 0.04017, 1.01819, 0.0402311, -0.287727, 0.0402364
288, 0.974781, -5917.65, 0.991786, -5917.79, 1.00458, -5918.08, -2.0257e-05, -2.02376e-05, -2.02439e-05, 0.0401781, 1.01819, 0.0402309, -0.287726, 0.0402364
288.05, 0.974781, -5917.67, 0.991786, -5917.81, 1.00458, -5918.1, -2.02925e-05, -2.02376e-05, -2.02442e-05, 0.0401781, 1.01819, 0.0402309, -0.287726, 0.0402365
288.101, 0.974781, -5917.69, 0.991785, -5917.83, 1.00458, -5918.12, -2.02898e-05, -2.02376e-05, -2.02501e-05, 0.0401781, 1.01819, 0.040231, -0.287726, 0.0402366
288.151, 0.974781, -5917.71, 0.991785, -5917.84, 1.00458, -5918.14, -6.42424e-08, -6.41777e-08, -6.42417e-08, 0.0401781, 1.01819, 0.040231, -0.287726, 0.0402367
288.202, 0.974781, -5917.71, 0.991785, -5917.84, 1.00458, -5918.14, -3.63819e-14, -3.63452e-14, -3.63815e-14, 0.0401781, 1.01819, 0.040231, -0.287726, 0.0402368
288.252, 0.974781, -5917.71, 0.991785, -5917.84, 1.00458, -5918.14, -2.06038e-20, -2.05831e-20, -2.06036e-20, 0.0401781, 1.01819, 0.040231, -0.287726, 0.0402369
288.302, 0.974781, -5917.71, 0.991785, -5917.84, 1.00458, -5918.14, -1.16684e-26, -1.16566e-26, -1.16683e-26, 0.0401781, 1.01819, 0.0402308, -0.287725, 0.040237
288.353, 0.97478, -5917.71, 0.991785, -5917.84, 1.00458, -5918.14, -6.60807e-33, -6.60141e-33, -6.60799e-33, 0.0401781, 1.01819, 0.0402308, -0.287725, 0.040237
288.403, 0.97478, -5917.71, 0.991785, -5917.84, 1.00458, -5918.14, 9.03679e-08, -3.73851e-39, -3.74192e-39, 0.0401781, 1.01819, 0.0402308, -0.287725, 0.040237
288.453, 0.97478, -5917.71, 0.991785, -5917.84, 1.00458, -5918.14, 9.03464e-08, -5.43704e-43, -4.51218e-43, 0.0401781, 1.01819, 0.0402308, -0.287725, 0.040237
288.504, 0.97478, -5917.71, 0.991785, -5917.84, 1.00458, -5918.14, 9.03464e-08, -5.43704e-43, -4.51218e-43, 0.0401781, 1.01819, 0.0402308, -0.287725, 0.040237
288.554, 0.97478, -5917.71, 0.991785, -5917.84, 1.00458, -5918.14, 9.03464e-08, -5.43704e-43, -4.51218e-43, 0.0401781, 1.01819, 0.0402308, -0.287725, 0.040237
288.604, 0.97478, -5917.71, 0.991785, -5917.84, 1.00458, -5918.14, 9.03464e-08, -5.43704e-43, -4.51218e-43, 0.0401781, 1.01819, 0.0402308, -0.287725, 0.040237
288.655, 0.97478, -5917.71, 0.991785, -5917.84, 1.00458, -5918.14, 9.03464e-08, -5.43704e-43, -4.51218e-43, 0.0401781, 1.01819, 0.0402308, -0.287725, 0.040237
288.705, 0.97478, -5917.71, 0.991785, -5917.84, 1.00458, -5918.14, 9.03464e-08, -5.43704e-43, -4.51218e-43, 0.0401781, 1.01819, 0.0402308, -0.287725, 0.040237
288.755, 0.97478, -5917.71, 0.991785, -5917.84, 1.00458, -5918.14, 9.03464e-08, -5.43704e-43, -4.51218e-43, 0.0401781, 1.01819, 0.0402308, -0.287725, 0.040237
288.806, 0.97478, -5917.71, 0.991785, -5917.84, 1.00458, -5918.14, 9.03464e-08, -5.43704e-43, -4.51218e-43, 0.0401781, 1.01819, 0.0402308, -0.287725, 0.040237
288.856, 0.97478, -5917.71, 0.991785, -5917.84, 1.00458, -5918.14, 9.03464e-08, -5.43704e-43, -4.51218e-43, 0.0401781, 1.01819, 0.0402308, -0.287725, 0.040237
288.906, 0.97478, -5917.71, 0.991785, -5917.84, 1.00458, -5918.14, 9.03464e-08, -5.43704e-43, -4.51218e-43, 0.0401781, 1.01819, 0.0402308, -0.287725, 0.040237
288.957, 0.97478, -5917.71, 0.991785, -5917.84, 1.00458, -5918.14, 9.03464e-08, -5.43704e-43, -4.51218e-43, 0.0401781, 1.01819, 0.0402308, -0.287725, 0.040237
289, 0.97478, -5917.71, 0.991785, -5917.84, 1.00458, -5918.14, -9.03464e-08, -5.43704e-43, -4.51218e-43, 0.0401781, 1.01819, 0.0402312, -0.287726, 0.0402369
289, 0.97478, -5917.71, 0.991785, -5917.84, 1.00458, -5918.14, -9.03464e-08, -5.43704e-43, -4.51218e-43, 0.0401782, 1.01819, 0.0402312, -0.287726, 0.0402369
289.051, 0.97478, -5917.71, 0.991785, -5917.84, 1.00458, -5918.14, -9.03464e-08, -5.43704e-43, -4.51218e-43, 0.0401782, 1.01819, 0.0402312, -0.287726, 0.0402368
289.101, 0.97478, -5917.71, 0.991785, -5917.84, 1.00458, -5918.14, -9.03464e-08, -5.43704e-43, -4.51218e-43, 0.0401782, 1.01819, 0.0402312, -0.287726, 0.0402367
289.151, 0.97478, -5917.71, 0.991785, -5917.84, 1.00458, -5918.14, -9.03464e-08, -5.43704e-43, -4.51218e-43, 0.0401782, 1.01819, 0.0402312, -0.287726, 0.0402366
289.202, 0.97478, -5917.71, 0.991785, -5917.84, 1.00458, -5918.14, -9.03464e-08, -5.43704e-43, -4.51218e-43, 0.0401782, 1.01819, 0.0402312, -0.287726, 0.0402365
289.252, 0.97478, -5917.71, 0.991785, -5917.84, 1.00458, -5918.14, -9.03464e-08, -5.43704e-43, -4.51218e-43, 0.0401782, 1.01819, 0.0402312, -0.287726, 0.0402364
289.302, 0.97478, -5917.71, 0.991785, -5917.84, 1.00458, -5918.14, -9.03464e-08, -5.43704e-43, -4.51218e-43, 0.0401782, 1.01819, 0.0402312, -0.287726, 0.0402362
289.353, 0.97478, -5917.71, 0.991785, -5917.84, 1.00458, -5918.14, -9.03464e-08, -5.43704e-43, -4.51218e-43, 0.0401782, 1.01819, 0.0402312, -0.287726, 0.040236
289.403, 0.97478, -5917.71, 0.991785, -5917.84, 1.00458, -5918.14, -9.03464e-08, -5.43704e-43, -4.51218e-43, 0.0401782, 1.01819, 0.0402312, -0.287726, 0.0402359
289.453, 0.97478, -5917.71, 0.991785, -5917.84, 1.00458, -5918.14, -9.03464e-08, -5.43704e-43, -4.51218e-43, 0.0401782, 1.01819, 0.0402312, -0.287726, 0.0402357
289.504, 0.97478, -5917.71, 0.991785, -5917.84, 1.00458, -5918.14, -9.03464e-08, -5.43704e-43, -4.51218e-43, 0.0401782, 1.01819, 0.0402312, -0.287726, 0.0402355
289.554, 0.97478, -5917.71, 0.991785, -5917.84, 1.00458, -5918.14, -9.03464e-08, -5.43704e-43, -4.51218e-43, 0.0401782, 1.01819, 0.0402312, -0.287726, 0.0402353
289.604, 0.97478, -5917.71, 0.991785, -5917.84, 1.00458, -5918.14, -9.03464e-08, -5.43704e-43, -4.51218e-43, 0.0401782, 1.01819, 0.0402312, -0.287726, 0.0402351
289.655, 0.97478, -5917.71, 0.991785, -5917.84, 1.00458, -5918.14, -9.03464e-08, -5.43704e-43, -4.51218e-43, 0.0401782, 1.01819, 0.0402312, -0.287726, 0.0402349
289.705, 0.97478, -5917.71, 0.991785, -5917.84, 1.00458, -5918.14, -9.03464e-08, -5.43704e-43, -4.51218e-43, 0.0401782, 1.01819, 0.0402312, -0.287726, 0.0402347
289.755, 0.97478, -5917.71, 0.991785, -5917.84, 1.00458, -5918.14, -9.03464e-08, -5.43704e-43, -4.51218e-43, 0.0401782, 1.01819, 0.0402312, -0.287726, 0.0402346
289.806, 0.97478, -5917.71, 0.991785, -5917.84, 1.00458, -5918.14, -9.03464e-08, -5.43704e-43, -4.51218e-43, 0.0401782, 1.01819, 0.0402312, -0.287726, 0.0402344
289.856, 0.97478, -5917.71, 0.991785, -5917.84, 1.00458, -5918.14, -9.03464e-08, -5.43704e-43, -4.51218e-43, 0.0401782, 1.01819, 0.0402312, -0.287726, 0.0402342
289.907, 0.97478, -5917.71, 0.991785, -5917.84, 1.00458, -5918.14, -9.03464e-08, -5.43704e-43, -4.51218e-43, 0.0401782, 1.01819, 0.0402312, -0.287726, 0.040234
289.957, 0.97478, -5917.71, 0.991785, -5917.84, 1.00458, -5918.14, -9.03464e-08, -5.43704e-43, -4.51218e-43, 0.0401782, 1.01819, 0.0402312, -0.287726, 0.0402338
290, 0.974779, -5917.71, 0.991784, -5917.84, 1.00458, -5918.14, -1.91378e-10, -5.43704e-43, -4.51218e-43, 0.0401782, 1.01819, 0.040231, -0.287725, 0.0402337
290, 0.974779, -5917.71, 0.991784, -5917.84, 1.00458, -5918.14, -1.91378e-10, -5.43704e-43, -4.51218e-43, 0.0401782, 1.01819, 0.040231, -0.287725, 0.0402337
290.051, 0.974779, -5917.71, 0.991784, -5917.84, 1.00458, -5918.14, -1.08382e-16, -5.43704e-43, -4.51218e-43, 0.0401782, 1.01819, 0.040231, -0.287725, 0.0402335
290.101, 0.974779, -5917.71, 0.991784, -5917.84, 1.00458, -5918.14, -6.13788e-23, -5.43704e-43, -4.51218e-43, 0.0401782, 1.01819, 0.040231, -0.287725, 0.0402333
290.151, 0.974779, -5917.71, 0.991784, -5917.84, 1.00458, -5918.14, -3.47602e-29, -5.43704e-43, -4.51218e-43, 0.0401782, 1.01819, 0.040231, -0.287725, 0.0402331
290.202, 0.974779, -5917.71, 0.991784, -5917.84, 1.00458, -5918.14, -1.96854e-35, -5.43704e-43, -4.51218e-43, 0.0401782, 1.01819, 0.040231, -0.287725, 0.0402329
290.252, 0.974779, -5917.71, 0.991784, -5917.84, 1.00458, -5918.14, -1.09133e-41, -5.43704e-43, -4.51218e-43, 0.0401782, 1.01819, 0.040231, -0.287725, 0.0402327
290.302, 0.974779, -5917.71, 0.991783, -5917.84, 1.00458, -5918.14, -4.03574e-43, -5.43704e-43, -4.51218e-43, 0.0401782, 1.01819, 0.040231, -0.287725, 0.0402325
290.353, 0.974779, -5917.71, 0.991783, -5917.84, 1.00458, -5918.14, -4.03574e-43, -5.43704e-43, -4.51218e-43, 0.0401782, 1.01819, 0.040231, -0.287725, 0.0402324
290.403, 0.974778, -5917.71, 0.991783, -5917.84, 1.00458, -5918.14, -4.03574e-43, -5.43704e-43, -4.51218e-43, 0.0401782, 1.01819, 0.040231, -0.287725, 0.0402322
290.453, 0.974778, -5917.71, 0.991783, -5917.84, 1.00458, -5918.14, -4.03574e-43, -5.43704e-43, -4.51218e-43, 0.0401782, 1.01819, 0.040231, -0.287725, 0.040232
290.504, 0.974778, -5917.71, 0.991782, -5917.84, 1.00457, -5918.14, -4.03574e-43, -1.1858e-07, -4.51218e-43, 0.0401782, 1.01819, 0.0402311, -0.287724, 0.0402318
290.554, 0.974777, -5917.71, 0.991782, -5917.84, 1.00457, -5918.14, -4.03574e-43, -6.8632e-09, -4.51218e-43, 0.0401782, 1.01819, 0.0402313, -0.287724, 0.0402316
290.604, 0.974777, -5917.71, 0.991782, -5917.84, 1.00457, -5918.14, -4.03574e-43, -3.88678e-15, -4.51218e-43, 0.0401782, 1.01819, 0.0402311, -0.287724, 0.0402314
290.655, 0.974777, -5917.71, 0.991782, -5917.84, 1.00457, -5918.14, -4.03574e-43, -2.20117e-21, -4.51218e-43, 0.0401782, 1.01819, 0.0402311, -0.287724, 0.0402312
290.705, 0.974777, -5917.71, 0.991782, -5917.84, 1.00457, -5918.14, -4.03574e-43, -1.24657e-27, -4.51218e-43, 0.0401782, 1.01819, 0.0402311, -0.287724, 0.040231
290.755, 0.974777, -5917.71, 0.991781, -5917.84, 1.00457, -5918.14, -4.03574e-43, -1.22011e-08, -4.51218e-43, 0.0401782, 1.01819, 0.040231, -0.287723, 0.0402309
290.806, 0.974777, -5917.71, 0.991781, -5917.84, 1.00457, -5918.14, -4.03574e-43, -6.90976e-15, -4.51218e-43, 0.0401782, 1.01819, 0.040231, -0.287723, 0.0402307
290.856, 0.974777, -5917.71, 0.991781, -5917.84, 1.00457, -5918.14, -4.03574e-43, -3.91315e-21, -4.51218e-43, 0.0401782, 1.01819, 0.040231, -0.287723, 0.0402305
290.907, 0.974777, -5917.71, 0.991781, -5917.84, 1.00457, -5918.14, -4.03574e-43, -2.2161e-27, -4.51218e-43, 0.0401782, 1.01819, 0.040231, -0.287723, 0.0402303
290.957, 0.974777, -5917.71, 0.991781, -5917.84, 1.00457, -5918.14, -4.03574e-43, -1.25502e-33, -4.51218e-43, 0.0401782, 1.01819, 0.040231, -0.287723, 0.0402301
291, 0.974777, -5917.71, 0.991781, -5917.84, 1.00457, -5918.14, -4.03574e-43, -5.32458e-39, -4.51218e-43, 0.0401782, 1.01819, 0.040231, -0.287723, 0.0402299
291, 0.974777, -5917.71, 0.991781, -5917.84, 1.00457, -5918.14, -4.03574e-43, -5.32458e-39, -4.51218e-43, 0.0401782, 1.01819, 0.040231, -0.287723, 0.0402299
291.051, 0.974776, -5917.71, 0.991781, -5917.84, 1.00457, -5918.14, -4.03574e-43, -3.50325e-43, -4.51218e-43, 0.0401782, 1.01819, 0.0402309, -0.287723, 0.0402297
291.101, 0.974776, -5917.71, 0.991781, -5917.84, 1.00457, -5918.14, -4.03574e-43, -3.50325e-43, -4.51218e-43, 0.0401782, 1.01819, 0.0402309, -0.287723, 0.0402295
291.151, 0.974776, -5917.71, 0.991781, -5917.84, 1.00457, -5918.14, -4.03574e-43, -3.50325e-43, -4.51218e-43, 0.0401782, 1.01819, 0.0402309, -0.287723, 0.0402293
291.202, 0.974776, -5917.71, 0.991781, -5917.84, 1.00457, -5918.14, -4.03574e-43, -3.50325e-43, -4.51218e-43, 0.0401782, 1.01819, 0.0402309, -0.287723, 0.0402291
291.252, 0.974776, -5917.71, 0.99178, -5917.84, 1.00457, -5918.14, -4.03574e-43, -3.50325e-43, -4.51218e-43, 0.0401782, 1.01819, 0.0402309, -0.287723, 0.0402289
291.302, 0.974776, -5917.71, 0.99178, -5917.84, 1.00457, -5918.14, -4.03574e-43, -3.50325e-43, -4.51218e-43, 0.0401782, 1.01819, 0.0402309, -0.287723, 0.0402287
291.353, 0.974775, -5917.71, 0.99178, -5917.84, 1.00457, -5918.14, -4.03574e-43, -3.50325e-43, -4.51218e-43, 0.0401782, 1.01819, 0.0402309, -0.287723, 0.0402285
291.403, 0.974775, -5917.71, 0.99178, -5917.84, 1.00457, -5918.14, -4.03574e-43, -3.50325e-43, -4.51218e-43, 0.0401782, 1.01819, 0.0402309, -0.287723, 0.0402283
291.453, 0.974775, -5917.71, 0.99178, -5917.84, 1.00457, -5918.14, -4.03574e-43, -3.50325e-43, -4.51218e-43, 0.0401782, 1.01819, 0.0402309, -0.287723, 0.0402281
291.504, 0.974775, -5917.71, 0.99178, -5917.84, 1.00457, -5918.14, -4.03574e-43, -3.50325e-43, -4.51218e-43, 0.0401782, 1.01819, 0.0402311, -0.287722, 0.0402279
291.554, 0.974775, -5917.71, 0.991779, -5917.84, 1.00457, -5918.14, -4.03574e-43, -3.50325e-43, 9.17151e-11, 0.0401782, 1.01819, 0.0402311, -0.287722, 0.0402277
291.604, 0.974775, -5917.71, 0.991779, -5917.84, 1.00457, -5918.14, -4.03574e-43, -3.50325e-43, 5.19403e-17, 0.0401782, 1.01819, 0.0402311, -0.287722, 0.0402275
291.655, 0.974775, -5917.71, 0.991779, -5917.84, 1.00457, -5918.14, -4.03574e-43, -3.50325e-43, 2.94149e-23, 0.0401782, 1.01819, 0.0402311, -0.287722, 0.0402273
291.705, 0.974774, -5917.71, 0.991779, -5917.84, 1.00457, -5918.14, -4.03574e-43, -3.50325e-43, -2.13004e-09, 0.0401782, 1.01819, 0.040231, -0.287722, 0.0402271
291.756, 0.974774, -5917.71, 0.991779, -5917.84, 1.00457, -5918.14, -4.03574e-43, -3.50325e-43, -1.20629e-15, 0.0401782, 1.01819, 0.040231, -0.287722, 0.0402269
291.806, 0.974774, -5917.71, 0.991779, -5917.84, 1.00457, -5918.14, -4.03574e-43, -3.50325e-43, -6.83147e-22, 0.0401782, 1.01819, 0.040231, -0.287722, 0.0402267
291.856, 0.974774, -5917.71, 0.991779, -5917.84, 1.00457, -5918.14, -4.03574e-43, -3.50325e-43, -3.86881e-28, 0.0401782, 1.01819, 0.040231, -0.287722, 0.0402265
291.907, 0.974774, -5917.71, 0.991778, -5917.84, 1.00457, -5918.14, -4.03574e-43, -3.50325e-43, -2.19099e-34, 0.0401782, 1.01819, 0.0402313, -0.287722, 0.0402264
291.957, 0.974774, -5917.71, 0.991778, -5917.84, 1.00457, -5918.14, -4.03574e-43, -3.50325e-43, -1.65076e-13, 0.0401782, 1.01819, 0.0402312, -0.287722, 0.0402262
292, 0.974773, -5917.71, 0.991778, -5917.84, 1.00457, -5918.14, -4.03574e-43, -3.50325e-43, -7.00355e-19, 0.0401782, 1.01819, 0.0402312, -0.287722, 0.040226
292, 0.974773, -5917.71, 0.991778, -5917.84, 1.00457, -5918.14, -4.03574e-43, -3.50325e-43, -7.00355e-19, 0.0401782, 1.01819, 0.0402312, -0.287722, 0.040226
292.051, 0.974773, -5917.71, 0.991778, -5917.84, 1.00457, -5918.14, -4.03574e-43, -3.50325e-43, -3.96626e-25, 0.0401782, 1.01819, 0.0402312, -0.287722, 0.0402258
292.101, 0.974773, -5917.71, 0.991778, -5917.84, 1.00457, -5918.14, -4.03574e-43, -3.50325e-43, -2.24618e-31, 0.0401782, 1.01819, 0.0402312, -0.287722, 0.0402256
292.151, 0.974773, -5917.71, 0.991778, -5917.84, 1.00457, -5918.14, -4.03574e-43, -3.50325e-43, -1.27206e-37, 0.0401782, 1.01819, 0.0402312, -0.287722, 0.0402254
292.202, 0.974773, -5917.71, 0.991778, -5917.84, 1.00457, -5918.14, -4.03574e-43, -3.50325e-43, -6.86636e-43, 0.0401782, 1.01819, 0.0402312, -0.287722, 0.0402253
292.252, 0.974773, -5917.71, 0.991778, -5917.84, 1.00457, -5918.14, -4.03574e-43, -3.50325e-43, -6.86636e-43, 0.0401782, 1.01819, 0.0402312, -0.287722, 0.0402251
292.302, 0.974773, -5917.71, 0.991778, -5917.84, 1.00457, -5918.14, -4.03574e-43, -3.50325e-43, -6.86636e-43, 0.0401782, 1.01819, 0.0402312, -0.287722, 0.0402249
292.353, 0.974773, -5917.71, 0.991777, -5917.84, 1.00457, -5918.14, -4.03574e-43, -3.50325e-43, -6.86636e-43, 0.0401782, 1.01819, 0.0402314, -0.287722, 0.0402247
292.403, 0.974773, -5917.71, 0.991777, -5917.84, 1.00457, -5918.14, -2.12001e-12, -3.50325e-43, -6.86636e-43, 0.0401782, 1.01819, 0.0402314, -0.287722, 0.0402245
292.453, 0.974773, -5917.71, 0.991777, -5917.84, 1.00457, -5918.14, -1.20061e-18, -3.50325e-43, -6.86636e-43, 0.0401782, 1.01819, 0.0402314, -0.287722, 0.0402243
292.504, 0.974773, -5917.71, 0.991777, -5917.84, 1.00457, -5918.14, -6.79931e-25, -3.50325e-43, -6.86636e-43, 0.0401782, 1.01819, 0.0402314, -0.287722, 0.0402241
292.554, 0.974772, -5917.71, 0.991777, -5917.84, 1.00457, -5918.14, -6.48255e-09, -3.50325e-43, -6.86636e-43, 0.0401782, 1.01819, 0.040231, -0.287721, 0.040224
292.604, 0.974772, -5917.71, 0.991777, -5917.84, 1.00457, -5918.14, -3.67121e-15, -3.50325e-43, -6.86636e-43, 0.0401782, 1.01819, 0.040231, -0.287721, 0.0402238
292.655, 0.974772, -5917.71, 0.991777, -5917.84, 1.00457, -5918.14, -2.07908e-21, -3.50325e-43, -6.86636e-43, 0.0401782, 1.01819, 0.040231, -0.287721, 0.0402236
292.705, 0.974772, -5917.71, 0.991777, -5917.84, 1.00457, -5918.14, -1.17743e-27, -3.50325e-43, -6.86636e-43, 0.0401782, 1.01819, 0.040231, -0.287721, 0.0402234
292.756, 0.974772, -5917.71, 0.991777, -5917.84, 1.00457, -5918.14, -6.66804e-34, -3.50325e-43, -6.86636e-43, 0.0401782, 1.01819, 0.040231, -0.287721, 0.0402232
292.806, 0.974772, -5917.71, 0.991777, -5917.84, 1.00457, -5918.14, -3.773e-40, -3.50325e-43, -6.86636e-43, 0.0401782, 1.01819, 0.040231, -0.287721, 0.040223
292.856, 0.974772, -5917.71, 0.991777, -5917.84, 1.00457, -5918.14, -3.50325e-43, -3.50325e-43, -6.86636e-43, 0.0401782, 1.01819, 0.040231, -0.287721, 0.0402228
292.907, 0.974772, -5917.71, 0.991777, -5917.84, 1.00457, -5918.14, -3.50325e-43, -3.50325e-43, -6.86636e-43, 0.0401782, 1.01819, 0.040231, -0.287721, 0.0402227
292.957, 0.974772, -5917.71, 0.991777, -5917.84, 1.00457, -5918.14, -3.50325e-43, -3.50325e-43, -6.86636e-43, 0.0401782, 1.01819, 0.040231, -0.287721, 0.0402225
293, 0.974772, -5917.71, 0.991777, -5917.84, 1.00457, -5918.14, -3.50325e-43, -3.50325e-43, -6.86636e-43, 0.0401782, 1.01819, 0.040231, -0.287721, 0.0402223
293, 0.974772, -5917.71, 0.991777, -5917.84, 1.00457, -5918.14, -3.50325e-43, -3.50325e-43, -6.86636e-43, 0.0401782, 1.01819, 0.040231, -0.287721, 0.0402223
293.051, 0.974772, -5917.71, 0.991776, -5917.84, 1.00457, -5918.14, 1.1858e-07, -3.50325e-43, -6.86636e-43, 0.0401782, 1.01819, 0.040231, -0.287721, 0.0402221
293.101, 0.974772, -5917.71, 0.991776, -5917.84, 1.00457, -5918.14, 6.71542e-14, -3.50325e-43, -6.86636e-43, 0.0401782, 1.01819, 0.040231, -0.287721, 0.0402219
293.151, 0.974772, -5917.71, 0.991776, -5917.84, 1.00457, -5918.14, 3.80309e-20, -3.50325e-43, -6.86636e-43, 0.0401782, 1.01819, 0.040231, -0.287721, 0.0402217
293.202, 0.974772, -5917.71, 0.991776, -5917.84, 1.00457, -5918.14, 2.15377e-26, -3.50325e-43, -6.86636e-43, 0.0401782, 1.01819, 0.040231, -0.287721, 0.0402216
293.252, 0.974772, -5917.71, 0.991776, -5917.84, 1.00457, -5918.14, 1.21973e-32, -3.50325e-43, -6.86636e-43, 0.0401782, 1.01819, 0.040231, -0.287721, 0.0402214
293.302, 0.974772, -5917.71, 0.991776, -5917.84, 1.00457, -5918.14, 6.90768e-39, -3.50325e-43, -6.86636e-43, 0.0401782, 1.01819, 0.040231, -0.287721, 0.0402212
293.353, 0.974772, -5917.71, 0.991776, -5917.84, 1.00457, -5918.14, 6.83834e-43, -3.50325e-43, -6.86636e-43, 0.0401782, 1.01819, 0.040231, -0.287721, 0.040221
293.403, 0.974772, -5917.71, 0.991776, -5917.84, 1.00457, -5918.14, 6.83834e-43, -3.50325e-43, -6.86636e-43, 0.0401782, 1.01819, 0.040231, -0.287721, 0.0402208
293.453, 0.974772, -5917.71, 0.991776, -5917.84, 1.00457, -5918.14, 6.83834e-43, -3.50325e-43, -6.86636e-43, 0.0401782, 1.01819, 0.040231, -0.287721, 0.0402206
293.504, 0.974772, -5917.71, 0.991776, -5917.84, 1.00457, -5918.14, 6.83834e-43, -3.50325e-43, -6.86636e-43, 0.0401782, 1.01819, 0.040231, -0.287721, 0.0402204
293.554, 0.974772, -5917.71, 0.991776, -5917.84, 1.00457, -5918.14, 6.83834e-43, -3.50325e-43, -6.86636e-43, 0.0401782, 1.01819, 0.040231, -0.287721, 0.0402202
293.605, 0.974772, -5917.71, 0.991776, -5917.84, 1.00457, -5918.14, 6.83834e-43, -3.50325e-43, -6.86636e-43, 0.0401782, 1.01819, 0.040231, -0.287721, 0.0402201
293.655, 0.974772, -5917.71, 0.991776, -5917.84, 1.00457, -5918.14, 6.83834e-43, -3.50325e-43, -6.86636e-43, 0.0401782, 1.01819, 0.040231, -0.287721, 0.0402199
293.705, 0.974771, -5917.71, 0.991776, -5917.84, 1.00457, -5918.14, 1.67318e-11, -3.50325e-43, -6.86636e-43, 0.0401782, 1.01819, 0.040231, -0.28772, 0.0402197
293.756, 0.974771, -5917.71, 0.991776, -5917.84, 1.00457, -5918.14, 9.47559e-18, -3.50325e-43, -6.86636e-43, 0.0401782, 1.01819, 0.040231, -0.28772, 0.0402195
293.806, 0.974771, -5917.71, 0.991776, -5917.84, 1.00457, -5918.14, 5.36623e-24, -3.50325e-43, -6.86636e-43, 0.0401782, 1.01819, 0.040231, -0.28772, 0.0402193
293.856, 0.974771, -5917.71, 0.991776, -5917.84, 1.00457, -5918.14, 3.03901e-30, -3.50325e-43, -6.86636e-43, 0.0401782, 1.01819, 0.040231, -0.28772, 0.0402191
293.907, 0.974771, -5917.71, 0.991776, -5917.84, 1.00457, -5918.14, 1.72106e-36, -3.50325e-43, -6.86636e-43, 0.0401782, 1.01819, 0.040231, -0.28772, 0.0402189
293.957, 0.974771, -5917.71, 0.991776, -5917.84, 1.00457, -5918.14, 1.05658e-42, -3.50325e-43, -6.86636e-43, 0.0401782, 1.01819, 0.040231, -0.28772, 0.0402188
294, 0.974771, -5917.71, 0.991776, -5917.84, 1.00457, -5918.14, 3.5593e-43, -3.50325e-43, -6.86636e-43, 0.0401782, 1.01819, 0.040231, -0.28772, 0.0402186
294, 0.974771, -5917.71, 0.991776, -5917.84, 1.00457, -5918.14, 3.5593e-43, -3.50325e-43, -6.86636e-43, 0.0401782, 1.01819, 0.040231, -0.28772, 0.0402186
294.051, 0.974771, -5917.71, 0.991776, -5917.84, 1.00457, -5918.14, 3.5593e-43, -3.50325e-43, -6.86636e-43, 0.0401782, 1.01819, 0.040231, -0.28772, 0.0402184
294.101, 0.974771, -5917.71, 0.991776, -5917.84, 1.00457, -5918.14, 3.5593e-43, -3.50325e-43, -6.86636e-43, 0.0401782, 1.01819, 0.040231, -0.28772, 0.0402182
294.151, 0.974771, -5917.71, 0.991776, -5917.84, 1.00457, -5918.14, 3.5593e-43, -3.50325e-43, -6.86636e-43, 0.0401782, 1.01819, 0.040231, -0.28772, 0.040218
294.202, 0.974771, -5917.71, 0.991776, -5917.84, 1.00457, -5918.14, 3.5593e-43, -3.50325e-43, -6.86636e-43, 0.0401782, 1.01819, 0.040231, -0.28772, 0.0402179
294.252, 0.974771, -5917.71, 0.991776, -5917.84, 1.00457, -5918.14, 3.5593e-43, -3.50325e-43, -6.86636e-43, 0.0401782, 1.01819, 0.040231, -0.28772, 0.0402177
294.302, 0.974771, -5917.71, 0.991776, -5917.84, 1.00457, -5918.14, 3.5593e-43, -3.50325e-43, -6.86636e-43, 0.0401782, 1.01819, 0.040231, -0.28772, 0.0402175
294.353, 0.974771, -5917.71, 0.991776, -5917.84, 1.00457, -5918.14, 3.5593e-43, -3.50325e-43, -6.86636e-43, 0.0401782, 1.01819, 0.040231, -0.28772, 0.0402173
294.403, 0.974771, -5917.71, 0.991776, -5917.84, 1.00457, -5918.14, 3.5593e-43, -3.50325e-43, -6.86636e-43, 0.0401782, 1.01819, 0.040231, -0.28772, 0.0402172
294.453, 0.974771, -5917.71, 0.991776, -5917.84, 1.00457, -5918.14, 3.5593e-43, -3.50325e-43, -6.86636e-43, 0.0401782, 1.01819, 0.040231, -0.28772, 0.0402171
294.504, 0.974771, -5917.71, 0.991776, -5917.84, 1.00457, -5918.14, 3.5593e-43, -3.50325e-43, -6.86636e-43, 0.0401782, 1.01819, 0.040231, -0.28772, 0.040217
294.554, 0.974771, -5917.71, 0.991776, -5917.84, 1.00457, -5918.14, 3.5593e-43, -3.50325e-43, -6.86636e-43, 0.0401782, 1.01819, 0.040231, -0.28772, 0.0402169
294.605, 0.974771, -5917.71, 0.991776, -5917.84, 1.00457, -5918.14, 3.5593e-43, -3.50325e-43, -6.86636e-43, 0.0401782, 1.01819, 0.040231, -0.28772, 0.0402169
294.655, 0.974771, -5917.71, 0.991776, -5917.84, 1.00457, -5918.14, 3.5593e-43, -3.50325e-43, -6.86636e-43, 0.0401782, 1.01819, 0.040231, -0.28772, 0.0402169
294.705, 0.974771, -5917.71, 0.991776, -5917.84, 1.00457, -5918.14, 3.5593e-43, -3.50325e-43, -6.86636e-43, 0.0401782, 1.01819, 0.040231, -0.28772, 0.0402168
294.756, 0.974771, -5917.71, 0.991776, -5917.84, 1.00457, -5918.14, 3.5593e-43, -3.50325e-43, -6.86636e-43, 0.0401782, 1.01819, 0.040231, -0.28772, 0.0402168
294.806, 0.974771, -5917.71, 0.991776, -5917.84, 1.00457, -5918.14, 3.5593e-43, -3.50325e-43, -6.86636e-43, 0.0401782, 1.01819, 0.040231, -0.28772, 0.0402168
294.856, 0.974771, -5917.71, 0.991776, -5917.84, 1.00457, -5918.14, 3.5593e-43, -3.50325e-43, -6.86636e-43, 0.0401782, 1.01819, 0.040231, -0.28772, 0.0402168
294.907, 0.974771, -5917.71, 0.991776, -5917.84, 1.00457, -5918.14, 3.5593e-43, -3.50325e-43, -6.86636e-43, 0.0401782, 1.01819, 0.040231, -0.28772, 0.0402168
294.957, 0.974771, -5917.71, 0.991776, -5917.84, 1.00457, -5918.14, 3.5593e-43, -3.50325e-43, -6.86636e-43, 0.0401782, 1.01819, 0.040231, -0.28772, 0.0402167
295, 0.974771, -5917.71, 0.991776, -5917.84, 1.00457, -5918.14, 3.5593e-43, -3.50325e-43, -6.86636e-43, 0.0401782, 1.01819, 0.040231, -0.28772, 0.0402167
295, 0.974771, -5917.71, 0.991776, -5917.84, 1.00457, -5918.14, 3.5593e-43, -3.50325e-43, -6.86636e-43, 0.0401782, 1.01819, 0.040231, -0.28772, 0.0402167
295.051, 0.974771, -5917.71, 0.991776, -5917.84, 1.00457, -5918.14, 3.5593e-43, -3.50325e-43, -6.86636e-43, 0.0401782, 1.01819, 0.040231, -0.28772, 0.0402167
295.101, 0.974771, -5917.71, 0.991776, -5917.84, 1.00457, -5918.14, 3.5593e-43, -3.50325e-43, -6.86636e-43, 0.0401782, 1.01819, 0.040231, -0.28772, 0.0402167
295.151, 0.974771, -5917.71, 0.991776, -5917.84, 1.00457, -5918.14, 3.5593e-43, -3.50325e-43, -6.86636e-43, 0.0401782, 1.01819, 0.040231, -0.28772, 0.0402167
295.202, 0.974771, -5917.71, 0.991776, -5917.84, 1.00457, -5918.14, 3.5593e-43, -3.50325e-43, -6.86636e-43, 0.0401782, 1.01819, 0.040231, -0.28772, 0.0402167
295.252, 0.974771, -5917.71, 0.991776, -5917.84, 1.00457, -5918.14, 3.5593e-43, -3.50325e-43, -6.86636e-43, 0.0401782, 1.01819, 0.040231, -0.28772, 0.0402167
295.302, 0.974771, -5917.71, 0.991776, -5917.84, 1.00457, -5918.14, 3.5593e-43, -3.50325e-43, -6.86636e-43, 0.0401782, 1.01819, 0.040231, -0.28772, 0.0402167
295.353, 0.974771, -5917.71, 0.991776, -5917.84, 1.00457, -5918.14, 3.5593e-43, -3.50325e-43, -6.86636e-43, 0.0401782, 1.01819, 0.040231, -0.28772, 0.0402167
295.403, 0.974771, -5917.71, 0.991776, -5917.84, 1.00457, -5918.14, 3.5593e-43, -3.50325e-43, -6.86636e-43, 0.0401782, 1.01819, 0.040231, -0.28772, 0.0402167
295.454, 0.974771, -5917.71, 0.991776, -5917.84, 1.00457, -5918.14, 3.5593e-43, -3.50325e-43, -6.86636e-43, 0.0401782, 1.01819, 0.040231, -0.28772, 0.0402167
295.504, 0.974771, -5917.71, 0.991776, -5917.84, 1.00457, -5918.14, 3.5593e-43, -3.50325e-43, -6.86636e-43, 0.0401782, 1.01819, 0.040231, -0.28772, 0.0402167
295.554, 0.974771, -5917.71, 0.991776, -5917.84, 1.00457, -5918.14, 3.5593e-43, -3.50325e-43, -6.86636e-43, 0.0401782, 1.01819, 0.040231, -0.28772, 0.0402167
295.605, 0.974771, -5917.71, 0.991776, -5917.84, 1.00457, -5918.14, 3.5593e-43, -3.50325e-43, -6.86636e-43, 0.0401782, 1.01819, 0.040231, -0.28772, 0.0402167
295.655, 0.974771, -5917.71, 0.991776, -5917.84, 1.00457, -5918.14, 3.5593e-43, -3.50325e-43, -6.86636e-43, 0.0401782, 1.01819, 0.040231, -0.28772, 0.0402167
295.705, 0.974771, -5917.71, 0.991776, -5917.84, 1.00457, -5918.14, 3.5593e-43, -3.50325e-43, -6.86636e-43, 0.0401782, 1.01819, 0.040231, -0.28772, 0.0402167
295.756, 0.974771, -5917.71, 0.991776, -5917.84, 1.00457, -5918.14, 3.5593e-43, -3.50325e-43, -6.86636e-43, 0.0401782, 1.01819, 0.040231, -0.28772, 0.0402167
295.806, 0.974771, -5917.71, 0.991776, -5917.84, 1.00457, -5918.14, 3.5593e-43, -3.50325e-43, -6.86636e-43, 0.0401782, 1.01819, 0.040231, -0.28772, 0.0402167
295.856, 0.974771, -5917.71, 0.991776, -5917.84, 1.00457, -5918.14, 3.5593e-43, -3.50325e-43, -6.86636e-43, 0.0401782, 1.01819, 0.040231, -0.28772, 0.0402167
295.907, 0.974771, -5917.71, 0.991776, -5917.84, 1.00457, -5918.14, 3.5593e-43, -3.50325e-43, -6.86636e-43, 0.0401782, 1.01819, 0.040231, -0.28772, 0.0402167
295.957, 0.974771, -5917.71, 0.991776, -5917.84, 1.00457, -5918.14, 3.5593e-43, -3.50325e-43, -6.86636e-43, 0.0401782, 1.01819, 0.040231, -0.28772, 0.0402167
296, 0.974771, -5917.71, 0.991776, -5917.84, 1.00457, -5918.14, 3.5593e-43, -3.50325e-43, -6.86636e-43, 0.0401782, 1.01819, 0.040231, -0.28772, 0.0402167
296, 0.974771, -5917.71, 0.991776, -5917.84, 1.00457, -5918.14, 3.5593e-43, -3.50325e-43, -6.86636e-43, 0.0401782, 1.01819, 0.040231, -0.28772, 0.0402167
296.051, 0.974771, -5917.71, 0.991776, -5917.84, 1.00457, -5918.14, 3.5593e-43, -3.50325e-43, -6.86636e-43, 0.0401782, 1.01819, 0.040231, -0.28772, 0.0402167
296.101, 0.974771, -5917.71, 0.991776, -5917.84, 1.00457, -5918.14, 3.5593e-43, -3.50325e-43, -6.86636e-43, 0.0401782, 1.01819, 0.040231, -0.28772, 0.0402167
296.151, 0.974771, -5917.71, 0.991776, -5917.84, 1.00457, -5918.14, 3.5593e-43, -3.50325e-43, -6.86636e-43, 0.0401782, 1.01819, 0.040231, -0.28772, 0.0402167
296.202, 0.974771, -5917.71, 0.991776, -5917.84, 1.00457, -5918.14, 3.5593e-43, -3.50325e-43, -6.86636e-43, 0.0401782, 1.01819, 0.040231, -0.28772, 0.0402167
296.252, 0.974771, -5917.71, 0.991776, -5917.84, 1.00457, -5918.14, 3.5593e-43, -3.50325e-43, -6.86636e-43, 0.0401782, 1.01819, 0.040231, -0.28772, 0.0402167
296.302, 0.974771, -5917.71, 0.991776, -5917.84, 1.00457, -5918.14, 3.5593e-43, -3.50325e-43, -6.86636e-43, 0.0401782, 1.01819, 0.040231, -0.28772, 0.0402167
296.353, 0.974771, -5917.71, 0.991776, -5917.84, 1.00457, -5918.14, 3.5593e-43, -3.50325e-43, -6.86636e-43, 0.0401782, 1.01819, 0.040231, -0.28772, 0.0402167
296.403, 0.974771, -5917.71, 0.991776, -5917.84, 1.00457, -5918.14, 3.5593e-43, -3.50325e-43, -6.86636e-43, 0.0401782, 1.01819, 0.040231, -0.28772, 0.0402167
296.454, 0.974771, -5917.71, 0.991776, -5917.84, 1.00457, -5918.14, 3.5593e-43, -3.50325e-43, -6.86636e-43, 0.0401782, 1.01819, 0.040231, -0.28772, 0.0402167
296.504, 0.974771, -5917.71, 0.991776, -5917.84, 1.00457, -5918.14, 3.5593e-43, -3.50325e-43, -6.86636e-43, 0.0401782, 1.01819, 0.040231, -0.28772, 0.0402167
296.554, 0.974771, -5917.71, 0.991776, -5917.84, 1.00457, -5918.14, 3.5593e-43, -3.50325e-43, -6.86636e-43, 0.0401782, 1.01819, 0.040231, -0.28772, 0.0402167
296.605, 0.974771, -5917.71, 0.991776, -5917.84, 1.00457, -5918.14, 3.5593e-43, -3.50325e-43, -6.86636e-43, 0.0401782, 1.01819, 0.040231, -0.28772, 0.0402167
296.655, 0.974771, -5917.71, 0.991776, -5917.84, 1.00457, -5918.14, 3.5593e-43, -3.50325e-43, -6.86636e-43, 0.0401782, 1.01819, 0.040231, -0.28772, 0.0402167
296.705, 0.974771, -5917.71, 0.991776, -5917.84, 1.00457, -5918.14, 3.5593e-43, -3.50325e-43, -6.86636e-43, 0.0401782, 1.01819, 0.040231, -0.28772, 0.0402167
296.756, 0.974771, -5917.71, 0.991776, -5917.84, 1.00457, -5918.14, 3.5593e-43, -3.50325e-43, -6.86636e-43, 0.0401782, 1.01819, 0.040231, -0.28772, 0.0402167
296.806, 0.974771, -5917.71, 0.991776, -5917.84, 1.00457, -5918.14, 3.5593e-43, -3.50325e-43, -6.86636e-43, 0.0401782, 1.01819, 0.040231, -0.28772, 0.0402167
296.856, 0.974771, -5917.71, 0.991776, -5917.84, 1.00457, -5918.14, 3.5593e-43, -3.50325e-43, -6.86636e-43, 0.0401782, 1.01819, 0.040231, -0.28772, 0.0402167
296.907, 0.974771, -5917.71, 0.991776, -5917.84, 1.00457, -5918.14, 3.5593e-43, -3.50325e-43, -6.86636e-43, 0.0401782, 1.01819, 0.040231, -0.28772, 0.0402167
296.957, 0.974771, -5917.71, 0.991776, -5917.84, 1.00457, -5918.14, 3.5593e-43, -3.50325e-43, -6.86636e-43, 0.0401782, 1.01819, 0.040231, -0.28772, 0.0402167
297, 0.974771, -5917.71, 0.991776, -5917.84, 1.00457, -5918.14, 3.5593e-43, -3.50325e-43, -6.86636e-43, 0.0401782, 1.01819, 0.040231, -0.28772, 0.0402167
297, 0.974771, -5917.71, 0.991776, -5917.84, 1.00457, -5918.14, 3.5593e-43, -3.50325e-43, -6.86636e-43, 0.0401782, 1.01819, 0.040231, -0.28772, 0.0402167
297.051, 0.974771, -5917.71, 0.991776, -5917.84, 1.00457, -5918.14, 3.5593e-43, -3.50325e-43, -6.86636e-43, 0.0401782, 1.01819, 0.040231, -0.28772, 0.0402167
297.101, 0.974771, -5917.71, 0.991776, -5917.84, 1.00457, -5918.14, 3.5593e-43, -3.50325e-43, -6.86636e-43, 0.0401782, 1.01819, 0.040231, -0.28772, 0.0402167
297.151, 0.974771, -5917.71, 0.991776, -5917.84, 1.00457, -5918.14, 3.5593e-43, -3.50325e-43, -6.86636e-43, 0.0401782, 1.01819, 0.040231, -0.28772, 0.0402167
297.202, 0.974771, -5917.71, 0.991776, -5917.84, 1.00457, -5918.14, 3.5593e-43, -3.50325e-43, -6.86636e-43, 0.0401782, 1.01819, 0.040231, -0.28772, 0.0402167
297.252, 0.974771, -5917.71, 0.991776, -5917.84, 1.00457, -5918.14, 3.5593e-43, -3.50325e-43, -6.86636e-43, 0.0401782, 1.01819, 0.040231, -0.28772, 0.0402167
297.303, 0.974771, -5917.71, 0.991776, -5917.84, 1.00457, -5918.14, 3.5593e-43, -3.50325e-43, -6.86636e-43, 0.0401782, 1.01819, 0.040231, -0.28772, 0.0402167
297.353, 0.974771, -5917.71, 0.991776, -5917.84, 1.00457, -5918.14, 3.5593e-43, -3.50325e-43, -6.86636e-43, 0.0401782, 1.01819, 0.040231, -0.28772, 0.0402167
297.403, 0.974771, -5917.71, 0.991776, -5917.84, 1.00457, -5918.14, 3.5593e-43, -3.50325e-43, -6.86636e-43, 0.0401782, 1.01819, 0.040231, -0.28772, 0.0402167
297.454, 0.974771, -5917.71, 0.991776, -5917.84, 1.00457, -5918.14, 3.5593e-43, -3.50325e-43, -6.86636e-43, 0.0401782, 1.01819, 0.040231, -0.28772, 0.0402167
297.504, 0.974771, -5917.71, 0.991776, -5917.84, 1.00457, -5918.14, 3.5593e-43, -3.50325e-43, -6.86636e-43, 0.0401782, 1.01819, 0.040231, -0.28772, 0.0402167
297.554, 0.974771, -5917.71, 0.991776, -5917.84, 1.00457, -5918.14, 3.5593e-43, -3.50325e-43, -6.86636e-43, 0.0401782, 1.01819, 0.040231, -0.28772, 0.0402167
297.605, 0.974771, -5917.71, 0.991776, -5917.84, 1.00457, -5918.14, 3.5593e-43, -3.50325e-43, -6.86636e-43, 0.0401782, 1.01819, 0.040231, -0.28772, 0.0402167
297.655, 0.974771, -5917.71, 0.991776, -5917.84, 1.00457, -5918.14, 3.5593e-43, -3.50325e-43, -6.86636e-43, 0.0401782, 1.01819, 0.040231, -0.28772, 0.0402167
297.705, 0.974771, -5917.71, 0.991776, -5917.84, 1.00457, -5918.14, 3.5593e-43, -3.50325e-43, -6.86636e-43, 0.0401782, 1.01819, 0.040231, -0.28772, 0.0402167
297.756, 0.974771, -5917.71, 0.991776, -5917.84, 1.00457, -5918.14, 3.5593e-43, -3.50325e-43, -6.86636e-43, 0.0401782, 1.01819, 0.040231, -0.28772, 0.0402167
297.806, 0.974771, -5917.71, 0.991776, -5917.84, 1.00457, -5918.14, 3.5593e-43, -3.50325e-43, -6.86636e-43, 0.0401782, 1.01819, 0.040231, -0.28772, 0.0402167
297.856, 0.974771, -5917.71, 0.991776, -5917.84, 1.00457, -5918.14, 3.5593e-43, -3.50325e-43, -6.86636e-43, 0.0401782, 1.01819, 0.040231, -0.28772, 0.0402167
297.907, 0.974771, -5917.71, 0.991776, -5917.84, 1.00457, -5918.14, 3.5593e-43, -3.50325e-43, -6.86636e-43, 0.0401782, 1.01819, 0.040231, -0.28772, 0.0402167
297.957, 0.974771, -5917.71, 0.991776, -5917.84, 1.00457, -5918.14, 3.5593e-43, -3.50325e-43, -6.86636e-43, 0.0401782, 1.01819, 0.040231, -0.28772, 0.0402167
298, 0.974771, -5917.71, 0.991776, -5917.84, 1.00457, -5918.14, 3.5593e-43, -3.50325e-43, -6.86636e-43, 0.0401782, 1.01819, 0.040231, -0.28772, 0.0402167
298, 0.974771, -5917.71, 0.991776, -5917.84, 1.00457, -5918.14, 3.5593e-43, -3.50325e-43, -6.86636e-43, 0.0401782, 1.01819, 0.040231, -0.28772, 0.0402167
298.051, 0.974771, -5917.71, 0.991776, -5917.84, 1.00457, -5918.14, 3.5593e-43, -3.50325e-43, -6.86636e-43, 0.0401782, 1.01819, 0.040231, -0.28772, 0.0402167
298.101, 0.974771, -5917.71, 0.991776, -5917.84, 1.00457, -5918.14, 3.5593e-43, -3.50325e-43, -6.86636e-43, 0.0401782, 1.01819, 0.040231, -0.28772, 0.0402167
298.151, 0.974771, -5917.71, 0.991776, -5917.84, 1.00457, -5918.14, 3.5593e-43, -3.50325e-43, -6.86636e-43, 0.0401782, 1.01819, 0.040231, -0.28772, 0.0402167
298.202, 0.974771, -5917.71, 0.991776, -5917.84, 1.00457, -5918.14, 3.5593e-43, -3.50325e-43, -6.86636e-43, 0.0401782, 1.01819, 0.040231, -0.28772, 0.0402167
298.252, 0.974771, -5917.71, 0.991776, -5917.84, 1.00457, -5918.14, 3.5593e-43, -3.50325e-43, -6.86636e-43, 0.0401782, 1.01819, 0.040231, -0.28772, 0.0402167
298.303, 0.974771, -5917.71, 0.991776, -5917.84, 1.00457, -5918.14, 3.5593e-43, -3.50325e-43, -6.86636e-43, 0.0401782, 1.01819, 0.040231, -0.28772, 0.0402167
298.353, 0.974771, -5917.71, 0.991776, -5917.84, 1.00457, -5918.14, 3.5593e-43, -3.50325e-43, -6.86636e-43, 0.0401782, 1.01819, 0.040231, -0.28772, 0.0402167
298.403, 0.974771, -5917.71, 0.991776, -5917.84, 1.00457, -5918.14, 3.5593e-43, -3.50325e-43, -6.86636e-43, 0.0401782, 1.01819, 0.040231, -0.28772, 0.0402167
298.454, 0.974771, -5917.71, 0.991776, -5917.84, 1.00457, -5918.14, 3.5593e-43, -3.50325e-43, -6.86636e-43, 0.0401782, 1.01819, 0.040231, -0.28772, 0.0402167
298.504, 0.974771, -5917.71, 0.991776, -5917.84, 1.00457, -5918.14, 3.5593e-43, -3.50325e-43, -6.86636e-43, 0.0401782, 1.01819, 0.040231, -0.28772, 0.0402167
298.554, 0.974771, -5917.71, 0.991776, -5917.84, 1.00457, -5918.14, 3.5593e-43, -3.50325e-43, -6.86636e-43, 0.0401782, 1.01819, 0.040231, -0.28772, 0.0402167
298.605, 0.974771, -5917.71, 0.991776, -5917.84, 1.00457, -5918.14, 3.5593e-43, -3.50325e-43, -6.86636e-43, 0.0401782, 1.01819, 0.040231, -0.28772, 0.0402167
298.655, 0.974771, -5917.71, 0.991776, -5917.84, 1.00457, -5918.14, 3.5593e-43, -3.50325e-43, -6.86636e-43, 0.0401782, 1.01819, 0.040231, -0.28772, 0.0402167
298.705, 0.974771, -5917.71, 0.991776, -5917.84, 1.00457, -5918.14, 3.5593e-43, -3.50325e-43, -6.86636e-43, 0.0401782, 1.01819, 0.040231, -0.28772, 0.0402167
298.756, 0.974771, -5917.71, 0.991776, -5917.84, 1.00457, -5918.14, 3.5593e-43, -3.50325e-43, -6.86636e-43, 0.0401782, 1.01819, 0.040231, -0.28772, 0.0402167
298.806, 0.974771, -5917.71, 0.991776, -5917.84, 1.00457, -5918.14, 3.5593e-43, -3.50325e-43, -6.86636e-43, 0.0401782, 1.01819, 0.040231, -0.28772, 0.0402167
298.856, 0.974771, -5917.71, 0.991776, -5917.84, 1.00457, -5918.14, 3.5593e-43, -3.50325e-43, -6.86636e-43, 0.0401782, 1.01819, 0.040231, -0.28772, 0.0402167
298.907, 0.974771, -5917.71, 0.991776, -5917.84, 1.00457, -5918.14, 3.5593e-43, -3.50325e-43, -6.86636e-43, 0.0401782, 1.01819, 0.040231, -0.28772, 0.0402167
298.957, 0.974771, -5917.71, 0.991776, -5917.84, 1.00457, -5918.14, 3.5593e-43, -3.50325e-43, -6.86636e-43, 0.0401782, 1.01819, 0.040231, -0.28772, 0.0402167
299, 0.974771, -5917.71, 0.991776, -5917.84, 1.00457, -5918.14, 3.5593e-43, -3.50325e-43, -6.86636e-43, 0.0401782, 1.01819, 0.040231, -0.28772, 0.0402167
299, 0.974771, -5917.71, 0.991776, -5917.84, 1.00457, -5918.14, 3.5593e-43, -3.50325e-43, -6.86636e-43, 0.0401782, 1.01819, 0.040231, -0.28772, 0.0402167
299.051, 0.974771, -5917.71, 0.991776, -5917.84, 1.00457, -5918.14, 3.5593e-43, -3.50325e-43, -6.86636e-43, 0.0401782, 1.01819, 0.040231, -0.28772, 0.0402167
299.101, 0.974771, -5917.71, 0.991776, -5917.84, 1.00457, -5918.14, 3.5593e-43, -3.50325e-43, -6.86636e-43, 0.0401782, 1.01819, 0.040231, -0.28772, 0.0402167
299.152, 0.974771, -5917.71, 0.991776, -5917.84, 1.00457, -5918.14, 3.5593e-43, -3.50325e-43, -6.86636e-43, 0.0401782, 1.01819, 0.040231, -0.28772, 0.0402167
299.202, 0.974771, -5917.71, 0.991776, -5917.84, 1.00457, -5918.14, 3.5593e-43, -3.50325e-43, -6.86636e-43, 0.0401782, 1.01819, 0.040231, -0.28772, 0.0402167
299.252, 0.974771, -5917.71, 0.991776, -5917.84, 1.00457, -5918.14, 3.5593e-43, -3.50325e-43, -6.86636e-43, 0.0401782, 1.01819, 0.040231, -0.28772, 0.0402167
299.303, 0.974771, -5917.71, 0.991776, -5917.84, 1.00457, -5918.14, 3.5593e-43, -3.50325e-43, -6.86636e-43, 0.0401782, 1.01819, 0.040231, -0.28772, 0.0402167
299.353, 0.974771, -5917.71, 0.991776, -5917.84, 1.00457, -5918.14, 3.5593e-43, -3.50325e-43, -6.86636e-43, 0.0401782, 1.01819, 0.040231, -0.28772, 0.0402167
299.403, 0.974771, -5917.71, 0.991776, -5917.84, 1.00457, -5918.14, 3.5593e-43, -3.50325e-43, -6.86636e-43, 0.0401782, 1.01819, 0.040231, -0.28772, 0.0402167
299.454, 0.974771, -5917.71, 0.991776, -5917.84, 1.00457, -5918.14, 3.5593e-43, -3.50325e-43, -6.86636e-43, 0.0401782, 1.01819, 0.040231, -0.28772, 0.0402167
299.504, 0.974771, -5917.71, 0.991776, -5917.84, 1.00457, -5918.14, 3.5593e-43, -3.50325e-43, -6.86636e-43, 0.0401782, 1.01819, 0.040231, -0.28772, 0.0402167
299.554, 0.974771, -5917.71, 0.991776, -5917.84, 1.00457, -5918.14, 3.5593e-43, -3.50325e-43, -6.86636e-43, 0.0401782, 1.01819, 0.040231, -0.28772, 0.0402167
299.605, 0.974771, -5917.71, 0.991776, -5917.84, 1.00457, -5918.14, 3.5593e-43, -3.50325e-43, -6.86636e-43, 0.0401782, 1.01819, 0.040231, -0.28772, 0.0402167
299.655, 0.974771, -5917.71, 0.991776, -5917.84, 1.00457, -5918.14, 3.5593e-43, -3.50325e-43, -6.86636e-43, 0.0401782, 1.01819, 0.040231, -0.28772, 0.0402167
299.705, 0.974771, -5917.71, 0.991776, -5917.84, 1.00457, -5918.14, 3.5593e-43, -3.50325e-43, -6.86636e-43, 0.0401782, 1.01819, 0.040231, -0.28772, 0.0402167
299.756, 0.974771, -5917.71, 0.991776, -5917.84, 1.00457, -5918.14, 3.5593e-43, -3.50325e-43, -6.86636e-43, 0.0401782, 1.01819, 0.040231, -0.28772, 0.0402167
299.806, 0.974771, -5917.71, 0.991776, -5917.84, 1.00457, -5918.14, 3.5593e-43, -3.50325e-43, -6.86636e-43, 0.0401782, 1.01819, 0.040231, -0.28772, 0.0402167
299.856, 0.974771, -5917.71, 0.991776, -5917.84, 1.00457, -5918.14, 3.5593e-43, -3.50325e-43, -6.86636e-43, 0.0401782, 1.01819, 0.040231, -0.28772, 0.0402167
299.907, 0.974771, -5917.71, 0.991776, -5917.84, 1.00457, -5918.14, 3.5593e-43, -3.50325e-43, -6.86636e-43, 0.0401782, 1.01819, 0.040231, -0.28772, 0.0402167
299.957, 0.974771, -5917.71, 0.991776, -5917.84, 1.00457, -5918.14, 3.5593e-43, -3.50325e-43, -6.86636e-43, 0.0401782, 1.01819, 0.040231, -0.28772, 0.0402167
300, 0.974771, -5917.71, 0.991776, -5917.84, 1.00457, -5918.14, 3.5593e-43, -3.50325e-43, -6.86636e-43, 0.0401782, 1.01819, 0.040231, -0.28772, 0.0402167
300, 0.974771, -5917.71, 0.991776, -5917.84, 1.00457, -5918.14, 3.5593e-43, -3.50325e-43, -6.86636e-43, 0.0401782, 1.01819, 0.040231, -0.28772, 0.0402167
300.051, 0.974771, -5917.71, 0.991776, -5917.84, 1.00457, -5918.14, 3.5593e-43, -3.50325e-43, -6.86636e-43, 0.0401782, 1.01819, 0.040231, -0.28772, 0.0402167
300.101, 0.974771, -5917.71, 0.991776, -5917.84, 1.00457, -5918.14, 3.5593e-43, -3.50325e-43, -6.86636e-43, 0.0401782, 1.01819, 0.040231, -0.28772, 0.0402167
300.152, 0.974771, -5917.71, 0.991776, -5917.84, 1.00457, -5918.14, 3.5593e-43, -3.50325e-43, -6.86636e-43, 0.0401782, 1.01819, 0.040231, -0.28772, 0.0402167
300.202, 0.974771, -5917.71, 0.991776, -5917.84, 1.00457, -5918.14, 3.5593e-43, -3.50325e-43, -6.86636e-43, 0.0401782, 1.01819, 0.040231, -0.28772, 0.0402167
300.252, 0.974771, -5917.71, 0.991776, -5917.84, 1.00457, -5918.14, 3.5593e-43, -3.50325e-43, -6.86636e-43, 0.0401782, 1.01819, 0.040231, -0.28772, 0.0402167
300.303, 0.974771, -5917.71, 0.991776, -5917.84, 1.00457, -5918.14, 3.5593e-43, -3.50325e-43, -6.86636e-43, 0.0401782, 1.01819, 0.040231, -0.28772, 0.0402167
300.353, 0.974771, -5917.71, 0.991776, -5917.84, 1.00457, -5918.14, 3.5593e-43, -3.50325e-43, -6.86636e-43, 0.0401782, 1.01819, 0.040231, -0.28772, 0.0402167
300.403, 0.974771, -5917.71, 0.991776, -5917.84, 1.00457, -5918.14, 3.5593e-43, -3.50325e-43, -6.86636e-43, 0.0401782, 1.01819, 0.040231, -0.28772, 0.0402167
300.454, 0.974771, -5917.71, 0.991776, -5917.84, 1.00457, -5918.14, 3.5593e-43, -3.50325e-43, -6.86636e-43, 0.0401782, 1.01819, 0.040231, -0.28772, 0.0402167
300.504, 0.974771, -5917.71, 0.991776, -5917.84, 1.00457, -5918.14, 3.5593e-43, -3.50325e-43, -6.86636e-43, 0.0401782, 1.01819, 0.040231, -0.28772, 0.0402167
300.554, 0.974771, -5917.71, 0.991776, -5917.84, 1.00457, -5918.14, 3.5593e-43, -3.50325e-43, -6.86636e-43, 0.0401782, 1.01819, 0.040231, -0.28772, 0.0402167
300.605, 0.974771, -5917.71, 0.991776, -5917.84, 1.00457, -5918.14, 3.5593e-43, -3.50325e-43, -6.86636e-43, 0.0401782, 1.01819, 0.040231, -0.28772, 0.0402167
300.655, 0.974771, -5917.71, 0.991776, -5917.84, 1.00457, -5918.14, 3.5593e-43, -3.50325e-43, -6.86636e-43, 0.0401782, 1.01819, 0.040231, -0.28772, 0.0402167
300.705, 0.974771, -5917.71, 0.991776, -5917.84, 1.00457, -5918.14, 3.5593e-43, -3.50325e-43, -6.86636e-43, 0.0401782, 1.01819, 0.040231, -0.28772, 0.0402167
300.756, 0.974771, -5917.71, 0.991776, -5917.84, 1.00457, -5918.14, 3.5593e-43, -3.50325e-43, -6.86636e-43, 0.0401782, 1.01819, 0.040231, -0.28772, 0.0402167
300.806, 0.974771, -5917.71, 0.991776, -5917.84, 1.00457, -5918.14, 3.5593e-43, -3.50325e-43, -6.86636e-43, 0.0401782, 1.01819, 0.040231, -0.28772, 0.0402167
300.857, 0.974771, -5917.71, 0.991776, -5917.84, 1.00457, -5918.14, 3.5593e-43, -3.50325e-43, -6.86636e-43, 0.0401782, 1.01819, 0.040231, -0.28772, 0.0402167
300.907, 0.974771, -5917.71, 0.991776, -5917.84, 1.00457, -5918.14, 3.5593e-43, -3.50325e-43, -6.86636e-43, 0.0401782, 1.01819, 0.040231, -0.28772, 0.0402167
300.957, 0.974771, -5917.71, 0.991776, -5917.84, 1.00457, -5918.14, 3.5593e-43, -3.50325e-43, -6.86636e-43, 0.0401782, 1.01819, 0.040231, -0.28772, 0.0402167
301.001, 0.974771, -5917.71, 0.991776, -5917.84, 1.00457, -5918.14, 3.5593e-43, -3.50325e-43, -6.86636e-43, 0.0401782, 1.01819, 0.040231, -0.28772, 0.0402167
